{"type":"FeatureCollection","features":[{"type":"Feature","geometry":{"type":"Polygon","coordinates":[[[-81.2147536586897,41.3872807591745],[-81.2150255979702,41.3872813636459],[-81.2149713477651,41.3875972875805],[-81.2149118052349,41.3879393909118],[-81.2143961631703,41.3879372705038],[-81.2145051902368,41.3872802056933],[-81.2147536586897,41.3872807591745]]]},"properties":{"source_county":"Geauga","jurisdiction":"Auburn Township","parcel_id":"01-000520","owner_name":"WEIN JASON","property_address":" WASHINGTON ST","property_city":"AUBURN TOWNSHIP","property_zip":"44023"}},{"type":"Feature","geometry":{"type":"Polygon","coordinates":[[[-81.2191948206989,41.3791473875337],[-81.2229902670641,41.3791589829376],[-81.2229803654332,41.3795755483414],[-81.2176561788852,41.3795592459158],[-81.2177284790699,41.3791428736515],[-81.2191948206989,41.3791473875337]]]},"properties":{"source_county":"Geauga","jurisdiction":"Auburn Township","parcel_id":"01-002100","owner_name":"FEAR DAVID C","property_address":"18026 RAVENNA RD","property_city":"AUBURN TOWNSHIP","property_zip":"44023"}},{"type":"Feature","geometry":{"type":"Polygon","coordinates":[[[-81.222562347437,41.3860965869191],[-81.2229267732039,41.3860964938177],[-81.2229141482034,41.3872892114435],[-81.2225497183534,41.387289112718],[-81.222562347437,41.3860965869191]]]},"properties":{"source_county":"Geauga","jurisdiction":"Auburn Township","parcel_id":"01-002270","owner_name":"PATTON JOHN M & SHIRLEY A","property_address":"11643 WASHINGTON ST","property_city":"AUBURN TOWNSHIP","property_zip":"44023"}},{"type":"Feature","geometry":{"type":"Polygon","coordinates":[[[-81.217535105619,41.3815662460075],[-81.222932103909,41.3816060291187],[-81.2229221853026,41.3820233063921],[-81.217461305669,41.3819830506808],[-81.217535105619,41.3815662460075]]]},"properties":{"source_county":"Geauga","jurisdiction":"Auburn Township","parcel_id":"01-002800","owner_name":"HUFFMAN CURTIS","property_address":" RAVENNA RD","property_city":"AUBURN TOWNSHIP","property_zip":"44023"}},{"type":"Feature","geometry":{"type":"Polygon","coordinates":[[[-81.220154118342,41.3872884322543],[-81.2205867163725,41.3872885586598],[-81.2205681811252,41.3887508560251],[-81.2202671124289,41.3887495690047],[-81.2199511178192,41.3887482179751],[-81.2199391289898,41.3876544131226],[-81.2199928829545,41.3876545300255],[-81.2199888683487,41.3872883834094],[-81.220154118342,41.3872884322543]]]},"properties":{"source_county":"Geauga","jurisdiction":"Auburn Township","parcel_id":"01-003750","owner_name":"BURTON INSURANCE AGENCY INC","property_address":"11700 WASHINGTON ST","property_city":"AUBURN TOWNSHIP","property_zip":"44023"}},{"type":"Feature","geometry":{"type":"Polygon","coordinates":[[[-81.2159401023721,41.3868198457274],[-81.2160275616911,41.3868203400263],[-81.215996216223,41.3870011255801],[-81.2163585157737,41.3870309905299],[-81.2163146153011,41.3872842233129],[-81.216277476198,41.3872841412005],[-81.2158597557836,41.3872832154121],[-81.2159401023721,41.3868198457274]]]},"properties":{"source_county":"Geauga","jurisdiction":"Auburn Township","parcel_id":"01-004800","owner_name":"17755 RAVENNA CORP INC","property_address":"17755 RAVENNA RD","property_city":"AUBURN TOWNSHIP","property_zip":"44023"}},{"type":"Feature","geometry":{"type":"Polygon","coordinates":[[[-81.2160275616911,41.3868203400263],[-81.2163946734919,41.3868224134914],[-81.2163585157737,41.3870309905299],[-81.215996216223,41.3870011255801],[-81.2160275616911,41.3868203400263]]]},"properties":{"source_county":"Geauga","jurisdiction":"Auburn Township","parcel_id":"01-005000","owner_name":"17755 RAVENNA CORP INC","property_address":" RAVENNA RD","property_city":"AUBURN TOWNSHIP","property_zip":"44023"}},{"type":"Feature","geometry":{"type":"Polygon","coordinates":[[[-81.2213014819479,41.3861199007042],[-81.2213223186349,41.3844441715808],[-81.2222118978694,41.3844627069643],[-81.2221979192956,41.3860966779469],[-81.222187718317,41.3872890126417],[-81.221132201824,41.3872887162888],[-81.2211709807447,41.3861196833929],[-81.2213014819479,41.3861199007042]]]},"properties":{"source_county":"Geauga","jurisdiction":"Auburn Township","parcel_id":"01-005200","owner_name":"BESSER COMPANY LLC","property_address":" WASHINGTON ST","property_city":"AUBURN TOWNSHIP","property_zip":"44023"}},{"type":"Feature","geometry":{"type":"Polygon","coordinates":[[[-81.2190022471836,41.3744173829718],[-81.220676893497,41.3744071932882],[-81.2206665058568,41.377408472825],[-81.2194967213392,41.3774084802947],[-81.2187655961366,41.3774084797532],[-81.2188732535105,41.376889427092],[-81.2181217757433,41.3768772893267],[-81.2182864304894,41.3759294978698],[-81.2183070674988,41.3758279627328],[-81.2183318814704,41.3757269594124],[-81.2183608484394,41.3756265853768],[-81.2183939404338,41.3755269374868],[-81.2184311255014,41.3754281119018],[-81.2184723677407,41.3753302039877],[-81.2185176273355,41.3752333082238],[-81.2185668605935,41.3751375181129],[-81.2187461641573,41.3748114487584],[-81.2189638274684,41.3744155386143],[-81.2190022471836,41.3744173829718]]]},"properties":{"source_county":"Geauga","jurisdiction":"Auburn Township","parcel_id":"01-009100","owner_name":"BROWN JUDITH E TOD","property_address":"11725 TAYLOR MAY RD","property_city":"AUBURN TOWNSHIP","property_zip":"44023"}},{"type":"Feature","geometry":{"type":"Polygon","coordinates":[[[-81.2259536458377,41.3774082888074],[-81.2262870499368,41.3774078397954],[-81.2262820399684,41.377956743495],[-81.2262757166469,41.3786469304044],[-81.2262709345398,41.379168905726],[-81.2229902670641,41.3791589829376],[-81.2191948206989,41.3791473875337],[-81.2192725776011,41.3786995278125],[-81.2194967213392,41.3774084802947],[-81.2206665058568,41.377408472825],[-81.2213879766417,41.3774084619117],[-81.2221823235744,41.3774084448364],[-81.2230750522437,41.377408418627],[-81.2239677820901,41.3774083864484],[-81.224860511953,41.3774083464864],[-81.2259536458377,41.3774082888074]]]},"properties":{"source_county":"Geauga","jurisdiction":"Auburn Township","parcel_id":"01-009800","owner_name":"PHILLIPS PATRICIA MAE TRUSTEE","property_address":"11678 TAYLOR MAY RD","property_city":"AUBURN TOWNSHIP","property_zip":"44023"}},{"type":"Feature","geometry":{"type":"Polygon","coordinates":[[[-81.2152884247807,41.3934280490374],[-81.2152431999469,41.3936987881804],[-81.214260043678,41.3936976021717],[-81.2141689286647,41.3942414398119],[-81.2119529859589,41.3942371955442],[-81.2120889363857,41.3934217678617],[-81.2152884247807,41.3934280490374]]]},"properties":{"source_county":"Geauga","jurisdiction":"Auburn Township","parcel_id":"01-011010","owner_name":"BLANKENSHIP RICK L TOD & DEBORAH RAE TOD","property_address":"17535 RAVENNA RD","property_city":"AUBURN TOWNSHIP","property_zip":"44023"}},{"type":"Feature","geometry":{"type":"Polygon","coordinates":[[[-81.2186145721396,41.3855160732961],[-81.216987365075,41.3853626976038],[-81.2168368313919,41.3854503345177],[-81.2169202834307,41.3851070082417],[-81.2169432767536,41.3850124107513],[-81.2173703957421,41.3847341149484],[-81.219427810132,41.3845745283572],[-81.2193294093676,41.3852105092651],[-81.2189409804642,41.3853765473857],[-81.2186145721396,41.3855160732961]]]},"properties":{"source_county":"Geauga","jurisdiction":"Auburn Township","parcel_id":"01-011720","owner_name":"AUBURN COMMERCIAL I INC","property_address":" RAVENNA RD","property_city":"AUBURN TOWNSHIP","property_zip":"44023"}},{"type":"Feature","geometry":{"type":"Polygon","coordinates":[[[-81.2196345678365,41.3872882785113],[-81.2199888683487,41.3872883834094],[-81.2199928829545,41.3876545300255],[-81.2199391289898,41.3876544131226],[-81.2196384715302,41.3876537566345],[-81.2196344662002,41.3872882782881],[-81.2196345678365,41.3872882785113]]]},"properties":{"source_county":"Geauga","jurisdiction":"Auburn Township","parcel_id":"01-011800","owner_name":"BOYD JAMES G & KRISTINA M","property_address":"11720 WASHINGTON ST","property_city":"AUBURN TOWNSHIP","property_zip":"44023"}},{"type":"Feature","geometry":{"type":"Polygon","coordinates":[[[-81.2145849062095,41.3830734461117],[-81.2150989036842,41.3830782242688],[-81.215060253388,41.3833003635642],[-81.2145412289014,41.3833244701857],[-81.2138049865086,41.3833586677065],[-81.2137615507114,41.3834201290512],[-81.213008509826,41.3834131196993],[-81.2130111814718,41.3833984516345],[-81.2130729410503,41.3830593785474],[-81.2144381336532,41.3830720814358],[-81.2145849062095,41.3830734461117]]]},"properties":{"source_county":"Geauga","jurisdiction":"Auburn Township","parcel_id":"01-014000","owner_name":"RT 44 PROPERTIES","property_address":" RAVENNA RD","property_city":"AUBURN TOWNSHIP","property_zip":"44023"}},{"type":"Feature","geometry":{"type":"Polygon","coordinates":[[[-81.214533544586,41.3825237411791],[-81.214680315919,41.3825251057343],[-81.2145849062095,41.3830734461117],[-81.2144381336532,41.3830720814358],[-81.2130729410503,41.3830593785474],[-81.2131728081151,41.3825110807054],[-81.2142433157848,41.3825210420046],[-81.214533544586,41.3825237411791]]]},"properties":{"source_county":"Geauga","jurisdiction":"Auburn Township","parcel_id":"01-014100","owner_name":"SIX DOG HOLDINGS LLC","property_address":" RAVENNA RD","property_city":"AUBURN TOWNSHIP","property_zip":"44023"}},{"type":"Feature","geometry":{"type":"Polygon","coordinates":[[[-81.2121807880604,41.3825018401863],[-81.2131728081151,41.3825110807054],[-81.2130729410503,41.3830593785474],[-81.2130111814718,41.3833984516345],[-81.213008509826,41.3834131196993],[-81.2120164761713,41.3834038777749],[-81.2120207801468,41.3833802476727],[-81.2121807880604,41.3825018401863]]]},"properties":{"source_county":"Geauga","jurisdiction":"Auburn Township","parcel_id":"01-014200","owner_name":"SIX DOG HOLDINGS LLC","property_address":" RAVENNA RD","property_city":"AUBURN TOWNSHIP","property_zip":"44023"}},{"type":"Feature","geometry":{"type":"Polygon","coordinates":[[[-81.2137092774834,41.3834941016068],[-81.212069955174,41.3834626612066],[-81.2110116671277,41.3834597375882],[-81.2110266557291,41.3833774615182],[-81.211187856122,41.3824925837175],[-81.2121807880604,41.3825018401863],[-81.2120207801468,41.3833802476727],[-81.2120164761713,41.3834038777749],[-81.213008509826,41.3834131196993],[-81.2137615507114,41.3834201290512],[-81.2137092774834,41.3834941016068]]]},"properties":{"source_county":"Geauga","jurisdiction":"Auburn Township","parcel_id":"01-014300","owner_name":"SIX DOG HOLDINGS LLC","property_address":" RAVENNA RD","property_city":"AUBURN TOWNSHIP","property_zip":"44023"}},{"type":"Feature","geometry":{"type":"Polygon","coordinates":[[[-81.2095769053692,41.3819283187909],[-81.2143387275611,41.3819727009265],[-81.2142433157848,41.3825210420046],[-81.2131728081151,41.3825110807054],[-81.2121807880604,41.3825018401863],[-81.211187856122,41.3824925837175],[-81.2095719316763,41.3824775004209],[-81.2095765550443,41.3819669644211],[-81.2095769053692,41.3819283187909]]]},"properties":{"source_county":"Geauga","jurisdiction":"Auburn Township","parcel_id":"01-014500","owner_name":"SIX DOG HOLDINGS LLC","property_address":" RAVENNA RD","property_city":"AUBURN TOWNSHIP","property_zip":"44023"}},{"type":"Feature","geometry":{"type":"Polygon","coordinates":[[[-81.216277476198,41.3872841412005],[-81.2163146153011,41.3872842233129],[-81.2162627658316,41.3875946729898],[-81.216225647968,41.3875945352646],[-81.21564025407,41.3875923566898],[-81.2156972010668,41.3872828553307],[-81.2158597557836,41.3872832154121],[-81.216277476198,41.3872841412005]]]},"properties":{"source_county":"Geauga","jurisdiction":"Auburn Township","parcel_id":"01-014600","owner_name":"GANDY DANCER LLC","property_address":" WASHINGTON ST","property_city":"AUBURN TOWNSHIP","property_zip":"44023"}},{"type":"Feature","geometry":{"type":"Polygon","coordinates":[[[-81.220676893497,41.3744071932882],[-81.2213983461616,41.3744027959257],[-81.2213879766417,41.3774084619117],[-81.2206665058568,41.377408472825],[-81.220676893497,41.3744071932882]]]},"properties":{"source_county":"Geauga","jurisdiction":"Auburn Township","parcel_id":"01-025000","owner_name":"COLLURA JOSEPH J & MARIA P","property_address":"11679 TAYLOR MAY RD","property_city":"AUBURN TOWNSHIP","property_zip":"44023"}},{"type":"Feature","geometry":{"type":"Polygon","coordinates":[[[-81.2173659995245,41.382936577117],[-81.2228995062484,41.382977370928],[-81.2228897900377,41.3833861239557],[-81.2195622078847,41.3833615936056],[-81.2173447415554,41.3830566324701],[-81.2173659995245,41.382936577117]]]},"properties":{"source_county":"Geauga","jurisdiction":"Auburn Township","parcel_id":"01-025100","owner_name":"WHITE ROAD LLC","property_address":" RAVENNA RD","property_city":"AUBURN TOWNSHIP","property_zip":"44023"}},{"type":"Feature","geometry":{"type":"Polygon","coordinates":[[[-81.2195622078847,41.3833615936056],[-81.2228897900377,41.3833861239557],[-81.2228842271997,41.3836201312944],[-81.2211848929054,41.3835847270407],[-81.2195622078847,41.3833615936056]]]},"properties":{"source_county":"Geauga","jurisdiction":"Auburn Township","parcel_id":"01-025200","owner_name":"WHITE ROAD LLC","property_address":" RAVENNA RD","property_city":"AUBURN TOWNSHIP","property_zip":"44023"}},{"type":"Feature","geometry":{"type":"Polygon","coordinates":[[[-81.2138473924081,41.386705640348],[-81.21475410643,41.3867079953236],[-81.2147540242761,41.3868131389629],[-81.2142663569888,41.3868103773956],[-81.2142631212863,41.3872796659999],[-81.2138239508776,41.387278685617],[-81.2138473924081,41.386705640348]]]},"properties":{"source_county":"Geauga","jurisdiction":"Auburn Township","parcel_id":"01-026000","owner_name":"GIEL JACOB","property_address":"11867 WASHINGTON ST","property_city":"AUBURN TOWNSHIP","property_zip":"44023"}},{"type":"Feature","geometry":{"type":"Polygon","coordinates":[[[-81.2161802478284,41.3880887514821],[-81.2162273350972,41.3878068187522],[-81.2162635385818,41.3878075542042],[-81.2165317645779,41.3878129984849],[-81.2165273831886,41.387838944946],[-81.2169914986666,41.3878758645526],[-81.2169658141112,41.3881052359673],[-81.2169135935557,41.3884117904902],[-81.2169074654717,41.3884477622409],[-81.2161302237256,41.3884323828088],[-81.2161801584165,41.3880892881139],[-81.2161802478284,41.3880887514821]]]},"properties":{"source_county":"Geauga","jurisdiction":"Auburn Township","parcel_id":"01-026200","owner_name":"T & B DEVELOPMENT LLC","property_address":"17720 RAVENNA RD","property_city":"AUBURN TOWNSHIP","property_zip":"44023"}},{"type":"Feature","geometry":{"type":"Polygon","coordinates":[[[-81.2179017051777,41.3887394359465],[-81.2183838946878,41.3887415054492],[-81.2182459532544,41.3895675683428],[-81.2181550048731,41.3901122090258],[-81.2176937471112,41.3900685259494],[-81.2168457960648,41.3899882158367],[-81.2159868551377,41.3899068581849],[-81.2159141416003,41.389899970573],[-81.2158783034726,41.3898965752767],[-81.2160238461877,41.3890251831377],[-81.2160602081509,41.3890252476987],[-81.2171177840133,41.3890271301962],[-81.2171582268213,41.3887362406522],[-81.2179017051777,41.3887394359465]]]},"properties":{"source_county":"Geauga","jurisdiction":"Auburn Township","parcel_id":"01-026400","owner_name":"CROSS ANDREW LEE","property_address":"17690 RAVENNA RD","property_city":"AUBURN TOWNSHIP","property_zip":"44023"}},{"type":"Feature","geometry":{"type":"Polygon","coordinates":[[[-81.2130486027937,41.3848857606976],[-81.2134130201818,41.3848865764458],[-81.2133915028213,41.3872777188232],[-81.2130270709714,41.3872769029945],[-81.2130486027937,41.3848857606976]]]},"properties":{"source_county":"Geauga","jurisdiction":"Auburn Township","parcel_id":"01-026500","owner_name":"44 EAST LLC","property_address":"11881 WASHINGTON ST","property_city":"AUBURN TOWNSHIP","property_zip":"44023"}},{"type":"Feature","geometry":{"type":"Polygon","coordinates":[[[-81.2134130201818,41.3848865764458],[-81.2138036767124,41.3848874501633],[-81.2137981151494,41.3855058123709],[-81.2137956098984,41.3857844356995],[-81.2137931046438,41.3860630581066],[-81.2137905981549,41.3863416813796],[-81.213790157412,41.3863907479169],[-81.2136893929679,41.3863905228771],[-81.213681407785,41.3872783666657],[-81.2135497887898,41.3872780725411],[-81.2133915028213,41.3872777188232],[-81.2134130201818,41.3848865764458]]]},"properties":{"source_county":"Geauga","jurisdiction":"Auburn Township","parcel_id":"01-026600","owner_name":"44 EAST LLC","property_address":" WASHINGTON ST","property_city":"AUBURN TOWNSHIP","property_zip":"44023"}},{"type":"Feature","geometry":{"type":"Polygon","coordinates":[[[-81.2168585464573,41.3887349511435],[-81.2171582268213,41.3887362406522],[-81.2171177840133,41.3890271301962],[-81.2160602081509,41.3890252476987],[-81.2160238461877,41.3890251831377],[-81.216072886355,41.3887315669483],[-81.2161092212364,41.388731723951],[-81.2168585464573,41.3887349511435]]]},"properties":{"source_county":"Geauga","jurisdiction":"Auburn Township","parcel_id":"01-026700","owner_name":"CSONKA ELIZABETH A TOD","property_address":"17700 RAVENNA RD","property_city":"AUBURN TOWNSHIP","property_zip":"44023"}},{"type":"Feature","geometry":{"type":"Polygon","coordinates":[[[-81.211233402779,41.3841188726685],[-81.2117253525287,41.3841208348604],[-81.2116968972075,41.3872739144789],[-81.2112049154622,41.3872728057884],[-81.2112265124206,41.3848816638149],[-81.211233402779,41.3841188726685]]]},"properties":{"source_county":"Geauga","jurisdiction":"Auburn Township","parcel_id":"01-027400","owner_name":"DAVIS GREGORY E","property_address":"11935 WASHINGTON ST","property_city":"AUBURN TOWNSHIP","property_zip":"44023"}},{"type":"Feature","geometry":{"type":"Polygon","coordinates":[[[-81.2223704970318,41.3872890635346],[-81.2229647781103,41.3872892249761],[-81.2229462803444,41.3887609890272],[-81.2223521921994,41.3887584622466],[-81.2223704970318,41.3872890635346]]]},"properties":{"source_county":"Geauga","jurisdiction":"Auburn Township","parcel_id":"01-027800","owner_name":"MEYERS CHARLES E & JESSICA A","property_address":" WASHINGTON ST","property_city":"AUBURN TOWNSHIP","property_zip":"44023"}},{"type":"Feature","geometry":{"type":"Polygon","coordinates":[[[-81.2217757472266,41.3872888983722],[-81.2223704970318,41.3872890635346],[-81.2223521921994,41.3887584622466],[-81.2221451926872,41.3887575812617],[-81.2217571786282,41.3887559285065],[-81.2217757472266,41.3872888983722]]]},"properties":{"source_county":"Geauga","jurisdiction":"Auburn Township","parcel_id":"01-027900","owner_name":"PRYCE PROPERTIES LLC","property_address":"11660 WASHINGTON ST","property_city":"AUBURN TOWNSHIP","property_zip":"44023"}},{"type":"Feature","geometry":{"type":"Polygon","coordinates":[[[-81.2229647780928,41.3872892258765],[-81.2235567979821,41.387289383658],[-81.2235382832292,41.3887635041831],[-81.2230198374049,41.3887613012879],[-81.2229462803444,41.3887609890272],[-81.2229647780928,41.3872892258765]]]},"properties":{"source_county":"Geauga","jurisdiction":"Auburn Township","parcel_id":"01-028000","owner_name":"MEYERS CHARLES E & JESSICA A","property_address":" WASHINGTON ST","property_city":"AUBURN TOWNSHIP","property_zip":"44023"}},{"type":"Feature","geometry":{"type":"Polygon","coordinates":[[[-81.2137981151494,41.3855058123709],[-81.2138036767124,41.3848874501633],[-81.2134130201818,41.3848865764458],[-81.2130486027937,41.3848857606976],[-81.2127614405384,41.3848851164275],[-81.2128736170883,41.3841883600568],[-81.2131444016384,41.3841934850817],[-81.2157551286244,41.3846045768989],[-81.2156157952055,41.3854082421516],[-81.2156032690192,41.3854804968774],[-81.2155930139213,41.3855396459902],[-81.2137981151494,41.3855058123709]]]},"properties":{"source_county":"Geauga","jurisdiction":"Auburn Township","parcel_id":"01-029370","owner_name":"44 EAST LLC","property_address":" RAVENNA RD","property_city":"AUBURN TOWNSHIP","property_zip":"44023"}},{"type":"Feature","geometry":{"type":"Polygon","coordinates":[[[-81.2155930139213,41.3855396459902],[-81.2156032690192,41.3854804968774],[-81.216375742463,41.3854950493213],[-81.2164760891368,41.3854969388137],[-81.2164658360179,41.3855560880167],[-81.216393923097,41.3855547334428],[-81.2155930139213,41.3855396459902]]]},"properties":{"source_county":"Geauga","jurisdiction":"Auburn Township","parcel_id":"01-029380","owner_name":"44 EAST LLC","property_address":" RAVENNA RD","property_city":"AUBURN TOWNSHIP","property_zip":"44023"}},{"type":"Feature","geometry":{"type":"Polygon","coordinates":[[[-81.2174370767871,41.3821198907995],[-81.2229189286039,41.382160302291],[-81.2229092168888,41.3825688366259],[-81.2174382531841,41.3825285060357],[-81.2174467116616,41.3824807340988],[-81.217405483207,41.3822983273353],[-81.2174370767871,41.3821198907995]]]},"properties":{"source_county":"Geauga","jurisdiction":"Auburn Township","parcel_id":"01-032300","owner_name":"SIX DOG HOLDINGS LLC","property_address":"17920 RAVENNA RD","property_city":"AUBURN TOWNSHIP","property_zip":"44023"}},{"type":"Feature","geometry":{"type":"Polygon","coordinates":[[[-81.2137905981549,41.3863416813796],[-81.2137931046438,41.3860630581066],[-81.2162976199288,41.3861102618968],[-81.2162494677338,41.3863880260623],[-81.2154832054454,41.3863735895238],[-81.2147543783887,41.3863598533895],[-81.2137905981549,41.3863416813796]]]},"properties":{"source_county":"Geauga","jurisdiction":"Auburn Township","parcel_id":"01-033900","owner_name":"44 EAST LLC","property_address":" RAVENNA RD","property_city":"AUBURN TOWNSHIP","property_zip":"44023"}},{"type":"Feature","geometry":{"type":"Polygon","coordinates":[[[-81.2142631212863,41.3872796659999],[-81.2145051902368,41.3872802056933],[-81.2143961631703,41.3879372705038],[-81.2142651126024,41.3887270411155],[-81.2133105429548,41.3887197670638],[-81.2135497887898,41.3872780725411],[-81.213681407785,41.3872783666657],[-81.213782172378,41.3872785925995],[-81.2138239508776,41.387278685617],[-81.2142631212863,41.3872796659999]]]},"properties":{"source_county":"Geauga","jurisdiction":"Auburn Township","parcel_id":"01-034800","owner_name":"KALEY DOLAN CHASE","property_address":"11870 WASHINGTON ST","property_city":"AUBURN TOWNSHIP","property_zip":"44023"}},{"type":"Feature","geometry":{"type":"Polygon","coordinates":[[[-81.2184099653228,41.3811884687632],[-81.2185611795591,41.3811119158407],[-81.218852625274,41.381189830133],[-81.2229416986241,41.3812023292981],[-81.222932103909,41.3816060291187],[-81.217535105619,41.3815662460075],[-81.2175791869528,41.3813172749346],[-81.2173548084351,41.3812947525215],[-81.2173738194715,41.381185274315],[-81.2184099653228,41.3811884687632]]]},"properties":{"source_county":"Geauga","jurisdiction":"Auburn Township","parcel_id":"01-035400","owner_name":"HUFFMAN CURTIS","property_address":"17954 RAVENNA RD","property_city":"AUBURN TOWNSHIP","property_zip":"44023"}},{"type":"Feature","geometry":{"type":"Polygon","coordinates":[[[-81.2104760530937,41.3872711583354],[-81.2108574760653,41.3872720209587],[-81.2108535821626,41.3877248638572],[-81.2108451860902,41.388700944378],[-81.2098729495298,41.3886935065424],[-81.2098740591033,41.3872697950404],[-81.2098929634609,41.3872698372528],[-81.2104760530937,41.3872711583354]]]},"properties":{"source_county":"Geauga","jurisdiction":"Auburn Township","parcel_id":"01-037400","owner_name":"DAVIS DEBORAH L","property_address":"11966 WASHINGTON ST","property_city":"AUBURN TOWNSHIP","property_zip":"44023"}},{"type":"Feature","geometry":{"type":"Polygon","coordinates":[[[-81.2229092168888,41.3825688366259],[-81.2229189286039,41.382160302291],[-81.2174370767871,41.3821198907995],[-81.217461305669,41.3819830506808],[-81.2229221853026,41.3820233063921],[-81.222932103909,41.3816060291187],[-81.2229416986241,41.3812023292981],[-81.2229506621952,41.3808252433933],[-81.2229605630075,41.3804086781191],[-81.2229704648896,41.3799921128104],[-81.2229803654332,41.3795755483414],[-81.2229902670641,41.3791589829376],[-81.2262709345398,41.379168905726],[-81.2262669210626,41.3796068463743],[-81.2262600996373,41.3803513733823],[-81.2262516993043,41.3812682554929],[-81.226243453889,41.3821680116916],[-81.2262396196106,41.3825865193846],[-81.2270650697987,41.3825845228988],[-81.2282683419051,41.382581601632],[-81.228250377459,41.3837418508081],[-81.2259189436408,41.3837244800767],[-81.2235511625254,41.383675204918],[-81.2231883954166,41.3836264655661],[-81.2228842271997,41.3836201312944],[-81.2228897900377,41.3833861239557],[-81.2228995062484,41.382977370928],[-81.2229092168888,41.3825688366259]]]},"properties":{"source_county":"Geauga","jurisdiction":"Auburn Township","parcel_id":"01-037900","owner_name":"SIX DOG HOLDINGS LLC","property_address":" RAVENNA RD","property_city":"AUBURN TOWNSHIP","property_zip":"44023"}},{"type":"Feature","geometry":{"type":"Polygon","coordinates":[[[-81.2161302237256,41.3884323828088],[-81.2169074654717,41.3884477622409],[-81.2168585464573,41.3887349511435],[-81.2161092212364,41.388731723951],[-81.216072886355,41.3887315669483],[-81.2161302237256,41.3884323828088]]]},"properties":{"source_county":"Geauga","jurisdiction":"Auburn Township","parcel_id":"01-040950","owner_name":"COWGILL ASHLEY J","property_address":"17710 RAVENNA RD","property_city":"AUBURN TOWNSHIP","property_zip":"44023"}},{"type":"Feature","geometry":{"type":"Polygon","coordinates":[[[-81.2134546554362,41.3808660196383],[-81.2174228568411,41.3809028867991],[-81.2173548084351,41.3812947525215],[-81.2173275704052,41.381451230762],[-81.2171071031126,41.3814491863156],[-81.2154674254996,41.3814339641613],[-81.2133592378874,41.3814143601517],[-81.2134546554362,41.3808660196383]]]},"properties":{"source_county":"Geauga","jurisdiction":"Auburn Township","parcel_id":"01-041800","owner_name":"SIX DOG HOLDINGS LLC","property_address":"17961 RAVENNA RD","property_city":"AUBURN TOWNSHIP","property_zip":"44023"}},{"type":"Feature","geometry":{"type":"Polygon","coordinates":[[[-81.2162274245084,41.3878062821203],[-81.2163146153011,41.3872842233129],[-81.2172223411744,41.3872862260834],[-81.217222019664,41.3873685626077],[-81.2172163308422,41.3874738917263],[-81.2172153106063,41.3875424728447],[-81.2172525499883,41.3876486106956],[-81.2174663617272,41.3876490797159],[-81.2174587949526,41.388423375627],[-81.2169135935557,41.3884117904902],[-81.2169658141112,41.3881052359673],[-81.2169914986666,41.3878758645526],[-81.2165273831886,41.387838944946],[-81.2165317645779,41.3878129984849],[-81.2162635385818,41.3878075542042],[-81.2162273350972,41.3878068187522],[-81.2162274245084,41.3878062821203]]]},"properties":{"source_county":"Geauga","jurisdiction":"Auburn Township","parcel_id":"01-042060","owner_name":"AUBURN CORNERS INVESTMENTS LLC","property_address":"11800 WASHINGTON ST","property_city":"AUBURN TOWNSHIP","property_zip":"44023"}},{"type":"Feature","geometry":{"type":"Polygon","coordinates":[[[-81.2240074556575,41.3872895027377],[-81.2240372460546,41.3843991282523],[-81.2255064756676,41.3844297030032],[-81.2254806128148,41.3860958594791],[-81.2247517601339,41.3860960587945],[-81.2247332171389,41.3872896890673],[-81.2240074556575,41.3872895027377]]]},"properties":{"source_county":"Geauga","jurisdiction":"Auburn Township","parcel_id":"01-042500","owner_name":"SUGLIA TONY F & DENISE L","property_address":"11591 WASHINGTON ST","property_city":"AUBURN TOWNSHIP","property_zip":"44023"}},{"type":"Feature","geometry":{"type":"Polygon","coordinates":[[[-81.2173739393474,41.3811845849267],[-81.2174392716188,41.3808083630447],[-81.2229506621952,41.3808252433933],[-81.2229416986241,41.3812023292981],[-81.218852625274,41.381189830133],[-81.2185611795591,41.3811119158407],[-81.2184099653228,41.3811884687632],[-81.2173738194715,41.381185274315],[-81.2173739393474,41.3811845849267]]]},"properties":{"source_county":"Geauga","jurisdiction":"Auburn Township","parcel_id":"01-043800","owner_name":"SIX DOG HOLDINGS LLC","property_address":"17968 RAVENNA RD","property_city":"AUBURN TOWNSHIP","property_zip":"44023"}},{"type":"Feature","geometry":{"type":"Polygon","coordinates":[[[-81.2247408353604,41.3872896910156],[-81.2253328516539,41.3872898405786],[-81.2253149897108,41.388755854272],[-81.2247729895592,41.3887581908201],[-81.2247224162297,41.3887584083512],[-81.2247408353604,41.3872896910156]]]},"properties":{"source_county":"Geauga","jurisdiction":"Auburn Township","parcel_id":"01-044200","owner_name":"KESTRANEK TYLER DENNIS","property_address":"11580 WASHINGTON ST","property_city":"AUBURN TOWNSHIP","property_zip":"44023"}},{"type":"Feature","geometry":{"type":"Polygon","coordinates":[[[-81.2154828638162,41.3868172618987],[-81.2159401023721,41.3868198457274],[-81.2158597557836,41.3872832154121],[-81.2156972010668,41.3872828553307],[-81.2153017342308,41.3872819771187],[-81.2153020758269,41.3868162397152],[-81.2154828638162,41.3868172618987]]]},"properties":{"source_county":"Geauga","jurisdiction":"Auburn Township","parcel_id":"01-045000","owner_name":"GUERRERO ROSA","property_address":"11825 WASHINGTON ST","property_city":"AUBURN TOWNSHIP","property_zip":"44023"}},{"type":"Feature","geometry":{"type":"Polygon","coordinates":[[[-81.2095558435429,41.3842537986842],[-81.2095630710872,41.3834557196577],[-81.2109973793318,41.3835381671319],[-81.2108966676079,41.3841175278972],[-81.211233402779,41.3841188726685],[-81.2112265124206,41.3848816638149],[-81.2104976765849,41.3848800164967],[-81.2099146081782,41.3848786955222],[-81.2097688419635,41.3848783655051],[-81.2097471907443,41.3872695071954],[-81.209528532894,41.387269010428],[-81.2095518985033,41.3846893221941],[-81.2095558435429,41.3842537986842]]]},"properties":{"source_county":"Geauga","jurisdiction":"Auburn Township","parcel_id":"01-045300","owner_name":"GAVIN MICHELLE & SLIWINSKI EDWARD","property_address":"11979 WASHINGTON ST","property_city":"AUBURN TOWNSHIP","property_zip":"44023"}},{"type":"Feature","geometry":{"type":"Polygon","coordinates":[[[-81.2097688419635,41.3848783655051],[-81.2099146081782,41.3848786955222],[-81.2098929634609,41.3872698372528],[-81.2098740591033,41.3872697950404],[-81.2097471907443,41.3872695071954],[-81.2097688419635,41.3848783655051]]]},"properties":{"source_county":"Geauga","jurisdiction":"Auburn Township","parcel_id":"01-045400","owner_name":"GAVIN MICHELLE & SLIWINSKI EDWARD","property_address":" WASHINGTON ST","property_city":"AUBURN TOWNSHIP","property_zip":"44023"}},{"type":"Feature","geometry":{"type":"Polygon","coordinates":[[[-81.2161671384252,41.3879449346998],[-81.2162042404698,41.3879450965807],[-81.2161243178807,41.388423626209],[-81.2160872294196,41.3884234896712],[-81.2148277064624,41.3884188072669],[-81.2149118052349,41.3879393909118],[-81.2153546048615,41.3879413880707],[-81.2161671384252,41.3879449346998]]]},"properties":{"source_county":"Geauga","jurisdiction":"Auburn Township","parcel_id":"01-047000","owner_name":"GANDY DANCER LLC","property_address":" RAVENNA RD","property_city":"AUBURN TOWNSHIP","property_zip":"44023"}},{"type":"Feature","geometry":{"type":"Polygon","coordinates":[[[-81.2180296894326,41.377407756151],[-81.2180547398647,41.3772631576758],[-81.2181217757433,41.3768772893267],[-81.2188732535105,41.376889427092],[-81.2187655961366,41.3774084797532],[-81.2180295654398,41.3774084734119],[-81.2180296894326,41.377407756151]]]},"properties":{"source_county":"Geauga","jurisdiction":"Auburn Township","parcel_id":"01-047040","owner_name":"MANCINO JAMES M TOD & BARBARA A TOD","property_address":"11755 TAYLOR MAY RD","property_city":"AUBURN TOWNSHIP","property_zip":"44023"}},{"type":"Feature","geometry":{"type":"Polygon","coordinates":[[[-81.2153017342308,41.3872819771187],[-81.2156972010668,41.3872828553307],[-81.21564025407,41.3875923566898],[-81.2155866675118,41.387676681588],[-81.215370713301,41.3876768589354],[-81.2153546048615,41.3879413880707],[-81.2149118052349,41.3879393909118],[-81.2149713477651,41.3875972875805],[-81.2152237624734,41.3875964861909],[-81.2152903808559,41.387281952022],[-81.2153017342308,41.3872819771187]]]},"properties":{"source_county":"Geauga","jurisdiction":"Auburn Township","parcel_id":"01-047400","owner_name":"WEIN JASON A","property_address":"11832 WASHINGTON ST","property_city":"AUBURN TOWNSHIP","property_zip":"44023"}},{"type":"Feature","geometry":{"type":"Polygon","coordinates":[[[-81.2241488130745,41.3872895392607],[-81.2247408353604,41.3872896910156],[-81.2247224162297,41.3887584083512],[-81.2241308580153,41.3887609552756],[-81.2241488130745,41.3872895392607]]]},"properties":{"source_county":"Geauga","jurisdiction":"Auburn Township","parcel_id":"01-048900","owner_name":"LANDMARK PROPERTY SERVICES LLC","property_address":"11594 WASHINGTON ST","property_city":"AUBURN TOWNSHIP","property_zip":"44023"}},{"type":"Feature","geometry":{"type":"Polygon","coordinates":[[[-81.220586716355,41.3872885595601],[-81.2211814661716,41.3872887299287],[-81.221163193409,41.3887533958609],[-81.2205681811252,41.3887508560251],[-81.220586716355,41.3872885595601]]]},"properties":{"source_county":"Geauga","jurisdiction":"Auburn Township","parcel_id":"01-049500","owner_name":"KDDS PROPERTIES LLC","property_address":"11692 WASHINGTON ST","property_city":"AUBURN TOWNSHIP","property_zip":"44023"}},{"type":"Feature","geometry":{"type":"Polygon","coordinates":[[[-81.2160342942458,41.3887405010838],[-81.2160713465592,41.3887407831234],[-81.2158928602602,41.3898094202568],[-81.2158558264881,41.3898092599455],[-81.2095132743164,41.3897816932483],[-81.2095199124752,41.3886907597797],[-81.2098729495298,41.3886935065424],[-81.2108451860902,41.388700944378],[-81.2111458344184,41.3887032427149],[-81.2115102571715,41.3887060274553],[-81.2133105429548,41.3887197670638],[-81.2142651126024,41.3887270411155],[-81.2160342942458,41.3887405010838]]]},"properties":{"source_county":"Geauga","jurisdiction":"Auburn Township","parcel_id":"01-049700","owner_name":"OLEKSIAK DONALD P REVEREND","property_address":" RAVENNA RD","property_city":"AUBURN TOWNSHIP","property_zip":"44023"}},{"type":"Feature","geometry":{"type":"Polygon","coordinates":[[[-81.2174382531841,41.3825285060357],[-81.2229092168888,41.3825688366259],[-81.2228995062484,41.382977370928],[-81.2173659995245,41.382936577117],[-81.2174081766907,41.3826983726877],[-81.2174382531841,41.3825285060357]]]},"properties":{"source_county":"Geauga","jurisdiction":"Auburn Township","parcel_id":"01-051000","owner_name":"SIX DOG HOLDINGS LLC","property_address":" RAVENNA RD","property_city":"AUBURN TOWNSHIP","property_zip":"44023"}},{"type":"Feature","geometry":{"type":"Polygon","coordinates":[[[-81.2104976765849,41.3848800164967],[-81.2112265124206,41.3848816638149],[-81.2112049154622,41.3872728057884],[-81.2111581317059,41.3872726993435],[-81.2108574760653,41.3872720209587],[-81.2104760530937,41.3872711583354],[-81.2104976765849,41.3848800164967]]]},"properties":{"source_county":"Geauga","jurisdiction":"Auburn Township","parcel_id":"01-055100","owner_name":"SLIWINSKI EDWARD & GAVIN MICHELLE","property_address":"11951 WASHINGTON ST","property_city":"AUBURN TOWNSHIP","property_zip":"44023"}},{"type":"Feature","geometry":{"type":"Polygon","coordinates":[[[-81.2176561788852,41.3795592459158],[-81.2229803654332,41.3795755483414],[-81.2229704648896,41.3799921128104],[-81.217583876571,41.3799756189753],[-81.2176561788852,41.3795592459158]]]},"properties":{"source_county":"Geauga","jurisdiction":"Auburn Township","parcel_id":"01-055500","owner_name":"HUFFMAN CURTIS","property_address":"18012 RAVENNA RD","property_city":"AUBURN TOWNSHIP","property_zip":"44023"}},{"type":"Feature","geometry":{"type":"Polygon","coordinates":[[[-81.2154674254996,41.3814339641613],[-81.2171071031126,41.3814491863156],[-81.2170350545536,41.3818633625684],[-81.2153953666012,41.3818481402959],[-81.2154674254996,41.3814339641613]]]},"properties":{"source_county":"Geauga","jurisdiction":"Auburn Township","parcel_id":"01-056420","owner_name":"SIX DOG HOLDINGS LLC","property_address":"17943 RAVENNA RD","property_city":"AUBURN TOWNSHIP","property_zip":"44023"}},{"type":"Feature","geometry":{"type":"Polygon","coordinates":[[[-81.2095868525232,41.3808299543859],[-81.209593319987,41.3801157455407],[-81.21357874303,41.3801529053819],[-81.2134833275705,41.3807012452027],[-81.2174514712217,41.3807381108532],[-81.2174228568411,41.3809028867991],[-81.2134546554362,41.3808660196383],[-81.2095868525232,41.3808299543859]]]},"properties":{"source_county":"Geauga","jurisdiction":"Auburn Township","parcel_id":"01-059550","owner_name":"KOVALCHICK PETER A & DEBORAH","property_address":"17973 RAVENNA RD","property_city":"AUBURN TOWNSHIP","property_zip":"44023"}},{"type":"Feature","geometry":{"type":"Polygon","coordinates":[[[-81.2145197498051,41.3980293579828],[-81.2146219057955,41.3974178883799],[-81.2146587039755,41.3974180842459],[-81.2155196609682,41.3974226604954],[-81.2155932092456,41.3974788286951],[-81.2161590650187,41.3974818318684],[-81.2161538539822,41.3980386880189],[-81.2153230134022,41.3980342759307],[-81.2145564316286,41.3980302000735],[-81.2145196414759,41.398030004268],[-81.2145197498051,41.3980293579828]]]},"properties":{"source_county":"Geauga","jurisdiction":"Auburn Township","parcel_id":"01-059900","owner_name":"POSTLETHWAITE CRAIG & DEANNA","property_address":"17380 RAVENNA RD","property_city":"AUBURN TOWNSHIP","property_zip":"44023"}},{"type":"Feature","geometry":{"type":"Polygon","coordinates":[[[-81.2184328239291,41.3868135871944],[-81.2185653563931,41.3859391496497],[-81.2189213726723,41.3859735893059],[-81.2188782031733,41.3872880503565],[-81.2183517399644,41.3872878882249],[-81.2184328239291,41.3868135871944]]]},"properties":{"source_county":"Geauga","jurisdiction":"Auburn Township","parcel_id":"01-062100","owner_name":"LA RUE ANNE M & GRECAR PATSY ANNE TRUSTEE","property_address":"11749 WASHINGTON ST","property_city":"AUBURN TOWNSHIP","property_zip":"44023"}},{"type":"Feature","geometry":{"type":"Polygon","coordinates":[[[-81.2178709614353,41.3872876531849],[-81.2179522201304,41.3868057430125],[-81.2184328239291,41.3868135871944],[-81.2183517399644,41.3872878882249],[-81.2179163294956,41.3872877529507],[-81.2178709614353,41.3872876531849]]]},"properties":{"source_county":"Geauga","jurisdiction":"Auburn Township","parcel_id":"01-062200","owner_name":"LA RUE ANNE M & GRECAR PATSY ANNE TRUSTEE","property_address":"11755 WASHINGTON ST","property_city":"AUBURN TOWNSHIP","property_zip":"44023"}},{"type":"Feature","geometry":{"type":"Polygon","coordinates":[[[-81.2229267732039,41.3860964938177],[-81.2232911989522,41.3860964004699],[-81.2232785792324,41.3872893099358],[-81.2229141482034,41.3872892114435],[-81.2229267732039,41.3860964938177]]]},"properties":{"source_county":"Geauga","jurisdiction":"Auburn Township","parcel_id":"01-063900","owner_name":"MASCIA ANGELA & DANIEL","property_address":"11625 WASHINGTON ST","property_city":"AUBURN TOWNSHIP","property_zip":"44023"}},{"type":"Feature","geometry":{"type":"Polygon","coordinates":[[[-81.2221979192956,41.3860966779469],[-81.222562347437,41.3860965869191],[-81.2225497183534,41.387289112718],[-81.222187718317,41.3872890126417],[-81.2221979192956,41.3860966779469]]]},"properties":{"source_county":"Geauga","jurisdiction":"Auburn Township","parcel_id":"01-064100","owner_name":"LEWIS MARK E & SUSAN I","property_address":"11653 WASHINGTON ST","property_city":"AUBURN TOWNSHIP","property_zip":"44023"}},{"type":"Feature","geometry":{"type":"Polygon","coordinates":[[[-81.2173965930226,41.3867966723484],[-81.2174411876697,41.3865374816741],[-81.2170628206053,41.3865365106467],[-81.2165797258803,41.386535267436],[-81.2167336260437,41.38587603048],[-81.2180053461675,41.3858849729268],[-81.2179522201304,41.3868057430125],[-81.2173965930226,41.3867966723484]]]},"properties":{"source_county":"Geauga","jurisdiction":"Auburn Township","parcel_id":"01-064600","owner_name":"WHITE ROAD LLC","property_address":"17790 RAVENNA RD","property_city":"AUBURN TOWNSHIP","property_zip":"44023"}},{"type":"Feature","geometry":{"type":"Polygon","coordinates":[[[-81.2137931046438,41.3860630581066],[-81.2137956098984,41.3857844356995],[-81.2163457717165,41.3858324976903],[-81.2162976199288,41.3861102618968],[-81.2137931046438,41.3860630581066]]]},"properties":{"source_county":"Geauga","jurisdiction":"Auburn Township","parcel_id":"01-064800","owner_name":"44 EAST LLC","property_address":" RAVENNA RD","property_city":"AUBURN TOWNSHIP","property_zip":"44023"}},{"type":"Feature","geometry":{"type":"Polygon","coordinates":[[[-81.2175115745532,41.380391991056],[-81.2229605630075,41.3804086781191],[-81.2229506621952,41.3808252433933],[-81.2174392716188,41.3808083630447],[-81.2175115745532,41.380391991056]]]},"properties":{"source_county":"Geauga","jurisdiction":"Auburn Township","parcel_id":"01-064900","owner_name":"HUFFMAN REAL ESTATE COMPANY LLC","property_address":"17982 RAVENNA RD","property_city":"AUBURN TOWNSHIP","property_zip":"44023"}},{"type":"Feature","geometry":{"type":"Polygon","coordinates":[[[-81.2173124160663,41.3872864241844],[-81.2173965930226,41.3867966723484],[-81.2179522201304,41.3868057430125],[-81.2178709614353,41.3872876531849],[-81.2173124160663,41.3872864241844]]]},"properties":{"source_county":"Geauga","jurisdiction":"Auburn Township","parcel_id":"01-066100","owner_name":"LOCALICIOUS LLC","property_address":"11773 WASHINGTON ST","property_city":"AUBURN TOWNSHIP","property_zip":"44023"}},{"type":"Feature","geometry":{"type":"Polygon","coordinates":[[[-81.2150255979702,41.3872813636459],[-81.2152903808559,41.387281952022],[-81.2152237624734,41.3875964861909],[-81.2149713477651,41.3875972875805],[-81.2150255979702,41.3872813636459]]]},"properties":{"source_county":"Geauga","jurisdiction":"Auburn Township","parcel_id":"01-066200","owner_name":"WEIN JASON","property_address":" WASHINGTON ST","property_city":"AUBURN TOWNSHIP","property_zip":"44023"}},{"type":"Feature","geometry":{"type":"Polygon","coordinates":[[[-81.2142663569888,41.3868103773956],[-81.2147540242761,41.3868131389629],[-81.2147536586897,41.3872807591745],[-81.2145051902368,41.3872802056933],[-81.2142631212863,41.3872796659999],[-81.2142663569888,41.3868103773956]]]},"properties":{"source_county":"Geauga","jurisdiction":"Auburn Township","parcel_id":"01-066490","owner_name":"GIEL MARTIN & JEAN E","property_address":"11855 WASHINGTON ST","property_city":"AUBURN TOWNSHIP","property_zip":"44023"}},{"type":"Feature","geometry":{"type":"Polygon","coordinates":[[[-81.2170765347197,41.3791292930179],[-81.2177297479627,41.3791355680894],[-81.2175466910382,41.380189765968],[-81.21357874303,41.3801529053819],[-81.209593319987,41.3801157455407],[-81.2096029055692,41.3790572418734],[-81.2099621260904,41.3790607161599],[-81.2119996112508,41.3790804005841],[-81.2121025422092,41.379081394267],[-81.2121291768865,41.3790816509046],[-81.2144908699157,41.3791044199095],[-81.2160255081,41.3791191896964],[-81.2170765347197,41.3791292930179]]]},"properties":{"source_county":"Geauga","jurisdiction":"Auburn Township","parcel_id":"01-067400","owner_name":"KOVALCHICK PETER A & DEBORAH C","property_address":"18017 RAVENNA RD","property_city":"AUBURN TOWNSHIP","property_zip":"44023"}},{"type":"Feature","geometry":{"type":"Polygon","coordinates":[[[-81.2178708412534,41.3923941424707],[-81.2179602758047,41.3923947885738],[-81.2179089066199,41.3927023909208],[-81.2178147808713,41.3932661385459],[-81.2172301670356,41.3932619104694],[-81.2153551157958,41.3932483728501],[-81.2153185884261,41.39324747416],[-81.2154641459932,41.3923760835209],[-81.2155005867966,41.3923769812106],[-81.2155741137374,41.3923775148517],[-81.2163422888953,41.3923830810592],[-81.21710656501,41.3923886142867],[-81.2178708412534,41.3923941424707]]]},"properties":{"source_county":"Geauga","jurisdiction":"Auburn Township","parcel_id":"01-067600","owner_name":"OHL TIMOTHY A & TERESA L","property_address":"17544 RAVENNA RD","property_city":"AUBURN TOWNSHIP","property_zip":"44023"}},{"type":"Feature","geometry":{"type":"Polygon","coordinates":[[[-81.2119337778848,41.3872744477539],[-81.2119617739013,41.3841710982726],[-81.2128736170883,41.3841883600568],[-81.2127614405384,41.3848851164275],[-81.2126841842192,41.3848849437894],[-81.2126626403437,41.387276085132],[-81.2120096260425,41.3872746187069],[-81.2119337778848,41.3872744477539]]]},"properties":{"source_county":"Geauga","jurisdiction":"Auburn Township","parcel_id":"01-067900","owner_name":"CLARK RICHARD E","property_address":"11911 WASHINGTON ST","property_city":"AUBURN TOWNSHIP","property_zip":"44023"}},{"type":"Feature","geometry":{"type":"Polygon","coordinates":[[[-81.2127614405384,41.3848851164275],[-81.2130486027937,41.3848857606976],[-81.2130270709714,41.3872769029945],[-81.2126626403437,41.387276085132],[-81.2126841842192,41.3848849437894],[-81.2127614405384,41.3848851164275]]]},"properties":{"source_county":"Geauga","jurisdiction":"Auburn Township","parcel_id":"01-068000","owner_name":"CLARK RICHARD E","property_address":" WASHINGTON ST","property_city":"AUBURN TOWNSHIP","property_zip":"44023"}},{"type":"Feature","geometry":{"type":"Polygon","coordinates":[[[-81.2185653563931,41.3859391496497],[-81.2180053461675,41.3858849729268],[-81.2167336260437,41.38587603048],[-81.2168368313919,41.3854503345177],[-81.216987365075,41.3853626976038],[-81.2186145721396,41.3855160732961],[-81.2189409804642,41.3853765473857],[-81.2189213726723,41.3859735893059],[-81.2185653563931,41.3859391496497]]]},"properties":{"source_county":"Geauga","jurisdiction":"Auburn Township","parcel_id":"01-069300","owner_name":"WHITE ROAD LLC","property_address":"17806 RAVENNA RD","property_city":"AUBURN TOWNSHIP","property_zip":"44023"}},{"type":"Feature","geometry":{"type":"Polygon","coordinates":[[[-81.2154828638162,41.3868172618987],[-81.2154832054454,41.3863735895238],[-81.2162494677338,41.3863880260623],[-81.2163190042485,41.3866227882514],[-81.2164274319473,41.3866334503698],[-81.2163946734919,41.3868224134914],[-81.2160275616911,41.3868203400263],[-81.2159401023721,41.3868198457274],[-81.2154828638162,41.3868172618987]]]},"properties":{"source_county":"Geauga","jurisdiction":"Auburn Township","parcel_id":"01-070000","owner_name":"KZ 01 CORP INC","property_address":"17775 RAVENNA RD","property_city":"AUBURN TOWNSHIP","property_zip":"44023"}},{"type":"Feature","geometry":{"type":"Polygon","coordinates":[[[-81.2119337778848,41.3872744477539],[-81.2120096260425,41.3872746187069],[-81.2115102571715,41.3887060274553],[-81.2111458344184,41.3887032427149],[-81.2111542398761,41.387725542252],[-81.2111581317059,41.3872726993435],[-81.2112049154622,41.3872728057884],[-81.2116968972075,41.3872739144789],[-81.2119337778848,41.3872744477539]]]},"properties":{"source_county":"Geauga","jurisdiction":"Auburn Township","parcel_id":"01-075100","owner_name":"NOAH RONALD & SHARON","property_address":"11934 WASHINGTON ST","property_city":"AUBURN TOWNSHIP","property_zip":"44023"}},{"type":"Feature","geometry":{"type":"Polygon","coordinates":[[[-81.2147823396487,41.3964575588261],[-81.2149840852539,41.3952499082698],[-81.2150203714974,41.3952533466006],[-81.2150925727979,41.3952601857899],[-81.2150968301927,41.3952455767771],[-81.2151045269417,41.3952317887296],[-81.2151154090742,41.3952192766095],[-81.2151291175131,41.3952084532768],[-81.2151451999223,41.3951996758668],[-81.2151631256333,41.395193234006],[-81.215182303155,41.3951893402549],[-81.215202099691,41.3951881230947],[-81.2161500220816,41.3951950807736],[-81.2161635502511,41.3964655629813],[-81.2148190433155,41.3964584010861],[-81.2147822325204,41.3964582051251],[-81.2147823396487,41.3964575588261]]]},"properties":{"source_county":"Geauga","jurisdiction":"Auburn Township","parcel_id":"01-076400","owner_name":"FRATE BRUNO","property_address":"17444 RAVENNA RD","property_city":"AUBURN TOWNSHIP","property_zip":"44023"}},{"type":"Feature","geometry":{"type":"Polygon","coordinates":[[[-81.2099146081782,41.3848786955222],[-81.2104976765849,41.3848800164967],[-81.2104760530937,41.3872711583354],[-81.2098929634609,41.3872698372528],[-81.2099146081782,41.3848786955222]]]},"properties":{"source_county":"Geauga","jurisdiction":"Auburn Township","parcel_id":"01-078000","owner_name":"SLIWINSKI EDWARD & GAVIN MICHELLE","property_address":"11969 WASHINGTON ST","property_city":"AUBURN TOWNSHIP","property_zip":"44023"}},{"type":"Feature","geometry":{"type":"Polygon","coordinates":[[[-81.2142651126024,41.3887270411155],[-81.2143961631703,41.3879372705038],[-81.2149118052349,41.3879393909118],[-81.2148277064624,41.3884188072669],[-81.2160872294196,41.3884234896712],[-81.2161243178807,41.388423626209],[-81.2160713465592,41.3887407831234],[-81.2160342942458,41.3887405010838],[-81.2142651126024,41.3887270411155]]]},"properties":{"source_county":"Geauga","jurisdiction":"Auburn Township","parcel_id":"01-084600","owner_name":"17711 RAVENNA ROAD LLC","property_address":"17711 RAVENNA RD","property_city":"AUBURN TOWNSHIP","property_zip":"44023"}},{"type":"Feature","geometry":{"type":"Polygon","coordinates":[[[-81.2178062459638,41.3786950149145],[-81.2192725776011,41.3786995278125],[-81.2191948206989,41.3791473875337],[-81.2177284790699,41.3791428736515],[-81.2178062459638,41.3786950149145]]]},"properties":{"source_county":"Geauga","jurisdiction":"Auburn Township","parcel_id":"01-084710","owner_name":"TAMBURRO ANTHONY D & ANN","property_address":"18040 RAVENNA RD","property_city":"AUBURN TOWNSHIP","property_zip":"44023"}},{"type":"Feature","geometry":{"type":"Polygon","coordinates":[[[-81.2187655961366,41.3774084797532],[-81.2194967213392,41.3774084802947],[-81.2192725776011,41.3786995278125],[-81.2178062459638,41.3786950149145],[-81.217997724085,41.3775922693851],[-81.2180295654398,41.3774084734119],[-81.2187655961366,41.3774084797532]]]},"properties":{"source_county":"Geauga","jurisdiction":"Auburn Township","parcel_id":"01-084820","owner_name":"RUDDICK BRIAN P JR","property_address":"18090 RAVENNA RD","property_city":"AUBURN TOWNSHIP","property_zip":"44023"}},{"type":"Feature","geometry":{"type":"Polygon","coordinates":[[[-81.21475410643,41.3867079953236],[-81.2147543783887,41.3863598533895],[-81.2154832054454,41.3863735895238],[-81.2154828638162,41.3868172618987],[-81.2153020758269,41.3868162397152],[-81.2147540242761,41.3868131389629],[-81.21475410643,41.3867079953236]]]},"properties":{"source_county":"Geauga","jurisdiction":"Auburn Township","parcel_id":"01-085400","owner_name":"RICHARDSON EDWARD A & CROSS ANDREW LEE","property_address":" WASHINGTON ST","property_city":"AUBURN TOWNSHIP","property_zip":"44023"}},{"type":"Feature","geometry":{"type":"Polygon","coordinates":[[[-81.2147540242761,41.3868131389629],[-81.2153020758269,41.3868162397152],[-81.2153017342308,41.3872819771187],[-81.2152903808559,41.387281952022],[-81.2150255979702,41.3872813636459],[-81.2147536586897,41.3872807591745],[-81.2147540242761,41.3868131389629]]]},"properties":{"source_county":"Geauga","jurisdiction":"Auburn Township","parcel_id":"01-085500","owner_name":"RICHARDSON EDWARD A & CROSS ANDREW LEE","property_address":" WASHINGTON ST","property_city":"AUBURN TOWNSHIP","property_zip":"44023"}},{"type":"Feature","geometry":{"type":"Polygon","coordinates":[[[-81.2165797258803,41.386535267436],[-81.2170628206053,41.3865365106467],[-81.2169955590753,41.386929800018],[-81.2167897869905,41.3869294236961],[-81.2168001664048,41.3868878589575],[-81.2163834215514,41.3868873177642],[-81.2164444547666,41.3865352494957],[-81.2165797258803,41.386535267436]]]},"properties":{"source_county":"Geauga","jurisdiction":"Auburn Township","parcel_id":"01-085600","owner_name":"CROSS ANDREW L & ANNE M","property_address":"17774 RAVENNA RD","property_city":"AUBURN TOWNSHIP","property_zip":"44023"}},{"type":"Feature","geometry":{"type":"Polygon","coordinates":[[[-81.2232785935786,41.387289310094],[-81.2232911989522,41.3860964004699],[-81.2229267732039,41.3860964938177],[-81.222562347437,41.3860965869191],[-81.2221979192956,41.3860966779469],[-81.2222118978694,41.3844627069643],[-81.2226105138974,41.3844710106613],[-81.2231606725253,41.3843808772757],[-81.2240372460546,41.3843991282523],[-81.2240074401158,41.3872895025664],[-81.2232785935786,41.387289310094]]]},"properties":{"source_county":"Geauga","jurisdiction":"Auburn Township","parcel_id":"01-086300","owner_name":"BEAR MITCHELL EVAN & MADISON LYNN","property_address":"11611 WASHINGTON ST","property_city":"AUBURN TOWNSHIP","property_zip":"44023"}},{"type":"Feature","geometry":{"type":"Polygon","coordinates":[[[-81.217583876571,41.3799756189753],[-81.2229704648896,41.3799921128104],[-81.2229605630075,41.3804086781191],[-81.2175115745532,41.380391991056],[-81.217583876571,41.3799756189753]]]},"properties":{"source_county":"Geauga","jurisdiction":"Auburn Township","parcel_id":"01-087400","owner_name":"HUFFMAN REAL ESTATE COMPANY LLC","property_address":" RAVENNA RD","property_city":"AUBURN TOWNSHIP","property_zip":"44023"}},{"type":"Feature","geometry":{"type":"Polygon","coordinates":[[[-81.2150989036842,41.3830782242688],[-81.2158191764561,41.3830849151937],[-81.215060253388,41.3833003635642],[-81.2150989036842,41.3830782242688]]]},"properties":{"source_county":"Geauga","jurisdiction":"Auburn Township","parcel_id":"01-087600","owner_name":"SPIDALIERI ENTERPRISES LLC","property_address":" RAVENNA RD","property_city":"AUBURN TOWNSHIP","property_zip":"44023"}},{"type":"Feature","geometry":{"type":"Polygon","coordinates":[[[-81.2153551157958,41.3932483728501],[-81.2172301670356,41.3932619104694],[-81.2172330109547,41.3944893639502],[-81.2151504805382,41.3944741257813],[-81.2151137261204,41.3944738557937],[-81.2153185884261,41.39324747416],[-81.2153551157958,41.3932483728501]]]},"properties":{"source_county":"Geauga","jurisdiction":"Auburn Township","parcel_id":"01-088600","owner_name":"VARGA RACHEL & PETER","property_address":"17490 RAVENNA RD","property_city":"AUBURN TOWNSHIP","property_zip":"44023"}},{"type":"Feature","geometry":{"type":"Polygon","coordinates":[[[-81.221181466154,41.387288730829],[-81.2217757472266,41.3872888983722],[-81.2217571786282,41.3887559285065],[-81.221270548086,41.3887538537294],[-81.221163193409,41.3887533958609],[-81.221181466154,41.387288730829]]]},"properties":{"source_county":"Geauga","jurisdiction":"Auburn Township","parcel_id":"01-089100","owner_name":"HAMARY VICTORIA E & JUSTIN E","property_address":"11676 WASHINGTON ST","property_city":"AUBURN TOWNSHIP","property_zip":"44023"}},{"type":"Feature","geometry":{"type":"Polygon","coordinates":[[[-81.214680315919,41.3825251057343],[-81.2169015317963,41.3825457343101],[-81.2168749268973,41.3826781065015],[-81.2168252201648,41.3829638434948],[-81.2167475238199,41.3830935331755],[-81.2158191764561,41.3830849151937],[-81.2150989036842,41.3830782242688],[-81.2145849062095,41.3830734461117],[-81.214680315919,41.3825251057343]]]},"properties":{"source_county":"Geauga","jurisdiction":"Auburn Township","parcel_id":"01-089395","owner_name":"SPIDALIERI ENTERPRISES LLC","property_address":"17905 RAVENNA RD","property_city":"AUBURN TOWNSHIP","property_zip":"44023"}},{"type":"Feature","geometry":{"type":"Polygon","coordinates":[[[-81.2213983461616,41.3744027959257],[-81.2221926730012,41.3743979484428],[-81.2221823235744,41.3774084448364],[-81.2213879766417,41.3774084619117],[-81.2213983461616,41.3744027959257]]]},"properties":{"source_county":"Geauga","jurisdiction":"Auburn Township","parcel_id":"01-090100","owner_name":"IAMEC HOLDINGS LLC","property_address":"11659 TAYLOR MAY RD","property_city":"AUBURN TOWNSHIP","property_zip":"44023"}},{"type":"Feature","geometry":{"type":"Polygon","coordinates":[[[-81.2163834215514,41.3868873177642],[-81.2168001664048,41.3868878589575],[-81.2167897869905,41.3869294236961],[-81.2167850545896,41.3869483735779],[-81.216783430122,41.3872852588972],[-81.2163146153011,41.3872842233129],[-81.2163834215514,41.3868873177642]]]},"properties":{"source_county":"Geauga","jurisdiction":"Auburn Township","parcel_id":"01-091350","owner_name":"VANZ INDUSTRIES LLC","property_address":"11799 WASHINGTON ST","property_city":"AUBURN TOWNSHIP","property_zip":"44023"}},{"type":"Feature","geometry":{"type":"Polygon","coordinates":[[[-81.2094838032375,41.3946249355847],[-81.2094957276028,41.3926653763113],[-81.2146836187476,41.392694723807],[-81.2146085611384,41.3931440338921],[-81.2153020484282,41.3931261779459],[-81.2153390090107,41.3931252236334],[-81.2153185884261,41.39324747416],[-81.2152884247807,41.3934280490374],[-81.2120889363857,41.3934217678617],[-81.2119529859589,41.3942371955442],[-81.2141689286647,41.3942414398119],[-81.2151522428387,41.3942432847489],[-81.2150888075919,41.3946230248051],[-81.2150521515806,41.3946230386603],[-81.2094838032375,41.3946249355847]]]},"properties":{"source_county":"Geauga","jurisdiction":"Auburn Township","parcel_id":"01-094270","owner_name":"SQUIRE FARM OHIO LLC","property_address":" RAVENNA RD","property_city":"AUBURN TOWNSHIP","property_zip":"44023"}},{"type":"Feature","geometry":{"type":"Polygon","coordinates":[[[-81.2150521515806,41.3946230386603],[-81.2150888075919,41.3946230248051],[-81.2150390420212,41.3949209313313],[-81.2149840852539,41.3952499082698],[-81.2146792233716,41.3970747995031],[-81.2146426421091,41.3970744682664],[-81.2043684965615,41.3971238202356],[-81.2046213873684,41.3960638676302],[-81.2094751374439,41.3960487708479],[-81.2094822842318,41.3948745133844],[-81.2094838032375,41.3946249355847],[-81.2150521515806,41.3946230386603]]]},"properties":{"source_county":"Geauga","jurisdiction":"Auburn Township","parcel_id":"01-094280","owner_name":"SQUIRE FARM OHIO LLC","property_address":"17425 RAVENNA RD","property_city":"AUBURN TOWNSHIP","property_zip":"44023"}},{"type":"Feature","geometry":{"type":"Polygon","coordinates":[[[-81.2158558264881,41.3898092599455],[-81.2158928602602,41.3898094202568],[-81.2158783034726,41.3898965752767],[-81.2154641459932,41.3923760835209],[-81.2154140627792,41.3926759139863],[-81.2153770581953,41.3926768687324],[-81.2146836187476,41.392694723807],[-81.2094957276028,41.3926653763113],[-81.2095132743164,41.3897816932483],[-81.2158558264881,41.3898092599455]]]},"properties":{"source_county":"Geauga","jurisdiction":"Auburn Township","parcel_id":"01-094290","owner_name":"SQUIRE FARM OHIO LLC","property_address":"17647 RAVENNA RD","property_city":"AUBURN TOWNSHIP","property_zip":"44023"}},{"type":"Feature","geometry":{"type":"Polygon","coordinates":[[[-81.2273791745108,41.3981200145903],[-81.2280638953683,41.398126534025],[-81.2280608145369,41.3985381824226],[-81.2280558060904,41.3992072226135],[-81.2280556772733,41.3992242458443],[-81.2280544749089,41.3993844912382],[-81.2249812869068,41.3993727890194],[-81.2181799606952,41.3993466012692],[-81.2153823429823,41.3993357135375],[-81.2143684725082,41.399155140008],[-81.2143327282366,41.3991487735611],[-81.2144254683081,41.3985936833573],[-81.2144622504062,41.3985938790999],[-81.215228847124,41.3985979556726],[-81.2153230134022,41.3980342759307],[-81.2161538539822,41.3980386880189],[-81.2205014471633,41.3980616754102],[-81.2216977171139,41.3980714881538],[-81.2218089852884,41.3980711159263],[-81.2219183278659,41.3980719155553],[-81.2237051387752,41.3980849646633],[-81.2248324082289,41.3980957307716],[-81.2259575555917,41.3981064661631],[-81.2273791745108,41.3981200145903]]]},"properties":{"source_county":"Geauga","jurisdiction":"Auburn Township","parcel_id":"01-095100","owner_name":"SQUIRE FARM OHIO LLC","property_address":" RAVENNA RD","property_city":"AUBURN TOWNSHIP","property_zip":"44023"}},{"type":"Feature","geometry":{"type":"Polygon","coordinates":[[[-81.214263249368,41.399564629315],[-81.2143327282366,41.3991487735611],[-81.2143684725082,41.399155140008],[-81.2153823429823,41.3993357135375],[-81.2181799606952,41.3993466012692],[-81.2181628572446,41.3995847862117],[-81.2142999130903,41.3995654622708],[-81.2142631409809,41.3995652783007],[-81.214263249368,41.399564629315]]]},"properties":{"source_county":"Geauga","jurisdiction":"Auburn Township","parcel_id":"01-095350","owner_name":"17300 RAVENNA LLC","property_address":"17300 RAVENNA RD","property_city":"AUBURN TOWNSHIP","property_zip":"44023"}},{"type":"Feature","geometry":{"type":"Polygon","coordinates":[[[-81.2156157952055,41.3854082421516],[-81.2157551286244,41.3846045768989],[-81.2164657325197,41.3847164594535],[-81.2164195630357,41.3849799856717],[-81.2163819253119,41.3854223810982],[-81.2156157952055,41.3854082421516]]]},"properties":{"source_county":"Geauga","jurisdiction":"Auburn Township","parcel_id":"01-095800","owner_name":"44 EAST LLC","property_address":"17845 RAVENNA RD","property_city":"AUBURN TOWNSHIP","property_zip":"44023"}},{"type":"Feature","geometry":{"type":"Polygon","coordinates":[[[-81.2095769053692,41.3819283187909],[-81.2095813931101,41.3814327158233],[-81.2095868525232,41.3808299543859],[-81.2134546554362,41.3808660196383],[-81.2133592378874,41.3814143601517],[-81.2154674254996,41.3814339641613],[-81.2153953666012,41.3818481402959],[-81.2170350545536,41.3818633625684],[-81.217011715224,41.3819975288516],[-81.2143387275611,41.3819727009265],[-81.2095769053692,41.3819283187909]]]},"properties":{"source_county":"Geauga","jurisdiction":"Auburn Township","parcel_id":"01-104700","owner_name":"SIX DOG HOLDINGS LLC","property_address":" RAVENNA RD","property_city":"AUBURN TOWNSHIP","property_zip":"44023"}},{"type":"Feature","geometry":{"type":"Polygon","coordinates":[[[-81.2133915028213,41.3872777188232],[-81.2135497887898,41.3872780725411],[-81.2133105429548,41.3887197670638],[-81.2115102571715,41.3887060274553],[-81.2120096260425,41.3872746187069],[-81.2126626403437,41.387276085132],[-81.2130270709714,41.3872769029945],[-81.2133915028213,41.3872777188232]]]},"properties":{"source_county":"Geauga","jurisdiction":"Auburn Township","parcel_id":"01-108600","owner_name":"JILCIN LLC","property_address":"11900 WASHINGTON ST","property_city":"AUBURN TOWNSHIP","property_zip":"44023"}},{"type":"Feature","geometry":{"type":"Polygon","coordinates":[[[-81.2167897869905,41.3869294236961],[-81.2169955590753,41.386929800018],[-81.2169923178135,41.3869487520202],[-81.2167850545896,41.3869483735779],[-81.2167897869905,41.3869294236961]]]},"properties":{"source_county":"Geauga","jurisdiction":"Auburn Township","parcel_id":"01-108750","owner_name":"LUPCA DENNIS & HEATHER L","property_address":" WASHINGTON ST","property_city":"AUBURN TOWNSHIP","property_zip":"44023"}},{"type":"Feature","geometry":{"type":"Polygon","coordinates":[[[-81.2167850545896,41.3869483735779],[-81.2169923178135,41.3869487520202],[-81.2169346649667,41.3872855919889],[-81.216783430122,41.3872852588972],[-81.2167850545896,41.3869483735779]]]},"properties":{"source_county":"Geauga","jurisdiction":"Auburn Township","parcel_id":"01-108751","owner_name":"LUPCA DENNIS & HEATHER L","property_address":"11793 WASHINGTON ST","property_city":"AUBURN TOWNSHIP","property_zip":"44023"}},{"type":"Feature","geometry":{"type":"Polygon","coordinates":[[[-81.2170628206053,41.3865365106467],[-81.2174411876697,41.3865374816741],[-81.2173965930226,41.3867966723484],[-81.2173124160663,41.3872864241844],[-81.2169346649667,41.3872855919889],[-81.2169923178135,41.3869487520202],[-81.2169955590753,41.386929800018],[-81.2170628206053,41.3865365106467]]]},"properties":{"source_county":"Geauga","jurisdiction":"Auburn Township","parcel_id":"01-108752","owner_name":"LUPCA DENNIS & HEATHER L","property_address":"11785 WASHINGTON ST","property_city":"AUBURN TOWNSHIP","property_zip":"44023"}},{"type":"Feature","geometry":{"type":"Polygon","coordinates":[[[-81.21357874303,41.3801529053819],[-81.2175466910382,41.380189765968],[-81.2174514712217,41.3807381108532],[-81.2134833275705,41.3807012452027],[-81.21357874303,41.3801529053819]]]},"properties":{"source_county":"Geauga","jurisdiction":"Auburn Township","parcel_id":"01-110700","owner_name":"KOVALCHICK PETER A & DEBORAH C","property_address":"17985 RAVENNA RD","property_city":"AUBURN TOWNSHIP","property_zip":"44023"}},{"type":"Feature","geometry":{"type":"Polygon","coordinates":[[[-81.2143387275611,41.3819727009265],[-81.217011715224,41.3819975288516],[-81.2169180511314,41.3824635456468],[-81.2169015317963,41.3825457343101],[-81.214680315919,41.3825251057343],[-81.214533544586,41.3825237411791],[-81.2142433157848,41.3825210420046],[-81.2143387275611,41.3819727009265]]]},"properties":{"source_county":"Geauga","jurisdiction":"Auburn Township","parcel_id":"01-111850","owner_name":"SIX DOG HOLDINGS LLC","property_address":" RAVENNA RD","property_city":"AUBURN TOWNSHIP","property_zip":"44023"}},{"type":"Feature","geometry":{"type":"Polygon","coordinates":[[[-81.2108535821626,41.3877248638572],[-81.2111542398761,41.387725542252],[-81.2111458344184,41.3887032427149],[-81.2108451860902,41.388700944378],[-81.2108535821626,41.3877248638572]]]},"properties":{"source_county":"Geauga","jurisdiction":"Auburn Township","parcel_id":"01-112700","owner_name":"NOAH KATHLEEN M TOD","property_address":" WASHINGTON ST","property_city":"AUBURN TOWNSHIP","property_zip":"44023"}},{"type":"Feature","geometry":{"type":"Polygon","coordinates":[[[-81.2108574760653,41.3872720209587],[-81.2111581317059,41.3872726993435],[-81.2111542398761,41.387725542252],[-81.2108535821626,41.3877248638572],[-81.2108574760653,41.3872720209587]]]},"properties":{"source_county":"Geauga","jurisdiction":"Auburn Township","parcel_id":"01-112800","owner_name":"NOAH KATHLEEN M TOD","property_address":"11950 WASHINGTON ST","property_city":"AUBURN TOWNSHIP","property_zip":"44023"}},{"type":"Feature","geometry":{"type":"Polygon","coordinates":[[[-81.2097471907443,41.3872695071954],[-81.2098740591033,41.3872697950404],[-81.2098729495298,41.3886935065424],[-81.2095199124752,41.3886907597797],[-81.209521215593,41.3884765578531],[-81.2091604217316,41.3884758614267],[-81.2091677767214,41.3872682549345],[-81.209528532894,41.387269010428],[-81.2097471907443,41.3872695071954]]]},"properties":{"source_county":"Geauga","jurisdiction":"Auburn Township","parcel_id":"01-113800","owner_name":"WOOLF SANDRA L","property_address":"11990 WASHINGTON ST","property_city":"AUBURN TOWNSHIP","property_zip":"44023"}},{"type":"Feature","geometry":{"type":"Polygon","coordinates":[[[-81.2145564316286,41.3980302000735],[-81.2153230134022,41.3980342759307],[-81.215228847124,41.3985979556726],[-81.2144622504062,41.3985938790999],[-81.2144254683081,41.3985936833573],[-81.2145196414759,41.398030004268],[-81.2145564316286,41.3980302000735]]]},"properties":{"source_county":"Geauga","jurisdiction":"Auburn Township","parcel_id":"01-115800","owner_name":"WEIN JASON A & DEBBY","property_address":"17346 RAVENNA RD","property_city":"AUBURN TOWNSHIP","property_zip":"44023"}},{"type":"Feature","geometry":{"type":"Polygon","coordinates":[[[-81.216225647968,41.3875945352646],[-81.2162627658316,41.3875946729898],[-81.2162042404698,41.3879450965807],[-81.2161671384252,41.3879449346998],[-81.2153546048615,41.3879413880707],[-81.215370713301,41.3876768589354],[-81.2155866675118,41.387676681588],[-81.21564025407,41.3875923566898],[-81.216225647968,41.3875945352646]]]},"properties":{"source_county":"Geauga","jurisdiction":"Auburn Township","parcel_id":"01-117231","owner_name":"GANDY DANCER LLC","property_address":" RAVENNA RD","property_city":"AUBURN TOWNSHIP","property_zip":"44023"}},{"type":"Feature","geometry":{"type":"Polygon","coordinates":[[[-81.2136893929679,41.3863905228771],[-81.213790157412,41.3863907479169],[-81.213782172378,41.3872785925995],[-81.213681407785,41.3872783666657],[-81.2136893929679,41.3863905228771]]]},"properties":{"source_county":"Geauga","jurisdiction":"Auburn Township","parcel_id":"01-117371","owner_name":"44 EAST LLC","property_address":" WASHINGTON ST","property_city":"AUBURN TOWNSHIP","property_zip":"44023"}},{"type":"Feature","geometry":{"type":"Polygon","coordinates":[[[-81.2008061532536,41.3993416421425],[-81.2043149179465,41.3993652037758],[-81.2042504984572,41.4002817804676],[-81.2021911719066,41.40027429215],[-81.2014145303063,41.4002714577432],[-81.200800768058,41.3998236402769],[-81.2008061532536,41.3993416421425]]]},"properties":{"source_county":"Geauga","jurisdiction":"Auburn Township","parcel_id":"01-117401","owner_name":"WILKS GERALD A & ANNETTE V AKA ANNETTE","property_address":"17298 VALLEY RD","property_city":"AUBURN TOWNSHIP","property_zip":"44023"}},{"type":"Feature","geometry":{"type":"Polygon","coordinates":[[[-81.2179522201304,41.3868057430125],[-81.2180053461675,41.3858849729268],[-81.2185653563931,41.3859391496497],[-81.2184328239291,41.3868135871944],[-81.2179522201304,41.3868057430125]]]},"properties":{"source_county":"Geauga","jurisdiction":"Auburn Township","parcel_id":"01-117444","owner_name":"LA RUE ANNE M & GRECAR PATSY ANNE TRUSTEE","property_address":" WASHINGTON ST","property_city":"AUBURN TOWNSHIP","property_zip":"44023"}},{"type":"Feature","geometry":{"type":"Polygon","coordinates":[[[-81.2239780872134,41.3743870342593],[-81.2248707940968,41.3743815668432],[-81.224860511953,41.3774083464864],[-81.2239677820901,41.3774083864484],[-81.2239780872134,41.3743870342593]]]},"properties":{"source_county":"Geauga","jurisdiction":"Auburn Township","parcel_id":"01-117589","owner_name":"BUSHMAN JASON P","property_address":"11605 TAYLOR MAY RD","property_city":"AUBURN TOWNSHIP","property_zip":"44023"}},{"type":"Feature","geometry":{"type":"Polygon","coordinates":[[[-81.2108392522949,41.3833768989443],[-81.2108447061626,41.3827731094086],[-81.2105896203546,41.3827724025181],[-81.2095692854922,41.3827695721311],[-81.2095719316763,41.3824775004209],[-81.211187856122,41.3824925837175],[-81.2110266557291,41.3833774615182],[-81.2110116671277,41.3834597375882],[-81.2105834213542,41.3834585519528],[-81.2105841650725,41.3833762055604],[-81.2108392522949,41.3833768989443]]]},"properties":{"source_county":"Geauga","jurisdiction":"Auburn Township","parcel_id":"01-117632","owner_name":"BROSNAN ROBERT C JR","property_address":" RAVENNA RD","property_city":"AUBURN TOWNSHIP","property_zip":"44023"}},{"type":"Feature","geometry":{"type":"Polygon","coordinates":[[[-81.2156032690192,41.3854804968774],[-81.2156157952055,41.3854082421516],[-81.2163819253119,41.3854223810982],[-81.216375742463,41.3854950493213],[-81.2156032690192,41.3854804968774]]]},"properties":{"source_county":"Geauga","jurisdiction":"Auburn Township","parcel_id":"01-117664","owner_name":"44 EAST LLC","property_address":" RAVENNA RD","property_city":"AUBURN TOWNSHIP","property_zip":"44023"}},{"type":"Feature","geometry":{"type":"Polygon","coordinates":[[[-81.2230853801815,41.3743924947925],[-81.2239780872134,41.3743870342593],[-81.2239677820901,41.3774083864484],[-81.2230750522437,41.377408418627],[-81.2230853801815,41.3743924947925]]]},"properties":{"source_county":"Geauga","jurisdiction":"Auburn Township","parcel_id":"01-117667","owner_name":"PEMBERTON JAMES D","property_address":"11625 TAYLOR MAY RD","property_city":"AUBURN TOWNSHIP","property_zip":"44023"}},{"type":"Feature","geometry":{"type":"Polygon","coordinates":[[[-81.2169074654717,41.3884477622409],[-81.2169135935557,41.3884117904902],[-81.2174587949526,41.388423375627],[-81.2174663617272,41.3876490797159],[-81.2172525499883,41.3876486106956],[-81.2172153106063,41.3875424728447],[-81.2172163308422,41.3874738917263],[-81.217222019664,41.3873685626077],[-81.2172223411744,41.3872862260834],[-81.2173452266546,41.3872864967431],[-81.2173441540715,41.3873962779448],[-81.2176538117227,41.3873969608225],[-81.2176548838234,41.3872871778173],[-81.2179163294956,41.3872877529507],[-81.2179017051777,41.3887394359465],[-81.2171582268213,41.3887362406522],[-81.2168585464573,41.3887349511435],[-81.2169074654717,41.3884477622409]]]},"properties":{"source_county":"Geauga","jurisdiction":"Auburn Township","parcel_id":"01-117683","owner_name":"AUBURN CORNERS INVESTMENTS LLC","property_address":"11782 WASHINGTON ST","property_city":"AUBURN TOWNSHIP","property_zip":"44023"}},{"type":"Feature","geometry":{"type":"Polygon","coordinates":[[[-81.2221926730012,41.3743979484428],[-81.2230853801815,41.3743924947925],[-81.2230750522437,41.377408418627],[-81.2221823235744,41.3774084448364],[-81.2221926730012,41.3743979484428]]]},"properties":{"source_county":"Geauga","jurisdiction":"Auburn Township","parcel_id":"01-117733","owner_name":"LIOTTA SALVATORE J III","property_address":"11645 TAYLOR MAY RD","property_city":"AUBURN TOWNSHIP","property_zip":"44023"}},{"type":"Feature","geometry":{"type":"Polygon","coordinates":[[[-81.2159815013396,41.3910459088827],[-81.2163871220699,41.3911703710668],[-81.2164619928687,41.3911908177356],[-81.2165387533566,41.3912068044296],[-81.2163422888953,41.3923830810592],[-81.2155741137374,41.3923775148517],[-81.2157818430924,41.3911338759867],[-81.2157897525555,41.3911094987604],[-81.2158048063032,41.391087110965],[-81.2158262177757,41.3910678823546],[-81.2158528682274,41.3910528176163],[-81.2158833651811,41.391042703876],[-81.2159161151842,41.3910380695719],[-81.2159494070651,41.3910391568439],[-81.2159815013396,41.3910459088827]]]},"properties":{"source_county":"Geauga","jurisdiction":"Auburn Township","parcel_id":"01-117752","owner_name":"SPATARO JOHN & WOOD ARCANGELA","property_address":" DERBYSHIRE LN","property_city":"AUBURN TOWNSHIP","property_zip":"44023"}},{"type":"Feature","geometry":{"type":"Polygon","coordinates":[[[-81.2163422888953,41.3923830810592],[-81.2165387533566,41.3912068044296],[-81.2165972229587,41.3912158003927],[-81.2166562908941,41.3912222070938],[-81.2167157551465,41.3912260026218],[-81.2167754123438,41.3912271739955],[-81.2173006675521,41.3912263984044],[-81.21710656501,41.3923886142867],[-81.2163422888953,41.3923830810592]]]},"properties":{"source_county":"Geauga","jurisdiction":"Auburn Township","parcel_id":"01-117753","owner_name":"SPATARO JOHN & WOOD ARCANGELA","property_address":"11800 DERBYSHIRE LN","property_city":"AUBURN TOWNSHIP","property_zip":"44023"}},{"type":"Feature","geometry":{"type":"Polygon","coordinates":[[[-81.2173006675521,41.3912263984044],[-81.2180660420744,41.3912252655145],[-81.2178708412534,41.3923941424707],[-81.21710656501,41.3923886142867],[-81.2173006675521,41.3912263984044]]]},"properties":{"source_county":"Geauga","jurisdiction":"Auburn Township","parcel_id":"01-117754","owner_name":"MAGEE STACY & DAVID","property_address":"11780 DERBYSHIRE LN","property_city":"AUBURN TOWNSHIP","property_zip":"44023"}},{"type":"Feature","geometry":{"type":"Polygon","coordinates":[[[-81.2179089066199,41.3927023909208],[-81.2179602758047,41.3923947885738],[-81.2178708412534,41.3923941424707],[-81.2180660420744,41.3912252655145],[-81.2192831574608,41.3912234527216],[-81.2193118334019,41.3912255538458],[-81.219339400605,41.3912318608491],[-81.2193647823365,41.3912421273893],[-81.219386987223,41.3912559524709],[-81.2194051479723,41.3912727961067],[-81.2194185552486,41.3912920004088],[-81.2194266853785,41.3913128152844],[-81.2194292208052,41.3913344277335],[-81.2194277041799,41.3914402334052],[-81.2194305285173,41.3915063262777],[-81.2194408875639,41.3915719916173],[-81.2194587046402,41.3916367432158],[-81.219483847844,41.391700101629],[-81.2179089066199,41.3927023909208]]]},"properties":{"source_county":"Geauga","jurisdiction":"Auburn Township","parcel_id":"01-117755","owner_name":"DOONEY ANTONIETTA TTE AKA JOANN TRUSTEE","property_address":"11750 DERBYSHIRE LN","property_city":"AUBURN TOWNSHIP","property_zip":"44023"}},{"type":"Feature","geometry":{"type":"Polygon","coordinates":[[[-81.2179089066199,41.3927023909208],[-81.219483847844,41.391700101629],[-81.2195129446667,41.3917558435581],[-81.2195477178917,41.3918097097345],[-81.2195879563034,41.3918613729494],[-81.2196334154863,41.3919105193749],[-81.2196838193096,41.3919568504706],[-81.2197388616042,41.3920000847975],[-81.2197982080227,41.3920399597271],[-81.2198614980701,41.3920762330377],[-81.2189638601238,41.3932744854456],[-81.2185050395966,41.3932711274926],[-81.2178671880915,41.3932665620662],[-81.2178147808713,41.3932661385459],[-81.2179089066199,41.3927023909208]]]},"properties":{"source_county":"Geauga","jurisdiction":"Auburn Township","parcel_id":"01-117756","owner_name":"HUEFNER JAMES ROBERT","property_address":"11730 COLCHESTER DR","property_city":"AUBURN TOWNSHIP","property_zip":"44023"}},{"type":"Feature","geometry":{"type":"Polygon","coordinates":[[[-81.2189638601238,41.3932744854456],[-81.2198614980701,41.3920762330377],[-81.2199260883616,41.3921075555383],[-81.2199936247565,41.3921351301645],[-81.2200637244944,41.3921588006368],[-81.2201359902861,41.3921784328023],[-81.2202100125648,41.3921939153952],[-81.2202853718079,41.3922051606675],[-81.2203616409148,41.3922121048862],[-81.2204383876275,41.3922147086946],[-81.2204917490652,41.3922150929505],[-81.2200572378953,41.3932823305104],[-81.219142861635,41.3932757332056],[-81.2189638601238,41.3932744854456]]]},"properties":{"source_county":"Geauga","jurisdiction":"Auburn Township","parcel_id":"01-117757","owner_name":"MUSIEL JOAN E & GERALD M","property_address":"11720 COLCHESTER DR","property_city":"AUBURN TOWNSHIP","property_zip":"44023"}},{"type":"Feature","geometry":{"type":"Polygon","coordinates":[[[-81.2204917490652,41.3922150929505],[-81.2211295310793,41.3922196882942],[-81.2211141114583,41.3932899908773],[-81.220135345477,41.393282893859],[-81.2200572378953,41.3932823305104],[-81.2204917490652,41.3922150929505]]]},"properties":{"source_county":"Geauga","jurisdiction":"Auburn Township","parcel_id":"01-117758","owner_name":"CURRETT LISA M & WEISEND CASSANDRA D","property_address":"11690 COLCHESTER DR","property_city":"AUBURN TOWNSHIP","property_zip":"44023"}},{"type":"Feature","geometry":{"type":"Polygon","coordinates":[[[-81.2211295310793,41.3922196882942],[-81.2219677510315,41.3922257214301],[-81.2219523462649,41.3932960241362],[-81.2219142890726,41.393295750928],[-81.221209835505,41.3932906804977],[-81.2211141114583,41.3932899908773],[-81.2211295310793,41.3922196882942]]]},"properties":{"source_county":"Geauga","jurisdiction":"Auburn Township","parcel_id":"01-117759","owner_name":"HEIFERLING MARK J & ARLENE S","property_address":"11670 COLCHESTER DR","property_city":"AUBURN TOWNSHIP","property_zip":"44023"}},{"type":"Feature","geometry":{"type":"Polygon","coordinates":[[[-81.2219677510315,41.3922257214301],[-81.2228059711201,41.3922317493997],[-81.2227905800124,41.3933020522155],[-81.2222120062884,41.3932978924922],[-81.2219523462649,41.3932960241362],[-81.2219677510315,41.3922257214301]]]},"properties":{"source_county":"Geauga","jurisdiction":"Auburn Township","parcel_id":"01-117760","owner_name":"LISTON RICK A & KATHLEEN S","property_address":"11650 COLCHESTER DR","property_city":"AUBURN TOWNSHIP","property_zip":"44023"}},{"type":"Feature","geometry":{"type":"Polygon","coordinates":[[[-81.2228059711201,41.3922317493997],[-81.2236441925581,41.3922377713158],[-81.2236288139311,41.3933080733277],[-81.2227905800124,41.3933020522155],[-81.2228059711201,41.3922317493997]]]},"properties":{"source_county":"Geauga","jurisdiction":"Auburn Township","parcel_id":"01-117761","owner_name":"AMSTUTZ SCOTT A & KELLY S","property_address":"11630 COLCHESTER DR","property_city":"AUBURN TOWNSHIP","property_zip":"44023"}},{"type":"Feature","geometry":{"type":"Polygon","coordinates":[[[-81.2236441925581,41.3922377713158],[-81.2243544293626,41.3922428682533],[-81.2243828653586,41.3922451850998],[-81.2244101533622,41.3922516383357],[-81.224435242992,41.3922619795604],[-81.2244571684862,41.3922758107151],[-81.2244750858769,41.3922925994049],[-81.2244883054762,41.3923116993917],[-81.2244963184245,41.3923323754693],[-81.224498816278,41.392353831763],[-81.2244850303419,41.3933142179889],[-81.2236288139311,41.3933080733277],[-81.2236441925581,41.3922377713158]]]},"properties":{"source_county":"Geauga","jurisdiction":"Auburn Township","parcel_id":"01-117762","owner_name":"CLUTTER AUSTIN & RUSSELL EMILY","property_address":"11600 COLCHESTER DR","property_city":"AUBURN TOWNSHIP","property_zip":"44023"}},{"type":"Feature","geometry":{"type":"Polygon","coordinates":[[[-81.2248646515722,41.3922465277501],[-81.2255757231691,41.3922516227854],[-81.2255603759992,41.3933219259497],[-81.2247037002148,41.3933157868836],[-81.2247174872479,41.3923551179101],[-81.2247205910258,41.3923337418323],[-81.224729168644,41.3923132314298],[-81.224742891004,41.3922943736157],[-81.2247612316227,41.3922778918987],[-81.2247834868319,41.3922644186241],[-81.2248088027763,41.3922544707138],[-81.2248362081721,41.3922484298334],[-81.2248646515722,41.3922465277501]]]},"properties":{"source_county":"Geauga","jurisdiction":"Auburn Township","parcel_id":"01-117763","owner_name":"MILLS SIMONA T & PHILIP W TRUSTEES","property_address":"11570 COLCHESTER DR","property_city":"AUBURN TOWNSHIP","property_zip":"44023"}},{"type":"Feature","geometry":{"type":"Polygon","coordinates":[[[-81.223917007107,41.3910046085787],[-81.2247552129853,41.3910106224558],[-81.2247398522269,41.3920809519841],[-81.2239016338855,41.3920749380107],[-81.223917007107,41.3910046085787]]]},"properties":{"source_county":"Geauga","jurisdiction":"Auburn Township","parcel_id":"01-117771","owner_name":"WYATT JACK D & ELIZABETH K","property_address":"11601 COLCHESTER DR","property_city":"AUBURN TOWNSHIP","property_zip":"44023"}},{"type":"Feature","geometry":{"type":"Polygon","coordinates":[[[-81.2230788025605,41.3909985895486],[-81.223917007107,41.3910046085787],[-81.2239016338855,41.3920749380107],[-81.2230634156803,41.3920689188711],[-81.2230788025605,41.3909985895486]]]},"properties":{"source_county":"Geauga","jurisdiction":"Auburn Township","parcel_id":"01-117772","owner_name":"SULKEY MICHAEL R & MARY ANN","property_address":"11621 COLCHESTER DR","property_city":"AUBURN TOWNSHIP","property_zip":"44023"}},{"type":"Feature","geometry":{"type":"Polygon","coordinates":[[[-81.2222405981851,41.3909925635516],[-81.2230788025605,41.3909985895486],[-81.2230634156803,41.3920689188711],[-81.2222251964506,41.3920628927513],[-81.2222405981851,41.3909925635516]]]},"properties":{"source_county":"Geauga","jurisdiction":"Auburn Township","parcel_id":"01-117773","owner_name":"CILLIAN DAVID J TOD","property_address":"11645 COLCHESTER DR","property_city":"AUBURN TOWNSHIP","property_zip":"44023"}},{"type":"Feature","geometry":{"type":"Polygon","coordinates":[[[-81.2214023927505,41.3909865323753],[-81.2222405981851,41.3909925635516],[-81.2222251964506,41.3920628927513],[-81.2213869785529,41.3920568614783],[-81.2214023927505,41.3909865323753]]]},"properties":{"source_county":"Geauga","jurisdiction":"Auburn Township","parcel_id":"01-117774","owner_name":"MARTIN STEVEN R & KIM M","property_address":"11675 COLCHESTER DR","property_city":"AUBURN TOWNSHIP","property_zip":"44023"}},{"type":"Feature","geometry":{"type":"Polygon","coordinates":[[[-81.2205660108905,41.3909805071729],[-81.2214023927505,41.3909865323753],[-81.2213869785529,41.3920568614783],[-81.2205505830639,41.3920508361663],[-81.2205660108905,41.3909805071729]]]},"properties":{"source_county":"Geauga","jurisdiction":"Auburn Township","parcel_id":"01-117775","owner_name":"ROSTOCIL NATHAN J TRUSTEE","property_address":"11695 COLCHESTER DR","property_city":"CHAGRIN FALLS","property_zip":"44023"}},{"type":"Feature","geometry":{"type":"Polygon","coordinates":[[[-81.2196530978244,41.3909739252014],[-81.2205660108905,41.3909805071729],[-81.2205505830639,41.3920508361663],[-81.2204404515497,41.3920500426267],[-81.2203617415293,41.3920465554059],[-81.2202838669014,41.3920372634836],[-81.2202075807164,41.3920222567129],[-81.2201336206632,41.3920016802098],[-81.2200627019349,41.3919757329496],[-81.2199955103129,41.3919446658425],[-81.2199326955348,41.3919087793076],[-81.2198748650112,41.3918684203672],[-81.2198225779521,41.3918239792909],[-81.2197763399592,41.3917758858219],[-81.2197365981373,41.3917246050208],[-81.2197037367706,41.3916706327682],[-81.2196780736075,41.3916144909697],[-81.2196598567888,41.3915567225089],[-81.2196492624482,41.3914978859976],[-81.2196463930106,41.3914385503738],[-81.2196530978244,41.3909739252014]]]},"properties":{"source_county":"Geauga","jurisdiction":"Auburn Township","parcel_id":"01-117776","owner_name":"PRESLEY DAVID P & SARAH E TRUSTEES","property_address":"11725 COLCHESTER DR","property_city":"AUBURN TOWNSHIP","property_zip":"44023"}},{"type":"Feature","geometry":{"type":"Polygon","coordinates":[[[-81.2158478314955,41.3907392002],[-81.2159868551377,41.3899068581849],[-81.2168457960648,41.3899882158367],[-81.2166805620921,41.3910585485859],[-81.2166265835651,41.3910524629931],[-81.2165732799251,41.3910436259145],[-81.2165208981949,41.3910320783035],[-81.2164696811244,41.3910178736747],[-81.2159374602828,41.3908545663048],[-81.215916204257,41.3908464600316],[-81.2158969855397,41.3908358546251],[-81.2158803174919,41.390823033372],[-81.2158666453413,41.3908083387481],[-81.2158563342901,41.3907921632692],[-81.2158496597594,41.3907749390069],[-81.2158468000331,41.390757126047],[-81.2158478314955,41.3907392002]]]},"properties":{"source_county":"Geauga","jurisdiction":"Auburn Township","parcel_id":"01-117777","owner_name":"SMITH ANISSA & FEHRING CHRISTOPHER","property_address":"11815 DERBYSHIRE LN","property_city":"AUBURN TOWNSHIP","property_zip":"44023"}},{"type":"Feature","geometry":{"type":"Polygon","coordinates":[[[-81.2166805620921,41.3910585485859],[-81.2168457960648,41.3899882158367],[-81.2176937471112,41.3900685259494],[-81.2175347100544,41.3910606804187],[-81.2167747733443,41.3910625031116],[-81.2167275903752,41.3910615707721],[-81.2166805620921,41.3910585485859]]]},"properties":{"source_county":"Geauga","jurisdiction":"Auburn Township","parcel_id":"01-117778","owner_name":"HOFER PAMELA S","property_address":"11789 DERBYSHIRE LN","property_city":"AUBURN TOWNSHIP","property_zip":"44023"}},{"type":"Feature","geometry":{"type":"Polygon","coordinates":[[[-81.2175347100544,41.3910606804187],[-81.2176937471112,41.3900685259494],[-81.2181550048731,41.3901122090258],[-81.2182634844445,41.3901224826898],[-81.2187974845398,41.3910576403539],[-81.2175347100544,41.3910606804187]]]},"properties":{"source_county":"Geauga","jurisdiction":"Auburn Township","parcel_id":"01-117779","owner_name":"LUKAS JAMIE & LISA","property_address":"11779 DERBYSHIRE LN","property_city":"AUBURN TOWNSHIP","property_zip":"44023"}},{"type":"Feature","geometry":{"type":"Polygon","coordinates":[[[-81.2181550048731,41.3901122090258],[-81.2182459532544,41.3895675683428],[-81.2194910474592,41.3902757827464],[-81.2194699663449,41.3903318054233],[-81.2194545786471,41.3903888693456],[-81.2194449727302,41.3904466468772],[-81.2194412037627,41.3905048062835],[-81.2194358568734,41.3908753689219],[-81.219434810463,41.3909478616277],[-81.2194317532696,41.3909690662788],[-81.2194233089336,41.3909894255385],[-81.2194097962016,41.3910081708985],[-81.2193917251401,41.3910245947701],[-81.219369777882,41.3910380771946],[-81.2193447828783,41.3910481092448],[-81.219317683626,41.3910543122362],[-81.2192895030533,41.3910564520214],[-81.2187974845398,41.3910576403539],[-81.2182634844445,41.3901224826898],[-81.2181550048731,41.3901122090258]]]},"properties":{"source_county":"Geauga","jurisdiction":"Auburn Township","parcel_id":"01-117780","owner_name":"ZAHURANEC ANDREW & JACQUELINE TRUSTEES","property_address":"11755 DERBYSHIRE LN","property_city":"AUBURN TOWNSHIP","property_zip":"44023"}},{"type":"Feature","geometry":{"type":"Polygon","coordinates":[[[-81.213790157412,41.3863907479169],[-81.2137905981549,41.3863416813796],[-81.2147543783887,41.3863598533895],[-81.21475410643,41.3867079953236],[-81.2138473924081,41.386705640348],[-81.2138239508776,41.387278685617],[-81.213782172378,41.3872785925995],[-81.213790157412,41.3863907479169]]]},"properties":{"source_county":"Geauga","jurisdiction":"Auburn Township","parcel_id":"01-118051","owner_name":"GIEL JACOB","property_address":" WASHINGTON ST","property_city":"AUBURN TOWNSHIP","property_zip":"44023"}},{"type":"Feature","geometry":{"type":"Polygon","coordinates":[[[-81.2183838946878,41.3887415054492],[-81.2189961452004,41.3887441301308],[-81.2198699917248,41.3898870171188],[-81.21980560003,41.3899245206738],[-81.2197453826568,41.3899657700496],[-81.2196897227974,41.3900105027621],[-81.219638974645,41.3900584341607],[-81.2195934611401,41.3901092592402],[-81.2195534719152,41.3901626545807],[-81.2195192614514,41.3902182804063],[-81.2194910474592,41.3902757827464],[-81.2182459532544,41.3895675683428],[-81.2183838946878,41.3887415054492]]]},"properties":{"source_county":"Geauga","jurisdiction":"Auburn Township","parcel_id":"01-118123","owner_name":"BROWN LARRY T & JODI","property_address":"11735 LANCASTER DR","property_city":"AUBURN TOWNSHIP","property_zip":"44023"}},{"type":"Feature","geometry":{"type":"Polygon","coordinates":[[[-81.2199511178192,41.3887482179751],[-81.2202671124289,41.3887495690047],[-81.2204713732714,41.389744727594],[-81.2203913236952,41.3897465168704],[-81.2203117069422,41.3897530279574],[-81.2202330133601,41.3897642207543],[-81.2201557276116,41.3897800263261],[-81.2200803256896,41.3898003473287],[-81.2200072719858,41.3898250586077],[-81.2199370164312,41.3898540079696],[-81.2198699917248,41.3898870171188],[-81.2189961452004,41.3887441301308],[-81.2199511178192,41.3887482179751]]]},"properties":{"source_county":"Geauga","jurisdiction":"Auburn Township","parcel_id":"01-118124","owner_name":"BLAZEY MATTHEW R & HOLLI C","property_address":"11715 LANCASTER DR","property_city":"AUBURN TOWNSHIP","property_zip":"44023"}},{"type":"Feature","geometry":{"type":"Polygon","coordinates":[[[-81.221163193409,41.3887533958609],[-81.221270548086,41.3887538537294],[-81.2212562571323,41.3897503822254],[-81.2204713732714,41.389744727594],[-81.2202671124289,41.3887495690047],[-81.2205681811252,41.3887508560251],[-81.221163193409,41.3887533958609]]]},"properties":{"source_county":"Geauga","jurisdiction":"Auburn Township","parcel_id":"01-118125","owner_name":"SMITH MATTHEW J & GILLIAN H","property_address":"11685 LANCASTER DR","property_city":"AUBURN TOWNSHIP","property_zip":"44023"}},{"type":"Feature","geometry":{"type":"Polygon","coordinates":[[[-81.2217571786282,41.3887559285065],[-81.2221451926872,41.3887575812617],[-81.222130878209,41.3897566768978],[-81.2212562571323,41.3897503822254],[-81.221270548086,41.3887538537294],[-81.2217571786282,41.3887559285065]]]},"properties":{"source_county":"Geauga","jurisdiction":"Auburn Township","parcel_id":"01-118126","owner_name":"STEPHENS DENNISON C","property_address":"11665 LANCASTER DR","property_city":"AUBURN TOWNSHIP","property_zip":"44023"}},{"type":"Feature","geometry":{"type":"Polygon","coordinates":[[[-81.2229462803444,41.3887609890272],[-81.2230198374049,41.3887613012879],[-81.2230054994533,41.3897629649648],[-81.222130878209,41.3897566768978],[-81.2221451926872,41.3887575812617],[-81.2223521921994,41.3887584622466],[-81.2229462803444,41.3887609890272]]]},"properties":{"source_county":"Geauga","jurisdiction":"Auburn Township","parcel_id":"01-118127","owner_name":"MEYERS CHARLES E & JESSICA A","property_address":"11645 LANCASTER DR","property_city":"AUBURN TOWNSHIP","property_zip":"44023"}},{"type":"Feature","geometry":{"type":"Polygon","coordinates":[[[-81.2235382832292,41.3887635041831],[-81.2239054873873,41.3887619255576],[-81.2238910813744,41.3897693257829],[-81.2230054994533,41.3897629649648],[-81.2230198374049,41.3887613012879],[-81.2235382832292,41.3887635041831]]]},"properties":{"source_county":"Geauga","jurisdiction":"Auburn Township","parcel_id":"01-118128","owner_name":"BUNTON TED S & ELIZABETH M","property_address":"11625 LANCASTER DR","property_city":"AUBURN TOWNSHIP","property_zip":"44023"}},{"type":"Feature","geometry":{"type":"Polygon","coordinates":[[[-81.2247224162297,41.3887584083512],[-81.2247729895592,41.3887581908201],[-81.2247584537272,41.3897755486443],[-81.2238910813744,41.3897693257829],[-81.2239054873873,41.3887619255576],[-81.2241308580153,41.3887609552756],[-81.2247224162297,41.3887584083512]]]},"properties":{"source_county":"Geauga","jurisdiction":"Auburn Township","parcel_id":"01-118129","owner_name":"SPEHN WILLIAM G & LINDA A","property_address":"11605 LANCASTER DR","property_city":"AUBURN TOWNSHIP","property_zip":"44023"}},{"type":"Feature","geometry":{"type":"Polygon","coordinates":[[[-81.2239320338198,41.3899343002346],[-81.2247702236488,41.3899403139783],[-81.2247552129853,41.3910106224558],[-81.223917007107,41.3910046085787],[-81.2239320338198,41.3899343002346]]]},"properties":{"source_county":"Geauga","jurisdiction":"Auburn Township","parcel_id":"01-118138","owner_name":"DEMKO BENJAMIN & SARAH","property_address":"11600 LANCASTER DR","property_city":"AUBURN TOWNSHIP","property_zip":"44023"}},{"type":"Feature","geometry":{"type":"Polygon","coordinates":[[[-81.2230938417532,41.389928280398],[-81.2239320338198,41.3899343002346],[-81.223917007107,41.3910046085787],[-81.2230788025605,41.3909985895486],[-81.2230938417532,41.389928280398]]]},"properties":{"source_county":"Geauga","jurisdiction":"Auburn Township","parcel_id":"01-118139","owner_name":"CZAJKA TIMOTHY K & AMANDA M","property_address":"11620 LANCASTER DR","property_city":"AUBURN TOWNSHIP","property_zip":"44023"}},{"type":"Feature","geometry":{"type":"Polygon","coordinates":[[[-81.2222556522139,41.3899222554217],[-81.2230938417532,41.389928280398],[-81.2230788025605,41.3909985895486],[-81.2222405981851,41.3909925635516],[-81.2222556522139,41.3899222554217]]]},"properties":{"source_county":"Geauga","jurisdiction":"Auburn Township","parcel_id":"01-118140","owner_name":"KIMBROUGH JOHN & RUBIE CAROLEEN DKHAR","property_address":"11640 LANCASTER DR","property_city":"AUBURN TOWNSHIP","property_zip":"44023"}},{"type":"Feature","geometry":{"type":"Polygon","coordinates":[[[-81.2214174616504,41.3899162234654],[-81.2222556522139,41.3899222554217],[-81.2222405981851,41.3909925635516],[-81.2214023927505,41.3909865323753],[-81.2214174616504,41.3899162234654]]]},"properties":{"source_county":"Geauga","jurisdiction":"Auburn Township","parcel_id":"01-118141","owner_name":"MC CALL MICHAEL T & MARGARET A","property_address":"11660 LANCASTER DR","property_city":"AUBURN TOWNSHIP","property_zip":"44023"}},{"type":"Feature","geometry":{"type":"Polygon","coordinates":[[[-81.2205810922056,41.3899101992572],[-81.2214174616504,41.3899162234654],[-81.2214023927505,41.3909865323753],[-81.2205660108905,41.3909805071729],[-81.2205810922056,41.3899101992572]]]},"properties":{"source_county":"Geauga","jurisdiction":"Auburn Township","parcel_id":"01-118142","owner_name":"GOGLIN MARGARET E & ERIC A","property_address":"11680 LANCASTER DR","property_city":"AUBURN TOWNSHIP","property_zip":"44023"}},{"type":"Feature","geometry":{"type":"Polygon","coordinates":[[[-81.2204692808057,41.389909393449],[-81.2205810922056,41.3899101992572],[-81.2205660108905,41.3909805071729],[-81.2196530978244,41.3909739252014],[-81.2196544928776,41.3908771577937],[-81.2196598559377,41.3905054570552],[-81.2196647029973,41.3904464347574],[-81.2196771935385,41.3903880525816],[-81.2196972077349,41.3903308705149],[-81.2197245535967,41.3902754370317],[-81.2197589688124,41.3902222838333],[-81.219800123266,41.3901719207477],[-81.2198476222033,41.3901248308402],[-81.2199010100191,41.3900814657798],[-81.2199597746272,41.3900422415073],[-81.2200233523724,41.390007534246],[-81.220091133437,41.3899776768933],[-81.2201624676895,41.389952955828],[-81.2202366709205,41.3899336081634],[-81.2203130314044,41.3899198194735],[-81.2203908167263,41.389911722013],[-81.2204692808057,41.389909393449]]]},"properties":{"source_county":"Geauga","jurisdiction":"Auburn Township","parcel_id":"01-118143","owner_name":"DIEHL JAMES J & HYSEK DARLENE M","property_address":"11700 LANCASTER DR","property_city":"AUBURN TOWNSHIP","property_zip":"44023"}},{"type":"Feature","geometry":{"type":"Polygon","coordinates":[[[-81.2179017051777,41.3887394359465],[-81.2179163294956,41.3872877529507],[-81.2185497144677,41.3872879494339],[-81.2185463899146,41.3876287755118],[-81.2189884480172,41.3876297446887],[-81.2189917793648,41.3872880847978],[-81.2196344662002,41.3872882782881],[-81.2196384715302,41.3876537566345],[-81.2199391289898,41.3876544131226],[-81.2199511178192,41.3887482179751],[-81.2189961452004,41.3887441301308],[-81.2183838946878,41.3887415054492],[-81.2179017051777,41.3887394359465]]]},"properties":{"source_county":"Geauga","jurisdiction":"Auburn Township","parcel_id":"01-118377","owner_name":"BURTON INSURANCE AGENCY INC","property_address":" WASHINGTON ST","property_city":"AUBURN TOWNSHIP","property_zip":"44023"}},{"type":"Feature","geometry":{"type":"Polygon","coordinates":[[[-81.2235567979821,41.387289383658],[-81.2241488130745,41.3872895392607],[-81.2241308580153,41.3887609552756],[-81.2239054873873,41.3887619255576],[-81.2235382832292,41.3887635041831],[-81.2235567979821,41.387289383658]]]},"properties":{"source_county":"Geauga","jurisdiction":"Auburn Township","parcel_id":"01-118519","owner_name":"DENT YONKERS GAY & YONKERS MARK TRUSTEES","property_address":"11610 WASHINGTON ST","property_city":"AUBURN TOWNSHIP","property_zip":"44023"}},{"type":"Feature","geometry":{"type":"Polygon","coordinates":[[[-81.2161635502511,41.3964655629813],[-81.2167868931488,41.3964688789343],[-81.2169138052817,41.3965661293944],[-81.2170974931838,41.396706885994],[-81.2170952120649,41.3969507338648],[-81.2147388803167,41.3969382067713],[-81.2147020752313,41.3969380108511],[-81.2147822325204,41.3964582051251],[-81.2148190433155,41.3964584010861],[-81.2161635502511,41.3964655629813]]]},"properties":{"source_county":"Geauga","jurisdiction":"Auburn Township","parcel_id":"01-118592","owner_name":"PIUNNO JOSEPH A JR TOD","property_address":" RAVENNA RD","property_city":"AUBURN TOWNSHIP","property_zip":"44023"}},{"type":"Feature","geometry":{"type":"Polygon","coordinates":[[[-81.2151504805382,41.3944741257813],[-81.2172330109547,41.3944893639502],[-81.2172342308275,41.3950383480754],[-81.2152549289159,41.3950238302594],[-81.2152320782447,41.395021837159],[-81.2152102869989,41.3950162882888],[-81.2151905196429,41.3950074292375],[-81.2151736510639,41.3949956521002],[-81.2151604278504,41.3949814781238],[-81.215151435249,41.3949655346372],[-81.2151470712614,41.394948527286],[-81.2151475290305,41.3949312088008],[-81.2150753113644,41.3949243685591],[-81.2150390420212,41.3949209313313],[-81.2151137261204,41.3944738557937],[-81.2151504805382,41.3944741257813]]]},"properties":{"source_county":"Geauga","jurisdiction":"Auburn Township","parcel_id":"01-118710","owner_name":"NOSEK FRANK AKA FRANK J & LAURA AKA LAURA J","property_address":"11805 ASCOT LN","property_city":"AUBURN TOWNSHIP","property_zip":"44023"}},{"type":"Feature","geometry":{"type":"Polygon","coordinates":[[[-81.2178147808713,41.3932661385459],[-81.2178671880915,41.3932665620662],[-81.2178712622181,41.3950159113512],[-81.2174126305519,41.3950365488682],[-81.2172937824086,41.3950387843316],[-81.2172342308275,41.3950383480754],[-81.2172330109547,41.3944893639502],[-81.2172301670356,41.3932619104694],[-81.2178147808713,41.3932661385459]]]},"properties":{"source_county":"Geauga","jurisdiction":"Auburn Township","parcel_id":"01-118711","owner_name":"BENTON ALENA R & MELVIN","property_address":"11795 ASCOT LN","property_city":"AUBURN TOWNSHIP","property_zip":"44023"}},{"type":"Feature","geometry":{"type":"Polygon","coordinates":[[[-81.2178671880915,41.3932665620662],[-81.2185050395966,41.3932711274926],[-81.2185090240636,41.3949872105576],[-81.2178712622181,41.3950159113512],[-81.2178671880915,41.3932665620662]]]},"properties":{"source_county":"Geauga","jurisdiction":"Auburn Township","parcel_id":"01-118712","owner_name":"KOTERBA STANLEY M III & KRISTIN A","property_address":"11785 ASCOT LN","property_city":"AUBURN TOWNSHIP","property_zip":"44023"}},{"type":"Feature","geometry":{"type":"Polygon","coordinates":[[[-81.2189638601238,41.3932744854456],[-81.219142861635,41.3932757332056],[-81.2191467888322,41.3949605964416],[-81.218827715337,41.3949713062488],[-81.2185090240636,41.3949872105576],[-81.2185050395966,41.3932711274926],[-81.2189638601238,41.3932744854456]]]},"properties":{"source_county":"Geauga","jurisdiction":"Auburn Township","parcel_id":"01-118713","owner_name":"DUMMERMUTH MARTIN E & VICTORIA R","property_address":"11775 ASCOT LN","property_city":"AUBURN TOWNSHIP","property_zip":"44023"}},{"type":"Feature","geometry":{"type":"Polygon","coordinates":[[[-81.2191467888322,41.3949605964416],[-81.219142861635,41.3932757332056],[-81.2200572378953,41.3932823305104],[-81.220135345477,41.393282893859],[-81.2197902232421,41.3949919938757],[-81.2196301858514,41.394976337248],[-81.219469402791,41.3949658741831],[-81.2193081711465,41.3949606240139],[-81.2191467888322,41.3949605964416]]]},"properties":{"source_county":"Geauga","jurisdiction":"Auburn Township","parcel_id":"01-118714","owner_name":"POUDEVIGNE LIONEL","property_address":"11765 ASCOT LN","property_city":"AUBURN TOWNSHIP","property_zip":"44023"}},{"type":"Feature","geometry":{"type":"Polygon","coordinates":[[[-81.2211141114583,41.3932899908773],[-81.221209835505,41.3932906804977],[-81.220409725116,41.3951040006982],[-81.2202573598225,41.3950685900769],[-81.22010313512,41.3950380835342],[-81.2199473292341,41.3950125361045],[-81.2197902232421,41.3949919938757],[-81.220135345477,41.393282893859],[-81.2211141114583,41.3932899908773]]]},"properties":{"source_county":"Geauga","jurisdiction":"Auburn Township","parcel_id":"01-118715","owner_name":"SIVIK MICHAEL C & SARAH G TRUSTEES","property_address":"11755 ASCOT LN","property_city":"AUBURN TOWNSHIP","property_zip":"44023"}},{"type":"Feature","geometry":{"type":"Polygon","coordinates":[[[-81.221209835505,41.3932906804977],[-81.2219142890726,41.393295750928],[-81.2209957561893,41.3952935158324],[-81.2208533958213,41.395239140014],[-81.2207080945915,41.3951893703179],[-81.2205601151824,41.3951442967179],[-81.220409725116,41.3951040006982],[-81.221209835505,41.3932906804977]]]},"properties":{"source_county":"Geauga","jurisdiction":"Auburn Township","parcel_id":"01-118716","owner_name":"PINETTE JOHN JOSEPH & LYNN A","property_address":"11745 ASCOT LN","property_city":"AUBURN TOWNSHIP","property_zip":"44023"}},{"type":"Feature","geometry":{"type":"Polygon","coordinates":[[[-81.2219523462649,41.3932960241362],[-81.2222120062884,41.3932978924922],[-81.2228316479679,41.3937695605932],[-81.2215828479844,41.3955297082723],[-81.2209957561893,41.3952935158324],[-81.2219142890726,41.393295750928],[-81.2219523462649,41.3932960241362]]]},"properties":{"source_county":"Geauga","jurisdiction":"Auburn Township","parcel_id":"01-118717","owner_name":"PADULA CRAIG W TOD & HOLLIE C TOD","property_address":"11735 ASCOT LN","property_city":"AUBURN TOWNSHIP","property_zip":"44023"}},{"type":"Feature","geometry":{"type":"Polygon","coordinates":[[[-81.2215828479844,41.3955297082723],[-81.2228316479679,41.3937695605932],[-81.2229551149349,41.3938635425419],[-81.2233011875499,41.3941269663515],[-81.2221454043549,41.395756025421],[-81.2215828479844,41.3955297082723]]]},"properties":{"source_county":"Geauga","jurisdiction":"Auburn Township","parcel_id":"01-118718","owner_name":"OLP RICHARD S & ELIZABETH M TRUSTEES","property_address":"11725 ASCOT LN","property_city":"AUBURN TOWNSHIP","property_zip":"44023"}},{"type":"Feature","geometry":{"type":"Polygon","coordinates":[[[-81.2221454043549,41.395756025421],[-81.2233011875499,41.3941269663515],[-81.2237707581792,41.3944843893684],[-81.2227079954451,41.3959823527708],[-81.2221454043549,41.395756025421]]]},"properties":{"source_county":"Geauga","jurisdiction":"Auburn Township","parcel_id":"01-118719","owner_name":"JACOBS NICHOLAS A TOD & KRISTIN A TOD","property_address":"11715 ASCOT LN","property_city":"AUBURN TOWNSHIP","property_zip":"44023"}},{"type":"Feature","geometry":{"type":"Polygon","coordinates":[[[-81.2227079954451,41.3959823527708],[-81.2237707581792,41.3944843893684],[-81.2237993019258,41.3945061151151],[-81.2242403350978,41.3948418113601],[-81.2232572267674,41.3962275142982],[-81.2232063994937,41.3961964978439],[-81.2231534080477,41.3961676080087],[-81.2230984091713,41.3961409302434],[-81.2230415655436,41.3961165434562],[-81.2227079954451,41.3959823527708]]]},"properties":{"source_county":"Geauga","jurisdiction":"Auburn Township","parcel_id":"01-118720","owner_name":"SUSKOWICZ TIMOTHY J & KAREN J","property_address":"11705 ASCOT LN","property_city":"AUBURN TOWNSHIP","property_zip":"44023"}},{"type":"Feature","geometry":{"type":"Polygon","coordinates":[[[-81.2232572267674,41.3962275142982],[-81.2242403350978,41.3948418113601],[-81.2245945789891,41.3951113862575],[-81.2246711893632,41.3951600890146],[-81.224691546396,41.3952251096054],[-81.2237241958057,41.3965886114675],[-81.2236628439969,41.3965456349962],[-81.2236043563565,41.3965004510096],[-81.223356413196,41.3962992828152],[-81.223308183609,41.3962623299762],[-81.2232572267674,41.3962275142982]]]},"properties":{"source_county":"Geauga","jurisdiction":"Auburn Township","parcel_id":"01-118721","owner_name":"WEIHER HELMUT TOD & SUSAN TOD","property_address":"11695 ASCOT LN","property_city":"AUBURN TOWNSHIP","property_zip":"44023"}},{"type":"Feature","geometry":{"type":"Polygon","coordinates":[[[-81.2237241958057,41.3965886114675],[-81.224691546396,41.3952251096054],[-81.2249129664673,41.3959323131823],[-81.2243678726224,41.3968585167845],[-81.2242797314829,41.3968366361087],[-81.2241932934436,41.3968111931543],[-81.2241088122156,41.3967822626018],[-81.2240265357657,41.3967499293679],[-81.223946705588,41.396714288357],[-81.2238695559954,41.3966754441822],[-81.2237953134314,41.3966335108584],[-81.2237241958057,41.3965886114675]]]},"properties":{"source_county":"Geauga","jurisdiction":"Auburn Township","parcel_id":"01-118722","owner_name":"WILLIAMS BARBARA L TRUSTEE","property_address":"11685 ASCOT LN","property_city":"AUBURN TOWNSHIP","property_zip":"44023"}},{"type":"Feature","geometry":{"type":"Polygon","coordinates":[[[-81.2229551149349,41.3938635425419],[-81.2246440546171,41.3937752170075],[-81.2246859335406,41.3938262916105],[-81.2247322132514,41.3938751651159],[-81.2247826904745,41.3939216228464],[-81.2248371434962,41.3939654607349],[-81.2248953331374,41.3940064862224],[-81.2249570038043,41.3940445191025],[-81.2250218846111,41.394079392314],[-81.2250896905699,41.3941109526744],[-81.2237993019258,41.3945061151151],[-81.2237707581792,41.3944843893684],[-81.2233011875499,41.3941269663515],[-81.2229551149349,41.3938635425419]]]},"properties":{"source_county":"Geauga","jurisdiction":"Auburn Township","parcel_id":"01-118729","owner_name":"COLWELL MARK D & DAWN C","property_address":"11555 ASCOT LN","property_city":"AUBURN TOWNSHIP","property_zip":"44023"}},{"type":"Feature","geometry":{"type":"Polygon","coordinates":[[[-81.2236288139311,41.3933080733277],[-81.2244850303419,41.3933142179889],[-81.2244867366266,41.3933744388054],[-81.2244937547026,41.393434441039],[-81.2245060535436,41.3934939593015],[-81.2245235787663,41.3935527303445],[-81.2245462528705,41.3936104942241],[-81.224573975582,41.3936669954501],[-81.2246066242956,41.3937219841168],[-81.2246440546171,41.3937752170075],[-81.2229551149349,41.3938635425419],[-81.2228316479679,41.3937695605932],[-81.2222120062884,41.3932978924922],[-81.2227905800124,41.3933020522155],[-81.2236288139311,41.3933080733277]]]},"properties":{"source_county":"Geauga","jurisdiction":"Auburn Township","parcel_id":"01-118730","owner_name":"WANG CHAN Q & BECKER HOWARD E","property_address":"11545 ASCOT LN","property_city":"AUBURN TOWNSHIP","property_zip":"44023"}},{"type":"Feature","geometry":{"type":"Polygon","coordinates":[[[-81.2237809292916,41.3979287415749],[-81.2242321715506,41.396998599204],[-81.2243080826827,41.3970169322953],[-81.2243849337452,41.397032891355],[-81.2244625938516,41.3970464492028],[-81.2245409307375,41.3970575827482],[-81.2246198109852,41.3970662730292],[-81.224699100252,41.3970725052451],[-81.2247786634978,41.3970762687818],[-81.2248583652164,41.3970775572294],[-81.2248324082289,41.3980957307716],[-81.2237051387752,41.3980849646633],[-81.2237809292916,41.3979287415749]]]},"properties":{"source_county":"Geauga","jurisdiction":"Auburn Township","parcel_id":"01-118741","owner_name":"CZERNICKI PHILIP J & THERESA M","property_address":"11670 ASCOT LN","property_city":"AUBURN TOWNSHIP","property_zip":"44023"}},{"type":"Feature","geometry":{"type":"Polygon","coordinates":[[[-81.2228666152288,41.3975609387496],[-81.223595333798,41.3967225259965],[-81.223666614394,41.3967668082128],[-81.2237406258818,41.3968084729035],[-81.2238171988971,41.3968474247226],[-81.2238961582133,41.3968835745321],[-81.2239773231416,41.3969168396059],[-81.2240605079452,41.3969471438195],[-81.224145522264,41.3969744178237],[-81.2242321715506,41.396998599204],[-81.2237809292916,41.3979287415749],[-81.2228666152288,41.3975609387496]]]},"properties":{"source_county":"Geauga","jurisdiction":"Auburn Township","parcel_id":"01-118742","owner_name":"MIGHTON ARTHUR R & PAMELA J","property_address":"11680 ASCOT LN","property_city":"AUBURN TOWNSHIP","property_zip":"44023"}},{"type":"Feature","geometry":{"type":"Polygon","coordinates":[[[-81.2230433718202,41.3963105591018],[-81.2230841021407,41.3963334809854],[-81.2231232056628,41.3963579565356],[-81.2231605779761,41.3963839204012],[-81.2231961192923,41.3964113032572],[-81.2234440624022,41.3966124708881],[-81.223517707243,41.396669049984],[-81.223595333798,41.3967225259965],[-81.2228666152288,41.3975609387496],[-81.2222054705437,41.3972949713025],[-81.222885889658,41.3963359621436],[-81.2228992968414,41.3963222727769],[-81.2229161534677,41.3963109499232],[-81.2229357401625,41.3963024767963],[-81.2229572210436,41.3962972149952],[-81.2229796793939,41.3962953890721],[-81.223002156782,41.3962970769502],[-81.2230236939641,41.3963022065977],[-81.2230433718202,41.3963105591018]]]},"properties":{"source_county":"Geauga","jurisdiction":"Auburn Township","parcel_id":"01-118743","owner_name":"BIANCHI BRIAN W & SARAH E","property_address":"11690 ASCOT LN","property_city":"AUBURN TOWNSHIP","property_zip":"44023"}},{"type":"Feature","geometry":{"type":"Polygon","coordinates":[[[-81.2220372265724,41.3975320952382],[-81.2222054705437,41.3972949713025],[-81.2228666152288,41.3975609387496],[-81.2237809292916,41.3979287415749],[-81.2237051387752,41.3980849646633],[-81.2219183278659,41.3980719155553],[-81.2219211723395,41.39787329369],[-81.2219235783495,41.39782888555],[-81.221929515731,41.3977846658978],[-81.221938963118,41.3977407938074],[-81.2219518865179,41.3976974271024],[-81.2219682394339,41.3976547217876],[-81.2219879630324,41.3976128314888],[-81.2220109863548,41.3975719068993],[-81.2220372265724,41.3975320952382]]]},"properties":{"source_county":"Geauga","jurisdiction":"Auburn Township","parcel_id":"01-118744","owner_name":"HAMMERLE WALTER C & CATHERINE S","property_address":"17350 BELMONT LN","property_city":"AUBURN TOWNSHIP","property_zip":"44023"}},{"type":"Feature","geometry":{"type":"Polygon","coordinates":[[[-81.2205014471633,41.3980616754102],[-81.2205127688913,41.3972721725918],[-81.2218424097897,41.3974557176617],[-81.2218103383135,41.3975043765366],[-81.2217821985479,41.397554395645],[-81.2217580917269,41.3976055950569],[-81.2217381045777,41.3976577905964],[-81.2217223090087,41.3977107945036],[-81.2217107618508,41.3977644161105],[-81.2217035046524,41.3978184625264],[-81.2217005635302,41.397872739332],[-81.2216977171139,41.3980714881538],[-81.2205014471633,41.3980616754102]]]},"properties":{"source_county":"Geauga","jurisdiction":"Auburn Township","parcel_id":"01-118745","owner_name":"SLEZAK GREGORY J & KIMBERLY A","property_address":"17345 BELMONT LN","property_city":"AUBURN TOWNSHIP","property_zip":"44023"}},{"type":"Feature","geometry":{"type":"Polygon","coordinates":[[[-81.2205127688913,41.3972721725918],[-81.2205206144592,41.396725023729],[-81.2212550735894,41.3968020355431],[-81.222233427347,41.3969046137272],[-81.2218424097897,41.3974557176617],[-81.2205127688913,41.3972721725918]]]},"properties":{"source_county":"Geauga","jurisdiction":"Auburn Township","parcel_id":"01-118746","owner_name":"TIEN ALBERT & KO SUZ CHUNG","property_address":"17375 BELMONT LN","property_city":"AUBURN TOWNSHIP","property_zip":"44023"}},{"type":"Feature","geometry":{"type":"Polygon","coordinates":[[[-81.2212550735894,41.3968020355431],[-81.2219269574475,41.39585484627],[-81.2226482257681,41.3961450088826],[-81.2226663130013,41.3961541016677],[-81.2226816526637,41.3961657100492],[-81.2226936379358,41.3961793748141],[-81.2227017946925,41.3961945554007],[-81.2227058002596,41.3962106512831],[-81.2227054961784,41.396227025727],[-81.2227008944748,41.3962430309778],[-81.222692177184,41.3962580338856],[-81.222233427347,41.3969046137272],[-81.2212550735894,41.3968020355431]]]},"properties":{"source_county":"Geauga","jurisdiction":"Auburn Township","parcel_id":"01-118747","owner_name":"DOAK WILLIAM P & KAREN","property_address":"17395 BELMONT LN","property_city":"AUBURN TOWNSHIP","property_zip":"44023"}},{"type":"Feature","geometry":{"type":"Polygon","coordinates":[[[-81.2205206144592,41.396725023729],[-81.2212318000963,41.3955751812905],[-81.2219269574475,41.39585484627],[-81.2212550735894,41.3968020355431],[-81.2205206144592,41.396725023729]]]},"properties":{"source_county":"Geauga","jurisdiction":"Auburn Township","parcel_id":"01-118748","owner_name":"SKARAMAGAS JOHN N & THOMAI T","property_address":"11720 ASCOT LN","property_city":"AUBURN TOWNSHIP","property_zip":"44023"}},{"type":"Feature","geometry":{"type":"Polygon","coordinates":[[[-81.2198204912591,41.3967213222929],[-81.2206655321852,41.3953550863913],[-81.2207801114219,41.3953953925839],[-81.2208927032439,41.3954387584661],[-81.2212318000963,41.3955751812905],[-81.2205206144592,41.396725023729],[-81.2198204912591,41.3967213222929]]]},"properties":{"source_county":"Geauga","jurisdiction":"Auburn Township","parcel_id":"01-118749","owner_name":"MARTINO MICHELE L TRUSTEE","property_address":"11730 ASCOT LN","property_city":"AUBURN TOWNSHIP","property_zip":"44023"}},{"type":"Feature","geometry":{"type":"Polygon","coordinates":[[[-81.2193059738531,41.3967185993654],[-81.2200627127258,41.3952001412429],[-81.2202167459378,41.395231156967],[-81.2203687655715,41.3952673705676],[-81.2205184624667,41.3953087083982],[-81.2206655321852,41.3953550863913],[-81.2198204912591,41.3967213222929],[-81.2193059738531,41.3967185993654]]]},"properties":{"source_county":"Geauga","jurisdiction":"Auburn Township","parcel_id":"01-118750","owner_name":"EBERLY ZACHARY H TOD & RICCELLI GINA TOD","property_address":"11740 ASCOT LN","property_city":"AUBURN TOWNSHIP","property_zip":"44023"}},{"type":"Feature","geometry":{"type":"Polygon","coordinates":[[[-81.2188478848681,41.396716173281],[-81.2194327571067,41.395129158105],[-81.2195916807501,41.3951388589283],[-81.2197498619978,41.3951539453278],[-81.2199069791639,41.3951743866228],[-81.2200627127258,41.3952001412429],[-81.2193059738531,41.3967185993654],[-81.2188478848681,41.396716173281]]]},"properties":{"source_county":"Geauga","jurisdiction":"Auburn Township","parcel_id":"01-118751","owner_name":"SULZMANN MICHAEL J TOD","property_address":"11750 ASCOT LN","property_city":"AUBURN TOWNSHIP","property_zip":"44023"}},{"type":"Feature","geometry":{"type":"Polygon","coordinates":[[[-81.2194327571067,41.395129158105],[-81.2188478848681,41.396716173281],[-81.218380765077,41.3967136976811],[-81.218795049032,41.3951393044796],[-81.2190156738738,41.3951293742719],[-81.2191198960901,41.3951258439934],[-81.2192242112536,41.3951246308382],[-81.2193285285359,41.3951257358628],[-81.2194327571067,41.395129158105]]]},"properties":{"source_county":"Geauga","jurisdiction":"Auburn Township","parcel_id":"01-118752","owner_name":"PROFUSZ STEVE N & MICHELLE","property_address":"11760 ASCOT LN","property_city":"AUBURN TOWNSHIP","property_zip":"44023"}},{"type":"Feature","geometry":{"type":"Polygon","coordinates":[[[-81.2181583511298,41.3951679592023],[-81.218795049032,41.3951393044796],[-81.218380765077,41.3967136976811],[-81.217888486474,41.3967110857712],[-81.2181583511298,41.3951679592023]]]},"properties":{"source_county":"Geauga","jurisdiction":"Auburn Township","parcel_id":"01-118753","owner_name":"TALLION TIMOTHY B & SARI","property_address":"11770 ASCOT LN","property_city":"AUBURN TOWNSHIP","property_zip":"44023"}},{"type":"Feature","geometry":{"type":"Polygon","coordinates":[[[-81.2174256749489,41.3952009282794],[-81.2181583511298,41.3951679592023],[-81.217888486474,41.3967110857712],[-81.217471233655,41.3967088712602],[-81.2174256749489,41.3952009282794]]]},"properties":{"source_county":"Geauga","jurisdiction":"Auburn Township","parcel_id":"01-118754","owner_name":"HIVICK BRIAN M & RICCA F RACADIO","property_address":"11780 ASCOT LN","property_city":"AUBURN TOWNSHIP","property_zip":"44023"}},{"type":"Feature","geometry":{"type":"Polygon","coordinates":[[[-81.2173583089362,41.395203072044],[-81.2174256749489,41.3952009282794],[-81.217471233655,41.3967088712602],[-81.2170974931838,41.396706885994],[-81.2169138052817,41.3965661293944],[-81.2167878268224,41.3951997575917],[-81.2172916555024,41.3952034495996],[-81.2173583089362,41.395203072044]]]},"properties":{"source_county":"Geauga","jurisdiction":"Auburn Township","parcel_id":"01-118755","owner_name":"MYERS MATTHEW L & PAIGE E","property_address":"11790 ASCOT LN","property_city":"AUBURN TOWNSHIP","property_zip":"44023"}},{"type":"Feature","geometry":{"type":"Polygon","coordinates":[[[-81.2169138052817,41.3965661293944],[-81.2167868931488,41.3964688789343],[-81.2161635502511,41.3964655629813],[-81.2161500220816,41.3951950807736],[-81.2167878268224,41.3951997575917],[-81.2169138052817,41.3965661293944]]]},"properties":{"source_county":"Geauga","jurisdiction":"Auburn Township","parcel_id":"01-118756","owner_name":"KOSIOREK CHRISTOPHER M & ERICA M","property_address":"11800 ASCOT LN","property_city":"AUBURN TOWNSHIP","property_zip":"44023"}},{"type":"Feature","geometry":{"type":"Polygon","coordinates":[[[-81.2162554285193,41.3771927657506],[-81.2162176402277,41.3771467102755],[-81.2161854810197,41.3770982903213],[-81.2161592094494,41.3770478951948],[-81.2161390367317,41.3769959300826],[-81.2161251250442,41.3769428127934],[-81.2161175862239,41.3768889703988],[-81.2161164808682,41.376834835799],[-81.2161218178484,41.3767808442428],[-81.2161590393997,41.3765467031023],[-81.2181452153417,41.3767423700353],[-81.2180547398647,41.3772631576758],[-81.2179464829718,41.3772524879705],[-81.217942167852,41.377266994315],[-81.2179344599687,41.377280679763],[-81.217923610594,41.3772930981741],[-81.2179099734118,41.3773038447128],[-81.2178939929882,41.3773125690456],[-81.217876190279,41.3773189867621],[-81.2178571456463,41.377322888647],[-81.217837479939,41.3773241474999],[-81.2176660796932,41.377323426292],[-81.2175817768365,41.3773256986111],[-81.217498011342,41.377333208778],[-81.2174153558313,41.3773459054531],[-81.2173343753385,41.3773637018419],[-81.2172556234486,41.3773864762879],[-81.2171796385133,41.3774140731046],[-81.2171069399713,41.3774463036395],[-81.2170380247974,41.3774829475633],[-81.216893657195,41.37756665715],[-81.2168577051977,41.3775863320539],[-81.216820360956,41.3776044761368],[-81.216781739231,41.3776210336404],[-81.2167419587095,41.3776359536821],[-81.21670114164,41.3776491904112],[-81.2166594134565,41.3776607031501],[-81.2166169023933,41.3776704565191],[-81.2165737390905,41.377678420545],[-81.2165517325685,41.3776802679766],[-81.2165296832535,41.3776787371528],[-81.2165084958704,41.3776738908863],[-81.216489039777,41.3776659280285],[-81.2164721132921,41.3776551753102],[-81.2164584109393,41.3776420739352],[-81.2164484949489,41.3776271614769],[-81.2164427721894,41.3776110498201],[-81.216419723357,41.3775033711393],[-81.2164093115452,41.3774619822633],[-81.2163959044057,41.3774210852961],[-81.2163795422296,41.3773808031247],[-81.2163602741872,41.3773412567886],[-81.2163381581801,41.3773025651161],[-81.2163132606669,41.3772648443671],[-81.2162856564638,41.3772282078838],[-81.2162554285193,41.3771927657506]]]},"properties":{"source_county":"Geauga","jurisdiction":"Auburn Township","parcel_id":"01-119039","owner_name":"SMEARCHECK MATTHEW A & SAMATHA C CO TRUSTEES","property_address":"18120 SEDGE CT","property_city":"AUBURN TOWNSHIP","property_zip":"44023"}},{"type":"Feature","geometry":{"type":"Polygon","coordinates":[[[-81.2161590393997,41.3765467031023],[-81.2162676777284,41.3758633032985],[-81.2182637658937,41.3760599599958],[-81.2181452153417,41.3767423700353],[-81.2161590393997,41.3765467031023]]]},"properties":{"source_county":"Geauga","jurisdiction":"Auburn Township","parcel_id":"01-119040","owner_name":"JARVIS JEREMY J & MELISSA A","property_address":"18140 SEDGE CT","property_city":"AUBURN TOWNSHIP","property_zip":"44023"}},{"type":"Feature","geometry":{"type":"Polygon","coordinates":[[[-81.2164374350216,41.3757591553492],[-81.2164837011492,41.3757604849467],[-81.2165298176031,41.3757573844729],[-81.2165750397589,41.3757499039899],[-81.2166186374325,41.3757381642821],[-81.2166599066708,41.3757223549058],[-81.2166981811182,41.3757027311286],[-81.2167328427763,41.3756796098071],[-81.2167633319827,41.3756533642712],[-81.2167891564472,41.3756244182956],[-81.216809899201,41.3755932392569],[-81.2168252253286,41.3755603305877],[-81.2168348873752,41.3755262236469],[-81.2168387293421,41.3754914691406],[-81.2168366892043,41.37545662823],[-81.2168287999122,41.3754222634705],[-81.216815188858,41.3753889297283],[-81.2187461641573,41.3748114487584],[-81.2185668605935,41.3751375181129],[-81.2185176273355,41.3752333082238],[-81.2184723677407,41.3753302039877],[-81.2184311255014,41.3754281119018],[-81.2183939404338,41.3755269374868],[-81.2183608484394,41.3756265853768],[-81.2183318814704,41.3757269594124],[-81.2183070674988,41.3758279627328],[-81.2182864304894,41.3759294978698],[-81.2182637658937,41.3760599599958],[-81.2162676777284,41.3758633032985],[-81.2162723775044,41.3758403701795],[-81.2162833135942,41.3758186767728],[-81.2163000066227,41.3757991739806],[-81.2163217248686,41.3757827166818],[-81.216347516339,41.3757700262596],[-81.2163762504989,41.3757616589808],[-81.2164066678264,41.3757579816133],[-81.2164374350216,41.3757591553492]]]},"properties":{"source_county":"Geauga","jurisdiction":"Auburn Township","parcel_id":"01-119041","owner_name":"ROJAS RAFAEL B & RONCANCIO FRANCY L","property_address":"18170 SEDGE CT","property_city":"AUBURN TOWNSHIP","property_zip":"44023"}},{"type":"Feature","geometry":{"type":"Polygon","coordinates":[[[-81.2154636793956,41.3755888451021],[-81.2154976479222,41.374420435017],[-81.2170456907769,41.3744076711062],[-81.2166091123214,41.3752310954542],[-81.216569588502,41.3752211827939],[-81.2165288209112,41.3752147329944],[-81.2164873424071,41.3752118303587],[-81.2164456951399,41.375212512826],[-81.2164044234652,41.375216771476],[-81.2163640668298,41.3752245506456],[-81.2163251527208,41.375235748656],[-81.216288189771,41.3752502191421],[-81.2162536611114,41.3752677729654],[-81.2162220180562,41.3752881806858],[-81.216193674204,41.375311175561],[-81.2161690000317,41.3753364570323],[-81.2161483180523,41.3753636946534],[-81.2161318985988,41.3753925324093],[-81.2161199562911,41.3754225933696],[-81.2161126472303,41.3754534846154],[-81.2160966869174,41.3755539047244],[-81.2160921410611,41.3755694951787],[-81.2160836870518,41.3755841320057],[-81.2160716426006,41.3755972651331],[-81.2160564603529,41.3756084009995],[-81.2160387108777,41.3756171211033],[-81.2160190612253,41.3756230977302],[-81.2159982498576,41.37562610627],[-81.2159770588964,41.3756260336573],[-81.2156477736151,41.3755965770893],[-81.2155558446135,41.3755911155614],[-81.2154636793956,41.3755888451021]]]},"properties":{"source_county":"Geauga","jurisdiction":"Auburn Township","parcel_id":"01-119043","owner_name":"TAYLOR DAVID & MERILYN","property_address":"18175 SEDGE CT","property_city":"AUBURN TOWNSHIP","property_zip":"44023"}},{"type":"Feature","geometry":{"type":"Polygon","coordinates":[[[-81.2150184321658,41.3744243811535],[-81.2154976479222,41.374420435017],[-81.2154636793956,41.3755888451021],[-81.2153894754016,41.3755893387968],[-81.2153153465382,41.3755919013838],[-81.2152413944354,41.3755965293498],[-81.2151677204811,41.3756032163498],[-81.2150944256818,41.3756119532162],[-81.2150216105244,41.3756227279706],[-81.2149493748383,41.3756355258409],[-81.2148778176585,41.3756503292813],[-81.2145349825965,41.3757264241511],[-81.2144536935102,41.3757427331738],[-81.2143713805499,41.3757558078529],[-81.2144074289141,41.3744295852404],[-81.2144074335101,41.3744294114863],[-81.2150184321658,41.3744243811535]]]},"properties":{"source_county":"Geauga","jurisdiction":"Auburn Township","parcel_id":"01-119044","owner_name":"BRUMBERGS PETER A & JACQUELYN M","property_address":"11845 LADUE TRL","property_city":"AUBURN TOWNSHIP","property_zip":"44023"}},{"type":"Feature","geometry":{"type":"Polygon","coordinates":[[[-81.2137946471658,41.3744344520558],[-81.2144074335101,41.3744294114863],[-81.2144074289141,41.3744295852404],[-81.2143713805499,41.3757558078529],[-81.2142665519738,41.3757676234839],[-81.2141609159374,41.3757741954939],[-81.2140549342305,41.3757754951534],[-81.2139490701545,41.3757715167809],[-81.2133655410094,41.375734989565],[-81.213401272807,41.3744376863164],[-81.2137946471658,41.3744344520558]]]},"properties":{"source_county":"Geauga","jurisdiction":"Auburn Township","parcel_id":"01-119045","owner_name":"RUSNAK TONI TRUSTEE","property_address":"11875 LADUE TRL","property_city":"AUBURN TOWNSHIP","property_zip":"44023"}},{"type":"Feature","geometry":{"type":"Polygon","coordinates":[[[-81.2125002015644,41.3757156637992],[-81.212166597771,41.3744478297242],[-81.213401272807,41.3744376863164],[-81.2133655410094,41.375734989565],[-81.2128197042133,41.3757008191312],[-81.2127395028078,41.3756979902834],[-81.2126592395661,41.3756995305998],[-81.2125793334517,41.37570543204],[-81.2125002015644,41.3757156637992]]]},"properties":{"source_county":"Geauga","jurisdiction":"Auburn Township","parcel_id":"01-119046","owner_name":"AGRESTA THOMAS D JR TRUSTEE","property_address":"11895 LADUE TRL","property_city":"AUBURN TOWNSHIP","property_zip":"44023"}},{"type":"Feature","geometry":{"type":"Polygon","coordinates":[[[-81.2114633562871,41.3744536006038],[-81.212166597771,41.3744478297242],[-81.2125002015644,41.3757156637992],[-81.2124119010933,41.3757324422245],[-81.2123257208279,41.3757546099409],[-81.2122422394474,41.3757820180983],[-81.2121620175108,41.3758144826579],[-81.2120855936929,41.3758517856287],[-81.2120134811676,41.3758936765301],[-81.2119461641625,41.3759398740744],[-81.2118840947067,41.3759900680553],[-81.211078604971,41.3748141953575],[-81.2114633562871,41.3744536006038]]]},"properties":{"source_county":"Geauga","jurisdiction":"Auburn Township","parcel_id":"01-119047","owner_name":"SIVIK MICHAEL C & SARAH G TRUSTEES","property_address":" LADUE TRL","property_city":"AUBURN TOWNSHIP","property_zip":"44023"}},{"type":"Feature","geometry":{"type":"Polygon","coordinates":[[[-81.2101850293094,41.375651650624],[-81.211078604971,41.3748141953575],[-81.2118840947067,41.3759900680553],[-81.2118276895192,41.3760439213104],[-81.2117773273504,41.3761010723105],[-81.2117333463811,41.3761611373062],[-81.2116960419473,41.3762237129802],[-81.2116656645563,41.3762883791558],[-81.2116424182041,41.3763547016182],[-81.2116264590057,41.3764222350295],[-81.2116178941458,41.3764905259194],[-81.2101850293094,41.375651650624]]]},"properties":{"source_county":"Geauga","jurisdiction":"Auburn Township","parcel_id":"01-119048","owner_name":"RITTS ANNE R & DOUGLAS BRANDON E","property_address":"11935 LADUE TRL","property_city":"AUBURN TOWNSHIP","property_zip":"44023"}},{"type":"Feature","geometry":{"type":"Polygon","coordinates":[[[-81.2099928895545,41.3758317181443],[-81.2101850293094,41.375651650624],[-81.2116178941458,41.3764905259194],[-81.2116137804054,41.3765112097267],[-81.2116045336981,41.3765309305637],[-81.2115904896162,41.3765489726891],[-81.2115721578676,41.3765646812878],[-81.2115502037767,41.3765774862362],[-81.2115254241376,41.3765869227952],[-81.2114987182956,41.3765926484764],[-81.2114710555058,41.3765944554733],[-81.2114328507213,41.3765957084001],[-81.2113950306712,41.376599970398],[-81.2113580119209,41.3766071945239],[-81.2113222022103,41.3766173012081],[-81.2112879959629,41.3766301791314],[-81.2112557699415,41.3766456864512],[-81.2112258790988,41.376663652363],[-81.2111986526674,41.3766838789827],[-81.2111743905339,41.3767061435253],[-81.2111533599354,41.3767302007589],[-81.2111357925163,41.3767557857061],[-81.2111218817768,41.376782616562],[-81.2111117809411,41.3768103977985],[-81.2111056012697,41.376838823419],[-81.2111034108339,41.3768675803291],[-81.2111052337655,41.3768963517848],[-81.2099821214229,41.3769619838354],[-81.2099928895545,41.3758317181443]]]},"properties":{"source_county":"Geauga","jurisdiction":"Auburn Township","parcel_id":"01-119049","owner_name":"MAZZOLINI LORAINE M TRUSTEE","property_address":"11945 LADUE TRL","property_city":"AUBURN TOWNSHIP","property_zip":"44023"}},{"type":"Feature","geometry":{"type":"Polygon","coordinates":[[[-81.2099821214229,41.3769619838354],[-81.2111052337655,41.3768963517848],[-81.2111126613164,41.3769303570172],[-81.2111256879383,41.3769633930695],[-81.2111441082523,41.3769949390718],[-81.2111676318379,41.3770244976465],[-81.2111958878107,41.3770516027508],[-81.2112284306708,41.3770758270245],[-81.2112647473259,41.3770967885285],[-81.2113042651813,41.3771141567666],[-81.2111800160821,41.377299762826],[-81.2108490251183,41.3783238702565],[-81.2107058836307,41.3783217054533],[-81.2104737340633,41.3780221358691],[-81.2099735662635,41.3778599828668],[-81.2099821214229,41.3769619838354]]]},"properties":{"source_county":"Geauga","jurisdiction":"Auburn Township","parcel_id":"01-119050","owner_name":"VARLEY MICHAEL P SR TRUSTEE","property_address":"11940 LADUE TRL","property_city":"AUBURN TOWNSHIP","property_zip":"44023"}},{"type":"Feature","geometry":{"type":"Polygon","coordinates":[[[-81.2099621260904,41.3790607161599],[-81.2099735662635,41.3778599828668],[-81.2104737340633,41.3780221358691],[-81.2107058836307,41.3783217054533],[-81.2108490251183,41.3783238702565],[-81.2111800160821,41.377299762826],[-81.2113042651813,41.3771141567666],[-81.2113547612769,41.3771298032922],[-81.2114077942883,41.3771395912676],[-81.2114621735982,41.3771433009477],[-81.2115166783632,41.3771408490485],[-81.2116313425003,41.3777629793205],[-81.2119996112508,41.3790804005841],[-81.2099621260904,41.3790607161599]]]},"properties":{"source_county":"Geauga","jurisdiction":"Auburn Township","parcel_id":"01-119051","owner_name":"HUBERT HOWARD N TRUSTEE","property_address":"11936 LADUE TRL","property_city":"AUBURN TOWNSHIP","property_zip":"44023"}},{"type":"Feature","geometry":{"type":"Polygon","coordinates":[[[-81.2117120081271,41.3770725541315],[-81.2128458403034,41.3780081523413],[-81.2121025422092,41.379081394267],[-81.2119996112508,41.3790804005841],[-81.2116313425003,41.3777629793205],[-81.2115166783632,41.3771408490485],[-81.2115700847008,41.3771322905456],[-81.2116211938283,41.3771178176977],[-81.2116688583303,41.3770977554248],[-81.2117120081271,41.3770725541315]]]},"properties":{"source_county":"Geauga","jurisdiction":"Auburn Township","parcel_id":"01-119052","owner_name":"HUBERT REAL ESTATE LLC","property_address":" LADUE TRL","property_city":"AUBURN TOWNSHIP","property_zip":"44023"}},{"type":"Feature","geometry":{"type":"Polygon","coordinates":[[[-81.2118326443701,41.3768084356608],[-81.2134644365808,41.3768136476444],[-81.2135432602107,41.3771574048365],[-81.2131462277433,41.3775744149622],[-81.2130222606966,41.3777534151673],[-81.2128458403034,41.3780081523413],[-81.2117120081271,41.3770725541315],[-81.2117386919575,41.3770524103361],[-81.2117624633008,41.3770302937425],[-81.211783066624,41.3770064420989],[-81.2118002804503,41.3769811118041],[-81.2118139197397,41.3769545751519],[-81.2118238378781,41.3769271174039],[-81.2118299282531,41.3768990337225],[-81.2118321254002,41.3768706259988],[-81.2118326443701,41.3768084356608]]]},"properties":{"source_county":"Geauga","jurisdiction":"Auburn Township","parcel_id":"01-119053","owner_name":"BEHM JOHN G & ALEXANDRA","property_address":"11920 LADUE TRL","property_city":"AUBURN TOWNSHIP","property_zip":"44023"}},{"type":"Feature","geometry":{"type":"Polygon","coordinates":[[[-81.212801596534,41.3758649266976],[-81.2132533871887,41.3758932106936],[-81.2134644365808,41.3768136476444],[-81.2118326443701,41.3768084356608],[-81.2118349636663,41.3765308001416],[-81.2118402699162,41.3764617114691],[-81.2118549755201,41.3763933994944],[-81.211878924686,41.3763265877848],[-81.2119118637148,41.3762619840149],[-81.2119534436889,41.3762002724705],[-81.2120032241694,41.3761421068012],[-81.2120606778614,41.3760881030966],[-81.2121251961998,41.3760388333618],[-81.212196095796,41.3759948194584],[-81.2122726256761,41.3759565275778],[-81.2123539752352,41.3759243633033],[-81.212439282823,41.375898667315],[-81.2125276448697,41.3758797117811],[-81.212618125456,41.3758676974759],[-81.2127097662254,41.3758627516529],[-81.212801596534,41.3758649266976]]]},"properties":{"source_county":"Geauga","jurisdiction":"Auburn Township","parcel_id":"01-119054","owner_name":"LANE BRIAN G & KIMBERLY A","property_address":"11910 LADUE TRL","property_city":"AUBURN TOWNSHIP","property_zip":"44023"}},{"type":"Feature","geometry":{"type":"Polygon","coordinates":[[[-81.2134644365808,41.3768136476444],[-81.2132533871887,41.3758932106936],[-81.2139309652594,41.3759356254211],[-81.2140461721083,41.3759400763982],[-81.2141615219815,41.3759390263446],[-81.2142765523695,41.3759324794706],[-81.214390802044,41.3759204620267],[-81.214728392022,41.3768587607574],[-81.2135432602107,41.3771574048365],[-81.2134644365808,41.3768136476444]]]},"properties":{"source_county":"Geauga","jurisdiction":"Auburn Township","parcel_id":"01-119055","owner_name":"SOMICH RAYMOND C II & SARAH R","property_address":"11870 LADUE TRL","property_city":"AUBURN TOWNSHIP","property_zip":"44023"}},{"type":"Feature","geometry":{"type":"Polygon","coordinates":[[[-81.2156565437421,41.3757629868971],[-81.2159491548474,41.3757893800911],[-81.2159700750187,41.3757928595774],[-81.2159896923662,41.3757993458231],[-81.2160072533128,41.3758085896669],[-81.2160220832746,41.3758202360174],[-81.2160336125746,41.3758338374939],[-81.216041398326,41.3758488716114],[-81.2160451414452,41.3758647608513],[-81.2160446981415,41.3758808948458],[-81.2159451282808,41.3765072321043],[-81.214728392022,41.3768587607574],[-81.214390802044,41.3759204620267],[-81.2144944847085,41.3759046758283],[-81.2145967760442,41.3758843830951],[-81.2149396118589,41.3758082880456],[-81.2150270822484,41.375790676526],[-81.2151156254268,41.3757764276637],[-81.215205013708,41.3757655780993],[-81.215295017233,41.3757581557321],[-81.2153854045611,41.3757541796484],[-81.2154759432649,41.3757536600726],[-81.2155664005276,41.3757565983407],[-81.2156565437421,41.3757629868971]]]},"properties":{"source_county":"Geauga","jurisdiction":"Auburn Township","parcel_id":"01-119056","owner_name":"DALLAS MARI HASHITATE & JASON E","property_address":"11840 LADUE TRL","property_city":"AUBURN TOWNSHIP","property_zip":"44023"}},{"type":"Feature","geometry":{"type":"Polygon","coordinates":[[[-81.214728392022,41.3768587607574],[-81.2159451282808,41.3765072321043],[-81.2159047433806,41.37676126534],[-81.2158979505704,41.376829982575],[-81.2158993572613,41.3768988818811],[-81.2159089521688,41.3769674092886],[-81.2159266581724,41.3770350138161],[-81.2159523329348,41.3771011519013],[-81.2159857700455,41.3771652917704],[-81.2160267006797,41.377226917715],[-81.2160747957594,41.3772855342378],[-81.216098546054,41.3773133817877],[-81.2161202348513,41.3773421677314],[-81.2161397969806,41.377371805576],[-81.2161571736609,41.3774022062691],[-81.2161723126775,41.377433278466],[-81.2161851685391,41.3774649288041],[-81.2161957026142,41.3774970621835],[-81.2162038832478,41.377529582053],[-81.2162270817718,41.3776379648636],[-81.2162284027683,41.3776540738224],[-81.2162255262796,41.377670067394],[-81.2162185628303,41.3776853310348],[-81.2162077799844,41.3776992782477],[-81.2161935920647,41.3777113731184],[-81.2161765442332,41.3777211509076],[-81.2161572915435,41.3777282359084],[-81.2161365737707,41.3777323558831],[-81.2152776694527,41.3778366537434],[-81.2152586889867,41.3778380069139],[-81.2152396364052,41.3778374824996],[-81.2152208376894,41.3778350894731],[-81.2152026144772,41.3778308687779],[-81.2151852785595,41.3778248926284],[-81.2151691265458,41.3778172632737],[-81.2151544347895,41.3778081112486],[-81.215141454659,41.3777975931402],[-81.2151160998806,41.3777764802424],[-81.2150879778498,41.3777574592502],[-81.2150573911563,41.3777407348258],[-81.2150246689081,41.3777264869205],[-81.214728392022,41.3768587607574]]]},"properties":{"source_county":"Geauga","jurisdiction":"Auburn Township","parcel_id":"01-119057","owner_name":"CUNNINGHAM PATRICK N & MARY L CO TRUSTEES","property_address":"11825 STARBUSH CT","property_city":"AUBURN TOWNSHIP","property_zip":"44023"}},{"type":"Feature","geometry":{"type":"Polygon","coordinates":[[[-81.2130222606966,41.3777534151673],[-81.2131462277433,41.3775744149622],[-81.2135432602107,41.3771574048365],[-81.214728392022,41.3768587607574],[-81.2150246689081,41.3777264869205],[-81.214985254815,41.3777134715877],[-81.2149440783484,41.3777040471633],[-81.2149017138791,41.3776983451085],[-81.2148587523485,41.3776964449611],[-81.2148157930262,41.3776983732263],[-81.2147734351511,41.3777041030069],[-81.2147322695726,41.377713554378],[-81.2146928705095,41.3777265955027],[-81.2146557875404,41.3777430444703],[-81.2146215379378,41.377762671834],[-81.2145905994525,41.3777852038114],[-81.2145634036502,41.3778103261032],[-81.2145403298907,41.3778376882775],[-81.2145217000367,41.3778669086574],[-81.2145077739634,41.3778975796457],[-81.2144987459339,41.3779292734095],[-81.2130222606966,41.3777534151673]]]},"properties":{"source_county":"Geauga","jurisdiction":"Auburn Township","parcel_id":"01-119058","owner_name":"WANG HENG & DU JIANHUI","property_address":"11855 STARBUSH CT","property_city":"AUBURN TOWNSHIP","property_zip":"44023"}},{"type":"Feature","geometry":{"type":"Polygon","coordinates":[[[-81.2128458403034,41.3780081523413],[-81.2130222606966,41.3777534151673],[-81.2144987459339,41.3779292734095],[-81.2144954487852,41.3779514280535],[-81.2144945496661,41.3779737111672],[-81.214496054511,41.3779959757364],[-81.2144999533939,41.3780180748688],[-81.2145062205942,41.3780398627638],[-81.2145148147657,41.378061195674],[-81.2145256792098,41.3780819328533],[-81.2145387422494,41.3781019374864],[-81.2121291768865,41.3790816509046],[-81.2121025422092,41.379081394267],[-81.2128458403034,41.3780081523413]]]},"properties":{"source_county":"Geauga","jurisdiction":"Auburn Township","parcel_id":"01-119059","owner_name":"FILIPKOWSKI KEITH M & JESSICA","property_address":"11860 STARBUSH CT","property_city":"AUBURN TOWNSHIP","property_zip":"44023"}},{"type":"Feature","geometry":{"type":"Polygon","coordinates":[[[-81.2121291768865,41.3790816509046],[-81.2145387422494,41.3781019374864],[-81.2145584809497,41.378126207851],[-81.2145814506218,41.3781488079757],[-81.2146074042414,41.3781694948073],[-81.2146360626926,41.3781880458691],[-81.2146671177695,41.3782042616532],[-81.2147002354908,41.3782179677664],[-81.2147350596918,41.3782290168058],[-81.2147712158547,41.3782372899439],[-81.2144908699157,41.3791044199095],[-81.2121291768865,41.3790816509046]]]},"properties":{"source_county":"Geauga","jurisdiction":"Auburn Township","parcel_id":"01-119060","owner_name":"MC BRIDE JOHN R & DANIELLE M","property_address":"11850 STARBUSH CT","property_city":"AUBURN TOWNSHIP","property_zip":"44023"}},{"type":"Feature","geometry":{"type":"Polygon","coordinates":[[[-81.2144908699157,41.3791044199095],[-81.2147712158547,41.3782372899439],[-81.2148035852938,41.3782421749059],[-81.2148364088694,41.3782448331787],[-81.2148694171545,41.3782452429423],[-81.214902339206,41.3782434008332],[-81.2149349047886,41.3782393219721],[-81.2149668465931,41.3782330398396],[-81.2149979024308,41.3782246060015],[-81.2150278173853,41.3782140896857],[-81.2150563459056,41.3782015772134],[-81.2150832538212,41.378187171291],[-81.2151083202645,41.378170990167],[-81.2151313394836,41.378153166661],[-81.2151521225316,41.3781338470738],[-81.2151704988169,41.3781131899863],[-81.2151863175041,41.378091364958],[-81.2151994487513,41.3780685511349],[-81.2152073829766,41.3780554935746],[-81.2152175120533,41.378043327744],[-81.2152296626775,41.3780322617938],[-81.2152436269577,41.3780224850561],[-81.2152591659723,41.3780141648053],[-81.2152760138571,41.3780074433962],[-81.2152938823544,41.3780024358282],[-81.2153124657444,41.3779992277778],[-81.2157666696126,41.3779440751666],[-81.2160255081,41.3791191896964],[-81.2144908699157,41.3791044199095]]]},"properties":{"source_county":"Geauga","jurisdiction":"Auburn Township","parcel_id":"01-119061","owner_name":"SANDERS STEVEN & GUTTRIDGE SANDERS ASHLEY","property_address":"11830 STARBUSH CT","property_city":"AUBURN TOWNSHIP","property_zip":"44023"}},{"type":"Feature","geometry":{"type":"Polygon","coordinates":[[[-81.216785335001,41.3778011829584],[-81.2170765347197,41.3791292930179],[-81.2160255081,41.3791191896964],[-81.2157666696126,41.3779440751666],[-81.216567067689,41.3778468788337],[-81.2166228165287,41.3778389047094],[-81.216677890512,41.3778286082719],[-81.2167321192579,41.377816021375],[-81.216785335001,41.3778011829584]]]},"properties":{"source_county":"Geauga","jurisdiction":"Auburn Township","parcel_id":"01-119062","owner_name":"BH & KH","property_address":"11810 STARBUSH CT","property_city":"AUBURN TOWNSHIP","property_zip":"44023"}},{"type":"Feature","geometry":{"type":"Polygon","coordinates":[[[-81.2176648580556,41.3774880978651],[-81.2177815659778,41.3774885889203],[-81.2178045400411,41.3774905287634],[-81.2178264587422,41.3774960643232],[-81.2178463417615,41.3775049480204],[-81.2178632998247,41.3775167825291],[-81.217876574476,41.3775310385478],[-81.2178855719999,41.3775470784715],[-81.2178898899759,41.3775641849093],[-81.2178893352773,41.3775815927693],[-81.217997724085,41.3775922693851],[-81.2177297479627,41.3791355680894],[-81.2170765347197,41.3791292930179],[-81.216785335001,41.3778011829584],[-81.2168491626538,41.3777799109395],[-81.2169109100293,41.3777554017156],[-81.2169702881481,41.3777277699914],[-81.2170270191203,41.3776971450849],[-81.2171713868396,41.3776134353349],[-81.2172255344713,41.3775846438816],[-81.2172826547238,41.377559320062],[-81.2173423571217,41.3775376369891],[-81.2174042335396,41.3775197428875],[-81.2174678609914,41.3775057600806],[-81.2175328045221,41.3774957841541],[-81.217598620181,41.377489883303],[-81.2176648580556,41.3774880978651]]]},"properties":{"source_county":"Geauga","jurisdiction":"Auburn Township","parcel_id":"01-119063","owner_name":"GIGANTI CHRISTOPHER M & ANNA","property_address":" STARBUSH CT","property_city":"AUBURN TOWNSHIP","property_zip":"44023"}},{"type":"Feature","geometry":{"type":"Polygon","coordinates":[[[-81.2161538539822,41.3980386880189],[-81.2161590650187,41.3974818318684],[-81.2155932092456,41.3974788286951],[-81.2155196609682,41.3974226604954],[-81.2146587039755,41.3974180842459],[-81.2146219057955,41.3974178883799],[-81.2146792233716,41.3970747995031],[-81.2147020752313,41.3969380108511],[-81.2147388803167,41.3969382067713],[-81.2170952120649,41.3969507338648],[-81.2170974931838,41.396706885994],[-81.217471233655,41.3967088712602],[-81.217888486474,41.3967110857712],[-81.218380765077,41.3967136976811],[-81.2188478848681,41.396716173281],[-81.2193059738531,41.3967185993654],[-81.2198204912591,41.3967213222929],[-81.2205206144592,41.396725023729],[-81.2205127688913,41.3972721725918],[-81.2205014471633,41.3980616754102],[-81.2161538539822,41.3980386880189]]]},"properties":{"source_county":"Geauga","jurisdiction":"Auburn Township","parcel_id":"01-119097","owner_name":"PIUNNO JOSEPH A JR TOD","property_address":"17400 RAVENNA RD","property_city":"AUBURN TOWNSHIP","property_zip":"44023"}},{"type":"Feature","geometry":{"type":"Polygon","coordinates":[[[-81.2108966676079,41.3841175278972],[-81.2109973793318,41.3835381671319],[-81.2129730723182,41.383607676222],[-81.2129390079011,41.383805129725],[-81.212929565464,41.3838598588163],[-81.2128837448771,41.384125449057],[-81.211962218548,41.3841217795891],[-81.2117253525287,41.3841208348604],[-81.211233402779,41.3841188726685],[-81.2108966676079,41.3841175278972]]]},"properties":{"source_county":"Geauga","jurisdiction":"Auburn Township","parcel_id":"01-119147","owner_name":"ZACKOSKY EMMA","property_address":" RT 422 ","property_city":"AUBURN TOWNSHIP","property_zip":"44023"}},{"type":"Feature","geometry":{"type":"Polygon","coordinates":[[[-81.2153770581953,41.3926768687324],[-81.2154140627792,41.3926759139863],[-81.2153390090107,41.3931252236334],[-81.2153020484282,41.3931261779459],[-81.2146085611384,41.3931440338921],[-81.2146836187476,41.392694723807],[-81.2153770581953,41.3926768687324]]]},"properties":{"source_county":"Geauga","jurisdiction":"Auburn Township","parcel_id":"01-119221","owner_name":"SQUIRE FARM OHIO LLC","property_address":" RAVENNA RD","property_city":"AUBURN TOWNSHIP","property_zip":"44023"}},{"type":"Feature","geometry":{"type":"Polygon","coordinates":[[[-81.2117253525287,41.3841208348604],[-81.211962218548,41.3841217795891],[-81.2119617739013,41.3841710982726],[-81.2119337778848,41.3872744477539],[-81.2116968972075,41.3872739144789],[-81.2117253525287,41.3841208348604]]]},"properties":{"source_county":"Geauga","jurisdiction":"Auburn Township","parcel_id":"01-600200","owner_name":"CLEVELAND ELECTRIC ILLUMINATING COMPANY THE","property_address":" WASHINGTON ST","property_city":"AUBURN TOWNSHIP","property_zip":"44023"}},{"type":"Feature","geometry":{"type":"Polygon","coordinates":[[[-81.217011715224,41.3819975288516],[-81.2172321185886,41.3819995736513],[-81.2171366663913,41.3825479154936],[-81.2169015317963,41.3825457343101],[-81.2169180511314,41.3824635456468],[-81.217011715224,41.3819975288516]]]},"properties":{"source_county":"Geauga","jurisdiction":"Auburn Township","parcel_id":"01-700600","owner_name":"STATE OF OHIO","property_address":" RAVENNA RD","property_city":"AUBURN TOWNSHIP","property_zip":"44023"}},{"type":"Feature","geometry":{"type":"Polygon","coordinates":[[[-81.2169272988236,41.3837506257203],[-81.2213326216545,41.3837831402916],[-81.2213296772441,41.3839720341667],[-81.2213288214052,41.384026928024],[-81.2213249809151,41.3842733340703],[-81.2168422913941,41.3842402477396],[-81.216895344706,41.3839341857539],[-81.2169272988236,41.3837506257203]]]},"properties":{"source_county":"Geauga","jurisdiction":"Auburn Township","parcel_id":"01-700700","owner_name":"STATE OF OHIO","property_address":" RAVENNA RD","property_city":"AUBURN TOWNSHIP","property_zip":"44023"}},{"type":"Feature","geometry":{"type":"Polygon","coordinates":[[[-81.2166959472553,41.385084481583],[-81.2168422913941,41.3842402477396],[-81.2213249809151,41.3842733340703],[-81.2213223186349,41.3844441715808],[-81.2211534032139,41.3844406509789],[-81.219427810132,41.3845745283572],[-81.2173703957421,41.3847341149484],[-81.2169432767536,41.3850124107513],[-81.2169202834307,41.3851070082417],[-81.2166959472553,41.385084481583]]]},"properties":{"source_county":"Geauga","jurisdiction":"Auburn Township","parcel_id":"01-700800","owner_name":"STATE OF OHIO","property_address":" RAVENNA RD","property_city":"AUBURN TOWNSHIP","property_zip":"44023"}},{"type":"Feature","geometry":{"type":"Polygon","coordinates":[[[-81.2213326216545,41.3837831402916],[-81.2222176549768,41.3837896519362],[-81.2222159369854,41.3839904969141],[-81.2222154679491,41.3840453986401],[-81.2222136100789,41.384262529249],[-81.2222118978694,41.3844627069643],[-81.2213223186349,41.3844441715808],[-81.2213249809151,41.3842733340703],[-81.2213288214052,41.384026928024],[-81.2213296772441,41.3839720341667],[-81.2213326216545,41.3837831402916]]]},"properties":{"source_county":"Geauga","jurisdiction":"Auburn Township","parcel_id":"01-700900","owner_name":"STATE OF OHIO","property_address":" RT 422 ","property_city":"AUBURN TOWNSHIP","property_zip":"44023"}},{"type":"Feature","geometry":{"type":"Polygon","coordinates":[[[-81.2162494677338,41.3863880260623],[-81.2162976199288,41.3861102618968],[-81.2165174102321,41.3861144020691],[-81.2164692589635,41.3863921663257],[-81.2162494677338,41.3863880260623]]]},"properties":{"source_county":"Geauga","jurisdiction":"Auburn Township","parcel_id":"01-701700","owner_name":"OHIO STATE OF","property_address":" RAVENNA RD","property_city":"AUBURN TOWNSHIP","property_zip":"44023"}},{"type":"Feature","geometry":{"type":"Polygon","coordinates":[[[-81.2137956098984,41.3857844356995],[-81.2137981151494,41.3855058123709],[-81.2155930139213,41.3855396459902],[-81.216393923097,41.3855547334428],[-81.2163457717165,41.3858324976903],[-81.2137956098984,41.3857844356995]]]},"properties":{"source_county":"Geauga","jurisdiction":"Auburn Township","parcel_id":"01-701800","owner_name":"AUBURN TWP TRUSTEES OF","property_address":"17807 RAVENNA RD","property_city":"AUBURN TOWNSHIP","property_zip":"44023"}},{"type":"Feature","geometry":{"type":"Polygon","coordinates":[[[-81.2157551286244,41.3846045768989],[-81.2131444016384,41.3841934850817],[-81.2128736170883,41.3841883600568],[-81.2128837448771,41.384125449057],[-81.2150695018692,41.3841451173552],[-81.2157957609661,41.3842295545926],[-81.2161577891734,41.384304997393],[-81.2167185064523,41.3843183109704],[-81.2167432122005,41.3841757867177],[-81.2168531059194,41.3841778564541],[-81.2166921064098,41.3851066427763],[-81.216546233396,41.3850923004768],[-81.2164195630357,41.3849799856717],[-81.2164657325197,41.3847164594535],[-81.2157551286244,41.3846045768989]]]},"properties":{"source_county":"Geauga","jurisdiction":"Auburn Township","parcel_id":"01-701900","owner_name":"OHIO STATE OF","property_address":" RT 422 ","property_city":"AUBURN TOWNSHIP","property_zip":"44023"}},{"type":"Feature","geometry":{"type":"Polygon","coordinates":[[[-81.2157957609661,41.3842295545926],[-81.2150695018692,41.3841451173552],[-81.2128837448771,41.384125449057],[-81.212929565464,41.3838598588163],[-81.2129390079011,41.383805129725],[-81.2129730723182,41.383607676222],[-81.2150034966656,41.3836265649091],[-81.2169457559852,41.383644600486],[-81.216895344706,41.3839341857539],[-81.2168531059194,41.3841778564541],[-81.2167432122005,41.3841757867177],[-81.2167185064523,41.3843183109704],[-81.2161577891734,41.384304997393],[-81.2157957609661,41.3842295545926]]]},"properties":{"source_county":"Geauga","jurisdiction":"Auburn Township","parcel_id":"01-702000","owner_name":"STATE OF OHIO","property_address":" RT 422 ","property_city":"AUBURN TOWNSHIP","property_zip":"44023"}},{"type":"Feature","geometry":{"type":"Polygon","coordinates":[[[-81.2150373513267,41.3834319929692],[-81.2169796276333,41.3834500273306],[-81.2169457559852,41.383644600486],[-81.2150034966656,41.3836265649091],[-81.2150373513267,41.3834319929692]]]},"properties":{"source_county":"Geauga","jurisdiction":"Auburn Township","parcel_id":"01-702300","owner_name":"STATE OF OHIO","property_address":" RT 422 ","property_city":"AUBURN TOWNSHIP","property_zip":"44023"}},{"type":"Feature","geometry":{"type":"Polygon","coordinates":[[[-81.2168252201648,41.3829638434948],[-81.2168749268973,41.3826781065015],[-81.2171099659709,41.3827013026325],[-81.2170412125828,41.3830962580764],[-81.2167475238199,41.3830935331755],[-81.2168252201648,41.3829638434948]]]},"properties":{"source_county":"Geauga","jurisdiction":"Auburn Township","parcel_id":"01-702500","owner_name":"STATE OF OHIO","property_address":" RAVENNA RD","property_city":"AUBURN TOWNSHIP","property_zip":"44023"}},{"type":"Feature","geometry":{"type":"Polygon","coordinates":[[[-81.2171071031126,41.3814491863156],[-81.2173275704052,41.381451230762],[-81.2172321185886,41.3819995736513],[-81.217011715224,41.3819975288516],[-81.2170350545536,41.3818633625684],[-81.2171071031126,41.3814491863156]]]},"properties":{"source_county":"Geauga","jurisdiction":"Auburn Township","parcel_id":"01-702600","owner_name":"STATE OF OHIO","property_address":" RAVENNA RD","property_city":"AUBURN TOWNSHIP","property_zip":"44023"}},{"type":"Feature","geometry":{"type":"Polygon","coordinates":[[[-81.2170695172572,41.3829336626848],[-81.2171155915684,41.3826689859598],[-81.2174081766907,41.3826983726877],[-81.2173659995245,41.382936577117],[-81.2170693907822,41.3829343835184],[-81.2170695172572,41.3829336626848]]]},"properties":{"source_county":"Geauga","jurisdiction":"Auburn Township","parcel_id":"01-702800","owner_name":"STATE OF OHIO","property_address":" RAVENNA RD","property_city":"AUBURN TOWNSHIP","property_zip":"44023"}},{"type":"Feature","geometry":{"type":"Polygon","coordinates":[[[-81.2170693919776,41.3829343835316],[-81.2173659995245,41.382936577117],[-81.2173447415554,41.3830566324701],[-81.2195622078847,41.3833615936056],[-81.2169983243231,41.3833426269056],[-81.2170693919776,41.3829343835316]]]},"properties":{"source_county":"Geauga","jurisdiction":"Auburn Township","parcel_id":"01-702900","owner_name":"STATE OF OHIO","property_address":" RAVENNA RD","property_city":"AUBURN TOWNSHIP","property_zip":"44023"}},{"type":"Feature","geometry":{"type":"Polygon","coordinates":[[[-81.2185497144677,41.3872879494339],[-81.2189917793648,41.3872880847978],[-81.2189884480172,41.3876297446887],[-81.2185463899146,41.3876287755118],[-81.2185497144677,41.3872879494339]]]},"properties":{"source_county":"Geauga","jurisdiction":"Auburn Township","parcel_id":"01-703300","owner_name":"AUBURN TOWNSHIP TRUSTEES BOARD OF","property_address":"11742 WASHINGTON ST","property_city":"AUBURN TOWNSHIP","property_zip":"44023"}},{"type":"Feature","geometry":{"type":"Polygon","coordinates":[[[-81.2095630710872,41.3834557196577],[-81.2105833795136,41.3834585514869],[-81.2105834213542,41.3834585519528],[-81.2110116671277,41.3834597375882],[-81.212069955174,41.3834626612066],[-81.2137092774834,41.3834941016068],[-81.2137615507114,41.3834201290512],[-81.2138049865086,41.3833586677065],[-81.2145412289014,41.3833244701857],[-81.215060253388,41.3833003635642],[-81.2150373513267,41.3834319929692],[-81.2150034966656,41.3836265649091],[-81.2129730723182,41.383607676222],[-81.2109973793318,41.3835381671319],[-81.2095630710872,41.3834557196577]]]},"properties":{"source_county":"Geauga","jurisdiction":"Auburn Township","parcel_id":"01-703500","owner_name":"STATE OF OHIO","property_address":" RT 422 ","property_city":"AUBURN TOWNSHIP","property_zip":"44023"}},{"type":"Feature","geometry":{"type":"Polygon","coordinates":[[[-81.2173078430286,41.3815645652476],[-81.217535105619,41.3815662460075],[-81.217461305669,41.3819830506808],[-81.2172352861561,41.3819813790608],[-81.2173078430286,41.3815645652476]]]},"properties":{"source_county":"Geauga","jurisdiction":"Auburn Township","parcel_id":"01-704100","owner_name":"STATE OF OHIO","property_address":" RAVENNA RD","property_city":"AUBURN TOWNSHIP","property_zip":"44023"}},{"type":"Feature","geometry":{"type":"Polygon","coordinates":[[[-81.2172114656728,41.382118221861],[-81.2174370767871,41.3821198907995],[-81.217405483207,41.3822983273353],[-81.2174467116616,41.3824807340988],[-81.2174382531841,41.3825285060357],[-81.2171404292665,41.3825263027406],[-81.2172114656728,41.382118221861]]]},"properties":{"source_county":"Geauga","jurisdiction":"Auburn Township","parcel_id":"01-704300","owner_name":"STATE OF OHIO","property_address":" RAVENNA RD","property_city":"AUBURN TOWNSHIP","property_zip":"44023"}},{"type":"Feature","geometry":{"type":"Polygon","coordinates":[[[-81.2167475238199,41.3830935331755],[-81.2170412125828,41.3830962580764],[-81.2169796276333,41.3834500273306],[-81.2150373513267,41.3834319929692],[-81.215060253388,41.3833003635642],[-81.2158191764561,41.3830849151937],[-81.2167475238199,41.3830935331755]]]},"properties":{"source_county":"Geauga","jurisdiction":"Auburn Township","parcel_id":"01-705200","owner_name":"STATE OF OHIO","property_address":" RAVENNA RD","property_city":"AUBURN TOWNSHIP","property_zip":"44023"}},{"type":"Feature","geometry":{"type":"Polygon","coordinates":[[[-81.2169983243231,41.3833426269056],[-81.2195622078847,41.3833615936056],[-81.2211848929054,41.3835847270407],[-81.2228842271997,41.3836201312944],[-81.2228819600114,41.383794534824],[-81.2222176549768,41.3837896519362],[-81.2213326216545,41.3837831402916],[-81.2169272988236,41.3837506257203],[-81.2169983243231,41.3833426269056]]]},"properties":{"source_county":"Geauga","jurisdiction":"Auburn Township","parcel_id":"01-705600","owner_name":"STATE OF OHIO","property_address":" RAVENNA RD","property_city":"AUBURN TOWNSHIP","property_zip":"44023"}},{"type":"Feature","geometry":{"type":"Polygon","coordinates":[[[-81.2240386045934,41.3842673400537],[-81.2255089356384,41.3842711952935],[-81.2255064756676,41.3844297030032],[-81.2240372460546,41.3843991282523],[-81.2240386045934,41.3842673400537]]]},"properties":{"source_county":"Geauga","jurisdiction":"Auburn Township","parcel_id":"01-706000","owner_name":"STATE OF OHIO","property_address":" RT 422 ","property_city":"AUBURN TOWNSHIP","property_zip":"44023"}},{"type":"Feature","geometry":{"type":"Polygon","coordinates":[[[-81.211962218548,41.3841217795891],[-81.2128837448771,41.384125449057],[-81.2128736170883,41.3841883600568],[-81.2119617739013,41.3841710982726],[-81.211962218548,41.3841217795891]]]},"properties":{"source_county":"Geauga","jurisdiction":"Auburn Township","parcel_id":"01-707000","owner_name":"STATE OF OHIO","property_address":" RT 422 ","property_city":"AUBURN TOWNSHIP","property_zip":"44023"}},{"type":"Feature","geometry":{"type":"Polygon","coordinates":[[[-81.2173079589152,41.3815638965277],[-81.2173548084351,41.3812947525215],[-81.2175791869528,41.3813172749346],[-81.217535105619,41.3815662460075],[-81.2173078418332,41.3815645652343],[-81.2173079589152,41.3815638965277]]]},"properties":{"source_county":"Geauga","jurisdiction":"Auburn Township","parcel_id":"01-707400","owner_name":"STATE OF OHIO","property_address":" RAVENNA RD","property_city":"AUBURN TOWNSHIP","property_zip":"44023"}},{"type":"Feature","geometry":{"type":"Polygon","coordinates":[[[-81.2163190042485,41.3866227882514],[-81.2162494677338,41.3863880260623],[-81.2164692589635,41.3863921663257],[-81.2164274319473,41.3866334503698],[-81.2163190042485,41.3866227882514]]]},"properties":{"source_county":"Geauga","jurisdiction":"Auburn Township","parcel_id":"01-707600","owner_name":"OHIO STATE OF","property_address":" RAVENNA RD","property_city":"AUBURN TOWNSHIP","property_zip":"44023"}},{"type":"Feature","geometry":{"type":"Polygon","coordinates":[[[-81.2162976199288,41.3861102618968],[-81.2163457717165,41.3858324976903],[-81.216565562289,41.3858366377848],[-81.2165174102321,41.3861144020691],[-81.2162976199288,41.3861102618968]]]},"properties":{"source_county":"Geauga","jurisdiction":"Auburn Township","parcel_id":"01-707700","owner_name":"OHIO STATE OF","property_address":" RAVENNA RD","property_city":"AUBURN TOWNSHIP","property_zip":"44023"}},{"type":"Feature","geometry":{"type":"Polygon","coordinates":[[[-81.2222118978694,41.3844627069643],[-81.2222136100789,41.384262529249],[-81.2240386045934,41.3842673400537],[-81.2240372460546,41.3843991282523],[-81.2231606725253,41.3843808772757],[-81.2226105138974,41.3844710106613],[-81.2222118978694,41.3844627069643]]]},"properties":{"source_county":"Geauga","jurisdiction":"Auburn Township","parcel_id":"01-708000","owner_name":"STATE OF OHIO","property_address":" RT 422 ","property_city":"AUBURN TOWNSHIP","property_zip":"44023"}},{"type":"Feature","geometry":{"type":"Polygon","coordinates":[[[-81.2163457717165,41.3858324976903],[-81.216393923097,41.3855547334428],[-81.2164658360179,41.3855560880167],[-81.216613712743,41.3855588734463],[-81.216565562289,41.3858366377848],[-81.2163457717165,41.3858324976903]]]},"properties":{"source_county":"Geauga","jurisdiction":"Auburn Township","parcel_id":"01-708100","owner_name":"OHIO STATE OF","property_address":" RAVENNA RD","property_city":"AUBURN TOWNSHIP","property_zip":"44023"}},{"type":"Feature","geometry":{"type":"Polygon","coordinates":[[[-81.2033897124548,41.3778620264737],[-81.2096126870962,41.3779802879313],[-81.2096029055692,41.3790572418734],[-81.209593319987,41.3801157455407],[-81.2095868525232,41.3808299543859],[-81.2095813931101,41.3814327158233],[-81.2033579854936,41.3813292691625],[-81.2033897124548,41.3778620264737]]]},"properties":{"source_county":"Geauga","jurisdiction":"Auburn Township","parcel_id":"01-708907","owner_name":"CITY OF AKRON OHIO THE","property_address":" SHAW RD","property_city":"AUBURN TOWNSHIP","property_zip":"44023"}},{"type":"Feature","geometry":{"type":"Polygon","coordinates":[[[-81.2163819253119,41.3854223810982],[-81.2164195630357,41.3849799856717],[-81.216546233396,41.3850923004768],[-81.2164760891368,41.3854969388137],[-81.216375742463,41.3854950493213],[-81.2163819253119,41.3854223810982]]]},"properties":{"source_county":"Geauga","jurisdiction":"Auburn Township","parcel_id":"01-708912","owner_name":"OHIO STATE OF","property_address":" RAVENNA RD","property_city":"AUBURN TOWNSHIP","property_zip":"44023"}},{"type":"Feature","geometry":{"type":"Polygon","coordinates":[[[-81.2164444547666,41.3865352494957],[-81.2164600582226,41.3864452449227],[-81.2165952518854,41.3864588241439],[-81.2166984866655,41.3858757833423],[-81.2167336260437,41.38587603048],[-81.2165797258803,41.386535267436],[-81.2164444547666,41.3865352494957]]]},"properties":{"source_county":"Geauga","jurisdiction":"Auburn Township","parcel_id":"01-708913","owner_name":"STATE OF OHIO","property_address":" RAVENNA RD","property_city":"AUBURN TOWNSHIP","property_zip":"44023"}},{"type":"Feature","geometry":{"type":"Polygon","coordinates":[[[-81.2034808301256,41.3872731017446],[-81.2038453204784,41.3872727937741],[-81.2037094149179,41.3886495600401],[-81.2033449753532,41.3886492702764],[-81.2034808301256,41.3872731017446]]]},"properties":{"source_county":"Geauga","jurisdiction":"Auburn Township","parcel_id":"01-708917","owner_name":"CITY OF AKRON OHIO THE","property_address":" VALLEY RD","property_city":"AUBURN TOWNSHIP","property_zip":"44023"}},{"type":"Feature","geometry":{"type":"Polygon","coordinates":[[[-81.2039070112432,41.3960662178828],[-81.2046213873684,41.3960638676302],[-81.2043684965615,41.3971238202356],[-81.20357510822,41.3971275972262],[-81.2039070112432,41.3960662178828]]]},"properties":{"source_county":"Geauga","jurisdiction":"Auburn Township","parcel_id":"01-708918","owner_name":"CITY OF AKRON OHIO THE","property_address":" VALLEY RD","property_city":"AUBURN TOWNSHIP","property_zip":"44023"}},{"type":"Feature","geometry":{"type":"Polygon","coordinates":[[[-81.2038453204784,41.3872727937741],[-81.2044780982722,41.3872722553397],[-81.2043420814678,41.3886500601818],[-81.2037094149179,41.3886495600401],[-81.2038453204784,41.3872727937741]]]},"properties":{"source_county":"Geauga","jurisdiction":"Auburn Township","parcel_id":"01-708919","owner_name":"CITY OF AKRON OHIO THE","property_address":" VALLEY RD","property_city":"AUBURN TOWNSHIP","property_zip":"44023"}},{"type":"Feature","geometry":{"type":"Polygon","coordinates":[[[-81.2096467401448,41.3744511359236],[-81.2114633562871,41.3744536006038],[-81.211078604971,41.3748141953575],[-81.2101850293094,41.375651650624],[-81.2099928895545,41.3758317181443],[-81.2099821214229,41.3769619838354],[-81.2099735662635,41.3778599828668],[-81.2099621260904,41.3790607161599],[-81.2096029055692,41.3790572418734],[-81.2096126870962,41.3779802879313],[-81.2096467401448,41.3744511359236]]]},"properties":{"source_county":"Geauga","jurisdiction":"Auburn Township","parcel_id":"01-708938","owner_name":"CITY OF AKRON OHIO THE","property_address":" RAVENNA RD","property_city":"AUBURN TOWNSHIP","property_zip":"44023"}},{"type":"Feature","geometry":{"type":"Polygon","coordinates":[[[-81.2095578125239,41.374451486579],[-81.2096467401448,41.3744511359236],[-81.2096126870962,41.3779802879313],[-81.2033897124548,41.3778620264737],[-81.2033908548234,41.3777054857088],[-81.203398399473,41.3766713527889],[-81.2034206963893,41.3744757457972],[-81.2059585227599,41.3744657327536],[-81.2067601062694,41.3744625581331],[-81.2095578125239,41.374451486579]]]},"properties":{"source_county":"Geauga","jurisdiction":"Auburn Township","parcel_id":"01-708940","owner_name":"CITY OF AKRON OHIO THE","property_address":" SHAW RD","property_city":"AUBURN TOWNSHIP","property_zip":"44023"}},{"type":"Feature","geometry":{"type":"Polygon","coordinates":[[[-81.2013169213307,41.3872749073314],[-81.2034808301256,41.3872731017446],[-81.2033449753532,41.3886492702764],[-81.2011813711775,41.3886475264063],[-81.2013169213307,41.3872749073314]]]},"properties":{"source_county":"Geauga","jurisdiction":"Auburn Township","parcel_id":"01-708941","owner_name":"CITY OF AKRON THE","property_address":" VALLEY RD","property_city":"AUBURN TOWNSHIP","property_zip":"44023"}},{"type":"Feature","geometry":{"type":"Polygon","coordinates":[[[-81.2008766892707,41.3872752698878],[-81.2013169213307,41.3872749073314],[-81.2011813711775,41.3886475264063],[-81.2010234650251,41.3902464608217],[-81.200583283542,41.3902460999172],[-81.2008766892707,41.3872752698878]]]},"properties":{"source_county":"Geauga","jurisdiction":"Auburn Township","parcel_id":"01-708942","owner_name":"CITY OF AKRON THE","property_address":" VALLEY RD","property_city":"AUBURN TOWNSHIP","property_zip":"44023"}},{"type":"Feature","geometry":{"type":"Polygon","coordinates":[[[-81.2010234650251,41.3902464608217],[-81.2011813711775,41.3886475264063],[-81.2033449753532,41.3886492702764],[-81.2037094149179,41.3886495600401],[-81.2043420814678,41.3886500601818],[-81.2041842282559,41.3902490031388],[-81.2010234650251,41.3902464608217]]]},"properties":{"source_county":"Geauga","jurisdiction":"Auburn Township","parcel_id":"01-708943","owner_name":"CITY OF AKRON OHIO THE","property_address":" VALLEY RD","property_city":"AUBURN TOWNSHIP","property_zip":"44023"}},{"type":"Feature","geometry":{"type":"Polygon","coordinates":[[[-81.1999147839348,41.3872415817302],[-81.1999062234163,41.3812717735581],[-81.2033579854936,41.3813292691625],[-81.2095813931101,41.3814327158233],[-81.2095769053692,41.3819283187909],[-81.2095765550443,41.3819669644211],[-81.2095719316763,41.3824775004209],[-81.2095692854922,41.3827695721311],[-81.2095630710872,41.3834557196577],[-81.2095558435429,41.3842537986842],[-81.2095518985033,41.3846893221941],[-81.209528532894,41.387269010428],[-81.2091677767214,41.3872682549345],[-81.2090449097436,41.3872683153076],[-81.2044780982722,41.3872722553397],[-81.2038453204784,41.3872727937741],[-81.2034808301256,41.3872731017446],[-81.2013169213307,41.3872749073314],[-81.2008766892707,41.3872752698878],[-81.2004624597823,41.3872756091955],[-81.2003249525578,41.3872735625503],[-81.2001876790257,41.387267200257],[-81.2000508769413,41.3872565339908],[-81.1999147839348,41.3872415817302]],[[-81.206274383745,41.3870897416765],[-81.2062830328057,41.3866506605949],[-81.2057000100527,41.3866441454648],[-81.2056913570953,41.3870832265037],[-81.206274383745,41.3870897416765]]]},"properties":{"source_county":"Geauga","jurisdiction":"Auburn Township","parcel_id":"01-708950","owner_name":"CITY OF AKRON","property_address":" VALLEY RD","property_city":"AUBURN TOWNSHIP","property_zip":"44023"}},{"type":"Feature","geometry":{"type":"Polygon","coordinates":[[[-81.2057000100527,41.3866441454648],[-81.2062830328057,41.3866506605949],[-81.206274383745,41.3870897416765],[-81.2056913570953,41.3870832265037],[-81.2057000100527,41.3866441454648]]]},"properties":{"source_county":"Geauga","jurisdiction":"Auburn Township","parcel_id":"01-708958","owner_name":"CITY OF AKRON OHIO THE","property_address":"17759 VALLEY RD","property_city":"AUBURN TOWNSHIP","property_zip":"44023"}},{"type":"Feature","geometry":{"type":"Polygon","coordinates":[[[-81.2171404292665,41.3825263027406],[-81.2174382531841,41.3825285060357],[-81.2174081766907,41.3826983726877],[-81.2171155915684,41.3826689859598],[-81.2171404292665,41.3825263027406]]]},"properties":{"source_county":"Geauga","jurisdiction":"Auburn Township","parcel_id":"01-708964","owner_name":"STATE OF OHIO","property_address":" RAVENNA RD","property_city":"AUBURN TOWNSHIP","property_zip":"44023"}},{"type":"Feature","geometry":{"type":"Polygon","coordinates":[[[-81.20357510822,41.3971275972262],[-81.2043684965615,41.3971238202356],[-81.2043716688006,41.3993655837819],[-81.2043149179465,41.3993652037758],[-81.2008061532536,41.3993416421425],[-81.199351755687,41.3993318447808],[-81.1994036027907,41.3992940099274],[-81.1995755500282,41.3990520093295],[-81.1996898881117,41.3988914649368],[-81.1997554507483,41.3987743749507],[-81.199825357389,41.3986587185188],[-81.1998995527939,41.3985445869944],[-81.1999779783366,41.3984320705263],[-81.2000605720502,41.3983212579868],[-81.2001472686767,41.3982122369021],[-81.2002379997183,41.3981050933828],[-81.2003326934917,41.3979999120561],[-81.2009623063638,41.3971399949208],[-81.2028423472595,41.3971310797515],[-81.20357510822,41.3971275972262]]]},"properties":{"source_county":"Geauga","jurisdiction":"Auburn Township","parcel_id":"01-708969","owner_name":"CITY OF AKRON OHIO THE","property_address":" VALLEY RD","property_city":"AUBURN TOWNSHIP","property_zip":"44023"}},{"type":"Feature","geometry":{"type":"Polygon","coordinates":[[[-81.2046257079457,41.3948888097289],[-81.2094822842318,41.3948745133844],[-81.2094751374439,41.3960487708479],[-81.2046213873684,41.3960638676302],[-81.2046257079457,41.3948888097289]]]},"properties":{"source_county":"Geauga","jurisdiction":"Auburn Township","parcel_id":"01-708970","owner_name":"CITY OF AKRON OHIO THE","property_address":" VALLEY RD","property_city":"AUBURN TOWNSHIP","property_zip":"44023"}},{"type":"Feature","geometry":{"type":"Polygon","coordinates":[[[-81.2095692854922,41.3827695721311],[-81.2105896203546,41.3827724025181],[-81.2105841650725,41.3833762055604],[-81.2105834213542,41.3834585519528],[-81.2105833795136,41.3834585514869],[-81.2095630710872,41.3834557196577],[-81.2095692854922,41.3827695721311]]]},"properties":{"source_county":"Geauga","jurisdiction":"Auburn Township","parcel_id":"01-708991","owner_name":"BOARD OF COUNTY COMMISSIONERS OF GEAUGA COUNTY","property_address":"17915 RAVENNA RD","property_city":"AUBURN TOWNSHIP","property_zip":"44023"}},{"type":"Feature","geometry":{"type":"Polygon","coordinates":[[[-81.2164760891368,41.3854969388137],[-81.216546233396,41.3850923004768],[-81.2166921064098,41.3851066427763],[-81.216613712743,41.3855588734463],[-81.2164658360179,41.3855560880167],[-81.2164760891368,41.3854969388137]]]},"properties":{"source_county":"Geauga","jurisdiction":"Auburn Township","parcel_id":"01-708992","owner_name":"OHIO STATE OF","property_address":" RAVENNA RD","property_city":"AUBURN TOWNSHIP","property_zip":"44023"}},{"type":"Feature","geometry":{"type":"Polygon","coordinates":[[[-81.2169015317963,41.3825457343101],[-81.2171366663913,41.3825479154936],[-81.2171099659709,41.3827013026325],[-81.2168749268973,41.3826781065015],[-81.2169015317963,41.3825457343101]]]},"properties":{"source_county":"Geauga","jurisdiction":"Auburn Township","parcel_id":"01-708993","owner_name":"STATE OF OHIO","property_address":" RAVENNA RD","property_city":"AUBURN TOWNSHIP","property_zip":"44023"}},{"type":"Feature","geometry":{"type":"Polygon","coordinates":[[[-81.2105896203546,41.3827724025181],[-81.2108447061626,41.3827731094086],[-81.2108392522949,41.3833768989443],[-81.2105841653376,41.3833761920552],[-81.2105896203546,41.3827724025181]]]},"properties":{"source_county":"Geauga","jurisdiction":"Auburn Township","parcel_id":"01-708997","owner_name":"BOARD OF COUNTY COMMISSIONERS OF GEAUGA COUNTY","property_address":" RAVENNA RD","property_city":"AUBURN TOWNSHIP","property_zip":"44023"}},{"type":"Feature","geometry":{"type":"Polygon","coordinates":[[[-81.219427810132,41.3845745283572],[-81.2211534032139,41.3844406509789],[-81.2213223186349,41.3844441715808],[-81.2213014819479,41.3861199007042],[-81.2211709807447,41.3861196833929],[-81.221132201824,41.3872887162888],[-81.2188782031733,41.3872880503565],[-81.2189213726723,41.3859735893059],[-81.2189409804642,41.3853765473857],[-81.2193294093676,41.3852105092651],[-81.219427810132,41.3845745283572]]]},"properties":{"source_county":"Geauga","jurisdiction":"Auburn Township","parcel_id":"01-709022","owner_name":"AUBURN TOWNSHIP BOARD OF TRUSTEES","property_address":"11725 WASHINGTON ST","property_city":"AUBURN TOWNSHIP","property_zip":"44023"}},{"type":"Feature","geometry":{"type":"Polygon","coordinates":[[[-81.2173452266546,41.3872864967431],[-81.2176548838234,41.3872871778173],[-81.2176538117227,41.3873969608225],[-81.2173441540715,41.3873962779448],[-81.2173452266546,41.3872864967431]]]},"properties":{"source_county":"Geauga","jurisdiction":"Auburn Township","parcel_id":"01-709024","owner_name":"AUBURN CORNER INVESTMENTS LLC","property_address":" WASHINGTON ST","property_city":"AUBURN TOWNSHIP","property_zip":"44023"}},{"type":"Feature","geometry":{"type":"Polygon","coordinates":[[[-81.2152431999469,41.3936987881804],[-81.2151522428387,41.3942432847489],[-81.2141689286647,41.3942414398119],[-81.214260043678,41.3936976021717],[-81.2152431999469,41.3936987881804]]]},"properties":{"source_county":"Geauga","jurisdiction":"Auburn Township","parcel_id":"01-011000","owner_name":"BLANKENSHIP NICHOLAS L","property_address":"17511 RAVENNA RD","property_city":"AUBURN TOWNSHIP","property_zip":"44023"}},{"type":"Feature","geometry":{"type":"Polygon","coordinates":[[[-81.2041842282559,41.3902490031388],[-81.2046427642779,41.3902493647523],[-81.2046371124823,41.3917865964699],[-81.2040452233119,41.3916569512865],[-81.2041842282559,41.3902490031388]]]},"properties":{"source_county":"Geauga","jurisdiction":"Auburn Township","parcel_id":"01-709030","owner_name":"CITY OF AKRON OHIO","property_address":" VALLEY RD","property_city":"AUBURN TWP","property_zip":"44023"}},{"type":"Feature","geometry":{"type":"Polygon","coordinates":[[[-81.2046266246123,41.3946395411406],[-81.2046427642779,41.3902493647523],[-81.2041842282559,41.3902490031388],[-81.2043420814678,41.3886500601818],[-81.2044780982722,41.3872722553397],[-81.2090449097436,41.3872683153076],[-81.2091677767214,41.3872682549345],[-81.2091604217316,41.3884758614267],[-81.209521215593,41.3884765578531],[-81.2095199124752,41.3886907597797],[-81.2095132743164,41.3897816932483],[-81.2094957276028,41.3926653763113],[-81.2094838032375,41.3946249355847],[-81.2094822842318,41.3948745133844],[-81.2046257078925,41.3948888124299],[-81.2046266246123,41.3946395411406]]]},"properties":{"source_county":"Geauga","jurisdiction":"Auburn Township","parcel_id":"01-708949","owner_name":"CITY OF AKRON OHIO","property_address":" VALLEY RD","property_city":"AUBURN TWP","property_zip":"44023"}},{"type":"Feature","geometry":{"type":"Polygon","coordinates":[[[-81.2046266246123,41.3946395411406],[-81.2046257078925,41.3948888124299],[-81.2046213873684,41.3960638676302],[-81.2039070112432,41.3960662178828],[-81.20357510822,41.3971275972262],[-81.2028423472595,41.3971310797515],[-81.2028512043054,41.3962820182164],[-81.203171411068,41.3958275852854],[-81.2024632862193,41.3949241527198],[-81.2026155390526,41.3946938987196],[-81.2046266246123,41.3946395411406]]]},"properties":{"source_county":"Geauga","jurisdiction":"Auburn Township","parcel_id":"01-709031","owner_name":"CITY OF AKRON OHIO","property_address":" VALLEY RD","property_city":"AUBURN TWP","property_zip":"44023"}},{"type":"Feature","geometry":{"type":"Polygon","coordinates":[[[-81.2147536586914,41.3872807591774],[-81.2150255979718,41.3872813636487],[-81.2149713477668,41.3875972875833],[-81.2149118052366,41.3879393909146],[-81.214396163172,41.3879372705067],[-81.2145051902385,41.3872802056961],[-81.2147536586914,41.3872807591774]]]},"properties":{"source_county":"Geauga","jurisdiction":"Auburn Township","parcel_id":"01-000520","owner_name":"WEIN JASON","property_address":" WASHINGTON ST","property_city":"AUBURN TOWNSHIP","property_zip":"44023"}},{"type":"Feature","geometry":{"type":"Polygon","coordinates":[[[-81.2191948207005,41.3791473875365],[-81.2229902670658,41.3791589829404],[-81.2229803654349,41.3795755483442],[-81.2176561788868,41.3795592459186],[-81.2177284790715,41.3791428736543],[-81.2191948207005,41.3791473875365]]]},"properties":{"source_county":"Geauga","jurisdiction":"Auburn Township","parcel_id":"01-002100","owner_name":"FEAR DAVID C","property_address":"18026 RAVENNA RD","property_city":"AUBURN TOWNSHIP","property_zip":"44023"}},{"type":"Feature","geometry":{"type":"Polygon","coordinates":[[[-81.2225623474386,41.386096586922],[-81.2229267732055,41.3860964938205],[-81.2229141482051,41.3872892114463],[-81.2225497183551,41.3872891127208],[-81.2225623474386,41.386096586922]]]},"properties":{"source_county":"Geauga","jurisdiction":"Auburn Township","parcel_id":"01-002270","owner_name":"PATTON JOHN M & SHIRLEY A","property_address":"11643 WASHINGTON ST","property_city":"AUBURN TOWNSHIP","property_zip":"44023"}},{"type":"Feature","geometry":{"type":"Polygon","coordinates":[[[-81.2175351056207,41.3815662460104],[-81.2229321039107,41.3816060291215],[-81.2229221853043,41.382023306395],[-81.2174613056707,41.3819830506836],[-81.2175351056207,41.3815662460104]]]},"properties":{"source_county":"Geauga","jurisdiction":"Auburn Township","parcel_id":"01-002800","owner_name":"HUFFMAN CURTIS","property_address":" RAVENNA RD","property_city":"AUBURN TOWNSHIP","property_zip":"44023"}},{"type":"Feature","geometry":{"type":"Polygon","coordinates":[[[-81.2201541183437,41.3872884322571],[-81.2205867163742,41.3872885586626],[-81.2205681811269,41.3887508560279],[-81.2202671124306,41.3887495690075],[-81.2199511178209,41.388748217978],[-81.2199391289915,41.3876544131254],[-81.2199928829562,41.3876545300284],[-81.2199888683504,41.3872883834122],[-81.2201541183437,41.3872884322571]]]},"properties":{"source_county":"Geauga","jurisdiction":"Auburn Township","parcel_id":"01-003750","owner_name":"BURTON INSURANCE AGENCY INC","property_address":"11700 WASHINGTON ST","property_city":"AUBURN TOWNSHIP","property_zip":"44023"}},{"type":"Feature","geometry":{"type":"Polygon","coordinates":[[[-81.2159401023737,41.3868198457302],[-81.2160275616928,41.3868203400291],[-81.2159962162246,41.387001125583],[-81.2163585157754,41.3870309905327],[-81.2163146153028,41.3872842233157],[-81.2162774761997,41.3872841412034],[-81.2158597557853,41.387283215415],[-81.2159401023737,41.3868198457302]]]},"properties":{"source_county":"Geauga","jurisdiction":"Auburn Township","parcel_id":"01-004800","owner_name":"17755 RAVENNA CORP INC","property_address":"17755 RAVENNA RD","property_city":"AUBURN TOWNSHIP","property_zip":"44023"}},{"type":"Feature","geometry":{"type":"Polygon","coordinates":[[[-81.2160275616928,41.3868203400291],[-81.2163946734935,41.3868224134942],[-81.2163585157754,41.3870309905327],[-81.2159962162246,41.387001125583],[-81.2160275616928,41.3868203400291]]]},"properties":{"source_county":"Geauga","jurisdiction":"Auburn Township","parcel_id":"01-005000","owner_name":"17755 RAVENNA CORP INC","property_address":" RAVENNA RD","property_city":"AUBURN TOWNSHIP","property_zip":"44023"}},{"type":"Feature","geometry":{"type":"Polygon","coordinates":[[[-81.2213014819496,41.3861199007071],[-81.2213223186366,41.3844441715837],[-81.222211897871,41.3844627069671],[-81.2221979192973,41.3860966779497],[-81.2221877183187,41.3872890126445],[-81.2211322018257,41.3872887162917],[-81.2211709807464,41.3861196833958],[-81.2213014819496,41.3861199007071]]]},"properties":{"source_county":"Geauga","jurisdiction":"Auburn Township","parcel_id":"01-005200","owner_name":"BESSER COMPANY LLC","property_address":" WASHINGTON ST","property_city":"AUBURN TOWNSHIP","property_zip":"44023"}},{"type":"Feature","geometry":{"type":"Polygon","coordinates":[[[-81.2190022471853,41.3744173829746],[-81.2206768934986,41.374407193291],[-81.2206665058585,41.3774084728279],[-81.2194967213409,41.3774084802976],[-81.2187655961383,41.377408479756],[-81.2188732535121,41.3768894270948],[-81.218121775745,41.3768772893296],[-81.2182864304911,41.3759294978726],[-81.2183148758181,41.3757942310467],[-81.218350732985,41.3756599674783],[-81.2183939404354,41.3755269374896],[-81.2184444240053,41.3753953692851],[-81.2185020970504,41.3752654885606],[-81.2185668605952,41.3751375181157],[-81.218746164159,41.3748114487612],[-81.2189638274701,41.3744155386171],[-81.2190022471853,41.3744173829746]]]},"properties":{"source_county":"Geauga","jurisdiction":"Auburn Township","parcel_id":"01-009100","owner_name":"BROWN JUDITH E TOD","property_address":"11725 TAYLOR MAY RD","property_city":"AUBURN TOWNSHIP","property_zip":"44023"}},{"type":"Feature","geometry":{"type":"Polygon","coordinates":[[[-81.2259536458393,41.3774082888102],[-81.2262870499385,41.3774078397982],[-81.2262820399701,41.3779567434979],[-81.2262757166486,41.3786469304073],[-81.2262709345414,41.3791689057288],[-81.2229902670658,41.3791589829404],[-81.2191948207005,41.3791473875365],[-81.2192725776028,41.3786995278153],[-81.2194967213409,41.3774084802976],[-81.2206665058585,41.3774084728279],[-81.2213879766434,41.3774084619145],[-81.222182323576,41.3774084448393],[-81.2230750522454,41.3774084186299],[-81.2239677820917,41.3774083864512],[-81.2248605119546,41.3774083464892],[-81.2259536458393,41.3774082888102]]]},"properties":{"source_county":"Geauga","jurisdiction":"Auburn Township","parcel_id":"01-009800","owner_name":"PHILLIPS PATRICIA MAE TRUSTEE","property_address":"11678 TAYLOR MAY RD","property_city":"AUBURN TOWNSHIP","property_zip":"44023"}},{"type":"Feature","geometry":{"type":"Polygon","coordinates":[[[-81.2152884247824,41.3934280490402],[-81.2152431999486,41.3936987881833],[-81.2142600436797,41.3936976021746],[-81.2141689286664,41.3942414398147],[-81.2119529859605,41.394237195547],[-81.2120889363874,41.3934217678646],[-81.2152884247824,41.3934280490402]]]},"properties":{"source_county":"Geauga","jurisdiction":"Auburn Township","parcel_id":"01-011010","owner_name":"BLANKENSHIP RICK L TOD & DEBORAH RAE TOD","property_address":"17535 RAVENNA RD","property_city":"AUBURN TOWNSHIP","property_zip":"44023"}},{"type":"Feature","geometry":{"type":"Polygon","coordinates":[[[-81.2186145721412,41.385516073299],[-81.2169873650767,41.3853626976066],[-81.2168368313936,41.3854503345205],[-81.2169202834324,41.3851070082446],[-81.2169432767553,41.3850124107542],[-81.2173703957437,41.3847341149513],[-81.2194278101337,41.3845745283601],[-81.2193294093693,41.385210509268],[-81.218940980466,41.3853765473886],[-81.2186145721412,41.385516073299]]]},"properties":{"source_county":"Geauga","jurisdiction":"Auburn Township","parcel_id":"01-011720","owner_name":"AUBURN COMMERCIAL I INC","property_address":" RAVENNA RD","property_city":"AUBURN TOWNSHIP","property_zip":"44023"}},{"type":"Feature","geometry":{"type":"Polygon","coordinates":[[[-81.2196345678382,41.3872882785142],[-81.2199888683504,41.3872883834122],[-81.2199928829562,41.3876545300284],[-81.2199391289915,41.3876544131254],[-81.2196384715319,41.3876537566374],[-81.2196344662018,41.3872882782909],[-81.2196345678382,41.3872882785142]]]},"properties":{"source_county":"Geauga","jurisdiction":"Auburn Township","parcel_id":"01-011800","owner_name":"BOYD JAMES G & KRISTINA M","property_address":"11720 WASHINGTON ST","property_city":"AUBURN TOWNSHIP","property_zip":"44023"}},{"type":"Feature","geometry":{"type":"Polygon","coordinates":[[[-81.2145849062112,41.3830734461145],[-81.2150989036859,41.3830782242716],[-81.2150602533897,41.383300363567],[-81.2145412289031,41.3833244701886],[-81.2138049865103,41.3833586677094],[-81.2137615507131,41.383420129054],[-81.2130085098276,41.3834131197021],[-81.2130111814734,41.3833984516373],[-81.2130729410519,41.3830593785502],[-81.2144381336549,41.3830720814387],[-81.2145849062112,41.3830734461145]]]},"properties":{"source_county":"Geauga","jurisdiction":"Auburn Township","parcel_id":"01-014000","owner_name":"RT 44 PROPERTIES","property_address":" RAVENNA RD","property_city":"AUBURN TOWNSHIP","property_zip":"44023"}},{"type":"Feature","geometry":{"type":"Polygon","coordinates":[[[-81.2145335445877,41.382523741182],[-81.2146803159206,41.3825251057371],[-81.2145849062112,41.3830734461145],[-81.2144381336549,41.3830720814387],[-81.2130729410519,41.3830593785502],[-81.2131728081168,41.3825110807083],[-81.2142433157864,41.3825210420075],[-81.2145335445877,41.382523741182]]]},"properties":{"source_county":"Geauga","jurisdiction":"Auburn Township","parcel_id":"01-014100","owner_name":"SIX DOG HOLDINGS LLC","property_address":" RAVENNA RD","property_city":"AUBURN TOWNSHIP","property_zip":"44023"}},{"type":"Feature","geometry":{"type":"Polygon","coordinates":[[[-81.2121807880621,41.3825018401891],[-81.2131728081168,41.3825110807083],[-81.2130729410519,41.3830593785502],[-81.2130111814734,41.3833984516373],[-81.2130085098276,41.3834131197021],[-81.2120164761729,41.3834038777777],[-81.2120207801484,41.3833802476755],[-81.2121807880621,41.3825018401891]]]},"properties":{"source_county":"Geauga","jurisdiction":"Auburn Township","parcel_id":"01-014200","owner_name":"SIX DOG HOLDINGS LLC","property_address":" RAVENNA RD","property_city":"AUBURN TOWNSHIP","property_zip":"44023"}},{"type":"Feature","geometry":{"type":"Polygon","coordinates":[[[-81.2137092774851,41.3834941016097],[-81.2120699551756,41.3834626612094],[-81.2110116671294,41.3834597375911],[-81.2110266557309,41.383377461521],[-81.2111878561237,41.3824925837203],[-81.2121807880621,41.3825018401891],[-81.2120207801484,41.3833802476755],[-81.2120164761729,41.3834038777777],[-81.2130085098276,41.3834131197021],[-81.2137615507131,41.383420129054],[-81.2137092774851,41.3834941016097]]]},"properties":{"source_county":"Geauga","jurisdiction":"Auburn Township","parcel_id":"01-014300","owner_name":"SIX DOG HOLDINGS LLC","property_address":" RAVENNA RD","property_city":"AUBURN TOWNSHIP","property_zip":"44023"}},{"type":"Feature","geometry":{"type":"Polygon","coordinates":[[[-81.2095769053709,41.3819283187938],[-81.2143387275627,41.3819727009293],[-81.2142433157864,41.3825210420075],[-81.2131728081168,41.3825110807083],[-81.2121807880621,41.3825018401891],[-81.2111878561237,41.3824925837203],[-81.2095719316779,41.3824775004238],[-81.209576555046,41.3819669644239],[-81.2095769053709,41.3819283187938]]]},"properties":{"source_county":"Geauga","jurisdiction":"Auburn Township","parcel_id":"01-014500","owner_name":"SIX DOG HOLDINGS LLC","property_address":" RAVENNA RD","property_city":"AUBURN TOWNSHIP","property_zip":"44023"}},{"type":"Feature","geometry":{"type":"Polygon","coordinates":[[[-81.2162774761997,41.3872841412034],[-81.2163146153028,41.3872842233157],[-81.2162627658333,41.3875946729926],[-81.2162256479697,41.3875945352674],[-81.2156402540716,41.3875923566927],[-81.2156972010685,41.3872828553335],[-81.2158597557853,41.387283215415],[-81.2162774761997,41.3872841412034]]]},"properties":{"source_county":"Geauga","jurisdiction":"Auburn Township","parcel_id":"01-014600","owner_name":"GANDY DANCER LLC","property_address":" WASHINGTON ST","property_city":"AUBURN TOWNSHIP","property_zip":"44023"}},{"type":"Feature","geometry":{"type":"Polygon","coordinates":[[[-81.2206768934986,41.374407193291],[-81.2213983461633,41.3744027959285],[-81.2213879766434,41.3774084619145],[-81.2206665058585,41.3774084728279],[-81.2206768934986,41.374407193291]]]},"properties":{"source_county":"Geauga","jurisdiction":"Auburn Township","parcel_id":"01-025000","owner_name":"COLLURA JOSEPH J & MARIA P","property_address":"11679 TAYLOR MAY RD","property_city":"AUBURN TOWNSHIP","property_zip":"44023"}},{"type":"Feature","geometry":{"type":"Polygon","coordinates":[[[-81.2173659995261,41.3829365771199],[-81.2228995062501,41.3829773709309],[-81.2228897900393,41.3833861239586],[-81.2195622078864,41.3833615936085],[-81.2173447415571,41.383056632473],[-81.2173659995261,41.3829365771199]]]},"properties":{"source_county":"Geauga","jurisdiction":"Auburn Township","parcel_id":"01-025100","owner_name":"WHITE ROAD LLC","property_address":" RAVENNA RD","property_city":"AUBURN TOWNSHIP","property_zip":"44023"}},{"type":"Feature","geometry":{"type":"Polygon","coordinates":[[[-81.2195622078864,41.3833615936085],[-81.2228897900393,41.3833861239586],[-81.2228842272013,41.3836201312972],[-81.2211848929071,41.3835847270436],[-81.2195622078864,41.3833615936085]]]},"properties":{"source_county":"Geauga","jurisdiction":"Auburn Township","parcel_id":"01-025200","owner_name":"WHITE ROAD LLC","property_address":" RAVENNA RD","property_city":"AUBURN TOWNSHIP","property_zip":"44023"}},{"type":"Feature","geometry":{"type":"Polygon","coordinates":[[[-81.2138473924098,41.3867056403508],[-81.2147541064317,41.3867079953264],[-81.2147540242778,41.3868131389657],[-81.2142663569905,41.3868103773985],[-81.214263121288,41.3872796660027],[-81.2138239508793,41.3872786856198],[-81.2138473924098,41.3867056403508]]]},"properties":{"source_county":"Geauga","jurisdiction":"Auburn Township","parcel_id":"01-026000","owner_name":"GIEL JACOB","property_address":"11867 WASHINGTON ST","property_city":"AUBURN TOWNSHIP","property_zip":"44023"}},{"type":"Feature","geometry":{"type":"Polygon","coordinates":[[[-81.2161802478301,41.3880887514849],[-81.2162273350989,41.3878068187551],[-81.2162635385834,41.387807554207],[-81.2165317645796,41.3878129984877],[-81.2165273831903,41.3878389449489],[-81.2169914986683,41.3878758645555],[-81.2169658141128,41.3881052359701],[-81.2169135935574,41.388411790493],[-81.2169074654734,41.3884477622437],[-81.2161302237273,41.3884323828116],[-81.2161801584182,41.3880892881168],[-81.2161802478301,41.3880887514849]]]},"properties":{"source_county":"Geauga","jurisdiction":"Auburn Township","parcel_id":"01-026200","owner_name":"T & B DEVELOPMENT LLC","property_address":"17720 RAVENNA RD","property_city":"AUBURN TOWNSHIP","property_zip":"44023"}},{"type":"Feature","geometry":{"type":"Polygon","coordinates":[[[-81.2179017051794,41.3887394359493],[-81.2183838946895,41.3887415054521],[-81.2182459532561,41.3895675683456],[-81.2181550048747,41.3901122090287],[-81.2176937471129,41.3900685259523],[-81.2168457960665,41.3899882158395],[-81.2159868551394,41.3899068581877],[-81.215914141602,41.3898999705759],[-81.2158783034743,41.3898965752796],[-81.2160238461893,41.3890251831405],[-81.2160602081525,41.3890252477015],[-81.217117784015,41.3890271301991],[-81.217158226823,41.3887362406551],[-81.2179017051794,41.3887394359493]]]},"properties":{"source_county":"Geauga","jurisdiction":"Auburn Township","parcel_id":"01-026400","owner_name":"CROSS ANDREW LEE","property_address":"17690 RAVENNA RD","property_city":"AUBURN TOWNSHIP","property_zip":"44023"}},{"type":"Feature","geometry":{"type":"Polygon","coordinates":[[[-81.2130486027954,41.3848857607004],[-81.2134130201834,41.3848865764486],[-81.213391502823,41.387277718826],[-81.2130270709731,41.3872769029974],[-81.2130486027954,41.3848857607004]]]},"properties":{"source_county":"Geauga","jurisdiction":"Auburn Township","parcel_id":"01-026500","owner_name":"44 EAST LLC","property_address":"11881 WASHINGTON ST","property_city":"AUBURN TOWNSHIP","property_zip":"44023"}},{"type":"Feature","geometry":{"type":"Polygon","coordinates":[[[-81.2134130201834,41.3848865764486],[-81.2138036767141,41.3848874501662],[-81.213798115151,41.3855058123737],[-81.2137956099001,41.3857844357022],[-81.2137931046455,41.3860630581094],[-81.2137905981566,41.3863416813825],[-81.2137901574137,41.3863907479197],[-81.2136893929695,41.38639052288],[-81.2136814077866,41.3872783666685],[-81.2135497887915,41.387278072544],[-81.213391502823,41.387277718826],[-81.2134130201834,41.3848865764486]]]},"properties":{"source_county":"Geauga","jurisdiction":"Auburn Township","parcel_id":"01-026600","owner_name":"44 EAST LLC","property_address":" WASHINGTON ST","property_city":"AUBURN TOWNSHIP","property_zip":"44023"}},{"type":"Feature","geometry":{"type":"Polygon","coordinates":[[[-81.2168585464591,41.3887349511464],[-81.217158226823,41.3887362406551],[-81.217117784015,41.3890271301991],[-81.2160602081525,41.3890252477015],[-81.2160238461893,41.3890251831405],[-81.2160728863567,41.3887315669511],[-81.2161092212381,41.3887317239539],[-81.2168585464591,41.3887349511464]]]},"properties":{"source_county":"Geauga","jurisdiction":"Auburn Township","parcel_id":"01-026700","owner_name":"CSONKA ELIZABETH A TOD","property_address":"17700 RAVENNA RD","property_city":"AUBURN TOWNSHIP","property_zip":"44023"}},{"type":"Feature","geometry":{"type":"Polygon","coordinates":[[[-81.2112334027807,41.3841188726713],[-81.2117253525303,41.3841208348632],[-81.2116968972092,41.3872739144817],[-81.2112049154638,41.3872728057913],[-81.2112265124223,41.3848816638177],[-81.2112334027807,41.3841188726713]]]},"properties":{"source_county":"Geauga","jurisdiction":"Auburn Township","parcel_id":"01-027400","owner_name":"DAVIS GREGORY E","property_address":"11935 WASHINGTON ST","property_city":"AUBURN TOWNSHIP","property_zip":"44023"}},{"type":"Feature","geometry":{"type":"Polygon","coordinates":[[[-81.2223704970335,41.3872890635374],[-81.222964778112,41.387289224979],[-81.222946280346,41.3887609890301],[-81.2223521922011,41.3887584622494],[-81.2223704970335,41.3872890635374]]]},"properties":{"source_county":"Geauga","jurisdiction":"Auburn Township","parcel_id":"01-027800","owner_name":"MEYERS CHARLES E & JESSICA A","property_address":" WASHINGTON ST","property_city":"AUBURN TOWNSHIP","property_zip":"44023"}},{"type":"Feature","geometry":{"type":"Polygon","coordinates":[[[-81.2217757472283,41.3872888983751],[-81.2223704970335,41.3872890635374],[-81.2223521922011,41.3887584622494],[-81.2221451926888,41.3887575812645],[-81.2217571786299,41.3887559285093],[-81.2217757472283,41.3872888983751]]]},"properties":{"source_county":"Geauga","jurisdiction":"Auburn Township","parcel_id":"01-027900","owner_name":"PRYCE PROPERTIES LLC","property_address":"11660 WASHINGTON ST","property_city":"AUBURN TOWNSHIP","property_zip":"44023"}},{"type":"Feature","geometry":{"type":"Polygon","coordinates":[[[-81.2229647780945,41.3872892258793],[-81.2235567979837,41.3872893836608],[-81.2235382832309,41.3887635041859],[-81.2230198374066,41.3887613012907],[-81.222946280346,41.3887609890301],[-81.2229647780945,41.3872892258793]]]},"properties":{"source_county":"Geauga","jurisdiction":"Auburn Township","parcel_id":"01-028000","owner_name":"MEYERS CHARLES E & JESSICA A","property_address":" WASHINGTON ST","property_city":"AUBURN TOWNSHIP","property_zip":"44023"}},{"type":"Feature","geometry":{"type":"Polygon","coordinates":[[[-81.213798115151,41.3855058123737],[-81.2138036767141,41.3848874501662],[-81.2134130201834,41.3848865764486],[-81.2130486027954,41.3848857607004],[-81.21276144054,41.3848851164303],[-81.21287361709,41.3841883600596],[-81.2131444016401,41.3841934850845],[-81.2157551286261,41.3846045769018],[-81.2156157952072,41.3854082421544],[-81.2156032690209,41.3854804968803],[-81.215593013923,41.3855396459931],[-81.213798115151,41.3855058123737]]]},"properties":{"source_county":"Geauga","jurisdiction":"Auburn Township","parcel_id":"01-029370","owner_name":"44 EAST LLC","property_address":" RAVENNA RD","property_city":"AUBURN TOWNSHIP","property_zip":"44023"}},{"type":"Feature","geometry":{"type":"Polygon","coordinates":[[[-81.215593013923,41.3855396459931],[-81.2156032690209,41.3854804968803],[-81.2163757424647,41.3854950493242],[-81.2164760891385,41.3854969388165],[-81.2164658360195,41.3855560880196],[-81.2163939230987,41.3855547334457],[-81.215593013923,41.3855396459931]]]},"properties":{"source_county":"Geauga","jurisdiction":"Auburn Township","parcel_id":"01-029380","owner_name":"44 EAST LLC","property_address":" RAVENNA RD","property_city":"AUBURN TOWNSHIP","property_zip":"44023"}},{"type":"Feature","geometry":{"type":"Polygon","coordinates":[[[-81.2174370767888,41.3821198908024],[-81.2229189286055,41.3821603022939],[-81.2229092168905,41.3825688366288],[-81.2174382531857,41.3825285060385],[-81.2174467116633,41.3824807341016],[-81.2174054832087,41.3822983273382],[-81.2174370767888,41.3821198908024]]]},"properties":{"source_county":"Geauga","jurisdiction":"Auburn Township","parcel_id":"01-032300","owner_name":"SIX DOG HOLDINGS LLC","property_address":"17920 RAVENNA RD","property_city":"AUBURN TOWNSHIP","property_zip":"44023"}},{"type":"Feature","geometry":{"type":"Polygon","coordinates":[[[-81.2137905981566,41.3863416813825],[-81.2137931046455,41.3860630581094],[-81.2162976199304,41.3861102618996],[-81.2162494677354,41.3863880260651],[-81.2154832054471,41.3863735895266],[-81.2147543783903,41.3863598533923],[-81.2137905981566,41.3863416813825]]]},"properties":{"source_county":"Geauga","jurisdiction":"Auburn Township","parcel_id":"01-033900","owner_name":"44 EAST LLC","property_address":" RAVENNA RD","property_city":"AUBURN TOWNSHIP","property_zip":"44023"}},{"type":"Feature","geometry":{"type":"Polygon","coordinates":[[[-81.214263121288,41.3872796660027],[-81.2145051902385,41.3872802056961],[-81.214396163172,41.3879372705067],[-81.2142651126041,41.3887270411183],[-81.2133105429565,41.3887197670666],[-81.2135497887915,41.387278072544],[-81.2136814077866,41.3872783666685],[-81.2137821723796,41.3872785926023],[-81.2138239508793,41.3872786856198],[-81.214263121288,41.3872796660027]]]},"properties":{"source_county":"Geauga","jurisdiction":"Auburn Township","parcel_id":"01-034800","owner_name":"KALEY DOLAN CHASE","property_address":"11870 WASHINGTON ST","property_city":"AUBURN TOWNSHIP","property_zip":"44023"}},{"type":"Feature","geometry":{"type":"Polygon","coordinates":[[[-81.2184099653245,41.381188468766],[-81.2185611795608,41.3811119158436],[-81.2188526252756,41.3811898301358],[-81.2229416986257,41.381202329301],[-81.2229321039107,41.3816060291215],[-81.2175351056207,41.3815662460104],[-81.2175791869544,41.3813172749375],[-81.2173548084367,41.3812947525243],[-81.2173738194732,41.3811852743179],[-81.2184099653245,41.381188468766]]]},"properties":{"source_county":"Geauga","jurisdiction":"Auburn Township","parcel_id":"01-035400","owner_name":"HUFFMAN CURTIS","property_address":"17954 RAVENNA RD","property_city":"AUBURN TOWNSHIP","property_zip":"44023"}},{"type":"Feature","geometry":{"type":"Polygon","coordinates":[[[-81.2104760530954,41.3872711583382],[-81.2108574760669,41.3872720209616],[-81.2108535821642,41.38772486386],[-81.2108451860918,41.3887009443808],[-81.2098729495314,41.3886935065453],[-81.209874059105,41.3872697950432],[-81.2098929634626,41.3872698372556],[-81.2104760530954,41.3872711583382]]]},"properties":{"source_county":"Geauga","jurisdiction":"Auburn Township","parcel_id":"01-037400","owner_name":"DAVIS DEBORAH L","property_address":"11966 WASHINGTON ST","property_city":"AUBURN TOWNSHIP","property_zip":"44023"}},{"type":"Feature","geometry":{"type":"Polygon","coordinates":[[[-81.2229092168905,41.3825688366288],[-81.2229189286055,41.3821603022939],[-81.2174370767888,41.3821198908024],[-81.2174613056707,41.3819830506836],[-81.2229221853043,41.382023306395],[-81.2229321039107,41.3816060291215],[-81.2229416986257,41.381202329301],[-81.2229506621968,41.3808252433962],[-81.2229605630091,41.3804086781219],[-81.2229704648912,41.3799921128133],[-81.2229803654349,41.3795755483442],[-81.2229902670658,41.3791589829404],[-81.2262709345414,41.3791689057288],[-81.2262669210643,41.3796068463772],[-81.2262600996389,41.3803513733851],[-81.2262516993059,41.3812682554958],[-81.2262434538906,41.3821680116944],[-81.2262396196123,41.3825865193875],[-81.2270650698004,41.3825845229016],[-81.2282683419068,41.3825816016348],[-81.2282503774607,41.3837418508109],[-81.2259189436424,41.3837244800796],[-81.223551162527,41.3836752049208],[-81.2231883954183,41.3836264655689],[-81.2228842272013,41.3836201312972],[-81.2228897900393,41.3833861239586],[-81.2228995062501,41.3829773709309],[-81.2229092168905,41.3825688366288]]]},"properties":{"source_county":"Geauga","jurisdiction":"Auburn Township","parcel_id":"01-037900","owner_name":"SIX DOG HOLDINGS LLC","property_address":" RAVENNA RD","property_city":"AUBURN TOWNSHIP","property_zip":"44023"}},{"type":"Feature","geometry":{"type":"Polygon","coordinates":[[[-81.2161302237273,41.3884323828116],[-81.2169074654734,41.3884477622437],[-81.2168585464591,41.3887349511464],[-81.2161092212381,41.3887317239539],[-81.2160728863567,41.3887315669511],[-81.2161302237273,41.3884323828116]]]},"properties":{"source_county":"Geauga","jurisdiction":"Auburn Township","parcel_id":"01-040950","owner_name":"COWGILL ASHLEY J","property_address":"17710 RAVENNA RD","property_city":"AUBURN TOWNSHIP","property_zip":"44023"}},{"type":"Feature","geometry":{"type":"Polygon","coordinates":[[[-81.2134546554379,41.3808660196411],[-81.2174228568428,41.380902886802],[-81.2173548084367,41.3812947525243],[-81.2173275704069,41.3814512307648],[-81.2171071031142,41.3814491863184],[-81.2154674255013,41.3814339641641],[-81.2133592378891,41.3814143601546],[-81.2134546554379,41.3808660196411]]]},"properties":{"source_county":"Geauga","jurisdiction":"Auburn Township","parcel_id":"01-041800","owner_name":"SIX DOG HOLDINGS LLC","property_address":"17961 RAVENNA RD","property_city":"AUBURN TOWNSHIP","property_zip":"44023"}},{"type":"Feature","geometry":{"type":"Polygon","coordinates":[[[-81.2162274245101,41.3878062821231],[-81.2163146153028,41.3872842233157],[-81.2172223411762,41.3872862260863],[-81.2172220196657,41.3873685626105],[-81.2172163308439,41.3874738917291],[-81.217215310608,41.3875424728476],[-81.2172525499899,41.3876486106984],[-81.2174663617289,41.3876490797187],[-81.2174587949543,41.3884233756299],[-81.2169135935574,41.388411790493],[-81.2169658141128,41.3881052359701],[-81.2169914986683,41.3878758645555],[-81.2165273831903,41.3878389449489],[-81.2165317645796,41.3878129984877],[-81.2162635385834,41.387807554207],[-81.2162273350989,41.3878068187551],[-81.2162274245101,41.3878062821231]]]},"properties":{"source_county":"Geauga","jurisdiction":"Auburn Township","parcel_id":"01-042060","owner_name":"AUBURN CORNERS INVESTMENTS LLC","property_address":"11800 WASHINGTON ST","property_city":"AUBURN TOWNSHIP","property_zip":"44023"}},{"type":"Feature","geometry":{"type":"Polygon","coordinates":[[[-81.2240074556591,41.3872895027405],[-81.2240372460562,41.3843991282551],[-81.2255064756693,41.384429703006],[-81.2254806128165,41.3860958594819],[-81.2247517601355,41.3860960587973],[-81.2247332171406,41.3872896890702],[-81.2240074556591,41.3872895027405]]]},"properties":{"source_county":"Geauga","jurisdiction":"Auburn Township","parcel_id":"01-042500","owner_name":"SUGLIA TONY F & DENISE L","property_address":"11591 WASHINGTON ST","property_city":"AUBURN TOWNSHIP","property_zip":"44023"}},{"type":"Feature","geometry":{"type":"Polygon","coordinates":[[[-81.2173739393491,41.3811845849295],[-81.2174392716205,41.3808083630476],[-81.2229506621968,41.3808252433962],[-81.2229416986257,41.381202329301],[-81.2188526252756,41.3811898301358],[-81.2185611795608,41.3811119158436],[-81.2184099653245,41.381188468766],[-81.2173738194732,41.3811852743179],[-81.2173739393491,41.3811845849295]]]},"properties":{"source_county":"Geauga","jurisdiction":"Auburn Township","parcel_id":"01-043800","owner_name":"SIX DOG HOLDINGS LLC","property_address":"17968 RAVENNA RD","property_city":"AUBURN TOWNSHIP","property_zip":"44023"}},{"type":"Feature","geometry":{"type":"Polygon","coordinates":[[[-81.2247408353621,41.3872896910185],[-81.2253328516556,41.3872898405814],[-81.2253149897124,41.3887558542748],[-81.2247729895609,41.3887581908229],[-81.2247224162313,41.388758408354],[-81.2247408353621,41.3872896910185]]]},"properties":{"source_county":"Geauga","jurisdiction":"Auburn Township","parcel_id":"01-044200","owner_name":"KESTRANEK TYLER DENNIS","property_address":"11580 WASHINGTON ST","property_city":"AUBURN TOWNSHIP","property_zip":"44023"}},{"type":"Feature","geometry":{"type":"Polygon","coordinates":[[[-81.215482863818,41.3868172619016],[-81.2159401023737,41.3868198457302],[-81.2158597557853,41.387283215415],[-81.2156972010685,41.3872828553335],[-81.2153017342325,41.3872819771216],[-81.2153020758286,41.3868162397181],[-81.215482863818,41.3868172619016]]]},"properties":{"source_county":"Geauga","jurisdiction":"Auburn Township","parcel_id":"01-045000","owner_name":"GUERRERO ROSA","property_address":"11825 WASHINGTON ST","property_city":"AUBURN TOWNSHIP","property_zip":"44023"}},{"type":"Feature","geometry":{"type":"Polygon","coordinates":[[[-81.2095558435446,41.384253798687],[-81.2095630710889,41.3834557196605],[-81.2109973793334,41.3835381671347],[-81.2108966676096,41.3841175279],[-81.2112334027807,41.3841188726713],[-81.2112265124223,41.3848816638177],[-81.2104976765866,41.3848800164996],[-81.2099146081799,41.3848786955251],[-81.2097688419652,41.384878365508],[-81.209747190746,41.3872695071982],[-81.2095285328957,41.3872690104308],[-81.209551898505,41.384689322197],[-81.2095558435446,41.384253798687]]]},"properties":{"source_county":"Geauga","jurisdiction":"Auburn Township","parcel_id":"01-045300","owner_name":"GAVIN MICHELLE & SLIWINSKI EDWARD","property_address":"11979 WASHINGTON ST","property_city":"AUBURN TOWNSHIP","property_zip":"44023"}},{"type":"Feature","geometry":{"type":"Polygon","coordinates":[[[-81.2097688419652,41.384878365508],[-81.2099146081799,41.3848786955251],[-81.2098929634626,41.3872698372556],[-81.209874059105,41.3872697950432],[-81.209747190746,41.3872695071982],[-81.2097688419652,41.384878365508]]]},"properties":{"source_county":"Geauga","jurisdiction":"Auburn Township","parcel_id":"01-045400","owner_name":"GAVIN MICHELLE & SLIWINSKI EDWARD","property_address":" WASHINGTON ST","property_city":"AUBURN TOWNSHIP","property_zip":"44023"}},{"type":"Feature","geometry":{"type":"Polygon","coordinates":[[[-81.2161671384269,41.3879449347026],[-81.2162042404714,41.3879450965836],[-81.2161243178823,41.3884236262118],[-81.2160872294212,41.388423489674],[-81.214827706464,41.3884188072697],[-81.2149118052366,41.3879393909146],[-81.2153546048632,41.3879413880736],[-81.2161671384269,41.3879449347026]]]},"properties":{"source_county":"Geauga","jurisdiction":"Auburn Township","parcel_id":"01-047000","owner_name":"GANDY DANCER LLC","property_address":" RAVENNA RD","property_city":"AUBURN TOWNSHIP","property_zip":"44023"}},{"type":"Feature","geometry":{"type":"Polygon","coordinates":[[[-81.2180296894343,41.3774077561538],[-81.2180547398664,41.3772631576786],[-81.218121775745,41.3768772893296],[-81.2188732535121,41.3768894270948],[-81.2187655961383,41.377408479756],[-81.2180295654414,41.3774084734147],[-81.2180296894343,41.3774077561538]]]},"properties":{"source_county":"Geauga","jurisdiction":"Auburn Township","parcel_id":"01-047040","owner_name":"MANCINO JAMES M TOD & BARBARA A TOD","property_address":"11755 TAYLOR MAY RD","property_city":"AUBURN TOWNSHIP","property_zip":"44023"}},{"type":"Feature","geometry":{"type":"Polygon","coordinates":[[[-81.2153017342325,41.3872819771216],[-81.2156972010685,41.3872828553335],[-81.2156402540716,41.3875923566927],[-81.2155866675135,41.3876766815909],[-81.2153707133027,41.3876768589382],[-81.2153546048632,41.3879413880736],[-81.2149118052366,41.3879393909146],[-81.2149713477668,41.3875972875833],[-81.2152237624751,41.3875964861938],[-81.2152903808576,41.3872819520248],[-81.2153017342325,41.3872819771216]]]},"properties":{"source_county":"Geauga","jurisdiction":"Auburn Township","parcel_id":"01-047400","owner_name":"WEIN JASON A","property_address":"11832 WASHINGTON ST","property_city":"AUBURN TOWNSHIP","property_zip":"44023"}},{"type":"Feature","geometry":{"type":"Polygon","coordinates":[[[-81.2241488130763,41.3872895392635],[-81.2247408353621,41.3872896910185],[-81.2247224162313,41.388758408354],[-81.224130858017,41.3887609552785],[-81.2241488130763,41.3872895392635]]]},"properties":{"source_county":"Geauga","jurisdiction":"Auburn Township","parcel_id":"01-048900","owner_name":"LANDMARK PROPERTY SERVICES LLC","property_address":"11594 WASHINGTON ST","property_city":"AUBURN TOWNSHIP","property_zip":"44023"}},{"type":"Feature","geometry":{"type":"Polygon","coordinates":[[[-81.2205867163566,41.3872885595629],[-81.2211814661733,41.3872887299315],[-81.2211631934108,41.3887533958637],[-81.2205681811269,41.3887508560279],[-81.2205867163566,41.3872885595629]]]},"properties":{"source_county":"Geauga","jurisdiction":"Auburn Township","parcel_id":"01-049500","owner_name":"KDDS PROPERTIES LLC","property_address":"11692 WASHINGTON ST","property_city":"AUBURN TOWNSHIP","property_zip":"44023"}},{"type":"Feature","geometry":{"type":"Polygon","coordinates":[[[-81.2160342942475,41.3887405010866],[-81.2160713465609,41.3887407831263],[-81.2158928602619,41.3898094202596],[-81.2158558264898,41.3898092599483],[-81.209513274318,41.3897816932511],[-81.2095199124768,41.3886907597825],[-81.2098729495314,41.3886935065453],[-81.2108451860918,41.3887009443808],[-81.2111458344201,41.3887032427177],[-81.2115102571732,41.3887060274582],[-81.2133105429565,41.3887197670666],[-81.2142651126041,41.3887270411183],[-81.2160342942475,41.3887405010866]]]},"properties":{"source_county":"Geauga","jurisdiction":"Auburn Township","parcel_id":"01-049700","owner_name":"MOST REVEREND NELSON J PEREZ","property_address":" RAVENNA RD","property_city":"AUBURN TOWNSHIP","property_zip":"44023"}},{"type":"Feature","geometry":{"type":"Polygon","coordinates":[[[-81.2174382531857,41.3825285060385],[-81.2229092168905,41.3825688366288],[-81.2228995062501,41.3829773709309],[-81.2173659995261,41.3829365771199],[-81.2174081766924,41.3826983726906],[-81.2174382531857,41.3825285060385]]]},"properties":{"source_county":"Geauga","jurisdiction":"Auburn Township","parcel_id":"01-051000","owner_name":"SIX DOG HOLDINGS LLC","property_address":" RAVENNA RD","property_city":"AUBURN TOWNSHIP","property_zip":"44023"}},{"type":"Feature","geometry":{"type":"Polygon","coordinates":[[[-81.2104976765866,41.3848800164996],[-81.2112265124223,41.3848816638177],[-81.2112049154638,41.3872728057913],[-81.2111581317076,41.3872726993464],[-81.2108574760669,41.3872720209616],[-81.2104760530954,41.3872711583382],[-81.2104976765866,41.3848800164996]]]},"properties":{"source_county":"Geauga","jurisdiction":"Auburn Township","parcel_id":"01-055100","owner_name":"SLIWINSKI EDWARD & GAVIN MICHELLE","property_address":"11951 WASHINGTON ST","property_city":"AUBURN TOWNSHIP","property_zip":"44023"}},{"type":"Feature","geometry":{"type":"Polygon","coordinates":[[[-81.2176561788868,41.3795592459186],[-81.2229803654349,41.3795755483442],[-81.2229704648912,41.3799921128133],[-81.2175838765726,41.3799756189782],[-81.2176561788868,41.3795592459186]]]},"properties":{"source_county":"Geauga","jurisdiction":"Auburn Township","parcel_id":"01-055500","owner_name":"HUFFMAN CURTIS","property_address":"18012 RAVENNA RD","property_city":"AUBURN TOWNSHIP","property_zip":"44023"}},{"type":"Feature","geometry":{"type":"Polygon","coordinates":[[[-81.2154674255013,41.3814339641641],[-81.2171071031142,41.3814491863184],[-81.2170350545553,41.3818633625713],[-81.2153953666029,41.3818481402988],[-81.2154674255013,41.3814339641641]]]},"properties":{"source_county":"Geauga","jurisdiction":"Auburn Township","parcel_id":"01-056420","owner_name":"SIX DOG HOLDINGS LLC","property_address":"17943 RAVENNA RD","property_city":"AUBURN TOWNSHIP","property_zip":"44023"}},{"type":"Feature","geometry":{"type":"Polygon","coordinates":[[[-81.209586852525,41.3808299543888],[-81.2095933199886,41.3801157455435],[-81.2135787430317,41.3801529053848],[-81.2134833275722,41.3807012452056],[-81.2174514712234,41.3807381108561],[-81.2174228568428,41.380902886802],[-81.2134546554379,41.3808660196411],[-81.209586852525,41.3808299543888]]]},"properties":{"source_county":"Geauga","jurisdiction":"Auburn Township","parcel_id":"01-059550","owner_name":"KOVALCHICK PETER A & DEBORAH","property_address":"17973 RAVENNA RD","property_city":"AUBURN TOWNSHIP","property_zip":"44023"}},{"type":"Feature","geometry":{"type":"Polygon","coordinates":[[[-81.2145197498068,41.3980293579856],[-81.2146219057972,41.3974178883827],[-81.2146587039772,41.3974180842487],[-81.2155196609698,41.3974226604983],[-81.2155932092473,41.3974788286979],[-81.2161590650203,41.3974818318713],[-81.2161538539839,41.3980386880218],[-81.2153230134039,41.3980342759335],[-81.2145564316302,41.3980302000764],[-81.2145196414776,41.3980300042708],[-81.2145197498068,41.3980293579856]]]},"properties":{"source_county":"Geauga","jurisdiction":"Auburn Township","parcel_id":"01-059900","owner_name":"POSTLETHWAITE CRAIG & DEANNA","property_address":"17380 RAVENNA RD","property_city":"AUBURN TOWNSHIP","property_zip":"44023"}},{"type":"Feature","geometry":{"type":"Polygon","coordinates":[[[-81.2184328239308,41.3868135871972],[-81.2185653563948,41.3859391496526],[-81.218921372674,41.3859735893087],[-81.218878203175,41.3872880503593],[-81.2183517399661,41.3872878882277],[-81.2184328239308,41.3868135871972]]]},"properties":{"source_county":"Geauga","jurisdiction":"Auburn Township","parcel_id":"01-062100","owner_name":"LA RUE ANNE M & GRECAR PATSY ANNE TRUSTEE","property_address":"11749 WASHINGTON ST","property_city":"AUBURN TOWNSHIP","property_zip":"44023"}},{"type":"Feature","geometry":{"type":"Polygon","coordinates":[[[-81.217870961437,41.3872876531878],[-81.217952220132,41.3868057430153],[-81.2184328239308,41.3868135871972],[-81.2183517399661,41.3872878882277],[-81.2179163294972,41.3872877529535],[-81.217870961437,41.3872876531878]]]},"properties":{"source_county":"Geauga","jurisdiction":"Auburn Township","parcel_id":"01-062200","owner_name":"LA RUE ANNE M & GRECAR PATSY ANNE TRUSTEE","property_address":"11755 WASHINGTON ST","property_city":"AUBURN TOWNSHIP","property_zip":"44023"}},{"type":"Feature","geometry":{"type":"Polygon","coordinates":[[[-81.2229267732055,41.3860964938205],[-81.2232911989539,41.3860964004727],[-81.2232785792341,41.3872893099386],[-81.2229141482051,41.3872892114463],[-81.2229267732055,41.3860964938205]]]},"properties":{"source_county":"Geauga","jurisdiction":"Auburn Township","parcel_id":"01-063900","owner_name":"MASCIA ANGELA & DANIEL","property_address":"11625 WASHINGTON ST","property_city":"AUBURN TOWNSHIP","property_zip":"44023"}},{"type":"Feature","geometry":{"type":"Polygon","coordinates":[[[-81.2221979192973,41.3860966779497],[-81.2225623474386,41.386096586922],[-81.2225497183551,41.3872891127208],[-81.2221877183187,41.3872890126445],[-81.2221979192973,41.3860966779497]]]},"properties":{"source_county":"Geauga","jurisdiction":"Auburn Township","parcel_id":"01-064100","owner_name":"LEWIS MARK E & SUSAN I","property_address":"11653 WASHINGTON ST","property_city":"AUBURN TOWNSHIP","property_zip":"44023"}},{"type":"Feature","geometry":{"type":"Polygon","coordinates":[[[-81.2173965930242,41.3867966723512],[-81.2174411876714,41.3865374816769],[-81.217062820607,41.3865365106496],[-81.216579725882,41.3865352674389],[-81.2167336260455,41.3858760304828],[-81.2180053461692,41.3858849729296],[-81.217952220132,41.3868057430153],[-81.2173965930242,41.3867966723512]]]},"properties":{"source_county":"Geauga","jurisdiction":"Auburn Township","parcel_id":"01-064600","owner_name":"WHITE ROAD LLC","property_address":"17790 RAVENNA RD","property_city":"AUBURN TOWNSHIP","property_zip":"44023"}},{"type":"Feature","geometry":{"type":"Polygon","coordinates":[[[-81.2137931046455,41.3860630581094],[-81.2137956099001,41.3857844357022],[-81.2163457717182,41.3858324976931],[-81.2162976199304,41.3861102618996],[-81.2137931046455,41.3860630581094]]]},"properties":{"source_county":"Geauga","jurisdiction":"Auburn Township","parcel_id":"01-064800","owner_name":"44 EAST LLC","property_address":" RAVENNA RD","property_city":"AUBURN TOWNSHIP","property_zip":"44023"}},{"type":"Feature","geometry":{"type":"Polygon","coordinates":[[[-81.2175115745548,41.3803919910588],[-81.2229605630091,41.3804086781219],[-81.2229506621968,41.3808252433962],[-81.2174392716205,41.3808083630476],[-81.2175115745548,41.3803919910588]]]},"properties":{"source_county":"Geauga","jurisdiction":"Auburn Township","parcel_id":"01-064900","owner_name":"HUFFMAN REAL ESTATE COMPANY LLC","property_address":"17982 RAVENNA RD","property_city":"AUBURN TOWNSHIP","property_zip":"44023"}},{"type":"Feature","geometry":{"type":"Polygon","coordinates":[[[-81.2173124160679,41.3872864241873],[-81.2173965930242,41.3867966723512],[-81.217952220132,41.3868057430153],[-81.217870961437,41.3872876531878],[-81.2173124160679,41.3872864241873]]]},"properties":{"source_county":"Geauga","jurisdiction":"Auburn Township","parcel_id":"01-066100","owner_name":"LOCALICIOUS LLC","property_address":"11773 WASHINGTON ST","property_city":"AUBURN TOWNSHIP","property_zip":"44023"}},{"type":"Feature","geometry":{"type":"Polygon","coordinates":[[[-81.2150255979718,41.3872813636487],[-81.2152903808576,41.3872819520248],[-81.2152237624751,41.3875964861938],[-81.2149713477668,41.3875972875833],[-81.2150255979718,41.3872813636487]]]},"properties":{"source_county":"Geauga","jurisdiction":"Auburn Township","parcel_id":"01-066200","owner_name":"WEIN JASON","property_address":" WASHINGTON ST","property_city":"AUBURN TOWNSHIP","property_zip":"44023"}},{"type":"Feature","geometry":{"type":"Polygon","coordinates":[[[-81.2142663569905,41.3868103773985],[-81.2147540242778,41.3868131389657],[-81.2147536586914,41.3872807591774],[-81.2145051902385,41.3872802056961],[-81.214263121288,41.3872796660027],[-81.2142663569905,41.3868103773985]]]},"properties":{"source_county":"Geauga","jurisdiction":"Auburn Township","parcel_id":"01-066490","owner_name":"GIEL MARTIN & JEAN E","property_address":"11855 WASHINGTON ST","property_city":"AUBURN TOWNSHIP","property_zip":"44023"}},{"type":"Feature","geometry":{"type":"Polygon","coordinates":[[[-81.2170765347213,41.3791292930208],[-81.2177297479644,41.3791355680922],[-81.2175466910399,41.3801897659708],[-81.2135787430317,41.3801529053848],[-81.2095933199886,41.3801157455435],[-81.2096029055708,41.3790572418763],[-81.209962126092,41.3790607161628],[-81.2119996112525,41.3790804005869],[-81.2121025422109,41.3790813942699],[-81.2121291768882,41.3790816509074],[-81.2144908699174,41.3791044199123],[-81.2160255081018,41.3791191896992],[-81.2170765347213,41.3791292930208]]]},"properties":{"source_county":"Geauga","jurisdiction":"Auburn Township","parcel_id":"01-067400","owner_name":"KOVALCHICK PETER A & DEBORAH C","property_address":"18017 RAVENNA RD","property_city":"AUBURN TOWNSHIP","property_zip":"44023"}},{"type":"Feature","geometry":{"type":"Polygon","coordinates":[[[-81.2178708412551,41.3923941424735],[-81.2179602758063,41.3923947885766],[-81.2179089066216,41.3927023909236],[-81.217814780873,41.3932661385487],[-81.2172301670373,41.3932619104723],[-81.2153551157975,41.3932483728529],[-81.2153185884278,41.3932474741628],[-81.2154641459949,41.3923760835238],[-81.2155005867983,41.3923769812134],[-81.215574113739,41.3923775148545],[-81.216342288897,41.392383081062],[-81.2171065650116,41.3923886142895],[-81.2178708412551,41.3923941424735]]]},"properties":{"source_county":"Geauga","jurisdiction":"Auburn Township","parcel_id":"01-067600","owner_name":"OHL TIMOTHY A & TERESA L","property_address":"17544 RAVENNA RD","property_city":"AUBURN TOWNSHIP","property_zip":"44023"}},{"type":"Feature","geometry":{"type":"Polygon","coordinates":[[[-81.2119337778864,41.3872744477567],[-81.2119617739029,41.3841710982754],[-81.21287361709,41.3841883600596],[-81.21276144054,41.3848851164303],[-81.2126841842209,41.3848849437922],[-81.2126626403454,41.3872760851349],[-81.2120096260441,41.3872746187098],[-81.2119337778864,41.3872744477567]]]},"properties":{"source_county":"Geauga","jurisdiction":"Auburn Township","parcel_id":"01-067900","owner_name":"CLARK RICHARD E","property_address":"11911 WASHINGTON ST","property_city":"AUBURN TOWNSHIP","property_zip":"44023"}},{"type":"Feature","geometry":{"type":"Polygon","coordinates":[[[-81.21276144054,41.3848851164303],[-81.2130486027954,41.3848857607004],[-81.2130270709731,41.3872769029974],[-81.2126626403454,41.3872760851349],[-81.2126841842209,41.3848849437922],[-81.21276144054,41.3848851164303]]]},"properties":{"source_county":"Geauga","jurisdiction":"Auburn Township","parcel_id":"01-068000","owner_name":"CLARK RICHARD E","property_address":" WASHINGTON ST","property_city":"AUBURN TOWNSHIP","property_zip":"44023"}},{"type":"Feature","geometry":{"type":"Polygon","coordinates":[[[-81.2185653563948,41.3859391496526],[-81.2180053461692,41.3858849729296],[-81.2167336260455,41.3858760304828],[-81.2168368313936,41.3854503345205],[-81.2169873650767,41.3853626976066],[-81.2186145721412,41.385516073299],[-81.218940980466,41.3853765473886],[-81.218921372674,41.3859735893087],[-81.2185653563948,41.3859391496526]]]},"properties":{"source_county":"Geauga","jurisdiction":"Auburn Township","parcel_id":"01-069300","owner_name":"WHITE ROAD LLC","property_address":"17806 RAVENNA RD","property_city":"AUBURN TOWNSHIP","property_zip":"44023"}},{"type":"Feature","geometry":{"type":"Polygon","coordinates":[[[-81.215482863818,41.3868172619016],[-81.2154832054471,41.3863735895266],[-81.2162494677354,41.3863880260651],[-81.2163190042501,41.3866227882543],[-81.216427431949,41.3866334503727],[-81.2163946734935,41.3868224134942],[-81.2160275616928,41.3868203400291],[-81.2159401023737,41.3868198457302],[-81.215482863818,41.3868172619016]]]},"properties":{"source_county":"Geauga","jurisdiction":"Auburn Township","parcel_id":"01-070000","owner_name":"KZ 01 CORP INC","property_address":"17775 RAVENNA RD","property_city":"AUBURN TOWNSHIP","property_zip":"44023"}},{"type":"Feature","geometry":{"type":"Polygon","coordinates":[[[-81.2119337778864,41.3872744477567],[-81.2120096260441,41.3872746187098],[-81.2115102571732,41.3887060274582],[-81.2111458344201,41.3887032427177],[-81.2111542398777,41.3877255422548],[-81.2111581317076,41.3872726993464],[-81.2112049154638,41.3872728057913],[-81.2116968972092,41.3872739144817],[-81.2119337778864,41.3872744477567]]]},"properties":{"source_county":"Geauga","jurisdiction":"Auburn Township","parcel_id":"01-075100","owner_name":"NOAH RONALD & SHARON","property_address":"11934 WASHINGTON ST","property_city":"AUBURN TOWNSHIP","property_zip":"44023"}},{"type":"Feature","geometry":{"type":"Polygon","coordinates":[[[-81.2147823396504,41.3964575588289],[-81.2149840852555,41.3952499082727],[-81.2150203714991,41.3952533466035],[-81.2150925727996,41.3952601857927],[-81.2150961837327,41.3952471681016],[-81.2151025306182,41.3952347579378],[-81.2151114478855,41.3952232790414],[-81.2151227029116,41.3952130308582],[-81.2151360020895,41.3952042807293],[-81.2151509984877,41.395197256916],[-81.2151673009003,41.3951921426459],[-81.2151844840521,41.395189071333],[-81.2152020996927,41.3951881230976],[-81.2161500220833,41.3951950807765],[-81.2161635502528,41.3964655629841],[-81.2148190433172,41.396458401089],[-81.214782232522,41.3964582051279],[-81.2147823396504,41.3964575588289]]]},"properties":{"source_county":"Geauga","jurisdiction":"Auburn Township","parcel_id":"01-076400","owner_name":"17444 RAVENNA RD LLC","property_address":"17444 RAVENNA RD","property_city":"AUBURN TOWNSHIP","property_zip":"44023"}},{"type":"Feature","geometry":{"type":"Polygon","coordinates":[[[-81.2099146081799,41.3848786955251],[-81.2104976765866,41.3848800164996],[-81.2104760530954,41.3872711583382],[-81.2098929634626,41.3872698372556],[-81.2099146081799,41.3848786955251]]]},"properties":{"source_county":"Geauga","jurisdiction":"Auburn Township","parcel_id":"01-078000","owner_name":"SLIWINSKI EDWARD & GAVIN MICHELLE","property_address":"11969 WASHINGTON ST","property_city":"AUBURN TOWNSHIP","property_zip":"44023"}},{"type":"Feature","geometry":{"type":"Polygon","coordinates":[[[-81.2142651126041,41.3887270411183],[-81.214396163172,41.3879372705067],[-81.2149118052366,41.3879393909146],[-81.214827706464,41.3884188072697],[-81.2160872294212,41.388423489674],[-81.2161243178823,41.3884236262118],[-81.2160713465609,41.3887407831263],[-81.2160342942475,41.3887405010866],[-81.2142651126041,41.3887270411183]]]},"properties":{"source_county":"Geauga","jurisdiction":"Auburn Township","parcel_id":"01-084600","owner_name":"17711 RAVENNA ROAD LLC","property_address":"17711 RAVENNA RD","property_city":"AUBURN TOWNSHIP","property_zip":"44023"}},{"type":"Feature","geometry":{"type":"Polygon","coordinates":[[[-81.2178062459655,41.3786950149173],[-81.2192725776028,41.3786995278153],[-81.2191948207005,41.3791473875365],[-81.2177284790715,41.3791428736543],[-81.2178062459655,41.3786950149173]]]},"properties":{"source_county":"Geauga","jurisdiction":"Auburn Township","parcel_id":"01-084710","owner_name":"TAMBURRO ANTHONY D & ANN","property_address":"18040 RAVENNA RD","property_city":"AUBURN TOWNSHIP","property_zip":"44023"}},{"type":"Feature","geometry":{"type":"Polygon","coordinates":[[[-81.2187655961383,41.377408479756],[-81.2194967213409,41.3774084802976],[-81.2192725776028,41.3786995278153],[-81.2178062459655,41.3786950149173],[-81.2179977240866,41.3775922693879],[-81.2180295654414,41.3774084734147],[-81.2187655961383,41.377408479756]]]},"properties":{"source_county":"Geauga","jurisdiction":"Auburn Township","parcel_id":"01-084820","owner_name":"RUDDICK BRIAN P JR","property_address":"18090 RAVENNA RD","property_city":"AUBURN TOWNSHIP","property_zip":"44023"}},{"type":"Feature","geometry":{"type":"Polygon","coordinates":[[[-81.2147541064317,41.3867079953264],[-81.2147543783903,41.3863598533923],[-81.2154832054471,41.3863735895266],[-81.215482863818,41.3868172619016],[-81.2153020758286,41.3868162397181],[-81.2147540242778,41.3868131389657],[-81.2147541064317,41.3867079953264]]]},"properties":{"source_county":"Geauga","jurisdiction":"Auburn Township","parcel_id":"01-085400","owner_name":"RICHARDSON EDWARD A & CROSS ANDREW LEE","property_address":" WASHINGTON ST","property_city":"AUBURN TOWNSHIP","property_zip":"44023"}},{"type":"Feature","geometry":{"type":"Polygon","coordinates":[[[-81.2147540242778,41.3868131389657],[-81.2153020758286,41.3868162397181],[-81.2153017342325,41.3872819771216],[-81.2152903808576,41.3872819520248],[-81.2150255979718,41.3872813636487],[-81.2147536586914,41.3872807591774],[-81.2147540242778,41.3868131389657]]]},"properties":{"source_county":"Geauga","jurisdiction":"Auburn Township","parcel_id":"01-085500","owner_name":"RICHARDSON EDWARD A & CROSS ANDREW LEE","property_address":" WASHINGTON ST","property_city":"AUBURN TOWNSHIP","property_zip":"44023"}},{"type":"Feature","geometry":{"type":"Polygon","coordinates":[[[-81.216579725882,41.3865352674389],[-81.217062820607,41.3865365106496],[-81.216995559077,41.3869298000208],[-81.2167897869922,41.3869294236989],[-81.2168001664064,41.3868878589603],[-81.2163834215531,41.386887317767],[-81.2164444547683,41.3865352494986],[-81.216579725882,41.3865352674389]]]},"properties":{"source_county":"Geauga","jurisdiction":"Auburn Township","parcel_id":"01-085600","owner_name":"CROSS ANDREW L & ANNE M","property_address":"17774 RAVENNA RD","property_city":"AUBURN TOWNSHIP","property_zip":"44023"}},{"type":"Feature","geometry":{"type":"Polygon","coordinates":[[[-81.2232785935803,41.3872893100968],[-81.2232911989539,41.3860964004727],[-81.2229267732055,41.3860964938205],[-81.2225623474386,41.386096586922],[-81.2221979192973,41.3860966779497],[-81.222211897871,41.3844627069671],[-81.2226105138991,41.3844710106642],[-81.2231606725269,41.3843808772786],[-81.2240372460562,41.3843991282551],[-81.2240074401174,41.3872895025693],[-81.2232785935803,41.3872893100968]]]},"properties":{"source_county":"Geauga","jurisdiction":"Auburn Township","parcel_id":"01-086300","owner_name":"BEAR MITCHELL EVAN & MADISON LYNN","property_address":"11611 WASHINGTON ST","property_city":"AUBURN TOWNSHIP","property_zip":"44023"}},{"type":"Feature","geometry":{"type":"Polygon","coordinates":[[[-81.2175838765726,41.3799756189782],[-81.2229704648912,41.3799921128133],[-81.2229605630091,41.3804086781219],[-81.2175115745548,41.3803919910588],[-81.2175838765726,41.3799756189782]]]},"properties":{"source_county":"Geauga","jurisdiction":"Auburn Township","parcel_id":"01-087400","owner_name":"HUFFMAN REAL ESTATE COMPANY LLC","property_address":" RAVENNA RD","property_city":"AUBURN TOWNSHIP","property_zip":"44023"}},{"type":"Feature","geometry":{"type":"Polygon","coordinates":[[[-81.2150989036859,41.3830782242716],[-81.2158191764578,41.3830849151965],[-81.2150602533897,41.383300363567],[-81.2150989036859,41.3830782242716]]]},"properties":{"source_county":"Geauga","jurisdiction":"Auburn Township","parcel_id":"01-087600","owner_name":"SPIDALIERI ENTERPRISES LLC","property_address":" RAVENNA RD","property_city":"AUBURN TOWNSHIP","property_zip":"44023"}},{"type":"Feature","geometry":{"type":"Polygon","coordinates":[[[-81.2153551157975,41.3932483728529],[-81.2172301670373,41.3932619104723],[-81.2172330109564,41.394489363953],[-81.2151504805399,41.3944741257841],[-81.2151137261221,41.3944738557966],[-81.2153185884278,41.3932474741628],[-81.2153551157975,41.3932483728529]]]},"properties":{"source_county":"Geauga","jurisdiction":"Auburn Township","parcel_id":"01-088600","owner_name":"VARGA RACHEL & PETER","property_address":"17490 RAVENNA RD","property_city":"AUBURN TOWNSHIP","property_zip":"44023"}},{"type":"Feature","geometry":{"type":"Polygon","coordinates":[[[-81.2211814661557,41.3872887308319],[-81.2217757472283,41.3872888983751],[-81.2217571786299,41.3887559285093],[-81.2212705480877,41.3887538537322],[-81.2211631934108,41.3887533958637],[-81.2211814661557,41.3872887308319]]]},"properties":{"source_county":"Geauga","jurisdiction":"Auburn Township","parcel_id":"01-089100","owner_name":"HAMARY VICTORIA E & JUSTIN E","property_address":"11676 WASHINGTON ST","property_city":"AUBURN TOWNSHIP","property_zip":"44023"}},{"type":"Feature","geometry":{"type":"Polygon","coordinates":[[[-81.2146803159206,41.3825251057371],[-81.216901531798,41.382545734313],[-81.216874926899,41.3826781065044],[-81.2168252201664,41.3829638434976],[-81.2167475238216,41.3830935331784],[-81.2158191764578,41.3830849151965],[-81.2150989036859,41.3830782242716],[-81.2145849062112,41.3830734461145],[-81.2146803159206,41.3825251057371]]]},"properties":{"source_county":"Geauga","jurisdiction":"Auburn Township","parcel_id":"01-089395","owner_name":"SPIDALIERI ENTERPRISES LLC","property_address":"17905 RAVENNA RD","property_city":"AUBURN TOWNSHIP","property_zip":"44023"}},{"type":"Feature","geometry":{"type":"Polygon","coordinates":[[[-81.2213983461633,41.3744027959285],[-81.2221926730028,41.3743979484456],[-81.222182323576,41.3774084448393],[-81.2213879766434,41.3774084619145],[-81.2213983461633,41.3744027959285]]]},"properties":{"source_county":"Geauga","jurisdiction":"Auburn Township","parcel_id":"01-090100","owner_name":"IAMEC HOLDINGS LLC","property_address":"11659 TAYLOR MAY RD","property_city":"AUBURN TOWNSHIP","property_zip":"44023"}},{"type":"Feature","geometry":{"type":"Polygon","coordinates":[[[-81.2163834215531,41.386887317767],[-81.2168001664064,41.3868878589603],[-81.2167897869922,41.3869294236989],[-81.2167850545913,41.3869483735808],[-81.2167834301237,41.3872852589],[-81.2163146153028,41.3872842233157],[-81.2163834215531,41.386887317767]]]},"properties":{"source_county":"Geauga","jurisdiction":"Auburn Township","parcel_id":"01-091350","owner_name":"VANZ INDUSTRIES LLC","property_address":"11799 WASHINGTON ST","property_city":"AUBURN TOWNSHIP","property_zip":"44023"}},{"type":"Feature","geometry":{"type":"Polygon","coordinates":[[[-81.2094838032391,41.3946249355875],[-81.2094957276044,41.3926653763141],[-81.2146836187492,41.3926947238099],[-81.21460856114,41.3931440338949],[-81.2153020484298,41.3931261779487],[-81.2153390090124,41.3931252236362],[-81.2153185884278,41.3932474741628],[-81.2152884247824,41.3934280490402],[-81.2120889363874,41.3934217678646],[-81.2119529859605,41.394237195547],[-81.2141689286664,41.3942414398147],[-81.2151522428404,41.3942432847517],[-81.2150888075936,41.3946230248079],[-81.2150521515823,41.3946230386631],[-81.2094838032391,41.3946249355875]]]},"properties":{"source_county":"Geauga","jurisdiction":"Auburn Township","parcel_id":"01-094270","owner_name":"SQUIRE FARM OHIO LLC","property_address":" RAVENNA RD","property_city":"AUBURN TOWNSHIP","property_zip":"44023"}},{"type":"Feature","geometry":{"type":"Polygon","coordinates":[[[-81.2150521515823,41.3946230386631],[-81.2150888075936,41.3946230248079],[-81.2150390420229,41.3949209313341],[-81.2149840852555,41.3952499082727],[-81.2146792233732,41.3970747995059],[-81.2146426421108,41.3970744682692],[-81.2043684965632,41.3971238202385],[-81.20462138737,41.396063867633],[-81.2094751374456,41.3960487708508],[-81.2094822842335,41.3948745133872],[-81.2094838032391,41.3946249355875],[-81.2150521515823,41.3946230386631]]]},"properties":{"source_county":"Geauga","jurisdiction":"Auburn Township","parcel_id":"01-094280","owner_name":"SQUIRE FARM OHIO LLC","property_address":"17425 RAVENNA RD","property_city":"AUBURN TOWNSHIP","property_zip":"44023"}},{"type":"Feature","geometry":{"type":"Polygon","coordinates":[[[-81.2158558264898,41.3898092599483],[-81.2158928602619,41.3898094202596],[-81.2158783034743,41.3898965752796],[-81.2154641459949,41.3923760835238],[-81.2154140627809,41.3926759139891],[-81.215377058197,41.3926768687353],[-81.2146836187492,41.3926947238099],[-81.2094957276044,41.3926653763141],[-81.209513274318,41.3897816932511],[-81.2158558264898,41.3898092599483]]]},"properties":{"source_county":"Geauga","jurisdiction":"Auburn Township","parcel_id":"01-094290","owner_name":"SQUIRE FARM OHIO LLC","property_address":"17647 RAVENNA RD","property_city":"AUBURN TOWNSHIP","property_zip":"44023"}},{"type":"Feature","geometry":{"type":"Polygon","coordinates":[[[-81.2273791745125,41.3981200145931],[-81.22806389537,41.3981265340278],[-81.2280608145385,41.3985381824254],[-81.228055806092,41.3992072226163],[-81.228055677275,41.3992242458471],[-81.2280544749106,41.3993844912411],[-81.2249812869085,41.3993727890222],[-81.2181799606969,41.399346601272],[-81.2153823429839,41.3993357135403],[-81.2143684725098,41.3991551400108],[-81.2143327282383,41.399148773564],[-81.2144254683098,41.3985936833601],[-81.2144622504079,41.3985938791027],[-81.2152288471256,41.3985979556754],[-81.2153230134039,41.3980342759335],[-81.2161538539839,41.3980386880218],[-81.220501447165,41.3980616754131],[-81.2216977171155,41.3980714881566],[-81.2218089852901,41.3980711159291],[-81.2219183278676,41.3980719155581],[-81.2237051387768,41.3980849646661],[-81.2248324082305,41.3980957307744],[-81.2259575555934,41.398106466166],[-81.2273791745125,41.3981200145931]]]},"properties":{"source_county":"Geauga","jurisdiction":"Auburn Township","parcel_id":"01-095100","owner_name":"SQUIRE FARM OHIO LLC","property_address":" RAVENNA RD","property_city":"AUBURN TOWNSHIP","property_zip":"44023"}},{"type":"Feature","geometry":{"type":"Polygon","coordinates":[[[-81.2142632493697,41.3995646293178],[-81.2143327282383,41.399148773564],[-81.2143684725098,41.3991551400108],[-81.2153823429839,41.3993357135403],[-81.2181799606969,41.399346601272],[-81.2181628572463,41.3995847862145],[-81.2142999130919,41.3995654622737],[-81.2142631409826,41.3995652783035],[-81.2142632493697,41.3995646293178]]]},"properties":{"source_county":"Geauga","jurisdiction":"Auburn Township","parcel_id":"01-095350","owner_name":"17300 RAVENNA LLC","property_address":"17300 RAVENNA RD","property_city":"AUBURN TOWNSHIP","property_zip":"44023"}},{"type":"Feature","geometry":{"type":"Polygon","coordinates":[[[-81.2156157952072,41.3854082421544],[-81.2157551286261,41.3846045769018],[-81.2164657325214,41.3847164594563],[-81.2164195630374,41.3849799856746],[-81.2163819253136,41.385422381101],[-81.2156157952072,41.3854082421544]]]},"properties":{"source_county":"Geauga","jurisdiction":"Auburn Township","parcel_id":"01-095800","owner_name":"44 EAST LLC","property_address":"17845 RAVENNA RD","property_city":"AUBURN TOWNSHIP","property_zip":"44023"}},{"type":"Feature","geometry":{"type":"Polygon","coordinates":[[[-81.2095769053709,41.3819283187938],[-81.2095813931118,41.3814327158262],[-81.209586852525,41.3808299543888],[-81.2134546554379,41.3808660196411],[-81.2133592378891,41.3814143601546],[-81.2154674255013,41.3814339641641],[-81.2153953666029,41.3818481402988],[-81.2170350545553,41.3818633625713],[-81.2170117152258,41.3819975288544],[-81.2143387275627,41.3819727009293],[-81.2095769053709,41.3819283187938]]]},"properties":{"source_county":"Geauga","jurisdiction":"Auburn Township","parcel_id":"01-104700","owner_name":"SIX DOG HOLDINGS LLC","property_address":" RAVENNA RD","property_city":"AUBURN TOWNSHIP","property_zip":"44023"}},{"type":"Feature","geometry":{"type":"Polygon","coordinates":[[[-81.213391502823,41.387277718826],[-81.2135497887915,41.387278072544],[-81.2133105429565,41.3887197670666],[-81.2115102571732,41.3887060274582],[-81.2120096260441,41.3872746187098],[-81.2126626403454,41.3872760851349],[-81.2130270709731,41.3872769029974],[-81.213391502823,41.387277718826]]]},"properties":{"source_county":"Geauga","jurisdiction":"Auburn Township","parcel_id":"01-108600","owner_name":"JILCIN LLC","property_address":"11900 WASHINGTON ST","property_city":"AUBURN TOWNSHIP","property_zip":"44023"}},{"type":"Feature","geometry":{"type":"Polygon","coordinates":[[[-81.2167897869922,41.3869294236989],[-81.216995559077,41.3869298000208],[-81.2169923178153,41.386948752023],[-81.2167850545913,41.3869483735808],[-81.2167897869922,41.3869294236989]]]},"properties":{"source_county":"Geauga","jurisdiction":"Auburn Township","parcel_id":"01-108750","owner_name":"LUPCA DENNIS & HEATHER L","property_address":" WASHINGTON ST","property_city":"AUBURN TOWNSHIP","property_zip":"44023"}},{"type":"Feature","geometry":{"type":"Polygon","coordinates":[[[-81.2167850545913,41.3869483735808],[-81.2169923178153,41.386948752023],[-81.2169346649683,41.3872855919917],[-81.2167834301237,41.3872852589],[-81.2167850545913,41.3869483735808]]]},"properties":{"source_county":"Geauga","jurisdiction":"Auburn Township","parcel_id":"01-108751","owner_name":"LUPCA DENNIS & HEATHER L","property_address":"11793 WASHINGTON ST","property_city":"AUBURN TOWNSHIP","property_zip":"44023"}},{"type":"Feature","geometry":{"type":"Polygon","coordinates":[[[-81.217062820607,41.3865365106496],[-81.2174411876714,41.3865374816769],[-81.2173965930242,41.3867966723512],[-81.2173124160679,41.3872864241873],[-81.2169346649683,41.3872855919917],[-81.2169923178153,41.386948752023],[-81.216995559077,41.3869298000208],[-81.217062820607,41.3865365106496]]]},"properties":{"source_county":"Geauga","jurisdiction":"Auburn Township","parcel_id":"01-108752","owner_name":"LUPCA DENNIS & HEATHER L","property_address":"11785 WASHINGTON ST","property_city":"AUBURN TOWNSHIP","property_zip":"44023"}},{"type":"Feature","geometry":{"type":"Polygon","coordinates":[[[-81.2135787430317,41.3801529053848],[-81.2175466910399,41.3801897659708],[-81.2174514712234,41.3807381108561],[-81.2134833275722,41.3807012452056],[-81.2135787430317,41.3801529053848]]]},"properties":{"source_county":"Geauga","jurisdiction":"Auburn Township","parcel_id":"01-110700","owner_name":"KOVALCHICK PETER A & DEBORAH C","property_address":"17985 RAVENNA RD","property_city":"AUBURN TOWNSHIP","property_zip":"44023"}},{"type":"Feature","geometry":{"type":"Polygon","coordinates":[[[-81.2143387275627,41.3819727009293],[-81.2170117152258,41.3819975288544],[-81.2169180511331,41.3824635456496],[-81.216901531798,41.382545734313],[-81.2146803159206,41.3825251057371],[-81.2145335445877,41.382523741182],[-81.2142433157864,41.3825210420075],[-81.2143387275627,41.3819727009293]]]},"properties":{"source_county":"Geauga","jurisdiction":"Auburn Township","parcel_id":"01-111850","owner_name":"SIX DOG HOLDINGS LLC","property_address":" RAVENNA RD","property_city":"AUBURN TOWNSHIP","property_zip":"44023"}},{"type":"Feature","geometry":{"type":"Polygon","coordinates":[[[-81.2108535821642,41.38772486386],[-81.2111542398777,41.3877255422548],[-81.2111458344201,41.3887032427177],[-81.2108451860918,41.3887009443808],[-81.2108535821642,41.38772486386]]]},"properties":{"source_county":"Geauga","jurisdiction":"Auburn Township","parcel_id":"01-112700","owner_name":"NOAH KATHLEEN M TOD","property_address":" WASHINGTON ST","property_city":"AUBURN TOWNSHIP","property_zip":"44023"}},{"type":"Feature","geometry":{"type":"Polygon","coordinates":[[[-81.2108574760669,41.3872720209616],[-81.2111581317076,41.3872726993464],[-81.2111542398777,41.3877255422548],[-81.2108535821642,41.38772486386],[-81.2108574760669,41.3872720209616]]]},"properties":{"source_county":"Geauga","jurisdiction":"Auburn Township","parcel_id":"01-112800","owner_name":"NOAH KATHLEEN M TOD","property_address":"11950 WASHINGTON ST","property_city":"AUBURN TOWNSHIP","property_zip":"44023"}},{"type":"Feature","geometry":{"type":"Polygon","coordinates":[[[-81.209747190746,41.3872695071982],[-81.209874059105,41.3872697950432],[-81.2098729495314,41.3886935065453],[-81.2095199124768,41.3886907597825],[-81.2095212155947,41.388476557856],[-81.2091604217333,41.3884758614295],[-81.2091677767231,41.3872682549373],[-81.2095285328957,41.3872690104308],[-81.209747190746,41.3872695071982]]]},"properties":{"source_county":"Geauga","jurisdiction":"Auburn Township","parcel_id":"01-113800","owner_name":"WOOLF SANDRA L","property_address":"11990 WASHINGTON ST","property_city":"AUBURN TOWNSHIP","property_zip":"44023"}},{"type":"Feature","geometry":{"type":"Polygon","coordinates":[[[-81.2145564316302,41.3980302000764],[-81.2153230134039,41.3980342759335],[-81.2152288471256,41.3985979556754],[-81.2144622504079,41.3985938791027],[-81.2144254683098,41.3985936833601],[-81.2145196414776,41.3980300042708],[-81.2145564316302,41.3980302000764]]]},"properties":{"source_county":"Geauga","jurisdiction":"Auburn Township","parcel_id":"01-115800","owner_name":"WEIN JASON A & DEBBY","property_address":"17346 RAVENNA RD","property_city":"AUBURN TOWNSHIP","property_zip":"44023"}},{"type":"Feature","geometry":{"type":"Polygon","coordinates":[[[-81.2162256479697,41.3875945352674],[-81.2162627658333,41.3875946729926],[-81.2162042404714,41.3879450965836],[-81.2161671384269,41.3879449347026],[-81.2153546048632,41.3879413880736],[-81.2153707133027,41.3876768589382],[-81.2155866675135,41.3876766815909],[-81.2156402540716,41.3875923566927],[-81.2162256479697,41.3875945352674]]]},"properties":{"source_county":"Geauga","jurisdiction":"Auburn Township","parcel_id":"01-117231","owner_name":"GANDY DANCER LLC","property_address":" RAVENNA RD","property_city":"AUBURN TOWNSHIP","property_zip":"44023"}},{"type":"Feature","geometry":{"type":"Polygon","coordinates":[[[-81.2136893929695,41.38639052288],[-81.2137901574137,41.3863907479197],[-81.2137821723796,41.3872785926023],[-81.2136814077866,41.3872783666685],[-81.2136893929695,41.38639052288]]]},"properties":{"source_county":"Geauga","jurisdiction":"Auburn Township","parcel_id":"01-117371","owner_name":"44 EAST LLC","property_address":" WASHINGTON ST","property_city":"AUBURN TOWNSHIP","property_zip":"44023"}},{"type":"Feature","geometry":{"type":"Polygon","coordinates":[[[-81.2008061532553,41.3993416421453],[-81.2043149179482,41.3993652037786],[-81.2042504984589,41.4002817804704],[-81.2021911719083,41.4002742921528],[-81.2014145303079,41.4002714577461],[-81.2008007680596,41.3998236402797],[-81.2008061532553,41.3993416421453]]]},"properties":{"source_county":"Geauga","jurisdiction":"Auburn Township","parcel_id":"01-117401","owner_name":"WILKS GERALD A & ANNETTE V AKA ANNETTE","property_address":"17298 VALLEY RD","property_city":"AUBURN TOWNSHIP","property_zip":"44023"}},{"type":"Feature","geometry":{"type":"Polygon","coordinates":[[[-81.217952220132,41.3868057430153],[-81.2180053461692,41.3858849729296],[-81.2185653563948,41.3859391496526],[-81.2184328239308,41.3868135871972],[-81.217952220132,41.3868057430153]]]},"properties":{"source_county":"Geauga","jurisdiction":"Auburn Township","parcel_id":"01-117444","owner_name":"LA RUE ANNE M & GRECAR PATSY ANNE TRUSTEE","property_address":" WASHINGTON ST","property_city":"AUBURN TOWNSHIP","property_zip":"44023"}},{"type":"Feature","geometry":{"type":"Polygon","coordinates":[[[-81.223978087215,41.3743870342622],[-81.2248707940985,41.3743815668461],[-81.2248605119546,41.3774083464892],[-81.2239677820917,41.3774083864512],[-81.223978087215,41.3743870342622]]]},"properties":{"source_county":"Geauga","jurisdiction":"Auburn Township","parcel_id":"01-117589","owner_name":"BUSHMAN JASON P","property_address":"11605 TAYLOR MAY RD","property_city":"AUBURN TOWNSHIP","property_zip":"44023"}},{"type":"Feature","geometry":{"type":"Polygon","coordinates":[[[-81.2108392522967,41.3833768989472],[-81.2108447061643,41.3827731094115],[-81.2105896203562,41.3827724025209],[-81.2095692854938,41.3827695721339],[-81.2095719316779,41.3824775004238],[-81.2111878561237,41.3824925837203],[-81.2110266557309,41.383377461521],[-81.2110116671294,41.3834597375911],[-81.2105834213558,41.3834585519557],[-81.2105841650741,41.3833762055632],[-81.2108392522967,41.3833768989472]]]},"properties":{"source_county":"Geauga","jurisdiction":"Auburn Township","parcel_id":"01-117632","owner_name":"BROSNAN ROBERT C JR","property_address":" RAVENNA RD","property_city":"AUBURN TOWNSHIP","property_zip":"44023"}},{"type":"Feature","geometry":{"type":"Polygon","coordinates":[[[-81.2156032690209,41.3854804968803],[-81.2156157952072,41.3854082421544],[-81.2163819253136,41.385422381101],[-81.2163757424647,41.3854950493242],[-81.2156032690209,41.3854804968803]]]},"properties":{"source_county":"Geauga","jurisdiction":"Auburn Township","parcel_id":"01-117664","owner_name":"44 EAST LLC","property_address":" RAVENNA RD","property_city":"AUBURN TOWNSHIP","property_zip":"44023"}},{"type":"Feature","geometry":{"type":"Polygon","coordinates":[[[-81.2230853801831,41.3743924947953],[-81.223978087215,41.3743870342622],[-81.2239677820917,41.3774083864512],[-81.2230750522454,41.3774084186299],[-81.2230853801831,41.3743924947953]]]},"properties":{"source_county":"Geauga","jurisdiction":"Auburn Township","parcel_id":"01-117667","owner_name":"PEMBERTON JAMES D","property_address":"11625 TAYLOR MAY RD","property_city":"AUBURN TOWNSHIP","property_zip":"44023"}},{"type":"Feature","geometry":{"type":"Polygon","coordinates":[[[-81.2169074654734,41.3884477622437],[-81.2169135935574,41.388411790493],[-81.2174587949543,41.3884233756299],[-81.2174663617289,41.3876490797187],[-81.2172525499899,41.3876486106984],[-81.217215310608,41.3875424728476],[-81.2172163308439,41.3874738917291],[-81.2172220196657,41.3873685626105],[-81.2172223411762,41.3872862260863],[-81.2173452266562,41.3872864967459],[-81.2173441540731,41.3873962779476],[-81.2176538117244,41.3873969608253],[-81.2176548838251,41.3872871778201],[-81.2179163294972,41.3872877529535],[-81.2179017051794,41.3887394359493],[-81.217158226823,41.3887362406551],[-81.2168585464591,41.3887349511464],[-81.2169074654734,41.3884477622437]]]},"properties":{"source_county":"Geauga","jurisdiction":"Auburn Township","parcel_id":"01-117683","owner_name":"AUBURN CORNERS INVESTMENTS LLC","property_address":"11782 WASHINGTON ST","property_city":"AUBURN TOWNSHIP","property_zip":"44023"}},{"type":"Feature","geometry":{"type":"Polygon","coordinates":[[[-81.2221926730028,41.3743979484456],[-81.2230853801831,41.3743924947953],[-81.2230750522454,41.3774084186299],[-81.222182323576,41.3774084448393],[-81.2221926730028,41.3743979484456]]]},"properties":{"source_county":"Geauga","jurisdiction":"Auburn Township","parcel_id":"01-117733","owner_name":"LIOTTA SALVATORE J III","property_address":"11645 TAYLOR MAY RD","property_city":"AUBURN TOWNSHIP","property_zip":"44023"}},{"type":"Feature","geometry":{"type":"Polygon","coordinates":[[[-81.2159815013412,41.3910459088856],[-81.2163871220715,41.3911703710696],[-81.2164619928704,41.3911908177384],[-81.2165387533583,41.3912068044324],[-81.216342288897,41.392383081062],[-81.215574113739,41.3923775148545],[-81.215781843094,41.3911338759895],[-81.2157868624825,41.3911160020346],[-81.2157957485007,41.3910990024157],[-81.2158082550632,41.3910833479067],[-81.2158240358211,41.391069472031],[-81.215842653753,41.3910577590558],[-81.2158635932683,41.3910485333503],[-81.215886274485,41.3910420504034],[-81.2159100692887,41.3910384897483],[-81.2159343187267,41.3910379499905],[-81.2159583512562,41.3910404460778],[-81.2159815013412,41.3910459088856]]]},"properties":{"source_county":"Geauga","jurisdiction":"Auburn Township","parcel_id":"01-117752","owner_name":"SPATARO JOHN & WOOD ARCANGELA","property_address":" DERBYSHIRE LN","property_city":"AUBURN TOWNSHIP","property_zip":"44023"}},{"type":"Feature","geometry":{"type":"Polygon","coordinates":[[[-81.216342288897,41.392383081062],[-81.2165387533583,41.3912068044324],[-81.2166168557312,41.3912182249235],[-81.2166959022291,41.3912250285647],[-81.2167754123454,41.3912271739983],[-81.2173006675538,41.3912263984072],[-81.2171065650116,41.3923886142895],[-81.216342288897,41.392383081062]]]},"properties":{"source_county":"Geauga","jurisdiction":"Auburn Township","parcel_id":"01-117753","owner_name":"SPATARO JOHN & WOOD ARCANGELA","property_address":"11800 DERBYSHIRE LN","property_city":"AUBURN TOWNSHIP","property_zip":"44023"}},{"type":"Feature","geometry":{"type":"Polygon","coordinates":[[[-81.2173006675538,41.3912263984072],[-81.218066042076,41.3912252655173],[-81.2178708412551,41.3923941424735],[-81.2171065650116,41.3923886142895],[-81.2173006675538,41.3912263984072]]]},"properties":{"source_county":"Geauga","jurisdiction":"Auburn Township","parcel_id":"01-117754","owner_name":"MAGEE STACY & DAVID","property_address":"11780 DERBYSHIRE LN","property_city":"AUBURN TOWNSHIP","property_zip":"44023"}},{"type":"Feature","geometry":{"type":"Polygon","coordinates":[[[-81.2179089066216,41.3927023909236],[-81.2179602758063,41.3923947885766],[-81.2178708412551,41.3923941424735],[-81.218066042076,41.3912252655173],[-81.2192831574624,41.3912234527244],[-81.2193061514223,41.3912247921222],[-81.2193285771567,41.3912288455141],[-81.2193498734203,41.3912355114565],[-81.2193695072341,41.3912446231218],[-81.2193869872247,41.3912559524738],[-81.2194018759213,41.3912692159741],[-81.2194138007047,41.3912840816785],[-81.2194224631323,41.3913001775447],[-81.2194276464077,41.3913171007425],[-81.2194292208069,41.3913344277364],[-81.2194277041817,41.3914402334081],[-81.219430528519,41.3915063262805],[-81.2194408875656,41.3915719916201],[-81.2194587046419,41.3916367432186],[-81.2194838478457,41.3917001016318],[-81.2179089066216,41.3927023909236]]]},"properties":{"source_county":"Geauga","jurisdiction":"Auburn Township","parcel_id":"01-117755","owner_name":"DOONEY ANTONIETTA TTE AKA JOANN TRUSTEE","property_address":"11750 DERBYSHIRE LN","property_city":"AUBURN TOWNSHIP","property_zip":"44023"}},{"type":"Feature","geometry":{"type":"Polygon","coordinates":[[[-81.2179089066216,41.3927023909236],[-81.2194838478457,41.3917001016318],[-81.2195175692955,41.3917636613354],[-81.2195586669887,41.3918247094397],[-81.2196068149261,41.3918827616628],[-81.2196616311771,41.3919373574877],[-81.2197226809099,41.3919880638152],[-81.2197894798399,41.3920344783996],[-81.2198614980717,41.3920762330405],[-81.2189638601254,41.3932744854485],[-81.2185050395983,41.3932711274954],[-81.2178671880932,41.393266562069],[-81.217814780873,41.3932661385487],[-81.2179089066216,41.3927023909236]]]},"properties":{"source_county":"Geauga","jurisdiction":"Auburn Township","parcel_id":"01-117756","owner_name":"HUEFNER JAMES ROBERT","property_address":"11730 COLCHESTER DR","property_city":"AUBURN TOWNSHIP","property_zip":"44023"}},{"type":"Feature","geometry":{"type":"Polygon","coordinates":[[[-81.2189638601254,41.3932744854485],[-81.2198614980717,41.3920762330405],[-81.2199355648024,41.3921117281145],[-81.2200134088099,41.3921422978309],[-81.2200944539443,41.3921677159311],[-81.2201781003605,41.3921877942854],[-81.2202637289586,41.3922023842856],[-81.220350705966,41.3922113779449],[-81.2204383876291,41.3922147086975],[-81.2204917490669,41.3922150929534],[-81.220057237897,41.3932823305133],[-81.2191428616367,41.3932757332084],[-81.2189638601254,41.3932744854485]]]},"properties":{"source_county":"Geauga","jurisdiction":"Auburn Township","parcel_id":"01-117757","owner_name":"MUSIEL JOAN E & GERALD M","property_address":"11720 COLCHESTER DR","property_city":"AUBURN TOWNSHIP","property_zip":"44023"}},{"type":"Feature","geometry":{"type":"Polygon","coordinates":[[[-81.2204917490669,41.3922150929534],[-81.221129531081,41.392219688297],[-81.2211141114599,41.3932899908801],[-81.2201353454787,41.3932828938618],[-81.220057237897,41.3932823305133],[-81.2204917490669,41.3922150929534]]]},"properties":{"source_county":"Geauga","jurisdiction":"Auburn Township","parcel_id":"01-117758","owner_name":"CURRETT LISA M & WEISEND CASSANDRA D","property_address":"11690 COLCHESTER DR","property_city":"AUBURN TOWNSHIP","property_zip":"44023"}},{"type":"Feature","geometry":{"type":"Polygon","coordinates":[[[-81.221129531081,41.392219688297],[-81.2219677510332,41.3922257214329],[-81.2219523462666,41.393296024139],[-81.2219142890743,41.3932957509308],[-81.2212098355067,41.3932906805006],[-81.2211141114599,41.3932899908801],[-81.221129531081,41.392219688297]]]},"properties":{"source_county":"Geauga","jurisdiction":"Auburn Township","parcel_id":"01-117759","owner_name":"HEIFERLING MARK J & ARLENE S","property_address":"11670 COLCHESTER DR","property_city":"AUBURN TOWNSHIP","property_zip":"44023"}},{"type":"Feature","geometry":{"type":"Polygon","coordinates":[[[-81.2219677510332,41.3922257214329],[-81.2228059711217,41.3922317494026],[-81.222790580014,41.3933020522183],[-81.22221200629,41.393297892495],[-81.2219523462666,41.393296024139],[-81.2219677510332,41.3922257214329]]]},"properties":{"source_county":"Geauga","jurisdiction":"Auburn Township","parcel_id":"01-117760","owner_name":"LISTON RICK A & KATHLEEN S","property_address":"11650 COLCHESTER DR","property_city":"AUBURN TOWNSHIP","property_zip":"44023"}},{"type":"Feature","geometry":{"type":"Polygon","coordinates":[[[-81.2228059711217,41.3922317494026],[-81.2236441925597,41.3922377713187],[-81.2236288139328,41.3933080733306],[-81.222790580014,41.3933020522183],[-81.2228059711217,41.3922317494026]]]},"properties":{"source_county":"Geauga","jurisdiction":"Auburn Township","parcel_id":"01-117761","owner_name":"AMSTUTZ SCOTT A & KELLY S","property_address":"11630 COLCHESTER DR","property_city":"AUBURN TOWNSHIP","property_zip":"44023"}},{"type":"Feature","geometry":{"type":"Polygon","coordinates":[[[-81.2236441925597,41.3922377713187],[-81.2243544293642,41.3922428682562],[-81.2243772353464,41.3922443856355],[-81.2243994446184,41.3922485730921],[-81.224420509417,41.3922553273478],[-81.2244399102057,41.3922644818175],[-81.2244571684879,41.3922758107179],[-81.2244718586089,41.3922890346362],[-81.2244836182534,41.3923038274207],[-81.2244921573825,41.3923198242258],[-81.2244972653864,41.3923366305098],[-81.2244988162797,41.3923538317658],[-81.2244850303435,41.3933142179917],[-81.2236288139328,41.3933080733306],[-81.2236441925597,41.3922377713187]]]},"properties":{"source_county":"Geauga","jurisdiction":"Auburn Township","parcel_id":"01-117762","owner_name":"CLUTTER AUSTIN & RUSSELL EMILY","property_address":"11600 COLCHESTER DR","property_city":"AUBURN TOWNSHIP","property_zip":"44023"}},{"type":"Feature","geometry":{"type":"Polygon","coordinates":[[[-81.2248646515739,41.3922465277529],[-81.2255757231708,41.3922516227883],[-81.2255603760009,41.3933219259526],[-81.2247037002164,41.3933157868864],[-81.2247174872496,41.392355117913],[-81.2247199718272,41.3923360890322],[-81.2247268031123,41.3923176734009],[-81.2247377738761,41.3923004296525],[-81.2247525513206,41.3922848808712],[-81.2247706871742,41.3922714987243],[-81.2247916312898,41.3922606891549],[-81.2248147483339,41.3922527800675],[-81.2248393370586,41.3922480113813],[-81.2248646515739,41.3922465277529]]]},"properties":{"source_county":"Geauga","jurisdiction":"Auburn Township","parcel_id":"01-117763","owner_name":"MILLS SIMONA T & PHILIP W TRUSTEES","property_address":"11570 COLCHESTER DR","property_city":"AUBURN TOWNSHIP","property_zip":"44023"}},{"type":"Feature","geometry":{"type":"Polygon","coordinates":[[[-81.2239170071087,41.3910046085815],[-81.2247552129869,41.3910106224586],[-81.2247398522285,41.392080951987],[-81.2239016338872,41.3920749380136],[-81.2239170071087,41.3910046085815]]]},"properties":{"source_county":"Geauga","jurisdiction":"Auburn Township","parcel_id":"01-117771","owner_name":"WYATT JACK D & ELIZABETH K","property_address":"11601 COLCHESTER DR","property_city":"AUBURN TOWNSHIP","property_zip":"44023"}},{"type":"Feature","geometry":{"type":"Polygon","coordinates":[[[-81.2230788025621,41.3909985895514],[-81.2239170071087,41.3910046085815],[-81.2239016338872,41.3920749380136],[-81.2230634156819,41.3920689188739],[-81.2230788025621,41.3909985895514]]]},"properties":{"source_county":"Geauga","jurisdiction":"Auburn Township","parcel_id":"01-117772","owner_name":"SULKEY MICHAEL R & MARY ANN","property_address":"11621 COLCHESTER DR","property_city":"AUBURN TOWNSHIP","property_zip":"44023"}},{"type":"Feature","geometry":{"type":"Polygon","coordinates":[[[-81.2222405981868,41.3909925635545],[-81.2230788025621,41.3909985895514],[-81.2230634156819,41.3920689188739],[-81.2222251964523,41.3920628927541],[-81.2222405981868,41.3909925635545]]]},"properties":{"source_county":"Geauga","jurisdiction":"Auburn Township","parcel_id":"01-117773","owner_name":"CILLIAN DAVID J TOD","property_address":"11645 COLCHESTER DR","property_city":"AUBURN TOWNSHIP","property_zip":"44023"}},{"type":"Feature","geometry":{"type":"Polygon","coordinates":[[[-81.2214023927522,41.3909865323781],[-81.2222405981868,41.3909925635545],[-81.2222251964523,41.3920628927541],[-81.2213869785546,41.3920568614811],[-81.2214023927522,41.3909865323781]]]},"properties":{"source_county":"Geauga","jurisdiction":"Auburn Township","parcel_id":"01-117774","owner_name":"MARTIN STEVEN R & KIM M","property_address":"11675 COLCHESTER DR","property_city":"AUBURN TOWNSHIP","property_zip":"44023"}},{"type":"Feature","geometry":{"type":"Polygon","coordinates":[[[-81.2205660108922,41.3909805071757],[-81.2214023927522,41.3909865323781],[-81.2213869785546,41.3920568614811],[-81.2205505830656,41.3920508361692],[-81.2205660108922,41.3909805071757]]]},"properties":{"source_county":"Geauga","jurisdiction":"Auburn Township","parcel_id":"01-117775","owner_name":"ROSTOCIL NATHAN J TRUSTEE","property_address":"11695 COLCHESTER DR","property_city":"CHAGRIN FALLS","property_zip":"44023"}},{"type":"Feature","geometry":{"type":"Polygon","coordinates":[[[-81.2196530978261,41.3909739252043],[-81.2205660108922,41.3909805071757],[-81.2205505830656,41.3920508361692],[-81.2204404515514,41.3920500426295],[-81.2203565155097,41.3920461158429],[-81.2202735873456,41.3920355901654],[-81.2201925793623,41.3920185813914],[-81.2201143827371,41.3919952766366],[-81.2200398577169,41.3919659322792],[-81.2199698241537,41.3919308711394],[-81.2199050524852,41.3918904789276],[-81.2198462552586,41.3918452000013],[-81.219794079292,41.3917955324758],[-81.2197490985589,41.3917420227448],[-81.2197118078741,41.3916852594685],[-81.219682617451,41.3916258670978],[-81.2196618483894,41.3915644990046],[-81.219649729144,41.3915018302939],[-81.2196463930123,41.3914385503766],[-81.2196530978261,41.3909739252043]]]},"properties":{"source_county":"Geauga","jurisdiction":"Auburn Township","parcel_id":"01-117776","owner_name":"PRESLEY DAVID P & SARAH E TRUSTEES","property_address":"11725 COLCHESTER DR","property_city":"AUBURN TOWNSHIP","property_zip":"44023"}},{"type":"Feature","geometry":{"type":"Polygon","coordinates":[[[-81.2158478314972,41.3907392002028],[-81.2159868551394,41.3899068581877],[-81.2168457960665,41.3899882158395],[-81.2166805620937,41.3910585485887],[-81.2166087284252,41.3910498212621],[-81.2165382412539,41.3910362256328],[-81.2164696811261,41.3910178736775],[-81.2159374602844,41.3908545663076],[-81.2159162042586,41.3908464600345],[-81.2158969855414,41.390835854628],[-81.2158803174935,41.3908230333749],[-81.215866645343,41.390808338751],[-81.2158563342918,41.390792163272],[-81.2158496597611,41.3907749390097],[-81.2158468000348,41.3907571260498],[-81.2158478314972,41.3907392002028]]]},"properties":{"source_county":"Geauga","jurisdiction":"Auburn Township","parcel_id":"01-117777","owner_name":"SMITH ANISSA & FEHRING CHRISTOPHER","property_address":"11815 DERBYSHIRE LN","property_city":"AUBURN TOWNSHIP","property_zip":"44023"}},{"type":"Feature","geometry":{"type":"Polygon","coordinates":[[[-81.2166805620937,41.3910585485887],[-81.2168457960665,41.3899882158395],[-81.2176937471129,41.3900685259523],[-81.2175347100561,41.3910606804216],[-81.216774773346,41.3910625031144],[-81.2167275903769,41.3910615707749],[-81.2166805620937,41.3910585485887]]]},"properties":{"source_county":"Geauga","jurisdiction":"Auburn Township","parcel_id":"01-117778","owner_name":"HOFER PAMELA S","property_address":"11789 DERBYSHIRE LN","property_city":"AUBURN TOWNSHIP","property_zip":"44023"}},{"type":"Feature","geometry":{"type":"Polygon","coordinates":[[[-81.2175347100561,41.3910606804216],[-81.2176937471129,41.3900685259523],[-81.2181550048747,41.3901122090287],[-81.2182634844462,41.3901224826926],[-81.2187974845415,41.3910576403567],[-81.2175347100561,41.3910606804216]]]},"properties":{"source_county":"Geauga","jurisdiction":"Auburn Township","parcel_id":"01-117779","owner_name":"LUKAS JAMIE & LISA","property_address":"11779 DERBYSHIRE LN","property_city":"AUBURN TOWNSHIP","property_zip":"44023"}},{"type":"Feature","geometry":{"type":"Polygon","coordinates":[[[-81.2181550048747,41.3901122090287],[-81.2182459532561,41.3895675683456],[-81.219491047461,41.3902757827492],[-81.2194699663466,41.3903318054261],[-81.2194545786487,41.3903888693485],[-81.2194449727318,41.39044664688],[-81.2194412037643,41.3905048062863],[-81.219435856875,41.3908753689248],[-81.2194348104647,41.3909478616305],[-81.2194323628877,41.3909667374841],[-81.2194256377879,41.3909850144339],[-81.2194148358716,41.3910021470073],[-81.2194002795174,41.3910176238848],[-81.2193824031557,41.3910309831608],[-81.2193617403028,41.391041826129],[-81.2193389076391,41.3910498291818],[-81.2193145866032,41.3910547534685],[-81.219289503055,41.3910564520242],[-81.2187974845415,41.3910576403567],[-81.2182634844462,41.3901224826926],[-81.2181550048747,41.3901122090287]]]},"properties":{"source_county":"Geauga","jurisdiction":"Auburn Township","parcel_id":"01-117780","owner_name":"ZAHURANEC ANDREW & JACQUELINE TRUSTEES","property_address":"11755 DERBYSHIRE LN","property_city":"AUBURN TOWNSHIP","property_zip":"44023"}},{"type":"Feature","geometry":{"type":"Polygon","coordinates":[[[-81.2137901574137,41.3863907479197],[-81.2137905981566,41.3863416813825],[-81.2147543783903,41.3863598533923],[-81.2147541064317,41.3867079953264],[-81.2138473924098,41.3867056403508],[-81.2138239508793,41.3872786856198],[-81.2137821723796,41.3872785926023],[-81.2137901574137,41.3863907479197]]]},"properties":{"source_county":"Geauga","jurisdiction":"Auburn Township","parcel_id":"01-118051","owner_name":"GIEL JACOB","property_address":" WASHINGTON ST","property_city":"AUBURN TOWNSHIP","property_zip":"44023"}},{"type":"Feature","geometry":{"type":"Polygon","coordinates":[[[-81.2183838946895,41.3887415054521],[-81.218996145202,41.3887441301336],[-81.2198699917265,41.3898870171216],[-81.2197967327424,41.38993018998],[-81.2197289987361,41.3899782074328],[-81.2196673525873,41.3900306704563],[-81.2196123065896,41.3900871430839],[-81.2195643181929,41.3901471560276],[-81.2195237862018,41.3902102105781],[-81.219491047461,41.3902757827492],[-81.2182459532561,41.3895675683456],[-81.2183838946895,41.3887415054521]]]},"properties":{"source_county":"Geauga","jurisdiction":"Auburn Township","parcel_id":"01-118123","owner_name":"BROWN LARRY T & JODI","property_address":"11735 LANCASTER DR","property_city":"AUBURN TOWNSHIP","property_zip":"44023"}},{"type":"Feature","geometry":{"type":"Polygon","coordinates":[[[-81.2199511178209,41.388748217978],[-81.2202671124306,41.3887495690075],[-81.2204713732731,41.3897447275968],[-81.220379911896,41.3897471585592],[-81.2202891075347,41.3897557506539],[-81.2201996905241,41.3897704347751],[-81.2201123800421,41.3897910928191],[-81.2200278783254,41.389817558634],[-81.2199468650224,41.3898496193562],[-81.2198699917265,41.3898870171216],[-81.218996145202,41.3887441301336],[-81.2199511178209,41.388748217978]]]},"properties":{"source_county":"Geauga","jurisdiction":"Auburn Township","parcel_id":"01-118124","owner_name":"BLAZEY MATTHEW R & HOLLI C","property_address":"11715 LANCASTER DR","property_city":"AUBURN TOWNSHIP","property_zip":"44023"}},{"type":"Feature","geometry":{"type":"Polygon","coordinates":[[[-81.2211631934108,41.3887533958637],[-81.2212705480877,41.3887538537322],[-81.2212562571339,41.3897503822283],[-81.2204713732731,41.3897447275968],[-81.2202671124306,41.3887495690075],[-81.2205681811269,41.3887508560279],[-81.2211631934108,41.3887533958637]]]},"properties":{"source_county":"Geauga","jurisdiction":"Auburn Township","parcel_id":"01-118125","owner_name":"SMITH MATTHEW J & GILLIAN H","property_address":"11685 LANCASTER DR","property_city":"AUBURN TOWNSHIP","property_zip":"44023"}},{"type":"Feature","geometry":{"type":"Polygon","coordinates":[[[-81.2217571786299,41.3887559285093],[-81.2221451926888,41.3887575812645],[-81.2221308782107,41.3897566769006],[-81.2212562571339,41.3897503822283],[-81.2212705480877,41.3887538537322],[-81.2217571786299,41.3887559285093]]]},"properties":{"source_county":"Geauga","jurisdiction":"Auburn Township","parcel_id":"01-118126","owner_name":"STEPHENS DENNISON C","property_address":"11665 LANCASTER DR","property_city":"AUBURN TOWNSHIP","property_zip":"44023"}},{"type":"Feature","geometry":{"type":"Polygon","coordinates":[[[-81.222946280346,41.3887609890301],[-81.2230198374066,41.3887613012907],[-81.2230054994549,41.3897629649677],[-81.2221308782107,41.3897566769006],[-81.2221451926888,41.3887575812645],[-81.2223521922011,41.3887584622494],[-81.222946280346,41.3887609890301]]]},"properties":{"source_county":"Geauga","jurisdiction":"Auburn Township","parcel_id":"01-118127","owner_name":"MEYERS CHARLES E & JESSICA A","property_address":"11645 LANCASTER DR","property_city":"AUBURN TOWNSHIP","property_zip":"44023"}},{"type":"Feature","geometry":{"type":"Polygon","coordinates":[[[-81.2235382832309,41.3887635041859],[-81.223905487389,41.3887619255604],[-81.223891081376,41.3897693257857],[-81.2230054994549,41.3897629649677],[-81.2230198374066,41.3887613012907],[-81.2235382832309,41.3887635041859]]]},"properties":{"source_county":"Geauga","jurisdiction":"Auburn Township","parcel_id":"01-118128","owner_name":"BUNTON TED S & ELIZABETH M","property_address":"11625 LANCASTER DR","property_city":"AUBURN TOWNSHIP","property_zip":"44023"}},{"type":"Feature","geometry":{"type":"Polygon","coordinates":[[[-81.2247224162313,41.388758408354],[-81.2247729895609,41.3887581908229],[-81.2247584537289,41.3897755486472],[-81.223891081376,41.3897693257857],[-81.223905487389,41.3887619255604],[-81.224130858017,41.3887609552785],[-81.2247224162313,41.388758408354]]]},"properties":{"source_county":"Geauga","jurisdiction":"Auburn Township","parcel_id":"01-118129","owner_name":"SPEHN WILLIAM G & LINDA A","property_address":"11605 LANCASTER DR","property_city":"AUBURN TOWNSHIP","property_zip":"44023"}},{"type":"Feature","geometry":{"type":"Polygon","coordinates":[[[-81.2239320338214,41.3899343002374],[-81.2247702236505,41.3899403139812],[-81.2247552129869,41.3910106224586],[-81.2239170071087,41.3910046085815],[-81.2239320338214,41.3899343002374]]]},"properties":{"source_county":"Geauga","jurisdiction":"Auburn Township","parcel_id":"01-118138","owner_name":"DEMKO BENJAMIN & SARAH","property_address":"11600 LANCASTER DR","property_city":"AUBURN TOWNSHIP","property_zip":"44023"}},{"type":"Feature","geometry":{"type":"Polygon","coordinates":[[[-81.2230938417548,41.3899282804008],[-81.2239320338214,41.3899343002374],[-81.2239170071087,41.3910046085815],[-81.2230788025621,41.3909985895514],[-81.2230938417548,41.3899282804008]]]},"properties":{"source_county":"Geauga","jurisdiction":"Auburn Township","parcel_id":"01-118139","owner_name":"CZAJKA TIMOTHY K & AMANDA M","property_address":"11620 LANCASTER DR","property_city":"AUBURN TOWNSHIP","property_zip":"44023"}},{"type":"Feature","geometry":{"type":"Polygon","coordinates":[[[-81.2222556522156,41.3899222554245],[-81.2230938417548,41.3899282804008],[-81.2230788025621,41.3909985895514],[-81.2222405981868,41.3909925635545],[-81.2222556522156,41.3899222554245]]]},"properties":{"source_county":"Geauga","jurisdiction":"Auburn Township","parcel_id":"01-118140","owner_name":"KIMBROUGH JOHN & RUBIE CAROLEEN DKHAR","property_address":"11640 LANCASTER DR","property_city":"AUBURN TOWNSHIP","property_zip":"44023"}},{"type":"Feature","geometry":{"type":"Polygon","coordinates":[[[-81.2214174616521,41.3899162234682],[-81.2222556522156,41.3899222554245],[-81.2222405981868,41.3909925635545],[-81.2214023927522,41.3909865323781],[-81.2214174616521,41.3899162234682]]]},"properties":{"source_county":"Geauga","jurisdiction":"Auburn Township","parcel_id":"01-118141","owner_name":"MC CALL MICHAEL T & MARGARET A","property_address":"11660 LANCASTER DR","property_city":"AUBURN TOWNSHIP","property_zip":"44023"}},{"type":"Feature","geometry":{"type":"Polygon","coordinates":[[[-81.2205810922073,41.3899101992601],[-81.2214174616521,41.3899162234682],[-81.2214023927522,41.3909865323781],[-81.2205660108922,41.3909805071757],[-81.2205810922073,41.3899101992601]]]},"properties":{"source_county":"Geauga","jurisdiction":"Auburn Township","parcel_id":"01-118142","owner_name":"GOGLIN MARGARET E & ERIC A","property_address":"11680 LANCASTER DR","property_city":"AUBURN TOWNSHIP","property_zip":"44023"}},{"type":"Feature","geometry":{"type":"Polygon","coordinates":[[[-81.2204692808073,41.3899093934518],[-81.2205810922073,41.3899101992601],[-81.2205660108922,41.3909805071757],[-81.2196530978261,41.3909739252043],[-81.2196544928792,41.3908771577965],[-81.2196598559393,41.390505457058],[-81.2196652988398,41.390442516461],[-81.2196794308617,41.3903803468572],[-81.219702097771,41.3903196266456],[-81.2197330522023,41.3902610184076],[-81.2197719563589,41.390205161677],[-81.2198183856998,41.3901526659613],[-81.2198718335726,41.3901041040918],[-81.2199317167433,41.3900600059721],[-81.21999738176,41.3900208527969],[-81.220068112084,41.3899870718014],[-81.2201431359081,41.3899590315994],[-81.2202216345786,41.3899370381616],[-81.2203027515277,41.3899213314769],[-81.2203856016193,41.3899120829342],[-81.2204692808073,41.3899093934518]]]},"properties":{"source_county":"Geauga","jurisdiction":"Auburn Township","parcel_id":"01-118143","owner_name":"DIEHL JAMES J & DARLENE M DIELHL TRUSTEES","property_address":"11700 LANCASTER DR","property_city":"AUBURN TOWNSHIP","property_zip":"44023"}},{"type":"Feature","geometry":{"type":"Polygon","coordinates":[[[-81.2179017051794,41.3887394359493],[-81.2179163294972,41.3872877529535],[-81.2185497144694,41.3872879494367],[-81.2185463899163,41.3876287755147],[-81.2189884480189,41.3876297446916],[-81.2189917793665,41.3872880848006],[-81.2196344662018,41.3872882782909],[-81.2196384715319,41.3876537566374],[-81.2199391289915,41.3876544131254],[-81.2199511178209,41.388748217978],[-81.218996145202,41.3887441301336],[-81.2183838946895,41.3887415054521],[-81.2179017051794,41.3887394359493]]]},"properties":{"source_county":"Geauga","jurisdiction":"Auburn Township","parcel_id":"01-118377","owner_name":"BURTON INSURANCE AGENCY INC","property_address":" WASHINGTON ST","property_city":"AUBURN TOWNSHIP","property_zip":"44023"}},{"type":"Feature","geometry":{"type":"Polygon","coordinates":[[[-81.2235567979837,41.3872893836608],[-81.2241488130763,41.3872895392635],[-81.224130858017,41.3887609552785],[-81.223905487389,41.3887619255604],[-81.2235382832309,41.3887635041859],[-81.2235567979837,41.3872893836608]]]},"properties":{"source_county":"Geauga","jurisdiction":"Auburn Township","parcel_id":"01-118519","owner_name":"DENT YONKERS GAY & YONKERS MARK TRUSTEES","property_address":"11610 WASHINGTON ST","property_city":"AUBURN TOWNSHIP","property_zip":"44023"}},{"type":"Feature","geometry":{"type":"Polygon","coordinates":[[[-81.2161635502528,41.3964655629841],[-81.2167868931505,41.3964688789372],[-81.2169138052834,41.3965661293973],[-81.2170974931854,41.3967068859969],[-81.2170952120666,41.3969507338676],[-81.2147388803184,41.3969382067742],[-81.214702075233,41.396938010854],[-81.214782232522,41.3964582051279],[-81.2148190433172,41.396458401089],[-81.2161635502528,41.3964655629841]]]},"properties":{"source_county":"Geauga","jurisdiction":"Auburn Township","parcel_id":"01-118592","owner_name":"PIUNNO JOSEPH A JR TOD","property_address":" RAVENNA RD","property_city":"AUBURN TOWNSHIP","property_zip":"44023"}},{"type":"Feature","geometry":{"type":"Polygon","coordinates":[[[-81.2151504805399,41.3944741257841],[-81.2172330109564,41.394489363953],[-81.2172342308292,41.3950383480782],[-81.2152549289176,41.3950238302622],[-81.2152365955948,41.3950225253783],[-81.2152188130803,41.3950189222446],[-81.2152020857523,41.3950131230594],[-81.21518688806,41.3950052923092],[-81.2151736510656,41.394995652103],[-81.2151627502184,41.394984475873],[-81.2151544947054,41.3949720806181],[-81.2151491186817,41.3949588179133],[-81.2151467746293,41.3949450639376],[-81.2151475290322,41.3949312088036],[-81.2150753113661,41.3949243685619],[-81.2150390420229,41.3949209313341],[-81.2151137261221,41.3944738557966],[-81.2151504805399,41.3944741257841]]]},"properties":{"source_county":"Geauga","jurisdiction":"Auburn Township","parcel_id":"01-118710","owner_name":"NOSEK FRANK AKA FRANK J & LAURA AKA LAURA J","property_address":"11805 ASCOT LN","property_city":"AUBURN TOWNSHIP","property_zip":"44023"}},{"type":"Feature","geometry":{"type":"Polygon","coordinates":[[[-81.217814780873,41.3932661385487],[-81.2178671880932,41.393266562069],[-81.2178712622198,41.395015911354],[-81.2174126305536,41.395036548871],[-81.2172937824102,41.3950387843344],[-81.2172342308292,41.3950383480782],[-81.2172330109564,41.394489363953],[-81.2172301670373,41.3932619104723],[-81.217814780873,41.3932661385487]]]},"properties":{"source_county":"Geauga","jurisdiction":"Auburn Township","parcel_id":"01-118711","owner_name":"BENTON ALENA R & MELVIN","property_address":"11795 ASCOT LN","property_city":"AUBURN TOWNSHIP","property_zip":"44023"}},{"type":"Feature","geometry":{"type":"Polygon","coordinates":[[[-81.2178671880932,41.393266562069],[-81.2185050395983,41.3932711274954],[-81.2185090240653,41.3949872105605],[-81.2178712622198,41.395015911354],[-81.2178671880932,41.393266562069]]]},"properties":{"source_county":"Geauga","jurisdiction":"Auburn Township","parcel_id":"01-118712","owner_name":"KOTERBA STANLEY M III & KRISTIN A","property_address":"11785 ASCOT LN","property_city":"AUBURN TOWNSHIP","property_zip":"44023"}},{"type":"Feature","geometry":{"type":"Polygon","coordinates":[[[-81.2189638601254,41.3932744854485],[-81.2191428616367,41.3932757332084],[-81.2191467888338,41.3949605964444],[-81.2188277153386,41.3949713062516],[-81.2185090240653,41.3949872105605],[-81.2185050395983,41.3932711274954],[-81.2189638601254,41.3932744854485]]]},"properties":{"source_county":"Geauga","jurisdiction":"Auburn Township","parcel_id":"01-118713","owner_name":"DUMMERMUTH MARTIN E & VICTORIA R","property_address":"11775 ASCOT LN","property_city":"AUBURN TOWNSHIP","property_zip":"44023"}},{"type":"Feature","geometry":{"type":"Polygon","coordinates":[[[-81.2191467888338,41.3949605964444],[-81.2191428616367,41.3932757332084],[-81.220057237897,41.3932823305133],[-81.2201353454787,41.3932828938618],[-81.2197902232437,41.3949919938786],[-81.2196301858531,41.3949763372509],[-81.2194694027926,41.3949658741859],[-81.2193081711481,41.3949606240168],[-81.2191467888338,41.3949605964444]]]},"properties":{"source_county":"Geauga","jurisdiction":"Auburn Township","parcel_id":"01-118714","owner_name":"POUDEVIGNE LIONEL","property_address":"11765 ASCOT LN","property_city":"AUBURN TOWNSHIP","property_zip":"44023"}},{"type":"Feature","geometry":{"type":"Polygon","coordinates":[[[-81.2211141114599,41.3932899908801],[-81.2212098355067,41.3932906805006],[-81.2204097251177,41.395104000701],[-81.2202573598242,41.3950685900797],[-81.2201031351216,41.395038083537],[-81.2199473292358,41.3950125361074],[-81.2197902232437,41.3949919938786],[-81.2201353454787,41.3932828938618],[-81.2211141114599,41.3932899908801]]]},"properties":{"source_county":"Geauga","jurisdiction":"Auburn Township","parcel_id":"01-118715","owner_name":"SIVIK MICHAEL C & SARAH G TRUSTEES","property_address":"11755 ASCOT LN","property_city":"AUBURN TOWNSHIP","property_zip":"44023"}},{"type":"Feature","geometry":{"type":"Polygon","coordinates":[[[-81.2212098355067,41.3932906805006],[-81.2219142890743,41.3932957509308],[-81.220995756191,41.3952935158353],[-81.2208533958229,41.3952391400168],[-81.2207080945932,41.3951893703207],[-81.2205601151841,41.3951442967207],[-81.2204097251177,41.395104000701],[-81.2212098355067,41.3932906805006]]]},"properties":{"source_county":"Geauga","jurisdiction":"Auburn Township","parcel_id":"01-118716","owner_name":"PINETTE JOHN JOSEPH & LYNN A","property_address":"11745 ASCOT LN","property_city":"AUBURN TOWNSHIP","property_zip":"44023"}},{"type":"Feature","geometry":{"type":"Polygon","coordinates":[[[-81.2219523462666,41.393296024139],[-81.22221200629,41.393297892495],[-81.2228316479696,41.393769560596],[-81.2215828479861,41.3955297082751],[-81.220995756191,41.3952935158353],[-81.2219142890743,41.3932957509308],[-81.2219523462666,41.393296024139]]]},"properties":{"source_county":"Geauga","jurisdiction":"Auburn Township","parcel_id":"01-118717","owner_name":"PADULA CRAIG W TOD & HOLLIE C TOD","property_address":"11735 ASCOT LN","property_city":"AUBURN TOWNSHIP","property_zip":"44023"}},{"type":"Feature","geometry":{"type":"Polygon","coordinates":[[[-81.2215828479861,41.3955297082751],[-81.2228316479696,41.393769560596],[-81.2229551149365,41.3938635425448],[-81.2233011875516,41.3941269663544],[-81.2221454043566,41.3957560254238],[-81.2215828479861,41.3955297082751]]]},"properties":{"source_county":"Geauga","jurisdiction":"Auburn Township","parcel_id":"01-118718","owner_name":"OLP RICHARD S & ELIZABETH M TRUSTEES","property_address":"11725 ASCOT LN","property_city":"AUBURN TOWNSHIP","property_zip":"44023"}},{"type":"Feature","geometry":{"type":"Polygon","coordinates":[[[-81.2221454043566,41.3957560254238],[-81.2233011875516,41.3941269663544],[-81.2237707581809,41.3944843893713],[-81.2227079954468,41.3959823527737],[-81.2221454043566,41.3957560254238]]]},"properties":{"source_county":"Geauga","jurisdiction":"Auburn Township","parcel_id":"01-118719","owner_name":"JACOBS NICHOLAS A TOD & KRISTIN A TOD","property_address":"11715 ASCOT LN","property_city":"AUBURN TOWNSHIP","property_zip":"44023"}},{"type":"Feature","geometry":{"type":"Polygon","coordinates":[[[-81.2227079954468,41.3959823527737],[-81.2237707581809,41.3944843893713],[-81.2237993019274,41.3945061151179],[-81.2242403350995,41.3948418113629],[-81.2232572267691,41.396227514301],[-81.2231889685306,41.3961866272589],[-81.2231169552547,41.396149572041],[-81.2230415655453,41.396116543459],[-81.2227079954468,41.3959823527737]]]},"properties":{"source_county":"Geauga","jurisdiction":"Auburn Township","parcel_id":"01-118720","owner_name":"SUSKOWICZ TIMOTHY J & KAREN J","property_address":"11705 ASCOT LN","property_city":"AUBURN TOWNSHIP","property_zip":"44023"}},{"type":"Feature","geometry":{"type":"Polygon","coordinates":[[[-81.2232572267691,41.396227514301],[-81.2242403350995,41.3948418113629],[-81.2245945789908,41.3951113862603],[-81.2246711893649,41.3951600890175],[-81.2246915463977,41.3952251096083],[-81.2237241958074,41.3965886114704],[-81.2236628439985,41.3965456349991],[-81.2236043563581,41.3965004510124],[-81.2233564131977,41.3962992828181],[-81.2233081836107,41.3962623299791],[-81.2232572267691,41.396227514301]]]},"properties":{"source_county":"Geauga","jurisdiction":"Auburn Township","parcel_id":"01-118721","owner_name":"WEIHER HELMUT TOD & SUSAN TOD","property_address":"11695 ASCOT LN","property_city":"AUBURN TOWNSHIP","property_zip":"44023"}},{"type":"Feature","geometry":{"type":"Polygon","coordinates":[[[-81.2237241958074,41.3965886114704],[-81.2246915463977,41.3952251096083],[-81.224912966469,41.3959323131851],[-81.2243678726241,41.3968585167874],[-81.2242507169325,41.3968285474607],[-81.2241367397703,41.3967922885993],[-81.2240265357674,41.3967499293707],[-81.2239206798652,41.3967016907687],[-81.2238197243172,41.3966478244597],[-81.2237241958074,41.3965886114704]]]},"properties":{"source_county":"Geauga","jurisdiction":"Auburn Township","parcel_id":"01-118722","owner_name":"WILLIAMS BARBARA L TRUSTEE","property_address":"11685 ASCOT LN","property_city":"AUBURN TOWNSHIP","property_zip":"44023"}},{"type":"Feature","geometry":{"type":"Polygon","coordinates":[[[-81.2237993019274,41.3945061151179],[-81.2250896905717,41.3941109526772],[-81.2251696092885,41.3941425102755],[-81.2252524452033,41.3941694668971],[-81.2253377319947,41.3941916707899],[-81.2254249895423,41.394208996957],[-81.2255137266304,41.3942213478606],[-81.2256034437129,41.3942286539713],[-81.2257016040495,41.3942338990816],[-81.2245945789908,41.3951113862603],[-81.2242403350995,41.3948418113629],[-81.2237993019274,41.3945061151179]]]},"properties":{"source_county":"Geauga","jurisdiction":"Auburn Township","parcel_id":"01-118728","owner_name":"BAILEY MARTY D & REBECCA L","property_address":"11565 ASCOT LN","property_city":"AUBURN TOWNSHIP","property_zip":"44023"}},{"type":"Feature","geometry":{"type":"Polygon","coordinates":[[[-81.2229551149365,41.3938635425448],[-81.2246440546188,41.3937752170103],[-81.2247008807849,41.3938428381577],[-81.2247654116618,41.3939064181836],[-81.2248371434979,41.3939654607377],[-81.224915516321,41.3940195048916],[-81.2249999183102,41.3940681287363],[-81.2250896905717,41.3941109526772],[-81.2237993019274,41.3945061151179],[-81.2237707581809,41.3944843893713],[-81.2233011875516,41.3941269663544],[-81.2229551149365,41.3938635425448]]]},"properties":{"source_county":"Geauga","jurisdiction":"Auburn Township","parcel_id":"01-118729","owner_name":"COLWELL MARK D & DAWN C","property_address":"11555 ASCOT LN","property_city":"AUBURN TOWNSHIP","property_zip":"44023"}},{"type":"Feature","geometry":{"type":"Polygon","coordinates":[[[-81.2236288139328,41.3933080733306],[-81.2244850303435,41.3933142179917],[-81.2244884868375,41.3933944769766],[-81.2245013700585,41.3934741899648],[-81.2245235787679,41.3935527303474],[-81.2245549384195,41.3936294807304],[-81.2245952025307,41.3937038377892],[-81.2246440546188,41.3937752170103],[-81.2229551149365,41.3938635425448],[-81.2228316479696,41.393769560596],[-81.22221200629,41.393297892495],[-81.222790580014,41.3933020522183],[-81.2236288139328,41.3933080733306]]]},"properties":{"source_county":"Geauga","jurisdiction":"Auburn Township","parcel_id":"01-118730","owner_name":"WANG CHAN Q & BECKER HOWARD E","property_address":"11545 ASCOT LN","property_city":"AUBURN TOWNSHIP","property_zip":"44023"}},{"type":"Feature","geometry":{"type":"Polygon","coordinates":[[[-81.2237809292932,41.3979287415778],[-81.2242321715523,41.3969985992068],[-81.2243540888737,41.3970267944484],[-81.2244782113424,41.3970488705254],[-81.2246039979054,41.3970647312075],[-81.2247309002549,41.3970743073574],[-81.2248583652181,41.3970775572322],[-81.2248324082305,41.3980957307744],[-81.2237051387768,41.3980849646661],[-81.2237809292932,41.3979287415778]]]},"properties":{"source_county":"Geauga","jurisdiction":"Auburn Township","parcel_id":"01-118741","owner_name":"CZERNICKI PHILIP J & THERESA M","property_address":"11670 ASCOT LN","property_city":"AUBURN TOWNSHIP","property_zip":"44023"}},{"type":"Feature","geometry":{"type":"Polygon","coordinates":[[[-81.2228666152305,41.3975609387524],[-81.2235953337997,41.3967225259994],[-81.223690989698,41.3967809921159],[-81.2237914006464,41.3968347478483],[-81.223896158215,41.3968835745349],[-81.2240048362901,41.3969272735634],[-81.2241169928078,41.3969656671788],[-81.2242321715523,41.3969985992068],[-81.2237809292932,41.3979287415778],[-81.2228666152305,41.3975609387524]]]},"properties":{"source_county":"Geauga","jurisdiction":"Auburn Township","parcel_id":"01-118742","owner_name":"MIGHTON ARTHUR R & PAMELA J","property_address":"11680 ASCOT LN","property_city":"AUBURN TOWNSHIP","property_zip":"44023"}},{"type":"Feature","geometry":{"type":"Polygon","coordinates":[[[-81.2230433718219,41.3963105591046],[-81.2230973226533,41.3963414700189],[-81.2231483191544,41.3963751046133],[-81.223196119294,41.3964113032601],[-81.2234440624039,41.396612470891],[-81.2235177072447,41.3966690499868],[-81.2235953337997,41.3967225259994],[-81.2228666152305,41.3975609387524],[-81.2222054705453,41.3972949713054],[-81.2228858896597,41.3963359621464],[-81.2228963188469,41.396324838719],[-81.2229090399595,41.3963151616354],[-81.2229237051024,41.3963071955425],[-81.2229399132162,41.396301158295],[-81.2229572210453,41.396297214998],[-81.2229751552594,41.3962954734919],[-81.2229932253982,41.3962959814028],[-81.2230109372843,41.3962987248406],[-81.2230278065376,41.3963036287784],[-81.2230433718219,41.3963105591046]]]},"properties":{"source_county":"Geauga","jurisdiction":"Auburn Township","parcel_id":"01-118743","owner_name":"BIANCHI BRIAN W & SARAH E","property_address":"11690 ASCOT LN","property_city":"AUBURN TOWNSHIP","property_zip":"44023"}},{"type":"Feature","geometry":{"type":"Polygon","coordinates":[[[-81.222037226574,41.397532095241],[-81.2222054705453,41.3972949713054],[-81.2228666152305,41.3975609387524],[-81.2237809292932,41.3979287415778],[-81.2237051387768,41.3980849646661],[-81.2219183278676,41.3980719155581],[-81.2219211723412,41.3978732936928],[-81.2219267180991,41.3978023209404],[-81.2219412710274,41.3977320750165],[-81.2219646971391,41.3976632025294],[-81.2219967807717,41.3975963374429],[-81.222037226574,41.397532095241]]]},"properties":{"source_county":"Geauga","jurisdiction":"Auburn Township","parcel_id":"01-118744","owner_name":"HAMMERLE WALTER C & CATHERINE S","property_address":"17350 BELMONT LN","property_city":"AUBURN TOWNSHIP","property_zip":"44023"}},{"type":"Feature","geometry":{"type":"Polygon","coordinates":[[[-81.220501447165,41.3980616754131],[-81.220512768893,41.3972721725946],[-81.2218424097914,41.3974557176645],[-81.2218005162427,41.3975209072294],[-81.2217656735749,41.397588408733],[-81.2217381045793,41.3976577905992],[-81.2217179855442,41.3977286092285],[-81.2217054451271,41.3978004118336],[-81.2217005635319,41.3978727393349],[-81.2216977171155,41.3980714881566],[-81.220501447165,41.3980616754131]]]},"properties":{"source_county":"Geauga","jurisdiction":"Auburn Township","parcel_id":"01-118745","owner_name":"SLEZAK GREGORY J & KIMBERLY A","property_address":"17345 BELMONT LN","property_city":"AUBURN TOWNSHIP","property_zip":"44023"}},{"type":"Feature","geometry":{"type":"Polygon","coordinates":[[[-81.220512768893,41.3972721725946],[-81.2205206144609,41.3967250237318],[-81.2212550735911,41.396802035546],[-81.2222334273487,41.39690461373],[-81.2218424097914,41.3974557176645],[-81.220512768893,41.3972721725946]]]},"properties":{"source_county":"Geauga","jurisdiction":"Auburn Township","parcel_id":"01-118746","owner_name":"TIEN ALBERT & KO SUZ CHUNG","property_address":"17375 BELMONT LN","property_city":"AUBURN TOWNSHIP","property_zip":"44023"}},{"type":"Feature","geometry":{"type":"Polygon","coordinates":[[[-81.2212550735911,41.396802035546],[-81.2219269574492,41.3958548462729],[-81.2226482257698,41.3961450088855],[-81.2226628938627,41.3961520688198],[-81.2226758880821,41.3961607921832],[-81.2226868790524,41.396170957858],[-81.2226955881759,41.3961823081666],[-81.2227017946942,41.3961945554035],[-81.2227053412841,41.3962073891281],[-81.2227061380457,41.3962204840332],[-81.2227041647811,41.3962335081912],[-81.2226994715068,41.3962461314673],[-81.2226921771857,41.3962580338885],[-81.2222334273487,41.39690461373],[-81.2212550735911,41.396802035546]]]},"properties":{"source_county":"Geauga","jurisdiction":"Auburn Township","parcel_id":"01-118747","owner_name":"DOAK WILLIAM P & KAREN","property_address":"17395 BELMONT LN","property_city":"AUBURN TOWNSHIP","property_zip":"44023"}},{"type":"Feature","geometry":{"type":"Polygon","coordinates":[[[-81.2205206144609,41.3967250237318],[-81.221231800098,41.3955751812933],[-81.2219269574492,41.3958548462729],[-81.2212550735911,41.396802035546],[-81.2205206144609,41.3967250237318]]]},"properties":{"source_county":"Geauga","jurisdiction":"Auburn Township","parcel_id":"01-118748","owner_name":"SKARAMAGAS JOHN N & THOMAI T","property_address":"11720 ASCOT LN","property_city":"AUBURN TOWNSHIP","property_zip":"44023"}},{"type":"Feature","geometry":{"type":"Polygon","coordinates":[[[-81.2198204912608,41.3967213222957],[-81.2206655321869,41.3953550863941],[-81.2207801114236,41.3953953925867],[-81.2208927032456,41.395438758469],[-81.221231800098,41.3955751812933],[-81.2205206144609,41.3967250237318],[-81.2198204912608,41.3967213222957]]]},"properties":{"source_county":"Geauga","jurisdiction":"Auburn Township","parcel_id":"01-118749","owner_name":"MARTINO MICHELE L TRUSTEE","property_address":"11730 ASCOT LN","property_city":"AUBURN TOWNSHIP","property_zip":"44023"}},{"type":"Feature","geometry":{"type":"Polygon","coordinates":[[[-81.2193059738548,41.3967185993682],[-81.2200627127274,41.3952001412457],[-81.2202167459394,41.3952311569699],[-81.2203687655731,41.3952673705704],[-81.2205184624683,41.3953087084011],[-81.2206655321869,41.3953550863941],[-81.2198204912608,41.3967213222957],[-81.2193059738548,41.3967185993682]]]},"properties":{"source_county":"Geauga","jurisdiction":"Auburn Township","parcel_id":"01-118750","owner_name":"EBERLY ZACHARY H TOD & RICCELLI GINA TOD","property_address":"11740 ASCOT LN","property_city":"AUBURN TOWNSHIP","property_zip":"44023"}},{"type":"Feature","geometry":{"type":"Polygon","coordinates":[[[-81.2188478848698,41.3967161732839],[-81.2194327571084,41.3951291581078],[-81.2195916807518,41.3951388589312],[-81.2197498619995,41.3951539453306],[-81.2199069791656,41.3951743866257],[-81.2200627127274,41.3952001412457],[-81.2193059738548,41.3967185993682],[-81.2188478848698,41.3967161732839]]]},"properties":{"source_county":"Geauga","jurisdiction":"Auburn Township","parcel_id":"01-118751","owner_name":"SULZMANN MICHAEL J TOD","property_address":"11750 ASCOT LN","property_city":"AUBURN TOWNSHIP","property_zip":"44023"}},{"type":"Feature","geometry":{"type":"Polygon","coordinates":[[[-81.2194327571084,41.3951291581078],[-81.2188478848698,41.3967161732839],[-81.2183807650787,41.396713697684],[-81.2187950490336,41.3951393044824],[-81.2190156738755,41.3951293742748],[-81.2191546619699,41.3951251820593],[-81.2192937614823,41.3951251099665],[-81.2194327571084,41.3951291581078]]]},"properties":{"source_county":"Geauga","jurisdiction":"Auburn Township","parcel_id":"01-118752","owner_name":"PROFUSZ STEVE N & MICHELLE","property_address":"11760 ASCOT LN","property_city":"AUBURN TOWNSHIP","property_zip":"44023"}},{"type":"Feature","geometry":{"type":"Polygon","coordinates":[[[-81.2181583511315,41.3951679592051],[-81.2187950490336,41.3951393044824],[-81.2183807650787,41.396713697684],[-81.2178884864757,41.396711085774],[-81.2181583511315,41.3951679592051]]]},"properties":{"source_county":"Geauga","jurisdiction":"Auburn Township","parcel_id":"01-118753","owner_name":"TALLION TIMOTHY B & SARI","property_address":"11770 ASCOT LN","property_city":"AUBURN TOWNSHIP","property_zip":"44023"}},{"type":"Feature","geometry":{"type":"Polygon","coordinates":[[[-81.2174256749506,41.3952009282822],[-81.2181583511315,41.3951679592051],[-81.2178884864757,41.396711085774],[-81.2174712336566,41.3967088712631],[-81.2174256749506,41.3952009282822]]]},"properties":{"source_county":"Geauga","jurisdiction":"Auburn Township","parcel_id":"01-118754","owner_name":"HIVICK BRIAN M & RICCA F RACADIO","property_address":"11780 ASCOT LN","property_city":"AUBURN TOWNSHIP","property_zip":"44023"}},{"type":"Feature","geometry":{"type":"Polygon","coordinates":[[[-81.2173583089378,41.3952030720469],[-81.2174256749506,41.3952009282822],[-81.2174712336566,41.3967088712631],[-81.2170974931854,41.3967068859969],[-81.2169138052834,41.3965661293973],[-81.216787826824,41.3951997575945],[-81.217291655504,41.3952034496024],[-81.2173583089378,41.3952030720469]]]},"properties":{"source_county":"Geauga","jurisdiction":"Auburn Township","parcel_id":"01-118755","owner_name":"MYERS MATTHEW L & PAIGE E","property_address":"11790 ASCOT LN","property_city":"AUBURN TOWNSHIP","property_zip":"44023"}},{"type":"Feature","geometry":{"type":"Polygon","coordinates":[[[-81.2169138052834,41.3965661293973],[-81.2167868931505,41.3964688789372],[-81.2161635502528,41.3964655629841],[-81.2161500220833,41.3951950807765],[-81.216787826824,41.3951997575945],[-81.2169138052834,41.3965661293973]]]},"properties":{"source_county":"Geauga","jurisdiction":"Auburn Township","parcel_id":"01-118756","owner_name":"KOSIOREK CHRISTOPHER M & ERICA M","property_address":"11800 ASCOT LN","property_city":"AUBURN TOWNSHIP","property_zip":"44023"}},{"type":"Feature","geometry":{"type":"Polygon","coordinates":[[[-81.216255428521,41.3771927657534],[-81.2162126948881,41.3771399290177],[-81.216177363939,41.3770840758153],[-81.2161498066062,41.3770257925685],[-81.216130312202,41.3769656912113],[-81.2161190853815,41.3769044027652],[-81.2161162439946,41.3768425707137],[-81.2161218178501,41.3767808442456],[-81.2161590394014,41.3765467031051],[-81.2181452153433,41.3767423700381],[-81.2180547398664,41.3772631576786],[-81.2179464829735,41.3772524879734],[-81.2179428184067,41.3772654145667],[-81.2179364548378,41.3772777328933],[-81.2179275562704,41.3772891254798],[-81.2179163520412,41.3772992987111],[-81.21790313091,41.3773079903977],[-81.2178882336176,41.3773149765333],[-81.2178720441041,41.3773200770676],[-81.2178549796135,41.3773231605471],[-81.2178374799407,41.3773241475027],[-81.2176660796948,41.3773234262948],[-81.2175697640255,41.3773264516212],[-81.2174742573344,41.3773363103021],[-81.2173804122194,41.3773529143282],[-81.2172890664473,41.3773761154734],[-81.2172010354751,41.3774057066186],[-81.2171171051708,41.3774414235996],[-81.2170380247991,41.3774829475662],[-81.2168936571966,41.3775666571528],[-81.2168354584708,41.377597405881],[-81.216773871969,41.3776241501892],[-81.2167093820014,41.3776466797613],[-81.2166424957122,41.3776648174256],[-81.2165737390921,41.3776784205479],[-81.2165561664553,41.377680168321],[-81.2165384498175,41.3776797539573],[-81.2165210550001,41.3776771883516],[-81.216504439363,41.377672538961],[-81.2164890397786,41.3776659280313],[-81.2164752611458,41.377657529383],[-81.2164634657436,41.3776475638403],[-81.2164539637055,41.3776362934258],[-81.216447004866,41.3776240144705],[-81.216442772191,41.377611049823],[-81.2164197233587,41.3775033711422],[-81.2164016243242,41.3774373771545],[-81.2163759193639,41.3773728311568],[-81.2163428061521,41.3773102294601],[-81.2163025393246,41.3772500534234],[-81.216255428521,41.3771927657534]]]},"properties":{"source_county":"Geauga","jurisdiction":"Auburn Township","parcel_id":"01-119039","owner_name":"SMEARCHECK MATTHEW A & SAMATHA C CO TRUSTEES","property_address":"18120 SEDGE CT","property_city":"AUBURN TOWNSHIP","property_zip":"44023"}},{"type":"Feature","geometry":{"type":"Polygon","coordinates":[[[-81.2161590394014,41.3765467031051],[-81.2162676777301,41.3758633033013],[-81.2182637658954,41.3760599599987],[-81.2181452153433,41.3767423700381],[-81.2161590394014,41.3765467031051]]]},"properties":{"source_county":"Geauga","jurisdiction":"Auburn Township","parcel_id":"01-119040","owner_name":"JARVIS JEREMY J & MELISSA A","property_address":"18140 SEDGE CT","property_city":"AUBURN TOWNSHIP","property_zip":"44023"}},{"type":"Feature","geometry":{"type":"Polygon","coordinates":[[[-81.2164374350232,41.375759155352],[-81.2164943839341,41.3757601619844],[-81.2165508451709,41.3757544705245],[-81.2166054387196,41.3757422200819],[-81.2166568302169,41.3757237100795],[-81.2167037635667,41.3756993929344],[-81.216745091641,41.3756698630003],[-81.2167798043186,41.3756358420394],[-81.2168070531738,41.3755981615818],[-81.216826172213,41.3755577425995],[-81.2168366941515,41.3755155729976],[-81.2168383618332,41.3754726834667],[-81.2168311345149,41.3754301222921],[-81.2168151888597,41.3753889297312],[-81.218746164159,41.3748114487612],[-81.2185668605952,41.3751375181157],[-81.2185020970504,41.3752654885606],[-81.2184444240053,41.3753953692851],[-81.2183939404354,41.3755269374896],[-81.218350732985,41.3756599674783],[-81.2183148758181,41.3757942310467],[-81.2182864304911,41.3759294978726],[-81.2182637658954,41.3760599599987],[-81.2162676777301,41.3758633033013],[-81.2162709280233,41.3758448892892],[-81.2162782155497,41.3758271427967],[-81.2162893355945,41.3758105623344],[-81.2163039757861,41.3757956136579],[-81.2163217248703,41.3757827166846],[-81.216342084263,41.3757722336983],[-81.2163644820562,41.375764459172],[-81.2163882890826,41.3757596114966],[-81.2164128365893,41.375757826846],[-81.2164374350232,41.375759155352]]]},"properties":{"source_county":"Geauga","jurisdiction":"Auburn Township","parcel_id":"01-119041","owner_name":"ROJAS RAFAEL B & RONCANCIO FRANCY L","property_address":"18170 SEDGE CT","property_city":"AUBURN TOWNSHIP","property_zip":"44023"}},{"type":"Feature","geometry":{"type":"Polygon","coordinates":[[[-81.2154636793973,41.3755888451049],[-81.2154976479239,41.3744204350199],[-81.2170456907786,41.3744076711091],[-81.216609112323,41.375231095457],[-81.2165561114579,41.3752186429937],[-81.2165012142148,41.3752124004735],[-81.2164456951415,41.3752125128288],[-81.2163908432222,41.3752189774511],[-81.2163379319522,41.3752316442515],[-81.2162881897726,41.3752502191449],[-81.2162427715504,41.3752742708784],[-81.2162027317664,41.3753032410424],[-81.2161690000334,41.3753364570351],[-81.2161423595138,41.3753731476785],[-81.2161234287357,41.3754124611216],[-81.216112647232,41.3754534846183],[-81.2160966869191,41.3755539047272],[-81.2160928435796,41.3755677995163],[-81.2160858894049,41.375580990709],[-81.2160760310264,41.3755930863484],[-81.2160635613699,41.3756037270302],[-81.216048850952,41.3756125965819],[-81.2160323368711,41.3756194314576],[-81.2160145098192,41.3756240285685],[-81.2159958995017,41.3756262513179],[-81.2159770588981,41.3756260336601],[-81.2156477736168,41.3755965770922],[-81.2155558446152,41.3755911155642],[-81.2154636793973,41.3755888451049]]]},"properties":{"source_county":"Geauga","jurisdiction":"Auburn Township","parcel_id":"01-119043","owner_name":"TAYLOR DAVID & MERILYN","property_address":"18175 SEDGE CT","property_city":"AUBURN TOWNSHIP","property_zip":"44023"}},{"type":"Feature","geometry":{"type":"Polygon","coordinates":[[[-81.2150184321674,41.3744243811563],[-81.2154976479239,41.3744204350199],[-81.2154636793973,41.3755888451049],[-81.2153449825613,41.3755906282461],[-81.2152266341558,41.3755977022827],[-81.215109049479,41.3756100423911],[-81.2149926411498,41.3756276052684],[-81.2148778176602,41.3756503292842],[-81.2145349825983,41.3757264241539],[-81.2144536935118,41.3757427331766],[-81.2143713805515,41.3757558078558],[-81.2144074289158,41.3744295852432],[-81.2144074335118,41.3744294114891],[-81.2150184321674,41.3744243811563]]]},"properties":{"source_county":"Geauga","jurisdiction":"Auburn Township","parcel_id":"01-119044","owner_name":"BRUMBERGS PETER A & JACQUELYN M","property_address":"11845 LADUE TRL","property_city":"AUBURN TOWNSHIP","property_zip":"44023"}},{"type":"Feature","geometry":{"type":"Polygon","coordinates":[[[-81.2137946471674,41.3744344520587],[-81.2144074335118,41.3744294114891],[-81.2144074289158,41.3744295852432],[-81.2143713805515,41.3757558078558],[-81.2142665519755,41.3757676234868],[-81.2141609159391,41.3757741954968],[-81.2140549342322,41.3757754951563],[-81.2139490701562,41.3757715167837],[-81.2133655410112,41.3757349895678],[-81.2134012728087,41.3744376863193],[-81.2137946471674,41.3744344520587]]]},"properties":{"source_county":"Geauga","jurisdiction":"Auburn Township","parcel_id":"01-119045","owner_name":"RUSNAK TONI TRUSTEE","property_address":"11875 LADUE TRL","property_city":"AUBURN TOWNSHIP","property_zip":"44023"}},{"type":"Feature","geometry":{"type":"Polygon","coordinates":[[[-81.2125002015661,41.375715663802],[-81.2121665977726,41.374447829727],[-81.2134012728087,41.3744376863193],[-81.2133655410112,41.3757349895678],[-81.2128197042151,41.3757008191341],[-81.2127395028095,41.3756979902863],[-81.2126592395678,41.3756995306026],[-81.2125793334534,41.3757054320428],[-81.2125002015661,41.375715663802]]]},"properties":{"source_county":"Geauga","jurisdiction":"Auburn Township","parcel_id":"01-119046","owner_name":"AGRESTA THOMAS D JR TRUSTEE","property_address":"11895 LADUE TRL","property_city":"AUBURN TOWNSHIP","property_zip":"44023"}},{"type":"Feature","geometry":{"type":"Polygon","coordinates":[[[-81.2114633562888,41.3744536006066],[-81.2121665977726,41.374447829727],[-81.2125002015661,41.375715663802],[-81.212411901095,41.3757324422273],[-81.2123257208296,41.3757546099438],[-81.2122422394491,41.3757820181011],[-81.2121620175125,41.3758144826607],[-81.2120855936945,41.3758517856315],[-81.2120134811693,41.3758936765329],[-81.2119461641641,41.3759398740773],[-81.2118840947083,41.3759900680582],[-81.2110786049727,41.3748141953603],[-81.2114633562888,41.3744536006066]]]},"properties":{"source_county":"Geauga","jurisdiction":"Auburn Township","parcel_id":"01-119047","owner_name":"SIVIK MICHAEL C & SARAH G TRUSTEES","property_address":" LADUE TRL","property_city":"AUBURN TOWNSHIP","property_zip":"44023"}},{"type":"Feature","geometry":{"type":"Polygon","coordinates":[[[-81.210185029311,41.3756516506268],[-81.2110786049727,41.3748141953603],[-81.2118840947083,41.3759900680582],[-81.2118276895209,41.3760439213133],[-81.211777327352,41.3761010723134],[-81.2117333463828,41.376161137309],[-81.211696041949,41.376223712983],[-81.2116656645579,41.3762883791587],[-81.2116424182058,41.3763547016211],[-81.2116264590074,41.3764222350324],[-81.2116178941475,41.3764905259222],[-81.210185029311,41.3756516506268]]]},"properties":{"source_county":"Geauga","jurisdiction":"Auburn Township","parcel_id":"01-119048","owner_name":"RITTS ANNE R & DOUGLAS BRANDON E","property_address":"11935 LADUE TRL","property_city":"AUBURN TOWNSHIP","property_zip":"44023"}},{"type":"Feature","geometry":{"type":"Polygon","coordinates":[[[-81.2099928895561,41.3758317181472],[-81.210185029311,41.3756516506268],[-81.2116178941475,41.3764905259222],[-81.2116144953408,41.3765089455567],[-81.2116070177576,41.3765266688108],[-81.211595675962,41.3765431871203],[-81.2115807954015,41.3765580264962],[-81.2115628030681,41.376570761126],[-81.2115422152467,41.376581025592],[-81.2115196226998,41.3765885253574],[-81.2114956737161,41.3765930452177],[-81.2114710555075,41.3765944554762],[-81.211415586908,41.3765972747054],[-81.2113613333478,41.3766064172475],[-81.211309557814,41.3766216702704],[-81.2112614656089,41.3766426786936],[-81.211218176292,41.3766689534545],[-81.2111806976181,41.3766998828929],[-81.2111499020776,41.3767347469894],[-81.2111265065845,41.3767727341272],[-81.2111110557874,41.3768129599852],[-81.2111039093879,41.3768544881244],[-81.2111052337671,41.3768963517877],[-81.2099821214246,41.3769619838382],[-81.2099928895561,41.3758317181472]]]},"properties":{"source_county":"Geauga","jurisdiction":"Auburn Township","parcel_id":"01-119049","owner_name":"MAZZOLINI LORAINE M TRUSTEE","property_address":"11945 LADUE TRL","property_city":"AUBURN TOWNSHIP","property_zip":"44023"}},{"type":"Feature","geometry":{"type":"Polygon","coordinates":[[[-81.2099821214246,41.3769619838382],[-81.2111052337671,41.3768963517877],[-81.21111418331,41.3769351481465],[-81.2111304116509,41.3769725805222],[-81.2111535847422,41.3770078783704],[-81.2111832255762,41.3770403150848],[-81.2112187240046,41.3770692229546],[-81.2112593492968,41.3770940069095],[-81.211304265183,41.3771141567695],[-81.2111800160837,41.3772997628288],[-81.2108490251199,41.3783238702594],[-81.2107058836323,41.3783217054561],[-81.210473734065,41.378022135872],[-81.2099735662651,41.3778599828696],[-81.2099821214246,41.3769619838382]]]},"properties":{"source_county":"Geauga","jurisdiction":"Auburn Township","parcel_id":"01-119050","owner_name":"VARLEY MICHAEL P SR TRUSTEE","property_address":"11940 LADUE TRL","property_city":"AUBURN TOWNSHIP","property_zip":"44023"}},{"type":"Feature","geometry":{"type":"Polygon","coordinates":[[[-81.209962126092,41.3790607161628],[-81.2099735662651,41.3778599828696],[-81.210473734065,41.378022135872],[-81.2107058836323,41.3783217054561],[-81.2108490251199,41.3783238702594],[-81.2111800160837,41.3772997628288],[-81.211304265183,41.3771141567695],[-81.2113547612785,41.3771298032951],[-81.21140779429,41.3771395912704],[-81.2114621735999,41.3771433009506],[-81.2115166783649,41.3771408490513],[-81.211631342502,41.3777629793234],[-81.2119996112525,41.3790804005869],[-81.209962126092,41.3790607161628]]]},"properties":{"source_county":"Geauga","jurisdiction":"Auburn Township","parcel_id":"01-119051","owner_name":"HUBERT HOWARD N TRUSTEE","property_address":"11936 LADUE TRL","property_city":"AUBURN TOWNSHIP","property_zip":"44023"}},{"type":"Feature","geometry":{"type":"Polygon","coordinates":[[[-81.2117120081288,41.3770725541344],[-81.2128458403052,41.3780081523442],[-81.2121025422109,41.3790813942699],[-81.2119996112525,41.3790804005869],[-81.211631342502,41.3777629793234],[-81.2115166783649,41.3771408490513],[-81.2115700847025,41.3771322905485],[-81.2116211938299,41.3771178177005],[-81.211668858332,41.3770977554277],[-81.2117120081288,41.3770725541344]]]},"properties":{"source_county":"Geauga","jurisdiction":"Auburn Township","parcel_id":"01-119052","owner_name":"HUBERT REAL ESTATE LLC","property_address":" LADUE TRL","property_city":"AUBURN TOWNSHIP","property_zip":"44023"}},{"type":"Feature","geometry":{"type":"Polygon","coordinates":[[[-81.2118326443718,41.3768084356636],[-81.2134644365824,41.3768136476472],[-81.2135432602124,41.3771574048393],[-81.213146227745,41.3775744149651],[-81.2130222606984,41.3777534151701],[-81.2128458403052,41.3780081523442],[-81.2117120081288,41.3770725541344],[-81.211746952641,41.3770452460129],[-81.2117765652535,41.3770145699602],[-81.211800280452,41.376981111807],[-81.2118176453495,41.3769455105138],[-81.2118283283342,41.3769084459684],[-81.2118321254019,41.3768706260017],[-81.2118326443718,41.3768084356636]]]},"properties":{"source_county":"Geauga","jurisdiction":"Auburn Township","parcel_id":"01-119053","owner_name":"BEHM JOHN G & ALEXANDRA","property_address":"11920 LADUE TRL","property_city":"AUBURN TOWNSHIP","property_zip":"44023"}},{"type":"Feature","geometry":{"type":"Polygon","coordinates":[[[-81.2128015965357,41.3758649267004],[-81.2132533871904,41.3758932106965],[-81.2134644365824,41.3768136476472],[-81.2118326443718,41.3768084356636],[-81.2118349636679,41.3765308001444],[-81.2118402699178,41.3764617114719],[-81.2118549755218,41.3763933994972],[-81.2118789246877,41.3763265877876],[-81.2119118637164,41.3762619840177],[-81.2119534436906,41.3762002724734],[-81.2120032241711,41.376142106804],[-81.212060677863,41.3760881030995],[-81.2121251962015,41.3760388333647],[-81.2121960957977,41.3759948194613],[-81.2122726256778,41.3759565275806],[-81.2123539752369,41.3759243633061],[-81.2124392828246,41.3758986673178],[-81.2125276448713,41.375879711784],[-81.2126181254576,41.3758676974787],[-81.2127097662271,41.3758627516558],[-81.2128015965357,41.3758649267004]]]},"properties":{"source_county":"Geauga","jurisdiction":"Auburn Township","parcel_id":"01-119054","owner_name":"LANE BRIAN G & KIMBERLY A","property_address":"11910 LADUE TRL","property_city":"AUBURN TOWNSHIP","property_zip":"44023"}},{"type":"Feature","geometry":{"type":"Polygon","coordinates":[[[-81.2134644365824,41.3768136476472],[-81.2132533871904,41.3758932106965],[-81.213930965261,41.3759356254239],[-81.21404617211,41.375940076401],[-81.2141615219832,41.3759390263474],[-81.2142765523711,41.3759324794735],[-81.2143908020458,41.3759204620296],[-81.2147283920236,41.3768587607602],[-81.2135432602124,41.3771574048393],[-81.2134644365824,41.3768136476472]]]},"properties":{"source_county":"Geauga","jurisdiction":"Auburn Township","parcel_id":"01-119055","owner_name":"SOMICH RAYMOND C II & SARAH R","property_address":"11870 LADUE TRL","property_city":"AUBURN TOWNSHIP","property_zip":"44023"}},{"type":"Feature","geometry":{"type":"Polygon","coordinates":[[[-81.2156565437438,41.3757629868999],[-81.2159491548491,41.3757893800939],[-81.2159678005179,41.3757923210198],[-81.215985485182,41.3757976556167],[-81.2160016717206,41.3758052218617],[-81.2160158685137,41.3758147899517],[-81.2160276443733,41.3758260692835],[-81.2160366416401,41.3758387172797],[-81.2160425870459,41.3758523497932],[-81.2160453000139,41.3758665527747],[-81.2160446981432,41.3758808948486],[-81.2159451282826,41.3765072321071],[-81.2147283920236,41.3768587607602],[-81.2143908020458,41.3759204620296],[-81.2144944847102,41.3759046758312],[-81.2145967760459,41.3758843830979],[-81.2149396118606,41.3758082880485],[-81.2150564886367,41.3757855512912],[-81.2151751378663,41.3757688150209],[-81.2152950172347,41.375758155735],[-81.2154155788061,41.3757536221539],[-81.2155362715268,41.3757552349996],[-81.2156565437438,41.3757629868999]]]},"properties":{"source_county":"Geauga","jurisdiction":"Auburn Township","parcel_id":"01-119056","owner_name":"DALLAS MARI HASHITATE & JASON E","property_address":"11840 LADUE TRL","property_city":"AUBURN TOWNSHIP","property_zip":"44023"}},{"type":"Feature","geometry":{"type":"Polygon","coordinates":[[[-81.2147283920236,41.3768587607602],[-81.2159451282826,41.3765072321071],[-81.2159047433823,41.3767612653428],[-81.215897950572,41.3768299825779],[-81.2158993572629,41.376898881884],[-81.2159089521705,41.3769674092914],[-81.2159266581741,41.377035013819],[-81.2159523329365,41.3771011519041],[-81.2159857700471,41.3771652917733],[-81.2160267006813,41.3772269177179],[-81.216074795761,41.3772855342407],[-81.2161118110257,41.3773305462249],[-81.2161434489207,41.3773778275813],[-81.2161694661705,41.3774270147637],[-81.2161896627152,41.3774777295712],[-81.2162038832494,41.3775295820558],[-81.2162270817735,41.3776379648665],[-81.2162284637442,41.3776522782692],[-81.2162265250932,41.3776665549902],[-81.2162213247157,41.3776803612953],[-81.2162130206001,41.3776932777416],[-81.2162018650281,41.37770491192],[-81.2161881969111,41.3777149103777],[-81.2161724314936,41.3777229693555],[-81.2161550477377,41.3777288440168],[-81.2161365737724,41.3777323558859],[-81.2152776694544,41.3778366537462],[-81.2152523300146,41.3778380409513],[-81.2152270557179,41.3778360929001],[-81.2152026144789,41.3778308687808],[-81.2151797489008,41.3778225273188],[-81.2151591537126,41.3778113219546],[-81.2151414546607,41.377797593143],[-81.2151070189845,41.3777698968884],[-81.2150678407665,41.3777460428236],[-81.2150246689097,41.3777264869233],[-81.2147283920236,41.3768587607602]]]},"properties":{"source_county":"Geauga","jurisdiction":"Auburn Township","parcel_id":"01-119057","owner_name":"CUNNINGHAM PATRICK N & MARY L CO TRUSTEES","property_address":"11825 STARBUSH CT","property_city":"AUBURN TOWNSHIP","property_zip":"44023"}},{"type":"Feature","geometry":{"type":"Polygon","coordinates":[[[-81.2130222606984,41.3777534151701],[-81.213146227745,41.3775744149651],[-81.2135432602124,41.3771574048393],[-81.2147283920236,41.3768587607602],[-81.2150246689097,41.3777264869233],[-81.2149716972132,41.3777099235827],[-81.2149159311442,41.3776998262062],[-81.2148587523502,41.3776964449639],[-81.2148015774785,41.3776998636288],[-81.2147458230794,41.3777099975008],[-81.2146928705111,41.3777265955055],[-81.214644031717,41.3777492464146],[-81.2146005167215,41.3777773890336],[-81.2145634036519,41.3778103261061],[-81.2145336120263,41.3778472415878],[-81.2145118799719,41.3778872208646],[-81.2144987459355,41.3779292734124],[-81.2130222606984,41.3777534151701]]]},"properties":{"source_county":"Geauga","jurisdiction":"Auburn Township","parcel_id":"01-119058","owner_name":"WANG HENG & DU JIANHUI","property_address":"11855 STARBUSH CT","property_city":"AUBURN TOWNSHIP","property_zip":"44023"}},{"type":"Feature","geometry":{"type":"Polygon","coordinates":[[[-81.2128458403052,41.3780081523442],[-81.2130222606984,41.3777534151701],[-81.2144987459355,41.3779292734124],[-81.2144946208167,41.3779647919094],[-81.2144966433626,41.3780004134881],[-81.2145047794519,41.3780355370238],[-81.2145188917953,41.3780695697958],[-81.2145387422511,41.3781019374892],[-81.2121291768882,41.3790816509074],[-81.2121025422109,41.3790813942699],[-81.2128458403052,41.3780081523442]]]},"properties":{"source_county":"Geauga","jurisdiction":"Auburn Township","parcel_id":"01-119059","owner_name":"FILIPKOWSKI KEITH M & JESSICA","property_address":"11860 STARBUSH CT","property_city":"AUBURN TOWNSHIP","property_zip":"44023"}},{"type":"Feature","geometry":{"type":"Polygon","coordinates":[[[-81.2121291768882,41.3790816509074],[-81.2145387422511,41.3781019374892],[-81.2145657900195,41.3781339392091],[-81.2145984380874,41.3781628259715],[-81.2146360626942,41.378188045872],[-81.2146779449966,41.3782091170638],[-81.2147232848018,41.3782256369643],[-81.2147712158563,41.3782372899468],[-81.2144908699174,41.3791044199123],[-81.2121291768882,41.3790816509074]]]},"properties":{"source_county":"Geauga","jurisdiction":"Auburn Township","parcel_id":"01-119060","owner_name":"MC BRIDE JOHN R & DANIELLE M","property_address":"11850 STARBUSH CT","property_city":"AUBURN TOWNSHIP","property_zip":"44023"}},{"type":"Feature","geometry":{"type":"Polygon","coordinates":[[[-81.2144908699174,41.3791044199123],[-81.2147712158563,41.3782372899468],[-81.2148290892554,41.3782444362897],[-81.2148877351725,41.3782444970187],[-81.2149456344409,41.3782374705609],[-81.2150012872356,41.3782235389297],[-81.2150532519267,41.3782030630106],[-81.2151001824239,41.378176573212],[-81.2151408630472,41.3781447557252],[-81.2151742400174,41.3781084347487],[-81.2151994487529,41.3780685511377],[-81.2152105232761,41.3780513285911],[-81.2152254000125,41.3780358161263],[-81.2152436269593,41.3780224850589],[-81.2152646503256,41.3780117404266],[-81.2152878313576,41.3780039086832],[-81.2153124657461,41.3779992277807],[-81.2157666696143,41.3779440751694],[-81.2160255081018,41.3791191896992],[-81.2144908699174,41.3791044199123]]]},"properties":{"source_county":"Geauga","jurisdiction":"Auburn Township","parcel_id":"01-119061","owner_name":"SANDERS STEVEN & GUTTRIDGE SANDERS ASHLEY","property_address":"11830 STARBUSH CT","property_city":"AUBURN TOWNSHIP","property_zip":"44023"}},{"type":"Feature","geometry":{"type":"Polygon","coordinates":[[[-81.2167853350027,41.3778011829613],[-81.2170765347213,41.3791292930208],[-81.2160255081018,41.3791191896992],[-81.2157666696143,41.3779440751694],[-81.2165670676907,41.3778468788365],[-81.2166412579708,41.3778357291751],[-81.2167141473417,41.3778204692465],[-81.2167853350027,41.3778011829613]]]},"properties":{"source_county":"Geauga","jurisdiction":"Auburn Township","parcel_id":"01-119062","owner_name":"BH & KH","property_address":"11810 STARBUSH CT","property_city":"AUBURN TOWNSHIP","property_zip":"44023"}},{"type":"Feature","geometry":{"type":"Polygon","coordinates":[[[-81.2176648580573,41.377488097868],[-81.2177815659795,41.3774885889231],[-81.2177999971705,41.3774898480019],[-81.21781788223,41.3774934309552],[-81.2178347085231,41.3774992350857],[-81.2178499937612,41.3775070940311],[-81.2178632998264,41.377516782532],[-81.217874245329,41.3775280228892],[-81.2178825165391,41.3775404929225],[-81.2178878763789,41.3775538352059],[-81.2178901712184,41.3775676673116],[-81.2178893352791,41.3775815927722],[-81.2179977240866,41.3775922693879],[-81.2177297479644,41.3791355680922],[-81.2170765347213,41.3791292930208],[-81.2167853350027,41.3778011829613],[-81.2168699907401,41.3777720955329],[-81.2169507760906,41.3777373198252],[-81.217027019122,41.3776971450878],[-81.2171713868413,41.3776134353378],[-81.2172335214112,41.3775808095916],[-81.2172994666099,41.3775527464385],[-81.2173686337369,41.3775294963996],[-81.2174404053313,41.3775112670291],[-81.217514140684,41.3774982210611],[-81.2175891815566,41.3774904749575],[-81.2176648580573,41.377488097868]]]},"properties":{"source_county":"Geauga","jurisdiction":"Auburn Township","parcel_id":"01-119063","owner_name":"GIGANTI CHRISTOPHER M & ANNA","property_address":" STARBUSH CT","property_city":"AUBURN TOWNSHIP","property_zip":"44023"}},{"type":"Feature","geometry":{"type":"Polygon","coordinates":[[[-81.2161538539839,41.3980386880218],[-81.2161590650203,41.3974818318713],[-81.2155932092473,41.3974788286979],[-81.2155196609698,41.3974226604983],[-81.2146587039772,41.3974180842487],[-81.2146219057972,41.3974178883827],[-81.2146792233732,41.3970747995059],[-81.214702075233,41.396938010854],[-81.2147388803184,41.3969382067742],[-81.2170952120666,41.3969507338676],[-81.2170974931854,41.3967068859969],[-81.2174712336566,41.3967088712631],[-81.2178884864757,41.396711085774],[-81.2183807650787,41.396713697684],[-81.2188478848698,41.3967161732839],[-81.2193059738548,41.3967185993682],[-81.2198204912608,41.3967213222957],[-81.2205206144609,41.3967250237318],[-81.220512768893,41.3972721725946],[-81.220501447165,41.3980616754131],[-81.2161538539839,41.3980386880218]]]},"properties":{"source_county":"Geauga","jurisdiction":"Auburn Township","parcel_id":"01-119097","owner_name":"PIUNNO JOSEPH A JR TOD","property_address":"17400 RAVENNA RD","property_city":"AUBURN TOWNSHIP","property_zip":"44023"}},{"type":"Feature","geometry":{"type":"Polygon","coordinates":[[[-81.2108966676096,41.3841175279],[-81.2109973793334,41.3835381671347],[-81.2129730723199,41.3836076762249],[-81.2129390079027,41.3838051297279],[-81.2129295654657,41.3838598588191],[-81.2128837448788,41.3841254490599],[-81.2119622185496,41.384121779592],[-81.2117253525303,41.3841208348632],[-81.2112334027807,41.3841188726713],[-81.2108966676096,41.3841175279]]]},"properties":{"source_county":"Geauga","jurisdiction":"Auburn Township","parcel_id":"01-119147","owner_name":"ZACKOSKY EMMA","property_address":" RT 422","property_city":"AUBURN TOWNSHIP","property_zip":"44023"}},{"type":"Feature","geometry":{"type":"Polygon","coordinates":[[[-81.215377058197,41.3926768687353],[-81.2154140627809,41.3926759139891],[-81.2153390090124,41.3931252236362],[-81.2153020484298,41.3931261779487],[-81.21460856114,41.3931440338949],[-81.2146836187492,41.3926947238099],[-81.215377058197,41.3926768687353]]]},"properties":{"source_county":"Geauga","jurisdiction":"Auburn Township","parcel_id":"01-119221","owner_name":"SQUIRE FARM OHIO LLC","property_address":" RAVENNA RD","property_city":"AUBURN TOWNSHIP","property_zip":"44023"}},{"type":"Feature","geometry":{"type":"Polygon","coordinates":[[[-81.2117253525303,41.3841208348632],[-81.2119622185496,41.384121779592],[-81.2119617739029,41.3841710982754],[-81.2119337778864,41.3872744477567],[-81.2116968972092,41.3872739144817],[-81.2117253525303,41.3841208348632]]]},"properties":{"source_county":"Geauga","jurisdiction":"Auburn Township","parcel_id":"01-600200","owner_name":"CLEVELAND ELECTRIC ILLUMINATING COMPANY THE","property_address":" WASHINGTON ST","property_city":"AUBURN TOWNSHIP","property_zip":"44023"}},{"type":"Feature","geometry":{"type":"Polygon","coordinates":[[[-81.2170117152258,41.3819975288544],[-81.2172321185902,41.3819995736541],[-81.217136666393,41.3825479154965],[-81.216901531798,41.382545734313],[-81.2169180511331,41.3824635456496],[-81.2170117152258,41.3819975288544]]]},"properties":{"source_county":"Geauga","jurisdiction":"Auburn Township","parcel_id":"01-700600","owner_name":"STATE OF OHIO","property_address":" RAVENNA RD","property_city":"AUBURN TOWNSHIP","property_zip":"44023"}},{"type":"Feature","geometry":{"type":"Polygon","coordinates":[[[-81.2169272988252,41.3837506257231],[-81.2213326216561,41.3837831402945],[-81.2213296772458,41.3839720341695],[-81.2213288214069,41.3840269280268],[-81.2213249809168,41.3842733340731],[-81.2168422913958,41.3842402477424],[-81.2168953447078,41.3839341857568],[-81.2169272988252,41.3837506257231]]]},"properties":{"source_county":"Geauga","jurisdiction":"Auburn Township","parcel_id":"01-700700","owner_name":"STATE OF OHIO","property_address":" RAVENNA RD","property_city":"AUBURN TOWNSHIP","property_zip":"44023"}},{"type":"Feature","geometry":{"type":"Polygon","coordinates":[[[-81.216695947257,41.3850844815858],[-81.2168422913958,41.3842402477424],[-81.2213249809168,41.3842733340731],[-81.2213223186366,41.3844441715837],[-81.2211534032155,41.3844406509817],[-81.2194278101337,41.3845745283601],[-81.2173703957437,41.3847341149513],[-81.2169432767553,41.3850124107542],[-81.2169202834324,41.3851070082446],[-81.216695947257,41.3850844815858]]]},"properties":{"source_county":"Geauga","jurisdiction":"Auburn Township","parcel_id":"01-700800","owner_name":"STATE OF OHIO","property_address":" RAVENNA RD","property_city":"AUBURN TOWNSHIP","property_zip":"44023"}},{"type":"Feature","geometry":{"type":"Polygon","coordinates":[[[-81.2213326216561,41.3837831402945],[-81.2222176549784,41.383789651939],[-81.222215936987,41.3839904969169],[-81.2222154679508,41.3840453986429],[-81.2222136100806,41.3842625292518],[-81.222211897871,41.3844627069671],[-81.2213223186366,41.3844441715837],[-81.2213249809168,41.3842733340731],[-81.2213288214069,41.3840269280268],[-81.2213296772458,41.3839720341695],[-81.2213326216561,41.3837831402945]]]},"properties":{"source_county":"Geauga","jurisdiction":"Auburn Township","parcel_id":"01-700900","owner_name":"STATE OF OHIO","property_address":" RT 422","property_city":"AUBURN TOWNSHIP","property_zip":"44023"}},{"type":"Feature","geometry":{"type":"Polygon","coordinates":[[[-81.2162494677354,41.3863880260651],[-81.2162976199304,41.3861102618996],[-81.2165174102337,41.3861144020719],[-81.2164692589652,41.3863921663286],[-81.2162494677354,41.3863880260651]]]},"properties":{"source_county":"Geauga","jurisdiction":"Auburn Township","parcel_id":"01-701700","owner_name":"OHIO STATE OF","property_address":" RAVENNA RD","property_city":"AUBURN TOWNSHIP","property_zip":"44023"}},{"type":"Feature","geometry":{"type":"Polygon","coordinates":[[[-81.2137956099001,41.3857844357022],[-81.213798115151,41.3855058123737],[-81.215593013923,41.3855396459931],[-81.2163939230987,41.3855547334457],[-81.2163457717182,41.3858324976931],[-81.2137956099001,41.3857844357022]]]},"properties":{"source_county":"Geauga","jurisdiction":"Auburn Township","parcel_id":"01-701800","owner_name":"AUBURN TWP TRUSTEES OF","property_address":"17807 RAVENNA RD","property_city":"AUBURN TOWNSHIP","property_zip":"44023"}},{"type":"Feature","geometry":{"type":"Polygon","coordinates":[[[-81.2157551286261,41.3846045769018],[-81.2131444016401,41.3841934850845],[-81.21287361709,41.3841883600596],[-81.2128837448788,41.3841254490599],[-81.2150695018709,41.384145117358],[-81.2157957609678,41.3842295545954],[-81.2161577891751,41.3843049973958],[-81.2167185064539,41.3843183109732],[-81.2167432122022,41.3841757867205],[-81.2168531059211,41.384177856457],[-81.2166921064114,41.3851066427791],[-81.2165462333977,41.3850923004796],[-81.2164195630374,41.3849799856746],[-81.2164657325214,41.3847164594563],[-81.2157551286261,41.3846045769018]]]},"properties":{"source_county":"Geauga","jurisdiction":"Auburn Township","parcel_id":"01-701900","owner_name":"OHIO STATE OF","property_address":" RT 422","property_city":"AUBURN TOWNSHIP","property_zip":"44023"}},{"type":"Feature","geometry":{"type":"Polygon","coordinates":[[[-81.2157957609678,41.3842295545954],[-81.2150695018709,41.384145117358],[-81.2128837448788,41.3841254490599],[-81.2129295654657,41.3838598588191],[-81.2129390079027,41.3838051297279],[-81.2129730723199,41.3836076762249],[-81.2150034966673,41.3836265649119],[-81.2169457559869,41.3836446004888],[-81.2168953447078,41.3839341857568],[-81.2168531059211,41.384177856457],[-81.2167432122022,41.3841757867205],[-81.2167185064539,41.3843183109732],[-81.2161577891751,41.3843049973958],[-81.2157957609678,41.3842295545954]]]},"properties":{"source_county":"Geauga","jurisdiction":"Auburn Township","parcel_id":"01-702000","owner_name":"STATE OF OHIO","property_address":" RT 422","property_city":"AUBURN TOWNSHIP","property_zip":"44023"}},{"type":"Feature","geometry":{"type":"Polygon","coordinates":[[[-81.2150373513284,41.383431992972],[-81.216979627635,41.3834500273334],[-81.2169457559869,41.3836446004888],[-81.2150034966673,41.3836265649119],[-81.2150373513284,41.383431992972]]]},"properties":{"source_county":"Geauga","jurisdiction":"Auburn Township","parcel_id":"01-702300","owner_name":"STATE OF OHIO","property_address":" RT 422","property_city":"AUBURN TOWNSHIP","property_zip":"44023"}},{"type":"Feature","geometry":{"type":"Polygon","coordinates":[[[-81.2168252201664,41.3829638434976],[-81.216874926899,41.3826781065044],[-81.2171099659726,41.3827013026354],[-81.2170412125845,41.3830962580793],[-81.2167475238216,41.3830935331784],[-81.2168252201664,41.3829638434976]]]},"properties":{"source_county":"Geauga","jurisdiction":"Auburn Township","parcel_id":"01-702500","owner_name":"STATE OF OHIO","property_address":" RAVENNA RD","property_city":"AUBURN TOWNSHIP","property_zip":"44023"}},{"type":"Feature","geometry":{"type":"Polygon","coordinates":[[[-81.2171071031142,41.3814491863184],[-81.2173275704069,41.3814512307648],[-81.2172321185902,41.3819995736541],[-81.2170117152258,41.3819975288544],[-81.2170350545553,41.3818633625713],[-81.2171071031142,41.3814491863184]]]},"properties":{"source_county":"Geauga","jurisdiction":"Auburn Township","parcel_id":"01-702600","owner_name":"STATE OF OHIO","property_address":" RAVENNA RD","property_city":"AUBURN TOWNSHIP","property_zip":"44023"}},{"type":"Feature","geometry":{"type":"Polygon","coordinates":[[[-81.2170695172588,41.3829336626877],[-81.2171155915701,41.3826689859626],[-81.2174081766924,41.3826983726906],[-81.2173659995261,41.3829365771199],[-81.2170693907839,41.3829343835212],[-81.2170695172588,41.3829336626877]]]},"properties":{"source_county":"Geauga","jurisdiction":"Auburn Township","parcel_id":"01-702800","owner_name":"STATE OF OHIO","property_address":" RAVENNA RD","property_city":"AUBURN TOWNSHIP","property_zip":"44023"}},{"type":"Feature","geometry":{"type":"Polygon","coordinates":[[[-81.2170693919794,41.3829343835345],[-81.2173659995261,41.3829365771199],[-81.2173447415571,41.383056632473],[-81.2195622078864,41.3833615936085],[-81.2169983243248,41.3833426269084],[-81.2170693919794,41.3829343835345]]]},"properties":{"source_county":"Geauga","jurisdiction":"Auburn Township","parcel_id":"01-702900","owner_name":"STATE OF OHIO","property_address":" RAVENNA RD","property_city":"AUBURN TOWNSHIP","property_zip":"44023"}},{"type":"Feature","geometry":{"type":"Polygon","coordinates":[[[-81.2185497144694,41.3872879494367],[-81.2189917793665,41.3872880848006],[-81.2189884480189,41.3876297446916],[-81.2185463899163,41.3876287755147],[-81.2185497144694,41.3872879494367]]]},"properties":{"source_county":"Geauga","jurisdiction":"Auburn Township","parcel_id":"01-703300","owner_name":"AUBURN TOWNSHIP TRUSTEES BOARD OF","property_address":"11742 WASHINGTON ST","property_city":"AUBURN TOWNSHIP","property_zip":"44023"}},{"type":"Feature","geometry":{"type":"Polygon","coordinates":[[[-81.2095630710889,41.3834557196605],[-81.2105833795153,41.3834585514897],[-81.2105834213558,41.3834585519557],[-81.2110116671294,41.3834597375911],[-81.2120699551756,41.3834626612094],[-81.2137092774851,41.3834941016097],[-81.2137615507131,41.383420129054],[-81.2138049865103,41.3833586677094],[-81.2145412289031,41.3833244701886],[-81.2150602533897,41.383300363567],[-81.2150373513284,41.383431992972],[-81.2150034966673,41.3836265649119],[-81.2129730723199,41.3836076762249],[-81.2109973793334,41.3835381671347],[-81.2095630710889,41.3834557196605]]]},"properties":{"source_county":"Geauga","jurisdiction":"Auburn Township","parcel_id":"01-703500","owner_name":"STATE OF OHIO","property_address":" RT 422","property_city":"AUBURN TOWNSHIP","property_zip":"44023"}},{"type":"Feature","geometry":{"type":"Polygon","coordinates":[[[-81.2173078430302,41.3815645652504],[-81.2175351056207,41.3815662460104],[-81.2174613056707,41.3819830506836],[-81.2172352861578,41.3819813790636],[-81.2173078430302,41.3815645652504]]]},"properties":{"source_county":"Geauga","jurisdiction":"Auburn Township","parcel_id":"01-704100","owner_name":"STATE OF OHIO","property_address":" RAVENNA RD","property_city":"AUBURN TOWNSHIP","property_zip":"44023"}},{"type":"Feature","geometry":{"type":"Polygon","coordinates":[[[-81.2172114656744,41.3821182218639],[-81.2174370767888,41.3821198908024],[-81.2174054832087,41.3822983273382],[-81.2174467116633,41.3824807341016],[-81.2174382531857,41.3825285060385],[-81.2171404292682,41.3825263027435],[-81.2172114656744,41.3821182218639]]]},"properties":{"source_county":"Geauga","jurisdiction":"Auburn Township","parcel_id":"01-704300","owner_name":"STATE OF OHIO","property_address":" RAVENNA RD","property_city":"AUBURN TOWNSHIP","property_zip":"44023"}},{"type":"Feature","geometry":{"type":"Polygon","coordinates":[[[-81.2167475238216,41.3830935331784],[-81.2170412125845,41.3830962580793],[-81.216979627635,41.3834500273334],[-81.2150373513284,41.383431992972],[-81.2150602533897,41.383300363567],[-81.2158191764578,41.3830849151965],[-81.2167475238216,41.3830935331784]]]},"properties":{"source_county":"Geauga","jurisdiction":"Auburn Township","parcel_id":"01-705200","owner_name":"STATE OF OHIO","property_address":" RAVENNA RD","property_city":"AUBURN TOWNSHIP","property_zip":"44023"}},{"type":"Feature","geometry":{"type":"Polygon","coordinates":[[[-81.2169983243248,41.3833426269084],[-81.2195622078864,41.3833615936085],[-81.2211848929071,41.3835847270436],[-81.2228842272013,41.3836201312972],[-81.2228819600131,41.3837945348268],[-81.2222176549784,41.383789651939],[-81.2213326216561,41.3837831402945],[-81.2169272988252,41.3837506257231],[-81.2169983243248,41.3833426269084]]]},"properties":{"source_county":"Geauga","jurisdiction":"Auburn Township","parcel_id":"01-705600","owner_name":"STATE OF OHIO","property_address":" RAVENNA RD","property_city":"AUBURN TOWNSHIP","property_zip":"44023"}},{"type":"Feature","geometry":{"type":"Polygon","coordinates":[[[-81.224038604595,41.3842673400565],[-81.22550893564,41.3842711952963],[-81.2255064756693,41.384429703006],[-81.2240372460562,41.3843991282551],[-81.224038604595,41.3842673400565]]]},"properties":{"source_county":"Geauga","jurisdiction":"Auburn Township","parcel_id":"01-706000","owner_name":"STATE OF OHIO","property_address":" RT 422","property_city":"AUBURN TOWNSHIP","property_zip":"44023"}},{"type":"Feature","geometry":{"type":"Polygon","coordinates":[[[-81.2119622185496,41.384121779592],[-81.2128837448788,41.3841254490599],[-81.21287361709,41.3841883600596],[-81.2119617739029,41.3841710982754],[-81.2119622185496,41.384121779592]]]},"properties":{"source_county":"Geauga","jurisdiction":"Auburn Township","parcel_id":"01-707000","owner_name":"STATE OF OHIO","property_address":" RT 422","property_city":"AUBURN TOWNSHIP","property_zip":"44023"}},{"type":"Feature","geometry":{"type":"Polygon","coordinates":[[[-81.2173079589169,41.3815638965305],[-81.2173548084367,41.3812947525243],[-81.2175791869544,41.3813172749375],[-81.2175351056207,41.3815662460104],[-81.2173078418348,41.3815645652371],[-81.2173079589169,41.3815638965305]]]},"properties":{"source_county":"Geauga","jurisdiction":"Auburn Township","parcel_id":"01-707400","owner_name":"STATE OF OHIO","property_address":" RAVENNA RD","property_city":"AUBURN TOWNSHIP","property_zip":"44023"}},{"type":"Feature","geometry":{"type":"Polygon","coordinates":[[[-81.2163190042501,41.3866227882543],[-81.2162494677354,41.3863880260651],[-81.2164692589652,41.3863921663286],[-81.216427431949,41.3866334503727],[-81.2163190042501,41.3866227882543]]]},"properties":{"source_county":"Geauga","jurisdiction":"Auburn Township","parcel_id":"01-707600","owner_name":"OHIO STATE OF","property_address":" RAVENNA RD","property_city":"AUBURN TOWNSHIP","property_zip":"44023"}},{"type":"Feature","geometry":{"type":"Polygon","coordinates":[[[-81.2162976199304,41.3861102618996],[-81.2163457717182,41.3858324976931],[-81.2165655622906,41.3858366377876],[-81.2165174102337,41.3861144020719],[-81.2162976199304,41.3861102618996]]]},"properties":{"source_county":"Geauga","jurisdiction":"Auburn Township","parcel_id":"01-707700","owner_name":"OHIO STATE OF","property_address":" RAVENNA RD","property_city":"AUBURN TOWNSHIP","property_zip":"44023"}},{"type":"Feature","geometry":{"type":"Polygon","coordinates":[[[-81.222211897871,41.3844627069671],[-81.2222136100806,41.3842625292518],[-81.224038604595,41.3842673400565],[-81.2240372460562,41.3843991282551],[-81.2231606725269,41.3843808772786],[-81.2226105138991,41.3844710106642],[-81.222211897871,41.3844627069671]]]},"properties":{"source_county":"Geauga","jurisdiction":"Auburn Township","parcel_id":"01-708000","owner_name":"STATE OF OHIO","property_address":" RT 422","property_city":"AUBURN TOWNSHIP","property_zip":"44023"}},{"type":"Feature","geometry":{"type":"Polygon","coordinates":[[[-81.2163457717182,41.3858324976931],[-81.2163939230987,41.3855547334457],[-81.2164658360195,41.3855560880196],[-81.2166137127447,41.3855588734491],[-81.2165655622906,41.3858366377876],[-81.2163457717182,41.3858324976931]]]},"properties":{"source_county":"Geauga","jurisdiction":"Auburn Township","parcel_id":"01-708100","owner_name":"OHIO STATE OF","property_address":" RAVENNA RD","property_city":"AUBURN TOWNSHIP","property_zip":"44023"}},{"type":"Feature","geometry":{"type":"Polygon","coordinates":[[[-81.2033897124565,41.3778620264766],[-81.2096126870978,41.3779802879342],[-81.2096029055708,41.3790572418763],[-81.2095933199886,41.3801157455435],[-81.209586852525,41.3808299543888],[-81.2095813931118,41.3814327158262],[-81.2033579854953,41.3813292691654],[-81.2033897124565,41.3778620264766]]]},"properties":{"source_county":"Geauga","jurisdiction":"Auburn Township","parcel_id":"01-708907","owner_name":"CITY OF AKRON OHIO THE","property_address":" SHAW RD","property_city":"AUBURN TOWNSHIP","property_zip":"44023"}},{"type":"Feature","geometry":{"type":"Polygon","coordinates":[[[-81.2163819253136,41.385422381101],[-81.2164195630374,41.3849799856746],[-81.2165462333977,41.3850923004796],[-81.2164760891385,41.3854969388165],[-81.2163757424647,41.3854950493242],[-81.2163819253136,41.385422381101]]]},"properties":{"source_county":"Geauga","jurisdiction":"Auburn Township","parcel_id":"01-708912","owner_name":"OHIO STATE OF","property_address":" RAVENNA RD","property_city":"AUBURN TOWNSHIP","property_zip":"44023"}},{"type":"Feature","geometry":{"type":"Polygon","coordinates":[[[-81.2164444547683,41.3865352494986],[-81.2164600582242,41.3864452449256],[-81.2165952518871,41.3864588241467],[-81.2166984866673,41.3858757833451],[-81.2167336260455,41.3858760304828],[-81.216579725882,41.3865352674389],[-81.2164444547683,41.3865352494986]]]},"properties":{"source_county":"Geauga","jurisdiction":"Auburn Township","parcel_id":"01-708913","owner_name":"STATE OF OHIO","property_address":" RAVENNA RD","property_city":"AUBURN TOWNSHIP","property_zip":"44023"}},{"type":"Feature","geometry":{"type":"Polygon","coordinates":[[[-81.2034808301273,41.3872731017474],[-81.20384532048,41.3872727937769],[-81.2037094149196,41.3886495600429],[-81.2033449753549,41.3886492702792],[-81.2034808301273,41.3872731017474]]]},"properties":{"source_county":"Geauga","jurisdiction":"Auburn Township","parcel_id":"01-708917","owner_name":"CITY OF AKRON OHIO THE","property_address":" VALLEY RD","property_city":"AUBURN TOWNSHIP","property_zip":"44023"}},{"type":"Feature","geometry":{"type":"Polygon","coordinates":[[[-81.2039070112449,41.3960662178856],[-81.20462138737,41.396063867633],[-81.2043684965632,41.3971238202385],[-81.2035751082217,41.397127597229],[-81.2039070112449,41.3960662178856]]]},"properties":{"source_county":"Geauga","jurisdiction":"Auburn Township","parcel_id":"01-708918","owner_name":"CITY OF AKRON OHIO THE","property_address":" VALLEY RD","property_city":"AUBURN TOWNSHIP","property_zip":"44023"}},{"type":"Feature","geometry":{"type":"Polygon","coordinates":[[[-81.20384532048,41.3872727937769],[-81.2044780982738,41.3872722553425],[-81.2043420814695,41.3886500601845],[-81.2037094149196,41.3886495600429],[-81.20384532048,41.3872727937769]]]},"properties":{"source_county":"Geauga","jurisdiction":"Auburn Township","parcel_id":"01-708919","owner_name":"CITY OF AKRON OHIO THE","property_address":" VALLEY RD","property_city":"AUBURN TOWNSHIP","property_zip":"44023"}},{"type":"Feature","geometry":{"type":"Polygon","coordinates":[[[-81.2096467401465,41.3744511359265],[-81.2114633562888,41.3744536006066],[-81.2110786049727,41.3748141953603],[-81.210185029311,41.3756516506268],[-81.2099928895561,41.3758317181472],[-81.2099821214246,41.3769619838382],[-81.2099735662651,41.3778599828696],[-81.209962126092,41.3790607161628],[-81.2096029055708,41.3790572418763],[-81.2096126870978,41.3779802879342],[-81.2096467401465,41.3744511359265]]]},"properties":{"source_county":"Geauga","jurisdiction":"Auburn Township","parcel_id":"01-708938","owner_name":"CITY OF AKRON OHIO THE","property_address":" RAVENNA RD","property_city":"AUBURN TOWNSHIP","property_zip":"44023"}},{"type":"Feature","geometry":{"type":"Polygon","coordinates":[[[-81.2095578125255,41.3744514865819],[-81.2096467401465,41.3744511359265],[-81.2096126870978,41.3779802879342],[-81.2033897124565,41.3778620264766],[-81.203390854825,41.3777054857116],[-81.2033983994747,41.3766713527917],[-81.203420696391,41.3744757458],[-81.2059585227616,41.3744657327564],[-81.2067601062711,41.3744625581359],[-81.2095578125255,41.3744514865819]]]},"properties":{"source_county":"Geauga","jurisdiction":"Auburn Township","parcel_id":"01-708940","owner_name":"CITY OF AKRON OHIO THE","property_address":" SHAW RD","property_city":"AUBURN TOWNSHIP","property_zip":"44023"}},{"type":"Feature","geometry":{"type":"Polygon","coordinates":[[[-81.2013169213323,41.3872749073342],[-81.2034808301273,41.3872731017474],[-81.2033449753549,41.3886492702792],[-81.2011813711792,41.3886475264091],[-81.2013169213323,41.3872749073342]]]},"properties":{"source_county":"Geauga","jurisdiction":"Auburn Township","parcel_id":"01-708941","owner_name":"CITY OF AKRON THE","property_address":" VALLEY RD","property_city":"AUBURN TOWNSHIP","property_zip":"44023"}},{"type":"Feature","geometry":{"type":"Polygon","coordinates":[[[-81.2008766892724,41.3872752698907],[-81.2013169213323,41.3872749073342],[-81.2011813711792,41.3886475264091],[-81.2010234650268,41.3902464608246],[-81.2005832835436,41.39024609992],[-81.2008766892724,41.3872752698907]]]},"properties":{"source_county":"Geauga","jurisdiction":"Auburn Township","parcel_id":"01-708942","owner_name":"CITY OF AKRON THE","property_address":" VALLEY RD","property_city":"AUBURN TOWNSHIP","property_zip":"44023"}},{"type":"Feature","geometry":{"type":"Polygon","coordinates":[[[-81.2010234650268,41.3902464608246],[-81.2011813711792,41.3886475264091],[-81.2033449753549,41.3886492702792],[-81.2037094149196,41.3886495600429],[-81.2043420814695,41.3886500601845],[-81.2041842282576,41.3902490031416],[-81.2010234650268,41.3902464608246]]]},"properties":{"source_county":"Geauga","jurisdiction":"Auburn Township","parcel_id":"01-708943","owner_name":"CITY OF AKRON OHIO THE","property_address":" VALLEY RD","property_city":"AUBURN TOWNSHIP","property_zip":"44023"}},{"type":"Feature","geometry":{"type":"Polygon","coordinates":[[[-81.1999147839365,41.387241581733],[-81.199906223418,41.381271773561],[-81.2033579854953,41.3813292691654],[-81.2095813931118,41.3814327158262],[-81.2095769053709,41.3819283187938],[-81.209576555046,41.3819669644239],[-81.2095719316779,41.3824775004238],[-81.2095692854938,41.3827695721339],[-81.2095630710889,41.3834557196605],[-81.2095558435446,41.384253798687],[-81.209551898505,41.384689322197],[-81.2095285328957,41.3872690104308],[-81.2091677767231,41.3872682549373],[-81.2090449097452,41.3872683153104],[-81.2044780982738,41.3872722553425],[-81.20384532048,41.3872727937769],[-81.2034808301273,41.3872731017474],[-81.2013169213323,41.3872749073342],[-81.2008766892724,41.3872752698907],[-81.200462459784,41.3872756091984],[-81.2003249525595,41.3872735625531],[-81.2001876790274,41.3872672002599],[-81.200050876943,41.3872565339937],[-81.1999147839365,41.387241581733]],[[-81.2062743837467,41.3870897416793],[-81.2062830328074,41.3866506605977],[-81.2057000100543,41.3866441454677],[-81.205691357097,41.3870832265065],[-81.2062743837467,41.3870897416793]]]},"properties":{"source_county":"Geauga","jurisdiction":"Auburn Township","parcel_id":"01-708950","owner_name":"CITY OF AKRON","property_address":" VALLEY RD","property_city":"AUBURN TOWNSHIP","property_zip":"44023"}},{"type":"Feature","geometry":{"type":"Polygon","coordinates":[[[-81.2057000100543,41.3866441454677],[-81.2062830328074,41.3866506605977],[-81.2062743837467,41.3870897416793],[-81.205691357097,41.3870832265065],[-81.2057000100543,41.3866441454677]]]},"properties":{"source_county":"Geauga","jurisdiction":"Auburn Township","parcel_id":"01-708958","owner_name":"CITY OF AKRON OHIO THE","property_address":"17759 VALLEY RD","property_city":"AUBURN TOWNSHIP","property_zip":"44023"}},{"type":"Feature","geometry":{"type":"Polygon","coordinates":[[[-81.2171404292682,41.3825263027435],[-81.2174382531857,41.3825285060385],[-81.2174081766924,41.3826983726906],[-81.2171155915701,41.3826689859626],[-81.2171404292682,41.3825263027435]]]},"properties":{"source_county":"Geauga","jurisdiction":"Auburn Township","parcel_id":"01-708964","owner_name":"STATE OF OHIO","property_address":" RAVENNA RD","property_city":"AUBURN TOWNSHIP","property_zip":"44023"}},{"type":"Feature","geometry":{"type":"Polygon","coordinates":[[[-81.2035751082217,41.397127597229],[-81.2043684965632,41.3971238202385],[-81.2043716688023,41.3993655837847],[-81.2043149179482,41.3993652037786],[-81.2008061532553,41.3993416421453],[-81.1993517556887,41.3993318447837],[-81.1994036027924,41.3992940099302],[-81.1995755500299,41.3990520093323],[-81.1996898881134,41.3988914649397],[-81.1997782729542,41.3987356589905],[-81.1998743480143,41.3985824558142],[-81.1999779783383,41.3984320705291],[-81.2000890183646,41.3982847142954],[-81.2002073121311,41.3981405940185],[-81.2003326934934,41.397999912059],[-81.2009623063654,41.3971399949237],[-81.2028423472611,41.3971310797544],[-81.2035751082217,41.397127597229]]]},"properties":{"source_county":"Geauga","jurisdiction":"Auburn Township","parcel_id":"01-708969","owner_name":"CITY OF AKRON OHIO THE","property_address":" VALLEY RD","property_city":"AUBURN TOWNSHIP","property_zip":"44023"}},{"type":"Feature","geometry":{"type":"Polygon","coordinates":[[[-81.2046257079474,41.3948888097318],[-81.2094822842335,41.3948745133872],[-81.2094751374456,41.3960487708508],[-81.20462138737,41.396063867633],[-81.2046257079474,41.3948888097318]]]},"properties":{"source_county":"Geauga","jurisdiction":"Auburn Township","parcel_id":"01-708970","owner_name":"CITY OF AKRON OHIO THE","property_address":" VALLEY RD","property_city":"AUBURN TOWNSHIP","property_zip":"44023"}},{"type":"Feature","geometry":{"type":"Polygon","coordinates":[[[-81.2095692854938,41.3827695721339],[-81.2105896203562,41.3827724025209],[-81.2105841650741,41.3833762055632],[-81.2105834213558,41.3834585519557],[-81.2105833795153,41.3834585514897],[-81.2095630710889,41.3834557196605],[-81.2095692854938,41.3827695721339]]]},"properties":{"source_county":"Geauga","jurisdiction":"Auburn Township","parcel_id":"01-708991","owner_name":"BOARD OF COUNTY COMMISSIONERS OF GEAUGA COUNTY","property_address":"17915 RAVENNA RD","property_city":"AUBURN TOWNSHIP","property_zip":"44023"}},{"type":"Feature","geometry":{"type":"Polygon","coordinates":[[[-81.2164760891385,41.3854969388165],[-81.2165462333977,41.3850923004796],[-81.2166921064114,41.3851066427791],[-81.2166137127447,41.3855588734491],[-81.2164658360195,41.3855560880196],[-81.2164760891385,41.3854969388165]]]},"properties":{"source_county":"Geauga","jurisdiction":"Auburn Township","parcel_id":"01-708992","owner_name":"OHIO STATE OF","property_address":" RAVENNA RD","property_city":"AUBURN TOWNSHIP","property_zip":"44023"}},{"type":"Feature","geometry":{"type":"Polygon","coordinates":[[[-81.216901531798,41.382545734313],[-81.217136666393,41.3825479154965],[-81.2171099659726,41.3827013026354],[-81.216874926899,41.3826781065044],[-81.216901531798,41.382545734313]]]},"properties":{"source_county":"Geauga","jurisdiction":"Auburn Township","parcel_id":"01-708993","owner_name":"STATE OF OHIO","property_address":" RAVENNA RD","property_city":"AUBURN TOWNSHIP","property_zip":"44023"}},{"type":"Feature","geometry":{"type":"Polygon","coordinates":[[[-81.2105896203562,41.3827724025209],[-81.2108447061643,41.3827731094115],[-81.2108392522967,41.3833768989472],[-81.2105841653392,41.3833761920581],[-81.2105896203562,41.3827724025209]]]},"properties":{"source_county":"Geauga","jurisdiction":"Auburn Township","parcel_id":"01-708997","owner_name":"BOARD OF COUNTY COMMISSIONERS OF GEAUGA COUNTY","property_address":" RAVENNA RD","property_city":"AUBURN TOWNSHIP","property_zip":"44023"}},{"type":"Feature","geometry":{"type":"Polygon","coordinates":[[[-81.2194278101337,41.3845745283601],[-81.2211534032155,41.3844406509817],[-81.2213223186366,41.3844441715837],[-81.2213014819496,41.3861199007071],[-81.2211709807464,41.3861196833958],[-81.2211322018257,41.3872887162917],[-81.218878203175,41.3872880503593],[-81.218921372674,41.3859735893087],[-81.218940980466,41.3853765473886],[-81.2193294093693,41.385210509268],[-81.2194278101337,41.3845745283601]]]},"properties":{"source_county":"Geauga","jurisdiction":"Auburn Township","parcel_id":"01-709022","owner_name":"AUBURN TOWNSHIP BOARD OF TRUSTEES","property_address":"11725 WASHINGTON ST","property_city":"AUBURN TOWNSHIP","property_zip":"44023"}},{"type":"Feature","geometry":{"type":"Polygon","coordinates":[[[-81.2173452266562,41.3872864967459],[-81.2176548838251,41.3872871778201],[-81.2176538117244,41.3873969608253],[-81.2173441540731,41.3873962779476],[-81.2173452266562,41.3872864967459]]]},"properties":{"source_county":"Geauga","jurisdiction":"Auburn Township","parcel_id":"01-709024","owner_name":"AUBURN CORNER INVESTMENTS LLC","property_address":" WASHINGTON ST","property_city":"AUBURN TOWNSHIP","property_zip":"44023"}},{"type":"Feature","geometry":{"type":"Polygon","coordinates":[[[-81.2152431999486,41.3936987881833],[-81.2151522428404,41.3942432847517],[-81.2141689286664,41.3942414398147],[-81.2142600436797,41.3936976021746],[-81.2152431999486,41.3936987881833]]]},"properties":{"source_county":"Geauga","jurisdiction":"Auburn Township","parcel_id":"01-011000","owner_name":"BLANKENSHIP NICHOLAS L","property_address":"17511 RAVENNA RD","property_city":"AUBURN TOWNSHIP","property_zip":"44023"}},{"type":"Feature","geometry":{"type":"Polygon","coordinates":[[[-81.2041842282576,41.3902490031416],[-81.2046427642796,41.3902493647552],[-81.204637112484,41.3917865964727],[-81.2040452233135,41.3916569512893],[-81.2041842282576,41.3902490031416]]]},"properties":{"source_county":"Geauga","jurisdiction":"Auburn Township","parcel_id":"01-709030","owner_name":"CITY OF AKRON OHIO","property_address":" VALLEY RD","property_city":"AUBURN TWP","property_zip":"44023"}},{"type":"Feature","geometry":{"type":"Polygon","coordinates":[[[-81.2046266246141,41.3946395411435],[-81.2046427642796,41.3902493647552],[-81.2041842282576,41.3902490031416],[-81.2043420814695,41.3886500601845],[-81.2044780982738,41.3872722553425],[-81.2090449097452,41.3872683153104],[-81.2091677767231,41.3872682549373],[-81.2091604217333,41.3884758614295],[-81.2095212155947,41.388476557856],[-81.2095199124768,41.3886907597825],[-81.209513274318,41.3897816932511],[-81.2094957276044,41.3926653763141],[-81.2094838032391,41.3946249355875],[-81.2094822842335,41.3948745133872],[-81.2046257078941,41.3948888124328],[-81.2046266246141,41.3946395411435]]]},"properties":{"source_county":"Geauga","jurisdiction":"Auburn Township","parcel_id":"01-708949","owner_name":"CITY OF AKRON OHIO","property_address":" VALLEY RD","property_city":"AUBURN TWP","property_zip":"44023"}},{"type":"Feature","geometry":{"type":"Polygon","coordinates":[[[-81.2046266246141,41.3946395411435],[-81.2046257078941,41.3948888124328],[-81.20462138737,41.396063867633],[-81.2039070112449,41.3960662178856],[-81.2035751082217,41.397127597229],[-81.2028423472611,41.3971310797544],[-81.2028512043071,41.3962820182193],[-81.2031714110697,41.3958275852882],[-81.202463286221,41.3949241527226],[-81.2026155390543,41.3946938987224],[-81.2046266246141,41.3946395411435]]]},"properties":{"source_county":"Geauga","jurisdiction":"Auburn Township","parcel_id":"01-709031","owner_name":"CITY OF AKRON OHIO","property_address":" VALLEY RD","property_city":"AUBURN TWP","property_zip":"44023"}}]}