{"type":"FeatureCollection","features":[{"type":"Feature","geometry":{"type":"Polygon","coordinates":[[[-81.2548000692272,41.5699341577965],[-81.2551980393981,41.569933036776],[-81.2551998654843,41.5700098840373],[-81.2552011918146,41.5700647630805],[-81.2552262788749,41.5711030970355],[-81.2548283235951,41.5711051422869],[-81.2548032196788,41.5700658822983],[-81.2548018948807,41.5700110032635],[-81.2548000692272,41.5699341577965]]]},"properties":{"source_county":"Geauga","jurisdiction":"Chardon Township","parcel_id":"06-000150","owner_name":"RADEBAUGH DOUGLAS M JR & LAURA A","property_address":"10774 THWING RD","property_city":"CHARDON","property_zip":"44024"}},{"type":"Feature","geometry":{"type":"Polygon","coordinates":[[[-81.2682090085105,41.5720057331285],[-81.2689858443615,41.5706182860145],[-81.2694595434038,41.5707557288727],[-81.2687605981948,41.5721133586659],[-81.2682090085105,41.5720057331285]]]},"properties":{"source_county":"Geauga","jurisdiction":"Chardon Township","parcel_id":"06-000900","owner_name":"AMBROSE DENNIS G & KATHLEEN M","property_address":"10376 THWING RD","property_city":"CHARDON","property_zip":"44024"}},{"type":"Feature","geometry":{"type":"Polygon","coordinates":[[[-81.2616206219436,41.5716372206379],[-81.261756524904,41.5716368615951],[-81.2617746420609,41.573054680466],[-81.2616685449383,41.5730720546993],[-81.2615641881293,41.5730946024028],[-81.2614620184806,41.5731222270293],[-81.2613624734754,41.5731548102931],[-81.2612659793601,41.5731922126754],[-81.2611729493196,41.5732342740224],[-81.2610837817079,41.5732808142307],[-81.2609988583431,41.5733316340182],[-81.2599292437947,41.5716416870228],[-81.2616206219436,41.5716372206379]]]},"properties":{"source_county":"Geauga","jurisdiction":"Chardon Township","parcel_id":"06-003010","owner_name":"BOETGER ROBERT O & PAMELA K","property_address":"10615 NORTH WOODS CIR","property_city":"CHARDON","property_zip":"44024"}},{"type":"Feature","geometry":{"type":"Polygon","coordinates":[[[-81.2518495705164,41.5722181256149],[-81.2534416755421,41.5722099764106],[-81.2534482976749,41.5724843714929],[-81.2518561871614,41.5724925217004],[-81.2518495705164,41.5722181256149]]]},"properties":{"source_county":"Geauga","jurisdiction":"Chardon Township","parcel_id":"06-003100","owner_name":"WALKER JUSTIN M & NEWTON SAMANTHA R","property_address":"11001 OLMAR DR","property_city":"CHARDON","property_zip":"44024"}},{"type":"Feature","geometry":{"type":"Polygon","coordinates":[[[-81.266623280639,41.5712508957994],[-81.2669962170462,41.5700409715865],[-81.2674797931089,41.5701812910898],[-81.2669982634783,41.5713597048765],[-81.266623280639,41.5712508957994]]]},"properties":{"source_county":"Geauga","jurisdiction":"Chardon Township","parcel_id":"06-004700","owner_name":"KRAINCIC BROOKE & BOOTH TRAVIS L","property_address":"10450 THWING RD","property_city":"CHARDON","property_zip":"44024"}},{"type":"Feature","geometry":{"type":"Polygon","coordinates":[[[-81.2502774906785,41.5730494399468],[-81.251869418237,41.5730413128701],[-81.2518760350654,41.5733157079801],[-81.2502840996391,41.5733238351338],[-81.2502774906785,41.5730494399468]]]},"properties":{"source_county":"Geauga","jurisdiction":"Chardon Township","parcel_id":"06-005120","owner_name":"SIDDERS TIMOTHY J","property_address":"10972 HELMUT DR","property_city":"CHARDON","property_zip":"44024"}},{"type":"Feature","geometry":{"type":"Polygon","coordinates":[[[-81.251425136959,41.5711225771842],[-81.2518231080533,41.5711205428612],[-81.2518297244765,41.5713949390471],[-81.2502378357317,41.5714030655714],[-81.250231227176,41.5711286693086],[-81.2506291923328,41.5711266399126],[-81.2510271646582,41.5711246092302],[-81.251425136959,41.5711225771842]]]},"properties":{"source_county":"Geauga","jurisdiction":"Chardon Township","parcel_id":"06-005400","owner_name":"MUNI LISA K & BEER CHRISTY S & LESLIE CINDY G","property_address":"11048 HELMUT DR","property_city":"CHARDON","property_zip":"44024"}},{"type":"Feature","geometry":{"type":"Polygon","coordinates":[[[-81.253660961212,41.5722088523193],[-81.2552527983637,41.5722006790192],[-81.2552594280837,41.5724750739991],[-81.2536675842634,41.5724832473893],[-81.253660961212,41.5722088523193]]]},"properties":{"source_county":"Geauga","jurisdiction":"Chardon Township","parcel_id":"06-009200","owner_name":"MUNI ANTHONY J","property_address":"11000 OLMAR DR","property_city":"CHARDON","property_zip":"44024"}},{"type":"Feature","geometry":{"type":"Polygon","coordinates":[[[-81.2513968546615,41.5699479457483],[-81.2517948223829,41.5699460286252],[-81.2518231080533,41.5711205428612],[-81.251425136959,41.5711225771842],[-81.2513968546615,41.5699479457483]]]},"properties":{"source_county":"Geauga","jurisdiction":"Chardon Township","parcel_id":"06-012150","owner_name":"GREY JAMES EDWIN JR TOD","property_address":"10864 THWING RD","property_city":"CHARDON","property_zip":"44024"}},{"type":"Feature","geometry":{"type":"Polygon","coordinates":[[[-81.2535209930084,41.5737463889875],[-81.2540801809081,41.573743521407],[-81.2540992489871,41.5745332326707],[-81.253540128959,41.5745391735984],[-81.2535209930084,41.5737463889875]]]},"properties":{"source_county":"Geauga","jurisdiction":"Chardon Township","parcel_id":"06-014200","owner_name":"RICE JAMES B","property_address":"10806 HOWARD DR","property_city":"CHARDON","property_zip":"44024"}},{"type":"Feature","geometry":{"type":"Polygon","coordinates":[[[-81.2700073594242,41.572209161572],[-81.2705866742736,41.5710827540699],[-81.2710363199897,41.5712132091513],[-81.2704185344736,41.5724144297424],[-81.270009679722,41.5723410061132],[-81.2699454796123,41.5723294771149],[-81.2700073594242,41.572209161572]]]},"properties":{"source_county":"Geauga","jurisdiction":"Chardon Township","parcel_id":"06-014350","owner_name":"MOORE DENNIS KEITH & MB HOMES AND RENOVATIONS LLC","property_address":" THWING RD","property_city":"CHARDON","property_zip":"44024"}},{"type":"Feature","geometry":{"type":"Polygon","coordinates":[[[-81.2536477140939,41.571660061191],[-81.2552395379088,41.5716518880711],[-81.2552461687165,41.571926283114],[-81.2536543382332,41.571934456324],[-81.2536477140939,41.571660061191]]]},"properties":{"source_county":"Geauga","jurisdiction":"Chardon Township","parcel_id":"06-015100","owner_name":"NISHIZAKI OLIN J","property_address":"11024 OLMAR DR","property_city":"CHARDON","property_zip":"44024"}},{"type":"Feature","geometry":{"type":"Polygon","coordinates":[[[-81.2604053273243,41.5740423929837],[-81.262008985232,41.5749927395849],[-81.2620164768395,41.5757472104415],[-81.259782013374,41.5744230113853],[-81.2599442514303,41.5743339150157],[-81.2601023387661,41.5742407064175],[-81.260256090626,41.5741434945332],[-81.2604053273243,41.5740423929837]]]},"properties":{"source_county":"Geauga","jurisdiction":"Chardon Township","parcel_id":"06-015230","owner_name":"ROSE ROBERT W & HELENE M","property_address":"10620 NORTH WOODS CIR","property_city":"CHARDON","property_zip":"44024"}},{"type":"Feature","geometry":{"type":"Polygon","coordinates":[[[-81.2695142227494,41.5698956904195],[-81.2701963603498,41.5698931081865],[-81.2701962785636,41.5698950370578],[-81.2701518335039,41.5709448224113],[-81.2694695343944,41.5707468587149],[-81.2695141781778,41.5698965309994],[-81.2695142227494,41.5698956904195]]]},"properties":{"source_county":"Geauga","jurisdiction":"Chardon Township","parcel_id":"06-019350","owner_name":"GEDEON LINDSEY A & GREGORY DANIEL","property_address":"10363 THWING RD","property_city":"CHARDON","property_zip":"44024"}},{"type":"Feature","geometry":{"type":"Polygon","coordinates":[[[-81.2518429551086,41.5719437304175],[-81.253435052283,41.5719355803899],[-81.2534416755421,41.5722099764106],[-81.2518495705164,41.5722181256149],[-81.2518429551086,41.5719437304175]]]},"properties":{"source_county":"Geauga","jurisdiction":"Chardon Township","parcel_id":"06-019600","owner_name":"CROYLE TERRY S TOD","property_address":"11013 OLMAR DR","property_city":"CHARDON","property_zip":"44024"}},{"type":"Feature","geometry":{"type":"Polygon","coordinates":[[[-81.2704185344736,41.5724144297424],[-81.2710363199897,41.5712132091513],[-81.2714859662814,41.5713436633739],[-81.270891591761,41.5724993804534],[-81.2704185344736,41.5724144297424]]]},"properties":{"source_county":"Geauga","jurisdiction":"Chardon Township","parcel_id":"06-020560","owner_name":"MOORE DENNIS KEITH & MB HOMES AND RENOVATIONS LLC","property_address":"10344 THWING RD","property_city":"CHARDON","property_zip":"44024"}},{"type":"Feature","geometry":{"type":"Polygon","coordinates":[[[-81.2518297244765,41.5713949390471],[-81.253421808312,41.5713867891995],[-81.2534284302612,41.5716611852574],[-81.2518363397734,41.5716693342946],[-81.2518297244765,41.5713949390471]]]},"properties":{"source_county":"Geauga","jurisdiction":"Chardon Township","parcel_id":"06-022100","owner_name":"VAN NESS JEFFERY M","property_address":"11037 OLMAR DR","property_city":"CHARDON","property_zip":"44024"}},{"type":"Feature","geometry":{"type":"Polygon","coordinates":[[[-81.2739192695519,41.5735547228147],[-81.2746828926496,41.572273690934],[-81.2755596953424,41.5725327551176],[-81.2748008722169,41.5738084744683],[-81.2739192695519,41.5735547228147]]]},"properties":{"source_county":"Geauga","jurisdiction":"Chardon Township","parcel_id":"06-022200","owner_name":"VIDMAR ANTHONY A & COLETTA A","property_address":"10210 THWING RD","property_city":"CHARDON","property_zip":"44024"}},{"type":"Feature","geometry":{"type":"Polygon","coordinates":[[[-81.2645851690429,41.5737489181572],[-81.2663822823637,41.5737388006832],[-81.266387529614,41.5742636203456],[-81.2663879353097,41.5743042148425],[-81.2643364007206,41.5743217734214],[-81.2643500743154,41.574272175099],[-81.2643663305673,41.5742230181406],[-81.264385144403,41.5741743783473],[-81.2644064868054,41.5741263307229],[-81.2645851690429,41.5737489181572]]]},"properties":{"source_county":"Geauga","jurisdiction":"Chardon Township","parcel_id":"06-025700","owner_name":"WATSON TODD J & MICHELLE C","property_address":"10950 FOREST OAKS DR","property_city":"CHARDON","property_zip":"44024"}},{"type":"Feature","geometry":{"type":"Polygon","coordinates":[[[-81.2546583689308,41.5745272881511],[-81.2546393687586,41.5737406511342],[-81.2548513738889,41.573739561031],[-81.2548553508158,41.5739042096589],[-81.2552939058697,41.5739019554298],[-81.2553088490796,41.5745203687738],[-81.2546583689308,41.5745272881511]]]},"properties":{"source_county":"Geauga","jurisdiction":"Chardon Township","parcel_id":"06-026250","owner_name":"BELLITTO PAUL A","property_address":"10776 HOWARD DR","property_city":"CHARDON","property_zip":"44024"}},{"type":"Feature","geometry":{"type":"Polygon","coordinates":[[[-81.251869418237,41.5730413128701],[-81.2534615420899,41.5730331624826],[-81.253468165571,41.5733075584028],[-81.2518760350654,41.5733157079801],[-81.251869418237,41.5730413128701]]]},"properties":{"source_county":"Geauga","jurisdiction":"Chardon Township","parcel_id":"06-026400","owner_name":"DWYER MICHAEL DANIEL & PATRICIA ANN","property_address":"10973 OLMAR DR","property_city":"CHARDON","property_zip":"44024"}},{"type":"Feature","geometry":{"type":"Polygon","coordinates":[[[-81.2518628026801,41.5727669168477],[-81.253454919846,41.5727587674504],[-81.2534615420899,41.5730331624826],[-81.251869418237,41.5730413128701],[-81.2518628026801,41.5727669168477]]]},"properties":{"source_county":"Geauga","jurisdiction":"Chardon Township","parcel_id":"06-028500","owner_name":"DASSATTI NINA L & DUDEK JEREMY C","property_address":"10983 OLMAR DR","property_city":"CHARDON","property_zip":"44024"}},{"type":"Feature","geometry":{"type":"Polygon","coordinates":[[[-81.250998886934,41.5699498606074],[-81.2513968546615,41.5699479457483],[-81.251425136959,41.5711225771842],[-81.2510271646582,41.5711246092302],[-81.250998886934,41.5699498606074]]]},"properties":{"source_county":"Geauga","jurisdiction":"Chardon Township","parcel_id":"06-028900","owner_name":"LOWTHER DONNA J TOD","property_address":"10874 THWING RD","property_city":"CHARDON","property_zip":"44024"}},{"type":"Feature","geometry":{"type":"Polygon","coordinates":[[[-81.2540801809081,41.573743521407],[-81.2546393687586,41.5737406511342],[-81.2546583689308,41.5745272881511],[-81.2540992489871,41.5745332326707],[-81.2540801809081,41.573743521407]]]},"properties":{"source_county":"Geauga","jurisdiction":"Chardon Township","parcel_id":"06-029300","owner_name":"THOMAS MOLLY A","property_address":"10792 HOWARD DR","property_city":"CHARDON","property_zip":"44024"}},{"type":"Feature","geometry":{"type":"Polygon","coordinates":[[[-81.2536675842634,41.5724832473893],[-81.2552594280837,41.5724750739991],[-81.255266057842,41.5727494698541],[-81.2536742073533,41.5727576433345],[-81.2536675842634,41.5724832473893]]]},"properties":{"source_county":"Geauga","jurisdiction":"Chardon Township","parcel_id":"06-029600","owner_name":"BERTOVIC ROSIKA","property_address":"10992 OLMAR DR","property_city":"CHARDON","property_zip":"44024"}},{"type":"Feature","geometry":{"type":"Polygon","coordinates":[[[-81.2502378357317,41.5714030655714],[-81.2518297244765,41.5713949390471],[-81.2518363397734,41.5716693342946],[-81.2502444443601,41.5716774609089],[-81.2502378357317,41.5714030655714]]]},"properties":{"source_county":"Geauga","jurisdiction":"Chardon Township","parcel_id":"06-030200","owner_name":"BROOKSHIRE KAY NUNNALLY TOD","property_address":"11036 HELMUT DR","property_city":"CHARDON","property_zip":"44024"}},{"type":"Feature","geometry":{"type":"Polygon","coordinates":[[[-81.2622652661535,41.5731976701548],[-81.2631423632952,41.57319275286],[-81.26315360185,41.5743224072384],[-81.2622764895802,41.5743273246162],[-81.2622652661535,41.5731976701548]]]},"properties":{"source_county":"Geauga","jurisdiction":"Chardon Township","parcel_id":"06-031150","owner_name":"STODDARD JOHN R & MAUREENA M","property_address":"10570 NORTH WOODS CIR","property_city":"CHARDON","property_zip":"44024"}},{"type":"Feature","geometry":{"type":"Polygon","coordinates":[[[-81.2680550646399,41.5699001749286],[-81.2688298450031,41.5698982782149],[-81.2688297836474,41.569900074931],[-81.2688075387035,41.5705547810598],[-81.2680329014635,41.5703300147337],[-81.2680550070778,41.5699001752185],[-81.2680550646399,41.5699001749286]]]},"properties":{"source_county":"Geauga","jurisdiction":"Chardon Township","parcel_id":"06-032100","owner_name":"ELLIOTT JUDSON S TOD & BEVERLY L TOD","property_address":"10395 THWING RD","property_city":"CHARDON","property_zip":"44024"}},{"type":"Feature","geometry":{"type":"Polygon","coordinates":[[[-81.253641091226,41.5713856651455],[-81.2552329083727,41.5713774921157],[-81.2552395379088,41.5716518880711],[-81.2536477140939,41.571660061191],[-81.253641091226,41.5713856651455]]]},"properties":{"source_county":"Geauga","jurisdiction":"Chardon Township","parcel_id":"06-032200","owner_name":"JENKINS LAURA","property_address":"11036 OLMAR DR","property_city":"CHARDON","property_zip":"44024"}},{"type":"Feature","geometry":{"type":"Polygon","coordinates":[[[-81.2666746183947,41.5698972052276],[-81.2673647937231,41.5698987141342],[-81.2673647902409,41.5698987717282],[-81.2673527725509,41.570132664773],[-81.2669982394156,41.5700297892307],[-81.2666726560782,41.5699353136066],[-81.2666738737905,41.5699116573015],[-81.2666746183947,41.5698972052276]]]},"properties":{"source_county":"Geauga","jurisdiction":"Chardon Township","parcel_id":"06-033000","owner_name":"SCHUSTER RUDOLF & DEBORAH ELAINE TRUSTEES","property_address":" THWING RD","property_city":"CHARDON","property_zip":"44024"}},{"type":"Feature","geometry":{"type":"Polygon","coordinates":[[[-81.251843428999,41.5737549764754],[-81.2524026170453,41.5737521169718],[-81.2524218873654,41.5745510491666],[-81.2518627670332,41.5745569820195],[-81.251843428999,41.5737549764754]]]},"properties":{"source_county":"Geauga","jurisdiction":"Chardon Township","parcel_id":"06-034600","owner_name":"FARINACCI REX","property_address":"10852 HOWARD DR","property_city":"CHARDON","property_zip":"44024"}},{"type":"Feature","geometry":{"type":"Polygon","coordinates":[[[-81.2609569231183,41.5735985566423],[-81.2621875358691,41.5743278227378],[-81.2620023918253,41.574328859599],[-81.262007694301,41.5748627959169],[-81.262008985232,41.5749927395849],[-81.2604053273243,41.5740423929837],[-81.2605507726807,41.5739368450339],[-81.2606912969573,41.5738276027609],[-81.26082673386,41.5737147954593],[-81.2609569231183,41.5735985566423]]]},"properties":{"source_county":"Geauga","jurisdiction":"Chardon Township","parcel_id":"06-037124","owner_name":"BEAUBIEN KEITH","property_address":"10610 NORTH WOODS CIR","property_city":"CHARDON","property_zip":"44024"}},{"type":"Feature","geometry":{"type":"Polygon","coordinates":[[[-81.2594042110957,41.574607229692],[-81.2594918501702,41.5745671433721],[-81.2617704822167,41.5759432734027],[-81.2610409402565,41.5759549254926],[-81.2586528132678,41.5749305384251],[-81.2587266010878,41.5748900995653],[-81.2588030309774,41.5748525295366],[-81.2588819053147,41.5748179254806],[-81.2589630201578,41.5747863768697],[-81.2590752017929,41.5747442510738],[-81.259186161066,41.5747003378196],[-81.2592958474745,41.5746546570949],[-81.2594042110957,41.574607229692]]]},"properties":{"source_county":"Geauga","jurisdiction":"Chardon Township","parcel_id":"06-037126","owner_name":"CHARLTON DIANE M TRUSTEE","property_address":"10640 NORTH WOODS CIR","property_city":"CHARDON","property_zip":"44024"}},{"type":"Feature","geometry":{"type":"Polygon","coordinates":[[[-81.2573453704261,41.5740115450023],[-81.2575004901023,41.5738707632975],[-81.2587859742197,41.5746696577738],[-81.258689291861,41.5747116902162],[-81.2585958629766,41.5747576847689],[-81.2585059752191,41.5748074998253],[-81.2584199053407,41.5748609820162],[-81.2583379183411,41.5749179666814],[-81.2582602666516,41.5749782783774],[-81.2581871893581,41.5750417314165],[-81.2581189114648,41.5751081304393],[-81.2573145716967,41.5746141817894],[-81.2569369078166,41.5743822517561],[-81.2573077910581,41.5740456512743],[-81.2573453704261,41.5740115450023]]]},"properties":{"source_county":"Geauga","jurisdiction":"Chardon Township","parcel_id":"06-037138","owner_name":"LAZNIK KEVIN J & CYNTHIA M","property_address":"10695 NORTH WOODS CIR","property_city":"CHARDON","property_zip":"44024"}},{"type":"Feature","geometry":{"type":"Polygon","coordinates":[[[-81.2582772840736,41.5731657532604],[-81.2584097769402,41.5730455016999],[-81.2600457629616,41.5740621751742],[-81.2599114699795,41.5741447717256],[-81.2597738670193,41.574224237071],[-81.2596330835005,41.5743004964641],[-81.2594892518355,41.5743734781745],[-81.2579800064296,41.5734355617487],[-81.2582772840736,41.5731657532604]]]},"properties":{"source_county":"Geauga","jurisdiction":"Chardon Township","parcel_id":"06-037140","owner_name":"WILTSE DANIEL P & MELINDA S","property_address":"10655 NORTH WOODS CIR","property_city":"CHARDON","property_zip":"44024"}},{"type":"Feature","geometry":{"type":"Polygon","coordinates":[[[-81.2584097769402,41.5730455016999],[-81.2588934211047,41.5726065386746],[-81.2604471686505,41.5737813254183],[-81.260350247561,41.573854257938],[-81.2602510004786,41.5739254047684],[-81.2601494857265,41.5739947240942],[-81.2600457629616,41.5740621751742],[-81.2584097769402,41.5730455016999]]]},"properties":{"source_county":"Geauga","jurisdiction":"Chardon Township","parcel_id":"06-037141","owner_name":"NAGY LOUIS E TOD & DIANA S TOD","property_address":"10645 NORTH WOODS CIR","property_city":"CHARDON","property_zip":"44024"}},{"type":"Feature","geometry":{"type":"Polygon","coordinates":[[[-81.2599332365178,41.5720451037221],[-81.2599292437947,41.5716416870228],[-81.2609988583431,41.5733316340182],[-81.260942133248,41.5733696387117],[-81.2608877853822,41.5734095542786],[-81.2608359287908,41.5734512969624],[-81.2607866722917,41.5734947791722],[-81.2607050479504,41.5735685553351],[-81.2606212272577,41.573640929549],[-81.2605352528974,41.5737118649529],[-81.2604471686505,41.5737813254183],[-81.2588934211047,41.5726065386746],[-81.2595107664906,41.5720462153347],[-81.2597113946105,41.5720456873659],[-81.2599332365178,41.5720451037221]]]},"properties":{"source_county":"Geauga","jurisdiction":"Chardon Township","parcel_id":"06-037142","owner_name":"O NEIL AARON M","property_address":"10635 NORTH WOODS CIR","property_city":"CHARDON","property_zip":"44024"}},{"type":"Feature","geometry":{"type":"Polygon","coordinates":[[[-81.2625970753625,41.5716346314111],[-81.2634010792487,41.5716324931556],[-81.2634086795039,41.5723962650477],[-81.2634149523338,41.5730265546537],[-81.2626109548819,41.5730310642301],[-81.2625970753625,41.5716346314111]]]},"properties":{"source_county":"Geauga","jurisdiction":"Chardon Township","parcel_id":"06-037145","owner_name":"WENTZ BRADLEY A & JON D CO TRUSTEES","property_address":"10565 NORTH WOODS CIR","property_city":"CHARDON","property_zip":"44024"}},{"type":"Feature","geometry":{"type":"Polygon","coordinates":[[[-81.2558269213041,41.5736650032808],[-81.2566697192938,41.5746247394765],[-81.2562723226055,41.574985392294],[-81.2553112381602,41.574685023726],[-81.2553088490796,41.5745203687738],[-81.2552939058697,41.5739019554298],[-81.2552899254768,41.5737373049905],[-81.2553584192583,41.5737358510047],[-81.2554267683624,41.5737322071408],[-81.255494848679,41.5737263800154],[-81.2555625365864,41.5737183802096],[-81.2556297091753,41.5737082222496],[-81.2556962444724,41.5736959245804],[-81.2557620216617,41.5736815095325],[-81.2558269213041,41.5736650032808]]]},"properties":{"source_county":"Geauga","jurisdiction":"Chardon Township","parcel_id":"06-037149","owner_name":"TAYLOR JEFFREY B & NANCY A","property_address":" HOWARD DR","property_city":"CHARDON","property_zip":"44024"}},{"type":"Feature","geometry":{"type":"Polygon","coordinates":[[[-81.2567469307456,41.5730226425991],[-81.257296200728,41.5730740094059],[-81.2582772840736,41.5731657532604],[-81.2579800064296,41.5734355617487],[-81.2575004901023,41.5738707632975],[-81.2573453704261,41.5740115450023],[-81.2573070614117,41.5739845086559],[-81.2564350090413,41.5733690603927],[-81.256482531021,41.5733305092375],[-81.2565277751222,41.5732904424615],[-81.256570655719,41.5732489358962],[-81.2566110916593,41.5732060680974],[-81.2566490064184,41.5731619201976],[-81.2566843282433,41.5731165757514],[-81.2567169902893,41.5730701205782],[-81.2567469307456,41.5730226425991]]]},"properties":{"source_county":"Geauga","jurisdiction":"Chardon Township","parcel_id":"06-037151","owner_name":"ROSE RALPH E TOD & LORETTA A TOD","property_address":"10730 HOWARD DR","property_city":"CHARDON","property_zip":"44024"}},{"type":"Feature","geometry":{"type":"Polygon","coordinates":[[[-81.2590013798343,41.5720475528702],[-81.2595107664906,41.5720462153347],[-81.2588934211047,41.5726065386746],[-81.2584097769402,41.5730455016999],[-81.2582772840736,41.5731657532604],[-81.257296200728,41.5730740094059],[-81.2567469307456,41.5730226425991],[-81.2567626201872,41.5729912748729],[-81.2567731021808,41.5729587051619],[-81.2567782204831,41.5729254189706],[-81.2567778988059,41.5728919124827],[-81.2567721419527,41.5728586851653],[-81.2567610357463,41.572826232323],[-81.2567447457496,41.5727950377154],[-81.2567235147968,41.572765566345],[-81.2572892710279,41.5724930025818],[-81.2582095509584,41.5720496288225],[-81.2590013798343,41.5720475528702]]]},"properties":{"source_county":"Geauga","jurisdiction":"Chardon Township","parcel_id":"06-037152","owner_name":"SHINSKY JOSEPH O & CHARLENE","property_address":"10720 HOWARD DR","property_city":"CHARDON","property_zip":"44024"}},{"type":"Feature","geometry":{"type":"Polygon","coordinates":[[[-81.255786384739,41.5712518641278],[-81.2563400487235,41.5712504242188],[-81.2563629783308,41.5726388123134],[-81.2563285152735,41.5726436843501],[-81.2562948327197,41.5726510144141],[-81.2562622408065,41.572660735013],[-81.2562310396292,41.5726727566429],[-81.2562015164781,41.5726869686129],[-81.2561739431932,41.5727032400639],[-81.2561485736615,41.5727214211741],[-81.2561256414792,41.5727413445378],[-81.2552484721766,41.5720216152065],[-81.2552461687165,41.571926283114],[-81.2552395379088,41.5716518880711],[-81.2552329083727,41.5713774921157],[-81.2552299074567,41.5712533081628],[-81.255786384739,41.5712518641278]]]},"properties":{"source_county":"Geauga","jurisdiction":"Chardon Township","parcel_id":"06-037154","owner_name":"SPRAGUE THOMAS C II & KELLY A","property_address":"10745 HOWARD DR","property_city":"CHARDON","property_zip":"44024"}},{"type":"Feature","geometry":{"type":"Polygon","coordinates":[[[-81.2552527983637,41.5722006790192],[-81.2552484721766,41.5720216152065],[-81.2561256414792,41.5727413445378],[-81.256094922852,41.5727758678402],[-81.2560714912806,41.5728134759876],[-81.2560558831057,41.572853308163],[-81.2560484555996,41.5728944526419],[-81.2560493787872,41.5729359676604],[-81.2560586315534,41.5729769029716],[-81.2560760021243,41.5730163215959],[-81.2561010929135,41.5730533212681],[-81.2561184607709,41.5730773735601],[-81.2561325530219,41.5731026049516],[-81.2561432295948,41.5731287646584],[-81.256150384367,41.5731555926696],[-81.2561539462201,41.573182822331],[-81.2561538797469,41.5732101829962],[-81.2561501856035,41.5732374027163],[-81.2561429005032,41.573264210943],[-81.2561320968514,41.5732903412177],[-81.2561178820263,41.5733155338198],[-81.2561003973117,41.5733395383486],[-81.256079816493,41.5733621162117],[-81.2560563441296,41.573383042997],[-81.2560302135224,41.5734021107029],[-81.2560016843942,41.573419129806],[-81.2559710403089,41.5734339311447],[-81.2558918940404,41.5734655890048],[-81.2558101919317,41.5734933451927],[-81.2557262746382,41.5735170839788],[-81.255640492053,41.5735367063835],[-81.2555532018473,41.5735521305909],[-81.2554647679795,41.5735632922893],[-81.2553755591771,41.5735701449396],[-81.2552859473991,41.5735726599696],[-81.2552793187414,41.5732982606015],[-81.255272688872,41.5730238647967],[-81.255266057842,41.5727494698541],[-81.2552594280837,41.5724750739991],[-81.2552527983637,41.5722006790192]]]},"properties":{"source_county":"Geauga","jurisdiction":"Chardon Township","parcel_id":"06-037155","owner_name":"WEBER THEODORE F TOD & RZESZUT DONNA M TOD","property_address":"10755 HOWARD DR","property_city":"CHARDON","property_zip":"44024"}},{"type":"Feature","geometry":{"type":"Polygon","coordinates":[[[-81.2501658645502,41.5737635397328],[-81.2507250527428,41.573760688306],[-81.2507445248317,41.574568841438],[-81.2501854041958,41.574574766216],[-81.2501658645502,41.5737635397328]]]},"properties":{"source_county":"Geauga","jurisdiction":"Chardon Township","parcel_id":"06-038490","owner_name":"KELLY JOHN M","property_address":"10896 HOWARD DR","property_city":"CHARDON","property_zip":"44024"}},{"type":"Feature","geometry":{"type":"Polygon","coordinates":[[[-81.2518760350654,41.5733157079801],[-81.253468165571,41.5733075584028],[-81.2534747878401,41.5735819578862],[-81.2518826506474,41.5735901084538],[-81.2518760350654,41.5733157079801]]]},"properties":{"source_county":"Geauga","jurisdiction":"Chardon Township","parcel_id":"06-040000","owner_name":"RAMSEY DAVID & FREIA E CO TRUSTEES","property_address":"10963 OLMAR DR","property_city":"CHARDON","property_zip":"44024"}},{"type":"Feature","geometry":{"type":"Polygon","coordinates":[[[-81.2502576629645,41.5722262524219],[-81.2518495705164,41.5722181256149],[-81.2518561871614,41.5724925217004],[-81.2502642717418,41.5725006485844],[-81.2502576629645,41.5722262524219]]]},"properties":{"source_county":"Geauga","jurisdiction":"Chardon Township","parcel_id":"06-040600","owner_name":"HEINZ RICHARD W & LAUREN C","property_address":"11000 HELMUT DR","property_city":"CHARDON","property_zip":"44024"}},{"type":"Feature","geometry":{"type":"Polygon","coordinates":[[[-81.2502029586023,41.5699536863117],[-81.2506009191833,41.5699517741027],[-81.2506291923328,41.5711266399126],[-81.250231227176,41.5711286693086],[-81.2502029586023,41.5699536863117]]]},"properties":{"source_county":"Geauga","jurisdiction":"Chardon Township","parcel_id":"06-042020","owner_name":"KIRBY L DEAN II","property_address":"10894 THWING RD","property_city":"CHARDON","property_zip":"44024"}},{"type":"Feature","geometry":{"type":"Polygon","coordinates":[[[-81.2643364007206,41.5743217734214],[-81.2663879353097,41.5743042148425],[-81.2663932735381,41.5748381509637],[-81.2643237840377,41.574848249174],[-81.2643133277362,41.5748256738485],[-81.264309624953,41.5748019343372],[-81.264307294973,41.5745680620766],[-81.2643086562925,41.5745061672962],[-81.264313970704,41.5744443928395],[-81.2643232259562,41.5743828809889],[-81.2643364007206,41.5743217734214]]]},"properties":{"source_county":"Geauga","jurisdiction":"Chardon Township","parcel_id":"06-045410","owner_name":"DUNCAN CHARLES K & MARY A","property_address":"10922 FOREST OAKS DR","property_city":"CHARDON","property_zip":"44024"}},{"type":"Feature","geometry":{"type":"Polygon","coordinates":[[[-81.2536061682411,41.5699375118784],[-81.2540041276459,41.5699363957336],[-81.2540059524512,41.5700132367115],[-81.2540072765824,41.5700681157553],[-81.2540324117621,41.571109228686],[-81.2536344683966,41.5711112699752],[-81.2536093163944,41.5700692310106],[-81.2536079925967,41.5700143519623],[-81.2536061682411,41.5699375118784]]]},"properties":{"source_county":"Geauga","jurisdiction":"Chardon Township","parcel_id":"06-045500","owner_name":"RABABY JOSEPH J TOD","property_address":"10804 THWING RD","property_city":"CHARDON","property_zip":"44024"}},{"type":"Feature","geometry":{"type":"Polygon","coordinates":[[[-81.2627296191923,41.5699115681575],[-81.2632771654983,41.5699099886972],[-81.2632900887229,41.5708094298505],[-81.2627235067503,41.5708107237985],[-81.2627296191923,41.5699115681575]]]},"properties":{"source_county":"Geauga","jurisdiction":"Chardon Township","parcel_id":"06-045510","owner_name":"KUHN JOHN W JR & MICHELLE M","property_address":"10564 THWING RD","property_city":"CHARDON","property_zip":"44024"}},{"type":"Feature","geometry":{"type":"Polygon","coordinates":[[[-81.2700380231745,41.5739514728367],[-81.2725042312452,41.5739465798892],[-81.2725020473007,41.5746632516912],[-81.2700506358857,41.5746681160817],[-81.2695564268167,41.5746690899544],[-81.2695539240816,41.5739524276453],[-81.2700380231745,41.5739514728367]]]},"properties":{"source_county":"Geauga","jurisdiction":"Chardon Township","parcel_id":"06-048700","owner_name":"NORDSTROM EARL R TOD & CHARLAINE R TOD","property_address":"10340 PINEGATE DR","property_city":"CHARDON","property_zip":"44024"}},{"type":"Feature","geometry":{"type":"Polygon","coordinates":[[[-81.2699902770966,41.5712385529036],[-81.2701375837534,41.570952456185],[-81.2705866742736,41.5710827540699],[-81.2700073594242,41.572209161572],[-81.2699454796123,41.5723294771149],[-81.269552758647,41.5722589503127],[-81.2695587408945,41.5722074936729],[-81.2695672991465,41.5721562426861],[-81.2695784212574,41.5721052700482],[-81.2695920914457,41.5720546480599],[-81.2696082903152,41.5720044485245],[-81.2696269948835,41.5719547426459],[-81.2696481786141,41.5719056009276],[-81.2696718114541,41.5718570930729],[-81.2699902770966,41.5712385529036]]]},"properties":{"source_county":"Geauga","jurisdiction":"Chardon Township","parcel_id":"06-049300","owner_name":"CHESNES MATTHEW J & JANICE L","property_address":"10364 THWING RD","property_city":"CHARDON","property_zip":"44024"}},{"type":"Feature","geometry":{"type":"Polygon","coordinates":[[[-81.2563182695782,41.5699298751144],[-81.2568425416347,41.5699283909994],[-81.2568744525853,41.5712490330411],[-81.2563400487235,41.5712504242188],[-81.2563182695782,41.5699298751144]]]},"properties":{"source_county":"Geauga","jurisdiction":"Chardon Township","parcel_id":"06-051250","owner_name":"JURACK CHARLES C TOD","property_address":"10732 THWING RD","property_city":"CHARDON","property_zip":"44024"}},{"type":"Feature","geometry":{"type":"Polygon","coordinates":[[[-81.2575004901023,41.5738707632975],[-81.2579800064296,41.5734355617487],[-81.2594892518355,41.5743734781745],[-81.2593258757013,41.5744505067852],[-81.2591592689189,41.5745235295116],[-81.2589896056169,41.5745924700296],[-81.2588170631204,41.5746572562822],[-81.2587859742197,41.5746696577738],[-81.2575004901023,41.5738707632975]]]},"properties":{"source_county":"Geauga","jurisdiction":"Chardon Township","parcel_id":"06-051510","owner_name":"MELE MICHAEL T & REBECCA A","property_address":"10675 NORTH WOODS CIR","property_city":"CHARDON","property_zip":"44024"}},{"type":"Feature","geometry":{"type":"Polygon","coordinates":[[[-81.2716196645319,41.5724979357799],[-81.2719979558922,41.571492201234],[-81.2725112871423,41.5716411264876],[-81.2725086515323,41.5724961658779],[-81.2716196645319,41.5724979357799]]]},"properties":{"source_county":"Geauga","jurisdiction":"Chardon Township","parcel_id":"06-051575","owner_name":"MORSE TODD E & SACERICH KATHRYN E","property_address":"10316 THWING RD","property_city":"CHARDON","property_zip":"44024"}},{"type":"Feature","geometry":{"type":"Polygon","coordinates":[[[-81.2658047381237,41.5708027163323],[-81.2663529154465,41.570801244261],[-81.266356637285,41.5711735233086],[-81.2663618937219,41.5716992980294],[-81.264953022854,41.5717072326564],[-81.2651557639391,41.5712783177356],[-81.2651764366905,41.5712299725593],[-81.2651946743474,41.5711810778909],[-81.2652104511259,41.5711317028713],[-81.2652237447221,41.5710819173203],[-81.2652365014186,41.5710256035236],[-81.2652461210576,41.5709689393411],[-81.2652525869243,41.5709120232794],[-81.2652558877865,41.5708549542822],[-81.2652565607933,41.5708041849158],[-81.2658047381237,41.5708027163323]]]},"properties":{"source_county":"Geauga","jurisdiction":"Chardon Township","parcel_id":"06-051580","owner_name":"ZIELINSKI ALAN J & SUSAN E","property_address":"11050 FOREST OAKS DR","property_city":"CHARDON","property_zip":"44024"}},{"type":"Feature","geometry":{"type":"Polygon","coordinates":[[[-81.2502510542254,41.5719518571345],[-81.2518429551086,41.5719437304175],[-81.2518495705164,41.5722181256149],[-81.2502576629645,41.5722262524219],[-81.2502510542254,41.5719518571345]]]},"properties":{"source_county":"Geauga","jurisdiction":"Chardon Township","parcel_id":"06-052200","owner_name":"YUHAS ROBERT J","property_address":"11012 HELMUT DR","property_city":"CHARDON","property_zip":"44024"}},{"type":"Feature","geometry":{"type":"Polygon","coordinates":[[[-81.266387529614,41.5742636203456],[-81.2693357200765,41.5742578565558],[-81.2693382216344,41.5749745188103],[-81.266394693919,41.5749802731],[-81.2663932735381,41.5748381509637],[-81.2663879353097,41.5743042148425],[-81.266387529614,41.5742636203456]]]},"properties":{"source_county":"Geauga","jurisdiction":"Chardon Township","parcel_id":"06-052600","owner_name":"FOX MITCHELL J & JAMIE L","property_address":"10345 PINEGATE DR","property_city":"CHARDON","property_zip":"44024"}},{"type":"Feature","geometry":{"type":"Polygon","coordinates":[[[-81.2647609612655,41.5724154838191],[-81.2663689622277,41.5724064295611],[-81.2663732003093,41.5728303125157],[-81.2663757532005,41.5730856510882],[-81.2647678008396,41.5731012895705],[-81.2647609612655,41.5724154838191]]]},"properties":{"source_county":"Geauga","jurisdiction":"Chardon Township","parcel_id":"06-052800","owner_name":"WEBB SCOTT TOD","property_address":"10990 FOREST OAKS DR","property_city":"CHARDON","property_zip":"44024"}},{"type":"Feature","geometry":{"type":"Polygon","coordinates":[[[-81.2638276737188,41.5699083976629],[-81.264397375724,41.5699067480015],[-81.264400356958,41.5708068845188],[-81.2638356457135,41.5708081803834],[-81.2638276737188,41.5699083976629]]]},"properties":{"source_county":"Geauga","jurisdiction":"Chardon Township","parcel_id":"06-054600","owner_name":"GREGORICH JOHN M & JACQUELINE","property_address":"10532 THWING RD","property_city":"CHARDON","property_zip":"44024"}},{"type":"Feature","geometry":{"type":"Polygon","coordinates":[[[-81.2506009191833,41.5699517741027],[-81.250998886934,41.5699498606074],[-81.2510271646582,41.5711246092302],[-81.2506291923328,41.5711266399126],[-81.2506009191833,41.5699517741027]]]},"properties":{"source_county":"Geauga","jurisdiction":"Chardon Township","parcel_id":"06-055520","owner_name":"KOVACIC SANDRA K","property_address":"10884 THWING RD","property_city":"CHARDON","property_zip":"44024"}},{"type":"Feature","geometry":{"type":"Polygon","coordinates":[[[-81.2700254107223,41.5732348303218],[-81.2725064151417,41.5732299079182],[-81.2725050039328,41.5736931481297],[-81.2725042312452,41.5739465798892],[-81.2700380231745,41.5739514728367],[-81.2695539240816,41.5739524276453],[-81.2695514214014,41.5732357651673],[-81.2700254107223,41.5732348303218]]]},"properties":{"source_county":"Geauga","jurisdiction":"Chardon Township","parcel_id":"06-055540","owner_name":"KOVARIK BERT E & DEBORAH K","property_address":"10330 PINEGATE DR","property_city":"CHARDON","property_zip":"44024"}},{"type":"Feature","geometry":{"type":"Polygon","coordinates":[[[-81.2502642717418,41.5725006485844],[-81.2518561871614,41.5724925217004],[-81.2518628026801,41.5727669168477],[-81.2502708805916,41.5727750438216],[-81.2502642717418,41.5725006485844]]]},"properties":{"source_county":"Geauga","jurisdiction":"Chardon Township","parcel_id":"06-058700","owner_name":"TILOCCO FRANK & LAURA A","property_address":"10992 HELMUT DR","property_city":"CHARDON","property_zip":"44024"}},{"type":"Feature","geometry":{"type":"Polygon","coordinates":[[[-81.2663618937219,41.5716992980294],[-81.266356637285,41.5711735233086],[-81.266623280639,41.5712508957994],[-81.2669982634783,41.5713597048765],[-81.2673732463816,41.5714685118259],[-81.2679633700617,41.5703216076602],[-81.268931499737,41.5706025178655],[-81.2682090085105,41.5720057331285],[-81.2663632598998,41.5718360150328],[-81.2663618937219,41.5716992980294]]]},"properties":{"source_county":"Geauga","jurisdiction":"Chardon Township","parcel_id":"06-058800","owner_name":"STIEBIG ZACHARY B TRUSTEE","property_address":"10386 THWING RD","property_city":"CHARDON","property_zip":"44024"}},{"type":"Feature","geometry":{"type":"Polygon","coordinates":[[[-81.2682090085105,41.5720057331285],[-81.268931499737,41.5706025178655],[-81.2689858443615,41.5706182860145],[-81.2682090085105,41.5720057331285]]]},"properties":{"source_county":"Geauga","jurisdiction":"Chardon Township","parcel_id":"06-058810","owner_name":"STIEBIG ZACHARY B TRUSTEE","property_address":" THWING RD","property_city":"CHARDON","property_zip":"44024"}},{"type":"Feature","geometry":{"type":"Polygon","coordinates":[[[-81.264953022854,41.5717072326564],[-81.2663618937219,41.5716992980294],[-81.2663632598998,41.5718360150328],[-81.2663689622277,41.5724064295611],[-81.2647609612655,41.5724154838191],[-81.26476027479,41.5723465984848],[-81.2647613483914,41.5722903274837],[-81.2647656895739,41.5722341452069],[-81.2647732900653,41.5721781586023],[-81.264784135389,41.5721224742452],[-81.264798204892,41.572067198135],[-81.2648154717836,41.5720124354941],[-81.2648359031873,41.5719582905669],[-81.2648594602027,41.5719048664218],[-81.264953022854,41.5717072326564]]]},"properties":{"source_county":"Geauga","jurisdiction":"Chardon Township","parcel_id":"06-060570","owner_name":"KINDER WILLIAM C & DANIELLE N","property_address":"11010 FOREST OAKS DR","property_city":"CHARDON","property_zip":"44024"}},{"type":"Feature","geometry":{"type":"Polygon","coordinates":[[[-81.2633998648914,41.5715104807717],[-81.2648172188303,41.571502517481],[-81.2646528514219,41.5718497086396],[-81.264627657226,41.5719069452426],[-81.2646056076467,41.5719649090846],[-81.264586739737,41.5720235027828],[-81.2645710852047,41.572082627896],[-81.2645586703593,41.5721421850899],[-81.2645495160675,41.5722020743039],[-81.2645436377181,41.5722621949195],[-81.2645410451964,41.572322445929],[-81.2645414226347,41.5723899025135],[-81.2634086795039,41.5723962650477],[-81.2634010792487,41.5716324931556],[-81.2633998648914,41.5715104807717]]]},"properties":{"source_county":"Geauga","jurisdiction":"Chardon Township","parcel_id":"06-060580","owner_name":"DI GERONIMO NICHOLAS V & COLLEEN M","property_address":"11025 FOREST OAKS DR","property_city":"CHARDON","property_zip":"44024"}},{"type":"Feature","geometry":{"type":"Polygon","coordinates":[[[-81.2599122279919,41.5699196567001],[-81.261646527704,41.5699146861239],[-81.2616206219436,41.5716372206379],[-81.2599292437947,41.5716416870228],[-81.2599122279919,41.5699196567001]]]},"properties":{"source_county":"Geauga","jurisdiction":"Chardon Township","parcel_id":"06-061500","owner_name":"KNEE DWAYNE & KAREN C","property_address":"10640 THWING RD","property_city":"CHARDON","property_zip":"44024"}},{"type":"Feature","geometry":{"type":"Polygon","coordinates":[[[-81.2695051149729,41.5698957244844],[-81.2695142227494,41.5698956904195],[-81.2695141781778,41.5698965309994],[-81.2694695343944,41.5707468587149],[-81.2688075387035,41.5705547810598],[-81.2688297836474,41.569900074931],[-81.2688298450031,41.5698982782149],[-81.2695051149729,41.5698957244844]]]},"properties":{"source_county":"Geauga","jurisdiction":"Chardon Township","parcel_id":"06-064700","owner_name":"SELAR ANGELA","property_address":"10379 THWING RD","property_city":"CHARDON","property_zip":"44024"}},{"type":"Feature","geometry":{"type":"Polygon","coordinates":[[[-81.2725086515323,41.5724961658779],[-81.2725112871423,41.5716411264876],[-81.2735267147149,41.5719357078547],[-81.2735697206043,41.5737760949748],[-81.2725050039328,41.5736931481297],[-81.2725064151417,41.5732299079182],[-81.2725086515323,41.5724961658779]]]},"properties":{"source_county":"Geauga","jurisdiction":"Chardon Township","parcel_id":"06-065000","owner_name":"MARTIN GERALD E & REGINA R","property_address":"10290 THWING RD","property_city":"CHARDON","property_zip":"44024"}},{"type":"Feature","geometry":{"type":"Polygon","coordinates":[[[-81.2564350090413,41.5733690603927],[-81.2573070614117,41.5739845086559],[-81.2573453704261,41.5740115450023],[-81.2573077910581,41.5740456512743],[-81.2569369078166,41.5743822517561],[-81.2566697192938,41.5746247394765],[-81.2558269213041,41.5736650032808],[-81.255911884543,41.5736398023412],[-81.2559948049107,41.5736110190487],[-81.2560754147986,41.5735787462963],[-81.2561534540562,41.5735430882385],[-81.2562286708302,41.5735041599553],[-81.2563008223775,41.5734620870802],[-81.2563696758492,41.5734170053953],[-81.2564350090413,41.5733690603927]]]},"properties":{"source_county":"Geauga","jurisdiction":"Chardon Township","parcel_id":"06-065750","owner_name":"TAYLOR JEFFREY B & NANCY","property_address":"10740 HOWARD DR","property_city":"CHARDON","property_zip":"44024"}},{"type":"Feature","geometry":{"type":"Polygon","coordinates":[[[-81.2563629783308,41.5726388123134],[-81.2563400487235,41.5712504242188],[-81.2568744525853,41.5712490330411],[-81.2568938993395,41.5720530659111],[-81.2572840115126,41.5720520479968],[-81.2582095509584,41.5720496288225],[-81.2572892710279,41.5724930025818],[-81.2567235147968,41.572765566345],[-81.2566925827815,41.5727336393282],[-81.2566558701037,41.5727053757548],[-81.25661413662,41.5726813606013],[-81.2565682461003,41.5726620909137],[-81.2565191483507,41.5726479655196],[-81.2564678595557,41.5726392767744],[-81.2564154412464,41.57263620451],[-81.2563629783308,41.5726388123134]]]},"properties":{"source_county":"Geauga","jurisdiction":"Chardon Township","parcel_id":"06-065760","owner_name":"WING BOBBY E & MAUREEN H","property_address":"10710 HOWARD DR","property_city":"CHARDON","property_zip":"44024"}},{"type":"Feature","geometry":{"type":"Polygon","coordinates":[[[-81.2518363397734,41.5716693342946],[-81.2534284302612,41.5716611852574],[-81.253435052283,41.5719355803899],[-81.2518429551086,41.5719437304175],[-81.2518363397734,41.5716693342946]]]},"properties":{"source_county":"Geauga","jurisdiction":"Chardon Township","parcel_id":"06-066700","owner_name":"FRIEDEL JOHN E","property_address":"11025 OLMAR DR","property_city":"CHARDON","property_zip":"44024"}},{"type":"Feature","geometry":{"type":"Polygon","coordinates":[[[-81.264400356958,41.5708068845188],[-81.2650372951647,41.5708054184092],[-81.2650362215206,41.5708616896435],[-81.2650318804443,41.5709178721531],[-81.2650242801904,41.5709738589955],[-81.2650134352177,41.5710295436],[-81.2649993661613,41.5710848199714],[-81.2649820997936,41.5711395828909],[-81.2649616689732,41.5711937281171],[-81.2649381125826,41.5712471525839],[-81.2648172188303,41.571502517481],[-81.2633998648914,41.5715104807717],[-81.2633928860357,41.570809194511],[-81.2638356457135,41.5708081803834],[-81.264400356958,41.5708068845188]]]},"properties":{"source_county":"Geauga","jurisdiction":"Chardon Township","parcel_id":"06-066710","owner_name":"BARNA BOBBIE J & SCOTT E","property_address":"11045 FOREST OAKS DR","property_city":"CHARDON","property_zip":"44024"}},{"type":"Feature","geometry":{"type":"Polygon","coordinates":[[[-81.2647678008396,41.5731012895705],[-81.2663757532005,41.5730856510882],[-81.2663803642838,41.5735469665089],[-81.2663822823637,41.5737388006832],[-81.2645851690429,41.5737489181572],[-81.2646669957467,41.5735754197953],[-81.2646874071823,41.5735270179879],[-81.2647058212893,41.573478160609],[-81.2647217764258,41.5734288179355],[-81.2647352500405,41.5733790597271],[-81.2647462230903,41.5733289563309],[-81.2647563555756,41.5732723426321],[-81.2647633365307,41.5732154609674],[-81.264767153828,41.5731584102209],[-81.2647678008396,41.5731012895705]]]},"properties":{"source_county":"Geauga","jurisdiction":"Chardon Township","parcel_id":"06-067885","owner_name":"WILLMAN DALE & BRANDON","property_address":"10976 FOREST OAKS DR","property_city":"CHARDON","property_zip":"44024"}},{"type":"Feature","geometry":{"type":"Polygon","coordinates":[[[-81.2536742073533,41.5727576433345],[-81.255266057842,41.5727494698541],[-81.255272688872,41.5730238647967],[-81.2536808317146,41.5730320383671],[-81.2536742073533,41.5727576433345]]]},"properties":{"source_county":"Geauga","jurisdiction":"Chardon Township","parcel_id":"06-070700","owner_name":"RIOLA ELISE M & ROSS A","property_address":"10982 OLMAR DR","property_city":"CHARDON","property_zip":"44024"}},{"type":"Feature","geometry":{"type":"Polygon","coordinates":[[[-81.2529618050427,41.5737492547759],[-81.2535209930084,41.5737463889875],[-81.253540128959,41.5745391735984],[-81.2529810076134,41.5745451127219],[-81.2529618050427,41.5737492547759]]]},"properties":{"source_county":"Geauga","jurisdiction":"Chardon Township","parcel_id":"06-074500","owner_name":"COBLE DAVID S & LINDA M","property_address":"10822 HOWARD DR","property_city":"CHARDON","property_zip":"44024"}},{"type":"Feature","geometry":{"type":"Polygon","coordinates":[[[-81.2507250527428,41.573760688306],[-81.2512842409039,41.5737578332867],[-81.2513036453837,41.5745629130681],[-81.2507445248317,41.574568841438],[-81.2507250527428,41.573760688306]]]},"properties":{"source_county":"Geauga","jurisdiction":"Chardon Township","parcel_id":"06-075500","owner_name":"TEGEL HANNAH","property_address":"10880 HOWARD DR","property_city":"CHARDON","property_zip":"44024"}},{"type":"Feature","geometry":{"type":"Polygon","coordinates":[[[-81.2524026170453,41.5737521169718],[-81.2529618050427,41.5737492547759],[-81.2529810076134,41.5745451127219],[-81.2524218873654,41.5745510491666],[-81.2524026170453,41.5737521169718]]]},"properties":{"source_county":"Geauga","jurisdiction":"Chardon Township","parcel_id":"06-076750","owner_name":"OSBORN ELIZABETH R & KEIL ALEXANDER M","property_address":"10838 HOWARD DR","property_city":"CHARDON","property_zip":"44024"}},{"type":"Feature","geometry":{"type":"Polygon","coordinates":[[[-81.2590047117887,41.5699222475089],[-81.2590013798343,41.5720475528702],[-81.2582095509584,41.5720496288225],[-81.2572840115126,41.5720520479968],[-81.2568938993395,41.5720530659111],[-81.2568744525853,41.5712490330411],[-81.2568425416347,41.5699283909994],[-81.2590047117887,41.5699222475089]]]},"properties":{"source_county":"Geauga","jurisdiction":"Chardon Township","parcel_id":"06-076900","owner_name":"WALSH DEBORAH M TOD","property_address":"10722 THWING RD","property_city":"CHARDON","property_zip":"44024"}},{"type":"Feature","geometry":{"type":"Polygon","coordinates":[[[-81.2551980393981,41.569933036776],[-81.2557646203903,41.5699314392263],[-81.255786384739,41.5712518641278],[-81.2552299074567,41.5712533081628],[-81.2552262788749,41.5711030970355],[-81.2552011918146,41.5700647630805],[-81.2551998654843,41.5700098840373],[-81.2551983499943,41.5699334768411],[-81.2551980393981,41.569933036776]]]},"properties":{"source_county":"Geauga","jurisdiction":"Chardon Township","parcel_id":"06-078340","owner_name":"GOODWIN ROBERT J JR TOD & PATRICIA A TOD","property_address":"10760 THWING RD","property_city":"CHARDON","property_zip":"44024"}},{"type":"Feature","geometry":{"type":"Polygon","coordinates":[[[-81.2620642395717,41.5731987962467],[-81.2622652661535,41.5731976701548],[-81.2622764895802,41.5743273246162],[-81.2621875358691,41.5743278227378],[-81.2609569231183,41.5735985566423],[-81.2610085995279,41.5735533654901],[-81.2610635109233,41.573510379409],[-81.2611214907179,41.5734697288027],[-81.2611823630179,41.5734315369894],[-81.2612459431557,41.5733959198284],[-81.2613120382501,41.573362985368],[-81.2613804477913,41.5733328335183],[-81.2614509642496,41.5733055557478],[-81.2615233737043,41.5732812348062],[-81.2615974564932,41.5732599444733],[-81.2616729878783,41.5732417493353],[-81.261749738728,41.5732267045884],[-81.2618274762117,41.5732148558722],[-81.2619059645063,41.5732062391308],[-81.2619849655115,41.5732008805037],[-81.2620642395717,41.5731987962467]]]},"properties":{"source_county":"Geauga","jurisdiction":"Chardon Township","parcel_id":"06-078550","owner_name":"BULLARD GRAYDON R & LAURA M","property_address":"10590 NORTH WOODS CIR","property_city":"CHARDON","property_zip":"44024"}},{"type":"Feature","geometry":{"type":"Polygon","coordinates":[[[-81.265247609866,41.5699042822315],[-81.2657957784265,41.5699026885093],[-81.2658047381237,41.5708027163323],[-81.2652565607933,41.5708041849158],[-81.265247609866,41.5699042822315]]]},"properties":{"source_county":"Geauga","jurisdiction":"Chardon Township","parcel_id":"06-078600","owner_name":"ZIELINSKI ALAN JOSEPH & SUSAN ELAINE","property_address":"11060 FOREST OAKS DR","property_city":"CHARDON","property_zip":"44024"}},{"type":"Feature","geometry":{"type":"Polygon","coordinates":[[[-81.2725042312452,41.5739465798892],[-81.2725050039328,41.5736931481297],[-81.2735697206043,41.5737760949748],[-81.2735267147149,41.5719357078547],[-81.2740521524583,41.5720881353715],[-81.2746828926496,41.572273690934],[-81.2739192695519,41.5735547228147],[-81.2737622267505,41.5737920230836],[-81.2738992206718,41.5737958710598],[-81.2724972226866,41.5762460249339],[-81.2724976780696,41.5760965947755],[-81.2724998633086,41.5753799233242],[-81.2725020473007,41.5746632516912],[-81.2725042312452,41.5739465798892]]]},"properties":{"source_county":"Geauga","jurisdiction":"Chardon Township","parcel_id":"06-079000","owner_name":"TUTTLE CHARLES J & CAROL A","property_address":"10268 THWING RD","property_city":"CHARDON","property_zip":"44024"}},{"type":"Feature","geometry":{"type":"Polygon","coordinates":[[[-81.2518561871614,41.5724925217004],[-81.2534482976749,41.5724843714929],[-81.253454919846,41.5727587674504],[-81.2518628026801,41.5727669168477],[-81.2518561871614,41.5724925217004]]]},"properties":{"source_county":"Geauga","jurisdiction":"Chardon Township","parcel_id":"06-079900","owner_name":"WAHL STEPHEN J TOD & KAREN A TOD","property_address":"10993 OLMAR DR","property_city":"CHARDON","property_zip":"44024"}},{"type":"Feature","geometry":{"type":"Polygon","coordinates":[[[-81.2540041276459,41.5699363957336],[-81.254402097844,41.5699352774405],[-81.2544039230648,41.5700121211131],[-81.2544052487282,41.5700670001653],[-81.2544303682905,41.5711071861747],[-81.2540324117621,41.571109228686],[-81.2540072765824,41.5700681157553],[-81.2540059524512,41.5700132367115],[-81.2540041276459,41.5699363957336]]]},"properties":{"source_county":"Geauga","jurisdiction":"Chardon Township","parcel_id":"06-082000","owner_name":"LEHMAN JOSEPH A","property_address":"10794 THWING RD","property_city":"CHARDON","property_zip":"44024"}},{"type":"Feature","geometry":{"type":"Polygon","coordinates":[[[-81.264397375724,41.5699067480015],[-81.2650283405229,41.5699049186154],[-81.2650372951647,41.5708054184092],[-81.264400356958,41.5708068845188],[-81.264397375724,41.5699067480015]]]},"properties":{"source_county":"Geauga","jurisdiction":"Chardon Township","parcel_id":"06-082050","owner_name":"CAPPY ROBIN P","property_address":"10516 THWING RD","property_city":"CHARDON","property_zip":"44024"}},{"type":"Feature","geometry":{"type":"Polygon","coordinates":[[[-81.254402097844,41.5699352774405],[-81.2548000692272,41.5699341577965],[-81.2548018948807,41.5700110032635],[-81.2548032196788,41.5700658822983],[-81.2548283235951,41.5711051422869],[-81.2544303682905,41.5711071861747],[-81.2544052487282,41.5700670001653],[-81.2544039230648,41.5700121211131],[-81.254402097844,41.5699352774405]]]},"properties":{"source_county":"Geauga","jurisdiction":"Chardon Township","parcel_id":"06-082100","owner_name":"SMITH TODD W & REGINA L","property_address":"10784 THWING RD","property_city":"CHARDON","property_zip":"44024"}},{"type":"Feature","geometry":{"type":"Polygon","coordinates":[[[-81.2616206219436,41.5716372206379],[-81.261646527704,41.5699146861239],[-81.2627296191923,41.5699115681575],[-81.2627235067503,41.5708107237985],[-81.2632900887229,41.5708094298505],[-81.2633928860357,41.570809194511],[-81.2633998648914,41.5715104807717],[-81.2634010792487,41.5716324931556],[-81.2625970753625,41.5716346314111],[-81.261756524904,41.5716368615951],[-81.2616206219436,41.5716372206379]]]},"properties":{"source_county":"Geauga","jurisdiction":"Chardon Township","parcel_id":"06-083750","owner_name":"LOZAR JAMES L & FRANCES M","property_address":"10580 THWING RD","property_city":"CHARDON","property_zip":"44024"}},{"type":"Feature","geometry":{"type":"Polygon","coordinates":[[[-81.261756524904,41.5716368615951],[-81.2625970753625,41.5716346314111],[-81.2626109548819,41.5730310642301],[-81.2620626035253,41.5730341360536],[-81.2619902338901,41.5730357274347],[-81.2619180255658,41.5730396877385],[-81.2618461159973,41.5730460094266],[-81.2617746420609,41.573054680466],[-81.261756524904,41.5716368615951]]]},"properties":{"source_county":"Geauga","jurisdiction":"Chardon Township","parcel_id":"06-085100","owner_name":"IANNI VINCENT","property_address":"10585 NORTH WOODS CIR","property_city":"CHARDON","property_zip":"44024"}},{"type":"Feature","geometry":{"type":"Polygon","coordinates":[[[-81.2502840996391,41.5733238351338],[-81.2518760350654,41.5733157079801],[-81.2518826506474,41.5735901084538],[-81.250290708552,41.5735982356974],[-81.2502840996391,41.5733238351338]]]},"properties":{"source_county":"Geauga","jurisdiction":"Chardon Township","parcel_id":"06-086750","owner_name":"EICHELE THOMAS","property_address":"10962 HELMUT DR","property_city":"CHARDON","property_zip":"44024"}},{"type":"Feature","geometry":{"type":"Polygon","coordinates":[[[-81.2536874549154,41.573306434262],[-81.2552793187414,41.5732982606015],[-81.2552859473991,41.5735726599696],[-81.2536940781032,41.573580833733],[-81.2536874549154,41.573306434262]]]},"properties":{"source_county":"Geauga","jurisdiction":"Chardon Township","parcel_id":"06-087800","owner_name":"MCGREEVER DANETTE & ROFF WILLIAM JR","property_address":"10962 OLMAR DR","property_city":"CHARDON","property_zip":"44024"}},{"type":"Feature","geometry":{"type":"Polygon","coordinates":[[[-81.2502708805916,41.5727750438216],[-81.2518628026801,41.5727669168477],[-81.251869418237,41.5730413128701],[-81.2502774906785,41.5730494399468],[-81.2502708805916,41.5727750438216]]]},"properties":{"source_county":"Geauga","jurisdiction":"Chardon Township","parcel_id":"06-088150","owner_name":"BEGALLA BRENDA A","property_address":"10982 HELMUT DR","property_city":"CHARDON","property_zip":"44024"}},{"type":"Feature","geometry":{"type":"Polygon","coordinates":[[[-81.2521927900638,41.5699441110387],[-81.2525907577214,41.5699421920884],[-81.2525925580787,41.5700180891336],[-81.2525938822245,41.5700729682064],[-81.2526190525312,41.5711164719504],[-81.2522210803046,41.5711185080877],[-81.2521927900638,41.5699441110387]]]},"properties":{"source_county":"Geauga","jurisdiction":"Chardon Township","parcel_id":"06-088400","owner_name":"GUARDO MELISSA A","property_address":"10844 THWING RD","property_city":"CHARDON","property_zip":"44024"}},{"type":"Feature","geometry":{"type":"Polygon","coordinates":[[[-81.2663439585886,41.5699021936159],[-81.26639877686,41.5699023022923],[-81.2664077321103,41.5708010962699],[-81.2663529154465,41.570801244261],[-81.2663439585886,41.5699021936159]]]},"properties":{"source_county":"Geauga","jurisdiction":"Chardon Township","parcel_id":"06-089900","owner_name":"RODRIGUEZ DEBORAH TOD","property_address":" THWING RD","property_city":"CHARDON","property_zip":"44024"}},{"type":"Feature","geometry":{"type":"Polygon","coordinates":[[[-81.2663439585886,41.5699021936159],[-81.2663529154465,41.570801244261],[-81.2658047381237,41.5708027163323],[-81.2657957784265,41.5699026885093],[-81.2663439585886,41.5699021936159]]]},"properties":{"source_county":"Geauga","jurisdiction":"Chardon Township","parcel_id":"06-090000","owner_name":"RODRIGUEZ DEBORAH TOD","property_address":"10482 THWING RD","property_city":"CHARDON","property_zip":"44024"}},{"type":"Feature","geometry":{"type":"Polygon","coordinates":[[[-81.26639877686,41.5699023022923],[-81.2665191628876,41.5699025418957],[-81.2666700588414,41.5699463286656],[-81.2669962170462,41.5700409715865],[-81.266623280639,41.5712508957994],[-81.266356637285,41.5711735233086],[-81.2663529154465,41.570801244261],[-81.2664077321103,41.5708010962699],[-81.26639877686,41.5699023022923]]]},"properties":{"source_county":"Geauga","jurisdiction":"Chardon Township","parcel_id":"06-090100","owner_name":"RODRIGUEZ DEBORAH E TOD","property_address":" THWING RD","property_city":"CHARDON","property_zip":"44024"}},{"type":"Feature","geometry":{"type":"Polygon","coordinates":[[[-81.2529889436159,41.5699402705162],[-81.2533868824372,41.5699383494292],[-81.253388725417,41.5700159614361],[-81.253390049031,41.5700708404869],[-81.2534151864011,41.5711123940169],[-81.2530172417982,41.5711144331783],[-81.2529920885429,41.570071904998],[-81.2529907652622,41.5700170259426],[-81.2529889436159,41.5699402705162]]]},"properties":{"source_county":"Geauga","jurisdiction":"Chardon Township","parcel_id":"06-090900","owner_name":"RUDDY WILLIAM M","property_address":"10822 THWING RD","property_city":"CHARDON","property_zip":"44024"}},{"type":"Feature","geometry":{"type":"Polygon","coordinates":[[[-81.2557646203903,41.5699314392263],[-81.2563182695782,41.5699298751144],[-81.2563400487235,41.5712504242188],[-81.255786384739,41.5712518641278],[-81.2557646203903,41.5699314392263]]]},"properties":{"source_county":"Geauga","jurisdiction":"Chardon Township","parcel_id":"06-091130","owner_name":"HOFSTETTER RYAN L THERESA F","property_address":"10740 THWING RD","property_city":"CHARDON","property_zip":"44024"}},{"type":"Feature","geometry":{"type":"Polygon","coordinates":[[[-81.2536808317146,41.5730320383671],[-81.255272688872,41.5730238647967],[-81.2552793187414,41.5732982606015],[-81.2536874549154,41.573306434262],[-81.2536808317146,41.5730320383671]]]},"properties":{"source_county":"Geauga","jurisdiction":"Chardon Township","parcel_id":"06-092400","owner_name":"HECKERMAN WENDIE A","property_address":"10972 OLMAR DR","property_city":"CHARDON","property_zip":"44024"}},{"type":"Feature","geometry":{"type":"Polygon","coordinates":[[[-81.2536543382332,41.571934456324],[-81.2552461687165,41.571926283114],[-81.2552484721766,41.5720216152065],[-81.2552527983637,41.5722006790192],[-81.253660961212,41.5722088523193],[-81.2536543382332,41.571934456324]]]},"properties":{"source_county":"Geauga","jurisdiction":"Chardon Township","parcel_id":"06-093100","owner_name":"SAMUTO JAMES P TOD & LINDA A TOD","property_address":"11012 OLMAR DR","property_city":"CHARDON","property_zip":"44024"}},{"type":"Feature","geometry":{"type":"Polygon","coordinates":[[[-81.2663803642838,41.5735469665089],[-81.2693332197723,41.5735411941451],[-81.2693357200765,41.5742578565558],[-81.266387529614,41.5742636203456],[-81.2663822823637,41.5737388006832],[-81.2663803642838,41.5735469665089]]]},"properties":{"source_county":"Geauga","jurisdiction":"Chardon Township","parcel_id":"06-094940","owner_name":"SWAN BRUCE D & JANET I","property_address":"10335 PINEGATE DR","property_city":"CHARDON","property_zip":"44024"}},{"type":"Feature","geometry":{"type":"Polygon","coordinates":[[[-81.2700506358857,41.5746681160817],[-81.2725020473007,41.5746632516912],[-81.2724998633086,41.5753799233242],[-81.2700632500889,41.5753847582688],[-81.2695589308054,41.5753857521072],[-81.2695564268167,41.5746690899544],[-81.2700506358857,41.5746681160817]]]},"properties":{"source_county":"Geauga","jurisdiction":"Chardon Township","parcel_id":"06-094950","owner_name":"SWEENEY JAMIE C & MATTHEW T","property_address":"10350 PINEGATE DR","property_city":"CHARDON","property_zip":"44024"}},{"type":"Feature","geometry":{"type":"Polygon","coordinates":[[[-81.2663732003093,41.5728303125157],[-81.2693307195229,41.5728245315654],[-81.2693332197723,41.5735411941451],[-81.2663803642838,41.5735469665089],[-81.2663757532005,41.5730856510882],[-81.2663732003093,41.5728303125157]]]},"properties":{"source_county":"Geauga","jurisdiction":"Chardon Township","parcel_id":"06-099250","owner_name":"BOGGS KIMBERLY TOD","property_address":"10325 PINEGATE DR","property_city":"CHARDON","property_zip":"44024"}},{"type":"Feature","geometry":{"type":"Polygon","coordinates":[[[-81.2517948223829,41.5699460286252],[-81.2521927900638,41.5699441110387],[-81.2522210803046,41.5711185080877],[-81.2518231080533,41.5711205428612],[-81.2517945392482,41.5699455330157],[-81.2517948223829,41.5699460286252]]]},"properties":{"source_county":"Geauga","jurisdiction":"Chardon Township","parcel_id":"06-101350","owner_name":"SARVER GREGORY G TRUSTEE","property_address":"10854 THWING RD","property_city":"CHARDON","property_zip":"44024"}},{"type":"Feature","geometry":{"type":"Polygon","coordinates":[[[-81.270891591761,41.5724993804534],[-81.2714859662814,41.5713436633739],[-81.2719979558922,41.571492201234],[-81.2716196645319,41.5724979357799],[-81.270891591761,41.5724993804534]]]},"properties":{"source_county":"Geauga","jurisdiction":"Chardon Township","parcel_id":"06-101545","owner_name":"KRALJ THOMAS","property_address":"10330 THWING RD","property_city":"CHARDON","property_zip":"44024"}},{"type":"Feature","geometry":{"type":"Polygon","coordinates":[[[-81.26315360185,41.5743224072384],[-81.2641148248661,41.5743170114108],[-81.2641036959127,41.5743733966332],[-81.2640955175157,41.5744300659885],[-81.2640903022426,41.5744869324488],[-81.2640880581102,41.5745439086834],[-81.2640903421363,41.5748050822299],[-81.2640865915822,41.5748287199462],[-81.2640761416959,41.5748511943529],[-81.262007694301,41.5748627959169],[-81.2620023918253,41.574328859599],[-81.2621875358691,41.5743278227378],[-81.2622764895802,41.5743273246162],[-81.26315360185,41.5743224072384]]]},"properties":{"source_county":"Geauga","jurisdiction":"Chardon Township","parcel_id":"06-105750","owner_name":"ZAMRZLA NANCY M TOD","property_address":"10925 FOREST OAKS DR","property_city":"CHARDON","property_zip":"44024"}},{"type":"Feature","geometry":{"type":"Polygon","coordinates":[[[-81.2714007293863,41.5698885380998],[-81.2720909518604,41.5698875692018],[-81.2720907887034,41.5698914107416],[-81.2720227878144,41.5714876372188],[-81.2713414302863,41.5712899620743],[-81.2714005511255,41.5698927351703],[-81.2714007293863,41.5698885380998]]]},"properties":{"source_county":"Geauga","jurisdiction":"Chardon Township","parcel_id":"06-106600","owner_name":"SACERICH SCOTT M & PATRICIA A","property_address":"10311 THWING RD","property_city":"CHARDON","property_zip":"44024"}},{"type":"Feature","geometry":{"type":"Polygon","coordinates":[[[-81.2731642133296,41.5698858303411],[-81.2736430734658,41.5698850513082],[-81.2736429355083,41.5698883204077],[-81.2736401209303,41.5699551894113],[-81.2736194593984,41.5704459427384],[-81.2735568826373,41.5719326910647],[-81.2720227878144,41.5714876372188],[-81.2720907887034,41.5698914107416],[-81.2720909518604,41.5698875692018],[-81.2731642133296,41.5698858303411]]]},"properties":{"source_county":"Geauga","jurisdiction":"Chardon Township","parcel_id":"06-106700","owner_name":"ORR PENELOPE HUNTER TRUSTEE","property_address":"10303 THWING RD","property_city":"CHARDON","property_zip":"44024"}},{"type":"Feature","geometry":{"type":"Polygon","coordinates":[[[-81.2530172417982,41.5711144331783],[-81.2534151864011,41.5711123940169],[-81.253421808312,41.5713867891995],[-81.2518297244765,41.5713949390471],[-81.2518231080533,41.5711205428612],[-81.2522210803046,41.5711185080877],[-81.2526190525312,41.5711164719504],[-81.2530172417982,41.5711144331783]]]},"properties":{"source_county":"Geauga","jurisdiction":"Chardon Township","parcel_id":"06-106900","owner_name":"LADAS THOMAS P TOD","property_address":"11049 OLMAR DR","property_city":"CHARDON","property_zip":"44024"}},{"type":"Feature","geometry":{"type":"Polygon","coordinates":[[[-81.2548283235951,41.5711051422869],[-81.2552262788749,41.5711030970355],[-81.2552299074567,41.5712533081628],[-81.2552329083727,41.5713774921157],[-81.253641091226,41.5713856651455],[-81.2536344683966,41.5711112699752],[-81.2540324117621,41.571109228686],[-81.2544303682905,41.5711071861747],[-81.2548283235951,41.5711051422869]]]},"properties":{"source_county":"Geauga","jurisdiction":"Chardon Township","parcel_id":"06-107000","owner_name":"BERIGAN MICHAEL & SUSIE","property_address":"11048 OLMAR DR","property_city":"CHARDON","property_zip":"44024"}},{"type":"Feature","geometry":{"type":"Polygon","coordinates":[[[-81.2695514214014,41.5732357651673],[-81.2695486811153,41.5723714297242],[-81.269549183112,41.5723151586034],[-81.269552758647,41.5722589503127],[-81.2699454796123,41.5723294771149],[-81.270009679722,41.5723410061132],[-81.2704185344736,41.5724144297424],[-81.270891591761,41.5724993804534],[-81.2716196645319,41.5724979357799],[-81.2725086515323,41.5724961658779],[-81.2725064151417,41.5732299079182],[-81.2700254107223,41.5732348303218],[-81.2695514214014,41.5732357651673]]]},"properties":{"source_county":"Geauga","jurisdiction":"Chardon Township","parcel_id":"06-108030","owner_name":"HENDRICKS GINNY","property_address":"10320 PINEGATE DR","property_city":"CHARDON","property_zip":"44024"}},{"type":"Feature","geometry":{"type":"Polygon","coordinates":[[[-81.2663689622277,41.5724064295611],[-81.2663632598998,41.5718360150328],[-81.2682090085105,41.5720057331285],[-81.2687605981948,41.5721133586659],[-81.2693359653954,41.5722256197892],[-81.2693306170877,41.572291754362],[-81.269329091235,41.5723580008639],[-81.2693307195229,41.5728245315654],[-81.2663732003093,41.5728303125157],[-81.2663689622277,41.5724064295611]]]},"properties":{"source_county":"Geauga","jurisdiction":"Chardon Township","parcel_id":"06-109150","owner_name":"EMCH JAMES A TOD","property_address":"10315 PINEGATE DR","property_city":"CHARDON","property_zip":"44024"}},{"type":"Feature","geometry":{"type":"Polygon","coordinates":[[[-81.2512842409039,41.5737578332867],[-81.251843428999,41.5737549764754],[-81.2518627670332,41.5745569820195],[-81.2513036453837,41.5745629130681],[-81.2512842409039,41.5737578332867]]]},"properties":{"source_county":"Geauga","jurisdiction":"Chardon Township","parcel_id":"06-109750","owner_name":"VALKO MICHAEL J & MARY D","property_address":"10866 HOWARD DR","property_city":"CHARDON","property_zip":"44024"}},{"type":"Feature","geometry":{"type":"Polygon","coordinates":[[[-81.2687605981948,41.5721133586659],[-81.2694595434038,41.5707557288727],[-81.2699330464692,41.5708931118658],[-81.2694673053718,41.5717976825717],[-81.269441969103,41.571849374454],[-81.2694191299705,41.5719017184222],[-81.2693988176515,41.5719546464739],[-81.2693810585412,41.5720080898474],[-81.2693658757175,41.5720619791114],[-81.2693532889118,41.5721162442554],[-81.2693433144828,41.57217081478],[-81.2693359653954,41.5722256197892],[-81.2687605981948,41.5721133586659]]]},"properties":{"source_county":"Geauga","jurisdiction":"Chardon Township","parcel_id":"06-109800","owner_name":"JANKE BRUCE CHARLES & VALLETTO JANKE ROBERTA","property_address":"10370 THWING RD","property_city":"CHARDON","property_zip":"44024"}},{"type":"Feature","geometry":{"type":"Polygon","coordinates":[[[-81.2529889436159,41.5699402705162],[-81.2529907652622,41.5700170259426],[-81.2529920885429,41.570071904998],[-81.2530172417982,41.5711144331783],[-81.2526190525312,41.5711164719504],[-81.2525938822245,41.5700729682064],[-81.2525925580787,41.5700180891336],[-81.2525907577214,41.5699421920884],[-81.2529889436159,41.5699402705162]]]},"properties":{"source_county":"Geauga","jurisdiction":"Chardon Township","parcel_id":"06-110300","owner_name":"WARREN STEVE M & HEATHER B","property_address":"10834 THWING RD","property_city":"CHARDON","property_zip":"44024"}},{"type":"Feature","geometry":{"type":"Polygon","coordinates":[[[-81.2677018391318,41.5698994312359],[-81.2680550070778,41.5699001752185],[-81.2680329014635,41.5703300147337],[-81.2673527725509,41.570132664773],[-81.2673647902409,41.5698987717282],[-81.2673647937231,41.5698987141342],[-81.2677018391318,41.5698994312359]]]},"properties":{"source_county":"Geauga","jurisdiction":"Chardon Township","parcel_id":"06-111500","owner_name":"FACCHINE ASHLEY & RYAN","property_address":" THWING RD","property_city":"CHARDON","property_zip":"44024"}},{"type":"Feature","geometry":{"type":"Polygon","coordinates":[[[-81.2669982634783,41.5713597048765],[-81.2674797931089,41.5701812910898],[-81.2679633700617,41.5703216076602],[-81.2673732463816,41.5714685118259],[-81.2669982634783,41.5713597048765]]]},"properties":{"source_county":"Geauga","jurisdiction":"Chardon Township","parcel_id":"06-112250","owner_name":"WALLIS BETTY G TOD","property_address":"10432 THWING RD","property_city":"CHARDON","property_zip":"44024"}},{"type":"Feature","geometry":{"type":"Polygon","coordinates":[[[-81.2643821875667,41.5731857914845],[-81.2644136551641,41.5731881840616],[-81.2644437009687,41.5731956031256],[-81.26447091854,41.5732077013912],[-81.2644940338252,41.5732239125401],[-81.2645119647965,41.57324347773],[-81.2645238721013,41.5732654811154],[-81.2645291983527,41.5732888927181],[-81.2645276942216,41.5733126166403],[-81.264513494865,41.5733714876689],[-81.2644956753706,41.5734298009245],[-81.264474274067,41.5734874309482],[-81.2644493369887,41.5735442537511],[-81.2641886310498,41.5740955997531],[-81.2641658500578,41.5741500934952],[-81.2641459356324,41.5742052168211],[-81.2641289184866,41.5742608847374],[-81.2641148248661,41.5743170114108],[-81.26315360185,41.5743224072384],[-81.2631423632952,41.57319275286],[-81.2643821875667,41.5731857914845]]]},"properties":{"source_county":"Geauga","jurisdiction":"Chardon Township","parcel_id":"06-114550","owner_name":"WIDLICKA WILLIAM C & CONSTANCE MARIE","property_address":"10945 FOREST OAKS DR","property_city":"CHARDON","property_zip":"44024"}},{"type":"Feature","geometry":{"type":"Polygon","coordinates":[[[-81.2502444443601,41.5716774609089],[-81.2518363397734,41.5716693342946],[-81.2518429551086,41.5719437304175],[-81.2502510542254,41.5719518571345],[-81.2502444443601,41.5716774609089]]]},"properties":{"source_county":"Geauga","jurisdiction":"Chardon Township","parcel_id":"06-115600","owner_name":"KRIZ JOSEPH A","property_address":"11024 HELMUT DR","property_city":"CHARDON","property_zip":"44024"}},{"type":"Feature","geometry":{"type":"Polygon","coordinates":[[[-81.2634086795039,41.5723962650477],[-81.2645414226347,41.5723899025135],[-81.2645466115073,41.5729104186155],[-81.2645440161857,41.5729318501319],[-81.2645359029005,41.5729524896366],[-81.264522583434,41.5729715439688],[-81.2645045696398,41.5729882808841],[-81.2644825537723,41.5730020571942],[-81.2644573818849,41.5730123434846],[-81.264430021316,41.5730187444595],[-81.264401523515,41.5730210141335],[-81.2634149523338,41.5730265546537],[-81.2634086795039,41.5723962650477]]]},"properties":{"source_county":"Geauga","jurisdiction":"Chardon Township","parcel_id":"06-117550","owner_name":"PATTI NICHOLAS C & COLLEEN M","property_address":"10995 FOREST OAKS DR","property_city":"CHARDON","property_zip":"44024"}},{"type":"Feature","geometry":{"type":"Polygon","coordinates":[[[-81.2632771654983,41.5699099886972],[-81.2638276737188,41.5699083976629],[-81.2638356457135,41.5708081803834],[-81.2633928860357,41.570809194511],[-81.2632900887229,41.5708094298505],[-81.2632771654983,41.5699099886972]]]},"properties":{"source_county":"Geauga","jurisdiction":"Chardon Township","parcel_id":"06-117800","owner_name":"GREENE MARTIN P & KIM D","property_address":"10552 THWING RD","property_city":"CHARDON","property_zip":"44024"}},{"type":"Feature","geometry":{"type":"Polygon","coordinates":[[[-81.2738671876252,41.5720227094155],[-81.2735568826373,41.5719326910647],[-81.2736194593984,41.5704459427384],[-81.2745022840405,41.5704446609974],[-81.2744184231097,41.5715997109036],[-81.2744095237062,41.5716691941662],[-81.2743932852214,41.5717379246989],[-81.2743698107461,41.5718054660661],[-81.2743392493204,41.571871389382],[-81.2742987705204,41.5719486423193],[-81.2742857760985,41.5719677259197],[-81.274268091235,41.5719845496056],[-81.2742463901144,41.5719984720195],[-81.2742215000317,41.5720089624067],[-81.274194369854,41.5720156208489],[-81.2741660338473,41.5720181935106],[-81.2741375722473,41.5720165823158],[-81.2741100700776,41.5720108486872],[-81.273904024232,41.5719510813086],[-81.2738671876252,41.5720227094155]]]},"properties":{"source_county":"Geauga","jurisdiction":"Chardon Township","parcel_id":"06-120109","owner_name":"PETERS EDWARD J & PATRICIA A CO TRUSTEES","property_address":"10269 THWING RD","property_city":"CHARDON","property_zip":"44024"}},{"type":"Feature","geometry":{"type":"Polygon","coordinates":[[[-81.2643237840377,41.574848249174],[-81.2663932735381,41.5748381509637],[-81.266394693919,41.5749802731],[-81.2643237840377,41.574848249174]]]},"properties":{"source_county":"Geauga","jurisdiction":"Chardon Township","parcel_id":"06-120172","owner_name":"DUNCAN CHARLES K & MARY A","property_address":" FOREST OAKS DR","property_city":"CHARDON","property_zip":"44024"}},{"type":"Feature","geometry":{"type":"Polygon","coordinates":[[[-81.2665219068274,41.5698915698202],[-81.2666748938829,41.5698918727821],[-81.2666726560782,41.5699353136066],[-81.2665219068274,41.5698915698202]]]},"properties":{"source_county":"Geauga","jurisdiction":"Chardon Township","parcel_id":"06-120278","owner_name":"SCHUSTER RUDOLF & DEBORAH ELAINE TRUSTEES","property_address":" THWING RD","property_city":"CHARDON","property_zip":"44024"}},{"type":"Feature","geometry":{"type":"Polygon","coordinates":[[[-81.2736401209303,41.5699551894113],[-81.2745379171815,41.5699538908794],[-81.2745022840405,41.5704446609974],[-81.2736194593984,41.5704459427384],[-81.2736401209303,41.5699551894113]]]},"properties":{"source_county":"Geauga","jurisdiction":"Chardon Township","parcel_id":"06-120484","owner_name":"PETERS EDWARD J & PATRICIA A CO TRUSTEES","property_address":" THWING RD","property_city":"CHARDON","property_zip":"44024"}},{"type":"Feature","geometry":{"type":"Polygon","coordinates":[[[-81.2704316853217,41.5698922160202],[-81.2714007293863,41.5698885380998],[-81.2714005511255,41.5698927351703],[-81.2713414302863,41.5712899620743],[-81.2703685406369,41.571007697227],[-81.2704147507755,41.5699163425821],[-81.2704300183395,41.5698945918568],[-81.2704316853217,41.5698922160202]]]},"properties":{"source_county":"Geauga","jurisdiction":"Chardon Township","parcel_id":"06-120595","owner_name":"LEITH THOMAS E & SANDRA M","property_address":"10341 THWING RD","property_city":"CHARDON","property_zip":"44024"}},{"type":"Feature","geometry":{"type":"Polygon","coordinates":[[[-81.2548513738889,41.573739561031],[-81.2552899254768,41.5737373049905],[-81.2552939058697,41.5739019554298],[-81.2548553508158,41.5739042096589],[-81.2548513738889,41.573739561031]]]},"properties":{"source_county":"Geauga","jurisdiction":"Chardon Township","parcel_id":"06-120601","owner_name":"BELLITTO PAUL A","property_address":" HOWARD DR","property_city":"CHARDON","property_zip":"44024"}},{"type":"Feature","geometry":{"type":"Polygon","coordinates":[[[-81.2738671876252,41.5720227094155],[-81.273904024232,41.5719510813086],[-81.2741100700776,41.5720108486872],[-81.2741375722473,41.5720165823158],[-81.2741660338473,41.5720181935106],[-81.274194369854,41.5720156208489],[-81.2742215000317,41.5720089624067],[-81.2742463901144,41.5719984720195],[-81.274268091235,41.5719845496056],[-81.2742857760985,41.5719677259197],[-81.2742987705204,41.5719486423193],[-81.2743392493204,41.571871389382],[-81.2743698107461,41.5718054660661],[-81.2743932852214,41.5717379246989],[-81.2744095237062,41.5716691941662],[-81.2744184231097,41.5715997109036],[-81.2745022840405,41.5704446609974],[-81.2745379171815,41.5699538908794],[-81.2736401209303,41.5699551894113],[-81.2736429355083,41.5698883204077],[-81.2736430734658,41.5698850513082],[-81.2755726828406,41.5698818919334],[-81.2755724073738,41.5698841834605],[-81.2754248867788,41.5711128644376],[-81.2746732905712,41.5711139612375],[-81.2746374693822,41.5716073037028],[-81.274626996811,41.571690263258],[-81.274607718153,41.5717723275286],[-81.2745797570076,41.5718529702438],[-81.2745432926562,41.5719316742468],[-81.2745031485584,41.5720082896398],[-81.274495319493,41.5720289915381],[-81.2744930191956,41.5720504426355],[-81.2744963360744,41.5720718185432],[-81.2745051426635,41.5720922977615],[-81.2745191005204,41.5721110932504],[-81.2745376732322,41.572127482677],[-81.2745601470304,41.572140836176],[-81.2745856582211,41.5721506405557],[-81.2745482209833,41.5722221031441],[-81.2738671876252,41.5720227094155]]]},"properties":{"source_county":"Geauga","jurisdiction":"Chardon Township","parcel_id":"06-120806","owner_name":"CARPENTER DEBORAH A TOD","property_address":" THWING RD","property_city":"CHARDON","property_zip":"44024"}},{"type":"Feature","geometry":{"type":"Polygon","coordinates":[[[-81.2701963603498,41.5698931081865],[-81.2704316853217,41.5698922160202],[-81.2704300183395,41.5698945918568],[-81.2704147507755,41.5699163425821],[-81.2703685406369,41.571007697227],[-81.2701518335039,41.5709448224113],[-81.2701962785636,41.5698950370578],[-81.2701963603498,41.5698931081865]]]},"properties":{"source_county":"Geauga","jurisdiction":"Chardon Township","parcel_id":"06-120855","owner_name":"RYAN COREY MICHAEL & SARAH CHRISTINE CO TRUSTEES","property_address":" THWING RD","property_city":"CHARDON","property_zip":"44024"}},{"type":"Feature","geometry":{"type":"Polygon","coordinates":[[[-81.2597260830412,41.5699201883487],[-81.2599122279919,41.5699196567001],[-81.2599292437947,41.5716416870228],[-81.2599332365178,41.5720451037221],[-81.2597113946105,41.5720456873659],[-81.2597260830412,41.5699201883487]]]},"properties":{"source_county":"Geauga","jurisdiction":"Chardon Township","parcel_id":"06-120857","owner_name":"KNEE DWAYNE & KAREN C","property_address":" THWING RD","property_city":"CHARDON","property_zip":"44024"}},{"type":"Feature","geometry":{"type":"Polygon","coordinates":[[[-81.2590047117887,41.5699222475089],[-81.2597260830412,41.5699201883487],[-81.2597113946105,41.5720456873659],[-81.2595107664906,41.5720462153347],[-81.2590013798343,41.5720475528702],[-81.2590047117887,41.5699222475089]]]},"properties":{"source_county":"Geauga","jurisdiction":"Chardon Township","parcel_id":"06-120858","owner_name":"STIPICH MARK A & SAMPLE HOLLY J","property_address":"10670 THWING RD","property_city":"CHARDON","property_zip":"44024"}},{"type":"Feature","geometry":{"type":"Polygon","coordinates":[[[-81.2746732905712,41.5711139612375],[-81.2754248867788,41.5711128644376],[-81.2752662531141,41.5724342574463],[-81.2745482209833,41.5722221031441],[-81.2745856582211,41.5721506405557],[-81.2745601470304,41.572140836176],[-81.2745376732322,41.572127482677],[-81.2745191005204,41.5721110932504],[-81.2745051426635,41.5720922977615],[-81.2744963360744,41.5720718185432],[-81.2744930191956,41.5720504426355],[-81.274495319493,41.5720289915381],[-81.2745031485584,41.5720082896398],[-81.2745432926562,41.5719316742468],[-81.2745797570076,41.5718529702438],[-81.274607718153,41.5717723275286],[-81.274626996811,41.571690263258],[-81.2746374693822,41.5716073037028],[-81.2746732905712,41.5711139612375]]]},"properties":{"source_county":"Geauga","jurisdiction":"Chardon Township","parcel_id":"06-120973","owner_name":"NIEMI NANCY L AKA NANCY","property_address":"10245 THWING RD","property_city":"CHARDON","property_zip":"44024"}},{"type":"Feature","geometry":{"type":"Polygon","coordinates":[[[-81.2548000692289,41.5699341577993],[-81.2551980393997,41.5699330367788],[-81.2551998654859,41.5700098840401],[-81.2552011918163,41.5700647630833],[-81.2552262788766,41.5711030970383],[-81.2548283235968,41.5711051422897],[-81.2548032196805,41.5700658823011],[-81.2548018948824,41.5700110032664],[-81.2548000692289,41.5699341577993]]]},"properties":{"source_county":"Geauga","jurisdiction":"Chardon Township","parcel_id":"06-000150","owner_name":"RADEBAUGH DOUGLAS M JR & LAURA A","property_address":"10774 THWING RD","property_city":"CHARDON","property_zip":"44024"}},{"type":"Feature","geometry":{"type":"Polygon","coordinates":[[[-81.2682090085122,41.5720057331313],[-81.2689858443632,41.5706182860173],[-81.2694595434055,41.5707557288755],[-81.2687605981965,41.5721133586687],[-81.2682090085122,41.5720057331313]]]},"properties":{"source_county":"Geauga","jurisdiction":"Chardon Township","parcel_id":"06-000900","owner_name":"AMBROSE DENNIS G & KATHLEEN M","property_address":"10376 THWING RD","property_city":"CHARDON","property_zip":"44024"}},{"type":"Feature","geometry":{"type":"Polygon","coordinates":[[[-81.2616206219452,41.5716372206408],[-81.2617565249056,41.5716368615979],[-81.2617746420626,41.5730546804689],[-81.2616535197629,41.5730749610732],[-81.2615347542995,41.5731019818721],[-81.2614190098203,41.573135591763],[-81.2613069335823,41.5731756027969],[-81.2611991523326,41.5732217912282],[-81.261096268804,41.5732738987667],[-81.2609988583448,41.5733316340211],[-81.2599292437963,41.5716416870256],[-81.2616206219452,41.5716372206408]]]},"properties":{"source_county":"Geauga","jurisdiction":"Chardon Township","parcel_id":"06-003010","owner_name":"BOETGER ROBERT O & PAMELA K","property_address":"10615 NORTH WOODS CIR","property_city":"CHARDON","property_zip":"44024"}},{"type":"Feature","geometry":{"type":"Polygon","coordinates":[[[-81.2518495705181,41.5722181256177],[-81.2534416755438,41.5722099764134],[-81.2534482976766,41.5724843714957],[-81.251856187163,41.5724925217032],[-81.2518495705181,41.5722181256177]]]},"properties":{"source_county":"Geauga","jurisdiction":"Chardon Township","parcel_id":"06-003100","owner_name":"WALKER JUSTIN M & NEWTON SAMANTHA R","property_address":"11001 OLMAR DR","property_city":"CHARDON","property_zip":"44024"}},{"type":"Feature","geometry":{"type":"Polygon","coordinates":[[[-81.2666232806407,41.5712508958023],[-81.2669962170479,41.5700409715893],[-81.2674797931106,41.5701812910927],[-81.26699826348,41.5713597048794],[-81.2666232806407,41.5712508958023]]]},"properties":{"source_county":"Geauga","jurisdiction":"Chardon Township","parcel_id":"06-004700","owner_name":"KRAINCIC BROOKE & BOOTH TRAVIS L","property_address":"10450 THWING RD","property_city":"CHARDON","property_zip":"44024"}},{"type":"Feature","geometry":{"type":"Polygon","coordinates":[[[-81.2502774906802,41.5730494399497],[-81.2518694182386,41.573041312873],[-81.2518760350671,41.5733157079829],[-81.2502840996408,41.5733238351366],[-81.2502774906802,41.5730494399497]]]},"properties":{"source_county":"Geauga","jurisdiction":"Chardon Township","parcel_id":"06-005120","owner_name":"SIDDERS TIMOTHY J","property_address":"10972 HELMUT DR","property_city":"CHARDON","property_zip":"44024"}},{"type":"Feature","geometry":{"type":"Polygon","coordinates":[[[-81.2514251369606,41.571122577187],[-81.251823108055,41.571120542864],[-81.2518297244782,41.5713949390499],[-81.2502378357334,41.5714030655743],[-81.2502312271777,41.5711286693114],[-81.2506291923345,41.5711266399154],[-81.2510271646599,41.5711246092331],[-81.2514251369606,41.571122577187]]]},"properties":{"source_county":"Geauga","jurisdiction":"Chardon Township","parcel_id":"06-005400","owner_name":"MUNI LISA K & BEER CHRISTY S & LESLIE CINDY G","property_address":"11048 HELMUT DR","property_city":"CHARDON","property_zip":"44024"}},{"type":"Feature","geometry":{"type":"Polygon","coordinates":[[[-81.2536609612137,41.5722088523222],[-81.2552527983654,41.5722006790221],[-81.2552594280854,41.5724750740019],[-81.2536675842651,41.5724832473921],[-81.2536609612137,41.5722088523222]]]},"properties":{"source_county":"Geauga","jurisdiction":"Chardon Township","parcel_id":"06-009200","owner_name":"MUNI ANTHONY J","property_address":"11000 OLMAR DR","property_city":"CHARDON","property_zip":"44024"}},{"type":"Feature","geometry":{"type":"Polygon","coordinates":[[[-81.2513968546632,41.5699479457511],[-81.2517948223846,41.569946028628],[-81.251823108055,41.571120542864],[-81.2514251369606,41.571122577187],[-81.2513968546632,41.5699479457511]]]},"properties":{"source_county":"Geauga","jurisdiction":"Chardon Township","parcel_id":"06-012150","owner_name":"GREY JAMES EDWIN JR TOD","property_address":"10864 THWING RD","property_city":"CHARDON","property_zip":"44024"}},{"type":"Feature","geometry":{"type":"Polygon","coordinates":[[[-81.2535209930101,41.5737463889903],[-81.2540801809097,41.5737435214098],[-81.2540992489887,41.5745332326736],[-81.2535401289607,41.5745391736012],[-81.2535209930101,41.5737463889903]]]},"properties":{"source_county":"Geauga","jurisdiction":"Chardon Township","parcel_id":"06-014200","owner_name":"RICE JAMES B","property_address":"10806 HOWARD DR","property_city":"CHARDON","property_zip":"44024"}},{"type":"Feature","geometry":{"type":"Polygon","coordinates":[[[-81.2700073594259,41.5722091615748],[-81.2705866742752,41.5710827540727],[-81.2710363199914,41.5712132091541],[-81.2704185344753,41.5724144297452],[-81.2700096797236,41.572341006116],[-81.269945479614,41.5723294771178],[-81.2700073594259,41.5722091615748]]]},"properties":{"source_county":"Geauga","jurisdiction":"Chardon Township","parcel_id":"06-014350","owner_name":"MOORE DENNIS KEITH & MB HOMES AND RENOVATIONS LLC","property_address":" THWING RD","property_city":"CHARDON","property_zip":"44024"}},{"type":"Feature","geometry":{"type":"Polygon","coordinates":[[[-81.2536477140955,41.5716600611938],[-81.2552395379105,41.5716518880739],[-81.2552461687181,41.5719262831168],[-81.2536543382349,41.5719344563268],[-81.2536477140955,41.5716600611938]]]},"properties":{"source_county":"Geauga","jurisdiction":"Chardon Township","parcel_id":"06-015100","owner_name":"NISHIZAKI OLIN J","property_address":"11024 OLMAR DR","property_city":"CHARDON","property_zip":"44024"}},{"type":"Feature","geometry":{"type":"Polygon","coordinates":[[[-81.260405327326,41.5740423929866],[-81.2620089852337,41.5749927395877],[-81.2620164768411,41.5757472104443],[-81.2597820133756,41.5744230113881],[-81.2599442514319,41.5743339150185],[-81.2601023387678,41.5742407064203],[-81.2602560906277,41.574143494536],[-81.260405327326,41.5740423929866]]]},"properties":{"source_county":"Geauga","jurisdiction":"Chardon Township","parcel_id":"06-015230","owner_name":"ROSE ROBERT W & HELENE M","property_address":"10620 NORTH WOODS CIR","property_city":"CHARDON","property_zip":"44024"}},{"type":"Feature","geometry":{"type":"Polygon","coordinates":[[[-81.2695142227511,41.5698956904223],[-81.2701963603515,41.5698931081893],[-81.2701962785652,41.5698950370606],[-81.2701518335057,41.5709448224141],[-81.2694695343961,41.5707468587177],[-81.2695141781795,41.5698965310023],[-81.2695142227511,41.5698956904223]]]},"properties":{"source_county":"Geauga","jurisdiction":"Chardon Township","parcel_id":"06-019350","owner_name":"GEDEON LINDSEY A & GREGORY DANIEL","property_address":"10363 THWING RD","property_city":"CHARDON","property_zip":"44024"}},{"type":"Feature","geometry":{"type":"Polygon","coordinates":[[[-81.2518429551103,41.5719437304203],[-81.2534350522847,41.5719355803928],[-81.2534416755438,41.5722099764134],[-81.2518495705181,41.5722181256177],[-81.2518429551103,41.5719437304203]]]},"properties":{"source_county":"Geauga","jurisdiction":"Chardon Township","parcel_id":"06-019600","owner_name":"CROYLE TERRY S TOD","property_address":"11013 OLMAR DR","property_city":"CHARDON","property_zip":"44024"}},{"type":"Feature","geometry":{"type":"Polygon","coordinates":[[[-81.2704185344753,41.5724144297452],[-81.2710363199914,41.5712132091541],[-81.271485966283,41.5713436633767],[-81.2708915917626,41.5724993804562],[-81.2704185344753,41.5724144297452]]]},"properties":{"source_county":"Geauga","jurisdiction":"Chardon Township","parcel_id":"06-020560","owner_name":"MOORE DENNIS KEITH & MB HOMES AND RENOVATIONS LLC","property_address":"10344 THWING RD","property_city":"CHARDON","property_zip":"44024"}},{"type":"Feature","geometry":{"type":"Polygon","coordinates":[[[-81.2518297244782,41.5713949390499],[-81.2534218083137,41.5713867892023],[-81.2534284302629,41.5716611852602],[-81.2518363397751,41.5716693342975],[-81.2518297244782,41.5713949390499]]]},"properties":{"source_county":"Geauga","jurisdiction":"Chardon Township","parcel_id":"06-022100","owner_name":"VAN NESS JEFFERY M","property_address":"11037 OLMAR DR","property_city":"CHARDON","property_zip":"44024"}},{"type":"Feature","geometry":{"type":"Polygon","coordinates":[[[-81.2739192695536,41.5735547228175],[-81.2746828926512,41.5722736909368],[-81.275559695344,41.5725327551204],[-81.2748008722186,41.5738084744711],[-81.2739192695536,41.5735547228175]]]},"properties":{"source_county":"Geauga","jurisdiction":"Chardon Township","parcel_id":"06-022200","owner_name":"VIDMAR ANTHONY A & COLETTA A","property_address":"10210 THWING RD","property_city":"CHARDON","property_zip":"44024"}},{"type":"Feature","geometry":{"type":"Polygon","coordinates":[[[-81.2645851690447,41.5737489181601],[-81.2663822823654,41.5737388006861],[-81.2663875296157,41.5742636203484],[-81.2663879353113,41.5743042148453],[-81.2643364007223,41.5743217734242],[-81.2643552072624,41.5742557366502],[-81.2643785906606,41.5741905295042],[-81.264406486807,41.5741263307257],[-81.2645851690447,41.5737489181601]]]},"properties":{"source_county":"Geauga","jurisdiction":"Chardon Township","parcel_id":"06-025700","owner_name":"WATSON TODD J & MICHELLE C","property_address":"10950 FOREST OAKS DR","property_city":"CHARDON","property_zip":"44024"}},{"type":"Feature","geometry":{"type":"Polygon","coordinates":[[[-81.2546583689325,41.5745272881539],[-81.2546393687604,41.5737406511371],[-81.2548513738906,41.5737395610337],[-81.2548553508174,41.5739042096617],[-81.2552939058714,41.5739019554326],[-81.2553088490812,41.5745203687766],[-81.2546583689325,41.5745272881539]]]},"properties":{"source_county":"Geauga","jurisdiction":"Chardon Township","parcel_id":"06-026250","owner_name":"BELLITTO PAUL A","property_address":"10776 HOWARD DR","property_city":"CHARDON","property_zip":"44024"}},{"type":"Feature","geometry":{"type":"Polygon","coordinates":[[[-81.2518694182386,41.573041312873],[-81.2534615420915,41.5730331624854],[-81.2534681655726,41.5733075584056],[-81.2518760350671,41.5733157079829],[-81.2518694182386,41.573041312873]]]},"properties":{"source_county":"Geauga","jurisdiction":"Chardon Township","parcel_id":"06-026400","owner_name":"DWYER MICHAEL DANIEL & PATRICIA ANN","property_address":"10973 OLMAR DR","property_city":"CHARDON","property_zip":"44024"}},{"type":"Feature","geometry":{"type":"Polygon","coordinates":[[[-81.2518628026817,41.5727669168506],[-81.2534549198478,41.5727587674533],[-81.2534615420915,41.5730331624854],[-81.2518694182386,41.573041312873],[-81.2518628026817,41.5727669168506]]]},"properties":{"source_county":"Geauga","jurisdiction":"Chardon Township","parcel_id":"06-028500","owner_name":"DASSATTI NINA L & DUDEK JEREMY C","property_address":"10983 OLMAR DR","property_city":"CHARDON","property_zip":"44024"}},{"type":"Feature","geometry":{"type":"Polygon","coordinates":[[[-81.2509988869357,41.5699498606102],[-81.2513968546632,41.5699479457511],[-81.2514251369606,41.571122577187],[-81.2510271646599,41.5711246092331],[-81.2509988869357,41.5699498606102]]]},"properties":{"source_county":"Geauga","jurisdiction":"Chardon Township","parcel_id":"06-028900","owner_name":"LOWTHER DONNA J TOD","property_address":"10874 THWING RD","property_city":"CHARDON","property_zip":"44024"}},{"type":"Feature","geometry":{"type":"Polygon","coordinates":[[[-81.2540801809097,41.5737435214098],[-81.2546393687604,41.5737406511371],[-81.2546583689325,41.5745272881539],[-81.2540992489887,41.5745332326736],[-81.2540801809097,41.5737435214098]]]},"properties":{"source_county":"Geauga","jurisdiction":"Chardon Township","parcel_id":"06-029300","owner_name":"THOMAS MOLLY A","property_address":"10792 HOWARD DR","property_city":"CHARDON","property_zip":"44024"}},{"type":"Feature","geometry":{"type":"Polygon","coordinates":[[[-81.2536675842651,41.5724832473921],[-81.2552594280854,41.5724750740019],[-81.2552660578437,41.572749469857],[-81.2536742073549,41.5727576433373],[-81.2536675842651,41.5724832473921]]]},"properties":{"source_county":"Geauga","jurisdiction":"Chardon Township","parcel_id":"06-029600","owner_name":"BERTOVIC ROSIKA","property_address":"10992 OLMAR DR","property_city":"CHARDON","property_zip":"44024"}},{"type":"Feature","geometry":{"type":"Polygon","coordinates":[[[-81.2502378357334,41.5714030655743],[-81.2518297244782,41.5713949390499],[-81.2518363397751,41.5716693342975],[-81.2502444443617,41.5716774609117],[-81.2502378357334,41.5714030655743]]]},"properties":{"source_county":"Geauga","jurisdiction":"Chardon Township","parcel_id":"06-030200","owner_name":"BROOKSHIRE KAY NUNNALLY TOD","property_address":"11036 HELMUT DR","property_city":"CHARDON","property_zip":"44024"}},{"type":"Feature","geometry":{"type":"Polygon","coordinates":[[[-81.2622652661553,41.5731976701576],[-81.2631423632969,41.5731927528629],[-81.2631536018517,41.5743224072413],[-81.2622764895818,41.574327324619],[-81.2622652661553,41.5731976701576]]]},"properties":{"source_county":"Geauga","jurisdiction":"Chardon Township","parcel_id":"06-031150","owner_name":"STODDARD JOHN R & MAUREENA M","property_address":"10570 NORTH WOODS CIR","property_city":"CHARDON","property_zip":"44024"}},{"type":"Feature","geometry":{"type":"Polygon","coordinates":[[[-81.2680550646415,41.5699001749315],[-81.2688298450048,41.5698982782177],[-81.2688297836491,41.5699000749338],[-81.2688075387051,41.5705547810627],[-81.2680329014652,41.5703300147365],[-81.2680550070794,41.5699001752213],[-81.2680550646415,41.5699001749315]]]},"properties":{"source_county":"Geauga","jurisdiction":"Chardon Township","parcel_id":"06-032100","owner_name":"ELLIOTT JUDSON S TOD & BEVERLY L TOD","property_address":"10395 THWING RD","property_city":"CHARDON","property_zip":"44024"}},{"type":"Feature","geometry":{"type":"Polygon","coordinates":[[[-81.2536410912277,41.5713856651483],[-81.2552329083743,41.5713774921185],[-81.2552395379105,41.5716518880739],[-81.2536477140955,41.5716600611938],[-81.2536410912277,41.5713856651483]]]},"properties":{"source_county":"Geauga","jurisdiction":"Chardon Township","parcel_id":"06-032200","owner_name":"JENKINS LAURA","property_address":"11036 OLMAR DR","property_city":"CHARDON","property_zip":"44024"}},{"type":"Feature","geometry":{"type":"Polygon","coordinates":[[[-81.2666746183964,41.5698972052305],[-81.2673647937248,41.569898714137],[-81.2673647902426,41.569898771731],[-81.2673527725526,41.5701326647759],[-81.2669982394173,41.5700297892335],[-81.2666726560798,41.5699353136095],[-81.2666738737922,41.5699116573043],[-81.2666746183964,41.5698972052305]]]},"properties":{"source_county":"Geauga","jurisdiction":"Chardon Township","parcel_id":"06-033000","owner_name":"SCHUSTER RUDOLF & DEBORAH ELAINE TRUSTEES","property_address":" THWING RD","property_city":"CHARDON","property_zip":"44024"}},{"type":"Feature","geometry":{"type":"Polygon","coordinates":[[[-81.2518434290006,41.5737549764782],[-81.252402617047,41.5737521169746],[-81.2524218873671,41.5745510491695],[-81.2518627670349,41.5745569820223],[-81.2518434290006,41.5737549764782]]]},"properties":{"source_county":"Geauga","jurisdiction":"Chardon Township","parcel_id":"06-034600","owner_name":"FARINACCI REX","property_address":"10852 HOWARD DR","property_city":"CHARDON","property_zip":"44024"}},{"type":"Feature","geometry":{"type":"Polygon","coordinates":[[[-81.26095692312,41.5735985566452],[-81.2621875358707,41.5743278227406],[-81.2620023918271,41.5743288596019],[-81.2620076943028,41.5748627959197],[-81.2620089852337,41.5749927395877],[-81.260405327326,41.5740423929866],[-81.2605507726824,41.5739368450367],[-81.260691296959,41.5738276027638],[-81.2608267338617,41.5737147954621],[-81.26095692312,41.5735985566452]]]},"properties":{"source_county":"Geauga","jurisdiction":"Chardon Township","parcel_id":"06-037124","owner_name":"BEAUBIEN KEITH","property_address":"10610 NORTH WOODS CIR","property_city":"CHARDON","property_zip":"44024"}},{"type":"Feature","geometry":{"type":"Polygon","coordinates":[[[-81.2594042110973,41.5746072296949],[-81.2594918501719,41.5745671433749],[-81.2617704822183,41.5759432734055],[-81.2610409402582,41.5759549254955],[-81.2586528132694,41.5749305384279],[-81.2587517937794,41.574877252514],[-81.25885535473,41.5748291249328],[-81.2589630201594,41.5747863768725],[-81.2591123265425,41.5747298109614],[-81.2592594298632,41.5746700791246],[-81.2594042110973,41.5746072296949]]]},"properties":{"source_county":"Geauga","jurisdiction":"Chardon Township","parcel_id":"06-037126","owner_name":"CHARLTON DIANE M TRUSTEE","property_address":"10640 NORTH WOODS CIR","property_city":"CHARDON","property_zip":"44024"}},{"type":"Feature","geometry":{"type":"Polygon","coordinates":[[[-81.2573453704278,41.5740115450051],[-81.257500490104,41.5738707633003],[-81.2587859742213,41.5746696577766],[-81.2586757388651,41.5747180214638],[-81.2585698071077,41.5747715342882],[-81.2584686049043,41.5748299810782],[-81.2583725391958,41.5748931268226],[-81.258281996273,41.5749607176151],[-81.2581973402233,41.5750324816755],[-81.2581189114664,41.5751081304422],[-81.2573145716984,41.5746141817923],[-81.2569369078183,41.5743822517589],[-81.2573077910597,41.5740456512771],[-81.2573453704278,41.5740115450051]]]},"properties":{"source_county":"Geauga","jurisdiction":"Chardon Township","parcel_id":"06-037138","owner_name":"LAZNIK KEVIN J & CYNTHIA M","property_address":"10695 NORTH WOODS CIR","property_city":"CHARDON","property_zip":"44024"}},{"type":"Feature","geometry":{"type":"Polygon","coordinates":[[[-81.2582772840752,41.5731657532632],[-81.2584097769419,41.5730455017027],[-81.2600457629632,41.5740621751771],[-81.259865963775,41.5741716118411],[-81.2596803566238,41.5742754373768],[-81.2594892518372,41.5743734781774],[-81.2579800064312,41.5734355617515],[-81.2582772840752,41.5731657532632]]]},"properties":{"source_county":"Geauga","jurisdiction":"Chardon Township","parcel_id":"06-037140","owner_name":"WILTSE DANIEL P & MELINDA S","property_address":"10655 NORTH WOODS CIR","property_city":"CHARDON","property_zip":"44024"}},{"type":"Feature","geometry":{"type":"Polygon","coordinates":[[[-81.2584097769419,41.5730455017027],[-81.2588934211064,41.5726065386774],[-81.2604471686522,41.5737813254211],[-81.2603174207932,41.5738781740477],[-81.2601835722867,41.5739718232484],[-81.2600457629632,41.5740621751771],[-81.2584097769419,41.5730455017027]]]},"properties":{"source_county":"Geauga","jurisdiction":"Chardon Township","parcel_id":"06-037141","owner_name":"NAGY LOUIS E TOD & DIANA S TOD","property_address":"10645 NORTH WOODS CIR","property_city":"CHARDON","property_zip":"44024"}},{"type":"Feature","geometry":{"type":"Polygon","coordinates":[[[-81.2599332365195,41.5720451037249],[-81.2599292437963,41.5716416870256],[-81.2609988583448,41.5733316340211],[-81.260923747421,41.5733827356395],[-81.2608529306874,41.5734371850542],[-81.2607866722934,41.573494779175],[-81.2606773496752,41.5735928376832],[-81.2605641476354,41.5736883819343],[-81.2604471686522,41.5737813254211],[-81.2588934211064,41.5726065386774],[-81.2595107664923,41.5720462153375],[-81.2597113946122,41.5720456873687],[-81.2599332365195,41.5720451037249]]]},"properties":{"source_county":"Geauga","jurisdiction":"Chardon Township","parcel_id":"06-037142","owner_name":"O NEIL AARON M","property_address":"10635 NORTH WOODS CIR","property_city":"CHARDON","property_zip":"44024"}},{"type":"Feature","geometry":{"type":"Polygon","coordinates":[[[-81.2625970753642,41.5716346314139],[-81.2634010792504,41.5716324931585],[-81.2634086795055,41.5723962650505],[-81.2634149523354,41.5730265546565],[-81.2626109548836,41.5730310642329],[-81.2625970753642,41.5716346314139]]]},"properties":{"source_county":"Geauga","jurisdiction":"Chardon Township","parcel_id":"06-037145","owner_name":"WENTZ BRADLEY A & JON D CO TRUSTEES","property_address":"10565 NORTH WOODS CIR","property_city":"CHARDON","property_zip":"44024"}},{"type":"Feature","geometry":{"type":"Polygon","coordinates":[[[-81.2558269213058,41.5736650032836],[-81.2566697192954,41.5746247394793],[-81.2562723226072,41.5749853922969],[-81.2553112381619,41.5746850237288],[-81.2553088490812,41.5745203687766],[-81.2552939058714,41.5739019554326],[-81.2552899254785,41.5737373049933],[-81.2553994540353,41.57373392714],[-81.2555084215997,41.5737249534633],[-81.2556163217547,41.5737104256676],[-81.2557226530445,41.5736904112693],[-81.2558269213058,41.5736650032836]]]},"properties":{"source_county":"Geauga","jurisdiction":"Chardon Township","parcel_id":"06-037149","owner_name":"TAYLOR JEFFREY B & NANCY A","property_address":" HOWARD DR","property_city":"CHARDON","property_zip":"44024"}},{"type":"Feature","geometry":{"type":"Polygon","coordinates":[[[-81.2567469307473,41.5730226426019],[-81.2572962007296,41.5730740094087],[-81.2582772840752,41.5731657532632],[-81.2579800064312,41.5734355617515],[-81.257500490104,41.5738707633003],[-81.2573453704278,41.5740115450051],[-81.2573070614134,41.5739845086587],[-81.2564350090429,41.5733690603955],[-81.2565099564073,41.5733066462586],[-81.2565789409976,41.5732404686778],[-81.2566416286767,41.5731708482115],[-81.2566977158123,41.573098122094],[-81.2567469307473,41.5730226426019]]]},"properties":{"source_county":"Geauga","jurisdiction":"Chardon Township","parcel_id":"06-037151","owner_name":"ROSE RALPH E TOD & LORETTA A TOD","property_address":"10730 HOWARD DR","property_city":"CHARDON","property_zip":"44024"}},{"type":"Feature","geometry":{"type":"Polygon","coordinates":[[[-81.259001379836,41.572047552873],[-81.2595107664923,41.5720462153375],[-81.2588934211064,41.5726065386774],[-81.2584097769419,41.5730455017027],[-81.2582772840752,41.5731657532632],[-81.2572962007296,41.5730740094087],[-81.2567469307473,41.5730226426019],[-81.256764440938,41.5729866844879],[-81.2567751167191,41.5729492463728],[-81.2567787503256,41.572911056894],[-81.2567752710508,41.5728728593111],[-81.2567647466223,41.5728353970402],[-81.2567473818818,41.5727993991852],[-81.2567235147985,41.5727655663478],[-81.2572892710295,41.5724930025846],[-81.2582095509601,41.5720496288253],[-81.259001379836,41.572047552873]]]},"properties":{"source_county":"Geauga","jurisdiction":"Chardon Township","parcel_id":"06-037152","owner_name":"SHINSKY JOSEPH O & CHARLENE","property_address":"10720 HOWARD DR","property_city":"CHARDON","property_zip":"44024"}},{"type":"Feature","geometry":{"type":"Polygon","coordinates":[[[-81.2557863847407,41.5712518641307],[-81.2563400487252,41.5712504242217],[-81.2563629783325,41.5726388123163],[-81.2563081920391,41.5726477912468],[-81.2562558799191,41.5726629585022],[-81.2562072735765,41.5726839569945],[-81.2561635173719,41.5727102923484],[-81.2561256414809,41.5727413445407],[-81.2552484721782,41.5720216152093],[-81.2552461687181,41.5719262831168],[-81.2552395379105,41.5716518880739],[-81.2552329083743,41.5713774921185],[-81.2552299074584,41.5712533081656],[-81.2557863847407,41.5712518641307]]]},"properties":{"source_county":"Geauga","jurisdiction":"Chardon Township","parcel_id":"06-037154","owner_name":"SPRAGUE THOMAS C II & KELLY A","property_address":"10745 HOWARD DR","property_city":"CHARDON","property_zip":"44024"}},{"type":"Feature","geometry":{"type":"Polygon","coordinates":[[[-81.2552527983654,41.5722006790221],[-81.2552484721782,41.5720216152093],[-81.2561256414809,41.5727413445407],[-81.2560949228537,41.572775867843],[-81.2560714912823,41.5728134759904],[-81.2560558831074,41.5728533081659],[-81.2560484556013,41.5728944526447],[-81.256049378789,41.5729359676632],[-81.2560586315551,41.5729769029744],[-81.256076002126,41.5730163215987],[-81.2561010929152,41.5730533212709],[-81.2561273189076,41.5730923867221],[-81.2561449450804,41.5731340852531],[-81.2561535235024,41.5731773572247],[-81.2561528361611,41.5732211030116],[-81.2561429005049,41.5732642109458],[-81.2561239690014,41.5733055855664],[-81.2560965227232,41.5733441754573],[-81.2560612591251,41.5733789999666],[-81.2560190743205,41.5734091741275],[-81.2559710403106,41.5734339311475],[-81.2558803709558,41.573469795933],[-81.2557864264624,41.5735005422911],[-81.2556897183841,41.5735260027982],[-81.2555907733257,41.5735460388135],[-81.2554901300744,41.5735605412344],[-81.2553883366662,41.5735694310901],[-81.2552859474008,41.5735726599724],[-81.2552793187431,41.5732982606043],[-81.2552726888736,41.5730238647995],[-81.2552660578437,41.572749469857],[-81.2552594280854,41.5724750740019],[-81.2552527983654,41.5722006790221]]]},"properties":{"source_county":"Geauga","jurisdiction":"Chardon Township","parcel_id":"06-037155","owner_name":"WEBER THEODORE F TOD & RZESZUT DONNA M TOD","property_address":"10755 HOWARD DR","property_city":"CHARDON","property_zip":"44024"}},{"type":"Feature","geometry":{"type":"Polygon","coordinates":[[[-81.2501658645519,41.5737635397356],[-81.2507250527444,41.5737606883089],[-81.2507445248334,41.5745688414409],[-81.2501854041975,41.5745747662188],[-81.2501658645519,41.5737635397356]]]},"properties":{"source_county":"Geauga","jurisdiction":"Chardon Township","parcel_id":"06-038490","owner_name":"KELLY JOHN M","property_address":"10896 HOWARD DR","property_city":"CHARDON","property_zip":"44024"}},{"type":"Feature","geometry":{"type":"Polygon","coordinates":[[[-81.2518760350671,41.5733157079829],[-81.2534681655726,41.5733075584056],[-81.2534747878417,41.573581957889],[-81.2518826506491,41.5735901084567],[-81.2518760350671,41.5733157079829]]]},"properties":{"source_county":"Geauga","jurisdiction":"Chardon Township","parcel_id":"06-040000","owner_name":"RAMSEY DAVID & FREIA E CO TRUSTEES","property_address":"10963 OLMAR DR","property_city":"CHARDON","property_zip":"44024"}},{"type":"Feature","geometry":{"type":"Polygon","coordinates":[[[-81.2502576629662,41.5722262524247],[-81.2518495705181,41.5722181256177],[-81.251856187163,41.5724925217032],[-81.2502642717435,41.5725006485873],[-81.2502576629662,41.5722262524247]]]},"properties":{"source_county":"Geauga","jurisdiction":"Chardon Township","parcel_id":"06-040600","owner_name":"HEINZ RICHARD W & LAUREN C","property_address":"11000 HELMUT DR","property_city":"CHARDON","property_zip":"44024"}},{"type":"Feature","geometry":{"type":"Polygon","coordinates":[[[-81.250202958604,41.5699536863146],[-81.2506009191849,41.5699517741055],[-81.2506291923345,41.5711266399154],[-81.2502312271777,41.5711286693114],[-81.250202958604,41.5699536863146]]]},"properties":{"source_county":"Geauga","jurisdiction":"Chardon Township","parcel_id":"06-042020","owner_name":"KIRBY L DEAN II","property_address":"10894 THWING RD","property_city":"CHARDON","property_zip":"44024"}},{"type":"Feature","geometry":{"type":"Polygon","coordinates":[[[-81.2643364007223,41.5743217734242],[-81.2663879353113,41.5743042148453],[-81.2663932735399,41.5748381509666],[-81.2643237840393,41.5748482491768],[-81.2643160808275,41.5748333827831],[-81.2643113276895,41.5748178351087],[-81.2643096249547,41.57480193434],[-81.2643072949747,41.5745680620794],[-81.2643099889501,41.574485555409],[-81.2643197041329,41.5744033470019],[-81.2643364007223,41.5743217734242]]]},"properties":{"source_county":"Geauga","jurisdiction":"Chardon Township","parcel_id":"06-045410","owner_name":"DUNCAN CHARLES K & MARY A","property_address":"10922 FOREST OAKS DR","property_city":"CHARDON","property_zip":"44024"}},{"type":"Feature","geometry":{"type":"Polygon","coordinates":[[[-81.2536061682428,41.5699375118812],[-81.2540041276476,41.5699363957364],[-81.2540059524529,41.5700132367143],[-81.2540072765841,41.5700681157582],[-81.2540324117638,41.5711092286889],[-81.2536344683982,41.5711112699781],[-81.2536093163962,41.5700692310134],[-81.2536079925984,41.5700143519651],[-81.2536061682428,41.5699375118812]]]},"properties":{"source_county":"Geauga","jurisdiction":"Chardon Township","parcel_id":"06-045500","owner_name":"RABABY JOSEPH J TOD","property_address":"10804 THWING RD","property_city":"CHARDON","property_zip":"44024"}},{"type":"Feature","geometry":{"type":"Polygon","coordinates":[[[-81.2627296191941,41.5699115681603],[-81.2632771655,41.5699099887],[-81.2632900887246,41.5708094298534],[-81.262723506752,41.5708107238014],[-81.2627296191941,41.5699115681603]]]},"properties":{"source_county":"Geauga","jurisdiction":"Chardon Township","parcel_id":"06-045510","owner_name":"KUHN JOHN W JR & MICHELLE M","property_address":"10564 THWING RD","property_city":"CHARDON","property_zip":"44024"}},{"type":"Feature","geometry":{"type":"Polygon","coordinates":[[[-81.2700380231761,41.5739514728395],[-81.2725042312468,41.573946579892],[-81.2725020473024,41.574663251694],[-81.2700506358874,41.5746681160845],[-81.2695564268183,41.5746690899573],[-81.2695539240833,41.5739524276481],[-81.2700380231761,41.5739514728395]]]},"properties":{"source_county":"Geauga","jurisdiction":"Chardon Township","parcel_id":"06-048700","owner_name":"NORDSTROM EARL R TOD & CHARLAINE R TOD","property_address":"10340 PINEGATE DR","property_city":"CHARDON","property_zip":"44024"}},{"type":"Feature","geometry":{"type":"Polygon","coordinates":[[[-81.2699902770983,41.5712385529064],[-81.2701375837551,41.5709524561878],[-81.2705866742752,41.5710827540727],[-81.2700073594259,41.5722091615748],[-81.269945479614,41.5723294771178],[-81.2695527586487,41.5722589503155],[-81.2695635674225,41.572176713745],[-81.2695809520194,41.5720951152959],[-81.2696048493003,41.5720144512109],[-81.2696351724826,41.5719350143398],[-81.2696718114558,41.5718570930757],[-81.2699902770983,41.5712385529064]]]},"properties":{"source_county":"Geauga","jurisdiction":"Chardon Township","parcel_id":"06-049300","owner_name":"CHESNES MATTHEW J & JANICE L","property_address":"10364 THWING RD","property_city":"CHARDON","property_zip":"44024"}},{"type":"Feature","geometry":{"type":"Polygon","coordinates":[[[-81.2563182695799,41.5699298751173],[-81.2568425416363,41.5699283910022],[-81.256874452587,41.5712490330439],[-81.2563400487252,41.5712504242217],[-81.2563182695799,41.5699298751173]]]},"properties":{"source_county":"Geauga","jurisdiction":"Chardon Township","parcel_id":"06-051250","owner_name":"JURACK CHARLES C TOD","property_address":"10732 THWING RD","property_city":"CHARDON","property_zip":"44024"}},{"type":"Feature","geometry":{"type":"Polygon","coordinates":[[[-81.257500490104,41.5738707633003],[-81.2579800064312,41.5734355617515],[-81.2594892518372,41.5743734781774],[-81.259325875703,41.574450506788],[-81.2591592689206,41.5745235295144],[-81.2589896056186,41.5745924700325],[-81.2588170631221,41.574657256285],[-81.2587859742213,41.5746696577766],[-81.257500490104,41.5738707633003]]]},"properties":{"source_county":"Geauga","jurisdiction":"Chardon Township","parcel_id":"06-051510","owner_name":"MELE MICHAEL T & REBECCA A","property_address":"10675 NORTH WOODS CIR","property_city":"CHARDON","property_zip":"44024"}},{"type":"Feature","geometry":{"type":"Polygon","coordinates":[[[-81.2716196645336,41.5724979357828],[-81.2719979558939,41.5714922012369],[-81.272511287144,41.5716411264904],[-81.272508651534,41.5724961658807],[-81.2716196645336,41.5724979357828]]]},"properties":{"source_county":"Geauga","jurisdiction":"Chardon Township","parcel_id":"06-051575","owner_name":"MORSE TODD E & SACERICH KATHRYN E","property_address":"10316 THWING RD","property_city":"CHARDON","property_zip":"44024"}},{"type":"Feature","geometry":{"type":"Polygon","coordinates":[[[-81.2658047381254,41.5708027163351],[-81.2663529154482,41.5708012442638],[-81.2663566372867,41.5711735233114],[-81.2663618937236,41.5716992980322],[-81.2649530228557,41.5717072326592],[-81.2651557639408,41.5712783177385],[-81.2651827878217,41.5712137319947],[-81.2652054670811,41.5711482102894],[-81.2652237447238,41.5710819173231],[-81.2652400574665,41.5710067495437],[-81.2652507828627,41.5709310171889],[-81.2652558877882,41.570854954285],[-81.2652565607949,41.5708041849186],[-81.2658047381254,41.5708027163351]]]},"properties":{"source_county":"Geauga","jurisdiction":"Chardon Township","parcel_id":"06-051580","owner_name":"ZIELINSKI ALAN J & SUSAN E","property_address":"11050 FOREST OAKS DR","property_city":"CHARDON","property_zip":"44024"}},{"type":"Feature","geometry":{"type":"Polygon","coordinates":[[[-81.2502510542271,41.5719518571374],[-81.2518429551103,41.5719437304203],[-81.2518495705181,41.5722181256177],[-81.2502576629662,41.5722262524247],[-81.2502510542271,41.5719518571374]]]},"properties":{"source_county":"Geauga","jurisdiction":"Chardon Township","parcel_id":"06-052200","owner_name":"YUHAS ROBERT J","property_address":"11012 HELMUT DR","property_city":"CHARDON","property_zip":"44024"}},{"type":"Feature","geometry":{"type":"Polygon","coordinates":[[[-81.2663875296157,41.5742636203484],[-81.2693357200782,41.5742578565586],[-81.2693382216361,41.5749745188132],[-81.2663946939207,41.5749802731029],[-81.2663932735399,41.5748381509666],[-81.2663879353113,41.5743042148453],[-81.2663875296157,41.5742636203484]]]},"properties":{"source_county":"Geauga","jurisdiction":"Chardon Township","parcel_id":"06-052600","owner_name":"FOX MITCHELL J & JAMIE L","property_address":"10345 PINEGATE DR","property_city":"CHARDON","property_zip":"44024"}},{"type":"Feature","geometry":{"type":"Polygon","coordinates":[[[-81.2647609612671,41.5724154838219],[-81.2663689622293,41.572406429564],[-81.266373200311,41.5728303125185],[-81.2663757532022,41.5730856510911],[-81.2647678008413,41.5731012895733],[-81.2647609612671,41.5724154838219]]]},"properties":{"source_county":"Geauga","jurisdiction":"Chardon Township","parcel_id":"06-052800","owner_name":"WEBB SCOTT TOD","property_address":"10990 FOREST OAKS DR","property_city":"CHARDON","property_zip":"44024"}},{"type":"Feature","geometry":{"type":"Polygon","coordinates":[[[-81.2638276737204,41.5699083976657],[-81.2643973757257,41.5699067480043],[-81.2644003569597,41.5708068845216],[-81.2638356457152,41.5708081803862],[-81.2638276737204,41.5699083976657]]]},"properties":{"source_county":"Geauga","jurisdiction":"Chardon Township","parcel_id":"06-054600","owner_name":"GREGORICH JOHN M & JACQUELINE","property_address":"10532 THWING RD","property_city":"CHARDON","property_zip":"44024"}},{"type":"Feature","geometry":{"type":"Polygon","coordinates":[[[-81.2506009191849,41.5699517741055],[-81.2509988869357,41.5699498606102],[-81.2510271646599,41.5711246092331],[-81.2506291923345,41.5711266399154],[-81.2506009191849,41.5699517741055]]]},"properties":{"source_county":"Geauga","jurisdiction":"Chardon Township","parcel_id":"06-055520","owner_name":"KOVACIC SANDRA K","property_address":"10884 THWING RD","property_city":"CHARDON","property_zip":"44024"}},{"type":"Feature","geometry":{"type":"Polygon","coordinates":[[[-81.270025410724,41.5732348303246],[-81.2725064151434,41.5732299079211],[-81.2725050039346,41.5736931481325],[-81.2725042312468,41.573946579892],[-81.2700380231761,41.5739514728395],[-81.2695539240833,41.5739524276481],[-81.269551421403,41.5732357651701],[-81.270025410724,41.5732348303246]]]},"properties":{"source_county":"Geauga","jurisdiction":"Chardon Township","parcel_id":"06-055540","owner_name":"KOVARIK BERT E & DEBORAH K","property_address":"10330 PINEGATE DR","property_city":"CHARDON","property_zip":"44024"}},{"type":"Feature","geometry":{"type":"Polygon","coordinates":[[[-81.2502642717435,41.5725006485873],[-81.251856187163,41.5724925217032],[-81.2518628026817,41.5727669168506],[-81.2502708805932,41.5727750438244],[-81.2502642717435,41.5725006485873]]]},"properties":{"source_county":"Geauga","jurisdiction":"Chardon Township","parcel_id":"06-058700","owner_name":"TILOCCO FRANK & LAURA A","property_address":"10992 HELMUT DR","property_city":"CHARDON","property_zip":"44024"}},{"type":"Feature","geometry":{"type":"Polygon","coordinates":[[[-81.2663618937236,41.5716992980322],[-81.2663566372867,41.5711735233114],[-81.2666232806407,41.5712508958023],[-81.26699826348,41.5713597048794],[-81.2673732463833,41.5714685118287],[-81.2679633700633,41.570321607663],[-81.2689314997387,41.5706025178683],[-81.2682090085122,41.5720057331313],[-81.2663632599015,41.5718360150356],[-81.2663618937236,41.5716992980322]]]},"properties":{"source_county":"Geauga","jurisdiction":"Chardon Township","parcel_id":"06-058800","owner_name":"STIEBIG ZACHARY B TRUSTEE","property_address":"10386 THWING RD","property_city":"CHARDON","property_zip":"44024"}},{"type":"Feature","geometry":{"type":"Polygon","coordinates":[[[-81.2682090085122,41.5720057331313],[-81.2689314997387,41.5706025178683],[-81.2689858443632,41.5706182860173],[-81.2682090085122,41.5720057331313]]]},"properties":{"source_county":"Geauga","jurisdiction":"Chardon Township","parcel_id":"06-058810","owner_name":"STIEBIG ZACHARY B TRUSTEE","property_address":" THWING RD","property_city":"CHARDON","property_zip":"44024"}},{"type":"Feature","geometry":{"type":"Polygon","coordinates":[[[-81.2649530228557,41.5717072326592],[-81.2663618937236,41.5716992980322],[-81.2663632599015,41.5718360150356],[-81.2663689622293,41.572406429564],[-81.2647609612671,41.5724154838219],[-81.2647602747917,41.5723465984876],[-81.2647635613831,41.5722566006227],[-81.2647752001173,41.5721669941523],[-81.2647951342566,41.5720782156366],[-81.2648232666495,41.5719906976001],[-81.2648594602043,41.5719048664247],[-81.2649530228557,41.5717072326592]]]},"properties":{"source_county":"Geauga","jurisdiction":"Chardon Township","parcel_id":"06-060570","owner_name":"KINDER WILLIAM C & DANIELLE N","property_address":"11010 FOREST OAKS DR","property_city":"CHARDON","property_zip":"44024"}},{"type":"Feature","geometry":{"type":"Polygon","coordinates":[[[-81.2633998648931,41.5715104807745],[-81.2648172188319,41.5715025174838],[-81.2646528514236,41.5718497086425],[-81.2646140476356,41.571941642489],[-81.2645833508421,41.572035288462],[-81.2645608930748,41.5721302438813],[-81.2645467709392,41.5722261004343],[-81.2645410451981,41.5723224459318],[-81.2645414226364,41.5723899025164],[-81.2634086795055,41.5723962650505],[-81.2634010792504,41.5716324931585],[-81.2633998648931,41.5715104807745]]]},"properties":{"source_county":"Geauga","jurisdiction":"Chardon Township","parcel_id":"06-060580","owner_name":"DI GERONIMO NICHOLAS V & COLLEEN M","property_address":"11025 FOREST OAKS DR","property_city":"CHARDON","property_zip":"44024"}},{"type":"Feature","geometry":{"type":"Polygon","coordinates":[[[-81.2599122279936,41.5699196567029],[-81.2616465277057,41.5699146861268],[-81.2616206219452,41.5716372206408],[-81.2599292437963,41.5716416870256],[-81.2599122279936,41.5699196567029]]]},"properties":{"source_county":"Geauga","jurisdiction":"Chardon Township","parcel_id":"06-061500","owner_name":"KNEE DWAYNE & KAREN C","property_address":"10640 THWING RD","property_city":"CHARDON","property_zip":"44024"}},{"type":"Feature","geometry":{"type":"Polygon","coordinates":[[[-81.2695051149745,41.5698957244873],[-81.2695142227511,41.5698956904223],[-81.2695141781795,41.5698965310023],[-81.2694695343961,41.5707468587177],[-81.2688075387051,41.5705547810627],[-81.2688297836491,41.5699000749338],[-81.2688298450048,41.5698982782177],[-81.2695051149745,41.5698957244873]]]},"properties":{"source_county":"Geauga","jurisdiction":"Chardon Township","parcel_id":"06-064700","owner_name":"SELAR ANGELA","property_address":"10379 THWING RD","property_city":"CHARDON","property_zip":"44024"}},{"type":"Feature","geometry":{"type":"Polygon","coordinates":[[[-81.272508651534,41.5724961658807],[-81.272511287144,41.5716411264904],[-81.2735267147167,41.5719357078576],[-81.273569720606,41.5737760949776],[-81.2725050039346,41.5736931481325],[-81.2725064151434,41.5732299079211],[-81.272508651534,41.5724961658807]]]},"properties":{"source_county":"Geauga","jurisdiction":"Chardon Township","parcel_id":"06-065000","owner_name":"MARTIN GERALD E & REGINA R","property_address":"10290 THWING RD","property_city":"CHARDON","property_zip":"44024"}},{"type":"Feature","geometry":{"type":"Polygon","coordinates":[[[-81.2564350090429,41.5733690603955],[-81.2573070614134,41.5739845086587],[-81.2573453704278,41.5740115450051],[-81.2573077910597,41.5740456512771],[-81.2569369078183,41.5743822517589],[-81.2566697192954,41.5746247394793],[-81.2558269213058,41.5736650032836],[-81.2559397650122,41.5736306016003],[-81.2560488177791,41.5735898853999],[-81.2561534540578,41.5735430882414],[-81.256253073638,41.5734904785649],[-81.2563471050898,41.5734323581524],[-81.2564350090429,41.5733690603955]]]},"properties":{"source_county":"Geauga","jurisdiction":"Chardon Township","parcel_id":"06-065750","owner_name":"TAYLOR JEFFREY B & NANCY","property_address":"10740 HOWARD DR","property_city":"CHARDON","property_zip":"44024"}},{"type":"Feature","geometry":{"type":"Polygon","coordinates":[[[-81.2563629783325,41.5726388123163],[-81.2563400487252,41.5712504242217],[-81.256874452587,41.5712490330439],[-81.2568938993413,41.572053065914],[-81.2572840115142,41.5720520479996],[-81.2582095509601,41.5720496288253],[-81.2572892710295,41.5724930025846],[-81.2567235147985,41.5727655663478],[-81.2566925827832,41.5727336393311],[-81.2566558701054,41.5727053757576],[-81.2566141366217,41.5726813606042],[-81.256568246102,41.5726620909166],[-81.2565191483524,41.5726479655224],[-81.2564678595574,41.5726392767772],[-81.2564154412481,41.5726362045128],[-81.2563629783325,41.5726388123163]]]},"properties":{"source_county":"Geauga","jurisdiction":"Chardon Township","parcel_id":"06-065760","owner_name":"WING BOBBY E & MAUREEN H","property_address":"10710 HOWARD DR","property_city":"CHARDON","property_zip":"44024"}},{"type":"Feature","geometry":{"type":"Polygon","coordinates":[[[-81.2518363397751,41.5716693342975],[-81.2534284302629,41.5716611852602],[-81.2534350522847,41.5719355803928],[-81.2518429551103,41.5719437304203],[-81.2518363397751,41.5716693342975]]]},"properties":{"source_county":"Geauga","jurisdiction":"Chardon Township","parcel_id":"06-066700","owner_name":"FRIEDEL JOHN E","property_address":"11025 OLMAR DR","property_city":"CHARDON","property_zip":"44024"}},{"type":"Feature","geometry":{"type":"Polygon","coordinates":[[[-81.2644003569597,41.5708068845216],[-81.2650372951664,41.570805418412],[-81.2650340085792,41.5708954166496],[-81.2650223702034,41.5709850234997],[-81.2650024367039,41.5710738024219],[-81.2649743051581,41.5711613209076],[-81.2649381125842,41.5712471525867],[-81.2648172188319,41.5715025174838],[-81.2633998648931,41.5715104807745],[-81.2633928860373,41.5708091945138],[-81.2638356457152,41.5708081803862],[-81.2644003569597,41.5708068845216]]]},"properties":{"source_county":"Geauga","jurisdiction":"Chardon Township","parcel_id":"06-066710","owner_name":"BARNA BOBBIE J & SCOTT E","property_address":"11045 FOREST OAKS DR","property_city":"CHARDON","property_zip":"44024"}},{"type":"Feature","geometry":{"type":"Polygon","coordinates":[[[-81.2647678008413,41.5731012895733],[-81.2663757532022,41.5730856510911],[-81.2663803642855,41.5735469665117],[-81.2663822823654,41.5737388006861],[-81.2645851690447,41.5737489181601],[-81.2646669957484,41.5735754197981],[-81.264687407184,41.5735270179908],[-81.2647114140742,41.5734617635439],[-81.26473103581,41.5733956876385],[-81.264746223092,41.5733289563337],[-81.2647590334442,41.5732534069788],[-81.2647662334372,41.5731774398081],[-81.2647678008413,41.5731012895733]]]},"properties":{"source_county":"Geauga","jurisdiction":"Chardon Township","parcel_id":"06-067885","owner_name":"WILLMAN DALE & BRANDON","property_address":"10976 FOREST OAKS DR","property_city":"CHARDON","property_zip":"44024"}},{"type":"Feature","geometry":{"type":"Polygon","coordinates":[[[-81.2536742073549,41.5727576433373],[-81.2552660578437,41.572749469857],[-81.2552726888736,41.5730238647995],[-81.2536808317163,41.5730320383699],[-81.2536742073549,41.5727576433373]]]},"properties":{"source_county":"Geauga","jurisdiction":"Chardon Township","parcel_id":"06-070700","owner_name":"RIOLA ELISE M & ROSS A","property_address":"10982 OLMAR DR","property_city":"CHARDON","property_zip":"44024"}},{"type":"Feature","geometry":{"type":"Polygon","coordinates":[[[-81.2529618050444,41.5737492547787],[-81.2535209930101,41.5737463889903],[-81.2535401289607,41.5745391736012],[-81.2529810076151,41.5745451127247],[-81.2529618050444,41.5737492547787]]]},"properties":{"source_county":"Geauga","jurisdiction":"Chardon Township","parcel_id":"06-074500","owner_name":"COBLE DAVID S & LINDA M","property_address":"10822 HOWARD DR","property_city":"CHARDON","property_zip":"44024"}},{"type":"Feature","geometry":{"type":"Polygon","coordinates":[[[-81.2507250527444,41.5737606883089],[-81.2512842409055,41.5737578332896],[-81.2513036453853,41.5745629130709],[-81.2507445248334,41.5745688414409],[-81.2507250527444,41.5737606883089]]]},"properties":{"source_county":"Geauga","jurisdiction":"Chardon Township","parcel_id":"06-075500","owner_name":"TEGEL HANNAH","property_address":"10880 HOWARD DR","property_city":"CHARDON","property_zip":"44024"}},{"type":"Feature","geometry":{"type":"Polygon","coordinates":[[[-81.252402617047,41.5737521169746],[-81.2529618050444,41.5737492547787],[-81.2529810076151,41.5745451127247],[-81.2524218873671,41.5745510491695],[-81.252402617047,41.5737521169746]]]},"properties":{"source_county":"Geauga","jurisdiction":"Chardon Township","parcel_id":"06-076750","owner_name":"OSBORN ELIZABETH R & KEIL ALEXANDER M","property_address":"10838 HOWARD DR","property_city":"CHARDON","property_zip":"44024"}},{"type":"Feature","geometry":{"type":"Polygon","coordinates":[[[-81.2590047117904,41.5699222475118],[-81.259001379836,41.572047552873],[-81.2582095509601,41.5720496288253],[-81.2572840115142,41.5720520479996],[-81.2568938993413,41.572053065914],[-81.256874452587,41.5712490330439],[-81.2568425416363,41.5699283910022],[-81.2590047117904,41.5699222475118]]]},"properties":{"source_county":"Geauga","jurisdiction":"Chardon Township","parcel_id":"06-076900","owner_name":"WALSH DEBORAH M TOD","property_address":"10722 THWING RD","property_city":"CHARDON","property_zip":"44024"}},{"type":"Feature","geometry":{"type":"Polygon","coordinates":[[[-81.2551980393997,41.5699330367788],[-81.2557646203919,41.5699314392291],[-81.2557863847407,41.5712518641307],[-81.2552299074584,41.5712533081656],[-81.2552262788766,41.5711030970383],[-81.2552011918163,41.5700647630833],[-81.2551998654859,41.5700098840401],[-81.2551983499959,41.5699334768439],[-81.2551980393997,41.5699330367788]]]},"properties":{"source_county":"Geauga","jurisdiction":"Chardon Township","parcel_id":"06-078340","owner_name":"GOODWIN ROBERT J JR TOD & PATRICIA A TOD","property_address":"10760 THWING RD","property_city":"CHARDON","property_zip":"44024"}},{"type":"Feature","geometry":{"type":"Polygon","coordinates":[[[-81.2620642395733,41.5731987962495],[-81.2622652661553,41.5731976701576],[-81.2622764895818,41.574327324619],[-81.2621875358707,41.5743278227406],[-81.26095692312,41.5735985566452],[-81.2610331680139,41.5735335450114],[-81.2611160975966,41.5734733245128],[-81.2612051797393,41.5734182815497],[-81.2612998428406,41.5733687693002],[-81.2613994794935,41.5733251054543],[-81.2615034503826,41.5732875701758],[-81.2616110883865,41.5732564043047],[-81.2617217028571,41.5732318078125],[-81.2618345840512,41.5732139385189],[-81.2619490076835,41.5732029110792],[-81.2620642395733,41.5731987962495]]]},"properties":{"source_county":"Geauga","jurisdiction":"Chardon Township","parcel_id":"06-078550","owner_name":"BULLARD GRAYDON R & LAURA M","property_address":"10590 NORTH WOODS CIR","property_city":"CHARDON","property_zip":"44024"}},{"type":"Feature","geometry":{"type":"Polygon","coordinates":[[[-81.2652476098676,41.5699042822344],[-81.2657957784281,41.5699026885121],[-81.2658047381254,41.5708027163351],[-81.2652565607949,41.5708041849186],[-81.2652476098676,41.5699042822344]]]},"properties":{"source_county":"Geauga","jurisdiction":"Chardon Township","parcel_id":"06-078600","owner_name":"ZIELINSKI ALAN JOSEPH & SUSAN ELAINE","property_address":"11060 FOREST OAKS DR","property_city":"CHARDON","property_zip":"44024"}},{"type":"Feature","geometry":{"type":"Polygon","coordinates":[[[-81.2725042312468,41.573946579892],[-81.2725050039346,41.5736931481325],[-81.273569720606,41.5737760949776],[-81.2735267147167,41.5719357078576],[-81.27405215246,41.5720881353743],[-81.2746828926512,41.5722736909368],[-81.2739192695536,41.5735547228175],[-81.2737622267522,41.5737920230864],[-81.2738992206735,41.5737958710626],[-81.2724972226883,41.5762460249367],[-81.2724976780712,41.5760965947783],[-81.2724998633102,41.575379923327],[-81.2725020473024,41.574663251694],[-81.2725042312468,41.573946579892]]]},"properties":{"source_county":"Geauga","jurisdiction":"Chardon Township","parcel_id":"06-079000","owner_name":"TUTTLE CHARLES J & CAROL A","property_address":"10268 THWING RD","property_city":"CHARDON","property_zip":"44024"}},{"type":"Feature","geometry":{"type":"Polygon","coordinates":[[[-81.251856187163,41.5724925217032],[-81.2534482976766,41.5724843714957],[-81.2534549198478,41.5727587674533],[-81.2518628026817,41.5727669168506],[-81.251856187163,41.5724925217032]]]},"properties":{"source_county":"Geauga","jurisdiction":"Chardon Township","parcel_id":"06-079900","owner_name":"WAHL STEPHEN J TOD & KAREN A TOD","property_address":"10993 OLMAR DR","property_city":"CHARDON","property_zip":"44024"}},{"type":"Feature","geometry":{"type":"Polygon","coordinates":[[[-81.2540041276476,41.5699363957364],[-81.2544020978457,41.5699352774434],[-81.2544039230664,41.5700121211159],[-81.2544052487299,41.5700670001681],[-81.2544303682921,41.5711071861775],[-81.2540324117638,41.5711092286889],[-81.2540072765841,41.5700681157582],[-81.2540059524529,41.5700132367143],[-81.2540041276476,41.5699363957364]]]},"properties":{"source_county":"Geauga","jurisdiction":"Chardon Township","parcel_id":"06-082000","owner_name":"LEHMAN JOSEPH A","property_address":"10794 THWING RD","property_city":"CHARDON","property_zip":"44024"}},{"type":"Feature","geometry":{"type":"Polygon","coordinates":[[[-81.2643973757257,41.5699067480043],[-81.2650283405246,41.5699049186182],[-81.2650372951664,41.570805418412],[-81.2644003569597,41.5708068845216],[-81.2643973757257,41.5699067480043]]]},"properties":{"source_county":"Geauga","jurisdiction":"Chardon Township","parcel_id":"06-082050","owner_name":"CAPPY ROBIN P","property_address":"10516 THWING RD","property_city":"CHARDON","property_zip":"44024"}},{"type":"Feature","geometry":{"type":"Polygon","coordinates":[[[-81.2544020978457,41.5699352774434],[-81.2548000692289,41.5699341577993],[-81.2548018948824,41.5700110032664],[-81.2548032196805,41.5700658823011],[-81.2548283235968,41.5711051422897],[-81.2544303682921,41.5711071861775],[-81.2544052487299,41.5700670001681],[-81.2544039230664,41.5700121211159],[-81.2544020978457,41.5699352774434]]]},"properties":{"source_county":"Geauga","jurisdiction":"Chardon Township","parcel_id":"06-082100","owner_name":"SMITH TODD W & REGINA L","property_address":"10784 THWING RD","property_city":"CHARDON","property_zip":"44024"}},{"type":"Feature","geometry":{"type":"Polygon","coordinates":[[[-81.2616206219452,41.5716372206408],[-81.2616465277057,41.5699146861268],[-81.2627296191941,41.5699115681603],[-81.262723506752,41.5708107238014],[-81.2632900887246,41.5708094298534],[-81.2633928860373,41.5708091945138],[-81.2633998648931,41.5715104807745],[-81.2634010792504,41.5716324931585],[-81.2625970753642,41.5716346314139],[-81.2617565249056,41.5716368615979],[-81.2616206219452,41.5716372206408]]]},"properties":{"source_county":"Geauga","jurisdiction":"Chardon Township","parcel_id":"06-083750","owner_name":"LOZAR JAMES L & FRANCES M","property_address":"10580 THWING RD","property_city":"CHARDON","property_zip":"44024"}},{"type":"Feature","geometry":{"type":"Polygon","coordinates":[[[-81.2617565249056,41.5716368615979],[-81.2625970753642,41.5716346314139],[-81.2626109548836,41.5730310642329],[-81.2620626035269,41.5730341360564],[-81.2619661397306,41.5730367846047],[-81.2618700441963,41.5730436404745],[-81.2617746420626,41.5730546804689],[-81.2617565249056,41.5716368615979]]]},"properties":{"source_county":"Geauga","jurisdiction":"Chardon Township","parcel_id":"06-085100","owner_name":"IANNI VINCENT","property_address":"10585 NORTH WOODS CIR","property_city":"CHARDON","property_zip":"44024"}},{"type":"Feature","geometry":{"type":"Polygon","coordinates":[[[-81.2502840996408,41.5733238351366],[-81.2518760350671,41.5733157079829],[-81.2518826506491,41.5735901084567],[-81.2502907085537,41.5735982357002],[-81.2502840996408,41.5733238351366]]]},"properties":{"source_county":"Geauga","jurisdiction":"Chardon Township","parcel_id":"06-086750","owner_name":"EICHELE THOMAS","property_address":"10962 HELMUT DR","property_city":"CHARDON","property_zip":"44024"}},{"type":"Feature","geometry":{"type":"Polygon","coordinates":[[[-81.2536874549171,41.5733064342648],[-81.2552793187431,41.5732982606043],[-81.2552859474008,41.5735726599724],[-81.2536940781049,41.5735808337358],[-81.2536874549171,41.5733064342648]]]},"properties":{"source_county":"Geauga","jurisdiction":"Chardon Township","parcel_id":"06-087800","owner_name":"MCGREEVER DANETTE & ROFF WILLIAM JR","property_address":"10962 OLMAR DR","property_city":"CHARDON","property_zip":"44024"}},{"type":"Feature","geometry":{"type":"Polygon","coordinates":[[[-81.2502708805932,41.5727750438244],[-81.2518628026817,41.5727669168506],[-81.2518694182386,41.573041312873],[-81.2502774906802,41.5730494399497],[-81.2502708805932,41.5727750438244]]]},"properties":{"source_county":"Geauga","jurisdiction":"Chardon Township","parcel_id":"06-088150","owner_name":"BEGALLA BRENDA A","property_address":"10982 HELMUT DR","property_city":"CHARDON","property_zip":"44024"}},{"type":"Feature","geometry":{"type":"Polygon","coordinates":[[[-81.2521927900655,41.5699441110415],[-81.2525907577231,41.5699421920912],[-81.2525925580803,41.5700180891365],[-81.2525938822263,41.5700729682092],[-81.2526190525329,41.5711164719533],[-81.2522210803063,41.5711185080905],[-81.2521927900655,41.5699441110415]]]},"properties":{"source_county":"Geauga","jurisdiction":"Chardon Township","parcel_id":"06-088400","owner_name":"GUARDO MELISSA A","property_address":"10844 THWING RD","property_city":"CHARDON","property_zip":"44024"}},{"type":"Feature","geometry":{"type":"Polygon","coordinates":[[[-81.2663439585903,41.5699021936188],[-81.2663987768616,41.5699023022951],[-81.266407732112,41.5708010962727],[-81.2663529154482,41.5708012442638],[-81.2663439585903,41.5699021936188]]]},"properties":{"source_county":"Geauga","jurisdiction":"Chardon Township","parcel_id":"06-089900","owner_name":"RODRIGUEZ DEBORAH TOD","property_address":" THWING RD","property_city":"CHARDON","property_zip":"44024"}},{"type":"Feature","geometry":{"type":"Polygon","coordinates":[[[-81.2663439585903,41.5699021936188],[-81.2663529154482,41.5708012442638],[-81.2658047381254,41.5708027163351],[-81.2657957784281,41.5699026885121],[-81.2663439585903,41.5699021936188]]]},"properties":{"source_county":"Geauga","jurisdiction":"Chardon Township","parcel_id":"06-090000","owner_name":"RODRIGUEZ DEBORAH TOD","property_address":"10482 THWING RD","property_city":"CHARDON","property_zip":"44024"}},{"type":"Feature","geometry":{"type":"Polygon","coordinates":[[[-81.2663987768616,41.5699023022951],[-81.2665191628893,41.5699025418985],[-81.266670058843,41.5699463286684],[-81.2669962170479,41.5700409715893],[-81.2666232806407,41.5712508958023],[-81.2663566372867,41.5711735233114],[-81.2663529154482,41.5708012442638],[-81.266407732112,41.5708010962727],[-81.2663987768616,41.5699023022951]]]},"properties":{"source_county":"Geauga","jurisdiction":"Chardon Township","parcel_id":"06-090100","owner_name":"RODRIGUEZ DEBORAH E TOD","property_address":" THWING RD","property_city":"CHARDON","property_zip":"44024"}},{"type":"Feature","geometry":{"type":"Polygon","coordinates":[[[-81.2529889436176,41.5699402705191],[-81.2533868824388,41.569938349432],[-81.2533887254187,41.5700159614389],[-81.2533900490327,41.5700708404898],[-81.2534151864028,41.5711123940197],[-81.2530172417999,41.5711144331811],[-81.2529920885445,41.5700719050008],[-81.2529907652639,41.5700170259455],[-81.2529889436176,41.5699402705191]]]},"properties":{"source_county":"Geauga","jurisdiction":"Chardon Township","parcel_id":"06-090900","owner_name":"RUDDY WILLIAM M","property_address":"10822 THWING RD","property_city":"CHARDON","property_zip":"44024"}},{"type":"Feature","geometry":{"type":"Polygon","coordinates":[[[-81.2557646203919,41.5699314392291],[-81.2563182695799,41.5699298751173],[-81.2563400487252,41.5712504242217],[-81.2557863847407,41.5712518641307],[-81.2557646203919,41.5699314392291]]]},"properties":{"source_county":"Geauga","jurisdiction":"Chardon Township","parcel_id":"06-091130","owner_name":"HOFSTETTER RYAN L THERESA F","property_address":"10740 THWING RD","property_city":"CHARDON","property_zip":"44024"}},{"type":"Feature","geometry":{"type":"Polygon","coordinates":[[[-81.2536808317163,41.5730320383699],[-81.2552726888736,41.5730238647995],[-81.2552793187431,41.5732982606043],[-81.2536874549171,41.5733064342648],[-81.2536808317163,41.5730320383699]]]},"properties":{"source_county":"Geauga","jurisdiction":"Chardon Township","parcel_id":"06-092400","owner_name":"HECKERMAN WENDIE A","property_address":"10972 OLMAR DR","property_city":"CHARDON","property_zip":"44024"}},{"type":"Feature","geometry":{"type":"Polygon","coordinates":[[[-81.2536543382349,41.5719344563268],[-81.2552461687181,41.5719262831168],[-81.2552484721782,41.5720216152093],[-81.2552527983654,41.5722006790221],[-81.2536609612137,41.5722088523222],[-81.2536543382349,41.5719344563268]]]},"properties":{"source_county":"Geauga","jurisdiction":"Chardon Township","parcel_id":"06-093100","owner_name":"SAMUTO JAMES P TOD & LINDA A TOD","property_address":"11012 OLMAR DR","property_city":"CHARDON","property_zip":"44024"}},{"type":"Feature","geometry":{"type":"Polygon","coordinates":[[[-81.2663803642855,41.5735469665117],[-81.269333219774,41.5735411941479],[-81.2693357200782,41.5742578565586],[-81.2663875296157,41.5742636203484],[-81.2663822823654,41.5737388006861],[-81.2663803642855,41.5735469665117]]]},"properties":{"source_county":"Geauga","jurisdiction":"Chardon Township","parcel_id":"06-094940","owner_name":"SWAN BRUCE D & JANET I","property_address":"10335 PINEGATE DR","property_city":"CHARDON","property_zip":"44024"}},{"type":"Feature","geometry":{"type":"Polygon","coordinates":[[[-81.2700506358874,41.5746681160845],[-81.2725020473024,41.574663251694],[-81.2724998633102,41.575379923327],[-81.2700632500906,41.5753847582716],[-81.2695589308071,41.5753857521101],[-81.2695564268183,41.5746690899573],[-81.2700506358874,41.5746681160845]]]},"properties":{"source_county":"Geauga","jurisdiction":"Chardon Township","parcel_id":"06-094950","owner_name":"SWEENEY JAMIE C & MATTHEW T","property_address":"10350 PINEGATE DR","property_city":"CHARDON","property_zip":"44024"}},{"type":"Feature","geometry":{"type":"Polygon","coordinates":[[[-81.266373200311,41.5728303125185],[-81.2693307195245,41.5728245315682],[-81.269333219774,41.5735411941479],[-81.2663803642855,41.5735469665117],[-81.2663757532022,41.5730856510911],[-81.266373200311,41.5728303125185]]]},"properties":{"source_county":"Geauga","jurisdiction":"Chardon Township","parcel_id":"06-099250","owner_name":"BOGGS KIMBERLY TOD","property_address":"10325 PINEGATE DR","property_city":"CHARDON","property_zip":"44024"}},{"type":"Feature","geometry":{"type":"Polygon","coordinates":[[[-81.2517948223846,41.569946028628],[-81.2521927900655,41.5699441110415],[-81.2522210803063,41.5711185080905],[-81.251823108055,41.571120542864],[-81.2517945392498,41.5699455330185],[-81.2517948223846,41.569946028628]]]},"properties":{"source_county":"Geauga","jurisdiction":"Chardon Township","parcel_id":"06-101350","owner_name":"SARVER GREGORY G TRUSTEE","property_address":"10854 THWING RD","property_city":"CHARDON","property_zip":"44024"}},{"type":"Feature","geometry":{"type":"Polygon","coordinates":[[[-81.2708915917626,41.5724993804562],[-81.271485966283,41.5713436633767],[-81.2719979558939,41.5714922012369],[-81.2716196645336,41.5724979357828],[-81.2708915917626,41.5724993804562]]]},"properties":{"source_county":"Geauga","jurisdiction":"Chardon Township","parcel_id":"06-101545","owner_name":"KRALJ THOMAS","property_address":"10330 THWING RD","property_city":"CHARDON","property_zip":"44024"}},{"type":"Feature","geometry":{"type":"Polygon","coordinates":[[[-81.2631536018517,41.5743224072413],[-81.2641148248678,41.5743170114136],[-81.2641006412284,41.5743922591408],[-81.264091710844,41.5744679604503],[-81.2640880581119,41.5745439086862],[-81.264090342138,41.5748050822327],[-81.2640886014819,41.574820915679],[-81.2640838347056,41.5748363945092],[-81.2640761416975,41.5748511943557],[-81.2620076943028,41.5748627959197],[-81.2620023918271,41.5743288596019],[-81.2621875358707,41.5743278227406],[-81.2622764895818,41.574327324619],[-81.2631536018517,41.5743224072413]]]},"properties":{"source_county":"Geauga","jurisdiction":"Chardon Township","parcel_id":"06-105750","owner_name":"ZAMRZLA NANCY M TOD","property_address":"10925 FOREST OAKS DR","property_city":"CHARDON","property_zip":"44024"}},{"type":"Feature","geometry":{"type":"Polygon","coordinates":[[[-81.271400729388,41.5698885381026],[-81.2720909518621,41.5698875692046],[-81.2720907887051,41.5698914107444],[-81.2720227878161,41.5714876372216],[-81.271341430288,41.5712899620772],[-81.2714005511272,41.5698927351731],[-81.271400729388,41.5698885381026]]]},"properties":{"source_county":"Geauga","jurisdiction":"Chardon Township","parcel_id":"06-106600","owner_name":"SACERICH SCOTT M & PATRICIA A","property_address":"10311 THWING RD","property_city":"CHARDON","property_zip":"44024"}},{"type":"Feature","geometry":{"type":"Polygon","coordinates":[[[-81.2731642133313,41.5698858303439],[-81.2736430734674,41.569885051311],[-81.2736429355099,41.5698883204106],[-81.273640120932,41.5699551894141],[-81.2736194594,41.5704459427412],[-81.273556882639,41.5719326910675],[-81.2720227878161,41.5714876372216],[-81.2720907887051,41.5698914107444],[-81.2720909518621,41.5698875692046],[-81.2731642133313,41.5698858303439]]]},"properties":{"source_county":"Geauga","jurisdiction":"Chardon Township","parcel_id":"06-106700","owner_name":"ORR PENELOPE HUNTER TRUSTEE","property_address":"10303 THWING RD","property_city":"CHARDON","property_zip":"44024"}},{"type":"Feature","geometry":{"type":"Polygon","coordinates":[[[-81.2530172417999,41.5711144331811],[-81.2534151864028,41.5711123940197],[-81.2534218083137,41.5713867892023],[-81.2518297244782,41.5713949390499],[-81.251823108055,41.571120542864],[-81.2522210803063,41.5711185080905],[-81.2526190525329,41.5711164719533],[-81.2530172417999,41.5711144331811]]]},"properties":{"source_county":"Geauga","jurisdiction":"Chardon Township","parcel_id":"06-106900","owner_name":"LADAS THOMAS P TOD","property_address":"11049 OLMAR DR","property_city":"CHARDON","property_zip":"44024"}},{"type":"Feature","geometry":{"type":"Polygon","coordinates":[[[-81.2548283235968,41.5711051422897],[-81.2552262788766,41.5711030970383],[-81.2552299074584,41.5712533081656],[-81.2552329083743,41.5713774921185],[-81.2536410912277,41.5713856651483],[-81.2536344683982,41.5711112699781],[-81.2540324117638,41.5711092286889],[-81.2544303682921,41.5711071861775],[-81.2548283235968,41.5711051422897]]]},"properties":{"source_county":"Geauga","jurisdiction":"Chardon Township","parcel_id":"06-107000","owner_name":"BERIGAN MICHAEL & SUSIE","property_address":"11048 OLMAR DR","property_city":"CHARDON","property_zip":"44024"}},{"type":"Feature","geometry":{"type":"Polygon","coordinates":[[[-81.269551421403,41.5732357651701],[-81.2695486811169,41.572371429727],[-81.2695491831137,41.5723151586062],[-81.2695527586487,41.5722589503155],[-81.269945479614,41.5723294771178],[-81.2700096797236,41.572341006116],[-81.2704185344753,41.5724144297452],[-81.2708915917626,41.5724993804562],[-81.2716196645336,41.5724979357828],[-81.272508651534,41.5724961658807],[-81.2725064151434,41.5732299079211],[-81.270025410724,41.5732348303246],[-81.269551421403,41.5732357651701]]]},"properties":{"source_county":"Geauga","jurisdiction":"Chardon Township","parcel_id":"06-108030","owner_name":"HENDRICKS GINNY","property_address":"10320 PINEGATE DR","property_city":"CHARDON","property_zip":"44024"}},{"type":"Feature","geometry":{"type":"Polygon","coordinates":[[[-81.2663689622293,41.572406429564],[-81.2663632599015,41.5718360150356],[-81.2682090085122,41.5720057331313],[-81.2687605981965,41.5721133586687],[-81.2693359653971,41.5722256197921],[-81.2693306170894,41.5722917543649],[-81.2693290912366,41.5723580008667],[-81.2693307195245,41.5728245315682],[-81.266373200311,41.5728303125185],[-81.2663689622293,41.572406429564]]]},"properties":{"source_county":"Geauga","jurisdiction":"Chardon Township","parcel_id":"06-109150","owner_name":"EMCH JAMES A TOD","property_address":"10315 PINEGATE DR","property_city":"CHARDON","property_zip":"44024"}},{"type":"Feature","geometry":{"type":"Polygon","coordinates":[[[-81.2512842409055,41.5737578332896],[-81.2518434290006,41.5737549764782],[-81.2518627670349,41.5745569820223],[-81.2513036453853,41.5745629130709],[-81.2512842409055,41.5737578332896]]]},"properties":{"source_county":"Geauga","jurisdiction":"Chardon Township","parcel_id":"06-109750","owner_name":"VALKO MICHAEL J & MARY D","property_address":"10866 HOWARD DR","property_city":"CHARDON","property_zip":"44024"}},{"type":"Feature","geometry":{"type":"Polygon","coordinates":[[[-81.2687605981965,41.5721133586687],[-81.2694595434055,41.5707557288755],[-81.2699330464709,41.5708931118686],[-81.2694673053735,41.5717976825745],[-81.2694279639964,41.5718807069216],[-81.269395060788,41.5719652961385],[-81.2693687051855,41.5720511689431],[-81.2693489848544,41.5721380397847],[-81.2693359653971,41.5722256197921],[-81.2687605981965,41.5721133586687]]]},"properties":{"source_county":"Geauga","jurisdiction":"Chardon Township","parcel_id":"06-109800","owner_name":"JANKE BRUCE CHARLES & VALLETTO JANKE ROBERTA","property_address":"10370 THWING RD","property_city":"CHARDON","property_zip":"44024"}},{"type":"Feature","geometry":{"type":"Polygon","coordinates":[[[-81.2529889436176,41.5699402705191],[-81.2529907652639,41.5700170259455],[-81.2529920885445,41.5700719050008],[-81.2530172417999,41.5711144331811],[-81.2526190525329,41.5711164719533],[-81.2525938822263,41.5700729682092],[-81.2525925580803,41.5700180891365],[-81.2525907577231,41.5699421920912],[-81.2529889436176,41.5699402705191]]]},"properties":{"source_county":"Geauga","jurisdiction":"Chardon Township","parcel_id":"06-110300","owner_name":"WARREN STEVE M & HEATHER B","property_address":"10834 THWING RD","property_city":"CHARDON","property_zip":"44024"}},{"type":"Feature","geometry":{"type":"Polygon","coordinates":[[[-81.2677018391335,41.5698994312387],[-81.2680550070794,41.5699001752213],[-81.2680329014652,41.5703300147365],[-81.2673527725526,41.5701326647759],[-81.2673647902426,41.569898771731],[-81.2673647937248,41.569898714137],[-81.2677018391335,41.5698994312387]]]},"properties":{"source_county":"Geauga","jurisdiction":"Chardon Township","parcel_id":"06-111500","owner_name":"FACCHINE ASHLEY & RYAN","property_address":" THWING RD","property_city":"CHARDON","property_zip":"44024"}},{"type":"Feature","geometry":{"type":"Polygon","coordinates":[[[-81.26699826348,41.5713597048794],[-81.2674797931106,41.5701812910927],[-81.2679633700633,41.570321607663],[-81.2673732463833,41.5714685118287],[-81.26699826348,41.5713597048794]]]},"properties":{"source_county":"Geauga","jurisdiction":"Chardon Township","parcel_id":"06-112250","owner_name":"WALLIS BETTY G TOD","property_address":"10432 THWING RD","property_city":"CHARDON","property_zip":"44024"}},{"type":"Feature","geometry":{"type":"Polygon","coordinates":[[[-81.2643821875684,41.5731857914874],[-81.2644074287804,41.5731872963915],[-81.2644319455556,41.5731920494195],[-81.2644550023761,41.5731999079775],[-81.2644759075227,41.5732106363041],[-81.2644940338268,41.573223912543],[-81.2645088374862,41.5732393383983],[-81.2645198743789,41.5732564510845],[-81.2645268133876,41.5732747372094],[-81.2645294463337,41.5732936481765],[-81.2645276942233,41.5733126166432],[-81.2645079555395,41.5733909936212],[-81.2644818031313,41.5734683045446],[-81.2644493369904,41.573544253754],[-81.2641886310515,41.574095599756],[-81.2641588918029,41.5741684021649],[-81.2641342672385,41.5742422735408],[-81.2641148248678,41.5743170114136],[-81.2631536018517,41.5743224072413],[-81.2631423632969,41.5731927528629],[-81.2643821875684,41.5731857914874]]]},"properties":{"source_county":"Geauga","jurisdiction":"Chardon Township","parcel_id":"06-114550","owner_name":"WIDLICKA WILLIAM C & CONSTANCE MARIE","property_address":"10945 FOREST OAKS DR","property_city":"CHARDON","property_zip":"44024"}},{"type":"Feature","geometry":{"type":"Polygon","coordinates":[[[-81.2502444443617,41.5716774609117],[-81.2518363397751,41.5716693342975],[-81.2518429551103,41.5719437304203],[-81.2502510542271,41.5719518571374],[-81.2502444443617,41.5716774609117]]]},"properties":{"source_county":"Geauga","jurisdiction":"Chardon Township","parcel_id":"06-115600","owner_name":"KRIZ JOSEPH A","property_address":"11024 HELMUT DR","property_city":"CHARDON","property_zip":"44024"}},{"type":"Feature","geometry":{"type":"Polygon","coordinates":[[[-81.2634086795055,41.5723962650505],[-81.2645414226364,41.5723899025164],[-81.2645466115089,41.5729104186183],[-81.2645445807325,41.5729294930518],[-81.2645381699882,41.5729480128945],[-81.2645275740587,41.5729654154329],[-81.2645131148915,41.5729811719019],[-81.2644952318169,41.5729948035508],[-81.2644744681997,41.5730058961901],[-81.2644514549293,41.5730141127762],[-81.2644268912504,41.5730192036528],[-81.2644015235167,41.5730210141363],[-81.2634149523354,41.5730265546565],[-81.2634086795055,41.5723962650505]]]},"properties":{"source_county":"Geauga","jurisdiction":"Chardon Township","parcel_id":"06-117550","owner_name":"PATTI NICHOLAS C & COLLEEN M","property_address":"10995 FOREST OAKS DR","property_city":"CHARDON","property_zip":"44024"}},{"type":"Feature","geometry":{"type":"Polygon","coordinates":[[[-81.2632771655,41.5699099887],[-81.2638276737204,41.5699083976657],[-81.2638356457152,41.5708081803862],[-81.2633928860373,41.5708091945138],[-81.2632900887246,41.5708094298534],[-81.2632771655,41.5699099887]]]},"properties":{"source_county":"Geauga","jurisdiction":"Chardon Township","parcel_id":"06-117800","owner_name":"GREENE MARTIN P & KIM D","property_address":"10552 THWING RD","property_city":"CHARDON","property_zip":"44024"}},{"type":"Feature","geometry":{"type":"Polygon","coordinates":[[[-81.2738671876269,41.5720227094183],[-81.273556882639,41.5719326910675],[-81.2736194594,41.5704459427412],[-81.2745022840421,41.5704446610003],[-81.2744184231113,41.5715997109064],[-81.2744095237078,41.5716691941691],[-81.2743932852231,41.5717379247018],[-81.2743698107478,41.571805466069],[-81.2743392493221,41.5718713893848],[-81.2742987705221,41.5719486423222],[-81.2742874622377,41.571965704465],[-81.274272394622,41.5719810407308],[-81.2742540218329,41.5719941888616],[-81.2742328976521,41.5720047525531],[-81.2742096587933,41.5720124133995],[-81.2741850057109,41.5720169404911],[-81.2741596814866,41.5720181973746],[-81.2741344494317,41.5720161461653],[-81.2741100700793,41.5720108486901],[-81.2739040242337,41.5719510813114],[-81.2738671876269,41.5720227094183]]]},"properties":{"source_county":"Geauga","jurisdiction":"Chardon Township","parcel_id":"06-120109","owner_name":"PETERS EDWARD J & PATRICIA A CO TRUSTEES","property_address":"10269 THWING RD","property_city":"CHARDON","property_zip":"44024"}},{"type":"Feature","geometry":{"type":"Polygon","coordinates":[[[-81.2643237840393,41.5748482491768],[-81.2663932735399,41.5748381509666],[-81.2663946939207,41.5749802731029],[-81.2643237840393,41.5748482491768]]]},"properties":{"source_county":"Geauga","jurisdiction":"Chardon Township","parcel_id":"06-120172","owner_name":"DUNCAN CHARLES K & MARY A","property_address":" FOREST OAKS DR","property_city":"CHARDON","property_zip":"44024"}},{"type":"Feature","geometry":{"type":"Polygon","coordinates":[[[-81.2665219068291,41.569891569823],[-81.2666748938846,41.569891872785],[-81.2666726560798,41.5699353136095],[-81.2665219068291,41.569891569823]]]},"properties":{"source_county":"Geauga","jurisdiction":"Chardon Township","parcel_id":"06-120278","owner_name":"SCHUSTER RUDOLF & DEBORAH ELAINE TRUSTEES","property_address":" THWING RD","property_city":"CHARDON","property_zip":"44024"}},{"type":"Feature","geometry":{"type":"Polygon","coordinates":[[[-81.273640120932,41.5699551894141],[-81.2745379171832,41.5699538908823],[-81.2745022840421,41.5704446610003],[-81.2736194594,41.5704459427412],[-81.273640120932,41.5699551894141]]]},"properties":{"source_county":"Geauga","jurisdiction":"Chardon Township","parcel_id":"06-120484","owner_name":"PETERS EDWARD J & PATRICIA A CO TRUSTEES","property_address":" THWING RD","property_city":"CHARDON","property_zip":"44024"}},{"type":"Feature","geometry":{"type":"Polygon","coordinates":[[[-81.2704316853234,41.569892216023],[-81.271400729388,41.5698885381026],[-81.2714005511272,41.5698927351731],[-81.271341430288,41.5712899620772],[-81.2703685406385,41.5710076972298],[-81.2704147507771,41.5699163425849],[-81.2704300183412,41.5698945918596],[-81.2704316853234,41.569892216023]]]},"properties":{"source_county":"Geauga","jurisdiction":"Chardon Township","parcel_id":"06-120595","owner_name":"LEITH THOMAS E & SANDRA M","property_address":"10341 THWING RD","property_city":"CHARDON","property_zip":"44024"}},{"type":"Feature","geometry":{"type":"Polygon","coordinates":[[[-81.2548513738906,41.5737395610337],[-81.2552899254785,41.5737373049933],[-81.2552939058714,41.5739019554326],[-81.2548553508174,41.5739042096617],[-81.2548513738906,41.5737395610337]]]},"properties":{"source_county":"Geauga","jurisdiction":"Chardon Township","parcel_id":"06-120601","owner_name":"BELLITTO PAUL A","property_address":" HOWARD DR","property_city":"CHARDON","property_zip":"44024"}},{"type":"Feature","geometry":{"type":"Polygon","coordinates":[[[-81.2738671876269,41.5720227094183],[-81.2739040242337,41.5719510813114],[-81.2741100700793,41.5720108486901],[-81.2741344494317,41.5720161461653],[-81.2741596814866,41.5720181973746],[-81.2741850057109,41.5720169404911],[-81.2742096587933,41.5720124133995],[-81.2742328976521,41.5720047525531],[-81.2742540218329,41.5719941888616],[-81.274272394622,41.5719810407308],[-81.2742874622377,41.571965704465],[-81.2742987705221,41.5719486423222],[-81.2743392493221,41.5718713893848],[-81.2743698107478,41.571805466069],[-81.2743932852231,41.5717379247018],[-81.2744095237078,41.5716691941691],[-81.2744184231113,41.5715997109064],[-81.2745022840421,41.5704446610003],[-81.2745379171832,41.5699538908823],[-81.273640120932,41.5699551894141],[-81.2736429355099,41.5698883204106],[-81.2736430734674,41.569885051311],[-81.2755726828423,41.5698818919363],[-81.2755724073755,41.5698841834633],[-81.2754248867805,41.5711128644404],[-81.2746732905728,41.5711139612403],[-81.2746374693838,41.5716073037057],[-81.2746269968127,41.5716902632608],[-81.2746077181547,41.5717723275315],[-81.2745797570093,41.5718529702466],[-81.274543292658,41.5719316742496],[-81.27450314856,41.5720082896426],[-81.2744964496245,41.572024765153],[-81.2744932653682,41.5720418247781],[-81.2744936742043,41.5720590484356],[-81.2744976660681,41.5720760120035],[-81.2745051426651,41.5720922977643],[-81.2745159198911,41.5721075046905],[-81.274529732365,41.5721212583203],[-81.2745462399641,41.5721332199778],[-81.2745650361989,41.572143095114],[-81.2745856582228,41.5721506405586],[-81.2745482209849,41.5722221031468],[-81.2738671876269,41.5720227094183]]]},"properties":{"source_county":"Geauga","jurisdiction":"Chardon Township","parcel_id":"06-120806","owner_name":"CARPENTER DEBORAH A TOD","property_address":" THWING RD","property_city":"CHARDON","property_zip":"44024"}},{"type":"Feature","geometry":{"type":"Polygon","coordinates":[[[-81.2701963603515,41.5698931081893],[-81.2704316853234,41.569892216023],[-81.2704300183412,41.5698945918596],[-81.2704147507771,41.5699163425849],[-81.2703685406385,41.5710076972298],[-81.2701518335057,41.5709448224141],[-81.2701962785652,41.5698950370606],[-81.2701963603515,41.5698931081893]]]},"properties":{"source_county":"Geauga","jurisdiction":"Chardon Township","parcel_id":"06-120855","owner_name":"RYAN COREY MICHAEL & SARAH CHRISTINE CO TRUSTEES","property_address":" THWING RD","property_city":"CHARDON","property_zip":"44024"}},{"type":"Feature","geometry":{"type":"Polygon","coordinates":[[[-81.2597260830429,41.5699201883516],[-81.2599122279936,41.5699196567029],[-81.2599292437963,41.5716416870256],[-81.2599332365195,41.5720451037249],[-81.2597113946122,41.5720456873687],[-81.2597260830429,41.5699201883516]]]},"properties":{"source_county":"Geauga","jurisdiction":"Chardon Township","parcel_id":"06-120857","owner_name":"KNEE DWAYNE & KAREN C","property_address":" THWING RD","property_city":"CHARDON","property_zip":"44024"}},{"type":"Feature","geometry":{"type":"Polygon","coordinates":[[[-81.2590047117904,41.5699222475118],[-81.2597260830429,41.5699201883516],[-81.2597113946122,41.5720456873687],[-81.2595107664923,41.5720462153375],[-81.259001379836,41.572047552873],[-81.2590047117904,41.5699222475118]]]},"properties":{"source_county":"Geauga","jurisdiction":"Chardon Township","parcel_id":"06-120858","owner_name":"STIPICH MARK A & SAMPLE HOLLY J","property_address":"10670 THWING RD","property_city":"CHARDON","property_zip":"44024"}},{"type":"Feature","geometry":{"type":"Polygon","coordinates":[[[-81.2746732905728,41.5711139612403],[-81.2754248867805,41.5711128644404],[-81.2752662531158,41.5724342574491],[-81.2745482209849,41.5722221031468],[-81.2745856582228,41.5721506405586],[-81.2745650361989,41.572143095114],[-81.2745462399641,41.5721332199778],[-81.274529732365,41.5721212583203],[-81.2745159198911,41.5721075046905],[-81.2745051426651,41.5720922977643],[-81.2744976660681,41.5720760120035],[-81.2744936742043,41.5720590484356],[-81.2744932653682,41.5720418247781],[-81.2744964496245,41.572024765153],[-81.27450314856,41.5720082896426],[-81.274543292658,41.5719316742496],[-81.2745797570093,41.5718529702466],[-81.2746077181547,41.5717723275315],[-81.2746269968127,41.5716902632608],[-81.2746374693838,41.5716073037057],[-81.2746732905728,41.5711139612403]]]},"properties":{"source_county":"Geauga","jurisdiction":"Chardon Township","parcel_id":"06-120973","owner_name":"NIEMI NANCY L AKA NANCY","property_address":"10245 THWING RD","property_city":"CHARDON","property_zip":"44024"}},{"type":"Feature","geometry":{"type":"Polygon","coordinates":[[[-81.2632737660386,41.5640066411406],[-81.2637784943891,41.5639961986512],[-81.2637186726983,41.5651915754508],[-81.2637186687543,41.5651916573531],[-81.26298841123,41.5652073821178],[-81.262988123355,41.565207388056],[-81.2630479392205,41.5640113126569],[-81.2632737660386,41.5640066411406]]]},"properties":{"source_county":"Geauga","jurisdiction":"Munson Township","parcel_id":"21-000200","owner_name":"CHIPORO MICHAEL T & CARRIE A","property_address":"10554 MULBERRY RD","property_city":"CHARDON","property_zip":"44024"}},{"type":"Feature","geometry":{"type":"Polygon","coordinates":[[[-81.2522086958319,41.5680579462937],[-81.2527038367692,41.5663382486532],[-81.2535046039018,41.5663509533512],[-81.2535422350371,41.5663515499951],[-81.2533357444221,41.5670667715404],[-81.2530278284562,41.5681335027797],[-81.2529332213265,41.569928436775],[-81.2423178588241,41.5699833960266],[-81.2423512654619,41.5695084792269],[-81.2455236632986,41.5694926524893],[-81.2470315611333,41.5694850995414],[-81.2503163522925,41.5690018706595],[-81.2514471874477,41.5686642483471],[-81.2522086958319,41.5680579462937]]]},"properties":{"source_county":"Geauga","jurisdiction":"Munson Township","parcel_id":"21-001000","owner_name":"LLGC LLC","property_address":" AUBURN RD","property_city":"CHARDON","property_zip":"44024"}},{"type":"Feature","geometry":{"type":"Polygon","coordinates":[[[-81.26638445127,41.5594716043885],[-81.2671288395539,41.5590862606336],[-81.2672448609591,41.5639069934312],[-81.2665702097217,41.5639383996299],[-81.2663746036708,41.5639424513065],[-81.2662679179429,41.5595319289585],[-81.26638445127,41.5594716043885]]]},"properties":{"source_county":"Geauga","jurisdiction":"Munson Township","parcel_id":"21-003700","owner_name":"ASHCRAFT JOHN R & MARLENE A","property_address":"10485 MULBERRY RD","property_city":"CHARDON","property_zip":"44024"}},{"type":"Feature","geometry":{"type":"Polygon","coordinates":[[[-81.2553723275939,41.5608512876582],[-81.2554110895158,41.5608493735829],[-81.2551861307786,41.561452249967],[-81.2551472748921,41.5614541683663],[-81.251432078839,41.5616375203323],[-81.2514573013557,41.5611877251774],[-81.2515114567327,41.5610418356824],[-81.2553723275939,41.5608512876582]]]},"properties":{"source_county":"Geauga","jurisdiction":"Munson Township","parcel_id":"21-004700","owner_name":"OPPENHEIM BRUCE & CAROL","property_address":" FOWLERS MILL RD","property_city":"CHARDON","property_zip":"44024"}},{"type":"Feature","geometry":{"type":"Polygon","coordinates":[[[-81.2523132888337,41.5604224027971],[-81.2525950599228,41.5596753413588],[-81.2558161058552,41.5596624428419],[-81.2558540375087,41.5596622909911],[-81.2558078270865,41.5597861056572],[-81.2556329429596,41.560254802839],[-81.2555942762113,41.5602567117014],[-81.2541406357758,41.5603284744615],[-81.2534116096671,41.5602544449329],[-81.2528549169566,41.5602819191343],[-81.2528644980419,41.560391459426],[-81.2523132888337,41.5604224027971]]]},"properties":{"source_county":"Geauga","jurisdiction":"Munson Township","parcel_id":"21-004800","owner_name":"MARTIN BRANDON J TRUSTEE","property_address":" FOWLERS MILL RD","property_city":"CHARDON","property_zip":"44024"}},{"type":"Feature","geometry":{"type":"Polygon","coordinates":[[[-81.2636529156694,41.5609207792253],[-81.2649176484543,41.5606649248017],[-81.2650051446927,41.5639708105249],[-81.2637784943891,41.5639961986512],[-81.2632737660386,41.5640066411406],[-81.2634467270069,41.5609624895573],[-81.2636529156694,41.5609207792253]]]},"properties":{"source_county":"Geauga","jurisdiction":"Munson Township","parcel_id":"21-004900","owner_name":"ASHENBERG ZEV S & MARGARET D","property_address":"10545 MULBERRY RD","property_city":"CHARDON","property_zip":"44024"}},{"type":"Feature","geometry":{"type":"Polygon","coordinates":[[[-81.2546856332963,41.5627935171627],[-81.2550109901275,41.5619216105659],[-81.2550455792193,41.5619299111319],[-81.2555057660777,41.5620403500005],[-81.256749427986,41.5623387997174],[-81.2570447725269,41.5630039113484],[-81.2565357256504,41.5632878690465],[-81.2553683379994,41.5629759423632],[-81.2547199521085,41.562802686593],[-81.2546856332963,41.5627935171627]]]},"properties":{"source_county":"Geauga","jurisdiction":"Munson Township","parcel_id":"21-015100","owner_name":"ROOT GEOFFREY S & NICOLE R","property_address":"11368 FOWLERS MILL RD","property_city":"CHARDON","property_zip":"44024"}},{"type":"Feature","geometry":{"type":"Polygon","coordinates":[[[-81.2552055250057,41.5640843080771],[-81.2554863310214,41.5639662068694],[-81.2562689052657,41.5644380402649],[-81.2558235148543,41.5647356148662],[-81.2553786778323,41.5650328145998],[-81.255032184394,41.5652643076084],[-81.2549261214234,41.5653351680116],[-81.2545889664908,41.5654117237759],[-81.2537985310579,41.5655911996496],[-81.2537591686159,41.5656001368773],[-81.2538831298844,41.5651707530728],[-81.2539208387732,41.5651681726141],[-81.2545728074192,41.5651235573765],[-81.2550058563634,41.5641682838126],[-81.2552055250057,41.5640843080771]]]},"properties":{"source_county":"Geauga","jurisdiction":"Munson Township","parcel_id":"21-015490","owner_name":"KANGAS ROGER B & JACQUELINE K","property_address":"10767 MULBERRY RD","property_city":"CHARDON","property_zip":"44024"}},{"type":"Feature","geometry":{"type":"Polygon","coordinates":[[[-81.2731276186524,41.5635790268282],[-81.2731753572031,41.5623004038794],[-81.2726294842531,41.5623375774984],[-81.2716100582608,41.5623746798417],[-81.2733983194885,41.5609069060444],[-81.2734823133588,41.5583853618974],[-81.2735109928097,41.5583892181736],[-81.2737871966263,41.5584263674929],[-81.2743636411912,41.558503893994],[-81.2742654245821,41.5616583685727],[-81.2742077407556,41.5635108879749],[-81.2737712190359,41.5635384263418],[-81.2733096842354,41.563567542124],[-81.2732250213652,41.5635728826569],[-81.2731276186524,41.5635790268282]]]},"properties":{"source_county":"Geauga","jurisdiction":"Munson Township","parcel_id":"21-033100","owner_name":"KOLACZ JOHN S & CYNTHIA A","property_address":"10279 MULBERRY RD","property_city":"CHARDON","property_zip":"44024"}},{"type":"Feature","geometry":{"type":"Polygon","coordinates":[[[-81.2665702097217,41.5639383996299],[-81.2672448609591,41.5639069934312],[-81.2672632733786,41.5651018530137],[-81.2672632738826,41.565101889939],[-81.2669807425121,41.5651105137],[-81.2660372703715,41.5651393061741],[-81.2657699280965,41.5651474625622],[-81.2657699261968,41.5651473724934],[-81.2657388271423,41.5639556193037],[-81.2663746036708,41.5639424513065],[-81.2665702097217,41.5639383996299]]]},"properties":{"source_county":"Geauga","jurisdiction":"Munson Township","parcel_id":"21-033300","owner_name":"HAVERLOCK SHARON TOD","property_address":"10484 MULBERRY RD","property_city":"CHARDON","property_zip":"44024"}},{"type":"Feature","geometry":{"type":"Polygon","coordinates":[[[-81.2700341081235,41.563994481055],[-81.270040200556,41.5640491789647],[-81.270044263157,41.564111957713],[-81.270042484781,41.5641747963697],[-81.2700348740759,41.5642373887724],[-81.2700214681061,41.5642994299575],[-81.2699935612387,41.5644051098193],[-81.2697025614602,41.5643617644746],[-81.2680285926307,41.5641124078066],[-81.2680283666594,41.5641123738921],[-81.268031278051,41.564029940063],[-81.2680330609564,41.5639794543132],[-81.2697158608922,41.5639018507611],[-81.2698635097034,41.5638950405062],[-81.2698937584721,41.5638935102681],[-81.2699237769007,41.563896699609],[-81.2699522735611,41.5639044713198],[-81.2699780224924,41.5639164910522],[-81.2699999159429,41.563932241703],[-81.2700170120264,41.5639510456595],[-81.2700285752433,41.5639720939519],[-81.2700341081235,41.563994481055]]]},"properties":{"source_county":"Geauga","jurisdiction":"Munson Township","parcel_id":"21-034550","owner_name":"KATZENMEYER MICHAEL","property_address":"11321 HIGHLAND VIEW DR","property_city":"CHARDON","property_zip":"44024"}},{"type":"Feature","geometry":{"type":"Polygon","coordinates":[[[-81.2531584193208,41.5567323604603],[-81.2537683603481,41.5567263012115],[-81.253464241145,41.5580252200859],[-81.2534292149912,41.5580251997304],[-81.2533556397186,41.5580223677049],[-81.2532828179696,41.5580139858947],[-81.2532114898646,41.5580001394879],[-81.2531423803423,41.5579809692117],[-81.2525342401969,41.5577855824739],[-81.2527833945936,41.5567360848096],[-81.2531584193208,41.5567323604603]]]},"properties":{"source_county":"Geauga","jurisdiction":"Munson Township","parcel_id":"21-035160","owner_name":"KASTELIC ROBERT L","property_address":"10825 NOLLWOOD DR","property_city":"CHARDON","property_zip":"44024"}},{"type":"Feature","geometry":{"type":"Polygon","coordinates":[[[-81.2676952610797,41.5514717733409],[-81.2682689944063,41.551337253088],[-81.2682051280327,41.5532287579176],[-81.2676313792254,41.5533632768853],[-81.2676952610797,41.5514717733409]]]},"properties":{"source_county":"Geauga","jurisdiction":"Munson Township","parcel_id":"21-035170","owner_name":"ARMSTRONG BRENDA A","property_address":"10432 WILSON MILLS RD","property_city":"CHARDON","property_zip":"44024"}},{"type":"Feature","geometry":{"type":"Polygon","coordinates":[[[-81.269909601984,41.5549896950712],[-81.269951087711,41.5512182336453],[-81.2700246115597,41.5512186461223],[-81.2700185760517,41.5518255021894],[-81.2705665790954,41.5518288546894],[-81.2705705756485,41.5514602339608],[-81.2710706440032,41.5514632908009],[-81.2718780974526,41.5511797183791],[-81.2719497417667,41.5505332278845],[-81.2715564895514,41.5500518069598],[-81.2717433227902,41.5499656861897],[-81.272575656037,41.5509846168686],[-81.273042740324,41.5507693098766],[-81.2722104025651,41.5497503815753],[-81.2732615943844,41.5492658142893],[-81.2735135045311,41.5491496887581],[-81.2735708284227,41.5492198625905],[-81.2735899356149,41.5492432538529],[-81.2736157030434,41.5492338501696],[-81.2736434175105,41.5492284035189],[-81.2736720139536,41.5492271232147],[-81.2737003934163,41.5492300584588],[-81.2737274652807,41.5492370964504],[-81.2737521891789,41.5492479667205],[-81.2737736149739,41.5492622515263],[-81.2737909192728,41.5492794019044],[-81.2746890089739,41.5503787835643],[-81.2747350340169,41.5504404527593],[-81.2747744781172,41.5505046438024],[-81.2748070982123,41.5505709611676],[-81.2748326932855,41.5506389962259],[-81.2748511056046,41.5507083297632],[-81.2748622216944,41.5507785345631],[-81.2748659730367,41.5508491780393],[-81.2748623364926,41.5509198249013],[-81.274851334446,41.5509900398362],[-81.2748330346661,41.5510593901911],[-81.2748075498906,41.5511274486395],[-81.2747750371313,41.5511937958139],[-81.2747356967075,41.5512580228901],[-81.2746897710115,41.5513197341069],[-81.274637543016,41.5513785492043],[-81.2745793345307,41.5514341057671],[-81.2743422361246,41.5516429052944],[-81.2742648639333,41.5517134429801],[-81.2741907104514,41.5517859052336],[-81.2741198604637,41.5518602092145],[-81.2740523949788,41.5519362699765],[-81.2739883911371,41.5520140005647],[-81.2739279221223,41.5520933121149],[-81.2738710570776,41.5521741139552],[-81.273817861027,41.5522563137095],[-81.2722279384171,41.5517002841678],[-81.2705217239125,41.5524867381573],[-81.2705118436616,41.5533858078183],[-81.2705013019624,41.554344950816],[-81.2704880126394,41.5555541291189],[-81.2698965198331,41.556204616879],[-81.2698962346234,41.5562049299286],[-81.269909601984,41.5549896950712]]]},"properties":{"source_county":"Geauga","jurisdiction":"Munson Township","parcel_id":"21-035400","owner_name":"LLOYD SUSAN E TOD","property_address":"10286 WILSON MILLS RD","property_city":"CHARDON","property_zip":"44024"}},{"type":"Feature","geometry":{"type":"Polygon","coordinates":[[[-81.2494610094882,41.5525150301118],[-81.2501090949281,41.5516761263588],[-81.250115368083,41.5516861074763],[-81.2501179991192,41.5516969666756],[-81.2501168097328,41.5517079680425],[-81.2501118805252,41.5517183660276],[-81.2501002732939,41.5517378497807],[-81.250091414692,41.5517581317617],[-81.250085399993,41.5517789938455],[-81.2500822938856,41.5518002116677],[-81.2500821297778,41.5518215570377],[-81.2500849094374,41.5518428003934],[-81.2500906029729,41.5518637132693],[-81.2500991491548,41.5518840707539],[-81.2501104560742,41.5519036539086],[-81.2501244021308,41.5519222521224],[-81.2501408373409,41.5519396653767],[-81.2501595849503,41.5519557063968],[-81.2501804433349,41.5519702026658],[-81.2502031881697,41.5519829982801],[-81.2502275748406,41.5519939556261],[-81.2502533410757,41.5520029568603],[-81.2500489169875,41.5530695637185],[-81.2494095579253,41.5530666135513],[-81.2494245433569,41.5525148615338],[-81.2494610094882,41.5525150301118]]]},"properties":{"source_county":"Geauga","jurisdiction":"Munson Township","parcel_id":"21-036830","owner_name":"DEROV BRIAN & CAROL B","property_address":"10906 WOOD HOLLOW DR","property_city":"CHARDON","property_zip":"44024"}},{"type":"Feature","geometry":{"type":"Polygon","coordinates":[[[-81.2503434654643,41.551606451494],[-81.2503288254167,41.5516055103557],[-81.2503150048141,41.55160176259],[-81.250302940257,41.551595462177],[-81.2502934493408,41.5515870360859],[-81.2502511366512,41.5515420685691],[-81.2502037677431,41.551500042331],[-81.2501517031186,41.5514612772049],[-81.2500953390135,41.5514260682055],[-81.2513421207317,41.5503767216871],[-81.2513437552898,41.5504780689927],[-81.2513564394531,41.5512645334062],[-81.2505777553513,41.5516913249872],[-81.2505562379368,41.5516716895918],[-81.2505316612043,41.5516541974104],[-81.250504400363,41.551639115492],[-81.2504748715992,41.5516266740886],[-81.2504435257219,41.5516170631399],[-81.250410841281,41.5516104293736],[-81.2503773172611,41.5516068740656],[-81.2503434654643,41.551606451494]]]},"properties":{"source_county":"Geauga","jurisdiction":"Munson Township","parcel_id":"21-037040","owner_name":"CHAPMAN JEFFREY J & LAUREL M TRUSTEES","property_address":"10905 WOOD HOLLOW DR","property_city":"CHARDON","property_zip":"44024"}},{"type":"Feature","geometry":{"type":"Polygon","coordinates":[[[-81.2588720145409,41.5535536838774],[-81.259390466243,41.553420256906],[-81.2599184559272,41.5545778741628],[-81.2593999938444,41.5547112980145],[-81.2588720145409,41.5535536838774]]]},"properties":{"source_county":"Geauga","jurisdiction":"Munson Township","parcel_id":"21-037070","owner_name":"BASS CHAD M & KRISTEN M","property_address":"10662 WILSON MILLS RD","property_city":"CHARDON","property_zip":"44024"}},{"type":"Feature","geometry":{"type":"Polygon","coordinates":[[[-81.2527257160608,41.5532871654408],[-81.2536101187209,41.5532913415197],[-81.253624450845,41.5541150099491],[-81.253591108833,41.5541148573177],[-81.2530795034845,41.5541125127921],[-81.2527402972705,41.5541109565411],[-81.2527257160608,41.5532871654408]]]},"properties":{"source_county":"Geauga","jurisdiction":"Munson Township","parcel_id":"21-037410","owner_name":"GRANDVIEW CAPITAL LLC","property_address":"10831 WILSON MILLS RD","property_city":"CHARDON","property_zip":"44024"}},{"type":"Feature","geometry":{"type":"Polygon","coordinates":[[[-81.2535957933572,41.5524680925677],[-81.2545531110415,41.5524726076287],[-81.2545827301321,41.5541193952522],[-81.2541604822693,41.5541174638035],[-81.253624450845,41.5541150099491],[-81.2536101187209,41.5532913415197],[-81.2535957933572,41.5524680925677]]]},"properties":{"source_county":"Geauga","jurisdiction":"Munson Township","parcel_id":"21-038700","owner_name":"GANDEE TIMOTHY M & KATHLEEN M","property_address":"10805 WILSON MILLS RD","property_city":"CHARDON","property_zip":"44024"}},{"type":"Feature","geometry":{"type":"Polygon","coordinates":[[[-81.2533357444221,41.5670667715404],[-81.2534955074354,41.5665134000142],[-81.2535307702422,41.5665194948287],[-81.2549238367605,41.5667602657782],[-81.2549102538769,41.5673388344293],[-81.2533711690083,41.5670728231116],[-81.2533357444221,41.5670667715404]]]},"properties":{"source_county":"Geauga","jurisdiction":"Munson Township","parcel_id":"21-039400","owner_name":"BUSHMAN MARGARET ANN & MARIELLEN B VARGO ETAL","property_address":"11210 FOWLERS MILL RD","property_city":"CHARDON","property_zip":"44024"}},{"type":"Feature","geometry":{"type":"Polygon","coordinates":[[[-81.2639393169626,41.5681893224165],[-81.2645788306303,41.5681874704801],[-81.2645056082347,41.5698954566378],[-81.2638660778708,41.5698973090702],[-81.2639393169626,41.5681893224165]]]},"properties":{"source_county":"Geauga","jurisdiction":"Munson Township","parcel_id":"21-041350","owner_name":"SCHWARTZ SUZANNE E","property_address":"10535 THWING RD","property_city":"CHARDON","property_zip":"44024"}},{"type":"Feature","geometry":{"type":"Polygon","coordinates":[[[-81.2590881763403,41.5552977965732],[-81.2595058618627,41.5552875631894],[-81.2595233828368,41.5558911920479],[-81.2595284039931,41.5560641892501],[-81.2575880702818,41.5560661615219],[-81.2575607881006,41.5562348005927],[-81.2567134255509,41.556168327148],[-81.2566958251019,41.556166946425],[-81.2566770869783,41.5561661325314],[-81.2566709356766,41.5558514615176],[-81.2566612753034,41.5553572302445],[-81.2566975040816,41.5553563431183],[-81.2579423311199,41.5553258643579],[-81.25851525625,41.5553118319047],[-81.2590881763403,41.5552977965732]]]},"properties":{"source_county":"Geauga","jurisdiction":"Munson Township","parcel_id":"21-041410","owner_name":"MIKUS JEFFREY & ALLISON","property_address":"11580 FOWLERS MILL RD","property_city":"CHARDON","property_zip":"44024"}},{"type":"Feature","geometry":{"type":"Polygon","coordinates":[[[-81.2566732104586,41.557276993932],[-81.2588052197553,41.5572623438619],[-81.2588114030548,41.5574755900291],[-81.2588266029927,41.5579994428873],[-81.2588285998618,41.5580682436013],[-81.2581074144756,41.5580731937613],[-81.2564508351423,41.5580845479403],[-81.2564134803018,41.5580848034072],[-81.2564358244644,41.5580035619262],[-81.2566358296926,41.5572772500884],[-81.2566732104586,41.557276993932]]]},"properties":{"source_county":"Geauga","jurisdiction":"Munson Township","parcel_id":"21-041420","owner_name":"KIRCHNER THOMAS E & MARILYN C","property_address":"11520 FOWLERS MILL RD","property_city":"CHARDON","property_zip":"44024"}},{"type":"Feature","geometry":{"type":"Polygon","coordinates":[[[-81.2749975535572,41.5646618475939],[-81.2753308127146,41.5646408966622],[-81.2752442525555,41.5657525776328],[-81.2751417526925,41.5657368774302],[-81.2750406969907,41.5657165722903],[-81.2750163164708,41.565709068039],[-81.2749938448184,41.565698735695],[-81.2749738589667,41.5656858405294],[-81.2749568720276,41.5656707136108],[-81.2749433201189,41.565653743305],[-81.2749335511667,41.5656353653044],[-81.2749278159739,41.5656160514419],[-81.2749262617809,41.5655962975771],[-81.2749255787104,41.5655767778746],[-81.2749224358131,41.5655573946196],[-81.2749168613764,41.5655383222555],[-81.2749089055707,41.5655197324278],[-81.2748986399975,41.5655017924391],[-81.2748861570457,41.5654846637433],[-81.2748715690593,41.5654685004932],[-81.2748550073267,41.5654534481526],[-81.2748366208993,41.5654396421873],[-81.2748165752495,41.5654272068463],[-81.2747950507819,41.5654162540432],[-81.2747722412097,41.5654068823492],[-81.2747483518112,41.5653991761063],[-81.2747235975825,41.5653932046678],[-81.2746982013028,41.5653890217745],[-81.2746723915291,41.5653866650708],[-81.2744503086108,41.564696257281],[-81.2749965272005,41.564661912407],[-81.2749975535572,41.5646618475939]]]},"properties":{"source_county":"Geauga","jurisdiction":"Munson Township","parcel_id":"21-042350","owner_name":"HRYCIK KENNETH S TOD & MILDRED B TOD","property_address":"11211 HIDDEN SPRINGS DR","property_city":"CHARDON","property_zip":"44024"}},{"type":"Feature","geometry":{"type":"Polygon","coordinates":[[[-81.2599357026677,41.5596043152522],[-81.2612798063424,41.5590241691037],[-81.2613133214182,41.559069038195],[-81.2613507587564,41.559112122277],[-81.2613919505472,41.5591532282202],[-81.26143671215,41.5591921717621],[-81.2614848429212,41.559228778333],[-81.2615361271131,41.559262883839],[-81.2615903348413,41.559294335397],[-81.2616472231152,41.5593229920205],[-81.2612618155789,41.5598327229697],[-81.2599897790344,41.5600398647644],[-81.2600926669499,41.559926472708],[-81.2599357026677,41.5596043152522]]]},"properties":{"source_county":"Geauga","jurisdiction":"Munson Township","parcel_id":"21-042450","owner_name":"CEBULAR THOMAS E & CYNTHIA A TRUSTEE","property_address":"11443 TWIN MILLS LN","property_city":"CHARDON","property_zip":"44024"}},{"type":"Feature","geometry":{"type":"Polygon","coordinates":[[[-81.2611026595451,41.5658357879801],[-81.2612412355607,41.5639645670435],[-81.261714404884,41.5640045744113],[-81.2615845184918,41.5658340680227],[-81.2611026595451,41.5658357879801]]]},"properties":{"source_county":"Geauga","jurisdiction":"Munson Township","parcel_id":"21-042500","owner_name":"MC KENZIE ROBERT D TOD","property_address":"10610 MULBERRY RD","property_city":"CHARDON","property_zip":"44024"}},{"type":"Feature","geometry":{"type":"Polygon","coordinates":[[[-81.2609808353196,41.5658362225117],[-81.2610924511384,41.5639519865522],[-81.2612412355607,41.5639645670435],[-81.2611026595451,41.5658357879801],[-81.2609808353196,41.5658362225117]]]},"properties":{"source_county":"Geauga","jurisdiction":"Munson Township","parcel_id":"21-042600","owner_name":"MC KENZIE ROBERT D TOD","property_address":" MULBERRY RD","property_city":"CHARDON","property_zip":"44024"}},{"type":"Feature","geometry":{"type":"Polygon","coordinates":[[[-81.2550109901275,41.5619216105659],[-81.255659923188,41.5601824954562],[-81.2556951110354,41.5601899053721],[-81.2557750912912,41.5602067461344],[-81.2591865965596,41.560925026372],[-81.2586689270705,41.5614955185149],[-81.2582510882566,41.5623553879666],[-81.256749427986,41.5623387997174],[-81.2555057660777,41.5620403500005],[-81.2550455792193,41.5619299111319],[-81.2550109901275,41.5619216105659]]]},"properties":{"source_county":"Geauga","jurisdiction":"Munson Township","parcel_id":"21-043200","owner_name":"MUHIC ALLEN R","property_address":"11406 FOWLERS MILL RD","property_city":"CHARDON","property_zip":"44024"}},{"type":"Feature","geometry":{"type":"Polygon","coordinates":[[[-81.2664135714963,41.5516572708032],[-81.2664412159634,41.5516507883519],[-81.2664382817425,41.5517377318982],[-81.2664373033919,41.5517667064732],[-81.2663672317335,41.5538427413845],[-81.267590433356,41.5546384616314],[-81.2674032146243,41.5558318775354],[-81.2673066093071,41.5560483766244],[-81.2674973803797,41.5562391893352],[-81.267705805701,41.5563300736853],[-81.2677467373666,41.5566059909236],[-81.2675852467924,41.5568903899206],[-81.2673428947846,41.5570417790758],[-81.2671802480467,41.5572100535706],[-81.2667871679326,41.556975138018],[-81.2669337275874,41.5566810201439],[-81.2666740391998,41.5560725950789],[-81.2667800646321,41.5559220736051],[-81.2664814491448,41.5557291585201],[-81.266803377966,41.5554869079084],[-81.2666586590009,41.5553424666918],[-81.2666864218305,41.5550126153589],[-81.2663922316454,41.5547253126601],[-81.2664141579556,41.5540757247236],[-81.2663124142306,41.553841714059],[-81.2663820156031,41.5517796686787],[-81.2663829928136,41.5517506922909],[-81.2663859270407,41.5516637523476],[-81.2664135714963,41.5516572708032]]]},"properties":{"source_county":"Geauga","jurisdiction":"Munson Township","parcel_id":"21-043820","owner_name":"DAUTERMAN TERRENCE L TOD & LINDA D TOD","property_address":"10476 WILSON MILLS RD","property_city":"CHARDON","property_zip":"44024"}},{"type":"Feature","geometry":{"type":"Polygon","coordinates":[[[-81.2712714488036,41.5672321687842],[-81.2719788876351,41.5664632578343],[-81.2720614495214,41.5665078927553],[-81.2721415676343,41.5665549725475],[-81.2721689567113,41.566576452956],[-81.2721887139557,41.56660222789],[-81.2721996936092,41.5666308026267],[-81.2722012589343,41.5666605200768],[-81.2722006510321,41.5666872135488],[-81.2722046487412,41.5667137415723],[-81.2722131848115,41.5667396578516],[-81.2722261156412,41.5667645263823],[-81.272243223692,41.5667879287866],[-81.2722642211492,41.5668094713515],[-81.2722887547629,41.5668287916529],[-81.2723164117914,41.5668455646532],[-81.2723467269444,41.566859508169],[-81.2723791902116,41.5668703876195],[-81.2724132554421,41.5668780199722],[-81.2724483495338,41.5668822768228],[-81.2724838820748,41.5668830865555],[-81.2725192552765,41.5668804355477],[-81.2725538740311,41.5668743683988],[-81.272587155924,41.5668649871809],[-81.2728333192807,41.5672747150138],[-81.2728354750903,41.5672783028139],[-81.271266277373,41.5672377898194],[-81.2712714488036,41.5672321687842]]]},"properties":{"source_county":"Geauga","jurisdiction":"Munson Township","parcel_id":"21-044230","owner_name":"CHORBA FRANK J & SHARON A TRUSTEES","property_address":"11231 HIGHLAND VIEW DR","property_city":"CHARDON","property_zip":"44024"}},{"type":"Feature","geometry":{"type":"Polygon","coordinates":[[[-81.252964803636,41.5694285924906],[-81.252985486422,41.5690035930098],[-81.2530220453106,41.5690052282589],[-81.2548692139141,41.5690878313925],[-81.2548606198176,41.5694541535147],[-81.2530015372289,41.5694291886568],[-81.252964799284,41.5694286950993],[-81.252964803636,41.5694285924906]]]},"properties":{"source_county":"Geauga","jurisdiction":"Munson Township","parcel_id":"21-044300","owner_name":"GARRATT KEVIN J","property_address":"11126 FOWLERS MILL RD","property_city":"CHARDON","property_zip":"44024"}},{"type":"Feature","geometry":{"type":"Polygon","coordinates":[[[-81.2641622759219,41.5521920673858],[-81.2642744901292,41.5521631818684],[-81.2642913867672,41.5522458655201],[-81.2642970201936,41.5522734264488],[-81.2646299525675,41.5539024879145],[-81.264065644303,41.5538048157212],[-81.2635444690486,41.5523510948007],[-81.2641622759219,41.5521920673858]]]},"properties":{"source_county":"Geauga","jurisdiction":"Munson Township","parcel_id":"21-044950","owner_name":"LEVITSKAYA ANASTASIA","property_address":"10544 WILSON MILLS RD","property_city":"CHARDON","property_zip":"44024"}},{"type":"Feature","geometry":{"type":"Polygon","coordinates":[[[-81.2690344636244,41.5616695662153],[-81.2697766014959,41.5616378380234],[-81.2697214237358,41.5637094866579],[-81.2697192318637,41.5637917723547],[-81.2697190434577,41.5637917811643],[-81.2690287761238,41.5638239294493],[-81.2690344636244,41.5616695662153]]]},"properties":{"source_county":"Geauga","jurisdiction":"Munson Township","parcel_id":"21-045300","owner_name":"WOOD RICHARD T & PATRICIA L","property_address":" MULBERRY RD","property_city":"CHARDON","property_zip":"44024"}},{"type":"Feature","geometry":{"type":"Polygon","coordinates":[[[-81.2643079641687,41.5544807001276],[-81.264065644303,41.5538048157212],[-81.2646299525675,41.5539024879145],[-81.2650601327465,41.55396607987],[-81.2656338572016,41.5538315813678],[-81.2662075804995,41.5536970800375],[-81.2662715037868,41.5518055774801],[-81.2662724834946,41.551776598418],[-81.2662754214312,41.5516896603171],[-81.2663306887055,41.551676702447],[-81.2663277544214,41.5517636414882],[-81.2663267759538,41.5517926196633],[-81.2662072136898,41.5553346643338],[-81.2659248197675,41.5553917355757],[-81.2643079641687,41.5544807001276]]]},"properties":{"source_county":"Geauga","jurisdiction":"Munson Township","parcel_id":"21-046450","owner_name":"FORD ANDREW M & ELIZABETH A","property_address":"10480 WILSON MILLS RD","property_city":"CHARDON","property_zip":"44024"}},{"type":"Feature","geometry":{"type":"Polygon","coordinates":[[[-81.269514334432,41.569893575465],[-81.2695554097896,41.5691116654238],[-81.2702212797249,41.5693048669503],[-81.2701964180948,41.5698917571714],[-81.2701963603498,41.5698931081865],[-81.2695142227494,41.5698956904195],[-81.269514334432,41.569893575465]]]},"properties":{"source_county":"Geauga","jurisdiction":"Munson Township","parcel_id":"21-047570","owner_name":"GEDEON LINDSEY A & GREGORY DANIEL","property_address":" THWING RD","property_city":"CHARDON","property_zip":"44024"}},{"type":"Feature","geometry":{"type":"Polygon","coordinates":[[[-81.2580431449447,41.5537669927421],[-81.2583535607441,41.5536871076278],[-81.2588815296496,41.5548447195455],[-81.2590881763403,41.5552977965732],[-81.25851525625,41.5553118319047],[-81.2578351048184,41.5538205299577],[-81.2580431449447,41.5537669927421]]]},"properties":{"source_county":"Geauga","jurisdiction":"Munson Township","parcel_id":"21-047850","owner_name":"BUCKLAND RICK G & GAIL C","property_address":"10690 WILSON MILLS RD","property_city":"CHARDON","property_zip":"44024"}},{"type":"Feature","geometry":{"type":"Polygon","coordinates":[[[-81.2645748063666,41.5662157403747],[-81.2651570787417,41.5661205642227],[-81.2658574855997,41.5671966039994],[-81.265868044511,41.5672128250025],[-81.2653329096735,41.5672151643347],[-81.2652628231493,41.5672154699973],[-81.2652508466001,41.5671980677349],[-81.2645748063666,41.5662157403747]]]},"properties":{"source_county":"Geauga","jurisdiction":"Munson Township","parcel_id":"21-048020","owner_name":"CLEVELAND CARMEN TOD","property_address":"10460 MEADOWHURST LN","property_city":"CHARDON","property_zip":"44024"}},{"type":"Feature","geometry":{"type":"Polygon","coordinates":[[[-81.2656977983831,41.551940079221],[-81.2662715037868,41.5518055774801],[-81.2662075804995,41.5536970800375],[-81.2656338572016,41.5538315813678],[-81.2656977983831,41.551940079221]]]},"properties":{"source_county":"Geauga","jurisdiction":"Munson Township","parcel_id":"21-048500","owner_name":"MALENSEK BERNADETTE TRUSTEE","property_address":"10484 WILSON MILLS RD","property_city":"CHARDON","property_zip":"44024"}},{"type":"Feature","geometry":{"type":"Polygon","coordinates":[[[-81.2571534415862,41.5695378452691],[-81.2575517762586,41.5695367147071],[-81.2575537113447,41.569915396974],[-81.2571553755851,41.5699165266551],[-81.2571534415862,41.5695378452691]]]},"properties":{"source_county":"Geauga","jurisdiction":"Munson Township","parcel_id":"21-048680","owner_name":"MASTROIANNI TERESE A & KIRCHSTEIN PAUL L","property_address":"10723 THWING RD","property_city":"CHARDON","property_zip":"44024"}},{"type":"Feature","geometry":{"type":"Polygon","coordinates":[[[-81.2588436484661,41.5639142029547],[-81.2593727005787,41.5638065582345],[-81.2599464047979,41.5638550759472],[-81.2597747814225,41.5643204905704],[-81.2598298071393,41.564563448905],[-81.2599734132424,41.5647662621369],[-81.2601724882763,41.5649270419784],[-81.2604862010004,41.5649454310472],[-81.2604333397473,41.5658381740333],[-81.2596307981702,41.5658410297002],[-81.2595120088596,41.5658414518857],[-81.2587818709595,41.5639267725754],[-81.2588436484661,41.5639142029547]]]},"properties":{"source_county":"Geauga","jurisdiction":"Munson Township","parcel_id":"21-048900","owner_name":"SHAPIRO JACK A TOD AKA JACK TOD","property_address":" MULBERRY RD","property_city":"CHARDON","property_zip":"44024"}},{"type":"Feature","geometry":{"type":"Polygon","coordinates":[[[-81.2635740912042,41.5554690597347],[-81.2634695846411,41.5549833141791],[-81.2633588372888,41.5544685530238],[-81.2629369395252,41.5525074729617],[-81.2635444690486,41.5523510948007],[-81.264065644303,41.5538048157212],[-81.2643079641687,41.5544807001276],[-81.2659248197675,41.5553917355757],[-81.2662072136898,41.5553346643338],[-81.2653681654925,41.5569098146489],[-81.2645818842703,41.556679367842],[-81.2639883048111,41.5562643409007],[-81.2637021480365,41.5560642590895],[-81.2635740912042,41.5554690597347]]]},"properties":{"source_county":"Geauga","jurisdiction":"Munson Township","parcel_id":"21-049200","owner_name":"FULLER JAMON R & AMY M","property_address":"10556 WILSON MILLS RD","property_city":"CHARDON","property_zip":"44024"}},{"type":"Feature","geometry":{"type":"Polygon","coordinates":[[[-81.2664412159634,41.5516507883519],[-81.2664964579014,41.5516378355371],[-81.266493520091,41.5517247826482],[-81.2664925405835,41.5517537563108],[-81.2664243174452,41.5537725280569],[-81.2675614764889,41.5545123298294],[-81.2687302598376,41.5545345966121],[-81.2686010602683,41.5583622069179],[-81.2682144243711,41.5583613222931],[-81.2676428527662,41.5583600134733],[-81.2669461338478,41.5578155951327],[-81.2671802480467,41.5572100535706],[-81.2673428947846,41.5570417790758],[-81.2675852467924,41.5568903899206],[-81.2677467373666,41.5566059909236],[-81.267705805701,41.5563300736853],[-81.2674973803797,41.5562391893352],[-81.2673066093071,41.5560483766244],[-81.2674032146243,41.5558318775354],[-81.267590433356,41.5546384616314],[-81.2663672317335,41.5538427413845],[-81.2664373033919,41.5517667064732],[-81.2664382817425,41.5517377318982],[-81.2664412159634,41.5516507883519]]]},"properties":{"source_county":"Geauga","jurisdiction":"Munson Township","parcel_id":"21-049210","owner_name":"MADAR PAUL A & MARCHITA M","property_address":"10474 WILSON MILLS RD","property_city":"CHARDON","property_zip":"44024"}},{"type":"Feature","geometry":{"type":"Polygon","coordinates":[[[-81.2555232960918,41.5531272957403],[-81.2566192826957,41.5531324434359],[-81.2566372617788,41.5541288147803],[-81.256600416787,41.5541286020856],[-81.2557456143609,41.5541247058078],[-81.255541232515,41.5541237732353],[-81.2555232960918,41.5531272957403]]]},"properties":{"source_county":"Geauga","jurisdiction":"Munson Township","parcel_id":"21-050150","owner_name":"LAXGANGER BERNARD H & JENNIFER L","property_address":"10741 WILSON MILLS RD","property_city":"CHARDON","property_zip":"44024"}},{"type":"Feature","geometry":{"type":"Polygon","coordinates":[[[-81.2588053575579,41.5535708379112],[-81.2588720145409,41.5535536838774],[-81.2593999938444,41.5547112980145],[-81.2588815296496,41.5548447195455],[-81.2583535607441,41.5536871076278],[-81.2588053575579,41.5535708379112]]]},"properties":{"source_county":"Geauga","jurisdiction":"Munson Township","parcel_id":"21-053015","owner_name":"TOURNAS ERIN L & JAMES J","property_address":"10676 WILSON MILLS RD","property_city":"CHARDON","property_zip":"44024"}},{"type":"Feature","geometry":{"type":"Polygon","coordinates":[[[-81.2629039858421,41.5672257510702],[-81.263980849937,41.5672210634591],[-81.2639393169626,41.5681893224165],[-81.26329980206,41.5681911708184],[-81.2632265474878,41.5698991570805],[-81.2625870158699,41.5699010015563],[-81.2626602894509,41.5681930193254],[-81.2618777306299,41.5676533196652],[-81.2618967548811,41.5672301265773],[-81.2628871761972,41.5672258241277],[-81.2629039858421,41.5672257510702]]]},"properties":{"source_county":"Geauga","jurisdiction":"Munson Township","parcel_id":"21-053850","owner_name":"EBERST GEORGE & LAVERNE","property_address":"10569 THWING RD","property_city":"CHARDON","property_zip":"44024"}},{"type":"Feature","geometry":{"type":"Polygon","coordinates":[[[-81.2500489169875,41.5530695637185],[-81.2502533410757,41.5520029568603],[-81.2502863093245,41.5520111639807],[-81.2503203948141,41.5520161724371],[-81.2503550499138,41.5520179017616],[-81.250389717841,41.5520163241704],[-81.250423841607,41.5520114650094],[-81.250456872966,41.5520034023481],[-81.2504882812239,41.5519922657241],[-81.2505175617644,41.5519782340628],[-81.2513823327941,41.5528699029843],[-81.2513856529361,41.5530757199794],[-81.2503976053534,41.5530711714195],[-81.2500489169875,41.5530695637185]]]},"properties":{"source_county":"Geauga","jurisdiction":"Munson Township","parcel_id":"21-055550","owner_name":"ENDRES KENNETH E & JOELLA M","property_address":"10880 WOOD HOLLOW DR","property_city":"CHARDON","property_zip":"44024"}},{"type":"Feature","geometry":{"type":"Polygon","coordinates":[[[-81.2714276702168,41.5660656929038],[-81.2722654263462,41.5648335993516],[-81.2726412705255,41.5651848743721],[-81.2719204737885,41.5662404364307],[-81.2717979116244,41.5661902144692],[-81.271672086972,41.5661447702799],[-81.2714276702168,41.5660656929038]]]},"properties":{"source_county":"Geauga","jurisdiction":"Munson Township","parcel_id":"21-059470","owner_name":"LANZARETTA RONALD C & PATRICIA K","property_address":"11260 HIGHLAND VIEW DR","property_city":"CHARDON","property_zip":"44024"}},{"type":"Feature","geometry":{"type":"Polygon","coordinates":[[[-81.2519514025644,41.5576462444594],[-81.2513451632344,41.5576458838523],[-81.2514238403877,41.5567495621933],[-81.2514422173228,41.5567493933154],[-81.2527833945936,41.5567360848096],[-81.2525342401969,41.5577855824739],[-81.2522382349435,41.5576904779249],[-81.2521691260497,41.5576713070213],[-81.2520977985533,41.5576574599124],[-81.2520249773624,41.5576490773274],[-81.2519514025644,41.5576462444594]]]},"properties":{"source_county":"Geauga","jurisdiction":"Munson Township","parcel_id":"21-061070","owner_name":"TEKAVEC BARBARA A","property_address":"10855 NOLLWOOD DR","property_city":"CHARDON","property_zip":"44024"}},{"type":"Feature","geometry":{"type":"Polygon","coordinates":[[[-81.2681938947589,41.5672026290892],[-81.2689216602444,41.5671994292377],[-81.268829943571,41.5698953950087],[-81.2688298450031,41.5698982782149],[-81.2680550646399,41.5699001749286],[-81.2680550070778,41.5699001752185],[-81.2680551470568,41.5698974509372],[-81.2681938947589,41.5672026290892]]]},"properties":{"source_county":"Geauga","jurisdiction":"Munson Township","parcel_id":"21-061100","owner_name":"ELLIOTT JUDSON S TOD & BEVERLY L TOD","property_address":" THWING RD","property_city":"CHARDON","property_zip":"44024"}},{"type":"Feature","geometry":{"type":"Polygon","coordinates":[[[-81.2594552668245,41.5523139203546],[-81.2597737598564,41.5522330129042],[-81.2597759444366,41.5522378034397],[-81.2602181260276,41.5532072470488],[-81.2597706625816,41.5533224086826],[-81.2595985026456,41.5533667159835],[-81.2591533021531,41.5523906290098],[-81.259454913881,41.5523140102343],[-81.2594552668245,41.5523139203546]]]},"properties":{"source_county":"Geauga","jurisdiction":"Munson Township","parcel_id":"21-061400","owner_name":"BRENTAR DAVID A & TIA L","property_address":"10643 WILSON MILLS RD","property_city":"CHARDON","property_zip":"44024"}},{"type":"Feature","geometry":{"type":"Polygon","coordinates":[[[-81.256687482531,41.5566972484082],[-81.2566912150741,41.5568941003532],[-81.2566944537714,41.5570643573334],[-81.2566100152924,41.5573709973804],[-81.2565725740527,41.5573714680865],[-81.2564851915916,41.5573725655438],[-81.2545970654533,41.5573962593327],[-81.2547613272886,41.5567164302855],[-81.2549673983849,41.5567143800236],[-81.2550083902907,41.556713972226],[-81.2558242724995,41.5567058536903],[-81.2566507220403,41.5566976237694],[-81.2566773022516,41.5566973528079],[-81.2566868477385,41.5566638037174],[-81.256687482531,41.5566972484082]]]},"properties":{"source_county":"Geauga","jurisdiction":"Munson Township","parcel_id":"21-062200","owner_name":"GIBSON BARBARA A & JACK L","property_address":"11535 FOWLERS MILL RD","property_city":"CHARDON","property_zip":"44024"}},{"type":"Feature","geometry":{"type":"Polygon","coordinates":[[[-81.2666027736674,41.5672096092319],[-81.2668130716134,41.5672086873977],[-81.2666748938829,41.5698918727821],[-81.2665219068274,41.5698915698202],[-81.2659491207889,41.5698912646885],[-81.2660638172133,41.5672119680712],[-81.2666027736674,41.5672096092319]]]},"properties":{"source_county":"Geauga","jurisdiction":"Munson Township","parcel_id":"21-062300","owner_name":"SCHUSTER RUDOLF & DEBORAH ELAINE TRUSTEES","property_address":"10475 THWING RD","property_city":"CHARDON","property_zip":"44024"}},{"type":"Feature","geometry":{"type":"Polygon","coordinates":[[[-81.2668130716134,41.5672086873977],[-81.2675034790138,41.5672056607013],[-81.2673647937231,41.5698987141342],[-81.2666745888084,41.5698972481367],[-81.2668130716134,41.5672086873977]]]},"properties":{"source_county":"Geauga","jurisdiction":"Munson Township","parcel_id":"21-062400","owner_name":"SCHUSTER RUDOLF & DEBORAH ELAINE TRUSTEES","property_address":" THWING RD","property_city":"CHARDON","property_zip":"44024"}},{"type":"Feature","geometry":{"type":"Polygon","coordinates":[[[-81.2742654245821,41.5616583685727],[-81.2749036266516,41.5616186739276],[-81.2748824045696,41.5622711941236],[-81.2748433907735,41.563470783847],[-81.2743174149163,41.5635039683449],[-81.2742077407556,41.5635108879749],[-81.2742654245821,41.5616583685727]]]},"properties":{"source_county":"Geauga","jurisdiction":"Munson Township","parcel_id":"21-064400","owner_name":"GARRABRANT IVAN E","property_address":"10257 MULBERRY RD","property_city":"CHARDON","property_zip":"44024"}},{"type":"Feature","geometry":{"type":"Polygon","coordinates":[[[-81.2742654245821,41.5616583685727],[-81.2743636411912,41.558503893994],[-81.2745385550823,41.5585274176692],[-81.2750021282139,41.5585897605664],[-81.2749368670658,41.560596562423],[-81.2749138471011,41.5613044104329],[-81.2749036266516,41.5616186739276],[-81.2742654245821,41.5616583685727]]]},"properties":{"source_county":"Geauga","jurisdiction":"Munson Township","parcel_id":"21-064500","owner_name":"GARRABRANT IVAN E","property_address":" MULBERRY RD","property_city":"CHARDON","property_zip":"44024"}},{"type":"Feature","geometry":{"type":"Polygon","coordinates":[[[-81.2733096842354,41.563567542124],[-81.2737712190359,41.5635384263418],[-81.2739040883,41.5647305968719],[-81.2733578686491,41.5647649321051],[-81.2732950874404,41.5642015934895],[-81.2732372948465,41.5636830129314],[-81.2732250213652,41.5635728826569],[-81.2733096842354,41.563567542124]]]},"properties":{"source_county":"Geauga","jurisdiction":"Munson Township","parcel_id":"21-068800","owner_name":"PYSELL LINDA C & DAVID A","property_address":"10290 MULBERRY RD","property_city":"CHARDON","property_zip":"44024"}},{"type":"Feature","geometry":{"type":"Polygon","coordinates":[[[-81.2744339908281,41.5654674548251],[-81.2733964136799,41.5650143900395],[-81.2732789033873,41.5649045636949],[-81.2731438958409,41.5647783832465],[-81.2732820084019,41.5647697020234],[-81.2733574665234,41.5647649566727],[-81.2733578686491,41.5647649321051],[-81.2739040883,41.5647305968719],[-81.2741112028222,41.5647175762008],[-81.2744503086108,41.564696257281],[-81.2746723915291,41.5653866650708],[-81.2746383341492,41.5653863742991],[-81.2746044917415,41.5653892583126],[-81.2745713869751,41.5653952725703],[-81.2745395311268,41.5654043241867],[-81.2745094161856,41.5654162733666],[-81.2744815072542,41.5654309355644],[-81.274456235366,41.5654480843338],[-81.2744339908281,41.5654674548251]]]},"properties":{"source_county":"Geauga","jurisdiction":"Munson Township","parcel_id":"21-068810","owner_name":"WEILAND DONALD J & SHERYL L","property_address":"11209 HIDDEN SPRINGS DR","property_city":"CHARDON","property_zip":"44024"}},{"type":"Feature","geometry":{"type":"Polygon","coordinates":[[[-81.2744192911066,41.5657003613412],[-81.2738750186775,41.5654616935326],[-81.2732651941809,41.5655000284785],[-81.2729965406348,41.5655169151561],[-81.2726412705255,41.5651848743721],[-81.2722654263462,41.5648335993516],[-81.2728116471762,41.5647992674569],[-81.2731438958409,41.5647783832465],[-81.2732789033873,41.5649045636949],[-81.2733964136799,41.5650143900395],[-81.2744339908281,41.5654674548251],[-81.2744116015202,41.5654934452554],[-81.2743946552786,41.5655216634278],[-81.2743835353993,41.5655514711059],[-81.2743784933993,41.5655821941008],[-81.2743796433271,41.5656131375205],[-81.2743869591821,41.565643601486],[-81.2744002755025,41.565672896962],[-81.2744192911066,41.5657003613412]]]},"properties":{"source_county":"Geauga","jurisdiction":"Munson Township","parcel_id":"21-068820","owner_name":"SCHONBERGER MARTY L JR","property_address":"11205 HIDDEN SPRINGS DR","property_city":"CHARDON","property_zip":"44024"}},{"type":"Feature","geometry":{"type":"Polygon","coordinates":[[[-81.2669367042431,41.5515346218712],[-81.2671254415594,41.551490371753],[-81.2671225047597,41.551577309881],[-81.2671215266125,41.5516062898651],[-81.2670576268633,41.5534977929992],[-81.2664838733437,41.5536323062847],[-81.2665477885908,41.5517408035357],[-81.2665487680397,41.5517118316731],[-81.2665517057594,41.5516248854606],[-81.2669367042431,41.5515346218712]]]},"properties":{"source_county":"Geauga","jurisdiction":"Munson Township","parcel_id":"21-069140","owner_name":"SIEGERT CLIFFORD E JR & KINDRA L","property_address":"10470 WILSON MILLS RD","property_city":"CHARDON","property_zip":"44024"}},{"type":"Feature","geometry":{"type":"Polygon","coordinates":[[[-81.2651240894252,41.5520745781085],[-81.2656977983831,41.551940079221],[-81.2656338572016,41.5538315813678],[-81.2650601327465,41.55396607987],[-81.2651240894252,41.5520745781085]]]},"properties":{"source_county":"Geauga","jurisdiction":"Munson Township","parcel_id":"21-070000","owner_name":"MATEJKA MICHAEL E & BARBARA A TRUSTEE","property_address":"10502 WILSON MILLS RD","property_city":"CHARDON","property_zip":"44024"}},{"type":"Feature","geometry":{"type":"Polygon","coordinates":[[[-81.255541232515,41.5541237732353],[-81.2557456143609,41.5541247058078],[-81.2557788377545,41.5551058114718],[-81.2558057082148,41.5558554029128],[-81.2558242724995,41.5567058536903],[-81.2550083902907,41.556713972226],[-81.2549831738679,41.5555200487288],[-81.2549536302522,41.5541210896996],[-81.255541232515,41.5541237732353]]]},"properties":{"source_county":"Geauga","jurisdiction":"Munson Township","parcel_id":"21-070100","owner_name":"LLOYD THOMAS C & DIANE L","property_address":"10762 WILSON MILLS RD","property_city":"CHARDON","property_zip":"44024"}},{"type":"Feature","geometry":{"type":"Polygon","coordinates":[[[-81.2703659444568,41.5506005800709],[-81.2708652039429,41.5503704529028],[-81.2711922791341,41.5507704252194],[-81.2718780974526,41.5511797183791],[-81.2710706440032,41.5514632908009],[-81.2703659444568,41.5506005800709]]]},"properties":{"source_county":"Geauga","jurisdiction":"Munson Township","parcel_id":"21-070500","owner_name":"ANTLOGA MIRKO FRANK & KATHLEEN MARIE CO TRUSTEES","property_address":"10346 WILSON MILLS RD","property_city":"CHARDON","property_zip":"44024"}},{"type":"Feature","geometry":{"type":"Polygon","coordinates":[[[-81.2715986580518,41.5637860060374],[-81.2721448704784,41.5637516781676],[-81.2722654263462,41.5648335993516],[-81.2718284490371,41.5648610626545],[-81.271719203745,41.5648679286639],[-81.271703967763,41.5647311854818],[-81.2715986580518,41.5637860060374]]]},"properties":{"source_county":"Geauga","jurisdiction":"Munson Township","parcel_id":"21-071350","owner_name":"WENTZ JON D & LISA M TRUSTEES","property_address":"10316 MULBERRY RD","property_city":"CHARDON","property_zip":"44024"}},{"type":"Feature","geometry":{"type":"Polygon","coordinates":[[[-81.253037810888,41.5680989178049],[-81.2531809365861,41.5676030858207],[-81.2532167683056,41.567608109848],[-81.2548983961345,41.5678438651946],[-81.2548877079164,41.5682992897935],[-81.2530739539569,41.5681032212243],[-81.2530377004528,41.5680993020276],[-81.253037810888,41.5680989178049]]]},"properties":{"source_county":"Geauga","jurisdiction":"Munson Township","parcel_id":"21-075400","owner_name":"HALL ALICE M","property_address":"11170 FOWLERS MILL RD","property_city":"CHARDON","property_zip":"44024"}},{"type":"Feature","geometry":{"type":"Polygon","coordinates":[[[-81.2654537222568,41.5511169339744],[-81.2664412900754,41.5508363705915],[-81.2664135714963,41.5516572708032],[-81.2663859270407,41.5516637523476],[-81.2663306887055,41.551676702447],[-81.2662754214312,41.5516896603171],[-81.2652822385158,41.5519225033015],[-81.2654537222568,41.5511169339744]]]},"properties":{"source_county":"Geauga","jurisdiction":"Munson Township","parcel_id":"21-075700","owner_name":"VALVODA PAUL L","property_address":"10487 WILSON MILLS RD","property_city":"CHARDON","property_zip":"44024"}},{"type":"Feature","geometry":{"type":"Polygon","coordinates":[[[-81.2682729072899,41.5512213358274],[-81.2688466372373,41.5510868127092],[-81.2687788756993,41.5530942352213],[-81.2682051280327,41.5532287579176],[-81.2682689944063,41.551337253088],[-81.2682699720251,41.551308273992],[-81.2682729072899,41.5512213358274]]]},"properties":{"source_county":"Geauga","jurisdiction":"Munson Township","parcel_id":"21-075800","owner_name":"RIBICH KAY E TOD","property_address":"10414 WILSON MILLS RD","property_city":"CHARDON","property_zip":"44024"}},{"type":"Feature","geometry":{"type":"Polygon","coordinates":[[[-81.2690492667713,41.5510393020553],[-81.2691229453636,41.5510220257245],[-81.2690467473877,41.553264960183],[-81.2689737001374,41.5532635598257],[-81.2690492667713,41.5510393020553]]]},"properties":{"source_county":"Geauga","jurisdiction":"Munson Township","parcel_id":"21-075900","owner_name":"LONG DEREK W","property_address":" WILSON MILLS RD","property_city":"CHARDON","property_zip":"44024"}},{"type":"Feature","geometry":{"type":"Polygon","coordinates":[[[-81.2688466372373,41.5510868127092],[-81.2690492667713,41.5510393020553],[-81.2689737001374,41.5532635598257],[-81.2687732899928,41.5532597165149],[-81.2687788756993,41.5530942352213],[-81.2688466372373,41.5510868127092]]]},"properties":{"source_county":"Geauga","jurisdiction":"Munson Township","parcel_id":"21-076000","owner_name":"LONG DEREK W","property_address":"10400 WILSON MILLS RD","property_city":"CHARDON","property_zip":"44024"}},{"type":"Feature","geometry":{"type":"Polygon","coordinates":[[[-81.2737721692418,41.5662418140459],[-81.2746442403334,41.565804047038],[-81.2749502959694,41.5658686163558],[-81.2746294827512,41.566062384423],[-81.2748080852244,41.5672099417503],[-81.2744975477325,41.5669197292192],[-81.2737721692418,41.5662418140459]]]},"properties":{"source_county":"Geauga","jurisdiction":"Munson Township","parcel_id":"21-076630","owner_name":"GILBERT ROBERT","property_address":"11200 HIDDEN SPRINGS DR","property_city":"CHARDON","property_zip":"44024"}},{"type":"Feature","geometry":{"type":"Polygon","coordinates":[[[-81.2656121530985,41.5598713858884],[-81.2659250228561,41.559709429817],[-81.266001887497,41.5628871215644],[-81.2655270364213,41.5628969556612],[-81.2655527314628,41.5639594735253],[-81.26500828127,41.5639707457315],[-81.2650051446927,41.5639708105249],[-81.2649176484543,41.5606649248017],[-81.2655847192838,41.5605299711119],[-81.2656121530985,41.5598713858884]]]},"properties":{"source_county":"Geauga","jurisdiction":"Munson Township","parcel_id":"21-079000","owner_name":"MALONE TERRENCE K & PAMELA R","property_address":"10501 MULBERRY RD","property_city":"CHARDON","property_zip":"44024"}},{"type":"Feature","geometry":{"type":"Polygon","coordinates":[[[-81.2513370182238,41.5500603462651],[-81.2565633145655,41.5500306514446],[-81.2565708510313,41.5504483694705],[-81.2513437552898,41.5504780689927],[-81.2513421207317,41.5503767216871],[-81.2513370182238,41.5500603462651]]]},"properties":{"source_county":"Geauga","jurisdiction":"Munson Township","parcel_id":"21-079300","owner_name":"BOCCIARELLI LORENZO M TOD & SUZAN D TOD","property_address":"11783 FOWLERS MILL RD","property_city":"CHARDON","property_zip":"44024"}},{"type":"Feature","geometry":{"type":"Polygon","coordinates":[[[-81.26329980206,41.5681911708184],[-81.2639393169626,41.5681893224165],[-81.2638660778708,41.5698973090702],[-81.2632265474878,41.5698991570805],[-81.26329980206,41.5681911708184]]]},"properties":{"source_county":"Geauga","jurisdiction":"Munson Township","parcel_id":"21-080120","owner_name":"GRAU EDWARD & DOREEN","property_address":"10555 THWING RD","property_city":"CHARDON","property_zip":"44024"}},{"type":"Feature","geometry":{"type":"Polygon","coordinates":[[[-81.267735988939,41.5614130283815],[-81.2682834601962,41.5614060214504],[-81.2682961405062,41.5619652240793],[-81.2683390061342,41.5638560500978],[-81.2680369220179,41.5638701159248],[-81.2677919343672,41.5638815226095],[-81.267735988939,41.5614130283815]]]},"properties":{"source_county":"Geauga","jurisdiction":"Munson Township","parcel_id":"21-080150","owner_name":"HILL D W & KATHRYN E TRUSTEES","property_address":" MULBERRY RD","property_city":"CHARDON","property_zip":"44024"}},{"type":"Feature","geometry":{"type":"Polygon","coordinates":[[[-81.2548527066926,41.5697913386536],[-81.2548606198176,41.5694541535147],[-81.2548692139141,41.5690878313925],[-81.2548729056659,41.5689303569597],[-81.2548778048265,41.5687210409396],[-81.2548877079164,41.5682992897935],[-81.2548983961345,41.5678438651946],[-81.2549102538769,41.5673388344293],[-81.2549238367605,41.5667602657782],[-81.2549370043034,41.5661993700339],[-81.2549450290708,41.565857590512],[-81.2559980641305,41.5658538850884],[-81.2566653313725,41.5658515323339],[-81.257301277946,41.5658492863058],[-81.2579298056185,41.5658470627978],[-81.2585581677653,41.5658448368204],[-81.2591863092252,41.5658426086872],[-81.2595120088596,41.5658414518857],[-81.2596307981702,41.5658410297002],[-81.2594560175328,41.5699099809402],[-81.2590154976541,41.5699112381697],[-81.2590109627569,41.5690201796664],[-81.2590003742934,41.5669253868078],[-81.2582695138979,41.5669274675101],[-81.2582800801853,41.5690222604467],[-81.2582846039231,41.5699133198654],[-81.2575537113447,41.569915396974],[-81.2575517762586,41.5695367147071],[-81.2571534415862,41.5695378452691],[-81.2571553755851,41.5699165266551],[-81.2548496439364,41.569923040664],[-81.2548514186785,41.5698462184919],[-81.2548527066926,41.5697913386536]]]},"properties":{"source_county":"Geauga","jurisdiction":"Munson Township","parcel_id":"21-080700","owner_name":"HILL CARL L TOD & LISA M TOD","property_address":"10733 THWING RD","property_city":"CHARDON","property_zip":"44024"}},{"type":"Feature","geometry":{"type":"Polygon","coordinates":[[[-81.2582695138979,41.5669274675101],[-81.2590003742934,41.5669253868078],[-81.2590109627569,41.5690201796664],[-81.2582800801853,41.5690222604467],[-81.2582695138979,41.5669274675101]]]},"properties":{"source_county":"Geauga","jurisdiction":"Munson Township","parcel_id":"21-080710","owner_name":"HILL CARL L TOD & LISA M TOD","property_address":" THWING RD","property_city":"CHARDON","property_zip":"44024"}},{"type":"Feature","geometry":{"type":"Polygon","coordinates":[[[-81.2582800801853,41.5690222604467],[-81.2590109627569,41.5690201796664],[-81.2590154976541,41.5699112381697],[-81.2582846039231,41.5699133198654],[-81.2582800801853,41.5690222604467]]]},"properties":{"source_county":"Geauga","jurisdiction":"Munson Township","parcel_id":"21-081000","owner_name":"HILL BRUCE & JUDY","property_address":"10675 THWING RD","property_city":"CHARDON","property_zip":"44024"}},{"type":"Feature","geometry":{"type":"Polygon","coordinates":[[[-81.2530278284562,41.5681335027797],[-81.2530377004528,41.5680993020276],[-81.2530739539569,41.5681032212243],[-81.2548877079164,41.5682992897935],[-81.2548778048265,41.5687210409396],[-81.2530426394427,41.5685812687254],[-81.2530061732915,41.5685784908573],[-81.2530278284562,41.5681335027797]]]},"properties":{"source_county":"Geauga","jurisdiction":"Munson Township","parcel_id":"21-081450","owner_name":"STAMBERGER RONALD A TOD & DAWN A TOD","property_address":"11150 FOWLERS MILL RD","property_city":"CHARDON","property_zip":"44024"}},{"type":"Feature","geometry":{"type":"Polygon","coordinates":[[[-81.2556599231709,41.5601824963565],[-81.2558078270865,41.5597861056572],[-81.2558540375087,41.5596622909911],[-81.2558360027729,41.5597920383321],[-81.2595123111627,41.5605660699514],[-81.2591865965596,41.560925026372],[-81.2557750912912,41.5602067461344],[-81.2556951110354,41.5601899053721],[-81.2556599231709,41.5601824963565]]]},"properties":{"source_county":"Geauga","jurisdiction":"Munson Township","parcel_id":"21-081600","owner_name":"GARDNER REBECCA S TRUSTEE","property_address":"11444 FOWLERS MILL RD","property_city":"CHARDON","property_zip":"44024"}},{"type":"Feature","geometry":{"type":"Polygon","coordinates":[[[-81.2562689052657,41.5644380402649],[-81.2567871101608,41.5643326161276],[-81.2579298056185,41.5658470627978],[-81.257301277946,41.5658492863058],[-81.2562689052657,41.5644380402649]]]},"properties":{"source_county":"Geauga","jurisdiction":"Munson Township","parcel_id":"21-082700","owner_name":"HOLY NEIL C","property_address":" MULBERRY RD","property_city":"CHARDON","property_zip":"44024"}},{"type":"Feature","geometry":{"type":"Polygon","coordinates":[[[-81.255032184394,41.5652643076084],[-81.2553786778323,41.5650328145998],[-81.2559980641305,41.5658538850884],[-81.2549450290708,41.565857590512],[-81.2545889664908,41.5654117237759],[-81.2549261214234,41.5653351680116],[-81.255032184394,41.5652643076084]]]},"properties":{"source_county":"Geauga","jurisdiction":"Munson Township","parcel_id":"21-082800","owner_name":"HOLY NEIL C","property_address":" MULBERRY RD","property_city":"CHARDON","property_zip":"44024"}},{"type":"Feature","geometry":{"type":"Polygon","coordinates":[[[-81.2553786778323,41.5650328145998],[-81.2558235148543,41.5647356148662],[-81.2566653313725,41.5658515323339],[-81.2559980641305,41.5658538850884],[-81.2553786778323,41.5650328145998]]]},"properties":{"source_county":"Geauga","jurisdiction":"Munson Township","parcel_id":"21-082900","owner_name":"HOLY NEIL C","property_address":" MULBERRY RD","property_city":"CHARDON","property_zip":"44024"}},{"type":"Feature","geometry":{"type":"Polygon","coordinates":[[[-81.2558235148543,41.5647356148662],[-81.2562689052657,41.5644380402649],[-81.257301277946,41.5658492863058],[-81.2566653313725,41.5658515323339],[-81.2558235148543,41.5647356148662]]]},"properties":{"source_county":"Geauga","jurisdiction":"Munson Township","parcel_id":"21-083000","owner_name":"HOLY NEIL C","property_address":"10772 MULBERRY RD","property_city":"CHARDON","property_zip":"44024"}},{"type":"Feature","geometry":{"type":"Polygon","coordinates":[[[-81.259390466243,41.553420256906],[-81.2595985026456,41.5533667159835],[-81.2597706625816,41.5533224086826],[-81.2598061714472,41.5534002643996],[-81.2598340535046,41.5533953184164],[-81.2598626843766,41.5533945534521],[-81.2598909637853,41.5533979989041],[-81.2599178049594,41.5534055223646],[-81.2599421763977,41.5534168347085],[-81.2599631415094,41.5534315012047],[-81.2599798946065,41.5534489582224],[-81.2599917918663,41.5534685348909],[-81.2604369158983,41.5544444479901],[-81.2599184559272,41.5545778741628],[-81.259390466243,41.553420256906]]]},"properties":{"source_county":"Geauga","jurisdiction":"Munson Township","parcel_id":"21-083020","owner_name":"HAMILTON RONALD J & CONNIE S","property_address":"11635 TWIN MILLS LN","property_city":"CHARDON","property_zip":"44024"}},{"type":"Feature","geometry":{"type":"Polygon","coordinates":[[[-81.2537683603481,41.5567263012115],[-81.2547613272886,41.5567164302855],[-81.2545970654533,41.5573962593327],[-81.2544431883822,41.558025782812],[-81.253464241145,41.5580252200859],[-81.2537683603481,41.5567263012115]]]},"properties":{"source_county":"Geauga","jurisdiction":"Munson Township","parcel_id":"21-083150","owner_name":"CEBULAR PHILLIP E & FLORENCE E TRUSTEES","property_address":"10805 NOLLWOOD DR","property_city":"CHARDON","property_zip":"44024"}},{"type":"Feature","geometry":{"type":"Polygon","coordinates":[[[-81.266611040962,41.5671947814015],[-81.2670489851573,41.5664092894485],[-81.267121442969,41.5664301475122],[-81.2671954585728,41.5664476508344],[-81.2672707568669,41.5664617343585],[-81.2673470579815,41.5664723457385],[-81.2674240783189,41.5664794455337],[-81.2675015316078,41.5664830073555],[-81.2675791299675,41.5664830179652],[-81.2676565849782,41.5664794773232],[-81.2677434237883,41.5671920335244],[-81.2677449547349,41.5672046007335],[-81.2675034790138,41.5672056607013],[-81.2668130716134,41.5672086873977],[-81.2666027736674,41.5672096092319],[-81.266611040962,41.5671947814015]]]},"properties":{"source_county":"Geauga","jurisdiction":"Munson Township","parcel_id":"21-083350","owner_name":"BRAZIK WILLIAM S & BONNIE L","property_address":"10424 MEADOWHURST LN","property_city":"CHARDON","property_zip":"44024"}},{"type":"Feature","geometry":{"type":"Polygon","coordinates":[[[-81.2595058618627,41.5552875631894],[-81.2608472560244,41.5549491603149],[-81.2609739565744,41.555048013955],[-81.2610403690857,41.5551032566935],[-81.2611019523984,41.5551615706272],[-81.2611584553946,41.5552227179822],[-81.2612096476693,41.5552864494305],[-81.26125532047,41.5553525051067],[-81.2612952875483,41.5554206156678],[-81.2613293859193,41.555490503391],[-81.2613574765266,41.555561883306],[-81.2595233828368,41.5558911920479],[-81.2595058618627,41.5552875631894]]]},"properties":{"source_county":"Geauga","jurisdiction":"Munson Township","parcel_id":"21-084449","owner_name":"NYZEN RONALD A","property_address":"11595 TWIN MILLS LN","property_city":"CHARDON","property_zip":"44024"}},{"type":"Feature","geometry":{"type":"Polygon","coordinates":[[[-81.2606979215989,41.5579961849901],[-81.2608323596584,41.5579638416337],[-81.2608383978429,41.5579959391704],[-81.2608483309775,41.5580476709813],[-81.2608610096868,41.5580990631562],[-81.2608811375698,41.5581707254832],[-81.2609045825443,41.5582418166108],[-81.2609313160636,41.5583122499454],[-81.260961305575,41.5583819396945],[-81.2610397327186,41.5585454958229],[-81.2596094477989,41.5589346893037],[-81.2593143650758,41.5583290310835],[-81.2606979215989,41.5579961849901]]]},"properties":{"source_county":"Geauga","jurisdiction":"Munson Township","parcel_id":"21-084483","owner_name":"DORKA JENNIFER A TOD","property_address":"11499 TWIN MILLS LN","property_city":"CHARDON","property_zip":"44024"}},{"type":"Feature","geometry":{"type":"Polygon","coordinates":[[[-81.2612618155789,41.5598327229697],[-81.2616472231152,41.5593229920205],[-81.2617065369822,41.5593487253679],[-81.2617680105214,41.5593714199582],[-81.2618313681677,41.5593909740586],[-81.2618963259093,41.5594073000138],[-81.2619625925608,41.5594203246395],[-81.2620298710688,41.5594299895503],[-81.2620978598436,41.5594362514209],[-81.2621662541112,41.5594390821814],[-81.2623408905317,41.560571865988],[-81.2620370035594,41.5602856309142],[-81.2612618155789,41.5598327229697]]]},"properties":{"source_county":"Geauga","jurisdiction":"Munson Township","parcel_id":"21-084486","owner_name":"SNYDER MICHAEL M AKA MICHAEL H & LAURA L","property_address":"11431 TWIN MILLS LN","property_city":"CHARDON","property_zip":"44024"}},{"type":"Feature","geometry":{"type":"Polygon","coordinates":[[[-81.262851057544,41.5591566000502],[-81.2642040618508,41.5594926195972],[-81.2655847192838,41.5605299711119],[-81.2649176484543,41.5606649248017],[-81.2636529156694,41.5609207792253],[-81.2625933192967,41.5593764866827],[-81.2626434309773,41.5593590415743],[-81.2626823734972,41.5593433455328],[-81.2627185205164,41.5593242461724],[-81.2627513474537,41.5593020206724],[-81.2627803779125,41.5592769915801],[-81.2628051905935,41.5592495221294],[-81.2628254254093,41.5592200109694],[-81.2628407887101,41.5591888863786],[-81.262851057544,41.5591566000502]]]},"properties":{"source_county":"Geauga","jurisdiction":"Munson Township","parcel_id":"21-084488","owner_name":"LENK THOMAS RICHARD TOD","property_address":"11404 TWIN MILLS LN","property_city":"CHARDON","property_zip":"44024"}},{"type":"Feature","geometry":{"type":"Polygon","coordinates":[[[-81.2626955759541,41.5588818899929],[-81.2630376407769,41.5585013178792],[-81.2633102881294,41.5585220392839],[-81.2652584692437,41.5584835257684],[-81.266174052497,41.5592002904497],[-81.2663827833387,41.5594694534121],[-81.26638445127,41.5594716043885],[-81.2662679179429,41.5595319289585],[-81.2659250228561,41.559709429817],[-81.2656121530985,41.5598713858884],[-81.2655847192838,41.5605299711119],[-81.2642040618508,41.5594926195972],[-81.262851057544,41.5591566000502],[-81.2628563571834,41.5591173845081],[-81.2628541226857,41.5590780032097],[-81.262844400158,41.5590392685196],[-81.262827390171,41.5590019794628],[-81.2628034436206,41.5589669052421],[-81.2627730544889,41.5589347693713],[-81.262736849653,41.5589062347506],[-81.2626955759541,41.5588818899929]]]},"properties":{"source_county":"Geauga","jurisdiction":"Munson Township","parcel_id":"21-084489","owner_name":"JORDAN RICHARD TOD & MARLENE TOD","property_address":"11430 TWIN MILLS LN","property_city":"CHARDON","property_zip":"44024"}},{"type":"Feature","geometry":{"type":"Polygon","coordinates":[[[-81.2614325263621,41.5588764639867],[-81.2611836354125,41.5583603968819],[-81.2622742187854,41.5584432951499],[-81.2624687503601,41.5584580809161],[-81.2624690161365,41.5584581008581],[-81.2630376407769,41.5585013178792],[-81.2626955759541,41.5588818899929],[-81.2626676304168,41.5588690485164],[-81.2626382654201,41.5588581393509],[-81.2626077171787,41.5588492502504],[-81.2625762314253,41.5588424527196],[-81.2625440614334,41.5588378014383],[-81.2625114659805,41.5588353338214],[-81.2624787072663,41.5588350697189],[-81.262446048804,41.558837011255],[-81.2624458290251,41.5588370314247],[-81.2624138128792,41.5588411265297],[-81.262382407386,41.5588473409216],[-81.2623518606966,41.5588556254975],[-81.2623224141766,41.5588659147964],[-81.262294300499,41.5588781275173],[-81.2622677418053,41.558892167161],[-81.2622429479511,41.5589079227929],[-81.2622201148472,41.5589252699192],[-81.2621994229119,41.5589440714708],[-81.2621810356455,41.5589641788864],[-81.262165098338,41.5589854332861],[-81.2621517369217,41.559007666727],[-81.2621410569753,41.5590307035298],[-81.2621331428902,41.5590543616675],[-81.2621280572031,41.5590784542033],[-81.2621258401023,41.5591027907676],[-81.2621239503989,41.5591194657438],[-81.2621193722064,41.5591358439308],[-81.262112173618,41.5591516817221],[-81.2621024617026,41.5591667435492],[-81.2620903809118,41.5591808053848],[-81.2620761109322,41.5591936580753],[-81.2620598640124,41.5592051104513],[-81.2620418818059,41.5592149921719],[-81.2620224317772,41.5592231562574],[-81.2620018032234,41.5592294812763],[-81.2619803029708,41.559233873151],[-81.261958250812,41.559236266557],[-81.2619359747484,41.5592366258953],[-81.2619138061118,41.5592349458209],[-81.2618920746362,41.5592312513232],[-81.2618711035533,41.5592255973537],[-81.2617974034465,41.5591983948797],[-81.2617277828648,41.5591656868516],[-81.2616629683452,41.5591278146024],[-81.261603636266,41.5590851733566],[-81.2615504057891,41.5590382081063],[-81.261503832398,41.5589874089665],[-81.2614644021014,41.5589333060603],[-81.2614325263621,41.5588764639867]]]},"properties":{"source_county":"Geauga","jurisdiction":"Munson Township","parcel_id":"21-084490","owner_name":"ARNOLD ERIC C & SUSAN L","property_address":"11444 TWIN MILLS LN","property_city":"CHARDON","property_zip":"44024"}},{"type":"Feature","geometry":{"type":"Polygon","coordinates":[[[-81.2634522347708,41.557207139414],[-81.2642466304297,41.5576913802203],[-81.2652584692437,41.5584835257684],[-81.2633102881294,41.5585220392839],[-81.2630906768269,41.5574644920801],[-81.2631248661474,41.5574630680413],[-81.2631587278495,41.5574592462686],[-81.2631919645364,41.5574530603273],[-81.2632242843012,41.5574445645468],[-81.2632554032899,41.5574338335426],[-81.2632850481954,41.5574209615617],[-81.2633129586568,41.5574060616545],[-81.2633388895474,41.5573892646818],[-81.2633626131264,41.5573707181658],[-81.2633839210398,41.557350584994],[-81.2634026261501,41.5573290419889],[-81.2634185641796,41.557306278355],[-81.2634315951537,41.5572824940167],[-81.2634416046293,41.5572578978627],[-81.2634485047007,41.5572327059116],[-81.2634522347708,41.557207139414]]]},"properties":{"source_county":"Geauga","jurisdiction":"Munson Township","parcel_id":"21-084494","owner_name":"NEAL BENJAMIN","property_address":"10554 HEMLOCK RIDGE DR","property_city":"CHARDON","property_zip":"44024"}},{"type":"Feature","geometry":{"type":"Polygon","coordinates":[[[-81.2626031837662,41.5551293215172],[-81.2634695846411,41.5549833141791],[-81.2635740912042,41.5554690597347],[-81.2627897756315,41.5556012313441],[-81.2625844519653,41.5556358308932],[-81.261625326662,41.55579745136],[-81.2616197761154,41.55573584831],[-81.2616104259771,41.555674505074],[-81.2615972964006,41.5556135538033],[-81.2615804156812,41.5555531258045],[-81.2615598201953,41.5554933512568],[-81.2615355543212,41.555434358931],[-81.2615076703441,41.5553762759126],[-81.261476228343,41.5553192273278],[-81.2626031837662,41.5551293215172]]]},"properties":{"source_county":"Geauga","jurisdiction":"Munson Township","parcel_id":"21-084498","owner_name":"SANNITI RACHEL E","property_address":"11588 TWIN MILLS LN","property_city":"CHARDON","property_zip":"44024"}},{"type":"Feature","geometry":{"type":"Polygon","coordinates":[[[-81.2513906330967,41.5623766193992],[-81.2544736576715,41.5619828317375],[-81.2549261405354,41.5620465413558],[-81.2549624639899,41.562051655704],[-81.2546855524013,41.5627937360143],[-81.2546473990502,41.562793723037],[-81.2513673093398,41.5627925511959],[-81.2513906330967,41.5623766193992]]]},"properties":{"source_county":"Geauga","jurisdiction":"Munson Township","parcel_id":"21-085750","owner_name":"OPPENHEIM BRUCE A & CAROL M","property_address":"11367 FOWLERS MILL RD","property_city":"CHARDON","property_zip":"44024"}},{"type":"Feature","geometry":{"type":"Polygon","coordinates":[[[-81.2732651941809,41.5655000284785],[-81.2738750186775,41.5654616935326],[-81.2744192911066,41.5657003613412],[-81.27444992164,41.5657307765391],[-81.2744874975328,41.5657564259958],[-81.2745307289481,41.5657764292587],[-81.2745781319111,41.5657900996877],[-81.2746442403334,41.565804047038],[-81.2737721692418,41.5662418140459],[-81.2737292963924,41.5662017453869],[-81.2732591549127,41.5657623551722],[-81.2730876191652,41.5656020377349],[-81.2729965406348,41.5655169151561],[-81.2732651941809,41.5655000284785]]]},"properties":{"source_county":"Geauga","jurisdiction":"Munson Township","parcel_id":"21-086937","owner_name":"ROSBORIL JOSEPH J","property_address":"11201 HIDDEN SPRINGS DR","property_city":"CHARDON","property_zip":"44024"}},{"type":"Feature","geometry":{"type":"Polygon","coordinates":[[[-81.2726547974143,41.5665224148545],[-81.2730518613267,41.5665689336748],[-81.2732429696329,41.5664653493231],[-81.2737292963924,41.5662017453869],[-81.2737721692418,41.5662418140459],[-81.2744975477325,41.5669197292192],[-81.2734200349638,41.5669189928708],[-81.2732338676937,41.5668606415479],[-81.2727455191566,41.5667075750384],[-81.2727484162589,41.5666819642339],[-81.272747040656,41.5666562819462],[-81.2727414138029,41.5666309286477],[-81.2727316234459,41.5666062996806],[-81.2727178222537,41.5665827790919],[-81.2727002254362,41.5665607336447],[-81.272679107389,41.5665405070997],[-81.2726547974143,41.5665224148545]]]},"properties":{"source_county":"Geauga","jurisdiction":"Munson Township","parcel_id":"21-086951","owner_name":"BRENNAN MARY A TOD","property_address":"11230 HIGHLAND VIEW DR","property_city":"CHARDON","property_zip":"44024"}},{"type":"Feature","geometry":{"type":"Polygon","coordinates":[[[-81.2680260345707,41.5641784151132],[-81.2680283666594,41.5641123738921],[-81.2680285926307,41.5641124078066],[-81.2697025614602,41.5643617644746],[-81.2699935612387,41.5644051098193],[-81.2699503803187,41.5645686281588],[-81.2699420197749,41.5646025248257],[-81.2699258178187,41.5646867196445],[-81.2699172334824,41.5647715445604],[-81.2696909519872,41.5647632337941],[-81.2693696708407,41.5647514322823],[-81.2680218972533,41.5642955541718],[-81.2680260345707,41.5641784151132]]]},"properties":{"source_county":"Geauga","jurisdiction":"Munson Township","parcel_id":"21-086961","owner_name":"POWELL SETH N & JENNA R","property_address":"11291 HIGHLAND VIEW DR","property_city":"CHARDON","property_zip":"44024"}},{"type":"Feature","geometry":{"type":"Polygon","coordinates":[[[-81.2658771148969,41.5671965568764],[-81.2664253912584,41.5662131927544],[-81.2670489851573,41.5664092894485],[-81.266611040962,41.5671947814015],[-81.2666027736674,41.5672096092319],[-81.2660638172133,41.5672119680712],[-81.265868044511,41.5672128250025],[-81.2658771148969,41.5671965568764]]]},"properties":{"source_county":"Geauga","jurisdiction":"Munson Township","parcel_id":"21-086966","owner_name":"COOPER DANIEL","property_address":"10430 MEADOWHURST LN","property_city":"CHARDON","property_zip":"44024"}},{"type":"Feature","geometry":{"type":"Polygon","coordinates":[[[-81.265840746936,41.5660915895997],[-81.2659093779993,41.5660985961266],[-81.2659776403597,41.5661074029374],[-81.2660454503179,41.5661179992337],[-81.2661127247294,41.5661303720229],[-81.2661793811064,41.5661445061344],[-81.2662453377184,41.5661603842377],[-81.2663105136931,41.5661779868641],[-81.2663748291149,41.5661972924303],[-81.2664253912584,41.5662131927544],[-81.2658771148969,41.5671965568764],[-81.265868044511,41.5672128250025],[-81.2658574855997,41.5671966039994],[-81.2651570787417,41.5661205642227],[-81.2652412350564,41.5661071857932],[-81.2653260862999,41.5660965679956],[-81.2654114719951,41.5660887309111],[-81.2654972306541,41.5660836893618],[-81.265583200084,41.5660814528825],[-81.2656692176933,41.5660820257032],[-81.2657551207993,41.5660854067404],[-81.265840746936,41.5660915895997]]]},"properties":{"source_county":"Geauga","jurisdiction":"Munson Township","parcel_id":"21-086967","owner_name":"COOPER DANIEL","property_address":"10444 MEADOWHURST LN","property_city":"CHARDON","property_zip":"44024"}},{"type":"Feature","geometry":{"type":"Polygon","coordinates":[[[-81.2629314803078,41.56720447013],[-81.2640395207614,41.5663468334589],[-81.2640669499613,41.5663622264019],[-81.2640967207904,41.5663749306449],[-81.2641283685695,41.5663847478927],[-81.264161399322,41.5663915249118],[-81.2641952974845,41.5663951559225],[-81.2642295339542,41.5663955842498],[-81.2642635743475,41.5663928032082],[-81.2642968873415,41.5663868562057],[-81.2641652866582,41.5672009042183],[-81.2641621549635,41.5672202736562],[-81.263980849937,41.5672210634591],[-81.2629039858421,41.5672257510702],[-81.2629314803078,41.56720447013]]]},"properties":{"source_county":"Geauga","jurisdiction":"Munson Township","parcel_id":"21-086970","owner_name":"MODIC MATTHEW J & LISA M","property_address":"10474 MEADOWHURST LN","property_city":"CHARDON","property_zip":"44024"}},{"type":"Feature","geometry":{"type":"Polygon","coordinates":[[[-81.2629374278856,41.5662210631048],[-81.2639453407628,41.56616256588],[-81.2639429105869,41.5661882152719],[-81.2639447577707,41.5662138920664],[-81.2639508534894,41.5662391955157],[-81.2639611026095,41.5662637306987],[-81.2639753451733,41.5662871146845],[-81.2639933588949,41.5663089825088],[-81.2640148626296,41.5663289928706],[-81.2640395207614,41.5663468334589],[-81.2629314803078,41.56720447013],[-81.2629039858421,41.5672257510702],[-81.2628871761972,41.5672258241277],[-81.2629039714071,41.5668900092165],[-81.2629374278856,41.5662210631048]]]},"properties":{"source_county":"Geauga","jurisdiction":"Munson Township","parcel_id":"21-086971","owner_name":"TRIPEPI CARLA J & LOOS BRETT","property_address":"10476 MEADOWHURST LN","property_city":"CHARDON","property_zip":"44024"}},{"type":"Feature","geometry":{"type":"Polygon","coordinates":[[[-81.2629538427828,41.5658928504381],[-81.262988123355,41.565207388056],[-81.2629884001435,41.5652075882111],[-81.2640927303379,41.5660065027744],[-81.2640641861222,41.566019089185],[-81.2640378704763,41.5660341681363],[-81.2640141672551,41.5660515196793],[-81.2639934222079,41.5660708907156],[-81.2639759379355,41.566091998689],[-81.2639619694762,41.5661145357075],[-81.2639517205852,41.5661381730336],[-81.2639453407628,41.56616256588],[-81.2629374278856,41.5662210631048],[-81.2629538427828,41.5658928504381]]]},"properties":{"source_county":"Geauga","jurisdiction":"Munson Township","parcel_id":"21-086972","owner_name":"SAFI SUZAN & SAKBANI FERAS","property_address":"10480 MEADOWHURST LN","property_city":"CHARDON","property_zip":"44024"}},{"type":"Feature","geometry":{"type":"Polygon","coordinates":[[[-81.2640927303379,41.5660065027744],[-81.2629884001435,41.5652075882111],[-81.262988123355,41.565207388056],[-81.26298841123,41.5652073821178],[-81.2637186687543,41.5651916573531],[-81.2639807076678,41.5651860138174],[-81.2641704011901,41.5651819275219],[-81.2641704287035,41.5651819944507],[-81.2645281235266,41.5660548518359],[-81.2644915800312,41.5660576679045],[-81.2644551159504,41.5660543212106],[-81.2644205509545,41.5660449787645],[-81.2643896099421,41.566030106783],[-81.2643572791679,41.5660131567455],[-81.264322044418,41.5659998662475],[-81.2642846349547,41.5659905103651],[-81.2642458250497,41.5659852827388],[-81.2642064179588,41.5659842915659],[-81.2641672292979,41.5659875573607],[-81.2641290701618,41.5659950125306],[-81.2640927303379,41.5660065027744]]]},"properties":{"source_county":"Geauga","jurisdiction":"Munson Township","parcel_id":"21-086973","owner_name":"TERRANOVA ANTONETTE M","property_address":"10471 MEADOWHURST LN","property_city":"CHARDON","property_zip":"44024"}},{"type":"Feature","geometry":{"type":"Polygon","coordinates":[[[-81.2660372703715,41.5651393061741],[-81.2669807425121,41.5651105137],[-81.2669613371157,41.5651453212383],[-81.2668113809363,41.5654142888166],[-81.2664595115158,41.5660454057076],[-81.2663247981805,41.5660067690487],[-81.2661870020939,41.5659748479504],[-81.2660467160811,41.5659497797427],[-81.2659045436772,41.5659316722731],[-81.2660372703715,41.5651393061741]]]},"properties":{"source_county":"Geauga","jurisdiction":"Munson Township","parcel_id":"21-086976","owner_name":"YONOSIK BRIAN R","property_address":"10441 MEADOWHURST LN","property_city":"CHARDON","property_zip":"44024"}},{"type":"Feature","geometry":{"type":"Polygon","coordinates":[[[-81.2668113809363,41.5654142888166],[-81.2669613371157,41.5651453212383],[-81.268465580244,41.5659085237004],[-81.2684367529166,41.5659435521179],[-81.2683959312678,41.5659894885095],[-81.268350942316,41.5660331744276],[-81.2683020052369,41.5660743970365],[-81.268249358443,41.5661129555013],[-81.2681932584215,41.5661486619666],[-81.268133978485,41.5661813424712],[-81.2680718074401,41.5662108377963],[-81.26800704818,41.566237004241],[-81.2668113809363,41.5654142888166]]]},"properties":{"source_county":"Geauga","jurisdiction":"Munson Township","parcel_id":"21-086978","owner_name":"KUKWA JOHN L & KAREN A & LAUREN R TRUSTEES","property_address":"10411 MEADOWHURST LN","property_city":"CHARDON","property_zip":"44024"}},{"type":"Feature","geometry":{"type":"Polygon","coordinates":[[[-81.2652628231493,41.5672154699973],[-81.2653329096735,41.5672151643347],[-81.2652182287191,41.5698933891327],[-81.2645056082347,41.5698954566378],[-81.2645788306303,41.5681874704801],[-81.2646203945882,41.5672182752186],[-81.2652628231493,41.5672154699973]]]},"properties":{"source_county":"Geauga","jurisdiction":"Munson Township","parcel_id":"21-087500","owner_name":"JESENKO FRANK & EMILIJA","property_address":"10519 THWING RD","property_city":"CHARDON","property_zip":"44024"}},{"type":"Feature","geometry":{"type":"Polygon","coordinates":[[[-81.2623408905317,41.560571865988],[-81.2621662541112,41.5594390821814],[-81.2622277553517,41.55943869428],[-81.2622891138389,41.5594355249631],[-81.2623501067949,41.5594295857378],[-81.2624105127689,41.5594208981678],[-81.2624106583176,41.5594208727045],[-81.2625033834474,41.5594019174422],[-81.2625933192967,41.5593764866827],[-81.2636529156694,41.5609207792253],[-81.2634467270069,41.5609624895573],[-81.263435573899,41.5609647453665],[-81.2628724148141,41.5611133782794],[-81.2622984628604,41.5612648560404],[-81.2623408905317,41.560571865988]]]},"properties":{"source_county":"Geauga","jurisdiction":"Munson Township","parcel_id":"21-088800","owner_name":"PAYNE FRANCIS MICHAEL III TRUSTEE","property_address":"11423 TWIN MILLS LN","property_city":"CHARDON","property_zip":"44024"}},{"type":"Feature","geometry":{"type":"Polygon","coordinates":[[[-81.2546473990502,41.562793723037],[-81.2546855524013,41.5627937360143],[-81.2544283443167,41.563482997156],[-81.254390339036,41.5634828686234],[-81.2513881320043,41.5634726829023],[-81.2513673093398,41.5627925511959],[-81.2546473990502,41.562793723037]]]},"properties":{"source_county":"Geauga","jurisdiction":"Munson Township","parcel_id":"21-093800","owner_name":"OPPENHEIM BRUCE & CAROL","property_address":"11331 FOWLERS MILL RD","property_city":"CHARDON","property_zip":"44024"}},{"type":"Feature","geometry":{"type":"Polygon","coordinates":[[[-81.2680158605931,41.5644664987257],[-81.2680218972533,41.5642955541718],[-81.2693696708407,41.5647514322823],[-81.2696909519872,41.5647632337941],[-81.2699172334824,41.5647715445604],[-81.2699146573416,41.5648472965905],[-81.2699183021154,41.564923023865],[-81.2699238175723,41.5649772239872],[-81.2699226937142,41.5649962602854],[-81.2699172037227,41.565014863857],[-81.2699075130023,41.5650324741951],[-81.2698939135215,41.5650485607175],[-81.2698768150172,41.5650626387525],[-81.269856732649,41.5650742841424],[-81.2698342714789,41.5650831460222],[-81.2698101082409,41.5650889573914],[-81.2696808952053,41.5651110163544],[-81.2696104235308,41.5651245046289],[-81.2695408386321,41.5651403787487],[-81.2694722836343,41.5651586060633],[-81.2694048995441,41.5651791490823],[-81.2693388249605,41.5652019655521],[-81.2692741957893,41.5652270085429],[-81.2692111449638,41.5652542265454],[-81.2691498021715,41.5652835635765],[-81.2687478387236,41.5648251412812],[-81.2680158605931,41.5644664987257]]]},"properties":{"source_county":"Geauga","jurisdiction":"Munson Township","parcel_id":"21-094100","owner_name":"WATTS KYLE ALAN & WEBER KALLI TESS","property_address":"10399 MEADOWHURST LN","property_city":"CHARDON","property_zip":"44024"}},{"type":"Feature","geometry":{"type":"Polygon","coordinates":[[[-81.2599334972363,41.5595997892549],[-81.257922601369,41.5591782161194],[-81.2578042529329,41.5594953233179],[-81.2560888774607,41.5591356670344],[-81.2560533599381,41.5591282203796],[-81.2561026717847,41.5589960930903],[-81.2561381940188,41.559003540682],[-81.2577480099472,41.5593410648516],[-81.2580049501708,41.5586525999509],[-81.2596389093881,41.5589951593943],[-81.2599334972363,41.5595997892549]]]},"properties":{"source_county":"Geauga","jurisdiction":"Munson Township","parcel_id":"21-095320","owner_name":"COYNE GEORGEAN","property_address":"11472 FOWLERS MILL RD","property_city":"CHARDON","property_zip":"44024"}},{"type":"Feature","geometry":{"type":"Polygon","coordinates":[[[-81.252985486422,41.5690035930098],[-81.2530061732915,41.5685784908573],[-81.2530426394427,41.5685812687254],[-81.2548778048265,41.5687210409396],[-81.2548729056659,41.5689303569597],[-81.2548692139141,41.5690878313925],[-81.2530220453106,41.5690052282589],[-81.252985486422,41.5690035930098]]]},"properties":{"source_county":"Geauga","jurisdiction":"Munson Township","parcel_id":"21-095800","owner_name":"ELLASON HARLIE D TOD & LINDA L TOD","property_address":"11140 FOWLERS MILL RD","property_city":"CHARDON","property_zip":"44024"}},{"type":"Feature","geometry":{"type":"Polygon","coordinates":[[[-81.2687302598376,41.5545345966121],[-81.2687732899928,41.5532597165149],[-81.2689737001374,41.5532635598257],[-81.2690467473877,41.553264960183],[-81.2691229453636,41.5510220257245],[-81.2693779640959,41.5509622289543],[-81.2697919193962,41.5508651652445],[-81.2699557979966,41.5507896288668],[-81.269951087711,41.5512182336453],[-81.269909601984,41.5549896950712],[-81.2698962346234,41.5562049299286],[-81.2698890107053,41.5568615748266],[-81.2698879658989,41.5569566012546],[-81.2698798899789,41.5576907815677],[-81.269879860716,41.5576934250895],[-81.2698622779167,41.558365081811],[-81.2690431914168,41.5583632157695],[-81.2686010602683,41.5583622069179],[-81.2687302598376,41.5545345966121]]]},"properties":{"source_county":"Geauga","jurisdiction":"Munson Township","parcel_id":"21-096600","owner_name":"NEMASTIL NICHOLAS F","property_address":"10390 WILSON MILLS RD","property_city":"CHARDON","property_zip":"44024"}},{"type":"Feature","geometry":{"type":"Polygon","coordinates":[[[-81.2680926275183,41.5663888605365],[-81.2682114982066,41.5665743284312],[-81.2690589223641,41.5671887746073],[-81.2690726987212,41.5671987638413],[-81.2689216602444,41.5671994292377],[-81.2681938947589,41.5672026290892],[-81.2677449547349,41.5672046007335],[-81.2677434237883,41.5671920335244],[-81.2676565849782,41.5664794773232],[-81.2677130693666,41.5664746366838],[-81.2677692095896,41.5664679066368],[-81.2678248936472,41.5664593006089],[-81.2678800104498,41.5664488357691],[-81.2679344500396,41.5664365329946],[-81.2679881038098,41.5664224168297],[-81.2680408647218,41.5664065154359],[-81.2680926275183,41.5663888605365]]]},"properties":{"source_county":"Geauga","jurisdiction":"Munson Township","parcel_id":"21-097040","owner_name":"BESTGEN BRETT & ASHLEY N","property_address":"10420 MEADOWHURST LN","property_city":"CHARDON","property_zip":"44024"}},{"type":"Feature","geometry":{"type":"Polygon","coordinates":[[[-81.259946997431,41.5600870139929],[-81.2560395606865,41.5592677942605],[-81.2560040503754,41.5592603431665],[-81.2560533599381,41.5591282203796],[-81.2560888774607,41.5591356670344],[-81.2578042529329,41.5594953233179],[-81.257922601369,41.5591782161194],[-81.2599334972363,41.5595997892549],[-81.2599357026677,41.5596043152522],[-81.2600926669499,41.559926472708],[-81.2599897790344,41.5600398647644],[-81.259946997431,41.5600870139929]]]},"properties":{"source_county":"Geauga","jurisdiction":"Munson Township","parcel_id":"21-097050","owner_name":"ROCHE DEBORAH P & TIMOTHY G","property_address":"11468 FOWLERS MILL RD","property_city":"CHARDON","property_zip":"44024"}},{"type":"Feature","geometry":{"type":"Polygon","coordinates":[[[-81.2664243174452,41.5537725280569],[-81.2664925405835,41.5517537563108],[-81.266493520091,41.5517247826482],[-81.2664964579014,41.5516378355371],[-81.2665517057594,41.5516248854606],[-81.2665487680397,41.5517118316731],[-81.2665477885908,41.5517408035357],[-81.2664838733437,41.5536323062847],[-81.2670576268633,41.5534977929992],[-81.2676313792254,41.5533632768853],[-81.2682051280327,41.5532287579176],[-81.2687788756993,41.5530942352213],[-81.2687732899928,41.5532597165149],[-81.2687302598376,41.5545345966121],[-81.2675614764889,41.5545123298294],[-81.2664243174452,41.5537725280569]]]},"properties":{"source_county":"Geauga","jurisdiction":"Munson Township","parcel_id":"21-097080","owner_name":"KASSOUF JAMES","property_address":"10440 WILSON MILLS RD","property_city":"CHARDON","property_zip":"44024"}},{"type":"Feature","geometry":{"type":"Polygon","coordinates":[[[-81.2537985310579,41.5655911996496],[-81.2545889664908,41.5654117237759],[-81.2549450290708,41.565857590512],[-81.2549370043034,41.5661993700339],[-81.2536854957088,41.5659830647044],[-81.2536503706253,41.5659769930229],[-81.2537591686159,41.5656001368773],[-81.2537985310579,41.5655911996496]]]},"properties":{"source_county":"Geauga","jurisdiction":"Munson Township","parcel_id":"21-097750","owner_name":"HUNTLEY LINDSEY ANN","property_address":"10790 MULBERRY RD","property_city":"CHARDON","property_zip":"44024"}},{"type":"Feature","geometry":{"type":"Polygon","coordinates":[[[-81.2513906330967,41.5623766193992],[-81.251432078839,41.5616375203323],[-81.2551472748921,41.5614541683663],[-81.2551861307786,41.561452249967],[-81.2549624639899,41.562051655704],[-81.2549261405354,41.5620465413558],[-81.2544736576715,41.5619828317375],[-81.2513906330967,41.5623766193992]]]},"properties":{"source_county":"Geauga","jurisdiction":"Munson Township","parcel_id":"21-098000","owner_name":"OPPENHEIM BRUCE A & CAROL M","property_address":" FOWLERS MILL RD","property_city":"CHARDON","property_zip":"44024"}},{"type":"Feature","geometry":{"type":"Polygon","coordinates":[[[-81.2520626231473,41.5596774650771],[-81.2525950599228,41.5596753413588],[-81.2523132888337,41.5604224027971],[-81.2517292257531,41.560455186656],[-81.2515114567327,41.5610418356824],[-81.2514573013557,41.5611877251774],[-81.2500409272622,41.5611870158839],[-81.2508335341895,41.5598788018895],[-81.2520626231473,41.5596774650771]]]},"properties":{"source_county":"Geauga","jurisdiction":"Munson Township","parcel_id":"21-098300","owner_name":"SCHOTT MICHAEL EUGENE TOD","property_address":"10870 CHIPPENDALE CT","property_city":"CHARDON","property_zip":"44024"}},{"type":"Feature","geometry":{"type":"Polygon","coordinates":[[[-81.2503920578399,41.5541001603886],[-81.251402331763,41.5541048109879],[-81.2514123604239,41.5547265667615],[-81.2514210640729,41.5552661428459],[-81.2502644796362,41.5552608173839],[-81.2502739649684,41.5540996159669],[-81.2503920578399,41.5541001603886]]]},"properties":{"source_county":"Geauga","jurisdiction":"Munson Township","parcel_id":"21-098410","owner_name":"SPEAR GREGORY A & ESTELLE K","property_address":"10874 WILSON MILLS RD","property_city":"CHARDON","property_zip":"44024"}},{"type":"Feature","geometry":{"type":"Polygon","coordinates":[[[-81.2697875717654,41.5666802301077],[-81.2704323608898,41.5658046153332],[-81.2704813830859,41.5658416789607],[-81.2705322526712,41.5658773108182],[-81.2705848955594,41.5659114590094],[-81.2706392350812,41.5659440737992],[-81.2706951920959,41.5659751076855],[-81.2707526851066,41.5660045154687],[-81.2708116303788,41.5660322543177],[-81.2708719420628,41.5660582838317],[-81.2700323783416,41.5671984005241],[-81.2700269459961,41.5672057782892],[-81.2699210328132,41.5672030418493],[-81.2699190592779,41.5671953118926],[-81.2697875717654,41.5666802301077]]]},"properties":{"source_county":"Geauga","jurisdiction":"Munson Township","parcel_id":"21-099130","owner_name":"GRAIR ANNETTE MALONE","property_address":"11271 HIGHLAND VIEW DR","property_city":"CHARDON","property_zip":"44024"}},{"type":"Feature","geometry":{"type":"Polygon","coordinates":[[[-81.2746294827512,41.566062384423],[-81.2749502959694,41.5658686163558],[-81.2750179129582,41.5658828819692],[-81.2751373056719,41.5659051322172],[-81.2752585265245,41.5659208477477],[-81.2752165981318,41.5661424271763],[-81.2753951210993,41.567289410814],[-81.274892758892,41.5672890727562],[-81.2748080852244,41.5672099417503],[-81.2746294827512,41.566062384423]]]},"properties":{"source_county":"Geauga","jurisdiction":"Munson Township","parcel_id":"21-099150","owner_name":"BANDELOW ROBERT E III & ROSEANN M","property_address":" HIDDEN SPRINGS DR","property_city":"CHARDON","property_zip":"44024"}},{"type":"Feature","geometry":{"type":"Polygon","coordinates":[[[-81.2659250228561,41.559709429817],[-81.2662679179429,41.5595319289585],[-81.2663746036708,41.5639424513065],[-81.2657388271423,41.5639556193037],[-81.2655527314628,41.5639594735253],[-81.2655270364213,41.5628969556612],[-81.266001887497,41.5628871215644],[-81.2659250228561,41.559709429817]]]},"properties":{"source_county":"Geauga","jurisdiction":"Munson Township","parcel_id":"21-099200","owner_name":"LUCAS TYLER A & CAYLEE R","property_address":"10495 MULBERRY RD","property_city":"CHARDON","property_zip":"44024"}},{"type":"Feature","geometry":{"type":"Polygon","coordinates":[[[-81.2528644980419,41.560391459426],[-81.2528549169566,41.5602819191343],[-81.2534116096671,41.5602544449329],[-81.2541406357758,41.5603284744615],[-81.2555942762113,41.5602567117014],[-81.2556329429596,41.560254802839],[-81.2554110895158,41.5608493735829],[-81.2553723275939,41.5608512876582],[-81.2515114567327,41.5610418356824],[-81.2517292257531,41.560455186656],[-81.2523132888337,41.5604224027971],[-81.2528644980419,41.560391459426]]]},"properties":{"source_county":"Geauga","jurisdiction":"Munson Township","parcel_id":"21-099300","owner_name":"MARTIN BRANDON J TRUSTEE","property_address":"11445 FOWLERS MILL RD","property_city":"CHARDON","property_zip":"44024"}},{"type":"Feature","geometry":{"type":"Polygon","coordinates":[[[-81.2514807155284,41.5679891812169],[-81.2519594782456,41.566326433761],[-81.2527038367692,41.5663382486532],[-81.2522086958319,41.5680579462937],[-81.2514471874477,41.5686642483471],[-81.2514807155284,41.5679891812169]]]},"properties":{"source_county":"Geauga","jurisdiction":"Munson Township","parcel_id":"21-100700","owner_name":"LLGC LLC","property_address":" AUBURN RD","property_city":"CHARDON","property_zip":"44024"}},{"type":"Feature","geometry":{"type":"Polygon","coordinates":[[[-81.266453869579,41.5504638246528],[-81.2669769927039,41.5503411763925],[-81.2669367042431,41.5515346218712],[-81.2665517057594,41.5516248854606],[-81.2664964579014,41.5516378355371],[-81.2664412159634,41.5516507883519],[-81.2664135714963,41.5516572708032],[-81.2664412900754,41.5508363705915],[-81.266453869579,41.5504638246528]]]},"properties":{"source_county":"Geauga","jurisdiction":"Munson Township","parcel_id":"21-100890","owner_name":"REINKER JEFFREY E & MOLDOVAN BARBARA J","property_address":"10465 WILSON MILLS RD","property_city":"CHARDON","property_zip":"44024"}},{"type":"Feature","geometry":{"type":"Polygon","coordinates":[[[-81.2742077407556,41.5635108879749],[-81.2743174149163,41.5635039683449],[-81.2744503070569,41.5646962442076],[-81.2741112028222,41.5647175762008],[-81.2739040883,41.5647305968719],[-81.2737712190359,41.5635384263418],[-81.2742077407556,41.5635108879749]]]},"properties":{"source_county":"Geauga","jurisdiction":"Munson Township","parcel_id":"21-101480","owner_name":"LEWIS DIANA E TOD","property_address":"10270 MULBERRY RD","property_city":"CHARDON","property_zip":"44024"}},{"type":"Feature","geometry":{"type":"Polygon","coordinates":[[[-81.2700323783416,41.5671984005241],[-81.2708719420628,41.5660582838317],[-81.2709539586298,41.5660906714419],[-81.2710383319437,41.5661194427159],[-81.2714337794092,41.5662468351697],[-81.2705454109768,41.5672123843625],[-81.270539310458,41.5672190148782],[-81.2700269459961,41.5672057782892],[-81.2700323783416,41.5671984005241]]]},"properties":{"source_county":"Geauga","jurisdiction":"Munson Township","parcel_id":"21-101720","owner_name":"LIEDTKE DONNA R TOD","property_address":"11261 HIGHLAND VIEW DR","property_city":"CHARDON","property_zip":"44024"}},{"type":"Feature","geometry":{"type":"Polygon","coordinates":[[[-81.2570447725269,41.5630039113484],[-81.256749427986,41.5623387997174],[-81.2582510882566,41.5623553879666],[-81.2586689270705,41.5614955185149],[-81.2591865965596,41.560925026372],[-81.2595123111627,41.5605660699514],[-81.259946997431,41.5600870139929],[-81.2599897790344,41.5600398647644],[-81.2612618155789,41.5598327229697],[-81.2620370035594,41.5602856309142],[-81.2623408905317,41.560571865988],[-81.2622984628604,41.5612648560404],[-81.2621811778898,41.5631804411489],[-81.2621291322221,41.5640303144634],[-81.262040516179,41.5640321468445],[-81.261714404884,41.5640045744113],[-81.2612412355607,41.5639645670435],[-81.2610924511384,41.5639519865522],[-81.2605477502942,41.5639059272691],[-81.2599464047979,41.5638550759472],[-81.2593727005787,41.5638065582345],[-81.2591835338665,41.5627506449571],[-81.2587350676809,41.5627961737286],[-81.2585726771264,41.56336625103],[-81.2588436484661,41.5639142029547],[-81.2587818709595,41.5639267725754],[-81.2578794311274,41.5641103834714],[-81.2578405620751,41.5641182917884],[-81.2570447725269,41.5630039113484]]]},"properties":{"source_county":"Geauga","jurisdiction":"Munson Township","parcel_id":"21-102100","owner_name":"HENRY ANDREW R & KRISTEN S","property_address":"10605 MULBERRY RD","property_city":"CHARDON","property_zip":"44024"}},{"type":"Feature","geometry":{"type":"Polygon","coordinates":[[[-81.2596094477989,41.5589346893037],[-81.2610397327186,41.5585454958229],[-81.2612264017216,41.558932547334],[-81.2612511174702,41.5589790114582],[-81.2612798063424,41.5590241691037],[-81.2599357026677,41.5596043152522],[-81.2599334972363,41.5595997892549],[-81.2596389093881,41.5589951593943],[-81.2596094477989,41.5589346893037]]]},"properties":{"source_county":"Geauga","jurisdiction":"Munson Township","parcel_id":"21-102200","owner_name":"ROCHE MICHAEL J TOD","property_address":"11487 TWIN MILLS LN","property_city":"CHARDON","property_zip":"44024"}},{"type":"Feature","geometry":{"type":"Polygon","coordinates":[[[-81.2626243222154,41.5545577115929],[-81.2633588372888,41.5544685530238],[-81.2634695846411,41.5549833141791],[-81.2626031837662,41.5551293215172],[-81.261476228343,41.5553192273278],[-81.26144735778,41.5552725656906],[-81.2614161064929,41.5552267775904],[-81.2613825212405,41.5551819315292],[-81.261346652273,41.5551380945994],[-81.2613085532572,41.5550953323837],[-81.2612682811952,41.5550537088565],[-81.2612258963404,41.5550132862889],[-81.2611814621064,41.554974125155],[-81.2621138987991,41.5546196667555],[-81.2626243222154,41.5545577115929]]]},"properties":{"source_county":"Geauga","jurisdiction":"Munson Township","parcel_id":"21-102300","owner_name":"CULLITON DANIEL T & NANCIE B","property_address":"11600 TWIN MILLS LN","property_city":"CHARDON","property_zip":"44024"}},{"type":"Feature","geometry":{"type":"Polygon","coordinates":[[[-81.2625158530621,41.5574907187728],[-81.2627818018127,41.5573403024124],[-81.262809125592,41.5573677635103],[-81.2628407943573,41.5573924516041],[-81.2628763139301,41.5574139814423],[-81.2629151300391,41.5574320170569],[-81.26295663697,41.5574462770062],[-81.2630001870174,41.5574565387666],[-81.2630451005921,41.5574626422056],[-81.2630906768269,41.5574644920801],[-81.2633102881294,41.5585220392839],[-81.2630376407769,41.5585013178792],[-81.2624690161365,41.5584581008581],[-81.2624687503601,41.5584580809161],[-81.2622742187854,41.5584432951499],[-81.2622642791902,41.5579934347201],[-81.2622564130131,41.557637452479],[-81.2625158530621,41.5574907187728]]]},"properties":{"source_county":"Geauga","jurisdiction":"Munson Township","parcel_id":"21-102580","owner_name":"BURFORD CRAIG E & CECILIA","property_address":"10576 HEMLOCK RIDGE DR","property_city":"CHARDON","property_zip":"44024"}},{"type":"Feature","geometry":{"type":"Polygon","coordinates":[[[-81.2555115916089,41.5524771182554],[-81.2566075505383,41.5524822667833],[-81.2566192826957,41.5531324434359],[-81.2555232960918,41.5531272957403],[-81.2555115916089,41.5524771182554]]]},"properties":{"source_county":"Geauga","jurisdiction":"Munson Township","parcel_id":"21-103750","owner_name":"MIKLAVCIC ROBERT A","property_address":" FOWLERS MILL RD","property_city":"CHARDON","property_zip":"44024"}},{"type":"Feature","geometry":{"type":"Polygon","coordinates":[[[-81.25358526113,41.5518694640764],[-81.2565967486528,41.551883637776],[-81.2565976472609,41.5519334310641],[-81.2555016483397,41.5519282837157],[-81.2555115916089,41.5524771182554],[-81.2545531110415,41.5524726076287],[-81.2535957933572,41.5524680925677],[-81.25358526113,41.5518694640764]]]},"properties":{"source_county":"Geauga","jurisdiction":"Munson Township","parcel_id":"21-103800","owner_name":"MIKLAVCIC ROBERT A","property_address":" FOWLERS MILL RD","property_city":"CHARDON","property_zip":"44024"}},{"type":"Feature","geometry":{"type":"Polygon","coordinates":[[[-81.2555016483397,41.5519282837157],[-81.2565976472609,41.5519334310641],[-81.2566075505383,41.5524822667833],[-81.2555115916089,41.5524771182554],[-81.2555016483397,41.5519282837157]]]},"properties":{"source_county":"Geauga","jurisdiction":"Munson Township","parcel_id":"21-103900","owner_name":"MIKLAVCIC ROBERT A","property_address":"11711 FOWLERS MILL RD","property_city":"CHARDON","property_zip":"44024"}},{"type":"Feature","geometry":{"type":"Polygon","coordinates":[[[-81.2629084889793,41.5640141971366],[-81.2629567908342,41.5631642008468],[-81.2627556372635,41.5631684133281],[-81.2628724148141,41.5611133782794],[-81.263435573899,41.5609647453665],[-81.2634467270069,41.5609624895573],[-81.2632737660386,41.5640066411406],[-81.2630479392205,41.5640113126569],[-81.2629084889793,41.5640141971366]]]},"properties":{"source_county":"Geauga","jurisdiction":"Munson Township","parcel_id":"21-104100","owner_name":"HENRY ANDREW R & KRISTEN S","property_address":" MULBERRY RD","property_city":"CHARDON","property_zip":"44024"}},{"type":"Feature","geometry":{"type":"Polygon","coordinates":[[[-81.2622984628604,41.5612648560404],[-81.2628724148141,41.5611133782794],[-81.2627556372635,41.5631684133281],[-81.2621811778898,41.5631804411489],[-81.2622984628604,41.5612648560404]]]},"properties":{"source_county":"Geauga","jurisdiction":"Munson Township","parcel_id":"21-104200","owner_name":"HENRY ANDREW R & KRISTEN S","property_address":" MULBERRY RD","property_city":"CHARDON","property_zip":"44024"}},{"type":"Feature","geometry":{"type":"Polygon","coordinates":[[[-81.2652152072651,41.565943206702],[-81.2650269302933,41.5651634852469],[-81.265032671274,41.5651633517988],[-81.2655210335723,41.5651528275435],[-81.2657586864038,41.5651477050702],[-81.2657699280965,41.5651474625622],[-81.2660372703715,41.5651393061741],[-81.2659045436772,41.5659316722731],[-81.2658185802568,41.5659241819727],[-81.2657322909263,41.5659192382817],[-81.2656458093859,41.56591684886],[-81.2655592696337,41.5659170174099],[-81.265472805758,41.5659197436702],[-81.2653865517296,41.5659250234167],[-81.2653006411941,41.5659328484688],[-81.2652152072651,41.565943206702]]]},"properties":{"source_county":"Geauga","jurisdiction":"Munson Township","parcel_id":"21-104650","owner_name":"EVANS FAY A","property_address":"10431 MEADOWHURST LN","property_city":"CHARDON","property_zip":"44024"}},{"type":"Feature","geometry":{"type":"Polygon","coordinates":[[[-81.2684562546485,41.5661914951081],[-81.26962514013,41.5670390219846],[-81.2696549724955,41.567060651646],[-81.2696559672529,41.5671881402432],[-81.2696560305549,41.5671961957519],[-81.269620467486,41.5671963520394],[-81.2690726987212,41.5671987638413],[-81.2690589223641,41.5671887746073],[-81.2682114982066,41.5665743284312],[-81.2680926275183,41.5663888605365],[-81.2681428663232,41.5663696576415],[-81.268191923688,41.5663488029899],[-81.2682397033882,41.5663263374878],[-81.2682861117055,41.5663023052013],[-81.2683310576118,41.5662767532694],[-81.2683744529479,41.566249731812],[-81.2684162125964,41.5662212938314],[-81.2684562546485,41.5661914951081]]]},"properties":{"source_county":"Geauga","jurisdiction":"Munson Township","parcel_id":"21-104660","owner_name":"MONAGHAN DIANA C & JOHN E","property_address":"10412 MEADOWHURST LN","property_city":"CHARDON","property_zip":"44024"}},{"type":"Feature","geometry":{"type":"Polygon","coordinates":[[[-81.2645127392465,41.552217897333],[-81.2651240894252,41.5520745781085],[-81.2650601327465,41.55396607987],[-81.2646299525675,41.5539024879145],[-81.2642970201936,41.5522734264488],[-81.2645127392465,41.552217897333]]]},"properties":{"source_county":"Geauga","jurisdiction":"Munson Township","parcel_id":"21-105200","owner_name":"MEDIC ANTO & RUZICA","property_address":"10520 WILSON MILLS RD","property_city":"CHARDON","property_zip":"44024"}},{"type":"Feature","geometry":{"type":"Polygon","coordinates":[[[-81.2606442992852,41.5543910774115],[-81.2611627562995,41.5542576479896],[-81.2616812111849,41.5541242171474],[-81.2617980614057,41.5543803893967],[-81.2620556984249,41.5543491180809],[-81.2621138987991,41.5546196667555],[-81.2611814621064,41.554974125155],[-81.2611531253907,41.5549506757054],[-81.2610051805568,41.554834955397],[-81.2609464162715,41.5547865305943],[-81.2608912539325,41.5547357714485],[-81.2608398575958,41.5546828289278],[-81.2607923801151,41.5546278604938],[-81.2607489626876,41.5545710296334],[-81.2607097344343,41.5545125053721],[-81.2606748120158,41.5544524617714],[-81.2606442992852,41.5543910774115]]]},"properties":{"source_county":"Geauga","jurisdiction":"Munson Township","parcel_id":"21-106560","owner_name":"MANNING WILLIAM R TOD & CHRISTINE M TOD","property_address":"11626 TWIN MILLS LN","property_city":"CHARDON","property_zip":"44024"}},{"type":"Feature","geometry":{"type":"Polygon","coordinates":[[[-81.2595233828368,41.5558911920479],[-81.2613574765266,41.555561883306],[-81.2613822428585,41.5556455859298],[-81.2613987505933,41.5557304295964],[-81.2614069103736,41.5558159552083],[-81.2614066780133,41.5559016999759],[-81.2613980547367,41.5559871999223],[-81.2613810871731,41.5560719923932],[-81.261355867105,41.5561556185611],[-81.261322530972,41.5562376259077],[-81.2612627905685,41.5563673028609],[-81.2595385150681,41.5564125076219],[-81.2595284039931,41.5560641892501],[-81.2595233828368,41.5558911920479]]]},"properties":{"source_county":"Geauga","jurisdiction":"Munson Township","parcel_id":"21-107160","owner_name":"BLISS BEVERLY G TOD","property_address":"11571 TWIN MILLS LN","property_city":"CHARDON","property_zip":"44024"}},{"type":"Feature","geometry":{"type":"Polygon","coordinates":[[[-81.2520794796752,41.5513023922681],[-81.2535751825209,41.5512965890043],[-81.25358526113,41.5518694640764],[-81.2535957933572,41.5524680925677],[-81.2536101187209,41.5532913415197],[-81.2527257160608,41.5532871654408],[-81.2527402972705,41.5541109565411],[-81.2521287630509,41.5541081501848],[-81.2520794796752,41.5513023922681]]]},"properties":{"source_county":"Geauga","jurisdiction":"Munson Township","parcel_id":"21-107170","owner_name":"O DONNELL VIRGINIA L & JOHN J","property_address":"10841 WILSON MILLS RD","property_city":"CHARDON","property_zip":"44024"}},{"type":"Feature","geometry":{"type":"Polygon","coordinates":[[[-81.269620467486,41.5671963520394],[-81.2696560305549,41.5671961957519],[-81.2695554097896,41.5691116654238],[-81.269514334432,41.569893575465],[-81.2695142227494,41.5698956904195],[-81.2695051149729,41.5698957244844],[-81.2688298450031,41.5698982782149],[-81.268829943571,41.5698953950087],[-81.2689216602444,41.5671994292377],[-81.2690726987212,41.5671987638413],[-81.269620467486,41.5671963520394]]]},"properties":{"source_county":"Geauga","jurisdiction":"Munson Township","parcel_id":"21-107800","owner_name":"SELAR ANGELA","property_address":" THWING RD","property_city":"CHARDON","property_zip":"44024"}},{"type":"Feature","geometry":{"type":"Polygon","coordinates":[[[-81.2558500048111,41.5596913029641],[-81.2558540375087,41.5596622909911],[-81.2560040503754,41.5592603431665],[-81.2560395606865,41.5592677942605],[-81.259946997431,41.5600870139929],[-81.2595123111627,41.5605660699514],[-81.2558360027729,41.5597920383321],[-81.2558500048111,41.5596913029641]]]},"properties":{"source_county":"Geauga","jurisdiction":"Munson Township","parcel_id":"21-108000","owner_name":"CHRISTLEY DONNA R","property_address":"11458 FOWLERS MILL RD","property_city":"CHARDON","property_zip":"44024"}},{"type":"Feature","geometry":{"type":"Polygon","coordinates":[[[-81.2615845184918,41.5658340680227],[-81.261714404884,41.5640045744113],[-81.262040516179,41.5640321468445],[-81.2619595755722,41.565832728357],[-81.2619561940885,41.5658327409311],[-81.2615845184918,41.5658340680227]]]},"properties":{"source_county":"Geauga","jurisdiction":"Munson Township","parcel_id":"21-108700","owner_name":"SMITH KENNETH M TOD","property_address":"10594 MULBERRY RD","property_city":"CHARDON","property_zip":"44024"}},{"type":"Feature","geometry":{"type":"Polygon","coordinates":[[[-81.2629084889793,41.5640141971366],[-81.2630479392205,41.5640113126569],[-81.262988123355,41.565207388056],[-81.2629538427828,41.5658928504381],[-81.2629374278856,41.5662210631048],[-81.2629039714071,41.5668900092165],[-81.2628871761972,41.5672258241277],[-81.2618967548811,41.5672301265773],[-81.2619595755722,41.565832728357],[-81.262040516179,41.5640321468445],[-81.2621291322221,41.5640303144634],[-81.2629084889793,41.5640141971366]]]},"properties":{"source_county":"Geauga","jurisdiction":"Munson Township","parcel_id":"21-108800","owner_name":"WEBINGER GEOFFREY & MARIAH","property_address":"10584 MULBERRY RD","property_city":"CHARDON","property_zip":"44024"}},{"type":"Feature","geometry":{"type":"Polygon","coordinates":[[[-81.2500678786554,41.5575244345016],[-81.2499104110477,41.5567635119752],[-81.2501675505208,41.556761142988],[-81.2514238403877,41.5567495621933],[-81.2513451632344,41.5576458838523],[-81.2504405907085,41.5576453398934],[-81.2504074488491,41.5576424595685],[-81.2503760401679,41.5576340088792],[-81.2503480013775,41.557620428193],[-81.2503247935828,41.5576024252022],[-81.2503007866651,41.5575819856301],[-81.2502733946297,41.5575641078529],[-81.2502430978143,41.5575491053679],[-81.2502104274925,41.5575372412522],[-81.2501759565579,41.5575287235497],[-81.2501402894777,41.557523701623],[-81.2501040516938,41.5575222635345],[-81.2500678786554,41.5575244345016]]]},"properties":{"source_county":"Geauga","jurisdiction":"Munson Township","parcel_id":"21-111880","owner_name":"MILLER JUSTIN","property_address":"10891 NOLLWOOD DR","property_city":"CHARDON","property_zip":"44024"}},{"type":"Feature","geometry":{"type":"Polygon","coordinates":[[[-81.2655527314628,41.5639594735253],[-81.2657388271423,41.5639556193037],[-81.2657699261968,41.5651473724934],[-81.2657699280965,41.5651474625622],[-81.2657586864038,41.5651477050702],[-81.2655210335723,41.5651528275435],[-81.2650393850854,41.5651631953787],[-81.26500828127,41.5639707457315],[-81.2655527314628,41.5639594735253]]]},"properties":{"source_county":"Geauga","jurisdiction":"Munson Township","parcel_id":"21-113450","owner_name":"SANTELL TONY & JAMES & MARK","property_address":"10504 MULBERRY RD","property_city":"CHARDON","property_zip":"44024"}},{"type":"Feature","geometry":{"type":"Polygon","coordinates":[[[-81.2502983247195,41.5597352703731],[-81.2500663933169,41.5595011876134],[-81.2492787643858,41.558706237585],[-81.2497931153564,41.5587048729883],[-81.2512883777624,41.5587008927145],[-81.2521104922356,41.5586986959065],[-81.2520582217646,41.5595025966861],[-81.2520575570515,41.5595128182055],[-81.2520384174059,41.5595128943451],[-81.250703959439,41.559731491509],[-81.2506647138466,41.5597351730116],[-81.2506252262221,41.5597334986802],[-81.2505867816471,41.5597265230041],[-81.2505506312578,41.5597144729989],[-81.2505199180331,41.5597038687335],[-81.250487399479,41.5596969367738],[-81.2504538486788,41.5596938419174],[-81.2504200632555,41.5596946577402],[-81.2503868464097,41.559699364847],[-81.2503549878252,41.5597078513333],[-81.2503252448957,41.5597199154444],[-81.2502983247195,41.5597352703731]]]},"properties":{"source_county":"Geauga","jurisdiction":"Munson Township","parcel_id":"21-113700","owner_name":"MIHALIK JOHN P & PHYLLIS A","property_address":"11457 FOWLERS MILL RD","property_city":"CHARDON","property_zip":"44024"}},{"type":"Feature","geometry":{"type":"Polygon","coordinates":[[[-81.2513570958704,41.5513051886885],[-81.2520794796752,41.5513023922681],[-81.2521287630509,41.5541081501848],[-81.251402331763,41.5541048109879],[-81.2513856529361,41.5530757199794],[-81.2513823327941,41.5528699029843],[-81.2513570958704,41.5513051886885]]]},"properties":{"source_county":"Geauga","jurisdiction":"Munson Township","parcel_id":"21-113900","owner_name":"CANZONA CARMEN M & CATHY A","property_address":"10861 WILSON MILLS RD","property_city":"CHARDON","property_zip":"44024"}},{"type":"Feature","geometry":{"type":"Polygon","coordinates":[[[-81.2718284490371,41.5648610626545],[-81.2722654263462,41.5648335993516],[-81.2714276702168,41.5660656929038],[-81.2711247626857,41.5659681123981],[-81.2710533961584,41.565943584159],[-81.2709836789427,41.5659165124829],[-81.2709157716369,41.5658869597319],[-81.2708498306698,41.5658549939839],[-81.2718284490371,41.5648610626545]]]},"properties":{"source_county":"Geauga","jurisdiction":"Munson Township","parcel_id":"21-115320","owner_name":"ROSPLOCK ROBERT S TRUSTEE","property_address":"11270 HIGHLAND VIEW DR","property_city":"CHARDON","property_zip":"44024"}},{"type":"Feature","geometry":{"type":"Polygon","coordinates":[[[-81.2705454109768,41.5672123843625],[-81.2714337794092,41.5662468351697],[-81.2715821465077,41.5662949499575],[-81.2716850044524,41.5663319686879],[-81.2717855480296,41.5663724149735],[-81.2718835748616,41.5664162074041],[-81.2719788876351,41.5664632578343],[-81.2712714488036,41.5672321687842],[-81.271266277373,41.5672377898194],[-81.270539310458,41.5672190148782],[-81.2705454109768,41.5672123843625]]]},"properties":{"source_county":"Geauga","jurisdiction":"Munson Township","parcel_id":"21-115330","owner_name":"BOGAS STEVE W TOD & CHRISTINE L TOD","property_address":"11251 HIGHLAND VIEW DR","property_city":"CHARDON","property_zip":"44024"}},{"type":"Feature","geometry":{"type":"Polygon","coordinates":[[[-81.2566714155575,41.5541199892335],[-81.2573166467809,41.5539539499667],[-81.2576889988984,41.5547703996959],[-81.2566863370218,41.5547868029241],[-81.2566501357379,41.5547873949771],[-81.2566372617788,41.5541288147803],[-81.2566714155575,41.5541199892335]]]},"properties":{"source_county":"Geauga","jurisdiction":"Munson Township","parcel_id":"21-115460","owner_name":"MEYER MARC E & LORA A","property_address":"11620 FOWLERS MILL RD","property_city":"CHARDON","property_zip":"44024"}},{"type":"Feature","geometry":{"type":"Polygon","coordinates":[[[-81.2597737598564,41.5522330129042],[-81.2603845997651,41.5520778356005],[-81.2603855603661,41.5520799692145],[-81.260822999009,41.5530515705462],[-81.2606347414719,41.5531000227031],[-81.2602545465159,41.5531978737502],[-81.2602181260276,41.5532072470488],[-81.2597759444366,41.5522378034397],[-81.2597737598564,41.5522330129042]]]},"properties":{"source_county":"Geauga","jurisdiction":"Munson Township","parcel_id":"21-115800","owner_name":"MISTERKA MICHAEL A & SHARON L","property_address":"10625 WILSON MILLS RD","property_city":"CHARDON","property_zip":"44024"}},{"type":"Feature","geometry":{"type":"Polygon","coordinates":[[[-81.2627897756315,41.5556012313441],[-81.2635740912042,41.5554690597347],[-81.2637021480365,41.5560642590895],[-81.2639883048111,41.5562643409007],[-81.2632070387919,41.5569307044138],[-81.2625429465745,41.5567581076829],[-81.2624128714899,41.5567243009489],[-81.2625604611093,41.5562845290139],[-81.2627897756315,41.5556012313441]]]},"properties":{"source_county":"Geauga","jurisdiction":"Munson Township","parcel_id":"21-116900","owner_name":"WARGO ANTHONY J & HANNAH L","property_address":"10565 HEMLOCK RIDGE DR","property_city":"CHARDON","property_zip":"44024"}},{"type":"Feature","geometry":{"type":"Polygon","coordinates":[[[-81.2565725740527,41.5573714680865],[-81.2566100152924,41.5573709973804],[-81.2564358244644,41.5580035619262],[-81.2563991528392,41.5580012384995],[-81.2563059847442,41.5580024089352],[-81.2544431883822,41.558025782812],[-81.2545970654533,41.5573962593327],[-81.2564851915916,41.5573725655438],[-81.2565725740527,41.5573714680865]]]},"properties":{"source_county":"Geauga","jurisdiction":"Munson Township","parcel_id":"21-117300","owner_name":"YORK GERALD A TOD","property_address":"11521 FOWLERS MILL RD","property_city":"CHARDON","property_zip":"44024"}},{"type":"Feature","geometry":{"type":"Polygon","coordinates":[[[-81.2505506312578,41.5597144729989],[-81.2505867816471,41.5597265230041],[-81.2506252262221,41.5597334986802],[-81.2506647138466,41.5597351730116],[-81.250703959439,41.559731491509],[-81.2520384174059,41.5595128943451],[-81.2520575570515,41.5595128182055],[-81.2530477517362,41.5595088668171],[-81.2539977558003,41.5595050682198],[-81.2555644895099,41.5594987866059],[-81.255877881765,41.5594975282345],[-81.2559155867239,41.5594973766371],[-81.2558540375087,41.5596622909911],[-81.2558161058552,41.5596624428419],[-81.2525950599228,41.5596753413588],[-81.2520626231473,41.5596774650771],[-81.2508335341895,41.5598788018895],[-81.2507506735648,41.559892374978],[-81.2507129486134,41.5599013000232],[-81.2506779725802,41.559915170769],[-81.2506468838207,41.5599335357686],[-81.2506206941751,41.559955797302],[-81.250604406561,41.5599705707856],[-81.2505859420888,41.5599838214205],[-81.2505655513079,41.5599953694043],[-81.2505435109066,41.5600050580386],[-81.250520119958,41.560012755855],[-81.2504956958618,41.5600183583993],[-81.2504705700369,41.5600217896484],[-81.2504450834244,41.5600230030425],[-81.2504131236774,41.5600213662056],[-81.2503818226883,41.5600162487471],[-81.2503518487427,41.5600077599263],[-81.2503238417925,41.5599960809821],[-81.2502983997928,41.5599814612631],[-81.2502760659356,41.5599642129044],[-81.2502573170518,41.5599447041629],[-81.2502425534314,41.5599233515548],[-81.2502315378403,41.5598990169385],[-81.2502256982679,41.5598736912648],[-81.2502251769869,41.5598479915827],[-81.2502299866918,41.5598225440531],[-81.2502400101905,41.5597979686925],[-81.2502550032598,41.5597748642668],[-81.2502746005968,41.5597537937029],[-81.2502983247195,41.5597352703731],[-81.2503252448957,41.5597199154444],[-81.2503549878252,41.5597078513333],[-81.2503868464097,41.559699364847],[-81.2504200632555,41.5596946577402],[-81.2504538486788,41.5596938419174],[-81.250487399479,41.5596969367738],[-81.2505199180331,41.5597038687335],[-81.2505506312578,41.5597144729989]]]},"properties":{"source_county":"Geauga","jurisdiction":"Munson Township","parcel_id":"21-117450","owner_name":"MIHALIK JOHN P & MARTIN M KEPPLER ETAL","property_address":" CHIPPENDALE CT","property_city":"CHARDON","property_zip":"44024"}},{"type":"Feature","geometry":{"type":"Polygon","coordinates":[[[-81.2577480099472,41.5593410648516],[-81.2561381940188,41.559003540682],[-81.2561026717847,41.5589960930903],[-81.2561519859494,41.5588639594979],[-81.2561875015599,41.5588714367208],[-81.2576913969257,41.5591880621724],[-81.2578393125712,41.5587916744417],[-81.2581074144756,41.5580731937613],[-81.2588285998618,41.5580682436013],[-81.2591861121783,41.5580657884023],[-81.2593143650758,41.5583290310835],[-81.2596094477989,41.5589346893037],[-81.2596389093881,41.5589951593943],[-81.2580049501708,41.5586525999509],[-81.2577480099472,41.5593410648516]]]},"properties":{"source_county":"Geauga","jurisdiction":"Munson Township","parcel_id":"21-117500","owner_name":"FERLIN SANDRA D TRUSTEE","property_address":"11482 FOWLERS MILL RD","property_city":"CHARDON","property_zip":"44024"}},{"type":"Feature","geometry":{"type":"Polygon","coordinates":[[[-81.2602545465159,41.5531978737502],[-81.2606347414719,41.5531000227031],[-81.2611627562995,41.5542576479896],[-81.2606442992852,41.5543910774115],[-81.260199173708,41.5534151660036],[-81.260192589191,41.5533942220791],[-81.2601915707352,41.5533727156608],[-81.2601961574742,41.5533514732361],[-81.2602061731353,41.5533313111464],[-81.2602212328147,41.5533130042152],[-81.2602407577696,41.5532972559723],[-81.2602639976597,41.5532846716173],[-81.2602900593825,41.5532757347626],[-81.2602545465159,41.5531978737502]]]},"properties":{"source_county":"Geauga","jurisdiction":"Munson Township","parcel_id":"21-118250","owner_name":"SIMICEVIC MARIN J & MICHELLE","property_address":"11660 TWIN MILLS LN","property_city":"CHARDON","property_zip":"44024"}},{"type":"Feature","geometry":{"type":"Polygon","coordinates":[[[-81.2597747814225,41.5643204905704],[-81.2599464047979,41.5638550759472],[-81.2605477502942,41.5639059272691],[-81.2604862010004,41.5649454310472],[-81.2601724882763,41.5649270419784],[-81.2599734132424,41.5647662621369],[-81.2598298071393,41.564563448905],[-81.2597747814225,41.5643204905704]]]},"properties":{"source_county":"Geauga","jurisdiction":"Munson Township","parcel_id":"21-118500","owner_name":"WILKES MICHAEL T & JOHANNA M","property_address":"10640 MULBERRY RD","property_city":"CHARDON","property_zip":"44024"}},{"type":"Feature","geometry":{"type":"Polygon","coordinates":[[[-81.2720310372035,41.5498330620676],[-81.2722104025651,41.5497503815753],[-81.273042740324,41.5507693098766],[-81.272575656037,41.5509846168686],[-81.2717433227902,41.5499656861897],[-81.2720310372035,41.5498330620676]]]},"properties":{"source_county":"Geauga","jurisdiction":"Munson Township","parcel_id":"21-119800","owner_name":"NEUMORE JACK A TOD & CAROLYNN E TOD","property_address":"10320 WILSON MILLS RD","property_city":"CHARDON","property_zip":"44024"}},{"type":"Feature","geometry":{"type":"Polygon","coordinates":[[[-81.2695554097896,41.5691116654238],[-81.2696560305549,41.5671961957519],[-81.2699210328132,41.5672030418493],[-81.2700269459961,41.5672057782892],[-81.270539310458,41.5672190148782],[-81.271266277373,41.5672377898194],[-81.2728354750903,41.5672783028139],[-81.2732082167102,41.5672879232943],[-81.2732240295422,41.5672879345639],[-81.2740932021249,41.5672885301401],[-81.2736893373203,41.5688107314662],[-81.2731888959414,41.5688138652042],[-81.2721361121541,41.5688204500189],[-81.2721184982228,41.5692366494111],[-81.2708905991805,41.569238374473],[-81.2704324492011,41.5698911273185],[-81.2704316853217,41.5698922160202],[-81.2701963603498,41.5698931081865],[-81.2701964180948,41.5698917571714],[-81.2702212797249,41.5693048669503],[-81.2695554097896,41.5691116654238]]]},"properties":{"source_county":"Geauga","jurisdiction":"Munson Township","parcel_id":"21-120845","owner_name":"RYAN COREY MICHAEL & SARAH CHRISTINE CO TRUSTEES","property_address":"10345 THWING RD","property_city":"CHARDON","property_zip":"44024"}},{"type":"Feature","geometry":{"type":"Polygon","coordinates":[[[-81.2533980657132,41.5581903078228],[-81.2544028594917,41.5581908863216],[-81.2542447715808,41.558838826082],[-81.2539994214068,41.5595005764424],[-81.2539977558003,41.5595050682198],[-81.2530477517362,41.5595088668171],[-81.253049668266,41.5595016519651],[-81.2533980657132,41.5581903078228]]]},"properties":{"source_county":"Geauga","jurisdiction":"Munson Township","parcel_id":"21-121300","owner_name":"SCHOSSLER FRED J JR TOD & CHERYL L TOD","property_address":"10810 NOLLWOOD DR","property_city":"CHARDON","property_zip":"44024"}},{"type":"Feature","geometry":{"type":"Polygon","coordinates":[[[-81.2519061354904,41.5578113445331],[-81.2519797104871,41.5578141773457],[-81.2520525318708,41.5578225599318],[-81.2521238595372,41.5578364070968],[-81.2521929685618,41.5578555781081],[-81.2526345570871,41.5579974559971],[-81.2521104922356,41.5586986959065],[-81.2512883777624,41.5587008927145],[-81.2513238755209,41.5578109984637],[-81.2519061354904,41.5578113445331]]]},"properties":{"source_county":"Geauga","jurisdiction":"Munson Township","parcel_id":"21-121320","owner_name":"SEUFER LEE E & DEBRA G","property_address":"10860 NOLLWOOD DR","property_city":"CHARDON","property_zip":"44024"}},{"type":"Feature","geometry":{"type":"Polygon","coordinates":[[[-81.25612659656,41.5588312743881],[-81.256164241185,41.5588311229681],[-81.2560040503754,41.5592603431665],[-81.2559155867239,41.5594973766371],[-81.255877881765,41.5594975282345],[-81.2555644895099,41.5594987866059],[-81.2539977558003,41.5595050682198],[-81.2539994214068,41.5595005764424],[-81.2542447715808,41.558838826082],[-81.2560703784108,41.5588315005586],[-81.25612659656,41.5588312743881]]]},"properties":{"source_county":"Geauga","jurisdiction":"Munson Township","parcel_id":"21-121400","owner_name":"GERMAINE RICHARD R & SANDRA L","property_address":"11469 FOWLERS MILL RD","property_city":"CHARDON","property_zip":"44024"}},{"type":"Feature","geometry":{"type":"Polygon","coordinates":[[[-81.271336642559,41.5501531457037],[-81.2715564895514,41.5500518069598],[-81.2719497417667,41.5505332278845],[-81.2718780974526,41.5511797183791],[-81.2711922791341,41.5507704252194],[-81.2708652039429,41.5503704529028],[-81.271336642559,41.5501531457037]]]},"properties":{"source_county":"Geauga","jurisdiction":"Munson Township","parcel_id":"21-124300","owner_name":"PADEGIMAS PETER MICHAEL TOD & BEVERLY ANN TOD","property_address":"10334 WILSON MILLS RD","property_city":"CHARDON","property_zip":"44024"}},{"type":"Feature","geometry":{"type":"Polygon","coordinates":[[[-81.2495899860692,41.5512974029681],[-81.2496119183255,41.5508859159578],[-81.2499116440753,41.5504726559855],[-81.2500637258592,41.5502629649561],[-81.2502540317087,41.5500005678449],[-81.2506345898644,41.5502880607323],[-81.2513421207317,41.5503767216871],[-81.2500953390135,41.5514260682055],[-81.25003970183,41.5513968893598],[-81.2499811119509,41.551371177797],[-81.249919951426,41.5513491011743],[-81.2498566190661,41.5513308034464],[-81.2497915278429,41.5513164039271],[-81.2497251021961,41.551305996511],[-81.249657775266,41.5512996490614],[-81.2495899860692,41.5512974029681]]]},"properties":{"source_county":"Geauga","jurisdiction":"Munson Township","parcel_id":"21-125640","owner_name":"BUSS JASON L & ERIN B","property_address":"10919 WOOD HOLLOW DR","property_city":"CHARDON","property_zip":"44024"}},{"type":"Feature","geometry":{"type":"Polygon","coordinates":[[[-81.2748433907735,41.563470783847],[-81.2748636114207,41.5634695077913],[-81.2749965272005,41.564661912407],[-81.2744503070569,41.5646962442076],[-81.2743174149163,41.5635039683449],[-81.2748433907735,41.563470783847]]]},"properties":{"source_county":"Geauga","jurisdiction":"Munson Township","parcel_id":"21-126350","owner_name":"HORVATH CHAD A","property_address":"10260 MULBERRY RD","property_city":"CHARDON","property_zip":"44024"}},{"type":"Feature","geometry":{"type":"Polygon","coordinates":[[[-81.2703860652502,41.5638622064078],[-81.270950467431,41.5638267404392],[-81.2710449213486,41.5646745541325],[-81.27017995108,41.5645457210081],[-81.2702365296547,41.5643314634329],[-81.2702523868856,41.564258076992],[-81.2702613892324,41.5641840385568],[-81.2702634928588,41.5641097088435],[-81.2702586875394,41.5640354499858],[-81.27025259371,41.563980752975],[-81.2702530152697,41.5639592353533],[-81.2702590181239,41.5639381929475],[-81.2702703715846,41.5639184343942],[-81.2702866393466,41.5639007189919],[-81.2703071962551,41.5638857275229],[-81.2703312523302,41.5638740360912],[-81.270357883125,41.5638660939844],[-81.2703860652502,41.5638622064078]]]},"properties":{"source_county":"Geauga","jurisdiction":"Munson Township","parcel_id":"21-126360","owner_name":"LASALVIA VINCENT A & DONNA J CO TRUSTEES","property_address":"11300 HIGHLAND VIEW DR","property_city":"CHARDON","property_zip":"44024"}},{"type":"Feature","geometry":{"type":"Polygon","coordinates":[[[-81.2586057080011,41.5523585329136],[-81.2590826747711,41.5522357812248],[-81.2591533021531,41.5523906290098],[-81.2595985026456,41.5533667159835],[-81.259390466243,41.553420256906],[-81.2588720145409,41.5535536838774],[-81.2588053575579,41.5535708379112],[-81.2586057080011,41.5523585329136]]]},"properties":{"source_county":"Geauga","jurisdiction":"Munson Township","parcel_id":"21-127750","owner_name":"BOGGESS JOSHUA","property_address":"10669 WILSON MILLS RD","property_city":"CHARDON","property_zip":"44024"}},{"type":"Feature","geometry":{"type":"Polygon","coordinates":[[[-81.2617766022873,41.5699033330519],[-81.2618777306299,41.5676533196652],[-81.2626602894509,41.5681930193254],[-81.2625870158699,41.5699010015563],[-81.2617766022873,41.5699033330519]]]},"properties":{"source_county":"Geauga","jurisdiction":"Munson Township","parcel_id":"21-128075","owner_name":"PREH CONNIE","property_address":"10575 THWING RD","property_city":"CHARDON","property_zip":"44024"}},{"type":"Feature","geometry":{"type":"Polygon","coordinates":[[[-81.2676428527662,41.5583600134733],[-81.2682144243711,41.5583613222931],[-81.2682834601962,41.5614060214504],[-81.267735988939,41.5614130283815],[-81.2677919343672,41.5638815226095],[-81.2672448609591,41.5639069934312],[-81.2671288395539,41.5590862606336],[-81.2671513689301,41.5590544289832],[-81.2676428527662,41.5583600134733]]]},"properties":{"source_county":"Geauga","jurisdiction":"Munson Township","parcel_id":"21-131600","owner_name":"PRUSHA DONALD W TRUSTEE & ANNE B TRUSTEE","property_address":"10441 MULBERRY RD","property_city":"CHARDON","property_zip":"44024"}},{"type":"Feature","geometry":{"type":"Polygon","coordinates":[[[-81.2595385150681,41.5564125076219],[-81.2612627905685,41.5563673028609],[-81.2609640862194,41.557015686197],[-81.2609354051442,41.5570814302742],[-81.2609096251278,41.5571478488096],[-81.259550460457,41.5568240734195],[-81.2595385150681,41.5564125076219]]]},"properties":{"source_county":"Geauga","jurisdiction":"Munson Township","parcel_id":"21-132250","owner_name":"GARDNER PEARSON & LAUREN WILLIAMS","property_address":"11545 TWIN MILLS LN","property_city":"CHARDON","property_zip":"44024"}},{"type":"Feature","geometry":{"type":"Polygon","coordinates":[[[-81.2705217239125,41.5524867381573],[-81.2722279384171,41.5517002841678],[-81.273817861027,41.5522563137095],[-81.2737547234476,41.5523642806971],[-81.2736979134935,41.5524742131414],[-81.2729389047691,41.5522670935903],[-81.2705118436616,41.5533858078183],[-81.2705217239125,41.5524867381573]]]},"properties":{"source_county":"Geauga","jurisdiction":"Munson Township","parcel_id":"21-133000","owner_name":"HARDY CASSIUS HARRY K & LISA ANN","property_address":"11727 RIVERWOOD DR","property_city":"CHARDON","property_zip":"44024"}},{"type":"Feature","geometry":{"type":"Polygon","coordinates":[[[-81.2705118436616,41.5533858078183],[-81.2729389047691,41.5522670935903],[-81.2736979134935,41.5524742131414],[-81.2736644323769,41.5525466281826],[-81.2736336983038,41.5526197272642],[-81.2736057360007,41.5526934515979],[-81.2735805679651,41.5527677418923],[-81.2735582144475,41.5528425384005],[-81.273538693435,41.5529177809687],[-81.2735220206371,41.5529934090839],[-81.2735082094725,41.5530693619226],[-81.2725107913515,41.5529778334133],[-81.2705013019624,41.554344950816],[-81.2705118436616,41.5533858078183]]]},"properties":{"source_county":"Geauga","jurisdiction":"Munson Township","parcel_id":"21-133001","owner_name":"MARTILLOTTA SAMUEL R & PAULA J","property_address":"11715 RIVERWOOD DR","property_city":"CHARDON","property_zip":"44024"}},{"type":"Feature","geometry":{"type":"Polygon","coordinates":[[[-81.2705013019624,41.554344950816],[-81.2725107913515,41.5529778334133],[-81.2735082094725,41.5530693619226],[-81.2734913876749,41.5531984650001],[-81.2734828308606,41.55332802563],[-81.2734825587848,41.5534577454329],[-81.2734905721234,41.5535873256614],[-81.272214892755,41.5536549192618],[-81.2704880126394,41.5555541291189],[-81.2705013019624,41.554344950816]]]},"properties":{"source_county":"Geauga","jurisdiction":"Munson Township","parcel_id":"21-133002","owner_name":"SWOPE GARY P & NELSON AMANDA L","property_address":"11697 RIVERWOOD DR","property_city":"CHARDON","property_zip":"44024"}},{"type":"Feature","geometry":{"type":"Polygon","coordinates":[[[-81.272214892755,41.5536549192618],[-81.2734905721234,41.5535873256614],[-81.2735050330626,41.5537047569099],[-81.2735262994266,41.5538216025728],[-81.2735543307698,41.553937640227],[-81.2735890737683,41.5540526489865],[-81.2720825392572,41.5543355305679],[-81.2698879658989,41.5569566012546],[-81.2698890107053,41.5568615748266],[-81.2698962346234,41.5562049299286],[-81.2698965198331,41.556204616879],[-81.2704880126394,41.5555541291189],[-81.272214892755,41.5536549192618]]]},"properties":{"source_county":"Geauga","jurisdiction":"Munson Township","parcel_id":"21-133003","owner_name":"OKONEK DOUGLAS V & BERNADINE A","property_address":"11681 RIVERWOOD DR","property_city":"CHARDON","property_zip":"44024"}},{"type":"Feature","geometry":{"type":"Polygon","coordinates":[[[-81.2720825392572,41.5543355305679],[-81.2735890737683,41.5540526489865],[-81.2736173216561,41.5541324364665],[-81.2736488001586,41.5542115387591],[-81.2736834799241,41.5542898820773],[-81.2737213286146,41.5543673933419],[-81.2737868910012,41.5544954481413],[-81.2722640277213,41.5548459376237],[-81.2698820608241,41.5576907982637],[-81.269879860716,41.5576934250895],[-81.2698798899789,41.5576907815677],[-81.2698879658989,41.5569566012546],[-81.2720825392572,41.5543355305679]]]},"properties":{"source_county":"Geauga","jurisdiction":"Munson Township","parcel_id":"21-133004","owner_name":"GRIFFIN CHARLES S JR & LYNNE D","property_address":"11661 RIVERWOOD DR","property_city":"CHARDON","property_zip":"44024"}},{"type":"Feature","geometry":{"type":"Polygon","coordinates":[[[-81.2722640277213,41.5548459376237],[-81.2737868910012,41.5544954481413],[-81.2738852494793,41.5546875605797],[-81.2732885037689,41.5548599435229],[-81.2708113267826,41.5576962652894],[-81.269879860716,41.5576934250895],[-81.2698820608241,41.5576907982637],[-81.2722640277213,41.5548459376237]]]},"properties":{"source_county":"Geauga","jurisdiction":"Munson Township","parcel_id":"21-133005","owner_name":"GRIFFIN CHARLES S & LYNNE D","property_address":" RIVERWOOD DR","property_city":"CHARDON","property_zip":"44024"}},{"type":"Feature","geometry":{"type":"Polygon","coordinates":[[[-81.2732885037689,41.5548599435229],[-81.2738852494793,41.5546875605797],[-81.2742131202931,41.5553279422439],[-81.2734458449075,41.5555495858347],[-81.2713754756396,41.5576979843004],[-81.2708113267826,41.5576962652894],[-81.2732885037689,41.5548599435229]]]},"properties":{"source_county":"Geauga","jurisdiction":"Munson Township","parcel_id":"21-133006","owner_name":"SKOCH GARY J & PAMELA J","property_address":"11641 RIVERWOOD DR","property_city":"CHARDON","property_zip":"44024"}},{"type":"Feature","geometry":{"type":"Polygon","coordinates":[[[-81.2734458449075,41.5555495858347],[-81.2742131202931,41.5553279422439],[-81.2744754263913,41.5558402576702],[-81.2737934034263,41.5560372745949],[-81.2724324495482,41.5577011886174],[-81.2724324262342,41.5577012171865],[-81.2713754756396,41.5576979843004],[-81.2734458449075,41.5555495858347]]]},"properties":{"source_county":"Geauga","jurisdiction":"Munson Township","parcel_id":"21-133007","owner_name":"SWEENY ANN G TRUSTEE & WILKINSON THOMAS F","property_address":"11625 RIVERWOOD DR","property_city":"CHARDON","property_zip":"44024"}},{"type":"Feature","geometry":{"type":"Polygon","coordinates":[[[-81.2737934034263,41.5560372745949],[-81.2744754263913,41.5558402576702],[-81.2746065850562,41.5560964214758],[-81.2746188145464,41.556116898058],[-81.2746339392933,41.5561362528372],[-81.2746517794913,41.556154255717],[-81.2746721230518,41.5561706926729],[-81.274694728125,41.5561853682963],[-81.2747193259748,41.556198108118],[-81.2747456241736,41.5562087606821],[-81.2747733100791,41.5562171993469],[-81.2742983738815,41.5572553569286],[-81.2735050618816,41.5577044350483],[-81.2735049940162,41.5577044739528],[-81.2724324262342,41.5577012171865],[-81.2724324495482,41.5577011886174],[-81.2737934034263,41.5560372745949]]]},"properties":{"source_county":"Geauga","jurisdiction":"Munson Township","parcel_id":"21-133008","owner_name":"UNSDORFER STEWART T","property_address":"11607 RIVERWOOD DR","property_city":"CHARDON","property_zip":"44024"}},{"type":"Feature","geometry":{"type":"Polygon","coordinates":[[[-81.2742983738815,41.5572553569286],[-81.2747733100791,41.5562171993469],[-81.2748108369306,41.5562246984429],[-81.2748493982171,41.5562281378888],[-81.2748882195817,41.5562274486165],[-81.274926521445,41.5562226444675],[-81.2749635346598,41.5562138219146],[-81.2749985159572,41.5562011581254],[-81.275030762873,41.5561849074035],[-81.2750596278535,41.5561653960825],[-81.2751925900814,41.5562617182813],[-81.2751744975089,41.5574966320371],[-81.2745387405224,41.5585271179633],[-81.2745385550823,41.5585274176692],[-81.2743636411912,41.558503893994],[-81.2737871966263,41.5584263674929],[-81.2735109928097,41.5583892181736],[-81.2734823133588,41.5583853618974],[-81.2735049940162,41.5577044739528],[-81.2735050618816,41.5577044350483],[-81.2742983738815,41.5572553569286]]]},"properties":{"source_county":"Geauga","jurisdiction":"Munson Township","parcel_id":"21-133009","owner_name":"HOLY CRAIG E TOD & BRIDGET TOD","property_address":"11601 RIVERWOOD DR","property_city":"CHARDON","property_zip":"44024"}},{"type":"Feature","geometry":{"type":"Polygon","coordinates":[[[-81.2737354422352,41.5537600307412],[-81.2752829921538,41.5536875192619],[-81.2753343378062,41.5543057461292],[-81.2739259366945,41.5543082868629],[-81.2738932575293,41.5542416937546],[-81.2738630696598,41.55417444042],[-81.2738353966776,41.5541065794336],[-81.2738102602076,41.5540381638447],[-81.2737876798921,41.5539692471363],[-81.2737676733746,41.5538998831824],[-81.2737502562866,41.5538301262071],[-81.2737354422352,41.5537600307412]]]},"properties":{"source_county":"Geauga","jurisdiction":"Munson Township","parcel_id":"21-133014","owner_name":"LAMBERT MICHAEL E & JENNIFER Y","property_address":"11668 RIVERWOOD DR","property_city":"CHARDON","property_zip":"44024"}},{"type":"Feature","geometry":{"type":"Polygon","coordinates":[[[-81.2753343378062,41.5543057461292],[-81.2752829921538,41.5536875192619],[-81.2737354422352,41.5537600307412],[-81.2737185918591,41.5536577769546],[-81.2737072802381,41.5535550937099],[-81.2759645003106,41.5534493234044],[-81.2759519807329,41.5543046261414],[-81.2753343378062,41.5543057461292]]]},"properties":{"source_county":"Geauga","jurisdiction":"Munson Township","parcel_id":"21-133015","owner_name":"HAWKINS STEVEN & CHERYL TRUSTEES","property_address":"11682 RIVERWOOD DR","property_city":"CHARDON","property_zip":"44024"}},{"type":"Feature","geometry":{"type":"Polygon","coordinates":[[[-81.27475606438,41.5532997212366],[-81.2750586691347,41.5527589005596],[-81.2759703934529,41.5530467412758],[-81.2759645003106,41.5534493234044],[-81.2737072802381,41.5535550937099],[-81.2737015244725,41.5534521615564],[-81.2737013343174,41.5533491387373],[-81.27475606438,41.5532997212366]]]},"properties":{"source_county":"Geauga","jurisdiction":"Munson Township","parcel_id":"21-133016","owner_name":"KOMOCKI CHAD A & SALETEL KRISTIN","property_address":"11692 RIVERWOOD DR","property_city":"CHARDON","property_zip":"44024"}},{"type":"Feature","geometry":{"type":"Polygon","coordinates":[[[-81.2739648474465,41.5524135569358],[-81.2750586691347,41.5527589005596],[-81.27475606438,41.5532997212366],[-81.2737013343174,41.5533491387373],[-81.2737081658405,41.553229004623],[-81.2737225633777,41.5531092482989],[-81.2737444945817,41.5529901384806],[-81.2737739102014,41.5528719424317],[-81.2738107441929,41.5527549253639],[-81.2738549138679,41.5526393498422],[-81.2739063200799,41.5525254751958],[-81.2739648474465,41.5524135569358]]]},"properties":{"source_county":"Geauga","jurisdiction":"Munson Township","parcel_id":"21-133017","owner_name":"SAGUE BRIAN B TRUSTEE","property_address":"11710 RIVERWOOD DR","property_city":"CHARDON","property_zip":"44024"}},{"type":"Feature","geometry":{"type":"Polygon","coordinates":[[[-81.2743611617354,41.5518896751351],[-81.2759742357691,41.5527840040144],[-81.2759727807301,41.5528836258971],[-81.2759703934529,41.5530467412758],[-81.2750586691347,41.5527589005596],[-81.2739648474465,41.5524135569358],[-81.2740051537755,41.552344398973],[-81.2740481800795,41.5522761719655],[-81.2740938882929,41.5522089362609],[-81.274142237978,41.5521427513297],[-81.2741931863615,41.552077675713],[-81.2742466883716,41.5520137669704],[-81.2743026966783,41.5519510816294],[-81.2743611617354,41.5518896751351]]]},"properties":{"source_county":"Geauga","jurisdiction":"Munson Township","parcel_id":"21-133018","owner_name":"RINKES ROBERT G","property_address":" RIVERWOOD DR","property_city":"CHARDON","property_zip":"44024"}},{"type":"Feature","geometry":{"type":"Polygon","coordinates":[[[-81.2513437552898,41.5504780689927],[-81.2565708510313,41.5504483694705],[-81.2565859440139,41.5512848483332],[-81.2535751825209,41.5512965890043],[-81.2520794796752,41.5513023922681],[-81.2513570958704,41.5513051886885],[-81.2513564394531,41.5512645334062],[-81.2513437552898,41.5504780689927]]]},"properties":{"source_county":"Geauga","jurisdiction":"Munson Township","parcel_id":"21-133300","owner_name":"KELLERS ANTHONY & DESIREE","property_address":" FOWLERS MILL RD","property_city":"CHARDON","property_zip":"44024"}},{"type":"Feature","geometry":{"type":"Polygon","coordinates":[[[-81.254172255263,41.5641692430969],[-81.2543602500964,41.563665471037],[-81.2543946910778,41.5636746688816],[-81.2552328190298,41.5638985040127],[-81.2554863310214,41.5639662068694],[-81.2552055250057,41.5640843080771],[-81.2550058563634,41.5641682838126],[-81.2545728074192,41.5651235573765],[-81.2539208387732,41.5651681726141],[-81.2538831298844,41.5651707530728],[-81.254172255263,41.5641692430969]]]},"properties":{"source_county":"Geauga","jurisdiction":"Munson Township","parcel_id":"21-134200","owner_name":"RAY DOROTHY J TOD","property_address":"11292 FOWLERS MILL RD","property_city":"CHARDON","property_zip":"44024"}},{"type":"Feature","geometry":{"type":"Polygon","coordinates":[[[-81.2696597753352,41.5658413681514],[-81.2702020095592,41.5655838722393],[-81.2702444685899,41.565632419188],[-81.2702897343367,41.5656795141264],[-81.2703377188999,41.5657250655967],[-81.2703883290994,41.5657689851381],[-81.2704323608898,41.5658046153332],[-81.2697875717654,41.5666802301077],[-81.2696392437383,41.5665513579347],[-81.2691181199766,41.5660985849387],[-81.2696597753352,41.5658413681514]]]},"properties":{"source_county":"Geauga","jurisdiction":"Munson Township","parcel_id":"21-134400","owner_name":"GLIHA FRANK J & BERNADETTE J","property_address":"11281 HIGHLAND VIEW DR","property_city":"CHARDON","property_zip":"44024"}},{"type":"Feature","geometry":{"type":"Polygon","coordinates":[[[-81.2677919343672,41.5638815226095],[-81.2680369220179,41.5638701159248],[-81.2680333359577,41.5639716545184],[-81.2680330609564,41.5639794543132],[-81.268031278051,41.564029940063],[-81.2680283666594,41.5641123738921],[-81.2680260345707,41.5641784151132],[-81.2680218972533,41.5642955541718],[-81.2680158605931,41.5644664987257],[-81.267994207758,41.5650795773474],[-81.2672632738826,41.565101889939],[-81.2672632733786,41.5651018530137],[-81.2672448609591,41.5639069934312],[-81.2677919343672,41.5638815226095]]]},"properties":{"source_county":"Geauga","jurisdiction":"Munson Township","parcel_id":"21-134700","owner_name":"ANDERSON NICHOLAS D & KELLY M","property_address":"10444 MULBERRY RD","property_city":"CHARDON","property_zip":"44024"}},{"type":"Feature","geometry":{"type":"Polygon","coordinates":[[[-81.2724370505744,41.5664734689903],[-81.2724031608237,41.5664742299852],[-81.2723697836938,41.566469754758],[-81.2730876191652,41.5656020377349],[-81.2732591549127,41.5657623551722],[-81.2737292963924,41.5662017453869],[-81.2732429696329,41.5664653493231],[-81.2730518613267,41.5665689336748],[-81.2726547974143,41.5665224148545],[-81.2726317538939,41.5665088461384],[-81.2726069143375,41.5664972011875],[-81.2725805622843,41.5664876129266],[-81.2725529985379,41.5664801908036],[-81.2725245377325,41.5664750195404],[-81.2724955047421,41.5664721581657],[-81.2724662309716,41.5664716393416],[-81.2724370505744,41.5664734689903]]]},"properties":{"source_county":"Geauga","jurisdiction":"Munson Township","parcel_id":"21-135010","owner_name":"MOCZ THOMAS J TOD & COLLEEN M TOD","property_address":"11240 HIGHLAND VIEW DR","property_city":"CHARDON","property_zip":"44024"}},{"type":"Feature","geometry":{"type":"Polygon","coordinates":[[[-81.2669367042431,41.5515346218712],[-81.2669769927039,41.5503411763925],[-81.266453869579,41.5504638246528],[-81.2664807678611,41.5496672097456],[-81.2694197456023,41.5497231591713],[-81.2693779640959,41.5509622289543],[-81.2691229453636,41.5510220257245],[-81.2690492667713,41.5510393020553],[-81.2688466372373,41.5510868127092],[-81.2682729072899,41.5512213358274],[-81.2681573389025,41.551248431836],[-81.26818760777,41.550351293187],[-81.2674901135424,41.550514831257],[-81.2674598350311,41.5514119705772],[-81.2671254415594,41.551490371753],[-81.2669367042431,41.5515346218712]]]},"properties":{"source_county":"Geauga","jurisdiction":"Munson Township","parcel_id":"21-135700","owner_name":"REITER THOMAS L TRUSTEE","property_address":" WILSON MILLS RD","property_city":"CHARDON","property_zip":"44024"}},{"type":"Feature","geometry":{"type":"Polygon","coordinates":[[[-81.2674901135424,41.550514831257],[-81.26818760777,41.550351293187],[-81.2681573389025,41.551248431836],[-81.2674598350311,41.5514119705772],[-81.2674901135424,41.550514831257]]]},"properties":{"source_county":"Geauga","jurisdiction":"Munson Township","parcel_id":"21-135800","owner_name":"REITER THOMAS L TRUSTEE","property_address":"10441 WILSON MILLS RD","property_city":"CHARDON","property_zip":"44024"}},{"type":"Feature","geometry":{"type":"Polygon","coordinates":[[[-81.2565357256504,41.5632878690465],[-81.2570447725269,41.5630039113484],[-81.2578405620751,41.5641182917884],[-81.2573332715792,41.5642215006357],[-81.2567871101608,41.5643326161276],[-81.2562689052657,41.5644380402649],[-81.2554863310214,41.5639662068694],[-81.2560288697994,41.5637372802594],[-81.2565925445802,41.5634112491269],[-81.2565357256504,41.5632878690465]]]},"properties":{"source_county":"Geauga","jurisdiction":"Munson Township","parcel_id":"21-136000","owner_name":"REITER LAWRENCE H & BETSY GRACE","property_address":" MULBERRY RD","property_city":"CHARDON","property_zip":"44024"}},{"type":"Feature","geometry":{"type":"Polygon","coordinates":[[[-81.2700185760517,41.5518255021894],[-81.2700246115597,41.5512186461223],[-81.269951087711,41.5512182336453],[-81.2699557979966,41.5507896288668],[-81.2703659444568,41.5506005800709],[-81.2710706440032,41.5514632908009],[-81.2705705756485,41.5514602339608],[-81.2705665790954,41.5518288546894],[-81.2700185760517,41.5518255021894]]]},"properties":{"source_county":"Geauga","jurisdiction":"Munson Township","parcel_id":"21-136270","owner_name":"RICCO FRANK AKA FRANK J TOD","property_address":"10358 WILSON MILLS RD","property_city":"CHARDON","property_zip":"44024"}},{"type":"Feature","geometry":{"type":"Polygon","coordinates":[[[-81.2728333192807,41.5672747150138],[-81.272587155924,41.5668649871809],[-81.2726174095869,41.5668529720718],[-81.2726454335624,41.5668382190934],[-81.2726707909029,41.5668209582736],[-81.27269308624,41.5668014587425],[-81.2727119719488,41.5667800245355],[-81.272727153568,41.5667569898536],[-81.272738394391,41.5667327138516],[-81.2727455191566,41.5667075750384],[-81.2732338676937,41.5668606415479],[-81.2734200349638,41.5669189928708],[-81.2744975477325,41.5669197292192],[-81.2748080852244,41.5672099417503],[-81.274892758892,41.5672890727562],[-81.2748816726312,41.5672890656548],[-81.2740932021249,41.5672885301401],[-81.2732240295422,41.5672879345639],[-81.2732082167102,41.5672879232943],[-81.2728354750903,41.5672783028139],[-81.2728333192807,41.5672747150138]]]},"properties":{"source_county":"Geauga","jurisdiction":"Munson Township","parcel_id":"21-136350","owner_name":"KLEBENOW KARL DENNY TOD & JOANA ELLEN TOD","property_address":"11220 HIGHLAND VIEW DR","property_city":"CHARDON","property_zip":"44024"}},{"type":"Feature","geometry":{"type":"Polygon","coordinates":[[[-81.2535751825209,41.5512965890043],[-81.2565859440139,41.5512848483332],[-81.2565967486528,41.551883637776],[-81.25358526113,41.5518694640764],[-81.2535751825209,41.5512965890043]]]},"properties":{"source_county":"Geauga","jurisdiction":"Munson Township","parcel_id":"21-136800","owner_name":"ROYLE BENJAMIN WILLIAM","property_address":"11731 FOWLERS MILL RD","property_city":"CHARDON","property_zip":"44024"}},{"type":"Feature","geometry":{"type":"Polygon","coordinates":[[[-81.2529478514548,41.5699283786659],[-81.252964799284,41.5694286950993],[-81.2530015372289,41.5694291886568],[-81.2548606198176,41.5694541535147],[-81.2548527066926,41.5697913386536],[-81.2548514186785,41.5698462184919],[-81.2548496439364,41.569923040664],[-81.2529478514548,41.5699283786659]]]},"properties":{"source_county":"Geauga","jurisdiction":"Munson Township","parcel_id":"21-137500","owner_name":"WILSON STEPHANIE & BOETGER BRYCE","property_address":"11110 FOWLERS MILL RD","property_city":"CHARDON","property_zip":"44024"}},{"type":"Feature","geometry":{"type":"Polygon","coordinates":[[[-81.2575273407854,41.5526360503192],[-81.2586057080011,41.5523585329136],[-81.2588053575579,41.5535708379112],[-81.2583535607441,41.5536871076278],[-81.2580431449447,41.5537669927421],[-81.2575273407854,41.5526360503192]]]},"properties":{"source_county":"Geauga","jurisdiction":"Munson Township","parcel_id":"21-137700","owner_name":"KULUNDZIC ZVONINMIR & EMINA","property_address":"10681 WILSON MILLS RD","property_city":"CHARDON","property_zip":"44024"}},{"type":"Feature","geometry":{"type":"Polygon","coordinates":[[[-81.2671215266125,41.5516062898651],[-81.2676952610797,41.5514717733409],[-81.2676313792254,41.5533632768853],[-81.2670576268633,41.5534977929992],[-81.2671215266125,41.5516062898651]]]},"properties":{"source_county":"Geauga","jurisdiction":"Munson Township","parcel_id":"21-139400","owner_name":"MC CANN SUZANNE M","property_address":"10444 WILSON MILLS RD","property_city":"CHARDON","property_zip":"44024"}},{"type":"Feature","geometry":{"type":"Polygon","coordinates":[[[-81.2709246481694,41.562937224718],[-81.2709734057706,41.5628972072232],[-81.2709419503766,41.5637168765705],[-81.2708946136735,41.5637198613014],[-81.2709246481694,41.562937224718]]]},"properties":{"source_county":"Geauga","jurisdiction":"Munson Township","parcel_id":"21-139450","owner_name":"RUBAL DENIS G & CATHERINE A","property_address":" MULBERRY RD","property_city":"CHARDON","property_zip":"44024"}},{"type":"Feature","geometry":{"type":"Polygon","coordinates":[[[-81.2709734057706,41.5628972072232],[-81.2716100582608,41.5623746798417],[-81.2715619955755,41.5636777742127],[-81.2709419503766,41.5637168765705],[-81.2709734057706,41.5628972072232]]]},"properties":{"source_county":"Geauga","jurisdiction":"Munson Township","parcel_id":"21-139460","owner_name":"RUBAL DENIS G & CATHERINE A","property_address":"10355 MULBERRY RD","property_city":"CHARDON","property_zip":"44024"}},{"type":"Feature","geometry":{"type":"Polygon","coordinates":[[[-81.2664595115158,41.5660454057076],[-81.2668113809363,41.5654142888166],[-81.26800704818,41.566237004241],[-81.2679559131105,41.5662547082143],[-81.2679035916194,41.5662703351797],[-81.2678502331577,41.5662838405],[-81.267795990139,41.5662951855985],[-81.2677410175037,41.5663043380687],[-81.2676854722765,41.5663112717674],[-81.267629513118,41.5663159668891],[-81.2675732998711,41.5663184100224],[-81.2675169931046,41.5663185941888],[-81.2674607536545,41.5663165188622],[-81.2674047421646,41.5663121899707],[-81.2673491186273,41.5663056198793],[-81.2672940419267,41.566296827355],[-81.2672396693851,41.5662858375129],[-81.2671861563127,41.5662726817447],[-81.2671336555647,41.5662573976286],[-81.2664595115158,41.5660454057076]]]},"properties":{"source_county":"Geauga","jurisdiction":"Munson Township","parcel_id":"21-142050","owner_name":"SCARFO ANTHONY F","property_address":"10427 MEADOWHURST LN","property_city":"CHARDON","property_zip":"44024"}},{"type":"Feature","geometry":{"type":"Polygon","coordinates":[[[-81.2721448704784,41.5637516781676],[-81.2726910835482,41.5637173468406],[-81.2728116471762,41.5647992674569],[-81.2722654263462,41.5648335993516],[-81.2721448704784,41.5637516781676]]]},"properties":{"source_county":"Geauga","jurisdiction":"Munson Township","parcel_id":"21-142060","owner_name":"SHAFRANEK DONNA K TOD","property_address":"10320 MULBERRY RD","property_city":"CHARDON","property_zip":"44024"}},{"type":"Feature","geometry":{"type":"Polygon","coordinates":[[[-81.2701654427333,41.5646006608627],[-81.27017995108,41.5645457210081],[-81.2710449213486,41.5646745541325],[-81.271703967763,41.5647311854818],[-81.271719203745,41.5648679286639],[-81.2702307023618,41.5652551783662],[-81.2701968203147,41.5651761361287],[-81.2701701283543,41.5650955549216],[-81.2701507484997,41.5650138031933],[-81.2701387693353,41.564931254743],[-81.2701342456062,41.5648482870113],[-81.2701371979679,41.5647652793547],[-81.2701476128931,41.5646826113108],[-81.2701654427333,41.5646006608627]]]},"properties":{"source_county":"Geauga","jurisdiction":"Munson Township","parcel_id":"21-142070","owner_name":"YAGER GARY E TOD & ELAINE J TOD","property_address":"11290 HIGHLAND VIEW DR","property_city":"CHARDON","property_zip":"44024"}},{"type":"Feature","geometry":{"type":"Polygon","coordinates":[[[-81.2615124925073,41.5566645302605],[-81.2625365644018,41.5569306931254],[-81.2626185702544,41.556952006424],[-81.2626497857879,41.556962678094],[-81.262677795781,41.5569775439802],[-81.2627016130578,41.556996080155],[-81.2627203982069,41.557017633336],[-81.2627334891653,41.5570414439098],[-81.2627404245528,41.5570666727036],[-81.2627409599331,41.5570924305599],[-81.2627350764299,41.5571178096742],[-81.2627268943115,41.5571461498431],[-81.2627227391205,41.5571749802854],[-81.2627226572558,41.5572039791041],[-81.2627266496367,41.5572328225222],[-81.2627346716929,41.5572611884973],[-81.2627466338616,41.5572887603171],[-81.2627624025872,41.5573152301361],[-81.2627818018127,41.5573403024124],[-81.2625158530621,41.5574907187728],[-81.2622564130131,41.557637452479],[-81.2610702698547,41.5573602307464],[-81.261089855594,41.5572865054296],[-81.2611132403423,41.5572134073933],[-81.2611403887691,41.5571410470377],[-81.2611712598597,41.5570695336483],[-81.2613265858336,41.5567323736859],[-81.2613385634687,41.5567128245684],[-81.2613553884667,41.5566954062439],[-81.2613764142512,41.5566807880864],[-81.2614008328142,41.5566695318612],[-81.261427705767,41.5566620701364],[-81.2614560004022,41.5566586896606],[-81.2614846293787,41.5566595203428],[-81.2615124925073,41.5566645302605]]]},"properties":{"source_county":"Geauga","jurisdiction":"Munson Township","parcel_id":"21-143430","owner_name":"VIDMAR KEVIN & MEGHAN","property_address":"11500 TWIN MILLS LN","property_city":"CHARDON","property_zip":"44024"}},{"type":"Feature","geometry":{"type":"Polygon","coordinates":[[[-81.2599184559272,41.5545778741628],[-81.2604369158983,41.5544444479901],[-81.26047161013,41.5545142452499],[-81.2605113184799,41.5545825179914],[-81.2605559228611,41.5546490631548],[-81.2606052906234,41.5547136828176],[-81.2606592749478,41.5547761847842],[-81.2607177152831,41.5548363831565],[-81.2607804378233,41.5548940988878],[-81.2608472560244,41.5549491603149],[-81.2595058618627,41.5552875631894],[-81.2590881763403,41.5552977965732],[-81.2588815296496,41.5548447195455],[-81.2593999938444,41.5547112980145],[-81.2599184559272,41.5545778741628]]]},"properties":{"source_county":"Geauga","jurisdiction":"Munson Township","parcel_id":"21-145510","owner_name":"EDWARDS MERWIN T & MARCIA D","property_address":"11615 TWIN MILLS LN","property_city":"CHARDON","property_zip":"44024"}},{"type":"Feature","geometry":{"type":"Polygon","coordinates":[[[-81.267994207758,41.5650795773474],[-81.2680158605931,41.5644664987257],[-81.2687478387236,41.5648251412812],[-81.2691498021715,41.5652835635765],[-81.2690924570232,41.5653137552899],[-81.2690369199149,41.5653457967994],[-81.2689832965604,41.5653796271162],[-81.2689316890314,41.5654151818465],[-81.268882195563,41.5654523933138],[-81.2688349103669,41.5654911906882],[-81.2687899234518,41.565531500121],[-81.2687473204523,41.5655732448851],[-81.267994207758,41.5650795773474]]]},"properties":{"source_county":"Geauga","jurisdiction":"Munson Township","parcel_id":"21-145520","owner_name":"WEDGE CLIFFORD H & DONNA J","property_address":"10401 MEADOWHURST LN","property_city":"CHARDON","property_zip":"44024"}},{"type":"Feature","geometry":{"type":"Polygon","coordinates":[[[-81.2672632738826,41.565101889939],[-81.267994207758,41.5650795773474],[-81.2687473204523,41.5655732448851],[-81.2687110872739,41.5656119729096],[-81.2686769060553,41.5656517391759],[-81.268465580244,41.5659085237004],[-81.2669613371157,41.5651453212383],[-81.2669807425121,41.5651105137],[-81.2672632738826,41.565101889939]]]},"properties":{"source_county":"Geauga","jurisdiction":"Munson Township","parcel_id":"21-145530","owner_name":"KOEHLER ERIN M & KEVIN J","property_address":"10407 MEADOWHURST LN","property_city":"CHARDON","property_zip":"44024"}},{"type":"Feature","geometry":{"type":"Polygon","coordinates":[[[-81.2502871161203,41.5661374288388],[-81.2522338253749,41.5656547878376],[-81.2536375984221,41.5658898616218],[-81.2536737764503,41.565895920296],[-81.2535422350371,41.5663515499951],[-81.2535046039018,41.5663509533512],[-81.2527038367692,41.5663382486532],[-81.2519594782456,41.566326433761],[-81.2504495707068,41.5663024526734],[-81.2502871161203,41.5661374288388]]]},"properties":{"source_county":"Geauga","jurisdiction":"Munson Township","parcel_id":"21-146000","owner_name":"SEMENIK ELEANOR V TRUSTEE","property_address":" FOWLERS MILL RD","property_city":"CHARDON","property_zip":"44024"}},{"type":"Feature","geometry":{"type":"Polygon","coordinates":[[[-81.265868044511,41.5672128250025],[-81.2660638172133,41.5672119680712],[-81.2659491207889,41.5698912646885],[-81.2652182287191,41.5698933891327],[-81.2653329096735,41.5672151643347],[-81.265868044511,41.5672128250025]]]},"properties":{"source_county":"Geauga","jurisdiction":"Munson Township","parcel_id":"21-146100","owner_name":"SEPETAVEC STAN & DOROTHY M","property_address":"10501 THWING RD","property_city":"CHARDON","property_zip":"44024"}},{"type":"Feature","geometry":{"type":"Polygon","coordinates":[[[-81.2732370391598,41.5636830291403],[-81.2732372948465,41.5636830129314],[-81.2732950874404,41.5642015934895],[-81.2733578686491,41.5647649321051],[-81.2733574665234,41.5647649566727],[-81.2732820084019,41.5647697020234],[-81.2731438958409,41.5647783832465],[-81.2728116471762,41.5647992674569],[-81.2726910835482,41.5637173468406],[-81.2732370391598,41.5636830291403]]]},"properties":{"source_county":"Geauga","jurisdiction":"Munson Township","parcel_id":"21-146200","owner_name":"KOVALICK MARK E","property_address":"10300 MULBERRY RD","property_city":"CHARDON","property_zip":"44024"}},{"type":"Feature","geometry":{"type":"Polygon","coordinates":[[[-81.2563537863713,41.5581664066427],[-81.2563908347487,41.5581671402514],[-81.2563310096964,41.5583842693442],[-81.256164241185,41.5588311229681],[-81.25612659656,41.5588312743881],[-81.2560703784108,41.5588315005586],[-81.2542447715808,41.558838826082],[-81.2544028594917,41.5581908863216],[-81.2562590411447,41.5581675961698],[-81.2563537863713,41.5581664066427]]]},"properties":{"source_county":"Geauga","jurisdiction":"Munson Township","parcel_id":"21-146700","owner_name":"BARKER CHAD & NATALIE","property_address":"10760 NOLLWOOD DR","property_city":"CHARDON","property_zip":"44024"}},{"type":"Feature","geometry":{"type":"Polygon","coordinates":[[[-81.2625844519653,41.5556358308932],[-81.2627897756315,41.5556012313441],[-81.2625604611093,41.5562845290139],[-81.2624128714899,41.5567243009489],[-81.2615841804554,41.5565089177705],[-81.2615581539429,41.5564999211904],[-81.2615349642302,41.5564872836021],[-81.2615155024933,41.5564714906668],[-81.2615005166409,41.5564531493046],[-81.2614905825729,41.5564329643708],[-81.2614860820486,41.5564117115682],[-81.2614871880167,41.5563902076368],[-81.2614938579699,41.5563692789667],[-81.2615297012477,41.5562914727201],[-81.2615551571076,41.5562316876794],[-81.2615768300597,41.5561710672412],[-81.2615946718621,41.5561097463708],[-81.2616086428024,41.5560478615924],[-81.2616187117872,41.5559855506856],[-81.2616248564101,41.5559229523782],[-81.2616270630022,41.5558602060375],[-81.261625326662,41.55579745136],[-81.2625844519653,41.5556358308932]]]},"properties":{"source_county":"Geauga","jurisdiction":"Munson Township","parcel_id":"21-147270","owner_name":"PETRO MICHAEL M & CARLA A","property_address":"11562 TWIN MILLS LN","property_city":"CHARDON","property_zip":"44024"}},{"type":"Feature","geometry":{"type":"Polygon","coordinates":[[[-81.2610620919926,41.5573964439992],[-81.2610702698547,41.5573602307464],[-81.2622564130131,41.557637452479],[-81.2622642791902,41.5579934347201],[-81.2622742187854,41.5584432951499],[-81.2611836354125,41.5583603968819],[-81.2611571266375,41.5583025640941],[-81.2611330653722,41.558244130738],[-81.2611114756652,41.5581851552324],[-81.2610923790938,41.5581256965375],[-81.2610757947431,41.5580658140968],[-81.261061739186,41.558005567777],[-81.2610502264675,41.5579450178085],[-81.2610412680902,41.5578842247252],[-81.2610348730028,41.5578232493037],[-81.2610310475915,41.557762152503],[-81.2610297956736,41.5577009954029],[-81.2610311184934,41.5576398391437],[-81.2610350147212,41.5575787448644],[-81.2610414804548,41.5575177736421],[-81.261050509223,41.5574569864304],[-81.2610620919926,41.5573964439992]]]},"properties":{"source_county":"Geauga","jurisdiction":"Munson Township","parcel_id":"21-147450","owner_name":"LAWSON DOUG & WENDY","property_address":"11486 TWIN MILLS LN","property_city":"CHARDON","property_zip":"44024"}},{"type":"Feature","geometry":{"type":"Polygon","coordinates":[[[-81.271719203745,41.5648679286639],[-81.2718284490371,41.5648610626545],[-81.2708498306698,41.5658549939839],[-81.2707974573927,41.5658271007352],[-81.2707465826259,41.5657976848018],[-81.2706972848109,41.5657667915398],[-81.2706496399576,41.5657344685836],[-81.2706037215268,41.5657007657716],[-81.2705596003172,41.5656657350699],[-81.2705173443557,41.5656294304919],[-81.2704770187932,41.5655919080151],[-81.2704386858037,41.5655532254949],[-81.2704024044884,41.565513442575],[-81.2703682307851,41.5654726205958],[-81.2703362173814,41.5654308224999],[-81.2703064136336,41.5653881127344],[-81.270278865491,41.5653445571523],[-81.2702536154246,41.5653002229104],[-81.2702307023618,41.5652551783662],[-81.271719203745,41.5648679286639]]]},"properties":{"source_county":"Geauga","jurisdiction":"Munson Township","parcel_id":"21-147660","owner_name":"TREAT NICHOLAS & KLEVE SHANNON","property_address":"11280 HIGHLAND VIEW DR","property_city":"CHARDON","property_zip":"44024"}},{"type":"Feature","geometry":{"type":"Polygon","coordinates":[[[-81.2641704011901,41.5651819275219],[-81.2650269302933,41.5651634852469],[-81.2652152072651,41.565943206702],[-81.2650973641621,41.5659618047651],[-81.2645281235266,41.5660548518359],[-81.2641704287035,41.5651819944507],[-81.2641704011901,41.5651819275219]]]},"properties":{"source_county":"Geauga","jurisdiction":"Munson Township","parcel_id":"21-147670","owner_name":"SUTTON KENNETH F JR & CONSTANCE M","property_address":"10461 MEADOWHURST LN","property_city":"CHARDON","property_zip":"44024"}},{"type":"Feature","geometry":{"type":"Polygon","coordinates":[[[-81.2545531110415,41.5524726076287],[-81.2555115916089,41.5524771182554],[-81.2555232960918,41.5531272957403],[-81.255541232515,41.5541237732353],[-81.2549536302522,41.5541210896996],[-81.2545827301321,41.5541193952522],[-81.2545531110415,41.5524726076287]]]},"properties":{"source_county":"Geauga","jurisdiction":"Munson Township","parcel_id":"21-149100","owner_name":"COOKE LAURA A","property_address":"10783 WILSON MILLS RD","property_city":"CHARDON","property_zip":"44024"}},{"type":"Feature","geometry":{"type":"Polygon","coordinates":[[[-81.2566863370218,41.5547868029241],[-81.2576889988984,41.5547703996959],[-81.2579423311199,41.5553258643579],[-81.2566975040816,41.5553563431183],[-81.2566612753034,41.5553572302445],[-81.2566562748128,41.5551014365286],[-81.2566501357379,41.5547873949771],[-81.2566863370218,41.5547868029241]]]},"properties":{"source_county":"Geauga","jurisdiction":"Munson Township","parcel_id":"21-149340","owner_name":"SAMLOFF ANDREA K & MASCIA JUSTIN A","property_address":"11606 FOWLERS MILL RD","property_city":"CHARDON","property_zip":"44024"}},{"type":"Feature","geometry":{"type":"Polygon","coordinates":[[[-81.2497931153564,41.5587048729883],[-81.2500455474394,41.5579270817016],[-81.2500842713068,41.5579319215247],[-81.2501235185307,41.5579325557647],[-81.2501624837038,41.5579289714063],[-81.2502003672071,41.5579212420053],[-81.2502363916193,41.5579095261798],[-81.2502698176717,41.5578940643544],[-81.2502999594182,41.5578751738267],[-81.250326198313,41.5578532422555],[-81.250349445181,41.5578352673993],[-81.2503775134157,41.557821720613],[-81.250408940464,41.5578133077786],[-81.2504420887573,41.5578104672631],[-81.2513238755209,41.5578109984637],[-81.2512883777624,41.5587008927145],[-81.2497931153564,41.5587048729883]]]},"properties":{"source_county":"Geauga","jurisdiction":"Munson Township","parcel_id":"21-150470","owner_name":"NITZ JEFFREY D","property_address":"10890 NOLLWOOD DR","property_city":"CHARDON","property_zip":"44024"}},{"type":"Feature","geometry":{"type":"Polygon","coordinates":[[[-81.27002820668,41.5653188060247],[-81.2700643078222,41.5653876660312],[-81.270105393932,41.5654549317387],[-81.2701513408097,41.5655203997843],[-81.2702020095592,41.5655838722393],[-81.2696597753352,41.5658413681514],[-81.2691181199766,41.5660985849387],[-81.268719277658,41.5659134544352],[-81.2688634131819,41.5657383110192],[-81.2688988342776,41.5656974425182],[-81.2689367653647,41.5656578648939],[-81.2689771231751,41.5656196650245],[-81.2690198191141,41.5655829267635],[-81.2690647594551,41.5655477307559],[-81.2691118455452,41.5655141542612],[-81.2691609740217,41.5654822709838],[-81.2692120370393,41.565452150911],[-81.2692649225065,41.5654238601598],[-81.2693195143317,41.5653974608313],[-81.2693756926784,41.565373010875],[-81.2694333342278,41.5653505639608],[-81.2694923124494,41.5653301693621],[-81.2695524978793,41.565311871847],[-81.2696137584039,41.5652957115803],[-81.2696759595499,41.5652817240354],[-81.2697357052279,41.5652704832379],[-81.2698586159537,41.5652495415859],[-81.2698847051051,41.5652469194759],[-81.2699109974156,41.5652478538776],[-81.2699366402972,41.565252314491],[-81.2699608022209,41.5652601566704],[-81.2699826996804,41.5652711261153],[-81.2700016225989,41.5652848671161],[-81.2700169573548,41.5653009340889],[-81.27002820668,41.5653188060247]]]},"properties":{"source_county":"Geauga","jurisdiction":"Munson Township","parcel_id":"21-150750","owner_name":"KOSTRAB STEVEN M &DENISE E","property_address":"10374 MEADOWHURST LN","property_city":"CHARDON","property_zip":"44024"}},{"type":"Feature","geometry":{"type":"Polygon","coordinates":[[[-81.2593143650758,41.5583290310835],[-81.2591861121783,41.5580657884023],[-81.2588285998618,41.5580682436013],[-81.2588266029927,41.5579994428873],[-81.2588114030548,41.5574755900291],[-81.2608175368029,41.5575529893013],[-81.2608111707757,41.5576557836184],[-81.2608115224783,41.5577586887441],[-81.2608185910963,41.5578614571496],[-81.2608323596584,41.5579638416337],[-81.2606979215989,41.5579961849901],[-81.2593143650758,41.5583290310835]]]},"properties":{"source_county":"Geauga","jurisdiction":"Munson Township","parcel_id":"21-151700","owner_name":"ANDRE BARBARA A TOD","property_address":"11515 TWIN MILLS LN","property_city":"CHARDON","property_zip":"44024"}},{"type":"Feature","geometry":{"type":"Polygon","coordinates":[[[-81.2604862010004,41.5649454310472],[-81.2605477502942,41.5639059272691],[-81.2610924511384,41.5639519865522],[-81.2609808353196,41.5658362225117],[-81.2604333397473,41.5658381740333],[-81.2604862010004,41.5649454310472]]]},"properties":{"source_county":"Geauga","jurisdiction":"Munson Township","parcel_id":"21-153100","owner_name":"STALKER RICHARD K & JUNE","property_address":"10620 MULBERRY RD","property_city":"CHARDON","property_zip":"44024"}},{"type":"Feature","geometry":{"type":"Polygon","coordinates":[[[-81.2573166467809,41.5539539499667],[-81.2578351048184,41.5538205299577],[-81.25851525625,41.5553118319047],[-81.2579423311199,41.5553258643579],[-81.2576889988984,41.5547703996959],[-81.2573166467809,41.5539539499667]]]},"properties":{"source_county":"Geauga","jurisdiction":"Munson Township","parcel_id":"21-153470","owner_name":"MOWBRAY SAMUEL A & EVELYN K","property_address":"10698 WILSON MILLS RD","property_city":"CHARDON","property_zip":"44024"}},{"type":"Feature","geometry":{"type":"Polygon","coordinates":[[[-81.2543602500964,41.563665471037],[-81.2546856332963,41.5627935171627],[-81.2547199521085,41.562802686593],[-81.2553683379994,41.5629759423632],[-81.2565357256504,41.5632878690465],[-81.2565925445802,41.5634112491269],[-81.2560288697994,41.5637372802594],[-81.2554863310214,41.5639662068694],[-81.2552328190298,41.5638985040127],[-81.2543946910778,41.5636746688816],[-81.2543602500964,41.563665471037]]]},"properties":{"source_county":"Geauga","jurisdiction":"Munson Township","parcel_id":"21-154600","owner_name":"LAURIC MICHAEL T","property_address":"11330 FOWLERS MILL RD","property_city":"CHARDON","property_zip":"44024"}},{"type":"Feature","geometry":{"type":"Polygon","coordinates":[[[-81.2645748063666,41.5662157403747],[-81.2652508466001,41.5671980677349],[-81.2652628231493,41.5672154699973],[-81.2646203945882,41.5672182752186],[-81.2641621549635,41.5672202736562],[-81.2641652866582,41.5672009042183],[-81.2642968873415,41.5663868562057],[-81.2643231075365,41.5663797401792],[-81.2643482294409,41.5663706604326],[-81.2643719930939,41.566359710923],[-81.26439415259,41.566347004956],[-81.2644144786241,41.5663326740127],[-81.2644327608638,41.5663168663895],[-81.2644488101266,41.5662997456632],[-81.264462460337,41.5662814889986],[-81.2644823817296,41.5662582968484],[-81.2645086635544,41.5662390062764],[-81.2645399932999,41.5662245806481],[-81.2645748063666,41.5662157403747]]]},"properties":{"source_county":"Geauga","jurisdiction":"Munson Township","parcel_id":"21-156150","owner_name":"MARTINEZ JUAN D & CLAUDIA A","property_address":"10470 MEADOWHURST LN","property_city":"CHARDON","property_zip":"44024"}},{"type":"Feature","geometry":{"type":"Polygon","coordinates":[[[-81.2561519859494,41.5588639594979],[-81.256299886893,41.5584676634862],[-81.2563354166723,41.5584751417191],[-81.2578393125712,41.5587916744417],[-81.2576913969257,41.5591880621724],[-81.2561875015599,41.5588714367208],[-81.2561519859494,41.5588639594979]]]},"properties":{"source_county":"Geauga","jurisdiction":"Munson Township","parcel_id":"21-156715","owner_name":"HAAPALA RICHARD TOD & THIBONRIEA BIANCA","property_address":"11488 FOWLERS MILL RD","property_city":"CHARDON","property_zip":"44024"}},{"type":"Feature","geometry":{"type":"Polygon","coordinates":[[[-81.2650051446927,41.5639708105249],[-81.26500828127,41.5639707457315],[-81.2650393850854,41.5651631953787],[-81.265032671274,41.5651633517988],[-81.2641704011901,41.5651819275219],[-81.2639807076678,41.5651860138174],[-81.2637186687543,41.5651916573531],[-81.2637186726983,41.5651915754508],[-81.2637784943891,41.5639961986512],[-81.2650051446927,41.5639708105249]]]},"properties":{"source_county":"Geauga","jurisdiction":"Munson Township","parcel_id":"21-156745","owner_name":"ANTALIK ROBERT W TOD & DOROTHY TOD","property_address":"10530 MULBERRY RD","property_city":"CHARDON","property_zip":"44024"}},{"type":"Feature","geometry":{"type":"Polygon","coordinates":[[[-81.2719204737885,41.5662404364307],[-81.2726412705255,41.5651848743721],[-81.2729965406348,41.5655169151561],[-81.2730876191652,41.5656020377349],[-81.2723697836938,41.566469754758],[-81.2723379176765,41.5664600673576],[-81.2723094308269,41.5664456149484],[-81.2722167563001,41.5663895874567],[-81.2721209160554,41.5663366490449],[-81.2720220925177,41.5662869004733],[-81.2719204737885,41.5662404364307]]]},"properties":{"source_county":"Geauga","jurisdiction":"Munson Township","parcel_id":"21-157260","owner_name":"ADKINS DANIEL JOSEPH & EMILY BROOK","property_address":"11250 HIGHLAND VIEW DR","property_city":"CHARDON","property_zip":"44024"}},{"type":"Feature","geometry":{"type":"Polygon","coordinates":[[[-81.2521104922356,41.5586986959065],[-81.2526345570871,41.5579974559971],[-81.2530971160387,41.5581460697318],[-81.2531695902275,41.5581660517918],[-81.2532444666238,41.5581801794308],[-81.2533209095174,41.5581882949676],[-81.2533980657132,41.5581903078228],[-81.253049668266,41.5595016519651],[-81.2530477517362,41.5595088668171],[-81.2520575570515,41.5595128182055],[-81.2520582217646,41.5595025966861],[-81.2521104922356,41.5586986959065]]]},"properties":{"source_county":"Geauga","jurisdiction":"Munson Township","parcel_id":"21-158850","owner_name":"CHAPMAN VICTORIA D TOD","property_address":"10840 NOLLWOOD DR","property_city":"CHARDON","property_zip":"44024"}},{"type":"Feature","geometry":{"type":"Polygon","coordinates":[[[-81.2503976053534,41.5530711714195],[-81.2513856529361,41.5530757199794],[-81.251402331763,41.5541048109879],[-81.2503920578399,41.5541001603886],[-81.2503976053534,41.5530711714195]]]},"properties":{"source_county":"Geauga","jurisdiction":"Munson Township","parcel_id":"21-161850","owner_name":"KLIS JEFFREY & RACHEL DAWN DRAPER","property_address":"10889 WILSON MILLS RD","property_city":"CHARDON","property_zip":"44024"}},{"type":"Feature","geometry":{"type":"Polygon","coordinates":[[[-81.2688744587357,41.5621402327047],[-81.2686617570777,41.5619481979485],[-81.2682961405062,41.5619652240793],[-81.2682834601962,41.5614060214504],[-81.2682144243711,41.5583613222931],[-81.2686010602683,41.5583622069179],[-81.2690431914168,41.5583632157695],[-81.2690344636244,41.5616695662153],[-81.2690287761238,41.5638239294493],[-81.2689416607338,41.5638279864897],[-81.2689377757016,41.5631786119389],[-81.2689351204898,41.5631332240191],[-81.2689277133222,41.5630881342025],[-81.2689156002376,41.5630436226837],[-81.2688988565181,41.5629999660634],[-81.268844669237,41.5628771045956],[-81.2688365058562,41.5628552911244],[-81.2688310383716,41.5628330075895],[-81.2688283127913,41.5628104415148],[-81.2688283520491,41.5627877828015],[-81.2688311558118,41.5627652221302],[-81.268836700482,41.5627429493565],[-81.2688449393968,41.5627211519127],[-81.2688558032204,41.562700013231],[-81.2688930866964,41.5626363272177],[-81.2689110704532,41.5625991753761],[-81.2689224365323,41.5625605771926],[-81.2689269900541,41.5625211945008],[-81.2689246529528,41.5624817025848],[-81.2688744587357,41.5621402327047]]]},"properties":{"source_county":"Geauga","jurisdiction":"Munson Township","parcel_id":"21-161900","owner_name":"PESESKI WILLIAM A","property_address":"10431 MULBERRY RD","property_city":"CHARDON","property_zip":"44024"}},{"type":"Feature","geometry":{"type":"Polygon","coordinates":[[[-81.2640676203217,41.549606020656],[-81.2665021028744,41.5490353280321],[-81.2664807678611,41.5496672097456],[-81.266453869579,41.5504638246528],[-81.2664412900754,41.5508363705915],[-81.2654537222568,41.5511169339744],[-81.2652822385158,41.5519225033015],[-81.2644672740631,41.5521135572627],[-81.2642744901292,41.5521631818684],[-81.2641622759219,41.5521920673858],[-81.2640676203217,41.549606020656]]]},"properties":{"source_county":"Geauga","jurisdiction":"Munson Township","parcel_id":"21-163600","owner_name":"BALAZS JOHN M JR","property_address":"10509 WILSON MILLS RD","property_city":"CHARDON","property_zip":"44024"}},{"type":"Feature","geometry":{"type":"Polygon","coordinates":[[[-81.2564508351423,41.5580845479403],[-81.2581074144756,41.5580731937613],[-81.2578393125712,41.5587916744417],[-81.2563354166723,41.5584751417191],[-81.256299886893,41.5584676634862],[-81.2563310096964,41.5583842693442],[-81.2563908347487,41.5581671402514],[-81.2564134803018,41.5580848034072],[-81.2564508351423,41.5580845479403]]]},"properties":{"source_county":"Geauga","jurisdiction":"Munson Township","parcel_id":"21-164300","owner_name":"HAAPALA RICHARD TOD & THIBONRIEA BIANCA","property_address":"11500 FOWLERS MILL RD","property_city":"CHARDON","property_zip":"44024"}},{"type":"Feature","geometry":{"type":"Polygon","coordinates":[[[-81.2505777553513,41.5516913249872],[-81.2513564394531,41.5512645334062],[-81.2513570958704,41.5513051886885],[-81.2513823327941,41.5528699029843],[-81.2505175617644,41.5519782340628],[-81.250538408554,41.5519655646909],[-81.250557506964,41.5519514253434],[-81.2505746740924,41.5519359514311],[-81.2505897455333,41.5519192911457],[-81.2506025769511,41.5519016040404],[-81.250613045463,41.5518830595022],[-81.2506210508159,41.5518638351292],[-81.2506265163457,41.5518441150302],[-81.2506293897123,41.5518240880614],[-81.2506296434005,41.5518039460174],[-81.2506272749832,41.5517838817949],[-81.2506223071445,41.5517640875451],[-81.2506147874627,41.5517447528336],[-81.2506047879546,41.5517260628247],[-81.2505924043853,41.5517081965087],[-81.2505777553513,41.5516913249872]]]},"properties":{"source_county":"Geauga","jurisdiction":"Munson Township","parcel_id":"21-165130","owner_name":"SALAMONE BRYAN A & MELISSA F","property_address":"10872 WOOD HOLLOW DR","property_city":"CHARDON","property_zip":"44024"}},{"type":"Feature","geometry":{"type":"Polygon","coordinates":[[[-81.2534955074354,41.5665134000142],[-81.2536503706253,41.5659769930229],[-81.2536854957088,41.5659830647044],[-81.2549370043034,41.5661993700339],[-81.2549238367605,41.5667602657782],[-81.2535307702422,41.5665194948287],[-81.2534955074354,41.5665134000142]]]},"properties":{"source_county":"Geauga","jurisdiction":"Munson Township","parcel_id":"21-165300","owner_name":"MOSTAR JAMES R & BARBARA","property_address":"11226 FOWLERS MILL RD","property_city":"CHARDON","property_zip":"44024"}},{"type":"Feature","geometry":{"type":"Polygon","coordinates":[[[-81.2726294842531,41.5623375774984],[-81.2731753572031,41.5623004038794],[-81.2731276186524,41.5635790268282],[-81.2715619955755,41.5636777742127],[-81.2716100582608,41.5623746798417],[-81.2726294842531,41.5623375774984]]]},"properties":{"source_county":"Geauga","jurisdiction":"Munson Township","parcel_id":"21-166200","owner_name":"CANGANELLI ANTHONY R & ALISA","property_address":"10305 MULBERRY RD","property_city":"CHARDON","property_zip":"44024"}},{"type":"Feature","geometry":{"type":"Polygon","coordinates":[[[-81.2627174127321,41.5525639788444],[-81.2629369395252,41.5525074729617],[-81.2633588372888,41.5544685530238],[-81.2626243222154,41.5545577115929],[-81.2621138987991,41.5546196667555],[-81.2620556984249,41.5543491180809],[-81.2617265482129,41.5528190161186],[-81.2620623886593,41.5527325747193],[-81.2627142035846,41.5525648046117],[-81.2627174127321,41.5525639788444]]]},"properties":{"source_county":"Geauga","jurisdiction":"Munson Township","parcel_id":"21-166300","owner_name":"RISCHAR CHARLES M & SUSAN J","property_address":"10580 WILSON MILLS RD","property_city":"CHARDON","property_zip":"44024"}},{"type":"Feature","geometry":{"type":"Polygon","coordinates":[[[-81.270950467431,41.5638267404392],[-81.2715986580518,41.5637860060374],[-81.271703967763,41.5647311854818],[-81.2710449213486,41.5646745541325],[-81.270950467431,41.5638267404392]]]},"properties":{"source_county":"Geauga","jurisdiction":"Munson Township","parcel_id":"21-166571","owner_name":"SHAW SUSAN M TOD","property_address":"10350 MULBERRY RD","property_city":"CHARDON","property_zip":"44024"}},{"type":"Feature","geometry":{"type":"Polygon","coordinates":[[[-81.2485009752524,41.5661673645495],[-81.2485279277104,41.5634629064363],[-81.2513881320043,41.5634726829023],[-81.254390339036,41.5634828686234],[-81.2544283443167,41.563482997156],[-81.254172255263,41.5641692430969],[-81.2539177768988,41.5650507413506],[-81.2538815227959,41.5650454905677],[-81.2535799372355,41.5650018083483],[-81.2535769729696,41.5653217631119],[-81.2522338253749,41.5656547878376],[-81.2502871161203,41.5661374288388],[-81.2485009752524,41.5661673645495]]]},"properties":{"source_county":"Geauga","jurisdiction":"Munson Township","parcel_id":"21-167200","owner_name":"SEMENIK ELEANOR V TRUSTEE","property_address":"11281 FOWLERS MILL RD","property_city":"CHARDON","property_zip":"44024"}},{"type":"Feature","geometry":{"type":"Polygon","coordinates":[[[-81.2535769729696,41.5653217631119],[-81.2535799372355,41.5650018083483],[-81.2538815227959,41.5650454905677],[-81.2539177768988,41.5650507413506],[-81.2536737764503,41.565895920296],[-81.2536375984221,41.5658898616218],[-81.2522338253749,41.5656547878376],[-81.2535769729696,41.5653217631119]]]},"properties":{"source_county":"Geauga","jurisdiction":"Munson Township","parcel_id":"21-167300","owner_name":"SEMENIK ELEANOR V TRUSTEE","property_address":" FOWLERS MILL RD","property_city":"CHARDON","property_zip":"44024"}},{"type":"Feature","geometry":{"type":"Polygon","coordinates":[[[-81.2677449547349,41.5672046007335],[-81.2681938947589,41.5672026290892],[-81.2680551470568,41.5698974509372],[-81.2680550070778,41.5699001752185],[-81.2677018391318,41.5698994312359],[-81.2673647937231,41.5698987141342],[-81.2675034790138,41.5672056607013],[-81.2677449547349,41.5672046007335]]]},"properties":{"source_county":"Geauga","jurisdiction":"Munson Township","parcel_id":"21-168500","owner_name":"FACCHINE ASHLEY & RYAN","property_address":"10439 THWING RD","property_city":"CHARDON","property_zip":"44024"}},{"type":"Feature","geometry":{"type":"Polygon","coordinates":[[[-81.2686232605398,41.566030125239],[-81.268719277658,41.5659134544352],[-81.2691181199766,41.5660985849387],[-81.2696392437383,41.5665513579347],[-81.2697875717654,41.5666802301077],[-81.2699190592779,41.5671953118926],[-81.2699210328132,41.5672030418493],[-81.2696560305549,41.5671961957519],[-81.2696559672529,41.5671881402432],[-81.2696549724955,41.567060651646],[-81.26962514013,41.5670390219846],[-81.2684562546485,41.5661914951081],[-81.2685022647188,41.5661537313689],[-81.2685455170328,41.5661141720445],[-81.2685858875613,41.5660729305787],[-81.2686232605398,41.566030125239]]]},"properties":{"source_county":"Geauga","jurisdiction":"Munson Township","parcel_id":"21-168550","owner_name":"MOSS TRAVIS T & KELLY M","property_address":"10408 MEADOWHURST LN","property_city":"CHARDON","property_zip":"44024"}},{"type":"Feature","geometry":{"type":"Polygon","coordinates":[[[-81.2615785079687,41.552857118967],[-81.2617265482129,41.5528190161186],[-81.2620556984249,41.5543491180809],[-81.2617980614057,41.5543803893967],[-81.2616812111849,41.5541242171474],[-81.2611531859767,41.5529665887414],[-81.2615785079687,41.552857118967]]]},"properties":{"source_county":"Geauga","jurisdiction":"Munson Township","parcel_id":"21-168620","owner_name":"SVAJGER MARGARET TOD","property_address":"10600 WILSON MILLS RD","property_city":"CHARDON","property_zip":"44024"}},{"type":"Feature","geometry":{"type":"Polygon","coordinates":[[[-81.2586735405305,41.5514018111053],[-81.2586811033056,41.5514018217303],[-81.2586827784527,41.5514957437611],[-81.2586829336625,41.5515044441651],[-81.2586908880239,41.5519506189921],[-81.2565979055795,41.551947737235],[-81.2565880028591,41.5513989437479],[-81.2586735405305,41.5514018111053]]]},"properties":{"source_county":"Geauga","jurisdiction":"Munson Township","parcel_id":"21-169500","owner_name":"TOMSICK JOSEPH R & LISA M","property_address":"11730 FOWLERS MILL RD","property_city":"CHARDON","property_zip":"44024"}},{"type":"Feature","geometry":{"type":"Polygon","coordinates":[[[-81.2531809815268,41.5676029296185],[-81.2533357444221,41.5670667715404],[-81.2533711690083,41.5670728231116],[-81.2549102538769,41.5673388344293],[-81.2548983961345,41.5678438651946],[-81.2532167683056,41.567608109848],[-81.2531809365861,41.5676030858207],[-81.2531809815268,41.5676029296185]]]},"properties":{"source_county":"Geauga","jurisdiction":"Munson Township","parcel_id":"21-170050","owner_name":"RYAN KEVIN P & KATHLEEN M","property_address":"11196 FOWLERS MILL RD","property_city":"CHARDON","property_zip":"44024"}},{"type":"Feature","geometry":{"type":"Polygon","coordinates":[[[-81.256600416787,41.5541286020856],[-81.2566372617788,41.5541288147803],[-81.2566562748128,41.5551014365286],[-81.2566194305061,41.555101664193],[-81.2557788377545,41.5551058114718],[-81.2557456143609,41.5541247058078],[-81.256600416787,41.5541286020856]]]},"properties":{"source_county":"Geauga","jurisdiction":"Munson Township","parcel_id":"21-170260","owner_name":"HOEFLER MARK D & CHRISTINA M","property_address":"11625 FOWLERS MILL RD","property_city":"CHARDON","property_zip":"44024"}},{"type":"Feature","geometry":{"type":"Polygon","coordinates":[[[-81.2587350676809,41.5627961737286],[-81.2591835338665,41.5627506449571],[-81.2593727005787,41.5638065582345],[-81.2588436484661,41.5639142029547],[-81.2585726771264,41.56336625103],[-81.2587350676809,41.5627961737286]]]},"properties":{"source_county":"Geauga","jurisdiction":"Munson Township","parcel_id":"21-172030","owner_name":"SHELTON RANDY L & LISA A","property_address":"10671 MULBERRY RD","property_city":"CHARDON","property_zip":"44024"}},{"type":"Feature","geometry":{"type":"Polygon","coordinates":[[[-81.2632070387919,41.5569307044138],[-81.2639883048111,41.5562643409007],[-81.2645818842703,41.556679367842],[-81.2653681654925,41.5569098146489],[-81.2655217952057,41.5576067396722],[-81.2659751118786,41.5577304329433],[-81.2668681409409,41.558338952619],[-81.2667164036528,41.5588461526741],[-81.266174052497,41.5592002904497],[-81.2652584692437,41.5584835257684],[-81.2642466304297,41.5576913802203],[-81.2634522347708,41.557207139414],[-81.2634528771195,41.5571848531044],[-81.263451109332,41.557162601154],[-81.2634469430738,41.557140530369],[-81.2634404058337,41.55711878636],[-81.2634315407432,41.5570975125815],[-81.2634204062912,41.5570768493858],[-81.2634070759386,41.5570569330967],[-81.263391637633,41.5570378951101],[-81.2633741932291,41.5570198610273],[-81.2633548578162,41.5570029498265],[-81.2633337589591,41.5569872730776],[-81.2633110358564,41.5569729342062],[-81.2632868384222,41.5569600278115],[-81.2632613262971,41.5569486390418],[-81.2632346677948,41.5569388430333],[-81.2632070387919,41.5569307044138]]]},"properties":{"source_county":"Geauga","jurisdiction":"Munson Township","parcel_id":"21-172298","owner_name":"BLACKLEY MICHAEL G & DENISE C","property_address":"10543 HEMLOCK RIDGE DR","property_city":"CHARDON","property_zip":"44024"}},{"type":"Feature","geometry":{"type":"Polygon","coordinates":[[[-81.2724324262342,41.5577012171865],[-81.2735049940162,41.5577044739528],[-81.2734823133588,41.5583853618974],[-81.2733983194885,41.5609069060444],[-81.2716100582608,41.5623746798417],[-81.2709734057706,41.5628972072232],[-81.2709246481694,41.562937224718],[-81.2708946136735,41.5637198613014],[-81.2698529360874,41.5637855446644],[-81.2697192318637,41.5637917723547],[-81.2697214237358,41.5637094866579],[-81.2697766014959,41.5616378380234],[-81.2698472902642,41.5589376033158],[-81.2698622779167,41.558365081811],[-81.269879860716,41.5576934250895],[-81.2724324262342,41.5577012171865]]]},"properties":{"source_county":"Geauga","jurisdiction":"Munson Township","parcel_id":"21-172400","owner_name":"WOOD RICHARD T","property_address":"10379 MULBERRY RD","property_city":"CHARDON","property_zip":"44024"}},{"type":"Feature","geometry":{"type":"Polygon","coordinates":[[[-81.2587930377441,41.5568426296384],[-81.259550460457,41.5568240734195],[-81.2609096251278,41.5571478488096],[-81.260876703715,41.5572477389554],[-81.2608503422194,41.557348721357],[-81.2608306040794,41.5574505531188],[-81.2608175368029,41.5575529893013],[-81.2588114030548,41.5574755900291],[-81.2588052197553,41.5572623438619],[-81.2587930377441,41.5568426296384]]]},"properties":{"source_county":"Geauga","jurisdiction":"Munson Township","parcel_id":"21-173550","owner_name":"KINNEY ROBERT M & ELLEN M CO TRUSTEES","property_address":"11533 TWIN MILLS LN","property_city":"CHARDON","property_zip":"44024"}},{"type":"Feature","geometry":{"type":"Polygon","coordinates":[[[-81.2566341355697,41.5558516752566],[-81.2566709356766,41.5558514615176],[-81.2566770869783,41.5561661325314],[-81.2566868477385,41.5566638037174],[-81.2566773022516,41.5566973528079],[-81.2566507220403,41.5566976237694],[-81.2558242724995,41.5567058536903],[-81.2558057082148,41.5558554029128],[-81.2566341355697,41.5558516752566]]]},"properties":{"source_county":"Geauga","jurisdiction":"Munson Township","parcel_id":"21-175000","owner_name":"SCUREC FRANK TOD & SHEILA A TOD","property_address":"11561 FOWLERS MILL RD","property_city":"CHARDON","property_zip":"44024"}},{"type":"Feature","geometry":{"type":"Polygon","coordinates":[[[-81.2566194305061,41.555101664193],[-81.2566562748128,41.5551014365286],[-81.2566709356766,41.5558514615176],[-81.2566341355697,41.5558516752566],[-81.2558057082148,41.5558554029128],[-81.2557788377545,41.5551058114718],[-81.2566194305061,41.555101664193]]]},"properties":{"source_county":"Geauga","jurisdiction":"Munson Township","parcel_id":"21-175050","owner_name":"TANSKI ELAINE & DAVID R TRUSTEES","property_address":"11593 FOWLERS MILL RD","property_city":"CHARDON","property_zip":"44024"}},{"type":"Feature","geometry":{"type":"Polygon","coordinates":[[[-81.2641621549635,41.5672202736562],[-81.2646203945882,41.5672182752186],[-81.2645788306303,41.5681874704801],[-81.2639393169626,41.5681893224165],[-81.263980849937,41.5672210634591],[-81.2641621549635,41.5672202736562]]]},"properties":{"source_county":"Geauga","jurisdiction":"Munson Township","parcel_id":"21-176371","owner_name":"SCHWARTZ SUZANNE E","property_address":" THWING RD","property_city":"CHARDON","property_zip":"44024"}},{"type":"Feature","geometry":{"type":"Polygon","coordinates":[[[-81.2731888959414,41.5688138652042],[-81.2736893373203,41.5688107314662],[-81.2736430734658,41.5698850513082],[-81.2731642133296,41.5698858303411],[-81.2720909518604,41.5698875692018],[-81.2721184982228,41.5692366494111],[-81.2721361121541,41.5688204500189],[-81.2731888959414,41.5688138652042]]]},"properties":{"source_county":"Geauga","jurisdiction":"Munson Township","parcel_id":"21-176373","owner_name":"ORR PENELOPE HUNTER TRUSTEE","property_address":" THWING RD","property_city":"CHARDON","property_zip":"44024"}},{"type":"Feature","geometry":{"type":"Polygon","coordinates":[[[-81.2567276390145,41.5568932080949],[-81.2587930377441,41.5568426296384],[-81.2588052197553,41.5572623438619],[-81.2566732104586,41.557276993932],[-81.2566358296926,41.5572772500884],[-81.2566944537714,41.5570643573334],[-81.2566912150741,41.5568941003532],[-81.2567276390145,41.5568932080949]]]},"properties":{"source_county":"Geauga","jurisdiction":"Munson Township","parcel_id":"21-176374","owner_name":"MIKUS JEFFREY & ALLISON","property_address":" FOWLERS MILL RD","property_city":"CHARDON","property_zip":"44024"}},{"type":"Feature","geometry":{"type":"Polygon","coordinates":[[[-81.2663306887055,41.551676702447],[-81.2663859270407,41.5516637523476],[-81.2663829928136,41.5517506922909],[-81.2663820156031,41.5517796686787],[-81.2663124142306,41.553841714059],[-81.2664141579556,41.5540757247236],[-81.2663922316454,41.5547253126601],[-81.2666864218305,41.5550126153589],[-81.2666586590009,41.5553424666918],[-81.266803377966,41.5554869079084],[-81.2664814491448,41.5557291585201],[-81.2667800646321,41.5559220736051],[-81.2666740391998,41.5560725950789],[-81.2669337275874,41.5566810201439],[-81.2667871679326,41.556975138018],[-81.2671802480467,41.5572100535706],[-81.2669461338478,41.5578155951327],[-81.2676428527662,41.5583600134733],[-81.2671513689301,41.5590544289832],[-81.2671288395539,41.5590862606336],[-81.26638445127,41.5594716043885],[-81.2663827833387,41.5594694534121],[-81.266174052497,41.5592002904497],[-81.2667164036528,41.5588461526741],[-81.2668681409409,41.558338952619],[-81.2659751118786,41.5577304329433],[-81.2655217952057,41.5576067396722],[-81.2653681654925,41.5569098146489],[-81.2662072136898,41.5553346643338],[-81.2663267759538,41.5517926196633],[-81.2663277544214,41.5517636414882],[-81.2663306887055,41.551676702447]]]},"properties":{"source_county":"Geauga","jurisdiction":"Munson Township","parcel_id":"21-176388","owner_name":"WAYT SCOTT M & DAWN M","property_address":"10478 WILSON MILLS RD","property_city":"CHARDON","property_zip":"44024"}},{"type":"Feature","geometry":{"type":"Polygon","coordinates":[[[-81.2566863780537,41.5566398510581],[-81.2566770869783,41.5561661325314],[-81.2566958251019,41.556166946425],[-81.2567134255509,41.556168327148],[-81.2575607881006,41.5562348005927],[-81.2575880702818,41.5560661615219],[-81.2595284039931,41.5560641892501],[-81.2595385150681,41.5564125076219],[-81.259550460457,41.5568240734195],[-81.2587930377441,41.5568426296384],[-81.2567276390145,41.5568932080949],[-81.2566912150741,41.5568941003532],[-81.2566868477385,41.5566638037174],[-81.2566863780537,41.5566398510581]]]},"properties":{"source_county":"Geauga","jurisdiction":"Munson Township","parcel_id":"21-176433","owner_name":"MIKUS JEFFREY & ALLISON","property_address":" FOWLERS MILL RD","property_city":"CHARDON","property_zip":"44024"}},{"type":"Feature","geometry":{"type":"Polygon","coordinates":[[[-81.2567871101608,41.5643326161276],[-81.2573332715792,41.5642215006357],[-81.2585581677653,41.5658448368204],[-81.2579298056185,41.5658470627978],[-81.2567871101608,41.5643326161276]]]},"properties":{"source_county":"Geauga","jurisdiction":"Munson Township","parcel_id":"21-176583","owner_name":"SHAPIRO JACK A TOD AKA JACK TOD","property_address":" MULBERRY RD","property_city":"CHARDON","property_zip":"44024"}},{"type":"Feature","geometry":{"type":"Polygon","coordinates":[[[-81.2578405620751,41.5641182917884],[-81.2578794311274,41.5641103834714],[-81.2591863092252,41.5658426086872],[-81.2585581677653,41.5658448368204],[-81.2573332715792,41.5642215006357],[-81.2578405620751,41.5641182917884]]]},"properties":{"source_county":"Geauga","jurisdiction":"Munson Township","parcel_id":"21-176584","owner_name":"SHAPIRO JACK A TOD AKA JACK TOD","property_address":"10716 MULBERRY RD","property_city":"CHARDON","property_zip":"44024"}},{"type":"Feature","geometry":{"type":"Polygon","coordinates":[[[-81.2578794311274,41.5641103834714],[-81.2587818709595,41.5639267725754],[-81.2595120088596,41.5658414518857],[-81.2591863092252,41.5658426086872],[-81.2578794311274,41.5641103834714]]]},"properties":{"source_county":"Geauga","jurisdiction":"Munson Township","parcel_id":"21-176585","owner_name":"SHAPIRO JACK A TOD AKA JACK TOD","property_address":" MULBERRY RD","property_city":"CHARDON","property_zip":"44024"}},{"type":"Feature","geometry":{"type":"Polygon","coordinates":[[[-81.2613896361916,41.5516244829266],[-81.2613947844358,41.551622160557],[-81.2614346067559,41.5516648948499],[-81.2614693701192,41.5517100516472],[-81.2614988150395,41.551757293896],[-81.2615227217263,41.5518062689771],[-81.2615409117254,41.5518566113362],[-81.2615532492516,41.551907945213],[-81.2615596422023,41.5519598874452],[-81.2615600428456,41.5520120503291],[-81.2615463648823,41.5522863000989],[-81.2615471091892,41.5523561174131],[-81.2615562866604,41.5524255957852],[-81.2615738215567,41.5524941616272],[-81.2615995691418,41.5525612488828],[-81.261634683958,41.5526392421151],[-81.2616411722565,41.5526602805447],[-81.2616420509266,41.5526818660493],[-81.2616372859455,41.5527031629543],[-81.2616270617824,41.5527233467572],[-81.2616119025459,41.5527415179386],[-81.261592328986,41.5527571281642],[-81.2615690882612,41.552769581561],[-81.2615430675143,41.5527784027582],[-81.2615433908077,41.5527791202957],[-81.261578293975,41.5528566439269],[-81.2615785079687,41.552857118967],[-81.2611531859767,41.5529665887414],[-81.260822999009,41.5530515705462],[-81.2603855603661,41.5520799692145],[-81.2603845997651,41.5520778356005],[-81.2610159365977,41.5517930537088],[-81.2613896361916,41.5516244829266]]]},"properties":{"source_county":"Geauga","jurisdiction":"Munson Township","parcel_id":"21-176642","owner_name":"MACKNIGHT PHILIP C","property_address":"11715 WELLESLEY LN","property_city":"CHARDON","property_zip":"44024"}},{"type":"Feature","geometry":{"type":"Polygon","coordinates":[[[-81.2566210200505,41.5532287452385],[-81.2575273407854,41.5526360503192],[-81.2580431449447,41.5537669927421],[-81.2578351048184,41.5538205299577],[-81.2573166467809,41.5539539499667],[-81.2566714155575,41.5541199892335],[-81.2566372617788,41.5541288147803],[-81.2566210200505,41.5532287452385]]]},"properties":{"source_county":"Geauga","jurisdiction":"Munson Township","parcel_id":"21-176645","owner_name":"LIPOVEC DANE JACOB & RACHEL NICOLE","property_address":"11668 FOWLERS MILL RD","property_city":"CHARDON","property_zip":"44024"}},{"type":"Feature","geometry":{"type":"Polygon","coordinates":[[[-81.2586354730304,41.5497554056922],[-81.2586517489696,41.5497554275453],[-81.2586594690495,41.5501884493465],[-81.2586615331792,41.5503042260005],[-81.2586481627891,41.5503042073033],[-81.2565681990801,41.5503013582938],[-81.2565582968402,41.5497525654138],[-81.2586354730304,41.5497554056922]]]},"properties":{"source_county":"Geauga","jurisdiction":"Munson Township","parcel_id":"21-176647","owner_name":"BENENATI TODD JOSEPH & MCKENZIE","property_address":"11788 FOWLERS MILL RD","property_city":"CHARDON","property_zip":"44024"}},{"type":"Feature","geometry":{"type":"Polygon","coordinates":[[[-81.2586481627891,41.5503042073033],[-81.2586615331792,41.5503042260005],[-81.2586705608334,41.550810527483],[-81.2586713187682,41.5508530234705],[-81.258660851545,41.5508530097036],[-81.2565781002874,41.5508501510633],[-81.2565681990801,41.5503013582938],[-81.2586481627891,41.5503042073033]]]},"properties":{"source_county":"Geauga","jurisdiction":"Munson Township","parcel_id":"21-176649","owner_name":"LINDBERG MATTHEW H & CHRISTINA K","property_address":"11772 FOWLERS MILL RD","property_city":"CHARDON","property_zip":"44024"}},{"type":"Feature","geometry":{"type":"Polygon","coordinates":[[[-81.258660851545,41.5508530097036],[-81.2586713187682,41.5508530234705],[-81.2586811033056,41.5514018217303],[-81.2586735405305,41.5514018111053],[-81.2565880028591,41.5513989437479],[-81.2565781002874,41.5508501510633],[-81.258660851545,41.5508530097036]]]},"properties":{"source_county":"Geauga","jurisdiction":"Munson Township","parcel_id":"21-176680","owner_name":"HORVATH ROBERT S & DONNA S","property_address":"11754 FOWLERS MILL RD","property_city":"CHARDON","property_zip":"44024"}},{"type":"Feature","geometry":{"type":"Polygon","coordinates":[[[-81.2620623886593,41.5527325747193],[-81.2620276000584,41.5526553054954],[-81.2620271881498,41.552655407361],[-81.2619992586697,41.5526602107498],[-81.261970618263,41.5526608270358],[-81.2619423685267,41.5526572325148],[-81.2619155960313,41.5526495654429],[-81.2618914183968,41.5526381779654],[-81.2618706486071,41.5526234774857],[-81.2618540789547,41.5526060247757],[-81.2618423415102,41.5525864855952],[-81.2618072252594,41.5525084933119],[-81.2617869952632,41.5524557825029],[-81.2617732178904,41.5524019099787],[-81.2617660068622,41.5523473204759],[-81.2617654216915,41.5522924646489],[-81.261779098739,41.5520182148538],[-81.2617795817213,41.551973016327],[-81.2617765261686,41.5519278746582],[-81.2617699426599,41.5518829460302],[-81.2617598539803,41.5518383858884],[-81.2617462950419,41.551794348403],[-81.2617293127631,41.5517509859355],[-81.261708965906,41.5517084485118],[-81.2616853248732,41.551666883303],[-81.2627705863587,41.5512898535878],[-81.2627799634302,41.5512865955897],[-81.2627180676663,41.5524896971783],[-81.2627142035846,41.5525648046117],[-81.2620623886593,41.5527325747193]]]},"properties":{"source_county":"Geauga","jurisdiction":"Munson Township","parcel_id":"21-176681","owner_name":"LARSEN ERIC C TOD & SANDRA A TOD","property_address":"11730 WELLESLEY LN","property_city":"CHARDON","property_zip":"44024"}},{"type":"Feature","geometry":{"type":"Polygon","coordinates":[[[-81.2597462109409,41.551396189566],[-81.260809682582,41.5512985675381],[-81.2608751649615,41.5513322073313],[-81.2611845026936,41.551478231885],[-81.2612432684058,41.5515087916703],[-81.2612981878047,41.5515431521598],[-81.2613488266222,41.5515810416562],[-81.2613947844358,41.551622160557],[-81.2613896361916,41.5516244829266],[-81.2610159365977,41.5517930537088],[-81.2603845997651,41.5520778356005],[-81.2597737598564,41.5522330129042],[-81.2594552668245,41.5523139203546],[-81.2597462109409,41.551396189566]]]},"properties":{"source_county":"Geauga","jurisdiction":"Munson Township","parcel_id":"21-176702","owner_name":"BAIRD JAMES & SHARON","property_address":"11735 WELLESLEY LN","property_city":"CHARDON","property_zip":"44024"}},{"type":"Feature","geometry":{"type":"Polygon","coordinates":[[[-81.2586713187682,41.5508530234705],[-81.2586705608334,41.550810527483],[-81.2603878100025,41.5508469888457],[-81.2604443736187,41.5509139211697],[-81.2604714882165,41.5509703791524],[-81.260504385991,41.551025075238],[-81.2605428662575,41.5510776757433],[-81.2605866942728,41.5511278597686],[-81.2606356026668,41.551175321156],[-81.2606892930737,41.5512197703568],[-81.2607474379519,41.5512609361982],[-81.260809682582,41.5512985675381],[-81.2597462109409,41.551396189566],[-81.2586827784527,41.5514957437611],[-81.2586811033056,41.5514018217303],[-81.2586713187682,41.5508530234705]]]},"properties":{"source_county":"Geauga","jurisdiction":"Munson Township","parcel_id":"21-176703","owner_name":"PAYERL WALTER & KELLEY","property_address":"11755 WELLESLEY LN","property_city":"CHARDON","property_zip":"44024"}},{"type":"Feature","geometry":{"type":"Polygon","coordinates":[[[-81.2586615331792,41.5503042260005],[-81.2586594690495,41.5501884493465],[-81.2605450532194,41.5502415457817],[-81.2604595274869,41.5504159907049],[-81.2604367663555,41.5504680705685],[-81.2604190054458,41.5505212368144],[-81.2604063351451,41.5505752189108],[-81.2603988199378,41.5506297421733],[-81.2603964980776,41.5506845291637],[-81.2603993813922,41.5507393011008],[-81.2604074552229,41.5507937792793],[-81.260420678499,41.5508476864883],[-81.2603878100025,41.5508469888457],[-81.2586705608334,41.550810527483],[-81.2586615331792,41.5503042260005]]]},"properties":{"source_county":"Geauga","jurisdiction":"Munson Township","parcel_id":"21-176704","owner_name":"LEAR S MICHAEL & COLLEEN A","property_address":"11775 WELLESLEY LN","property_city":"CHARDON","property_zip":"44024"}},{"type":"Feature","geometry":{"type":"Polygon","coordinates":[[[-81.2608537985287,41.5499785672977],[-81.2608628603486,41.549796901653],[-81.2628350572467,41.5498523991768],[-81.2628352645174,41.5498524049876],[-81.2628537187657,41.5498529240237],[-81.2628328031891,41.5502594970261],[-81.2628168482906,41.5502610676478],[-81.2628165468388,41.5502610977534],[-81.2606652242272,41.5504728988092],[-81.2607914851788,41.5502153662078],[-81.26081635122,41.5501577374151],[-81.2608350966583,41.5500988162337],[-81.2608476050029,41.550038968873],[-81.2608537985287,41.5499785672977]]]},"properties":{"source_county":"Geauga","jurisdiction":"Munson Township","parcel_id":"21-176723","owner_name":"PILAWA DENNIS M & BRENNAN KIMBERLY A","property_address":"11790 WELLESLEY LN","property_city":"CHARDON","property_zip":"44024"}},{"type":"Feature","geometry":{"type":"Polygon","coordinates":[[[-81.2628168482906,41.5502610676478],[-81.2628328031891,41.5502594970261],[-81.2628117131098,41.5506694566616],[-81.2627987130172,41.5506719160375],[-81.2627985433819,41.5506719484484],[-81.2607855239839,41.5510527511919],[-81.2607554744573,41.5510218164247],[-81.2607280960289,41.5509895128875],[-81.2607034988353,41.5509559705342],[-81.2606817818242,41.5509213243021],[-81.260663032356,41.5508857135691],[-81.2606473258527,41.550849281593],[-81.2606347254946,41.550812174935],[-81.2606252819658,41.5507745428704],[-81.260619033251,41.5507365367876],[-81.2606160044822,41.5506983095798],[-81.2606162078381,41.5506600150289],[-81.2606196424949,41.5506218071881],[-81.26062629463,41.5505838397611],[-81.2606361374774,41.5505462654842],[-81.2606491314356,41.550509235512],[-81.2606652242272,41.5504728988092],[-81.2628165468388,41.5502610977534],[-81.2628168482906,41.5502610676478]]]},"properties":{"source_county":"Geauga","jurisdiction":"Munson Township","parcel_id":"21-176724","owner_name":"NIESET CRAIG J & JENNIFER","property_address":"11770 WELLESLEY LN","property_city":"CHARDON","property_zip":"44024"}},{"type":"Feature","geometry":{"type":"Polygon","coordinates":[[[-81.2627987130172,41.5506719160375],[-81.2628117131098,41.5506694566616],[-81.2627799634302,41.5512865955897],[-81.2627705863587,41.5512898535878],[-81.2616853248732,41.551666883303],[-81.2616844566432,41.5516655052964],[-81.2616511240331,41.5516163339008],[-81.261613178898,41.5515690865949],[-81.2615708169987,41.5515240071178],[-81.2615242568798,41.5514813280247],[-81.2614737387423,41.5514412694873],[-81.2614195232043,41.5514040381582],[-81.2613618899561,41.5513698261047],[-81.2613011363182,41.5513388098182],[-81.260991800183,41.5511927855814],[-81.2609343388165,41.5511629698146],[-81.2608805399914,41.5511295195348],[-81.2608308098928,41.5510926872973],[-81.2607855239839,41.5510527511919],[-81.2627985433819,41.5506719484484],[-81.2627987130172,41.5506719160375]]]},"properties":{"source_county":"Geauga","jurisdiction":"Munson Township","parcel_id":"21-176725","owner_name":"PANCHIK CHRISTIN & SCOTT","property_address":"11740 WELLESLEY LN","property_city":"CHARDON","property_zip":"44024"}},{"type":"Feature","geometry":{"type":"Polygon","coordinates":[[[-81.2566209351028,41.5532240626763],[-81.2565979055795,41.551947737235],[-81.2586908880239,41.5519506189921],[-81.2586829336625,41.5515044441651],[-81.2586827784527,41.5514957437611],[-81.2597462109409,41.551396189566],[-81.2594552668245,41.5523139203546],[-81.259454913881,41.5523140102343],[-81.2591533021531,41.5523906290098],[-81.2590826747711,41.5522357812248],[-81.2586057080011,41.5523585329136],[-81.2575273407854,41.5526360503192],[-81.2566210200505,41.5532287452385],[-81.2566209351028,41.5532240626763]]]},"properties":{"source_county":"Geauga","jurisdiction":"Munson Township","parcel_id":"21-176770","owner_name":"WOLFE JUSTIN & ANDREA","property_address":"11708 FOWLERS MILL RD","property_city":"CHARDON","property_zip":"44024"}},{"type":"Feature","geometry":{"type":"Polygon","coordinates":[[[-81.2497399192238,41.5611868683103],[-81.2504450834244,41.5600230030425],[-81.2504705700369,41.5600217896484],[-81.2504956958618,41.5600183583993],[-81.250520119958,41.560012755855],[-81.2505435109066,41.5600050580386],[-81.2505655513079,41.5599953694043],[-81.2505859420888,41.5599838214205],[-81.250604406561,41.5599705707856],[-81.2506206941751,41.559955797302],[-81.2506468838207,41.5599335357686],[-81.2506779725802,41.559915170769],[-81.2507129486134,41.5599013000232],[-81.2507506735648,41.559892374978],[-81.2508335341895,41.5598788018895],[-81.2500409272622,41.5611870158839],[-81.2514573013557,41.5611877251774],[-81.251432078839,41.5616375203323],[-81.2513906330967,41.5623766193992],[-81.2513673093398,41.5627925511959],[-81.2513881320043,41.5634726829023],[-81.2485279277104,41.5634629064363],[-81.2485506139811,41.5611862542439],[-81.2497399192238,41.5611868683103]]]},"properties":{"source_county":"Geauga","jurisdiction":"Munson Township","parcel_id":"21-177012","owner_name":"GOLDEN ETHAN BRADFORD TRUSTEE","property_address":"10880 CHIPPENDALE CT","property_city":"CHARDON","property_zip":"44024"}},{"type":"Feature","geometry":{"type":"Polygon","coordinates":[[[-81.2545827301321,41.5541193952522],[-81.2549536302522,41.5541210896996],[-81.2549831738679,41.5555200487288],[-81.2541891543481,41.5554765122246],[-81.2541604822693,41.5541174638035],[-81.2545827301321,41.5541193952522]]]},"properties":{"source_county":"Geauga","jurisdiction":"Munson Township","parcel_id":"21-177037","owner_name":"WALKER ERIC W TOD & DOUGLASS AMY M TOD","property_address":"10800 WILSON MILLS RD","property_city":"CHARDON","property_zip":"44024"}},{"type":"Feature","geometry":{"type":"Polygon","coordinates":[[[-81.2527402972705,41.5541109565411],[-81.2530795034845,41.5541125127921],[-81.2530795029694,41.5541126028357],[-81.2530788354522,41.5541948429317],[-81.2531069586745,41.5541970271531],[-81.2531339957234,41.5542032381091],[-81.2531589347102,41.5542132433483],[-81.2531808422671,41.5542266684146],[-81.2531988984792,41.5542430108612],[-81.2532124275708,41.5542616590547],[-81.2532209231969,41.5542819150664],[-81.2532240673946,41.5543030207925],[-81.2532257321962,41.5543892688007],[-81.2532247995441,41.5544339668082],[-81.2532202802535,41.5544785412275],[-81.2532121907657,41.5545228298236],[-81.2532005605162,41.5545666714015],[-81.2531854318283,41.554609906393],[-81.2531668597585,41.554652377437],[-81.2531449118963,41.5546939299529],[-81.2531196681186,41.554734412703],[-81.2514123604239,41.5547265667615],[-81.251402331763,41.5541048109879],[-81.2521287630509,41.5541081501848],[-81.2527402972705,41.5541109565411]]]},"properties":{"source_county":"Geauga","jurisdiction":"Munson Township","parcel_id":"21-177040","owner_name":"NEWMAN ANDREW I & VERONICA C","property_address":"10850 WILSON MILLS RD","property_city":"CHARDON","property_zip":"44024"}},{"type":"Feature","geometry":{"type":"Polygon","coordinates":[[[-81.2514123604239,41.5547265667615],[-81.2531196681186,41.554734412703],[-81.2530801276157,41.5547993339549],[-81.253047517831,41.5548663929613],[-81.2530220414249,41.5549351730142],[-81.2530038567323,41.5550052467093],[-81.252993076778,41.5550761786024],[-81.2529897685739,41.5551475279149],[-81.2529939527021,41.555218851273],[-81.253005603186,41.5552897054626],[-81.2530161740164,41.5553162889058],[-81.2530175343666,41.5553440140149],[-81.2530095973311,41.5553711098168],[-81.2529928698869,41.5553958455337],[-81.2529787263572,41.5554132891107],[-81.2529669530807,41.5554316993648],[-81.2514234573919,41.5554339895095],[-81.2514210640729,41.5552661428459],[-81.2514123604239,41.5547265667615]]]},"properties":{"source_county":"Geauga","jurisdiction":"Munson Township","parcel_id":"21-177055","owner_name":"REESE LEADELE M","property_address":"11615 STEPHENS WAY","property_city":"CHARDON","property_zip":"44024"}},{"type":"Feature","geometry":{"type":"Polygon","coordinates":[[[-81.2514234573919,41.5554339895095],[-81.2529669530807,41.5554316993648],[-81.2529555517003,41.5554563171121],[-81.2529483835265,41.5554818197636],[-81.2529455635051,41.5555077983876],[-81.25294713686,41.5555338364193],[-81.2529530783678,41.5555595163413],[-81.2529632927619,41.5555844263778],[-81.2529776162598,41.5556081670973],[-81.2529958191887,41.5556303578183],[-81.2514414472438,41.5566953862086],[-81.2514329952686,41.5561027111382],[-81.2514234573919,41.5554339895095]]]},"properties":{"source_county":"Geauga","jurisdiction":"Munson Township","parcel_id":"21-177056","owner_name":"BRZOZOWSKI KENNETH J & LUZ HELENA","property_address":"11595 STEPHENS WAY","property_city":"CHARDON","property_zip":"44024"}},{"type":"Feature","geometry":{"type":"Polygon","coordinates":[[[-81.2514414472438,41.5566953862086],[-81.2529958191887,41.5556303578183],[-81.2530172923862,41.5556503818221],[-81.2530419216517,41.5556682386874],[-81.2530693226588,41.5556836497659],[-81.2530990678284,41.5556963745744],[-81.2531306930007,41.5557062145474],[-81.2531637046786,41.5557130161364],[-81.2531975877286,41.5557166732052],[-81.2532318134193,41.5557171286868],[-81.2531584193208,41.5567323604603],[-81.2527833945936,41.5567360848096],[-81.2514422173228,41.5567493933154],[-81.2514414472438,41.5566953862086]]]},"properties":{"source_county":"Geauga","jurisdiction":"Munson Township","parcel_id":"21-177057","owner_name":"ELIAS MICHAEL J & MARGARET A TRUSTEES","property_address":"11575 STEPHENS WAY","property_city":"CHARDON","property_zip":"44024"}},{"type":"Feature","geometry":{"type":"Polygon","coordinates":[[[-81.2534565281811,41.5556148496126],[-81.2549673983849,41.5567143800236],[-81.2547613272886,41.5567164302855],[-81.2537683603481,41.5567263012115],[-81.2531584193208,41.5567323604603],[-81.2532318134193,41.5557171286868],[-81.2532658476917,41.5557143756027],[-81.2532991594435,41.555708456741],[-81.2533312288445,41.5556994644658],[-81.2533615554515,41.5556875391016],[-81.2533896660189,41.5556728667439],[-81.2534151218827,41.5556556763547],[-81.2534375258066,41.5556362361898],[-81.2534565281811,41.5556148496126]]]},"properties":{"source_county":"Geauga","jurisdiction":"Munson Township","parcel_id":"21-177058","owner_name":"SULYI STEPHEN C & THERESA M","property_address":"11570 STEPHENS WAY","property_city":"CHARDON","property_zip":"44024"}},{"type":"Feature","geometry":{"type":"Polygon","coordinates":[[[-81.2534751764777,41.5554373595914],[-81.2541891543481,41.5554765122246],[-81.2549831738679,41.5555200487288],[-81.2550083902907,41.556713972226],[-81.2549673983849,41.5567143800236],[-81.2534565281811,41.5556148496126],[-81.253470400348,41.5555943420432],[-81.2534811394769,41.55557279987],[-81.253488611445,41.5555504921431],[-81.253492722935,41.5555276974734],[-81.2534934226001,41.5555047005534],[-81.2534907017057,41.5554817886013],[-81.2534845942375,41.5554592477735],[-81.2534751764777,41.5554373595914]]]},"properties":{"source_county":"Geauga","jurisdiction":"Munson Township","parcel_id":"21-177059","owner_name":"WACLAWSKI MICHAEL J & CAROLYN A","property_address":"11590 STEPHENS WAY","property_city":"CHARDON","property_zip":"44024"}},{"type":"Feature","geometry":{"type":"Polygon","coordinates":[[[-81.253624450845,41.5541150099491],[-81.2541604822693,41.5541174638035],[-81.2541891543481,41.5554765122246],[-81.2534751764777,41.5554373595914],[-81.2534629908471,41.5554170125551],[-81.253447944933,41.5553977757257],[-81.2534302155139,41.5553798751185],[-81.2534100108966,41.5553635210496],[-81.2533875684685,41.5553489056643],[-81.253363151909,41.5553362006799],[-81.2533370480909,41.5553255553682],[-81.2533095637103,41.5553170948017],[-81.2532794705265,41.5553061963002],[-81.2532534586632,41.555290449182],[-81.2532328874034,41.555270676335],[-81.2532188317213,41.5552479110163],[-81.2532110036218,41.5551916618635],[-81.2532089096495,41.5551351280872],[-81.2532125619876,41.555078639013],[-81.2532219393453,41.5550225237049],[-81.2532369870825,41.5549671090491],[-81.2532576175282,41.5549127178493],[-81.2532837104918,41.5548596669466],[-81.2533151139632,41.5548082653739],[-81.2533459802288,41.5547587908763],[-81.2533728184779,41.5547080083028],[-81.2533955310373,41.5546561024856],[-81.2534140352506,41.5546032623449],[-81.253428263779,41.554549680201],[-81.2534381648461,41.5544955510742],[-81.2534437024263,41.5544410719754],[-81.2534448563757,41.5543864411887],[-81.253443365283,41.5543081220749],[-81.2534458323908,41.5542863981263],[-81.2534539664535,41.5542654688858],[-81.253467446606,41.5542461599371],[-81.2534857411004,41.5542292329489],[-81.2535081282821,41.5542153556293],[-81.2535337250565,41.5542050753877],[-81.2535615217238,41.554198797742],[-81.2535904218078,41.5541967703219],[-81.2535911083871,41.55411494376],[-81.253591108833,41.5541148573177],[-81.253624450845,41.5541150099491]]]},"properties":{"source_county":"Geauga","jurisdiction":"Munson Township","parcel_id":"21-177060","owner_name":"KENNELLY WILLIAM G & VISNJA","property_address":"11600 STEPHENS WAY","property_city":"CHARDON","property_zip":"44024"}},{"type":"Feature","geometry":{"type":"Polygon","coordinates":[[[-81.2708905991805,41.569238374473],[-81.2721184982228,41.5692366494111],[-81.2720909518604,41.5698875692018],[-81.2714007293863,41.5698885380998],[-81.2704316853217,41.5698922160202],[-81.2704324492011,41.5698911273185],[-81.2708905991805,41.569238374473]]]},"properties":{"source_county":"Geauga","jurisdiction":"Munson Township","parcel_id":"21-177142","owner_name":"LEITH THOMAS E & SANDRA M","property_address":" THWING RD","property_city":"CHARDON","property_zip":"44024"}},{"type":"Feature","geometry":{"type":"Polygon","coordinates":[[[-81.2682961405062,41.5619652240793],[-81.2686617570777,41.5619481979485],[-81.2688744587357,41.5621402327047],[-81.2689246529528,41.5624817025848],[-81.2689269900541,41.5625211945008],[-81.2689224365323,41.5625605771926],[-81.2689110704532,41.5625991753761],[-81.2688930866964,41.5626363272177],[-81.2688558032204,41.562700013231],[-81.2688449393968,41.5627211519127],[-81.268836700482,41.5627429493565],[-81.2688311558118,41.5627652221302],[-81.2688283520491,41.5627877828015],[-81.2688283127913,41.5628104415148],[-81.2688310383716,41.5628330075895],[-81.2688365058562,41.5628552911244],[-81.268844669237,41.5628771045956],[-81.2688988565181,41.5629999660634],[-81.2689156002376,41.5630436226837],[-81.2689277133222,41.5630881342025],[-81.2689351204898,41.5631332240191],[-81.2689377757016,41.5631786119389],[-81.2689416607338,41.5638279864897],[-81.2683390061342,41.5638560500978],[-81.2682961405062,41.5619652240793]]]},"properties":{"source_county":"Geauga","jurisdiction":"Munson Township","parcel_id":"21-177232","owner_name":"TIMCO TODD M & AMY","property_address":"10435 MULBERRY RD","property_city":"CHARDON","property_zip":"44024"}},{"type":"Feature","geometry":{"type":"Polygon","coordinates":[[[-81.2690431914168,41.5583632157695],[-81.2698622779167,41.558365081811],[-81.2698472902642,41.5589376033158],[-81.2697766014959,41.5616378380234],[-81.2690344636244,41.5616695662153],[-81.2690431914168,41.5583632157695]]]},"properties":{"source_county":"Geauga","jurisdiction":"Munson Township","parcel_id":"21-177235","owner_name":"WOOD RICHARD T & PATRICIA L","property_address":" MULBERRY RD","property_city":"CHARDON","property_zip":"44024"}},{"type":"Feature","geometry":{"type":"Polygon","coordinates":[[[-81.2619561940885,41.5658327409311],[-81.2619595755722,41.565832728357],[-81.2618967548811,41.5672301265773],[-81.2618777306299,41.5676533196652],[-81.2617766022873,41.5699033330519],[-81.2594560175328,41.5699099809402],[-81.2596307981702,41.5658410297002],[-81.2604333397473,41.5658381740333],[-81.2609808353196,41.5658362225117],[-81.2611026595451,41.5658357879801],[-81.2615845184918,41.5658340680227],[-81.2619561940885,41.5658327409311]]]},"properties":{"source_county":"Geauga","jurisdiction":"Munson Township","parcel_id":"21-177286","owner_name":"HILL CARL L TOD & LISA M TOD","property_address":" THWING RD","property_city":"CHARDON","property_zip":"44024"}},{"type":"Feature","geometry":{"type":"Polygon","coordinates":[[[-81.260822999009,41.5530515705462],[-81.2611531859767,41.5529665887414],[-81.2616812111849,41.5541242171474],[-81.2611627562995,41.5542576479896],[-81.2606347414719,41.5531000227031],[-81.260822999009,41.5530515705462]]]},"properties":{"source_county":"Geauga","jurisdiction":"Munson Township","parcel_id":"21-703270","owner_name":"MAPLE LEAF COMMUNITY RESIDENCES INC","property_address":"10612 WILSON MILLS RD","property_city":"CHARDON","property_zip":"44024"}},{"type":"Feature","geometry":{"type":"Polygon","coordinates":[[[-81.2632737660403,41.5640066411434],[-81.2637784943908,41.563996198654],[-81.2637186727,41.5651915754537],[-81.263718668756,41.5651916573559],[-81.2629884112317,41.5652073821206],[-81.2629881233567,41.5652073880588],[-81.2630479392222,41.5640113126597],[-81.2632737660403,41.5640066411434]]]},"properties":{"source_county":"Geauga","jurisdiction":"Munson Township","parcel_id":"21-000200","owner_name":"CHIPORO MICHAEL T & CARRIE A","property_address":"10554 MULBERRY RD","property_city":"CHARDON","property_zip":"44024"}},{"type":"Feature","geometry":{"type":"Polygon","coordinates":[[[-81.2522086958336,41.5680579462966],[-81.2527038367709,41.566338248656],[-81.2535046039034,41.566350953354],[-81.2535422350387,41.5663515499979],[-81.2533357444237,41.5670667715432],[-81.2530278284578,41.5681335027826],[-81.2529332213282,41.5699284367779],[-81.2423178588258,41.5699833960294],[-81.2423512654636,41.5695084792297],[-81.2455236633003,41.5694926524921],[-81.247031561135,41.5694850995442],[-81.2503163522941,41.5690018706624],[-81.2514471874494,41.56866424835],[-81.2522086958336,41.5680579462966]]]},"properties":{"source_county":"Geauga","jurisdiction":"Munson Township","parcel_id":"21-001000","owner_name":"LLGC LLC","property_address":" AUBURN RD","property_city":"CHARDON","property_zip":"44024"}},{"type":"Feature","geometry":{"type":"Polygon","coordinates":[[[-81.2663844512716,41.5594716043914],[-81.2671288395556,41.5590862606365],[-81.2672448609607,41.563906993434],[-81.2665702097234,41.5639383996327],[-81.2663746036725,41.5639424513094],[-81.2662679179445,41.5595319289613],[-81.2663844512716,41.5594716043914]]]},"properties":{"source_county":"Geauga","jurisdiction":"Munson Township","parcel_id":"21-003700","owner_name":"ASHCRAFT JOHN R & MARLENE A","property_address":"10485 MULBERRY RD","property_city":"CHARDON","property_zip":"44024"}},{"type":"Feature","geometry":{"type":"Polygon","coordinates":[[[-81.2553723275956,41.560851287661],[-81.2554110895175,41.5608493735857],[-81.2551861307803,41.5614522499698],[-81.2551472748938,41.5614541683691],[-81.2514320788406,41.5616375203352],[-81.2514573013573,41.5611877251802],[-81.2515114567344,41.5610418356852],[-81.2553723275956,41.560851287661]]]},"properties":{"source_county":"Geauga","jurisdiction":"Munson Township","parcel_id":"21-004700","owner_name":"OPPENHEIM BRUCE & CAROL","property_address":" FOWLERS MILL RD","property_city":"CHARDON","property_zip":"44024"}},{"type":"Feature","geometry":{"type":"Polygon","coordinates":[[[-81.2523132888354,41.5604224028],[-81.2525950599245,41.5596753413617],[-81.2558161058569,41.5596624428447],[-81.2558540375104,41.559662290994],[-81.2558078270882,41.55978610566],[-81.2556329429613,41.5602548028418],[-81.255594276213,41.5602567117043],[-81.2541406357774,41.5603284744643],[-81.2534116096687,41.5602544449357],[-81.2528549169582,41.5602819191371],[-81.2528644980436,41.5603914594289],[-81.2523132888354,41.5604224028]]]},"properties":{"source_county":"Geauga","jurisdiction":"Munson Township","parcel_id":"21-004800","owner_name":"MARTIN BRANDON J TRUSTEE","property_address":" FOWLERS MILL RD","property_city":"CHARDON","property_zip":"44024"}},{"type":"Feature","geometry":{"type":"Polygon","coordinates":[[[-81.2636529156711,41.5609207792281],[-81.264917648456,41.5606649248045],[-81.2650051446944,41.5639708105277],[-81.2637784943908,41.563996198654],[-81.2632737660403,41.5640066411434],[-81.2634467270086,41.5609624895601],[-81.2636529156711,41.5609207792281]]]},"properties":{"source_county":"Geauga","jurisdiction":"Munson Township","parcel_id":"21-004900","owner_name":"ASHENBERG ZEV S & MARGARET D","property_address":"10545 MULBERRY RD","property_city":"CHARDON","property_zip":"44024"}},{"type":"Feature","geometry":{"type":"Polygon","coordinates":[[[-81.254685633298,41.5627935171655],[-81.2550109901292,41.5619216105687],[-81.255045579221,41.5619299111348],[-81.2555057660794,41.5620403500033],[-81.2567494279877,41.5623387997203],[-81.2570447725286,41.5630039113512],[-81.2565357256521,41.5632878690493],[-81.255368338001,41.562975942366],[-81.2547199521102,41.5628026865958],[-81.254685633298,41.5627935171655]]]},"properties":{"source_county":"Geauga","jurisdiction":"Munson Township","parcel_id":"21-015100","owner_name":"ROOT GEOFFREY S & NICOLE R","property_address":"11368 FOWLERS MILL RD","property_city":"CHARDON","property_zip":"44024"}},{"type":"Feature","geometry":{"type":"Polygon","coordinates":[[[-81.2552055250074,41.5640843080799],[-81.2554863310232,41.5639662068722],[-81.2562689052673,41.5644380402678],[-81.255823514856,41.564735614869],[-81.2553786778339,41.5650328146026],[-81.2550321843957,41.5652643076113],[-81.2549261214251,41.5653351680144],[-81.2545889664924,41.5654117237787],[-81.2537985310596,41.5655911996525],[-81.2537591686176,41.5656001368802],[-81.2538831298861,41.5651707530756],[-81.2539208387749,41.565168172617],[-81.254572807421,41.5651235573794],[-81.2550058563651,41.5641682838155],[-81.2552055250074,41.5640843080799]]]},"properties":{"source_county":"Geauga","jurisdiction":"Munson Township","parcel_id":"21-015490","owner_name":"KANGAS ROGER B & JACQUELINE K","property_address":"10767 MULBERRY RD","property_city":"CHARDON","property_zip":"44024"}},{"type":"Feature","geometry":{"type":"Polygon","coordinates":[[[-81.273127618654,41.5635790268311],[-81.2731753572048,41.5623004038822],[-81.2726294842548,41.5623375775012],[-81.2716100582624,41.5623746798446],[-81.2733983194901,41.5609069060472],[-81.2734823133605,41.5583853619002],[-81.2735109928114,41.5583892181764],[-81.2737871966281,41.5584263674957],[-81.2743636411929,41.5585038939968],[-81.2742654245838,41.5616583685755],[-81.2742077407573,41.5635108879778],[-81.2737712190376,41.5635384263447],[-81.2733096842371,41.5635675421268],[-81.2732250213669,41.5635728826597],[-81.273127618654,41.5635790268311]]]},"properties":{"source_county":"Geauga","jurisdiction":"Munson Township","parcel_id":"21-033100","owner_name":"KOLACZ JOHN S & CYNTHIA A","property_address":"10279 MULBERRY RD","property_city":"CHARDON","property_zip":"44024"}},{"type":"Feature","geometry":{"type":"Polygon","coordinates":[[[-81.2665702097234,41.5639383996327],[-81.2672448609607,41.563906993434],[-81.2672632733803,41.5651018530165],[-81.2672632738843,41.5651018899418],[-81.2669807425138,41.5651105137028],[-81.2660372703732,41.5651393061769],[-81.2657699280982,41.5651474625651],[-81.2657699261985,41.5651473724962],[-81.265738827144,41.5639556193066],[-81.2663746036725,41.5639424513094],[-81.2665702097234,41.5639383996327]]]},"properties":{"source_county":"Geauga","jurisdiction":"Munson Township","parcel_id":"21-033300","owner_name":"HAVERLOCK SHARON TOD","property_address":"10484 MULBERRY RD","property_city":"CHARDON","property_zip":"44024"}},{"type":"Feature","geometry":{"type":"Polygon","coordinates":[[[-81.2700341081251,41.5639944810579],[-81.2700402005577,41.5640491789676],[-81.2700442631587,41.5641119577159],[-81.2700424847827,41.5641747963726],[-81.2700348740776,41.5642373887752],[-81.2700214681078,41.5642994299603],[-81.2699935612404,41.5644051098222],[-81.2697025614619,41.5643617644774],[-81.2680285926324,41.5641124078095],[-81.268028366661,41.564112373895],[-81.2680312780527,41.5640299400657],[-81.2680330609581,41.5639794543161],[-81.2697158608939,41.5639018507639],[-81.2698635097051,41.563895040509],[-81.2698876852904,41.5638934379271],[-81.2699118807001,41.5638948617875],[-81.2699354288845,41.5638992728355],[-81.2699576806375,41.5639065494618],[-81.2699780224941,41.5639164910551],[-81.2699958936429,41.5639288235328],[-81.2700108013874,41.5639432068971],[-81.2700223347294,41.5639592446087],[-81.2700301756998,41.5639764945186],[-81.2700341081251,41.5639944810579]]]},"properties":{"source_county":"Geauga","jurisdiction":"Munson Township","parcel_id":"21-034550","owner_name":"KATZENMEYER MICHAEL","property_address":"11321 HIGHLAND VIEW DR","property_city":"CHARDON","property_zip":"44024"}},{"type":"Feature","geometry":{"type":"Polygon","coordinates":[[[-81.2531584193224,41.5567323604631],[-81.2537683603498,41.5567263012143],[-81.2534642411467,41.5580252200888],[-81.2534292149928,41.5580251997332],[-81.2533556397203,41.5580223677078],[-81.2532828179713,41.5580139858976],[-81.2532114898663,41.5580001394908],[-81.253142380344,41.5579809692145],[-81.2525342401986,41.5577855824767],[-81.2527833945953,41.5567360848124],[-81.2531584193224,41.5567323604631]]]},"properties":{"source_county":"Geauga","jurisdiction":"Munson Township","parcel_id":"21-035160","owner_name":"KASTELIC ROBERT L","property_address":"10825 NOLLWOOD DR","property_city":"CHARDON","property_zip":"44024"}},{"type":"Feature","geometry":{"type":"Polygon","coordinates":[[[-81.2676952610813,41.5514717733437],[-81.268268994408,41.5513372530908],[-81.2682051280344,41.5532287579205],[-81.267631379227,41.5533632768882],[-81.2676952610813,41.5514717733437]]]},"properties":{"source_county":"Geauga","jurisdiction":"Munson Township","parcel_id":"21-035170","owner_name":"ARMSTRONG BRENDA A","property_address":"10432 WILSON MILLS RD","property_city":"CHARDON","property_zip":"44024"}},{"type":"Feature","geometry":{"type":"Polygon","coordinates":[[[-81.2699096019856,41.554989695074],[-81.2699510877128,41.5512182336481],[-81.2700246115614,41.5512186461251],[-81.2700185760534,41.5518255021922],[-81.270566579097,41.5518288546922],[-81.2705705756502,41.5514602339636],[-81.2710706440048,41.5514632908038],[-81.2718780974543,41.5511797183819],[-81.2719497417684,41.5505332278873],[-81.2715564895531,41.5500518069626],[-81.2717433227919,41.5499656861925],[-81.2725756560388,41.5509846168715],[-81.2730427403256,41.5507693098794],[-81.2722104025668,41.5497503815782],[-81.2732615943861,41.5492658142921],[-81.2735135045327,41.5491496887609],[-81.2735708284244,41.5492198625934],[-81.2735899356166,41.5492432538557],[-81.2736103607796,41.5492354237922],[-81.2736321650358,41.5492300904137],[-81.2736548114863,41.5492273850472],[-81.2736777424948,41.5492273743084],[-81.2737003934179,41.5492300584617],[-81.2737222065092,41.5492353714136],[-81.2737426446522,41.5492431823404],[-81.2737612045859,41.549253298909],[-81.2737774292974,41.5492654720132],[-81.2737909192744,41.5492794019073],[-81.2746890089756,41.5503787835671],[-81.2747378712748,41.5504446580049],[-81.2747792265626,41.550513372063],[-81.2748127849081,41.5505844440452],[-81.2748383110358,41.5506573757249],[-81.2748556259756,41.5507316558363],[-81.2748646083179,41.5508067636597],[-81.2748651950656,41.550882172671],[-81.2748573820764,41.5509573542328],[-81.274841224093,41.5510317813006],[-81.2748168343598,41.5511049321173],[-81.2747843838297,41.551176293871],[-81.2747440999668,41.5512453662901],[-81.2746962651523,41.5513116651507],[-81.2746412147052,41.5513747256709],[-81.2745793345324,41.5514341057699],[-81.2743422361263,41.5516429052972],[-81.2742397842098,41.5517373872731],[-81.2741431049938,41.5518352417887],[-81.2740523949806,41.5519362699793],[-81.2739678385436,41.5520402665299],[-81.2738896075537,41.5521470200918],[-81.2738178610288,41.5522563137123],[-81.2722279384188,41.5517002841706],[-81.2705217239142,41.5524867381601],[-81.2705118436633,41.5533858078212],[-81.270501301964,41.5543449508189],[-81.270488012641,41.5555541291217],[-81.2698965198347,41.5562046168818],[-81.269896234625,41.5562049299314],[-81.2699096019856,41.554989695074]]]},"properties":{"source_county":"Geauga","jurisdiction":"Munson Township","parcel_id":"21-035400","owner_name":"LLOYD SUSAN E TOD","property_address":"10286 WILSON MILLS RD","property_city":"CHARDON","property_zip":"44024"}},{"type":"Feature","geometry":{"type":"Polygon","coordinates":[[[-81.250343465466,41.5516064514968],[-81.2503336628751,41.55160614308],[-81.2503240794723,41.5516045642104],[-81.2503150048158,41.5516017625929],[-81.2503067130926,41.5515978228771],[-81.2502994548332,41.5515928641],[-81.2502934493425,41.5515870360887],[-81.2502511366529,41.5515420685719],[-81.2502037677448,41.5515000423338],[-81.2501517031202,41.5514612772077],[-81.2500953390152,41.5514260682083],[-81.2513421207334,41.55037672169],[-81.2513437552915,41.5504780689955],[-81.2513564394548,41.551264533409],[-81.250577755353,41.5516913249901],[-81.2505483679986,41.5516656068303],[-81.2505137606315,41.5516438599826],[-81.2504748716009,41.5516266740915],[-81.2504327553465,41.5516145151348],[-81.2503885538085,41.5516077127904],[-81.250343465466,41.5516064514968]]]},"properties":{"source_county":"Geauga","jurisdiction":"Munson Township","parcel_id":"21-037040","owner_name":"CHAPMAN JEFFREY J & LAUREL M TRUSTEES","property_address":"10905 WOOD HOLLOW DR","property_city":"CHARDON","property_zip":"44024"}},{"type":"Feature","geometry":{"type":"Polygon","coordinates":[[[-81.2588720145426,41.5535536838803],[-81.2593904662447,41.5534202569088],[-81.2599184559289,41.5545778741656],[-81.259399993846,41.5547112980174],[-81.2588720145426,41.5535536838803]]]},"properties":{"source_county":"Geauga","jurisdiction":"Munson Township","parcel_id":"21-037070","owner_name":"BASS CHAD M & KRISTEN M","property_address":"10662 WILSON MILLS RD","property_city":"CHARDON","property_zip":"44024"}},{"type":"Feature","geometry":{"type":"Polygon","coordinates":[[[-81.2527257160625,41.5532871654437],[-81.2536101187226,41.5532913415225],[-81.2536244508466,41.5541150099519],[-81.2535911088347,41.5541148573205],[-81.2530795034863,41.5541125127949],[-81.2527402972722,41.5541109565439],[-81.2527257160625,41.5532871654437]]]},"properties":{"source_county":"Geauga","jurisdiction":"Munson Township","parcel_id":"21-037410","owner_name":"GRANDVIEW CAPITAL LLC","property_address":"10831 WILSON MILLS RD","property_city":"CHARDON","property_zip":"44024"}},{"type":"Feature","geometry":{"type":"Polygon","coordinates":[[[-81.2535957933588,41.5524680925705],[-81.2545531110432,41.5524726076316],[-81.2545827301338,41.554119395255],[-81.2541604822709,41.5541174638064],[-81.2536244508466,41.5541150099519],[-81.2536101187226,41.5532913415225],[-81.2535957933588,41.5524680925705]]]},"properties":{"source_county":"Geauga","jurisdiction":"Munson Township","parcel_id":"21-038700","owner_name":"GANDEE TIMOTHY M & KATHLEEN M","property_address":"10805 WILSON MILLS RD","property_city":"CHARDON","property_zip":"44024"}},{"type":"Feature","geometry":{"type":"Polygon","coordinates":[[[-81.2533357444237,41.5670667715432],[-81.2534955074371,41.566513400017],[-81.2535307702439,41.5665194948315],[-81.2549238367622,41.566760265781],[-81.2549102538786,41.5673388344322],[-81.2533711690099,41.5670728231145],[-81.2533357444237,41.5670667715432]]]},"properties":{"source_county":"Geauga","jurisdiction":"Munson Township","parcel_id":"21-039400","owner_name":"BUSHMAN MARGARET ANN & MARIELLEN B VARGO ETAL","property_address":"11210 FOWLERS MILL RD","property_city":"CHARDON","property_zip":"44024"}},{"type":"Feature","geometry":{"type":"Polygon","coordinates":[[[-81.2639393169643,41.5681893224193],[-81.2645788306319,41.5681874704829],[-81.2645056082364,41.5698954566406],[-81.2638660778725,41.569897309073],[-81.2639393169643,41.5681893224193]]]},"properties":{"source_county":"Geauga","jurisdiction":"Munson Township","parcel_id":"21-041350","owner_name":"SCHWARTZ SUZANNE E","property_address":"10535 THWING RD","property_city":"CHARDON","property_zip":"44024"}},{"type":"Feature","geometry":{"type":"Polygon","coordinates":[[[-81.259088176342,41.5552977965761],[-81.2595058618643,41.5552875631922],[-81.2595233828385,41.5558911920507],[-81.2595284039948,41.556064189253],[-81.2575880702835,41.5560661615248],[-81.2575607881022,41.5562348005955],[-81.2567134255525,41.5561683271508],[-81.2566958251036,41.5561669464278],[-81.2566770869799,41.5561661325342],[-81.2566709356782,41.5558514615204],[-81.2566612753051,41.5553572302473],[-81.2566975040832,41.5553563431211],[-81.2579423311216,41.5553258643608],[-81.2585152562517,41.5553118319075],[-81.259088176342,41.5552977965761]]]},"properties":{"source_county":"Geauga","jurisdiction":"Munson Township","parcel_id":"21-041410","owner_name":"MIKUS JEFFREY & ALLISON","property_address":"11580 FOWLERS MILL RD","property_city":"CHARDON","property_zip":"44024"}},{"type":"Feature","geometry":{"type":"Polygon","coordinates":[[[-81.2566732104603,41.5572769939348],[-81.258805219757,41.5572623438647],[-81.2588114030565,41.557475590032],[-81.2588266029944,41.5579994428902],[-81.2588285998635,41.5580682436041],[-81.2581074144773,41.5580731937641],[-81.256450835144,41.5580845479431],[-81.2564134803035,41.55808480341],[-81.2564358244661,41.558003561929],[-81.2566358296943,41.5572772500913],[-81.2566732104603,41.5572769939348]]]},"properties":{"source_county":"Geauga","jurisdiction":"Munson Township","parcel_id":"21-041420","owner_name":"KIRCHNER THOMAS E & MARILYN C","property_address":"11520 FOWLERS MILL RD","property_city":"CHARDON","property_zip":"44024"}},{"type":"Feature","geometry":{"type":"Polygon","coordinates":[[[-81.2749975535589,41.5646618475968],[-81.2753308127162,41.5646408966649],[-81.2752442525572,41.5657525776356],[-81.2751417526942,41.565736877433],[-81.2750406969924,41.5657165722931],[-81.2750163164724,41.5657090680418],[-81.27499384482,41.5656987356978],[-81.2749738589683,41.5656858405322],[-81.2749568720293,41.5656707136136],[-81.2749433201205,41.5656537433079],[-81.2749335511684,41.5656353653072],[-81.2749278159756,41.5656160514448],[-81.2749262617827,41.56559629758],[-81.2749233457102,41.5655616812542],[-81.2749127313874,41.5655279241757],[-81.2748947202444,41.5654959849566],[-81.27486982376,41.5654667705854],[-81.2748387489354,41.565441110671],[-81.2748023782168,41.5654197338845],[-81.2747617444361,41.5654032472673],[-81.2747180014815,41.5653921189931],[-81.2746723915308,41.5653866650737],[-81.2744503086124,41.5646962572839],[-81.2749965272022,41.5646619124099],[-81.2749975535589,41.5646618475968]]]},"properties":{"source_county":"Geauga","jurisdiction":"Munson Township","parcel_id":"21-042350","owner_name":"HRYCIK KENNETH S TOD & MILDRED B TOD","property_address":"11211 HIDDEN SPRINGS DR","property_city":"CHARDON","property_zip":"44024"}},{"type":"Feature","geometry":{"type":"Polygon","coordinates":[[[-81.2599357026694,41.559604315255],[-81.261279806344,41.5590241691065],[-81.2613253726577,41.5590836076033],[-81.2613778138505,41.5591397576011],[-81.2614367121517,41.5591921717649],[-81.2615015983444,41.5592404325212],[-81.2615719555043,41.559284155385],[-81.2616472231169,41.5593229920233],[-81.2612618155806,41.5598327229726],[-81.2599897790361,41.5600398647672],[-81.2600926669516,41.5599264727108],[-81.2599357026694,41.559604315255]]]},"properties":{"source_county":"Geauga","jurisdiction":"Munson Township","parcel_id":"21-042450","owner_name":"CEBULAR THOMAS E & CYNTHIA A TRUSTEE","property_address":"11443 TWIN MILLS LN","property_city":"CHARDON","property_zip":"44024"}},{"type":"Feature","geometry":{"type":"Polygon","coordinates":[[[-81.2611026595469,41.5658357879829],[-81.2612412355624,41.5639645670463],[-81.2617144048858,41.5640045744142],[-81.2615845184935,41.5658340680256],[-81.2611026595469,41.5658357879829]]]},"properties":{"source_county":"Geauga","jurisdiction":"Munson Township","parcel_id":"21-042500","owner_name":"MCKENZIE ROBERT D TOD","property_address":"10610 MULBERRY RD","property_city":"CHARDON","property_zip":"44024"}},{"type":"Feature","geometry":{"type":"Polygon","coordinates":[[[-81.2609808353213,41.5658362225146],[-81.2610924511401,41.563951986555],[-81.2612412355624,41.5639645670463],[-81.2611026595469,41.5658357879829],[-81.2609808353213,41.5658362225146]]]},"properties":{"source_county":"Geauga","jurisdiction":"Munson Township","parcel_id":"21-042600","owner_name":"MCKENZIE ROBERT D TOD","property_address":" MULBERRY RD","property_city":"CHARDON","property_zip":"44024"}},{"type":"Feature","geometry":{"type":"Polygon","coordinates":[[[-81.2550109901292,41.5619216105687],[-81.2556599231897,41.5601824954591],[-81.255695111037,41.560189905375],[-81.2557750912929,41.5602067461373],[-81.2591865965612,41.5609250263749],[-81.2586689270723,41.5614955185177],[-81.2582510882583,41.5623553879694],[-81.2567494279877,41.5623387997203],[-81.2555057660794,41.5620403500033],[-81.255045579221,41.5619299111348],[-81.2550109901292,41.5619216105687]]]},"properties":{"source_county":"Geauga","jurisdiction":"Munson Township","parcel_id":"21-043200","owner_name":"MUHIC ALLEN R","property_address":"11406 FOWLERS MILL RD","property_city":"CHARDON","property_zip":"44024"}},{"type":"Feature","geometry":{"type":"Polygon","coordinates":[[[-81.266413571498,41.5516572708061],[-81.2664412159651,41.5516507883547],[-81.2664382817441,41.551737731901],[-81.2664373033935,41.551766706476],[-81.2663672317352,41.5538427413873],[-81.2675904333577,41.5546384616342],[-81.2674032146259,41.5558318775382],[-81.2673066093088,41.5560483766272],[-81.2674973803814,41.5562391893381],[-81.2677058057027,41.5563300736882],[-81.2677467373683,41.5566059909265],[-81.2675852467941,41.5568903899234],[-81.2673428947863,41.5570417790787],[-81.2671802480484,41.5572100535734],[-81.2667871679343,41.5569751380208],[-81.266933727589,41.5566810201467],[-81.2666740392015,41.5560725950817],[-81.2667800646338,41.5559220736079],[-81.2664814491465,41.5557291585229],[-81.2668033779676,41.5554869079112],[-81.2666586590026,41.5553424666947],[-81.2666864218321,41.5550126153618],[-81.2663922316471,41.5547253126629],[-81.2664141579573,41.5540757247264],[-81.2663124142323,41.5538417140618],[-81.2663820156047,41.5517796686816],[-81.2663829928153,41.5517506922938],[-81.2663859270424,41.5516637523505],[-81.266413571498,41.5516572708061]]]},"properties":{"source_county":"Geauga","jurisdiction":"Munson Township","parcel_id":"21-043820","owner_name":"DAUTERMAN TERRENCE L TOD & LINDA D TOD","property_address":"10476 WILSON MILLS RD","property_city":"CHARDON","property_zip":"44024"}},{"type":"Feature","geometry":{"type":"Polygon","coordinates":[[[-81.2712714488053,41.567232168787],[-81.2719788876368,41.5664632578372],[-81.2720614495231,41.5665078927581],[-81.272141567636,41.5665549725504],[-81.2721606048877,41.5665687482491],[-81.2721764568866,41.5665846369033],[-81.2721887139574,41.5666022278929],[-81.2721970593304,41.5666210666032],[-81.2722012773273,41.5666406661736],[-81.272201258936,41.5666605200796],[-81.2722014736008,41.5666960967784],[-81.2722098425084,41.5667311142733],[-81.2722261156429,41.5667645263852],[-81.2722498068404,41.5667953348955],[-81.272280208313,41.5668226193697],[-81.272316411793,41.566845564656],[-81.2723573356685,41.5668634852397],[-81.2724017572973,41.566875845724],[-81.2724483495355,41.5668822768256],[-81.2724957203879,41.5668825864083],[-81.2725424545969,41.5668767652228],[-81.2725871559256,41.5668649871837],[-81.2728333192823,41.5672747150167],[-81.272835475092,41.5672783028167],[-81.2712662773746,41.5672377898222],[-81.2712714488053,41.567232168787]]]},"properties":{"source_county":"Geauga","jurisdiction":"Munson Township","parcel_id":"21-044230","owner_name":"CHORBA FRANK J & SHARON A TRUSTEES","property_address":"11231 HIGHLAND VIEW DR","property_city":"CHARDON","property_zip":"44024"}},{"type":"Feature","geometry":{"type":"Polygon","coordinates":[[[-81.2529648036376,41.5694285924935],[-81.2529854864237,41.5690035930126],[-81.2530220453123,41.5690052282617],[-81.2548692139157,41.5690878313954],[-81.2548606198193,41.5694541535175],[-81.2530015372305,41.5694291886596],[-81.2529647992857,41.5694286951022],[-81.2529648036376,41.5694285924935]]]},"properties":{"source_county":"Geauga","jurisdiction":"Munson Township","parcel_id":"21-044300","owner_name":"GARRATT KEVIN J","property_address":"11126 FOWLERS MILL RD","property_city":"CHARDON","property_zip":"44024"}},{"type":"Feature","geometry":{"type":"Polygon","coordinates":[[[-81.2641622759236,41.5521920673886],[-81.2642744901309,41.5521631818713],[-81.2642913867689,41.5522458655229],[-81.2642970201953,41.5522734264517],[-81.2646299525691,41.5539024879173],[-81.2640656443046,41.553804815724],[-81.2635444690503,41.5523510948036],[-81.2641622759236,41.5521920673886]]]},"properties":{"source_county":"Geauga","jurisdiction":"Munson Township","parcel_id":"21-044950","owner_name":"LEVITSKAYA ANASTASIA","property_address":"10544 WILSON MILLS RD","property_city":"CHARDON","property_zip":"44024"}},{"type":"Feature","geometry":{"type":"Polygon","coordinates":[[[-81.2690344636261,41.5616695662181],[-81.2697766014977,41.5616378380262],[-81.2697214237376,41.5637094866607],[-81.2697192318654,41.5637917723575],[-81.2697190434593,41.5637917811671],[-81.2690287761255,41.5638239294521],[-81.2690344636261,41.5616695662181]]]},"properties":{"source_county":"Geauga","jurisdiction":"Munson Township","parcel_id":"21-045300","owner_name":"WOOD RICHARD T & PATRICIA L","property_address":" MULBERRY RD","property_city":"CHARDON","property_zip":"44024"}},{"type":"Feature","geometry":{"type":"Polygon","coordinates":[[[-81.2643079641703,41.5544807001304],[-81.2640656443046,41.553804815724],[-81.2646299525691,41.5539024879173],[-81.2650601327482,41.5539660798728],[-81.2656338572033,41.5538315813707],[-81.2662075805012,41.5536970800403],[-81.2662715037885,41.551805577483],[-81.2662724834963,41.5517765984209],[-81.2662754214329,41.5516896603199],[-81.2663306887071,41.5516767024498],[-81.2663277544231,41.551763641491],[-81.2663267759555,41.5517926196661],[-81.2662072136915,41.5553346643366],[-81.2659248197692,41.5553917355785],[-81.2643079641703,41.5544807001304]]]},"properties":{"source_county":"Geauga","jurisdiction":"Munson Township","parcel_id":"21-046450","owner_name":"FORD ANDREW M & ELIZABETH A","property_address":"10480 WILSON MILLS RD","property_city":"CHARDON","property_zip":"44024"}},{"type":"Feature","geometry":{"type":"Polygon","coordinates":[[[-81.2695143344337,41.5698935754678],[-81.2695554097913,41.5691116654266],[-81.2702212797265,41.5693048669532],[-81.2701964180966,41.5698917571742],[-81.2701963603515,41.5698931081893],[-81.2695142227511,41.5698956904223],[-81.2695143344337,41.5698935754678]]]},"properties":{"source_county":"Geauga","jurisdiction":"Munson Township","parcel_id":"21-047570","owner_name":"GEDEON LINDSEY A & GREGORY DANIEL","property_address":" THWING RD","property_city":"CHARDON","property_zip":"44024"}},{"type":"Feature","geometry":{"type":"Polygon","coordinates":[[[-81.2580431449463,41.553766992745],[-81.2583535607458,41.5536871076306],[-81.2588815296512,41.5548447195483],[-81.259088176342,41.5552977965761],[-81.2585152562517,41.5553118319075],[-81.25783510482,41.5538205299605],[-81.2580431449463,41.553766992745]]]},"properties":{"source_county":"Geauga","jurisdiction":"Munson Township","parcel_id":"21-047850","owner_name":"BUCKLAND RICK G & GAIL C","property_address":"10690 WILSON MILLS RD","property_city":"CHARDON","property_zip":"44024"}},{"type":"Feature","geometry":{"type":"Polygon","coordinates":[[[-81.2645748063683,41.5662157403775],[-81.2651570787434,41.5661205642255],[-81.2658574856013,41.5671966040022],[-81.2658680445126,41.5672128250053],[-81.2653329096752,41.5672151643376],[-81.2652628231509,41.5672154700001],[-81.2652508466018,41.5671980677378],[-81.2645748063683,41.5662157403775]]]},"properties":{"source_county":"Geauga","jurisdiction":"Munson Township","parcel_id":"21-048020","owner_name":"CLEVELAND CARMEN TOD","property_address":"10460 MEADOWHURST LN","property_city":"CHARDON","property_zip":"44024"}},{"type":"Feature","geometry":{"type":"Polygon","coordinates":[[[-81.2493889483275,41.5555579647611],[-81.2514329952703,41.556102711141],[-81.2514414472454,41.5566953862114],[-81.2514422173245,41.5567493933182],[-81.2514238403894,41.5567495621961],[-81.2501675505225,41.5567611429909],[-81.2492345014495,41.5557675139625],[-81.2492769128048,41.5557412773753],[-81.2493136081533,41.5557105613182],[-81.2493437580315,41.5556760601055],[-81.2493666809351,41.555638553611],[-81.2493818587228,41.5555988896392],[-81.2493889483275,41.5555579647611]]]},"properties":{"source_county":"Geauga","jurisdiction":"Munson Township","parcel_id":"21-048470","owner_name":"CIOLEK DANIEL & ISABEL","property_address":"11580 FOREST VIEW DR","property_city":"CHARDON","property_zip":"44024"}},{"type":"Feature","geometry":{"type":"Polygon","coordinates":[[[-81.2656977983847,41.5519400792238],[-81.2662715037885,41.551805577483],[-81.2662075805012,41.5536970800403],[-81.2656338572033,41.5538315813707],[-81.2656977983847,41.5519400792238]]]},"properties":{"source_county":"Geauga","jurisdiction":"Munson Township","parcel_id":"21-048500","owner_name":"MALENSEK BERNADETTE TRUSTEE","property_address":"10484 WILSON MILLS RD","property_city":"CHARDON","property_zip":"44024"}},{"type":"Feature","geometry":{"type":"Polygon","coordinates":[[[-81.2571534415878,41.5695378452719],[-81.2575517762603,41.5695367147099],[-81.2575537113464,41.5699153969769],[-81.2571553755868,41.5699165266579],[-81.2571534415878,41.5695378452719]]]},"properties":{"source_county":"Geauga","jurisdiction":"Munson Township","parcel_id":"21-048680","owner_name":"MASTROIANNI TERESE A & KIRCHSTEIN PAUL L","property_address":"10723 THWING RD","property_city":"CHARDON","property_zip":"44024"}},{"type":"Feature","geometry":{"type":"Polygon","coordinates":[[[-81.2588436484678,41.5639142029575],[-81.2593727005804,41.5638065582373],[-81.2599464047995,41.56385507595],[-81.2597747814242,41.5643204905732],[-81.2598298071409,41.5645634489078],[-81.2599734132441,41.5647662621398],[-81.260172488278,41.5649270419812],[-81.2604862010022,41.56494543105],[-81.2604333397489,41.5658381740362],[-81.2596307981718,41.5658410297031],[-81.2595120088613,41.5658414518887],[-81.2587818709612,41.5639267725782],[-81.2588436484678,41.5639142029575]]]},"properties":{"source_county":"Geauga","jurisdiction":"Munson Township","parcel_id":"21-048900","owner_name":"SHAPIRO JACK A TOD AKA JACK TOD","property_address":" MULBERRY RD","property_city":"CHARDON","property_zip":"44024"}},{"type":"Feature","geometry":{"type":"Polygon","coordinates":[[[-81.2635740912059,41.5554690597375],[-81.2634695846427,41.554983314182],[-81.2633588372905,41.5544685530266],[-81.2629369395268,41.5525074729646],[-81.2635444690503,41.5523510948036],[-81.2640656443046,41.553804815724],[-81.2643079641703,41.5544807001304],[-81.2659248197692,41.5553917355785],[-81.2662072136915,41.5553346643366],[-81.2653681654941,41.5569098146517],[-81.264581884272,41.5566793678448],[-81.2639883048128,41.5562643409036],[-81.2637021480382,41.5560642590923],[-81.2635740912059,41.5554690597375]]]},"properties":{"source_county":"Geauga","jurisdiction":"Munson Township","parcel_id":"21-049200","owner_name":"FULLER JAMON R & AMY M","property_address":"10556 WILSON MILLS RD","property_city":"CHARDON","property_zip":"44024"}},{"type":"Feature","geometry":{"type":"Polygon","coordinates":[[[-81.2664412159651,41.5516507883547],[-81.2664964579031,41.5516378355399],[-81.2664935200926,41.551724782651],[-81.2664925405851,41.5517537563136],[-81.2664243174469,41.5537725280598],[-81.2675614764906,41.5545123298323],[-81.2687302598393,41.554534596615],[-81.2686010602699,41.5583622069208],[-81.2682144243728,41.558361322296],[-81.2676428527678,41.5583600134762],[-81.2669461338495,41.5578155951356],[-81.2671802480484,41.5572100535734],[-81.2673428947863,41.5570417790787],[-81.2675852467941,41.5568903899234],[-81.2677467373683,41.5566059909265],[-81.2677058057027,41.5563300736882],[-81.2674973803814,41.5562391893381],[-81.2673066093088,41.5560483766272],[-81.2674032146259,41.5558318775382],[-81.2675904333577,41.5546384616342],[-81.2663672317352,41.5538427413873],[-81.2664373033935,41.551766706476],[-81.2664382817441,41.551737731901],[-81.2664412159651,41.5516507883547]]]},"properties":{"source_county":"Geauga","jurisdiction":"Munson Township","parcel_id":"21-049210","owner_name":"MADAR PAUL A & MARCHITA M","property_address":"10474 WILSON MILLS RD","property_city":"CHARDON","property_zip":"44024"}},{"type":"Feature","geometry":{"type":"Polygon","coordinates":[[[-81.2555232960935,41.5531272957431],[-81.2566192826974,41.5531324434387],[-81.2566372617805,41.5541288147832],[-81.2566004167887,41.5541286020884],[-81.2557456143627,41.5541247058106],[-81.2555412325167,41.5541237732381],[-81.2555232960935,41.5531272957431]]]},"properties":{"source_county":"Geauga","jurisdiction":"Munson Township","parcel_id":"21-050150","owner_name":"LAXGANGER BERNARD H & JENNIFER L","property_address":"10741 WILSON MILLS RD","property_city":"CHARDON","property_zip":"44024"}},{"type":"Feature","geometry":{"type":"Polygon","coordinates":[[[-81.2588053575596,41.5535708379141],[-81.2588720145426,41.5535536838803],[-81.259399993846,41.5547112980174],[-81.2588815296512,41.5548447195483],[-81.2583535607458,41.5536871076306],[-81.2588053575596,41.5535708379141]]]},"properties":{"source_county":"Geauga","jurisdiction":"Munson Township","parcel_id":"21-053015","owner_name":"TOURNAS ERIN L & JAMES J","property_address":"10676 WILSON MILLS RD","property_city":"CHARDON","property_zip":"44024"}},{"type":"Feature","geometry":{"type":"Polygon","coordinates":[[[-81.2629039858437,41.567225751073],[-81.2639808499387,41.5672210634619],[-81.2639393169643,41.5681893224193],[-81.2632998020617,41.5681911708212],[-81.2632265474895,41.5698991570833],[-81.2625870158715,41.5699010015591],[-81.2626602894526,41.5681930193282],[-81.2618777306315,41.5676533196681],[-81.2618967548828,41.5672301265801],[-81.2628871761989,41.5672258241306],[-81.2629039858437,41.567225751073]]]},"properties":{"source_county":"Geauga","jurisdiction":"Munson Township","parcel_id":"21-053850","owner_name":"EBERST GEORGE & LAVERNE","property_address":"10569 THWING RD","property_city":"CHARDON","property_zip":"44024"}},{"type":"Feature","geometry":{"type":"Polygon","coordinates":[[[-81.2500489169891,41.5530695637213],[-81.2502533410774,41.5520029568631],[-81.2502975737759,41.5520131939233],[-81.2503434692044,41.5520176924785],[-81.2503897178427,41.5520163241732],[-81.2504350000918,41.5520091280486],[-81.2504780239276,41.5519963094295],[-81.2505175617661,41.5519782340656],[-81.2513823327958,41.5528699029871],[-81.2513856529378,41.5530757199822],[-81.2503976053551,41.5530711714224],[-81.2500489169891,41.5530695637213]]]},"properties":{"source_county":"Geauga","jurisdiction":"Munson Township","parcel_id":"21-055550","owner_name":"ENDRES KENNETH E & JOELLA M","property_address":"10880 WOOD HOLLOW DR","property_city":"CHARDON","property_zip":"44024"}},{"type":"Feature","geometry":{"type":"Polygon","coordinates":[[[-81.2714276702185,41.5660656929066],[-81.2722654263479,41.5648335993544],[-81.2726412705272,41.565184874375],[-81.2719204737902,41.5662404364335],[-81.2717979116261,41.566190214472],[-81.2716720869737,41.5661447702827],[-81.2714276702185,41.5660656929066]]]},"properties":{"source_county":"Geauga","jurisdiction":"Munson Township","parcel_id":"21-059470","owner_name":"LANZARETTA RONALD C & PATRICIA K","property_address":"11260 HIGHLAND VIEW DR","property_city":"CHARDON","property_zip":"44024"}},{"type":"Feature","geometry":{"type":"Polygon","coordinates":[[[-81.2519514025661,41.5576462444622],[-81.2513451632361,41.5576458838551],[-81.2514238403894,41.5567495621961],[-81.2514422173245,41.5567493933182],[-81.2527833945953,41.5567360848124],[-81.2525342401986,41.5577855824767],[-81.2522382349451,41.5576904779277],[-81.2521691260514,41.5576713070241],[-81.252097798555,41.5576574599152],[-81.2520249773641,41.5576490773302],[-81.2519514025661,41.5576462444622]]]},"properties":{"source_county":"Geauga","jurisdiction":"Munson Township","parcel_id":"21-061070","owner_name":"TEKAVEC BARBARA A","property_address":"10855 NOLLWOOD DR","property_city":"CHARDON","property_zip":"44024"}},{"type":"Feature","geometry":{"type":"Polygon","coordinates":[[[-81.2681938947606,41.567202629092],[-81.268921660246,41.5671994292405],[-81.2688299435727,41.5698953950115],[-81.2688298450048,41.5698982782177],[-81.2680550646415,41.5699001749315],[-81.2680550070794,41.5699001752213],[-81.2680551470585,41.56989745094],[-81.2681938947606,41.567202629092]]]},"properties":{"source_county":"Geauga","jurisdiction":"Munson Township","parcel_id":"21-061100","owner_name":"ELLIOTT JUDSON S TOD & BEVERLY L TOD","property_address":" THWING RD","property_city":"CHARDON","property_zip":"44024"}},{"type":"Feature","geometry":{"type":"Polygon","coordinates":[[[-81.2594552668262,41.5523139203575],[-81.259773759858,41.5522330129071],[-81.2597759444383,41.5522378034425],[-81.2602181260293,41.5532072470516],[-81.2597706625833,41.5533224086854],[-81.2595985026473,41.5533667159863],[-81.2591533021547,41.5523906290126],[-81.2594549138826,41.5523140102371],[-81.2594552668262,41.5523139203575]]]},"properties":{"source_county":"Geauga","jurisdiction":"Munson Township","parcel_id":"21-061400","owner_name":"BRENTAR DAVID A & TIA L","property_address":"10643 WILSON MILLS RD","property_city":"CHARDON","property_zip":"44024"}},{"type":"Feature","geometry":{"type":"Polygon","coordinates":[[[-81.2566874825327,41.5566972484111],[-81.2566912150758,41.5568941003561],[-81.2566944537731,41.5570643573362],[-81.2566100152941,41.5573709973832],[-81.2565725740543,41.5573714680893],[-81.2564851915933,41.5573725655467],[-81.2545970654549,41.5573962593355],[-81.2547613272904,41.5567164302883],[-81.2549673983866,41.5567143800264],[-81.2550083902924,41.5567139722288],[-81.2558242725012,41.5567058536932],[-81.2566507220419,41.5566976237723],[-81.2566773022533,41.5566973528107],[-81.2566868477401,41.5566638037203],[-81.2566874825327,41.5566972484111]]]},"properties":{"source_county":"Geauga","jurisdiction":"Munson Township","parcel_id":"21-062200","owner_name":"GIBSON BARBARA A & JACK L","property_address":"11535 FOWLERS MILL RD","property_city":"CHARDON","property_zip":"44024"}},{"type":"Feature","geometry":{"type":"Polygon","coordinates":[[[-81.2666027736691,41.5672096092348],[-81.2668130716151,41.5672086874006],[-81.2666748938846,41.569891872785],[-81.2665219068291,41.569891569823],[-81.2659491207906,41.5698912646913],[-81.266063817215,41.567211968074],[-81.2666027736691,41.5672096092348]]]},"properties":{"source_county":"Geauga","jurisdiction":"Munson Township","parcel_id":"21-062300","owner_name":"SCHUSTER RUDOLF & DEBORAH ELAINE TRUSTEES","property_address":"10475 THWING RD","property_city":"CHARDON","property_zip":"44024"}},{"type":"Feature","geometry":{"type":"Polygon","coordinates":[[[-81.2668130716151,41.5672086874006],[-81.2675034790155,41.5672056607042],[-81.2673647937248,41.569898714137],[-81.26667458881,41.5698972481395],[-81.2668130716151,41.5672086874006]]]},"properties":{"source_county":"Geauga","jurisdiction":"Munson Township","parcel_id":"21-062400","owner_name":"SCHUSTER RUDOLF & DEBORAH ELAINE TRUSTEES","property_address":" THWING RD","property_city":"CHARDON","property_zip":"44024"}},{"type":"Feature","geometry":{"type":"Polygon","coordinates":[[[-81.2742654245838,41.5616583685755],[-81.2749036266533,41.5616186739305],[-81.2748824045712,41.5622711941264],[-81.2748433907752,41.5634707838498],[-81.274317414918,41.5635039683477],[-81.2742077407573,41.5635108879778],[-81.2742654245838,41.5616583685755]]]},"properties":{"source_county":"Geauga","jurisdiction":"Munson Township","parcel_id":"21-064400","owner_name":"GARRABRANT IVAN E","property_address":"10257 MULBERRY RD","property_city":"CHARDON","property_zip":"44024"}},{"type":"Feature","geometry":{"type":"Polygon","coordinates":[[[-81.2742654245838,41.5616583685755],[-81.2743636411929,41.5585038939968],[-81.274538555084,41.558527417672],[-81.2750021282156,41.5585897605692],[-81.2749368670675,41.5605965624258],[-81.2749138471027,41.5613044104357],[-81.2749036266533,41.5616186739305],[-81.2742654245838,41.5616583685755]]]},"properties":{"source_county":"Geauga","jurisdiction":"Munson Township","parcel_id":"21-064500","owner_name":"GARRABRANT IVAN E","property_address":" MULBERRY RD","property_city":"CHARDON","property_zip":"44024"}},{"type":"Feature","geometry":{"type":"Polygon","coordinates":[[[-81.2733096842371,41.5635675421268],[-81.2737712190376,41.5635384263447],[-81.2739040883017,41.5647305968747],[-81.2733578686508,41.5647649321079],[-81.2732950874421,41.5642015934923],[-81.2732372948482,41.5636830129342],[-81.2732250213669,41.5635728826597],[-81.2733096842371,41.5635675421268]]]},"properties":{"source_county":"Geauga","jurisdiction":"Munson Township","parcel_id":"21-068800","owner_name":"PYSELL LINDA C & DAVID A","property_address":"10290 MULBERRY RD","property_city":"CHARDON","property_zip":"44024"}},{"type":"Feature","geometry":{"type":"Polygon","coordinates":[[[-81.2744339908298,41.5654674548279],[-81.2733964136817,41.5650143900423],[-81.2732789033889,41.5649045636977],[-81.2731438958426,41.5647783832493],[-81.2732820084036,41.5647697020262],[-81.2733574665252,41.5647649566755],[-81.2733578686508,41.5647649321079],[-81.2739040883017,41.5647305968747],[-81.2741112028239,41.5647175762036],[-81.2744503086124,41.5646962572839],[-81.2746723915308,41.5653866650737],[-81.2746270035054,41.5653869840799],[-81.2745823080563,41.5653929247672],[-81.2745395311285,41.5654043241895],[-81.274499846045,41.5654208696736],[-81.2744643413255,41.5654421073954],[-81.2744339908298,41.5654674548279]]]},"properties":{"source_county":"Geauga","jurisdiction":"Munson Township","parcel_id":"21-068810","owner_name":"WEILAND DONALD J & SHERYL L","property_address":"11209 HIDDEN SPRINGS DR","property_city":"CHARDON","property_zip":"44024"}},{"type":"Feature","geometry":{"type":"Polygon","coordinates":[[[-81.2744192911083,41.565700361344],[-81.2738750186791,41.5654616935354],[-81.2732651941825,41.5655000284813],[-81.2729965406364,41.5655169151589],[-81.2726412705272,41.565184874375],[-81.2722654263479,41.5648335993544],[-81.2728116471779,41.5647992674598],[-81.2731438958426,41.5647783832493],[-81.2732789033889,41.5649045636977],[-81.2733964136817,41.5650143900423],[-81.2744339908298,41.5654674548279],[-81.2744088370618,41.5654973544384],[-81.2743908701155,41.5655300466534],[-81.274380620471,41.5655645662446],[-81.2743783907587,41.5655998940298],[-81.2743842468233,41.5656349869631],[-81.2743980157782,41.5656688089311],[-81.2744192911083,41.565700361344]]]},"properties":{"source_county":"Geauga","jurisdiction":"Munson Township","parcel_id":"21-068820","owner_name":"SCHONBERGER MARTY L JR","property_address":"11205 HIDDEN SPRINGS DR","property_city":"CHARDON","property_zip":"44024"}},{"type":"Feature","geometry":{"type":"Polygon","coordinates":[[[-81.2669367042447,41.5515346218741],[-81.267125441561,41.5514903717558],[-81.2671225047614,41.5515773098838],[-81.2671215266142,41.551606289868],[-81.267057626865,41.553497793002],[-81.2664838733453,41.5536323062875],[-81.2665477885924,41.5517408035385],[-81.2665487680414,41.551711831676],[-81.266551705761,41.5516248854634],[-81.2669367042447,41.5515346218741]]]},"properties":{"source_county":"Geauga","jurisdiction":"Munson Township","parcel_id":"21-069140","owner_name":"SIEGERT CLIFFORD E JR & KINDRA L","property_address":"10470 WILSON MILLS RD","property_city":"CHARDON","property_zip":"44024"}},{"type":"Feature","geometry":{"type":"Polygon","coordinates":[[[-81.2651240894269,41.5520745781113],[-81.2656977983847,41.5519400792238],[-81.2656338572033,41.5538315813707],[-81.2650601327482,41.5539660798728],[-81.2651240894269,41.5520745781113]]]},"properties":{"source_county":"Geauga","jurisdiction":"Munson Township","parcel_id":"21-070000","owner_name":"MATEJKA MICHAEL E & BARBARA A TRUSTEE","property_address":"10502 WILSON MILLS RD","property_city":"CHARDON","property_zip":"44024"}},{"type":"Feature","geometry":{"type":"Polygon","coordinates":[[[-81.2555412325167,41.5541237732381],[-81.2557456143627,41.5541247058106],[-81.2557788377562,41.5551058114746],[-81.2558057082165,41.5558554029156],[-81.2558242725012,41.5567058536932],[-81.2550083902924,41.5567139722288],[-81.2549831738696,41.5555200487317],[-81.2549536302538,41.5541210897025],[-81.2555412325167,41.5541237732381]]]},"properties":{"source_county":"Geauga","jurisdiction":"Munson Township","parcel_id":"21-070100","owner_name":"LLOYD THOMAS C & DIANE L","property_address":"10762 WILSON MILLS RD","property_city":"CHARDON","property_zip":"44024"}},{"type":"Feature","geometry":{"type":"Polygon","coordinates":[[[-81.2703659444585,41.5506005800737],[-81.2708652039446,41.5503704529056],[-81.2711922791358,41.5507704252222],[-81.2718780974543,41.5511797183819],[-81.2710706440048,41.5514632908038],[-81.2703659444585,41.5506005800737]]]},"properties":{"source_county":"Geauga","jurisdiction":"Munson Township","parcel_id":"21-070500","owner_name":"ANTLOGA MIRKO FRANK & KATHLEEN MARIE CO TRUSTEES","property_address":"10346 WILSON MILLS RD","property_city":"CHARDON","property_zip":"44024"}},{"type":"Feature","geometry":{"type":"Polygon","coordinates":[[[-81.2715986580535,41.5637860060402],[-81.2721448704801,41.5637516781704],[-81.2722654263479,41.5648335993544],[-81.2718284490387,41.5648610626574],[-81.2717192037467,41.5648679286667],[-81.2717039677647,41.5647311854846],[-81.2715986580535,41.5637860060402]]]},"properties":{"source_county":"Geauga","jurisdiction":"Munson Township","parcel_id":"21-071350","owner_name":"WENTZ JON D & LISA M TRUSTEES","property_address":"10316 MULBERRY RD","property_city":"CHARDON","property_zip":"44024"}},{"type":"Feature","geometry":{"type":"Polygon","coordinates":[[[-81.2530378108897,41.5680989178077],[-81.2531809365878,41.5676030858235],[-81.2532167683074,41.5676081098508],[-81.2548983961362,41.5678438651974],[-81.2548877079181,41.5682992897963],[-81.2530739539586,41.5681032212271],[-81.2530377004545,41.5680993020304],[-81.2530378108897,41.5680989178077]]]},"properties":{"source_county":"Geauga","jurisdiction":"Munson Township","parcel_id":"21-075400","owner_name":"HALL ALICE M","property_address":"11170 FOWLERS MILL RD","property_city":"CHARDON","property_zip":"44024"}},{"type":"Feature","geometry":{"type":"Polygon","coordinates":[[[-81.2654537222585,41.5511169339773],[-81.266441290077,41.5508363705944],[-81.266413571498,41.5516572708061],[-81.2663859270424,41.5516637523505],[-81.2663306887071,41.5516767024498],[-81.2662754214329,41.5516896603199],[-81.2652822385174,41.5519225033044],[-81.2654537222585,41.5511169339773]]]},"properties":{"source_county":"Geauga","jurisdiction":"Munson Township","parcel_id":"21-075700","owner_name":"VALVODA PAUL L","property_address":"10487 WILSON MILLS RD","property_city":"CHARDON","property_zip":"44024"}},{"type":"Feature","geometry":{"type":"Polygon","coordinates":[[[-81.2682729072916,41.5512213358303],[-81.2688466372389,41.551086812712],[-81.2687788757009,41.5530942352242],[-81.2682051280344,41.5532287579205],[-81.268268994408,41.5513372530908],[-81.2682699720267,41.5513082739948],[-81.2682729072916,41.5512213358303]]]},"properties":{"source_county":"Geauga","jurisdiction":"Munson Township","parcel_id":"21-075800","owner_name":"RIBICH KAY E TOD","property_address":"10414 WILSON MILLS RD","property_city":"CHARDON","property_zip":"44024"}},{"type":"Feature","geometry":{"type":"Polygon","coordinates":[[[-81.2690492667729,41.5510393020581],[-81.2691229453652,41.5510220257273],[-81.2690467473895,41.5532649601858],[-81.2689737001391,41.5532635598286],[-81.2690492667729,41.5510393020581]]]},"properties":{"source_county":"Geauga","jurisdiction":"Munson Township","parcel_id":"21-075900","owner_name":"LONG DEREK W","property_address":" WILSON MILLS RD","property_city":"CHARDON","property_zip":"44024"}},{"type":"Feature","geometry":{"type":"Polygon","coordinates":[[[-81.2688466372389,41.551086812712],[-81.2690492667729,41.5510393020581],[-81.2689737001391,41.5532635598286],[-81.2687732899945,41.5532597165177],[-81.2687788757009,41.5530942352242],[-81.2688466372389,41.551086812712]]]},"properties":{"source_county":"Geauga","jurisdiction":"Munson Township","parcel_id":"21-076000","owner_name":"LONG DEREK W","property_address":"10400 WILSON MILLS RD","property_city":"CHARDON","property_zip":"44024"}},{"type":"Feature","geometry":{"type":"Polygon","coordinates":[[[-81.2737721692434,41.5662418140487],[-81.274644240335,41.5658040470409],[-81.2749502959711,41.5658686163586],[-81.2746294827529,41.5660623844259],[-81.2748080852261,41.5672099417531],[-81.2744975477341,41.5669197292221],[-81.2737721692434,41.5662418140487]]]},"properties":{"source_county":"Geauga","jurisdiction":"Munson Township","parcel_id":"21-076630","owner_name":"GILBERT ROBERT","property_address":"11200 HIDDEN SPRINGS DR","property_city":"CHARDON","property_zip":"44024"}},{"type":"Feature","geometry":{"type":"Polygon","coordinates":[[[-81.2656121531003,41.5598713858912],[-81.2659250228577,41.5597094298198],[-81.2660018874987,41.5628871215672],[-81.265527036423,41.562896955664],[-81.2655527314645,41.5639594735282],[-81.2650082812716,41.5639707457343],[-81.2650051446944,41.5639708105277],[-81.264917648456,41.5606649248045],[-81.2655847192855,41.5605299711147],[-81.2656121531003,41.5598713858912]]]},"properties":{"source_county":"Geauga","jurisdiction":"Munson Township","parcel_id":"21-079000","owner_name":"MALONE TERRENCE K TOD & PAMELA R TOD","property_address":"10501 MULBERRY RD","property_city":"CHARDON","property_zip":"44024"}},{"type":"Feature","geometry":{"type":"Polygon","coordinates":[[[-81.2513370182255,41.5500603462679],[-81.2565633145672,41.5500306514475],[-81.2565708510329,41.5504483694733],[-81.2513437552915,41.5504780689955],[-81.2513421207334,41.55037672169],[-81.2513370182255,41.5500603462679]]]},"properties":{"source_county":"Geauga","jurisdiction":"Munson Township","parcel_id":"21-079300","owner_name":"BOCCIARELLI LORENZO M TOD & SUZAN D TOD","property_address":"11783 FOWLERS MILL RD","property_city":"CHARDON","property_zip":"44024"}},{"type":"Feature","geometry":{"type":"Polygon","coordinates":[[[-81.2632998020617,41.5681911708212],[-81.2639393169643,41.5681893224193],[-81.2638660778725,41.569897309073],[-81.2632265474895,41.5698991570833],[-81.2632998020617,41.5681911708212]]]},"properties":{"source_county":"Geauga","jurisdiction":"Munson Township","parcel_id":"21-080120","owner_name":"GRAU EDWARD & DOREEN","property_address":"10555 THWING RD","property_city":"CHARDON","property_zip":"44024"}},{"type":"Feature","geometry":{"type":"Polygon","coordinates":[[[-81.2677359889406,41.5614130283843],[-81.2682834601979,41.5614060214533],[-81.2682961405079,41.5619652240821],[-81.2683390061359,41.5638560501006],[-81.2680369220196,41.5638701159276],[-81.2677919343689,41.5638815226123],[-81.2677359889406,41.5614130283843]]]},"properties":{"source_county":"Geauga","jurisdiction":"Munson Township","parcel_id":"21-080150","owner_name":"HILL D W & KATHRYN E TRUSTEES","property_address":" MULBERRY RD","property_city":"CHARDON","property_zip":"44024"}},{"type":"Feature","geometry":{"type":"Polygon","coordinates":[[[-81.2548527066943,41.5697913386564],[-81.2548606198193,41.5694541535175],[-81.2548692139157,41.5690878313954],[-81.2548729056676,41.5689303569625],[-81.2548778048283,41.5687210409425],[-81.2548877079181,41.5682992897963],[-81.2548983961362,41.5678438651974],[-81.2549102538786,41.5673388344322],[-81.2549238367622,41.566760265781],[-81.2549370043051,41.5661993700368],[-81.2549450290725,41.5658575905148],[-81.2559980641322,41.5658538850912],[-81.2566653313742,41.5658515323367],[-81.2573012779477,41.5658492863086],[-81.2579298056202,41.5658470628006],[-81.2585581677669,41.5658448368232],[-81.2591863092269,41.56584260869],[-81.2595120088613,41.5658414518887],[-81.2596307981718,41.5658410297031],[-81.2594560175345,41.569909980943],[-81.2590154976558,41.5699112381726],[-81.2590109627586,41.5690201796692],[-81.259000374295,41.5669253868106],[-81.2582695138996,41.566927467513],[-81.258280080187,41.5690222604495],[-81.2582846039248,41.5699133198682],[-81.2575537113464,41.5699153969769],[-81.2575517762603,41.5695367147099],[-81.2571534415878,41.5695378452719],[-81.2571553755868,41.5699165266579],[-81.254849643938,41.5699230406668],[-81.2548514186802,41.5698462184948],[-81.2548527066943,41.5697913386564]]]},"properties":{"source_county":"Geauga","jurisdiction":"Munson Township","parcel_id":"21-080700","owner_name":"HILL CARL L TOD & LISA M TOD","property_address":"10733 THWING RD","property_city":"CHARDON","property_zip":"44024"}},{"type":"Feature","geometry":{"type":"Polygon","coordinates":[[[-81.2582695138996,41.566927467513],[-81.259000374295,41.5669253868106],[-81.2590109627586,41.5690201796692],[-81.258280080187,41.5690222604495],[-81.2582695138996,41.566927467513]]]},"properties":{"source_county":"Geauga","jurisdiction":"Munson Township","parcel_id":"21-080710","owner_name":"HILL CARL L TOD & LISA M TOD","property_address":" THWING RD","property_city":"CHARDON","property_zip":"44024"}},{"type":"Feature","geometry":{"type":"Polygon","coordinates":[[[-81.258280080187,41.5690222604495],[-81.2590109627586,41.5690201796692],[-81.2590154976558,41.5699112381726],[-81.2582846039248,41.5699133198682],[-81.258280080187,41.5690222604495]]]},"properties":{"source_county":"Geauga","jurisdiction":"Munson Township","parcel_id":"21-081000","owner_name":"HILL BRUCE & JUDY","property_address":"10675 THWING RD","property_city":"CHARDON","property_zip":"44024"}},{"type":"Feature","geometry":{"type":"Polygon","coordinates":[[[-81.2530278284578,41.5681335027826],[-81.2530377004545,41.5680993020304],[-81.2530739539586,41.5681032212271],[-81.2548877079181,41.5682992897963],[-81.2548778048283,41.5687210409425],[-81.2530426394444,41.5685812687283],[-81.2530061732932,41.5685784908602],[-81.2530278284578,41.5681335027826]]]},"properties":{"source_county":"Geauga","jurisdiction":"Munson Township","parcel_id":"21-081450","owner_name":"STAMBERGER RONALD A TOD & DAWN A TOD","property_address":"11150 FOWLERS MILL RD","property_city":"CHARDON","property_zip":"44024"}},{"type":"Feature","geometry":{"type":"Polygon","coordinates":[[[-81.2556599231726,41.5601824963594],[-81.2558078270882,41.55978610566],[-81.2558540375104,41.559662290994],[-81.2558360027745,41.5597920383349],[-81.2595123111644,41.5605660699543],[-81.2591865965612,41.5609250263749],[-81.2557750912929,41.5602067461373],[-81.255695111037,41.560189905375],[-81.2556599231726,41.5601824963594]]]},"properties":{"source_county":"Geauga","jurisdiction":"Munson Township","parcel_id":"21-081600","owner_name":"GARDNER REBECCA S TRUSTEE","property_address":"11444 FOWLERS MILL RD","property_city":"CHARDON","property_zip":"44024"}},{"type":"Feature","geometry":{"type":"Polygon","coordinates":[[[-81.2562689052673,41.5644380402678],[-81.2567871101625,41.5643326161305],[-81.2579298056202,41.5658470628006],[-81.2573012779477,41.5658492863086],[-81.2562689052673,41.5644380402678]]]},"properties":{"source_county":"Geauga","jurisdiction":"Munson Township","parcel_id":"21-082700","owner_name":"HOLY NEIL C","property_address":" MULBERRY RD","property_city":"CHARDON","property_zip":"44024"}},{"type":"Feature","geometry":{"type":"Polygon","coordinates":[[[-81.2550321843957,41.5652643076113],[-81.2553786778339,41.5650328146026],[-81.2559980641322,41.5658538850912],[-81.2549450290725,41.5658575905148],[-81.2545889664924,41.5654117237787],[-81.2549261214251,41.5653351680144],[-81.2550321843957,41.5652643076113]]]},"properties":{"source_county":"Geauga","jurisdiction":"Munson Township","parcel_id":"21-082800","owner_name":"HOLY NEIL C","property_address":" MULBERRY RD","property_city":"CHARDON","property_zip":"44024"}},{"type":"Feature","geometry":{"type":"Polygon","coordinates":[[[-81.2553786778339,41.5650328146026],[-81.255823514856,41.564735614869],[-81.2566653313742,41.5658515323367],[-81.2559980641322,41.5658538850912],[-81.2553786778339,41.5650328146026]]]},"properties":{"source_county":"Geauga","jurisdiction":"Munson Township","parcel_id":"21-082900","owner_name":"HOLY NEIL C","property_address":" MULBERRY RD","property_city":"CHARDON","property_zip":"44024"}},{"type":"Feature","geometry":{"type":"Polygon","coordinates":[[[-81.255823514856,41.564735614869],[-81.2562689052673,41.5644380402678],[-81.2573012779477,41.5658492863086],[-81.2566653313742,41.5658515323367],[-81.255823514856,41.564735614869]]]},"properties":{"source_county":"Geauga","jurisdiction":"Munson Township","parcel_id":"21-083000","owner_name":"HOLY NEIL C","property_address":"10772 MULBERRY RD","property_city":"CHARDON","property_zip":"44024"}},{"type":"Feature","geometry":{"type":"Polygon","coordinates":[[[-81.2593904662447,41.5534202569088],[-81.2595985026473,41.5533667159863],[-81.2597706625833,41.5533224086854],[-81.2598061714489,41.5534002644024],[-81.2598283822209,41.5533959769312],[-81.2598512124362,41.5533943521955],[-81.2598740999342,41.5533954302021],[-81.2598964811441,41.5533991844067],[-81.259917804961,41.5534055223674],[-81.259937546317,41.5534142880214],[-81.259955219109,41.5534252655268],[-81.2599703881689,41.5534381845787],[-81.2599826799787,41.5534527270638],[-81.2599917918679,41.5534685348938],[-81.2604369159,41.554444447993],[-81.2599184559289,41.5545778741656],[-81.2593904662447,41.5534202569088]]]},"properties":{"source_county":"Geauga","jurisdiction":"Munson Township","parcel_id":"21-083020","owner_name":"HAMILTON RONALD J & CONNIE S","property_address":"11635 TWIN MILLS LN","property_city":"CHARDON","property_zip":"44024"}},{"type":"Feature","geometry":{"type":"Polygon","coordinates":[[[-81.2537683603498,41.5567263012143],[-81.2547613272904,41.5567164302883],[-81.2545970654549,41.5573962593355],[-81.2544431883839,41.5580257828148],[-81.2534642411467,41.5580252200888],[-81.2537683603498,41.5567263012143]]]},"properties":{"source_county":"Geauga","jurisdiction":"Munson Township","parcel_id":"21-083150","owner_name":"CEBULAR PHILLIP E & FLORENCE E TRUSTEES","property_address":"10805 NOLLWOOD DR","property_city":"CHARDON","property_zip":"44024"}},{"type":"Feature","geometry":{"type":"Polygon","coordinates":[[[-81.2666110409636,41.5671947814043],[-81.267048985159,41.5664092894513],[-81.2671459552265,41.5664363581766],[-81.2672455321052,41.566457423326],[-81.2673470579832,41.5664723457413],[-81.2674498621713,41.5664810268436],[-81.2675532655347,41.5664834092848],[-81.2676565849799,41.5664794773261],[-81.26774342379,41.5671920335272],[-81.2677449547366,41.5672046007363],[-81.2675034790155,41.5672056607042],[-81.2668130716151,41.5672086874006],[-81.2666027736691,41.5672096092348],[-81.2666110409636,41.5671947814043]]]},"properties":{"source_county":"Geauga","jurisdiction":"Munson Township","parcel_id":"21-083350","owner_name":"BRAZIK WILLIAM S & BONNIE L","property_address":"10424 MEADOWHURST LN","property_city":"CHARDON","property_zip":"44024"}},{"type":"Feature","geometry":{"type":"Polygon","coordinates":[[[-81.2595058618643,41.5552875631922],[-81.2608472560261,41.5549491603178],[-81.2609739565761,41.5550480139578],[-81.2610494684439,41.5551114046404],[-81.2611186249856,41.5551787628738],[-81.2611810579131,41.555249729966],[-81.261236434739,41.555323928006],[-81.2612844605479,41.5554009618763],[-81.2613248795669,41.5554804213568],[-81.2613574765282,41.5555618833089],[-81.2595233828385,41.5558911920507],[-81.2595058618643,41.5552875631922]]]},"properties":{"source_county":"Geauga","jurisdiction":"Munson Township","parcel_id":"21-084449","owner_name":"NYZEN RONALD A","property_address":"11595 TWIN MILLS LN","property_city":"CHARDON","property_zip":"44024"}},{"type":"Feature","geometry":{"type":"Polygon","coordinates":[[[-81.2606979216006,41.557996184993],[-81.26083235966,41.5579638416366],[-81.2608383978445,41.5579959391733],[-81.2608483309791,41.5580476709841],[-81.2608610096884,41.558099063159],[-81.2608885853241,41.5581944902867],[-81.2609220414257,41.5582888505716],[-81.2609613055768,41.5583819396973],[-81.2610397327202,41.5585454958257],[-81.2596094478006,41.5589346893065],[-81.2593143650775,41.5583290310864],[-81.2606979216006,41.557996184993]]]},"properties":{"source_county":"Geauga","jurisdiction":"Munson Township","parcel_id":"21-084483","owner_name":"DORKA JENNIFER A TOD","property_address":"11499 TWIN MILLS LN","property_city":"CHARDON","property_zip":"44024"}},{"type":"Feature","geometry":{"type":"Polygon","coordinates":[[[-81.2612618155806,41.5598327229726],[-81.2616472231169,41.5593229920233],[-81.2617268016206,41.5593566331826],[-81.2618100569803,41.5593848106763],[-81.2618963259109,41.5594073000166],[-81.2619849211161,41.5594239220325],[-81.2620751367644,41.5594345442974],[-81.2621662541129,41.5594390821843],[-81.2623408905334,41.5605718659909],[-81.2620370035611,41.560285630917],[-81.2612618155806,41.5598327229726]]]},"properties":{"source_county":"Geauga","jurisdiction":"Munson Township","parcel_id":"21-084486","owner_name":"SNYDER MICHAEL M AKA MICHAEL H & LAURA L","property_address":"11431 TWIN MILLS LN","property_city":"CHARDON","property_zip":"44024"}},{"type":"Feature","geometry":{"type":"Polygon","coordinates":[[[-81.2628510575457,41.559156600053],[-81.2642040618525,41.5594926196],[-81.2655847192855,41.5605299711147],[-81.264917648456,41.5606649248045],[-81.2636529156711,41.5609207792281],[-81.2625933192984,41.5593764866855],[-81.262643430979,41.5593590415771],[-81.2626947599324,41.5593373445214],[-81.2627408045187,41.5593097574986],[-81.2627803779142,41.559276991583],[-81.262812460099,41.5592398913376],[-81.2628362241481,41.5591994130439],[-81.2628510575457,41.559156600053]]]},"properties":{"source_county":"Geauga","jurisdiction":"Munson Township","parcel_id":"21-084488","owner_name":"LENK THOMAS RICHARD TOD","property_address":"11404 TWIN MILLS LN","property_city":"CHARDON","property_zip":"44024"}},{"type":"Feature","geometry":{"type":"Polygon","coordinates":[[[-81.2626955759558,41.5588818899957],[-81.2630376407785,41.5585013178821],[-81.2633102881311,41.5585220392868],[-81.2652584692455,41.5584835257712],[-81.2661740524986,41.5592002904525],[-81.2663827833404,41.559469453415],[-81.2663844512716,41.5594716043914],[-81.2662679179445,41.5595319289613],[-81.2659250228577,41.5597094298198],[-81.2656121531003,41.5598713858912],[-81.2655847192855,41.5605299711147],[-81.2642040618525,41.5594926196],[-81.2628510575457,41.559156600053],[-81.2628563571851,41.5591173845109],[-81.2628541226874,41.5590780032125],[-81.2628444001597,41.5590392685224],[-81.2628273901726,41.5590019794656],[-81.2628034436223,41.5589669052449],[-81.2627730544905,41.5589347693741],[-81.2627368496547,41.5589062347535],[-81.2626955759558,41.5588818899957]]]},"properties":{"source_county":"Geauga","jurisdiction":"Munson Township","parcel_id":"21-084489","owner_name":"JORDAN RICHARD TOD & MARLENE TOD","property_address":"11430 TWIN MILLS LN","property_city":"CHARDON","property_zip":"44024"}},{"type":"Feature","geometry":{"type":"Polygon","coordinates":[[[-81.2614325263638,41.5588764639895],[-81.2611836354141,41.5583603968847],[-81.2622742187871,41.5584432951528],[-81.2624687503618,41.5584580809189],[-81.2624690161382,41.5584581008609],[-81.2630376407785,41.5585013178821],[-81.2626955759558,41.5588818899957],[-81.2626501668718,41.5588622651694],[-81.2626014870218,41.5588477214263],[-81.2625505378138,41.55883855795],[-81.2624983673377,41.5588349632447],[-81.2624460488056,41.5588370112579],[-81.2624458290268,41.5588370314275],[-81.2623893208127,41.5588457790558],[-81.2623353505796,41.5588610991261],[-81.2622852641943,41.5588826095991],[-81.262240310675,41.558909774064],[-81.2622016110443,41.5589419151145],[-81.2621701303743,41.558978231241],[-81.2621466537203,41.5590178168177],[-81.2621317665422,41.5590596846858],[-81.2621258401039,41.5591027907704],[-81.2621227205103,41.5591249702748],[-81.262114858482,41.5591464772508],[-81.2621024617042,41.559166743552],[-81.2620858576571,41.5591852338063],[-81.2620654849645,41.5592014595586],[-81.2620418818076,41.5592149921747],[-81.2620156717074,41.5592254741645],[-81.2619875470537,41.5592326286259],[-81.2619582508137,41.5592362665598],[-81.2619285569048,41.5592362918632],[-81.2618992497499,41.5592327038674],[-81.2618711035549,41.5592255973565],[-81.2617974034481,41.5591983948825],[-81.2617277828665,41.5591656868545],[-81.2616629683468,41.5591278146052],[-81.2616036362677,41.5590851733595],[-81.2615504057908,41.5590382081092],[-81.2615038323997,41.5589874089694],[-81.2614644021031,41.5589333060632],[-81.2614325263638,41.5588764639895]]]},"properties":{"source_county":"Geauga","jurisdiction":"Munson Township","parcel_id":"21-084490","owner_name":"ARNOLD ERIC C & SUSAN L","property_address":"11444 TWIN MILLS LN","property_city":"CHARDON","property_zip":"44024"}},{"type":"Feature","geometry":{"type":"Polygon","coordinates":[[[-81.2634522347725,41.5572071394169],[-81.2642466304314,41.5576913802232],[-81.2652584692455,41.5584835257712],[-81.2633102881311,41.5585220392868],[-81.2630906768286,41.5574644920829],[-81.263145241613,41.5574610610295],[-81.2631985110602,41.5574515438621],[-81.2632492888462,41.5574361543169],[-81.2632964346071,41.5574152380119],[-81.2633388895491,41.5573892646847],[-81.263375700228,41.5573588176422],[-81.2634060399617,41.5573245806612],[-81.2634292273947,41.5572873226313],[-81.2634447418,41.5572478802872],[-81.2634522347725,41.5572071394169]]]},"properties":{"source_county":"Geauga","jurisdiction":"Munson Township","parcel_id":"21-084494","owner_name":"NEAL BENJAMIN","property_address":"10554 HEMLOCK RIDGE DR","property_city":"CHARDON","property_zip":"44024"}},{"type":"Feature","geometry":{"type":"Polygon","coordinates":[[[-81.2626031837679,41.5551293215201],[-81.2634695846427,41.554983314182],[-81.2635740912059,41.5554690597375],[-81.2627897756332,41.5556012313469],[-81.2625844519669,41.555635830896],[-81.2616253266637,41.5557974513629],[-81.261617080754,41.5557153651591],[-81.2616020912856,41.5556338192188],[-81.2615804156829,41.5555531258074],[-81.2615521369729,41.5554735939243],[-81.2615173634668,41.5553955281202],[-81.2614762283447,41.5553192273307],[-81.2626031837679,41.5551293215201]]]},"properties":{"source_county":"Geauga","jurisdiction":"Munson Township","parcel_id":"21-084498","owner_name":"SANNITI RACHEL E","property_address":"11588 TWIN MILLS LN","property_city":"CHARDON","property_zip":"44024"}},{"type":"Feature","geometry":{"type":"Polygon","coordinates":[[[-81.2513906330984,41.562376619402],[-81.2544736576732,41.5619828317404],[-81.254926140537,41.5620465413587],[-81.2549624639916,41.5620516557068],[-81.254685552403,41.5627937360171],[-81.2546473990519,41.5627937230399],[-81.2513673093415,41.5627925511987],[-81.2513906330984,41.562376619402]]]},"properties":{"source_county":"Geauga","jurisdiction":"Munson Township","parcel_id":"21-085750","owner_name":"OPPENHEIM BRUCE A & CAROL M","property_address":"11367 FOWLERS MILL RD","property_city":"CHARDON","property_zip":"44024"}},{"type":"Feature","geometry":{"type":"Polygon","coordinates":[[[-81.2732651941825,41.5655000284813],[-81.2738750186791,41.5654616935354],[-81.2744192911083,41.565700361344],[-81.2744432025728,41.5657250434959],[-81.2744717114243,41.5657467984992],[-81.2745041907122,41.5657651479268],[-81.2745399261679,41.5657796882456],[-81.2745781319127,41.5657900996905],[-81.274644240335,41.5658040470409],[-81.2737721692434,41.5662418140487],[-81.2737292963941,41.5662017453897],[-81.2732591549144,41.565762355175],[-81.2730876191669,41.5656020377377],[-81.2729965406364,41.5655169151589],[-81.2732651941825,41.5655000284813]]]},"properties":{"source_county":"Geauga","jurisdiction":"Munson Township","parcel_id":"21-086937","owner_name":"ROSBORIL JOSEPH J","property_address":"11201 HIDDEN SPRINGS DR","property_city":"CHARDON","property_zip":"44024"}},{"type":"Feature","geometry":{"type":"Polygon","coordinates":[[[-81.272654797416,41.5665224148573],[-81.2730518613283,41.5665689336777],[-81.2732429696346,41.5664653493259],[-81.2737292963941,41.5662017453897],[-81.2737721692434,41.5662418140487],[-81.2744975477341,41.5669197292221],[-81.2734200349655,41.5669189928737],[-81.2732338676954,41.5668606415508],[-81.2727455191583,41.5667075750412],[-81.2727484327839,41.5666733916032],[-81.2727437577203,41.566639318618],[-81.2727316234476,41.5666062996834],[-81.2727123660158,41.5665752492053],[-81.2726865187371,41.5665470270753],[-81.272654797416,41.5665224148573]]]},"properties":{"source_county":"Geauga","jurisdiction":"Munson Township","parcel_id":"21-086951","owner_name":"BRENNAN MARY A TOD","property_address":"11230 HIGHLAND VIEW DR","property_city":"CHARDON","property_zip":"44024"}},{"type":"Feature","geometry":{"type":"Polygon","coordinates":[[[-81.2680260345724,41.564178415116],[-81.268028366661,41.564112373895],[-81.2680285926324,41.5641124078095],[-81.2697025614619,41.5643617644774],[-81.2699935612404,41.5644051098222],[-81.2699503803204,41.5645686281616],[-81.2699420197766,41.5646025248285],[-81.2699258178205,41.5646867196474],[-81.2699172334841,41.5647715445633],[-81.2696909519889,41.5647632337971],[-81.2693696708423,41.5647514322851],[-81.2680218972549,41.5642955541747],[-81.2680260345724,41.564178415116]]]},"properties":{"source_county":"Geauga","jurisdiction":"Munson Township","parcel_id":"21-086961","owner_name":"POWELL SETH N & JENNA R","property_address":"11291 HIGHLAND VIEW DR","property_city":"CHARDON","property_zip":"44024"}},{"type":"Feature","geometry":{"type":"Polygon","coordinates":[[[-81.2658771148986,41.5671965568792],[-81.2664253912601,41.5662131927573],[-81.267048985159,41.5664092894513],[-81.2666110409636,41.5671947814043],[-81.2666027736691,41.5672096092348],[-81.266063817215,41.567211968074],[-81.2658680445126,41.5672128250053],[-81.2658771148986,41.5671965568792]]]},"properties":{"source_county":"Geauga","jurisdiction":"Munson Township","parcel_id":"21-086966","owner_name":"COOPER DANIEL","property_address":"10430 MEADOWHURST LN","property_city":"CHARDON","property_zip":"44024"}},{"type":"Feature","geometry":{"type":"Polygon","coordinates":[[[-81.2658407469376,41.5660915896025],[-81.2659503850296,41.5661036648236],[-81.2660589506953,41.5661203321291],[-81.2661661032102,41.5661415392101],[-81.2662715062842,41.56616721951],[-81.2663748291165,41.5661972924332],[-81.2664253912601,41.5662131927573],[-81.2658771148986,41.5671965568792],[-81.2658680445126,41.5672128250053],[-81.2658574856013,41.5671966040022],[-81.2651570787434,41.5661205642255],[-81.2652920726573,41.566100482439],[-81.2654285990734,41.5660874985798],[-81.2655659971392,41.566081675496],[-81.265703601784,41.5660830413741],[-81.2658407469376,41.5660915896025]]]},"properties":{"source_county":"Geauga","jurisdiction":"Munson Township","parcel_id":"21-086967","owner_name":"COOPER DANIEL","property_address":"10444 MEADOWHURST LN","property_city":"CHARDON","property_zip":"44024"}},{"type":"Feature","geometry":{"type":"Polygon","coordinates":[[[-81.2629314803095,41.5672044701328],[-81.264039520763,41.5663468334617],[-81.2640766356541,41.5663667705854],[-81.2641176407339,41.5663818066722],[-81.2641613993237,41.5663915249146],[-81.2642066984137,41.5663956559179],[-81.2642522822898,41.5663940851686],[-81.2642968873432,41.5663868562086],[-81.2641652866599,41.5672009042211],[-81.2641621549651,41.5672202736591],[-81.2639808499387,41.5672210634619],[-81.2629039858437,41.567225751073],[-81.2629314803095,41.5672044701328]]]},"properties":{"source_county":"Geauga","jurisdiction":"Munson Township","parcel_id":"21-086970","owner_name":"MODIC MATTHEW J & LISA M","property_address":"10474 MEADOWHURST LN","property_city":"CHARDON","property_zip":"44024"}},{"type":"Feature","geometry":{"type":"Polygon","coordinates":[[[-81.2629374278873,41.5662210631076],[-81.2639453407645,41.5661625658828],[-81.263943051104,41.566196791003],[-81.2639483540453,41.5662308270841],[-81.2639611026112,41.5662637307015],[-81.2639809434422,41.5662945898187],[-81.2640073265907,41.5663225490682],[-81.264039520763,41.5663468334617],[-81.2629314803095,41.5672044701328],[-81.2629039858437,41.567225751073],[-81.2628871761989,41.5672258241306],[-81.2629039714089,41.5668900092193],[-81.2629374278873,41.5662210631076]]]},"properties":{"source_county":"Geauga","jurisdiction":"Munson Township","parcel_id":"21-086971","owner_name":"TRIPEPI CARLA J & LOOS BRETT","property_address":"10476 MEADOWHURST LN","property_city":"CHARDON","property_zip":"44024"}},{"type":"Feature","geometry":{"type":"Polygon","coordinates":[[[-81.2629538427845,41.565892850441],[-81.2629881233567,41.5652073880588],[-81.2629884001452,41.565207588214],[-81.2640927303396,41.5660065027773],[-81.2640551469424,41.5660238486981],[-81.2640217558766,41.5660454983041],[-81.2639934222095,41.5660708907184],[-81.2639708799891,41.5660993680985],[-81.2639547132263,41.5661301926786],[-81.2639453407645,41.5661625658828],[-81.2629374278873,41.5662210631076],[-81.2629538427845,41.565892850441]]]},"properties":{"source_county":"Geauga","jurisdiction":"Munson Township","parcel_id":"21-086972","owner_name":"SAFI SUZAN & SAKBANI FERAS","property_address":"10480 MEADOWHURST LN","property_city":"CHARDON","property_zip":"44024"}},{"type":"Feature","geometry":{"type":"Polygon","coordinates":[[[-81.2640927303396,41.5660065027773],[-81.2629884001452,41.565207588214],[-81.2629881233567,41.5652073880588],[-81.2629884112317,41.5652073821206],[-81.263718668756,41.5651916573559],[-81.2639807076694,41.5651860138202],[-81.2641704011918,41.5651819275247],[-81.2641704287052,41.5651819944535],[-81.2645281235283,41.5660548518387],[-81.264503843231,41.5660574133556],[-81.2644793256916,41.56605723516],[-81.2644551159521,41.5660543212134],[-81.2644317522121,41.5660487362949],[-81.2644097538634,41.566040604561],[-81.2643896099438,41.5660301067858],[-81.2643524070025,41.5660110267863],[-81.2643115447601,41.5659967816141],[-81.2642681272666,41.5659877561563],[-81.2642233276096,41.5659841942696],[-81.2641783562202,41.565986192192],[-81.2641344281696,41.5659936959419],[-81.2640927303396,41.5660065027773]]]},"properties":{"source_county":"Geauga","jurisdiction":"Munson Township","parcel_id":"21-086973","owner_name":"TERRANOVA ANTONETTE M","property_address":"10471 MEADOWHURST LN","property_city":"CHARDON","property_zip":"44024"}},{"type":"Feature","geometry":{"type":"Polygon","coordinates":[[[-81.2660372703732,41.5651393061769],[-81.2669807425138,41.5651105137028],[-81.2669613371174,41.5651453212411],[-81.266811380938,41.5654142888194],[-81.2664595115176,41.5660454057105],[-81.2663247981823,41.5660067690515],[-81.2661870020955,41.5659748479533],[-81.2660467160827,41.5659497797455],[-81.2659045436788,41.5659316722759],[-81.2660372703732,41.5651393061769]]]},"properties":{"source_county":"Geauga","jurisdiction":"Munson Township","parcel_id":"21-086976","owner_name":"YONOSIK BRIAN R","property_address":"10441 MEADOWHURST LN","property_city":"CHARDON","property_zip":"44024"}},{"type":"Feature","geometry":{"type":"Polygon","coordinates":[[[-81.266811380938,41.5654142888194],[-81.2669613371174,41.5651453212411],[-81.2684655802457,41.5659085237032],[-81.2684367529183,41.5659435521207],[-81.2683813875703,41.5660043112839],[-81.2683187419457,41.5660609425258],[-81.2682493584447,41.5661129555042],[-81.2681738378118,41.5661598998626],[-81.2680928339346,41.5662013691306],[-81.2680070481817,41.5662370042438],[-81.266811380938,41.5654142888194]]]},"properties":{"source_county":"Geauga","jurisdiction":"Munson Township","parcel_id":"21-086978","owner_name":"KUKWA JOHN L & KAREN A & LAUREN R TRUSTEES","property_address":"10411 MEADOWHURST LN","property_city":"CHARDON","property_zip":"44024"}},{"type":"Feature","geometry":{"type":"Polygon","coordinates":[[[-81.2652628231509,41.5672154700001],[-81.2653329096752,41.5672151643376],[-81.2652182287208,41.5698933891356],[-81.2645056082364,41.5698954566406],[-81.2645788306319,41.5681874704829],[-81.2646203945899,41.5672182752214],[-81.2652628231509,41.5672154700001]]]},"properties":{"source_county":"Geauga","jurisdiction":"Munson Township","parcel_id":"21-087500","owner_name":"JESENKO FRANK & EMILIJA","property_address":"10519 THWING RD","property_city":"CHARDON","property_zip":"44024"}},{"type":"Feature","geometry":{"type":"Polygon","coordinates":[[[-81.2623408905334,41.5605718659909],[-81.2621662541129,41.5594390821843],[-81.2622482350638,41.5594379465293],[-81.2623298301318,41.5594318721251],[-81.2624105127706,41.5594208981707],[-81.2624106583193,41.5594208727074],[-81.262503383449,41.559401917445],[-81.2625933192984,41.5593764866855],[-81.2636529156711,41.5609207792281],[-81.2634467270086,41.5609624895601],[-81.2634355739007,41.5609647453694],[-81.2628724148158,41.5611133782822],[-81.262298462862,41.5612648560432],[-81.2623408905334,41.5605718659909]]]},"properties":{"source_county":"Geauga","jurisdiction":"Munson Township","parcel_id":"21-088800","owner_name":"PAYNE FRANCIS MICHAEL III TRUSTEE","property_address":"11423 TWIN MILLS LN","property_city":"CHARDON","property_zip":"44024"}},{"type":"Feature","geometry":{"type":"Polygon","coordinates":[[[-81.2546473990519,41.5627937230399],[-81.254685552403,41.5627937360171],[-81.2544283443184,41.5634829971588],[-81.2543903390377,41.5634828686263],[-81.251388132006,41.5634726829051],[-81.2513673093415,41.5627925511987],[-81.2546473990519,41.5627937230399]]]},"properties":{"source_county":"Geauga","jurisdiction":"Munson Township","parcel_id":"21-093800","owner_name":"OPPENHEIM BRUCE & CAROL","property_address":"11331 FOWLERS MILL RD","property_city":"CHARDON","property_zip":"44024"}},{"type":"Feature","geometry":{"type":"Polygon","coordinates":[[[-81.2680158605948,41.5644664987285],[-81.2680218972549,41.5642955541747],[-81.2693696708423,41.5647514322851],[-81.2696909519889,41.5647632337971],[-81.2699172334841,41.5647715445633],[-81.2699146573433,41.5648472965934],[-81.2699183021171,41.5649230238678],[-81.269923817574,41.5649772239901],[-81.2699226937158,41.5649962602883],[-81.2699172037243,41.5650148638599],[-81.2699075130039,41.565032474198],[-81.2698939135232,41.5650485607203],[-81.2698768150188,41.5650626387554],[-81.2698567326506,41.5650742841452],[-81.2698342714806,41.565083146025],[-81.2698101082426,41.5650889573942],[-81.269680895207,41.5651110163573],[-81.2695685569758,41.5651337447826],[-81.2694587086736,41.5651625306976],[-81.2693519285538,41.565197222571],[-81.2692487787211,41.5652376377814],[-81.2691498021731,41.5652835635794],[-81.2687478387253,41.564825141284],[-81.2680158605948,41.5644664987285]]]},"properties":{"source_county":"Geauga","jurisdiction":"Munson Township","parcel_id":"21-094100","owner_name":"WATTS KYLE ALAN & WEBER KALLI TESS","property_address":"10399 MEADOWHURST LN","property_city":"CHARDON","property_zip":"44024"}},{"type":"Feature","geometry":{"type":"Polygon","coordinates":[[[-81.259933497238,41.5595997892577],[-81.2579226013706,41.5591782161222],[-81.2578042529347,41.5594953233208],[-81.2560888774623,41.5591356670373],[-81.2560533599398,41.5591282203824],[-81.2561026717864,41.5589960930931],[-81.2561381940204,41.5590035406849],[-81.2577480099489,41.5593410648544],[-81.2580049501725,41.5586525999537],[-81.2596389093897,41.5589951593972],[-81.259933497238,41.5595997892577]]]},"properties":{"source_county":"Geauga","jurisdiction":"Munson Township","parcel_id":"21-095320","owner_name":"COYNE GEORGEAN","property_address":"11472 FOWLERS MILL RD","property_city":"CHARDON","property_zip":"44024"}},{"type":"Feature","geometry":{"type":"Polygon","coordinates":[[[-81.2529854864237,41.5690035930126],[-81.2530061732932,41.5685784908602],[-81.2530426394444,41.5685812687283],[-81.2548778048283,41.5687210409425],[-81.2548729056676,41.5689303569625],[-81.2548692139157,41.5690878313954],[-81.2530220453123,41.5690052282617],[-81.2529854864237,41.5690035930126]]]},"properties":{"source_county":"Geauga","jurisdiction":"Munson Township","parcel_id":"21-095800","owner_name":"ELLASON HARLIE D TOD & LINDA L TOD","property_address":"11140 FOWLERS MILL RD","property_city":"CHARDON","property_zip":"44024"}},{"type":"Feature","geometry":{"type":"Polygon","coordinates":[[[-81.2687302598393,41.554534596615],[-81.2687732899945,41.5532597165177],[-81.2689737001391,41.5532635598286],[-81.2690467473895,41.5532649601858],[-81.2691229453652,41.5510220257273],[-81.2693779640976,41.5509622289571],[-81.2697919193979,41.5508651652474],[-81.2699557979982,41.5507896288697],[-81.2699510877128,41.5512182336481],[-81.2699096019856,41.554989695074],[-81.269896234625,41.5562049299314],[-81.2698890107069,41.5568615748294],[-81.2698879659006,41.5569566012574],[-81.2698798899806,41.5576907815705],[-81.2698798607178,41.5576934250924],[-81.2698622779183,41.5583650818138],[-81.2690431914185,41.5583632157723],[-81.2686010602699,41.5583622069208],[-81.2687302598393,41.554534596615]]]},"properties":{"source_county":"Geauga","jurisdiction":"Munson Township","parcel_id":"21-096600","owner_name":"NEMASTIL NICHOLAS F","property_address":"10390 WILSON MILLS RD","property_city":"CHARDON","property_zip":"44024"}},{"type":"Feature","geometry":{"type":"Polygon","coordinates":[[[-81.26809262752,41.5663888605393],[-81.2682114982082,41.5665743284341],[-81.2690589223658,41.5671887746101],[-81.2690726987229,41.5671987638441],[-81.268921660246,41.5671994292405],[-81.2681938947606,41.567202629092],[-81.2677449547366,41.5672046007363],[-81.26774342379,41.5671920335272],[-81.2676565849799,41.5664794773261],[-81.2677468019879,41.5664708246122],[-81.2678359659261,41.5664573557338],[-81.2679236215347,41.5664391394614],[-81.2680093212559,41.5664162688051],[-81.26809262752,41.5663888605393]]]},"properties":{"source_county":"Geauga","jurisdiction":"Munson Township","parcel_id":"21-097040","owner_name":"BESTGEN BRETT & ASHLEY N","property_address":"10420 MEADOWHURST LN","property_city":"CHARDON","property_zip":"44024"}},{"type":"Feature","geometry":{"type":"Polygon","coordinates":[[[-81.2599469974327,41.5600870139957],[-81.2560395606882,41.5592677942634],[-81.2560040503771,41.5592603431693],[-81.2560533599398,41.5591282203824],[-81.2560888774623,41.5591356670373],[-81.2578042529347,41.5594953233208],[-81.2579226013706,41.5591782161222],[-81.259933497238,41.5595997892577],[-81.2599357026694,41.559604315255],[-81.2600926669516,41.5599264727108],[-81.2599897790361,41.5600398647672],[-81.2599469974327,41.5600870139957]]]},"properties":{"source_county":"Geauga","jurisdiction":"Munson Township","parcel_id":"21-097050","owner_name":"ROCHE DEBORAH P & TIMOTHY G","property_address":"11468 FOWLERS MILL RD","property_city":"CHARDON","property_zip":"44024"}},{"type":"Feature","geometry":{"type":"Polygon","coordinates":[[[-81.2664243174469,41.5537725280598],[-81.2664925405851,41.5517537563136],[-81.2664935200926,41.551724782651],[-81.2664964579031,41.5516378355399],[-81.266551705761,41.5516248854634],[-81.2665487680414,41.551711831676],[-81.2665477885924,41.5517408035385],[-81.2664838733453,41.5536323062875],[-81.267057626865,41.553497793002],[-81.267631379227,41.5533632768882],[-81.2682051280344,41.5532287579205],[-81.2687788757009,41.5530942352242],[-81.2687732899945,41.5532597165177],[-81.2687302598393,41.554534596615],[-81.2675614764906,41.5545123298323],[-81.2664243174469,41.5537725280598]]]},"properties":{"source_county":"Geauga","jurisdiction":"Munson Township","parcel_id":"21-097080","owner_name":"KASSOUF JAMES","property_address":"10440 WILSON MILLS RD","property_city":"CHARDON","property_zip":"44024"}},{"type":"Feature","geometry":{"type":"Polygon","coordinates":[[[-81.2537985310596,41.5655911996525],[-81.2545889664924,41.5654117237787],[-81.2549450290725,41.5658575905148],[-81.2549370043051,41.5661993700368],[-81.2536854957104,41.5659830647073],[-81.2536503706269,41.5659769930257],[-81.2537591686176,41.5656001368802],[-81.2537985310596,41.5655911996525]]]},"properties":{"source_county":"Geauga","jurisdiction":"Munson Township","parcel_id":"21-097750","owner_name":"HUNTLEY LINDSEY ANN","property_address":"10790 MULBERRY RD","property_city":"CHARDON","property_zip":"44024"}},{"type":"Feature","geometry":{"type":"Polygon","coordinates":[[[-81.2513906330984,41.562376619402],[-81.2514320788406,41.5616375203352],[-81.2551472748938,41.5614541683691],[-81.2551861307803,41.5614522499698],[-81.2549624639916,41.5620516557068],[-81.254926140537,41.5620465413587],[-81.2544736576732,41.5619828317404],[-81.2513906330984,41.562376619402]]]},"properties":{"source_county":"Geauga","jurisdiction":"Munson Township","parcel_id":"21-098000","owner_name":"OPPENHEIM BRUCE A & CAROL M","property_address":" FOWLERS MILL RD","property_city":"CHARDON","property_zip":"44024"}},{"type":"Feature","geometry":{"type":"Polygon","coordinates":[[[-81.252062623149,41.5596774650799],[-81.2525950599245,41.5596753413617],[-81.2523132888354,41.5604224028],[-81.2517292257548,41.5604551866588],[-81.2515114567344,41.5610418356852],[-81.2514573013573,41.5611877251802],[-81.2500409272639,41.5611870158867],[-81.2508335341911,41.5598788018923],[-81.252062623149,41.5596774650799]]]},"properties":{"source_county":"Geauga","jurisdiction":"Munson Township","parcel_id":"21-098300","owner_name":"SCHOTT MICHAEL EUGENE TOD","property_address":"10870 CHIPPENDALE CT","property_city":"CHARDON","property_zip":"44024"}},{"type":"Feature","geometry":{"type":"Polygon","coordinates":[[[-81.2503920578416,41.5541001603915],[-81.2514023317647,41.5541048109907],[-81.2514123604256,41.5547265667643],[-81.2514210640746,41.5552661428487],[-81.2502644796378,41.5552608173868],[-81.25027396497,41.5540996159698],[-81.2503920578416,41.5541001603915]]]},"properties":{"source_county":"Geauga","jurisdiction":"Munson Township","parcel_id":"21-098410","owner_name":"SPEAR GREGORY A TOD & ESTELLE K TOD","property_address":"10874 WILSON MILLS RD","property_city":"CHARDON","property_zip":"44024"}},{"type":"Feature","geometry":{"type":"Polygon","coordinates":[[[-81.2697875717671,41.5666802301106],[-81.2704323608914,41.5658046153361],[-81.2705116878345,41.5658632332594],[-81.2705956302323,41.565918106195],[-81.2706838751741,41.5659690295866],[-81.2707760937073,41.5660158136008],[-81.2708719420644,41.5660582838345],[-81.2700323783433,41.5671984005269],[-81.2700269459977,41.567205778292],[-81.2699210328148,41.5672030418521],[-81.2699190592795,41.5671953118954],[-81.2697875717671,41.5666802301106]]]},"properties":{"source_county":"Geauga","jurisdiction":"Munson Township","parcel_id":"21-099130","owner_name":"GRAIR ANNETTE MALONE","property_address":"11271 HIGHLAND VIEW DR","property_city":"CHARDON","property_zip":"44024"}},{"type":"Feature","geometry":{"type":"Polygon","coordinates":[[[-81.2746294827529,41.5660623844259],[-81.2749502959711,41.5658686163586],[-81.2750179129599,41.565882881972],[-81.2751373056736,41.56590513222],[-81.2752585265261,41.5659208477505],[-81.2752165981335,41.5661424271791],[-81.275395121101,41.5672894108168],[-81.2748927588936,41.567289072759],[-81.2748080852261,41.5672099417531],[-81.2746294827529,41.5660623844259]]]},"properties":{"source_county":"Geauga","jurisdiction":"Munson Township","parcel_id":"21-099150","owner_name":"BANDELOW ROBERT E III & ROSEANN M","property_address":" HIDDEN SPRINGS DR","property_city":"CHARDON","property_zip":"44024"}},{"type":"Feature","geometry":{"type":"Polygon","coordinates":[[[-81.2659250228577,41.5597094298198],[-81.2662679179445,41.5595319289613],[-81.2663746036725,41.5639424513094],[-81.265738827144,41.5639556193066],[-81.2655527314645,41.5639594735282],[-81.265527036423,41.562896955664],[-81.2660018874987,41.5628871215672],[-81.2659250228577,41.5597094298198]]]},"properties":{"source_county":"Geauga","jurisdiction":"Munson Township","parcel_id":"21-099200","owner_name":"LUCAS TYLER A & CAYLEE R","property_address":"10495 MULBERRY RD","property_city":"CHARDON","property_zip":"44024"}},{"type":"Feature","geometry":{"type":"Polygon","coordinates":[[[-81.2528644980436,41.5603914594289],[-81.2528549169582,41.5602819191371],[-81.2534116096687,41.5602544449357],[-81.2541406357774,41.5603284744643],[-81.255594276213,41.5602567117043],[-81.2556329429613,41.5602548028418],[-81.2554110895175,41.5608493735857],[-81.2553723275956,41.560851287661],[-81.2515114567344,41.5610418356852],[-81.2517292257548,41.5604551866588],[-81.2523132888354,41.5604224028],[-81.2528644980436,41.5603914594289]]]},"properties":{"source_county":"Geauga","jurisdiction":"Munson Township","parcel_id":"21-099300","owner_name":"MARTIN BRANDON J TRUSTEE","property_address":"11445 FOWLERS MILL RD","property_city":"CHARDON","property_zip":"44024"}},{"type":"Feature","geometry":{"type":"Polygon","coordinates":[[[-81.2514807155301,41.5679891812197],[-81.2519594782472,41.5663264337638],[-81.2527038367709,41.566338248656],[-81.2522086958336,41.5680579462966],[-81.2514471874494,41.56866424835],[-81.2514807155301,41.5679891812197]]]},"properties":{"source_county":"Geauga","jurisdiction":"Munson Township","parcel_id":"21-100700","owner_name":"LLGC LLC","property_address":" AUBURN RD","property_city":"CHARDON","property_zip":"44024"}},{"type":"Feature","geometry":{"type":"Polygon","coordinates":[[[-81.2664538695807,41.5504638246557],[-81.2669769927056,41.5503411763953],[-81.2669367042447,41.5515346218741],[-81.266551705761,41.5516248854634],[-81.2664964579031,41.5516378355399],[-81.2664412159651,41.5516507883547],[-81.266413571498,41.5516572708061],[-81.266441290077,41.5508363705944],[-81.2664538695807,41.5504638246557]]]},"properties":{"source_county":"Geauga","jurisdiction":"Munson Township","parcel_id":"21-100890","owner_name":"REINKER JEFFREY E & MOLDOVAN BARBARA J","property_address":"10465 WILSON MILLS RD","property_city":"CHARDON","property_zip":"44024"}},{"type":"Feature","geometry":{"type":"Polygon","coordinates":[[[-81.2742077407573,41.5635108879778],[-81.274317414918,41.5635039683477],[-81.2744503070586,41.5646962442104],[-81.2741112028239,41.5647175762036],[-81.2739040883017,41.5647305968747],[-81.2737712190376,41.5635384263447],[-81.2742077407573,41.5635108879778]]]},"properties":{"source_county":"Geauga","jurisdiction":"Munson Township","parcel_id":"21-101480","owner_name":"LEWIS DIANA E TOD","property_address":"10270 MULBERRY RD","property_city":"CHARDON","property_zip":"44024"}},{"type":"Feature","geometry":{"type":"Polygon","coordinates":[[[-81.2700323783433,41.5671984005269],[-81.2708719420644,41.5660582838345],[-81.2709539586314,41.5660906714447],[-81.2710383319454,41.5661194427187],[-81.2714337794109,41.5662468351726],[-81.2705454109785,41.5672123843653],[-81.2705393104597,41.5672190148811],[-81.2700269459977,41.567205778292],[-81.2700323783433,41.5671984005269]]]},"properties":{"source_county":"Geauga","jurisdiction":"Munson Township","parcel_id":"21-101720","owner_name":"LIEDTKE DONNA R TOD","property_address":"11261 HIGHLAND VIEW DR","property_city":"CHARDON","property_zip":"44024"}},{"type":"Feature","geometry":{"type":"Polygon","coordinates":[[[-81.2570447725286,41.5630039113512],[-81.2567494279877,41.5623387997203],[-81.2582510882583,41.5623553879694],[-81.2586689270723,41.5614955185177],[-81.2591865965612,41.5609250263749],[-81.2595123111644,41.5605660699543],[-81.2599469974327,41.5600870139957],[-81.2599897790361,41.5600398647672],[-81.2612618155806,41.5598327229726],[-81.2620370035611,41.560285630917],[-81.2623408905334,41.5605718659909],[-81.262298462862,41.5612648560432],[-81.2621811778915,41.5631804411517],[-81.2621291322237,41.5640303144663],[-81.2620405161806,41.5640321468474],[-81.2617144048858,41.5640045744142],[-81.2612412355624,41.5639645670463],[-81.2610924511401,41.563951986555],[-81.2605477502959,41.5639059272719],[-81.2599464047995,41.56385507595],[-81.2593727005804,41.5638065582373],[-81.2591835338682,41.5627506449599],[-81.2587350676827,41.5627961737314],[-81.258572677128,41.5633662510329],[-81.2588436484678,41.5639142029575],[-81.2587818709612,41.5639267725782],[-81.2578794311291,41.5641103834742],[-81.2578405620769,41.5641182917912],[-81.2570447725286,41.5630039113512]]]},"properties":{"source_county":"Geauga","jurisdiction":"Munson Township","parcel_id":"21-102100","owner_name":"HENRY ANDREW R & KRISTEN S","property_address":"10605 MULBERRY RD","property_city":"CHARDON","property_zip":"44024"}},{"type":"Feature","geometry":{"type":"Polygon","coordinates":[[[-81.2596094478006,41.5589346893065],[-81.2610397327202,41.5585454958257],[-81.2612264017233,41.5589325473368],[-81.2612511174718,41.558979011461],[-81.261279806344,41.5590241691065],[-81.2599357026694,41.559604315255],[-81.259933497238,41.5595997892577],[-81.2596389093897,41.5589951593972],[-81.2596094478006,41.5589346893065]]]},"properties":{"source_county":"Geauga","jurisdiction":"Munson Township","parcel_id":"21-102200","owner_name":"ROCHE MICHAEL J TOD","property_address":"11487 TWIN MILLS LN","property_city":"CHARDON","property_zip":"44024"}},{"type":"Feature","geometry":{"type":"Polygon","coordinates":[[[-81.2626243222171,41.5545577115957],[-81.2633588372905,41.5544685530266],[-81.2634695846427,41.554983314182],[-81.2626031837679,41.5551293215201],[-81.2614762283447,41.5553192273307],[-81.2614288897827,41.5552449835943],[-81.2613755284772,41.5551730812946],[-81.2613163487771,41.5551037957578],[-81.2612515773088,41.5550373922894],[-81.2611814621081,41.5549741251578],[-81.2621138988008,41.5546196667583],[-81.2626243222171,41.5545577115957]]]},"properties":{"source_county":"Geauga","jurisdiction":"Munson Township","parcel_id":"21-102300","owner_name":"CULLITON DANIEL T & NANCIE B","property_address":"11600 TWIN MILLS LN","property_city":"CHARDON","property_zip":"44024"}},{"type":"Feature","geometry":{"type":"Polygon","coordinates":[[[-81.2625158530638,41.5574907187756],[-81.2627818018144,41.5573403024152],[-81.2628133945089,41.5573714696429],[-81.2628505730525,41.5573989409244],[-81.2628925799915,41.557422156571],[-81.2629385594969,41.5574406435963],[-81.262987574802,41.5574540253522],[-81.2630386272878,41.5574620292036],[-81.2630906768286,41.5574644920829],[-81.2633102881311,41.5585220392868],[-81.2630376407785,41.5585013178821],[-81.2624690161382,41.5584581008609],[-81.2624687503618,41.5584580809189],[-81.2622742187871,41.5584432951528],[-81.2622642791919,41.5579934347229],[-81.2622564130148,41.5576374524818],[-81.2625158530638,41.5574907187756]]]},"properties":{"source_county":"Geauga","jurisdiction":"Munson Township","parcel_id":"21-102580","owner_name":"BURFORD CRAIG E & CECILIA","property_address":"10576 HEMLOCK RIDGE DR","property_city":"CHARDON","property_zip":"44024"}},{"type":"Feature","geometry":{"type":"Polygon","coordinates":[[[-81.2555115916105,41.5524771182583],[-81.25660755054,41.5524822667861],[-81.2566192826974,41.5531324434387],[-81.2555232960935,41.5531272957431],[-81.2555115916105,41.5524771182583]]]},"properties":{"source_county":"Geauga","jurisdiction":"Munson Township","parcel_id":"21-103750","owner_name":"MIKLAVCIC ROBERT A","property_address":" FOWLERS MILL RD","property_city":"CHARDON","property_zip":"44024"}},{"type":"Feature","geometry":{"type":"Polygon","coordinates":[[[-81.2535852611317,41.5518694640792],[-81.2565967486545,41.5518836377788],[-81.2565976472625,41.5519334310669],[-81.2555016483413,41.5519282837185],[-81.2555115916105,41.5524771182583],[-81.2545531110432,41.5524726076316],[-81.2535957933588,41.5524680925705],[-81.2535852611317,41.5518694640792]]]},"properties":{"source_county":"Geauga","jurisdiction":"Munson Township","parcel_id":"21-103800","owner_name":"MIKLAVCIC ROBERT A","property_address":" FOWLERS MILL RD","property_city":"CHARDON","property_zip":"44024"}},{"type":"Feature","geometry":{"type":"Polygon","coordinates":[[[-81.2555016483413,41.5519282837185],[-81.2565976472625,41.5519334310669],[-81.25660755054,41.5524822667861],[-81.2555115916105,41.5524771182583],[-81.2555016483413,41.5519282837185]]]},"properties":{"source_county":"Geauga","jurisdiction":"Munson Township","parcel_id":"21-103900","owner_name":"MIKLAVCIC ROBERT A","property_address":"11711 FOWLERS MILL RD","property_city":"CHARDON","property_zip":"44024"}},{"type":"Feature","geometry":{"type":"Polygon","coordinates":[[[-81.262908488981,41.5640141971394],[-81.2629567908358,41.5631642008497],[-81.2627556372652,41.5631684133309],[-81.2628724148158,41.5611133782822],[-81.2634355739007,41.5609647453694],[-81.2634467270086,41.5609624895601],[-81.2632737660403,41.5640066411434],[-81.2630479392222,41.5640113126597],[-81.262908488981,41.5640141971394]]]},"properties":{"source_county":"Geauga","jurisdiction":"Munson Township","parcel_id":"21-104100","owner_name":"HENRY ANDREW R & KRISTEN S","property_address":" MULBERRY RD","property_city":"CHARDON","property_zip":"44024"}},{"type":"Feature","geometry":{"type":"Polygon","coordinates":[[[-81.262298462862,41.5612648560432],[-81.2628724148158,41.5611133782822],[-81.2627556372652,41.5631684133309],[-81.2621811778915,41.5631804411517],[-81.262298462862,41.5612648560432]]]},"properties":{"source_county":"Geauga","jurisdiction":"Munson Township","parcel_id":"21-104200","owner_name":"HENRY ANDREW R & KRISTEN S","property_address":" MULBERRY RD","property_city":"CHARDON","property_zip":"44024"}},{"type":"Feature","geometry":{"type":"Polygon","coordinates":[[[-81.2652152072668,41.5659432067049],[-81.265026930295,41.5651634852497],[-81.2650326712757,41.5651633518016],[-81.265521033574,41.5651528275463],[-81.2657586864055,41.5651477050731],[-81.2657699280982,41.5651474625651],[-81.2660372703732,41.5651393061769],[-81.2659045436788,41.5659316722759],[-81.2657668372215,41.565920909589],[-81.2656285018032,41.5659166778864],[-81.2654900860308,41.5659189939499],[-81.2653521388295,41.5659278485946],[-81.2652152072668,41.5659432067049]]]},"properties":{"source_county":"Geauga","jurisdiction":"Munson Township","parcel_id":"21-104650","owner_name":"EVANS FAY A","property_address":"10431 MEADOWHURST LN","property_city":"CHARDON","property_zip":"44024"}},{"type":"Feature","geometry":{"type":"Polygon","coordinates":[[[-81.2684562546501,41.5661914951109],[-81.2696251401317,41.5670390219874],[-81.2696549724972,41.5670606516488],[-81.2696559672546,41.567188140246],[-81.2696560305566,41.5671961957547],[-81.2696204674877,41.5671963520422],[-81.2690726987229,41.5671987638441],[-81.2690589223658,41.5671887746101],[-81.2682114982082,41.5665743284341],[-81.26809262752,41.5663888605393],[-81.268172448729,41.5663573405178],[-81.2682490977168,41.5663216549113],[-81.2683221896995,41.5662819828666],[-81.268391357752,41.5662385235428],[-81.2684562546501,41.5661914951109]]]},"properties":{"source_county":"Geauga","jurisdiction":"Munson Township","parcel_id":"21-104660","owner_name":"MONAGHAN DIANA C & JOHN E","property_address":"10412 MEADOWHURST LN","property_city":"CHARDON","property_zip":"44024"}},{"type":"Feature","geometry":{"type":"Polygon","coordinates":[[[-81.2645127392482,41.5522178973358],[-81.2651240894269,41.5520745781113],[-81.2650601327482,41.5539660798728],[-81.2646299525691,41.5539024879173],[-81.2642970201953,41.5522734264517],[-81.2645127392482,41.5522178973358]]]},"properties":{"source_county":"Geauga","jurisdiction":"Munson Township","parcel_id":"21-105200","owner_name":"MEDIC ANTO & RUZICA","property_address":"10520 WILSON MILLS RD","property_city":"CHARDON","property_zip":"44024"}},{"type":"Feature","geometry":{"type":"Polygon","coordinates":[[[-81.2606442992868,41.5543910774143],[-81.2611627563012,41.5542576479925],[-81.2616812111866,41.5541242171502],[-81.2617980614073,41.5543803893995],[-81.2620556984266,41.5543491180838],[-81.2621138988008,41.5546196667583],[-81.2611814621081,41.5549741251578],[-81.2611531253924,41.5549506757082],[-81.2610051805584,41.5548349553999],[-81.2609276202837,41.5547698629368],[-81.2608565615939,41.5547007094434],[-81.2607923801167,41.5546278604966],[-81.2607354151202,41.5545517012078],[-81.2606859677198,41.554472634187],[-81.2606442992868,41.5543910774143]]]},"properties":{"source_county":"Geauga","jurisdiction":"Munson Township","parcel_id":"21-106560","owner_name":"MANNING WILLIAM R TOD & CHRISTINE M TOD","property_address":"11626 TWIN MILLS LN","property_city":"CHARDON","property_zip":"44024"}},{"type":"Feature","geometry":{"type":"Polygon","coordinates":[[[-81.2595233828385,41.5558911920507],[-81.2613574765282,41.5555618833089],[-81.2613822428602,41.5556455859326],[-81.2613987505949,41.5557304295993],[-81.2614069103753,41.5558159552111],[-81.2614066780149,41.5559016999788],[-81.2613980547383,41.5559871999251],[-81.2613810871748,41.556071992396],[-81.2613558671067,41.5561556185639],[-81.2613225309736,41.5562376259105],[-81.2612627905702,41.5563673028637],[-81.2595385150698,41.5564125076247],[-81.2595284039948,41.556064189253],[-81.2595233828385,41.5558911920507]]]},"properties":{"source_county":"Geauga","jurisdiction":"Munson Township","parcel_id":"21-107160","owner_name":"BLISS BEVERLY G TOD","property_address":"11571 TWIN MILLS LN","property_city":"CHARDON","property_zip":"44024"}},{"type":"Feature","geometry":{"type":"Polygon","coordinates":[[[-81.2520794796769,41.551302392271],[-81.2535751825225,41.5512965890071],[-81.2535852611317,41.5518694640792],[-81.2535957933588,41.5524680925705],[-81.2536101187226,41.5532913415225],[-81.2527257160625,41.5532871654437],[-81.2527402972722,41.5541109565439],[-81.2521287630527,41.5541081501876],[-81.2520794796769,41.551302392271]]]},"properties":{"source_county":"Geauga","jurisdiction":"Munson Township","parcel_id":"21-107170","owner_name":"O DONNELL VIRGINIA L & JOHN J","property_address":"10841 WILSON MILLS RD","property_city":"CHARDON","property_zip":"44024"}},{"type":"Feature","geometry":{"type":"Polygon","coordinates":[[[-81.2696204674877,41.5671963520422],[-81.2696560305566,41.5671961957547],[-81.2695554097913,41.5691116654266],[-81.2695143344337,41.5698935754678],[-81.2695142227511,41.5698956904223],[-81.2695051149745,41.5698957244873],[-81.2688298450048,41.5698982782177],[-81.2688299435727,41.5698953950115],[-81.268921660246,41.5671994292405],[-81.2690726987229,41.5671987638441],[-81.2696204674877,41.5671963520422]]]},"properties":{"source_county":"Geauga","jurisdiction":"Munson Township","parcel_id":"21-107800","owner_name":"SELAR ANGELA","property_address":" THWING RD","property_city":"CHARDON","property_zip":"44024"}},{"type":"Feature","geometry":{"type":"Polygon","coordinates":[[[-81.2558500048127,41.5596913029669],[-81.2558540375104,41.559662290994],[-81.2560040503771,41.5592603431693],[-81.2560395606882,41.5592677942634],[-81.2599469974327,41.5600870139957],[-81.2595123111644,41.5605660699543],[-81.2558360027745,41.5597920383349],[-81.2558500048127,41.5596913029669]]]},"properties":{"source_county":"Geauga","jurisdiction":"Munson Township","parcel_id":"21-108000","owner_name":"CHRISTLEY DONNA R","property_address":"11458 FOWLERS MILL RD","property_city":"CHARDON","property_zip":"44024"}},{"type":"Feature","geometry":{"type":"Polygon","coordinates":[[[-81.2615845184935,41.5658340680256],[-81.2617144048858,41.5640045744142],[-81.2620405161806,41.5640321468474],[-81.2619595755739,41.5658327283598],[-81.2619561940902,41.5658327409339],[-81.2615845184935,41.5658340680256]]]},"properties":{"source_county":"Geauga","jurisdiction":"Munson Township","parcel_id":"21-108700","owner_name":"SMITH KENNETH M TOD","property_address":"10594 MULBERRY RD","property_city":"CHARDON","property_zip":"44024"}},{"type":"Feature","geometry":{"type":"Polygon","coordinates":[[[-81.262908488981,41.5640141971394],[-81.2630479392222,41.5640113126597],[-81.2629881233567,41.5652073880588],[-81.2629538427845,41.565892850441],[-81.2629374278873,41.5662210631076],[-81.2629039714089,41.5668900092193],[-81.2628871761989,41.5672258241306],[-81.2618967548828,41.5672301265801],[-81.2619595755739,41.5658327283598],[-81.2620405161806,41.5640321468474],[-81.2621291322237,41.5640303144663],[-81.262908488981,41.5640141971394]]]},"properties":{"source_county":"Geauga","jurisdiction":"Munson Township","parcel_id":"21-108800","owner_name":"WEBINGER GEOFFREY & MARIAH","property_address":"10584 MULBERRY RD","property_city":"CHARDON","property_zip":"44024"}},{"type":"Feature","geometry":{"type":"Polygon","coordinates":[[[-81.250067878657,41.5575244345044],[-81.2499104110493,41.5567635119781],[-81.2501675505225,41.5567611429909],[-81.2514238403894,41.5567495621961],[-81.2513451632361,41.5576458838551],[-81.2504405907102,41.5576453398962],[-81.2504183878425,41.557644052135],[-81.2503967031829,41.5576402456729],[-81.2503760401695,41.5576340088821],[-81.2503568785213,41.5576254865578],[-81.2503396631004,41.5576148765571],[-81.2503247935845,41.557602425205],[-81.2502970701736,41.5575792669944],[-81.2502650124489,41.5575595155413],[-81.2502293543227,41.5575436230227],[-81.2501909121305,41.5575319532713],[-81.250150565943,41.5575247734466],[-81.2501092394183,41.5575222479184],[-81.250067878657,41.5575244345044]]]},"properties":{"source_county":"Geauga","jurisdiction":"Munson Township","parcel_id":"21-111880","owner_name":"MILLER JUSTIN","property_address":"10891 NOLLWOOD DR","property_city":"CHARDON","property_zip":"44024"}},{"type":"Feature","geometry":{"type":"Polygon","coordinates":[[[-81.2655527314645,41.5639594735282],[-81.265738827144,41.5639556193066],[-81.2657699261985,41.5651473724962],[-81.2657699280982,41.5651474625651],[-81.2657586864055,41.5651477050731],[-81.265521033574,41.5651528275463],[-81.2650393850871,41.5651631953815],[-81.2650082812716,41.5639707457343],[-81.2655527314645,41.5639594735282]]]},"properties":{"source_county":"Geauga","jurisdiction":"Munson Township","parcel_id":"21-113450","owner_name":"CAVALLARO MICHAEL A","property_address":"10504 MULBERRY RD","property_city":"CHARDON","property_zip":"44024"}},{"type":"Feature","geometry":{"type":"Polygon","coordinates":[[[-81.2502983247212,41.5597352703759],[-81.2500663933186,41.5595011876162],[-81.2492787643875,41.5587062375879],[-81.2497931153581,41.5587048729911],[-81.2512883777641,41.5587008927173],[-81.2521104922372,41.5586986959093],[-81.2520582217663,41.559502596689],[-81.2520575570532,41.5595128182083],[-81.2520384174076,41.5595128943479],[-81.2507039594407,41.5597314915119],[-81.2506726235793,41.5597348638486],[-81.2506409677594,41.5597348115385],[-81.2506096519578,41.559731335672],[-81.2505793290623,41.5597245087158],[-81.2505506312595,41.5597144730017],[-81.2505199180348,41.5597038687363],[-81.2504873994807,41.5596969367766],[-81.2504538486806,41.5596938419202],[-81.2504200632573,41.559694657743],[-81.2503868464114,41.5596993648499],[-81.2503549878269,41.5597078513361],[-81.2503252448975,41.5597199154472],[-81.2502983247212,41.5597352703759]]]},"properties":{"source_county":"Geauga","jurisdiction":"Munson Township","parcel_id":"21-113700","owner_name":"MIHALIK JOHN P & PHYLLIS A","property_address":"11457 FOWLERS MILL RD","property_city":"CHARDON","property_zip":"44024"}},{"type":"Feature","geometry":{"type":"Polygon","coordinates":[[[-81.2513570958721,41.5513051886913],[-81.2520794796769,41.551302392271],[-81.2521287630527,41.5541081501876],[-81.2514023317647,41.5541048109907],[-81.2513856529378,41.5530757199822],[-81.2513823327958,41.5528699029871],[-81.2513570958721,41.5513051886913]]]},"properties":{"source_county":"Geauga","jurisdiction":"Munson Township","parcel_id":"21-113900","owner_name":"CANZONA CARMEN M & CATHY A","property_address":"10861 WILSON MILLS RD","property_city":"CHARDON","property_zip":"44024"}},{"type":"Feature","geometry":{"type":"Polygon","coordinates":[[[-81.2718284490387,41.5648610626574],[-81.2722654263479,41.5648335993544],[-81.2714276702185,41.5660656929066],[-81.2711247626874,41.5659681124009],[-81.2710299658188,41.5659348399135],[-81.2709381965602,41.5658970822403],[-81.2708498306715,41.5658549939867],[-81.2718284490387,41.5648610626574]]]},"properties":{"source_county":"Geauga","jurisdiction":"Munson Township","parcel_id":"21-115320","owner_name":"ROSPLOCK ROBERT S TRUSTEE","property_address":"11270 HIGHLAND VIEW DR","property_city":"CHARDON","property_zip":"44024"}},{"type":"Feature","geometry":{"type":"Polygon","coordinates":[[[-81.2705454109785,41.5672123843653],[-81.2714337794109,41.5662468351726],[-81.2715821465094,41.5662949499603],[-81.2717187862255,41.5663450738263],[-81.2718511911794,41.5664012434406],[-81.2719788876368,41.5664632578372],[-81.2712714488053,41.567232168787],[-81.2712662773746,41.5672377898222],[-81.2705393104597,41.5672190148811],[-81.2705454109785,41.5672123843653]]]},"properties":{"source_county":"Geauga","jurisdiction":"Munson Township","parcel_id":"21-115330","owner_name":"BOGAS STEVE W TOD & CHRISTINE L TOD","property_address":"11251 HIGHLAND VIEW DR","property_city":"CHARDON","property_zip":"44024"}},{"type":"Feature","geometry":{"type":"Polygon","coordinates":[[[-81.2566714155592,41.5541199892363],[-81.2573166467826,41.5539539499696],[-81.2576889989001,41.5547703996987],[-81.2566863370236,41.5547868029269],[-81.2566501357395,41.55478739498],[-81.2566372617805,41.5541288147832],[-81.2566714155592,41.5541199892363]]]},"properties":{"source_county":"Geauga","jurisdiction":"Munson Township","parcel_id":"21-115460","owner_name":"MEYER MARC E & LORA A","property_address":"11620 FOWLERS MILL RD","property_city":"CHARDON","property_zip":"44024"}},{"type":"Feature","geometry":{"type":"Polygon","coordinates":[[[-81.259773759858,41.5522330129071],[-81.2603845997668,41.5520778356033],[-81.2603855603677,41.5520799692173],[-81.2608229990107,41.5530515705491],[-81.2606347414736,41.553100022706],[-81.2602545465176,41.553197873753],[-81.2602181260293,41.5532072470516],[-81.2597759444383,41.5522378034425],[-81.259773759858,41.5522330129071]]]},"properties":{"source_county":"Geauga","jurisdiction":"Munson Township","parcel_id":"21-115800","owner_name":"MISTERKA MICHAEL A & SHARON L","property_address":"10625 WILSON MILLS RD","property_city":"CHARDON","property_zip":"44024"}},{"type":"Feature","geometry":{"type":"Polygon","coordinates":[[[-81.2627897756332,41.5556012313469],[-81.2635740912059,41.5554690597375],[-81.2637021480382,41.5560642590923],[-81.2639883048128,41.5562643409036],[-81.2632070387936,41.5569307044166],[-81.2625429465762,41.5567581076858],[-81.2624128714916,41.5567243009517],[-81.262560461111,41.5562845290167],[-81.2627897756332,41.5556012313469]]]},"properties":{"source_county":"Geauga","jurisdiction":"Munson Township","parcel_id":"21-116900","owner_name":"WARGO ANTHONY J & HANNAH L","property_address":"10565 HEMLOCK RIDGE DR","property_city":"CHARDON","property_zip":"44024"}},{"type":"Feature","geometry":{"type":"Polygon","coordinates":[[[-81.2565725740543,41.5573714680893],[-81.2566100152941,41.5573709973832],[-81.2564358244661,41.558003561929],[-81.2563991528408,41.5580012385023],[-81.2563059847459,41.5580024089381],[-81.2544431883839,41.5580257828148],[-81.2545970654549,41.5573962593355],[-81.2564851915933,41.5573725655467],[-81.2565725740543,41.5573714680893]]]},"properties":{"source_county":"Geauga","jurisdiction":"Munson Township","parcel_id":"21-117300","owner_name":"YORK GERALD A TOD","property_address":"11521 FOWLERS MILL RD","property_city":"CHARDON","property_zip":"44024"}},{"type":"Feature","geometry":{"type":"Polygon","coordinates":[[[-81.2505506312595,41.5597144730017],[-81.2505793290623,41.5597245087158],[-81.2506096519578,41.559731335672],[-81.2506409677594,41.5597348115385],[-81.2506726235793,41.5597348638486],[-81.2507039594407,41.5597314915119],[-81.2520384174076,41.5595128943479],[-81.2520575570532,41.5595128182083],[-81.253047751738,41.5595088668199],[-81.253997755802,41.5595050682227],[-81.2555644895115,41.5594987866087],[-81.2558778817667,41.5594975282373],[-81.2559155867255,41.5594973766399],[-81.2558540375104,41.559662290994],[-81.2558161058569,41.5596624428447],[-81.2525950599245,41.5596753413617],[-81.252062623149,41.5596774650799],[-81.2508335341911,41.5598788018923],[-81.2507506735664,41.5598923749808],[-81.2507203119402,41.5598991076717],[-81.250691557818,41.5599090544241],[-81.2506650107323,41.5599220078453],[-81.2506412241991,41.5599376978527],[-81.2506206941768,41.5599557973048],[-81.2505984818157,41.5599751662012],[-81.2505725456893,41.5599917194355],[-81.2505435109082,41.5600050580415],[-81.2505120772681,41.5600148605315],[-81.2504790023832,41.5600208906455],[-81.250445083426,41.5600230030454],[-81.2504085959707,41.5600208464913],[-81.2503730946557,41.5600141607851],[-81.2503395689339,41.5600031322631],[-81.2503089531954,41.5599880683002],[-81.2502821007251,41.5599693887418],[-81.2502597599204,41.5599476142029],[-81.250242553433,41.5599233515577],[-81.2502315378419,41.5598990169414],[-81.2502256982695,41.5598736912676],[-81.2502251769885,41.5598479915855],[-81.2502299866935,41.5598225440559],[-81.2502400101921,41.5597979686953],[-81.2502550032614,41.5597748642697],[-81.2502746005985,41.5597537937058],[-81.2502983247212,41.5597352703759],[-81.2503252448975,41.5597199154472],[-81.2503549878269,41.5597078513361],[-81.2503868464114,41.5596993648499],[-81.2504200632573,41.559694657743],[-81.2504538486806,41.5596938419202],[-81.2504873994807,41.5596969367766],[-81.2505199180348,41.5597038687363],[-81.2505506312595,41.5597144730017]]]},"properties":{"source_county":"Geauga","jurisdiction":"Munson Township","parcel_id":"21-117450","owner_name":"MIHALIK JOHN P & MARTIN M KEPPLER ETAL","property_address":" CHIPPENDALE CT","property_city":"CHARDON","property_zip":"44024"}},{"type":"Feature","geometry":{"type":"Polygon","coordinates":[[[-81.2577480099489,41.5593410648544],[-81.2561381940204,41.5590035406849],[-81.2561026717864,41.5589960930931],[-81.2561519859511,41.5588639595008],[-81.2561875015616,41.5588714367236],[-81.2576913969274,41.5591880621753],[-81.2578393125729,41.5587916744445],[-81.2581074144773,41.5580731937641],[-81.2588285998635,41.5580682436041],[-81.2591861121799,41.5580657884052],[-81.2593143650775,41.5583290310864],[-81.2596094478006,41.5589346893065],[-81.2596389093897,41.5589951593972],[-81.2580049501725,41.5586525999537],[-81.2577480099489,41.5593410648544]]]},"properties":{"source_county":"Geauga","jurisdiction":"Munson Township","parcel_id":"21-117500","owner_name":"FERLIN SANDRA D TRUSTEE","property_address":"11482 FOWLERS MILL RD","property_city":"CHARDON","property_zip":"44024"}},{"type":"Feature","geometry":{"type":"Polygon","coordinates":[[[-81.2602545465176,41.553197873753],[-81.2606347414736,41.553100022706],[-81.2611627563012,41.5542576479925],[-81.2606442992868,41.5543910774143],[-81.2601991737096,41.5534151660064],[-81.2601934658658,41.5533984821336],[-81.2601913028397,41.5533813329502],[-81.2601927378899,41.5533641407303],[-81.2601977356776,41.553347328807],[-81.260206173137,41.5533313111493],[-81.260217842506,41.5533164821676],[-81.2602324564419,41.5533032070035],[-81.2602496550973,41.5532918125373],[-81.2602690149806,41.5532825793402],[-81.2602900593842,41.5532757347655],[-81.2602545465176,41.553197873753]]]},"properties":{"source_county":"Geauga","jurisdiction":"Munson Township","parcel_id":"21-118250","owner_name":"SIMICEVIC MARIN J & MICHELLE","property_address":"11660 TWIN MILLS LN","property_city":"CHARDON","property_zip":"44024"}},{"type":"Feature","geometry":{"type":"Polygon","coordinates":[[[-81.2597747814242,41.5643204905732],[-81.2599464047995,41.56385507595],[-81.2605477502959,41.5639059272719],[-81.2604862010022,41.56494543105],[-81.260172488278,41.5649270419812],[-81.2599734132441,41.5647662621398],[-81.2598298071409,41.5645634489078],[-81.2597747814242,41.5643204905732]]]},"properties":{"source_county":"Geauga","jurisdiction":"Munson Township","parcel_id":"21-118500","owner_name":"WILKES MICHAEL T & JOHANNA M","property_address":"10640 MULBERRY RD","property_city":"CHARDON","property_zip":"44024"}},{"type":"Feature","geometry":{"type":"Polygon","coordinates":[[[-81.2720310372052,41.5498330620705],[-81.2722104025668,41.5497503815782],[-81.2730427403256,41.5507693098794],[-81.2725756560388,41.5509846168715],[-81.2717433227919,41.5499656861925],[-81.2720310372052,41.5498330620705]]]},"properties":{"source_county":"Geauga","jurisdiction":"Munson Township","parcel_id":"21-119800","owner_name":"NEUMORE JACK A TOD & CAROLYNN E TOD","property_address":"10320 WILSON MILLS RD","property_city":"CHARDON","property_zip":"44024"}},{"type":"Feature","geometry":{"type":"Polygon","coordinates":[[[-81.2695554097913,41.5691116654266],[-81.2696560305566,41.5671961957547],[-81.2699210328148,41.5672030418521],[-81.2700269459977,41.567205778292],[-81.2705393104597,41.5672190148811],[-81.2712662773746,41.5672377898222],[-81.272835475092,41.5672783028167],[-81.2732082167119,41.5672879232972],[-81.2732240295439,41.5672879345668],[-81.2740932021266,41.5672885301429],[-81.2736893373221,41.5688107314691],[-81.273188895943,41.568813865207],[-81.2721361121558,41.5688204500217],[-81.2721184982245,41.5692366494139],[-81.2708905991823,41.5692383744758],[-81.2704324492028,41.5698911273213],[-81.2704316853234,41.569892216023],[-81.2701963603515,41.5698931081893],[-81.2701964180966,41.5698917571742],[-81.2702212797265,41.5693048669532],[-81.2695554097913,41.5691116654266]]]},"properties":{"source_county":"Geauga","jurisdiction":"Munson Township","parcel_id":"21-120845","owner_name":"RYAN COREY MICHAEL & SARAH CHRISTINE CO TRUSTEES","property_address":"10345 THWING RD","property_city":"CHARDON","property_zip":"44024"}},{"type":"Feature","geometry":{"type":"Polygon","coordinates":[[[-81.2533980657148,41.5581903078256],[-81.2544028594933,41.5581908863245],[-81.2542447715825,41.5588388260848],[-81.2539994214085,41.5595005764452],[-81.253997755802,41.5595050682227],[-81.253047751738,41.5595088668199],[-81.2530496682677,41.559501651968],[-81.2533980657148,41.5581903078256]]]},"properties":{"source_county":"Geauga","jurisdiction":"Munson Township","parcel_id":"21-121300","owner_name":"SCHOSSLER FRED J JR TOD & CHERYL L TOD","property_address":"10810 NOLLWOOD DR","property_city":"CHARDON","property_zip":"44024"}},{"type":"Feature","geometry":{"type":"Polygon","coordinates":[[[-81.2519061354921,41.557811344536],[-81.2519797104888,41.5578141773485],[-81.2520525318725,41.5578225599347],[-81.2521238595388,41.5578364070997],[-81.2521929685634,41.5578555781109],[-81.2526345570888,41.5579974559999],[-81.2521104922372,41.5586986959093],[-81.2512883777641,41.5587008927173],[-81.2513238755226,41.5578109984666],[-81.2519061354921,41.557811344536]]]},"properties":{"source_county":"Geauga","jurisdiction":"Munson Township","parcel_id":"21-121320","owner_name":"SEUFER LEE E & DEBRA G","property_address":"10860 NOLLWOOD DR","property_city":"CHARDON","property_zip":"44024"}},{"type":"Feature","geometry":{"type":"Polygon","coordinates":[[[-81.2561265965616,41.5588312743909],[-81.2561642411867,41.558831122971],[-81.2560040503771,41.5592603431693],[-81.2559155867255,41.5594973766399],[-81.2558778817667,41.5594975282373],[-81.2555644895115,41.5594987866087],[-81.253997755802,41.5595050682227],[-81.2539994214085,41.5595005764452],[-81.2542447715825,41.5588388260848],[-81.2560703784124,41.5588315005614],[-81.2561265965616,41.5588312743909]]]},"properties":{"source_county":"Geauga","jurisdiction":"Munson Township","parcel_id":"21-121400","owner_name":"GERMAINE RICHARD R & SANDRA L","property_address":"11469 FOWLERS MILL RD","property_city":"CHARDON","property_zip":"44024"}},{"type":"Feature","geometry":{"type":"Polygon","coordinates":[[[-81.2713366425608,41.5501531457065],[-81.2715564895531,41.5500518069626],[-81.2719497417684,41.5505332278873],[-81.2718780974543,41.5511797183819],[-81.2711922791358,41.5507704252222],[-81.2708652039446,41.5503704529056],[-81.2713366425608,41.5501531457065]]]},"properties":{"source_county":"Geauga","jurisdiction":"Munson Township","parcel_id":"21-124300","owner_name":"PADEGIMAS PETER MICHAEL TOD & BEVERLY ANN TOD","property_address":"10334 WILSON MILLS RD","property_city":"CHARDON","property_zip":"44024"}},{"type":"Feature","geometry":{"type":"Polygon","coordinates":[[[-81.2495899860709,41.5512974029709],[-81.2496119183273,41.5508859159606],[-81.2499116440769,41.5504726559883],[-81.2500637258608,41.5502629649589],[-81.2502540317105,41.5500005678478],[-81.250634589866,41.5502880607351],[-81.2513421207334,41.55037672169],[-81.2500953390152,41.5514260682083],[-81.2500315039126,41.551392999839],[-81.2499638826792,41.5513644925328],[-81.2498930511415,41.5513407890409],[-81.249819612461,41.5513220912082],[-81.2497441919983,41.5513085582538],[-81.249667431988,41.551300305416],[-81.2495899860709,41.5512974029709]]]},"properties":{"source_county":"Geauga","jurisdiction":"Munson Township","parcel_id":"21-125640","owner_name":"BUSS JASON L & ERIN B","property_address":"10919 WOOD HOLLOW DR","property_city":"CHARDON","property_zip":"44024"}},{"type":"Feature","geometry":{"type":"Polygon","coordinates":[[[-81.2748433907752,41.5634707838498],[-81.2748636114224,41.5634695077941],[-81.2749965272022,41.5646619124099],[-81.2744503070586,41.5646962442104],[-81.274317414918,41.5635039683477],[-81.2748433907752,41.5634707838498]]]},"properties":{"source_county":"Geauga","jurisdiction":"Munson Township","parcel_id":"21-126350","owner_name":"HORVATH CHAD A","property_address":"10260 MULBERRY RD","property_city":"CHARDON","property_zip":"44024"}},{"type":"Feature","geometry":{"type":"Polygon","coordinates":[[[-81.2703860652519,41.5638622064106],[-81.2709504674327,41.563826740442],[-81.2710449213503,41.5646745541353],[-81.2701799510816,41.5645457210109],[-81.2702365296563,41.5643314634358],[-81.2702523868872,41.5642580769948],[-81.270261389234,41.5641840385597],[-81.2702634928605,41.5641097088463],[-81.2702586875411,41.5640354499886],[-81.2702525937117,41.5639807529778],[-81.2702526906461,41.5639616178172],[-81.2702572103325,41.5639427860005],[-81.2702660154406,41.5639248297148],[-81.2702788384323,41.5639082945447],[-81.2702952896908,41.5638936828951],[-81.2703148693587,41.5638814387264],[-81.2703369825264,41.5638719340652],[-81.2703609573071,41.5638654577007],[-81.2703860652519,41.5638622064106]]]},"properties":{"source_county":"Geauga","jurisdiction":"Munson Township","parcel_id":"21-126360","owner_name":"LASALVIA VINCENT A & DONNA J CO TRUSTEES","property_address":"11300 HIGHLAND VIEW DR","property_city":"CHARDON","property_zip":"44024"}},{"type":"Feature","geometry":{"type":"Polygon","coordinates":[[[-81.2586057080027,41.5523585329164],[-81.2590826747729,41.5522357812276],[-81.2591533021547,41.5523906290126],[-81.2595985026473,41.5533667159863],[-81.2593904662447,41.5534202569088],[-81.2588720145426,41.5535536838803],[-81.2588053575596,41.5535708379141],[-81.2586057080027,41.5523585329164]]]},"properties":{"source_county":"Geauga","jurisdiction":"Munson Township","parcel_id":"21-127750","owner_name":"BOGGESS JOSHUA","property_address":"10669 WILSON MILLS RD","property_city":"CHARDON","property_zip":"44024"}},{"type":"Feature","geometry":{"type":"Polygon","coordinates":[[[-81.261776602289,41.5699033330547],[-81.2618777306315,41.5676533196681],[-81.2626602894526,41.5681930193282],[-81.2625870158715,41.5699010015591],[-81.261776602289,41.5699033330547]]]},"properties":{"source_county":"Geauga","jurisdiction":"Munson Township","parcel_id":"21-128075","owner_name":"PREH CONNIE","property_address":"10575 THWING RD","property_city":"CHARDON","property_zip":"44024"}},{"type":"Feature","geometry":{"type":"Polygon","coordinates":[[[-81.2676428527678,41.5583600134762],[-81.2682144243728,41.558361322296],[-81.2682834601979,41.5614060214533],[-81.2677359889406,41.5614130283843],[-81.2677919343689,41.5638815226123],[-81.2672448609607,41.563906993434],[-81.2671288395556,41.5590862606365],[-81.2671513689317,41.559054428986],[-81.2676428527678,41.5583600134762]]]},"properties":{"source_county":"Geauga","jurisdiction":"Munson Township","parcel_id":"21-131600","owner_name":"PRUSHA DONALD W TRUSTEE & ANNE B TRUSTEE","property_address":"10441 MULBERRY RD","property_city":"CHARDON","property_zip":"44024"}},{"type":"Feature","geometry":{"type":"Polygon","coordinates":[[[-81.2595385150698,41.5564125076247],[-81.2612627905702,41.5563673028637],[-81.2609640862211,41.5570156861998],[-81.2609354051459,41.557081430277],[-81.2609096251295,41.5571478488125],[-81.2595504604586,41.5568240734224],[-81.2595385150698,41.5564125076247]]]},"properties":{"source_county":"Geauga","jurisdiction":"Munson Township","parcel_id":"21-132250","owner_name":"GARDNER PEARSON & LAUREN WILLIAMS","property_address":"11545 TWIN MILLS LN","property_city":"CHARDON","property_zip":"44024"}},{"type":"Feature","geometry":{"type":"Polygon","coordinates":[[[-81.2705217239142,41.5524867381601],[-81.2722279384188,41.5517002841706],[-81.2738178610288,41.5522563137123],[-81.2737547234493,41.5523642806999],[-81.2736979134952,41.5524742131442],[-81.2729389047709,41.5522670935931],[-81.2705118436633,41.5533858078212],[-81.2705217239142,41.5524867381601]]]},"properties":{"source_county":"Geauga","jurisdiction":"Munson Township","parcel_id":"21-133000","owner_name":"HARDY CASSIUS HARRY K & LISA ANN","property_address":"11727 RIVERWOOD DR","property_city":"CHARDON","property_zip":"44024"}},{"type":"Feature","geometry":{"type":"Polygon","coordinates":[[[-81.2705118436633,41.5533858078212],[-81.2729389047709,41.5522670935931],[-81.2736979134952,41.5524742131442],[-81.2736456606572,41.5525904093002],[-81.2736004781733,41.5527082662884],[-81.2735624590951,41.5528275414865],[-81.2735316817289,41.5529479893517],[-81.2735082094742,41.5530693619255],[-81.2725107913532,41.5529778334161],[-81.270501301964,41.5543449508189],[-81.2705118436633,41.5533858078212]]]},"properties":{"source_county":"Geauga","jurisdiction":"Munson Township","parcel_id":"21-133001","owner_name":"MARTILLOTTA SAMUEL R & PAULA J","property_address":"11715 RIVERWOOD DR","property_city":"CHARDON","property_zip":"44024"}},{"type":"Feature","geometry":{"type":"Polygon","coordinates":[[[-81.270501301964,41.5543449508189],[-81.2725107913532,41.5529778334161],[-81.2735082094742,41.5530693619255],[-81.2734913876766,41.5531984650029],[-81.2734828308622,41.5533280256328],[-81.2734825587865,41.5534577454358],[-81.2734905721251,41.5535873256642],[-81.2722148927568,41.5536549192646],[-81.270488012641,41.5555541291217],[-81.270501301964,41.5543449508189]]]},"properties":{"source_county":"Geauga","jurisdiction":"Munson Township","parcel_id":"21-133002","owner_name":"SWOPE GARY P & NELSON AMANDA L","property_address":"11697 RIVERWOOD DR","property_city":"CHARDON","property_zip":"44024"}},{"type":"Feature","geometry":{"type":"Polygon","coordinates":[[[-81.2722148927568,41.5536549192646],[-81.2734905721251,41.5535873256642],[-81.2735050330643,41.5537047569128],[-81.2735262994283,41.5538216025757],[-81.2735543307715,41.5539376402299],[-81.2735890737699,41.5540526489892],[-81.2720825392588,41.5543355305708],[-81.2698879659006,41.5569566012574],[-81.2698890107069,41.5568615748294],[-81.269896234625,41.5562049299314],[-81.2698965198347,41.5562046168818],[-81.270488012641,41.5555541291217],[-81.2722148927568,41.5536549192646]]]},"properties":{"source_county":"Geauga","jurisdiction":"Munson Township","parcel_id":"21-133003","owner_name":"OKONEK DOUGLAS V & BERNADINE A","property_address":"11681 RIVERWOOD DR","property_city":"CHARDON","property_zip":"44024"}},{"type":"Feature","geometry":{"type":"Polygon","coordinates":[[[-81.2720825392588,41.5543355305708],[-81.2735890737699,41.5540526489892],[-81.2736274569224,41.5541588836898],[-81.2736715662431,41.5542638564976],[-81.2737213286163,41.5543673933447],[-81.2737868910028,41.5544954481441],[-81.272264027723,41.5548459376265],[-81.2698820608258,41.5576907982666],[-81.2698798607178,41.5576934250924],[-81.2698798899806,41.5576907815705],[-81.2698879659006,41.5569566012574],[-81.2720825392588,41.5543355305708]]]},"properties":{"source_county":"Geauga","jurisdiction":"Munson Township","parcel_id":"21-133004","owner_name":"GRIFFIN CHARLES S JR & LYNNE D","property_address":"11661 RIVERWOOD DR","property_city":"CHARDON","property_zip":"44024"}},{"type":"Feature","geometry":{"type":"Polygon","coordinates":[[[-81.272264027723,41.5548459376265],[-81.2737868910028,41.5544954481441],[-81.273885249481,41.5546875605825],[-81.2732885037706,41.5548599435257],[-81.2708113267843,41.5576962652923],[-81.2698798607178,41.5576934250924],[-81.2698820608258,41.5576907982666],[-81.272264027723,41.5548459376265]]]},"properties":{"source_county":"Geauga","jurisdiction":"Munson Township","parcel_id":"21-133005","owner_name":"GRIFFIN CHARLES S & LYNNE D","property_address":" RIVERWOOD DR","property_city":"CHARDON","property_zip":"44024"}},{"type":"Feature","geometry":{"type":"Polygon","coordinates":[[[-81.2732885037706,41.5548599435257],[-81.273885249481,41.5546875605825],[-81.2742131202948,41.5553279422467],[-81.2734458449092,41.5555495858375],[-81.2713754756413,41.5576979843032],[-81.2708113267843,41.5576962652923],[-81.2732885037706,41.5548599435257]]]},"properties":{"source_county":"Geauga","jurisdiction":"Munson Township","parcel_id":"21-133006","owner_name":"SKOCH GARY J & PAMELA J","property_address":"11641 RIVERWOOD DR","property_city":"CHARDON","property_zip":"44024"}},{"type":"Feature","geometry":{"type":"Polygon","coordinates":[[[-81.2734458449092,41.5555495858375],[-81.2742131202948,41.5553279422467],[-81.274475426393,41.555840257673],[-81.273793403428,41.5560372745977],[-81.2724324495499,41.5577011886202],[-81.2724324262359,41.5577012171893],[-81.2713754756413,41.5576979843032],[-81.2734458449092,41.5555495858375]]]},"properties":{"source_county":"Geauga","jurisdiction":"Munson Township","parcel_id":"21-133007","owner_name":"SWEENY ANN G TRUSTEE & WILKINSON THOMAS F","property_address":"11625 RIVERWOOD DR","property_city":"CHARDON","property_zip":"44024"}},{"type":"Feature","geometry":{"type":"Polygon","coordinates":[[[-81.273793403428,41.5560372745977],[-81.274475426393,41.555840257673],[-81.2746065850579,41.5560964214786],[-81.274623542625,41.5561234859629],[-81.2746455434972,41.5561484185418],[-81.2746721230535,41.5561706926757],[-81.274702719976,41.5561898379668],[-81.2747366881042,41.5562054500935],[-81.2747733100808,41.5562171993497],[-81.2742983738831,41.5572553569315],[-81.2735050618832,41.5577044350511],[-81.2735049940179,41.5577044739557],[-81.2724324262359,41.5577012171893],[-81.2724324495499,41.5577011886202],[-81.273793403428,41.5560372745977]]]},"properties":{"source_county":"Geauga","jurisdiction":"Munson Township","parcel_id":"21-133008","owner_name":"UNSDORFER STEWART T","property_address":"11607 RIVERWOOD DR","property_city":"CHARDON","property_zip":"44024"}},{"type":"Feature","geometry":{"type":"Polygon","coordinates":[[[-81.2742983738831,41.5572553569315],[-81.2747733100808,41.5562171993497],[-81.2748163002621,41.5562254408489],[-81.2748604976274,41.5562283632071],[-81.2749047435409,41.5562258898147],[-81.2749478780939,41.5562180855116],[-81.274988770513,41.5562051548879],[-81.2750263488042,41.5561874369204],[-81.2750596278551,41.5561653960854],[-81.2751925900831,41.5562617182841],[-81.2751744975106,41.5574966320399],[-81.2745387405241,41.5585271179661],[-81.274538555084,41.558527417672],[-81.2743636411929,41.5585038939968],[-81.2737871966281,41.5584263674957],[-81.2735109928114,41.5583892181764],[-81.2734823133605,41.5583853619002],[-81.2735049940179,41.5577044739557],[-81.2735050618832,41.5577044350511],[-81.2742983738831,41.5572553569315]]]},"properties":{"source_county":"Geauga","jurisdiction":"Munson Township","parcel_id":"21-133009","owner_name":"HOLY CRAIG E TOD & BRIDGET TOD","property_address":"11601 RIVERWOOD DR","property_city":"CHARDON","property_zip":"44024"}},{"type":"Feature","geometry":{"type":"Polygon","coordinates":[[[-81.2737354422369,41.553760030744],[-81.2752829921555,41.5536875192647],[-81.2753343378078,41.554305746132],[-81.2739259366962,41.5543082868657],[-81.2738748443,41.5542014176302],[-81.273830165807,41.5540929389814],[-81.2737919905887,41.5539830679897],[-81.273760395002,41.5538720245104],[-81.2737354422369,41.553760030744]]]},"properties":{"source_county":"Geauga","jurisdiction":"Munson Township","parcel_id":"21-133014","owner_name":"LAMBERT MICHAEL E & JENNIFER Y","property_address":"11668 RIVERWOOD DR","property_city":"CHARDON","property_zip":"44024"}},{"type":"Feature","geometry":{"type":"Polygon","coordinates":[[[-81.2753343378078,41.554305746132],[-81.2752829921555,41.5536875192647],[-81.2737354422369,41.553760030744],[-81.2737185918608,41.5536577769574],[-81.2737072802398,41.5535550937128],[-81.2759645003123,41.5534493234073],[-81.2759519807346,41.5543046261442],[-81.2753343378078,41.554305746132]]]},"properties":{"source_county":"Geauga","jurisdiction":"Munson Township","parcel_id":"21-133015","owner_name":"HAWKINS STEVEN & CHERYL TRUSTEES","property_address":"11682 RIVERWOOD DR","property_city":"CHARDON","property_zip":"44024"}},{"type":"Feature","geometry":{"type":"Polygon","coordinates":[[[-81.2747560643816,41.5532997212394],[-81.2750586691364,41.5527589005625],[-81.2759703934545,41.5530467412787],[-81.2759645003123,41.5534493234073],[-81.2737072802398,41.5535550937128],[-81.2737015244741,41.5534521615592],[-81.2737013343191,41.5533491387401],[-81.2747560643816,41.5532997212394]]]},"properties":{"source_county":"Geauga","jurisdiction":"Munson Township","parcel_id":"21-133016","owner_name":"KOMOCKI CHAD A & SALETEL KRISTIN","property_address":"11692 RIVERWOOD DR","property_city":"CHARDON","property_zip":"44024"}},{"type":"Feature","geometry":{"type":"Polygon","coordinates":[[[-81.2739648474481,41.5524135569386],[-81.2750586691364,41.5527589005625],[-81.2747560643816,41.5532997212394],[-81.2737013343191,41.5533491387401],[-81.2737081658422,41.5532290046258],[-81.2737225633794,41.5531092483017],[-81.2737444945834,41.5529901384834],[-81.2737739102031,41.5528719424345],[-81.2738107441945,41.5527549253667],[-81.2738549138696,41.5526393498451],[-81.2739063200815,41.5525254751986],[-81.2739648474481,41.5524135569386]]]},"properties":{"source_county":"Geauga","jurisdiction":"Munson Township","parcel_id":"21-133017","owner_name":"SAGUE BRIAN B TRUSTEE","property_address":"11710 RIVERWOOD DR","property_city":"CHARDON","property_zip":"44024"}},{"type":"Feature","geometry":{"type":"Polygon","coordinates":[[[-81.2743611617371,41.5518896751379],[-81.2759742357708,41.5527840040172],[-81.2759727807318,41.5528836258999],[-81.2759703934545,41.5530467412787],[-81.2750586691364,41.5527589005625],[-81.2739648474481,41.5524135569386],[-81.2740306455453,41.5523033471754],[-81.2741033482491,41.5521956133285],[-81.2741827909212,41.5520905993166],[-81.2742687936657,41.551988542899],[-81.2743611617371,41.5518896751379]]]},"properties":{"source_county":"Geauga","jurisdiction":"Munson Township","parcel_id":"21-133018","owner_name":"RINKES ROBERT G","property_address":" RIVERWOOD DR","property_city":"CHARDON","property_zip":"44024"}},{"type":"Feature","geometry":{"type":"Polygon","coordinates":[[[-81.2513437552915,41.5504780689955],[-81.2565708510329,41.5504483694733],[-81.2565859440155,41.5512848483361],[-81.2535751825225,41.5512965890071],[-81.2520794796769,41.551302392271],[-81.2513570958721,41.5513051886913],[-81.2513564394548,41.551264533409],[-81.2513437552915,41.5504780689955]]]},"properties":{"source_county":"Geauga","jurisdiction":"Munson Township","parcel_id":"21-133300","owner_name":"KELLERS ANTHONY & DESIREE","property_address":" FOWLERS MILL RD","property_city":"CHARDON","property_zip":"44024"}},{"type":"Feature","geometry":{"type":"Polygon","coordinates":[[[-81.2541722552646,41.5641692430997],[-81.2543602500981,41.5636654710398],[-81.2543946910795,41.5636746688844],[-81.2552328190315,41.5638985040155],[-81.2554863310232,41.5639662068722],[-81.2552055250074,41.5640843080799],[-81.2550058563651,41.5641682838155],[-81.254572807421,41.5651235573794],[-81.2539208387749,41.565168172617],[-81.2538831298861,41.5651707530756],[-81.2541722552646,41.5641692430997]]]},"properties":{"source_county":"Geauga","jurisdiction":"Munson Township","parcel_id":"21-134200","owner_name":"RAY DOROTHY J TOD","property_address":"11292 FOWLERS MILL RD","property_city":"CHARDON","property_zip":"44024"}},{"type":"Feature","geometry":{"type":"Polygon","coordinates":[[[-81.2696597753369,41.5658413681542],[-81.2702020095609,41.5655838722422],[-81.2702592495466,41.5656482834143],[-81.2703214276016,41.5657100587966],[-81.2703883291011,41.5657689851409],[-81.2704323608914,41.5658046153361],[-81.2697875717671,41.5666802301106],[-81.26963924374,41.5665513579376],[-81.2691181199782,41.5660985849415],[-81.2696597753369,41.5658413681542]]]},"properties":{"source_county":"Geauga","jurisdiction":"Munson Township","parcel_id":"21-134400","owner_name":"GLIHA FRANK J & BERNADETTE J","property_address":"11281 HIGHLAND VIEW DR","property_city":"CHARDON","property_zip":"44024"}},{"type":"Feature","geometry":{"type":"Polygon","coordinates":[[[-81.2677919343689,41.5638815226123],[-81.2680369220196,41.5638701159276],[-81.2680333359594,41.5639716545212],[-81.2680330609581,41.5639794543161],[-81.2680312780527,41.5640299400657],[-81.268028366661,41.564112373895],[-81.2680260345724,41.564178415116],[-81.2680218972549,41.5642955541747],[-81.2680158605948,41.5644664987285],[-81.2679942077596,41.5650795773502],[-81.2672632738843,41.5651018899418],[-81.2672632733803,41.5651018530165],[-81.2672448609607,41.563906993434],[-81.2677919343689,41.5638815226123]]]},"properties":{"source_county":"Geauga","jurisdiction":"Munson Township","parcel_id":"21-134700","owner_name":"ANDERSON NICHOLAS D & KELLY M","property_address":"10444 MULBERRY RD","property_city":"CHARDON","property_zip":"44024"}},{"type":"Feature","geometry":{"type":"Polygon","coordinates":[[[-81.272437050576,41.5664734689931],[-81.2724144717474,41.566474561136],[-81.2723919070417,41.5664733151951],[-81.2723697836955,41.5664697547608],[-81.2730876191669,41.5656020377377],[-81.2732591549144,41.565762355175],[-81.2737292963941,41.5662017453897],[-81.2732429696346,41.5664653493259],[-81.2730518613283,41.5665689336777],[-81.272654797416,41.5665224148573],[-81.2726170479621,41.5665016193009],[-81.2725751365807,41.5664859521397],[-81.2725302861838,41.5664758705174],[-81.2724838054371,41.5664716686001],[-81.272437050576,41.5664734689931]]]},"properties":{"source_county":"Geauga","jurisdiction":"Munson Township","parcel_id":"21-135010","owner_name":"MOCZ THOMAS J TOD & COLLEEN M TOD","property_address":"11240 HIGHLAND VIEW DR","property_city":"CHARDON","property_zip":"44024"}},{"type":"Feature","geometry":{"type":"Polygon","coordinates":[[[-81.2669367042447,41.5515346218741],[-81.2669769927056,41.5503411763953],[-81.2664538695807,41.5504638246557],[-81.2664807678628,41.5496672097485],[-81.2694197456041,41.5497231591741],[-81.2693779640976,41.5509622289571],[-81.2691229453652,41.5510220257273],[-81.2690492667729,41.5510393020581],[-81.2688466372389,41.551086812712],[-81.2682729072916,41.5512213358303],[-81.2681573389041,41.5512484318388],[-81.2681876077717,41.5503512931899],[-81.2674901135441,41.5505148312598],[-81.2674598350327,41.55141197058],[-81.267125441561,41.5514903717558],[-81.2669367042447,41.5515346218741]]]},"properties":{"source_county":"Geauga","jurisdiction":"Munson Township","parcel_id":"21-135700","owner_name":"REITER THOMAS L TRUSTEE","property_address":" WILSON MILLS RD","property_city":"CHARDON","property_zip":"44024"}},{"type":"Feature","geometry":{"type":"Polygon","coordinates":[[[-81.2674901135441,41.5505148312598],[-81.2681876077717,41.5503512931899],[-81.2681573389041,41.5512484318388],[-81.2674598350327,41.55141197058],[-81.2674901135441,41.5505148312598]]]},"properties":{"source_county":"Geauga","jurisdiction":"Munson Township","parcel_id":"21-135800","owner_name":"REITER THOMAS L TRUSTEE","property_address":"10441 WILSON MILLS RD","property_city":"CHARDON","property_zip":"44024"}},{"type":"Feature","geometry":{"type":"Polygon","coordinates":[[[-81.2565357256521,41.5632878690493],[-81.2570447725286,41.5630039113512],[-81.2578405620769,41.5641182917912],[-81.2573332715809,41.5642215006385],[-81.2567871101625,41.5643326161305],[-81.2562689052673,41.5644380402678],[-81.2554863310232,41.5639662068722],[-81.2560288698011,41.5637372802623],[-81.2565925445819,41.5634112491297],[-81.2565357256521,41.5632878690493]]]},"properties":{"source_county":"Geauga","jurisdiction":"Munson Township","parcel_id":"21-136000","owner_name":"REITER LAWRENCE H & BETSY GRACE","property_address":" MULBERRY RD","property_city":"CHARDON","property_zip":"44024"}},{"type":"Feature","geometry":{"type":"Polygon","coordinates":[[[-81.2700185760534,41.5518255021922],[-81.2700246115614,41.5512186461251],[-81.2699510877128,41.5512182336481],[-81.2699557979982,41.5507896288697],[-81.2703659444585,41.5506005800737],[-81.2710706440048,41.5514632908038],[-81.2705705756502,41.5514602339636],[-81.270566579097,41.5518288546922],[-81.2700185760534,41.5518255021922]]]},"properties":{"source_county":"Geauga","jurisdiction":"Munson Township","parcel_id":"21-136270","owner_name":"RICCO FRANK AKA FRANK J TOD","property_address":"10358 WILSON MILLS RD","property_city":"CHARDON","property_zip":"44024"}},{"type":"Feature","geometry":{"type":"Polygon","coordinates":[[[-81.2728333192823,41.5672747150167],[-81.2725871559256,41.5668649871837],[-81.2726270210178,41.5668483481102],[-81.2726626600821,41.5668269746801],[-81.2726930862417,41.5668014587453],[-81.2727174569727,41.5667725068667],[-81.272735097435,41.5667409207494],[-81.2727455191583,41.5667075750412],[-81.2732338676954,41.5668606415508],[-81.2734200349655,41.5669189928737],[-81.2744975477341,41.5669197292221],[-81.2748080852261,41.5672099417531],[-81.2748927588936,41.567289072759],[-81.2748816726328,41.5672890656577],[-81.2740932021266,41.5672885301429],[-81.2732240295439,41.5672879345668],[-81.2732082167119,41.5672879232972],[-81.272835475092,41.5672783028167],[-81.2728333192823,41.5672747150167]]]},"properties":{"source_county":"Geauga","jurisdiction":"Munson Township","parcel_id":"21-136350","owner_name":"KLEBENOW KARL DENNY TOD & JOANA ELLEN TOD","property_address":"11220 HIGHLAND VIEW DR","property_city":"CHARDON","property_zip":"44024"}},{"type":"Feature","geometry":{"type":"Polygon","coordinates":[[[-81.2535751825225,41.5512965890071],[-81.2565859440155,41.5512848483361],[-81.2565967486545,41.5518836377788],[-81.2535852611317,41.5518694640792],[-81.2535751825225,41.5512965890071]]]},"properties":{"source_county":"Geauga","jurisdiction":"Munson Township","parcel_id":"21-136800","owner_name":"ROYLE BENJAMIN WILLIAM","property_address":"11731 FOWLERS MILL RD","property_city":"CHARDON","property_zip":"44024"}},{"type":"Feature","geometry":{"type":"Polygon","coordinates":[[[-81.2529478514565,41.5699283786687],[-81.2529647992857,41.5694286951022],[-81.2530015372305,41.5694291886596],[-81.2548606198193,41.5694541535175],[-81.2548527066943,41.5697913386564],[-81.2548514186802,41.5698462184948],[-81.254849643938,41.5699230406668],[-81.2529478514565,41.5699283786687]]]},"properties":{"source_county":"Geauga","jurisdiction":"Munson Township","parcel_id":"21-137500","owner_name":"WILSON STEPHANIE & BOETGER BRYCE","property_address":"11110 FOWLERS MILL RD","property_city":"CHARDON","property_zip":"44024"}},{"type":"Feature","geometry":{"type":"Polygon","coordinates":[[[-81.2575273407871,41.552636050322],[-81.2586057080027,41.5523585329164],[-81.2588053575596,41.5535708379141],[-81.2583535607458,41.5536871076306],[-81.2580431449463,41.553766992745],[-81.2575273407871,41.552636050322]]]},"properties":{"source_county":"Geauga","jurisdiction":"Munson Township","parcel_id":"21-137700","owner_name":"KULUNDZIC ZVONINMIR & EMINA","property_address":"10681 WILSON MILLS RD","property_city":"CHARDON","property_zip":"44024"}},{"type":"Feature","geometry":{"type":"Polygon","coordinates":[[[-81.2671215266142,41.551606289868],[-81.2676952610813,41.5514717733437],[-81.267631379227,41.5533632768882],[-81.267057626865,41.553497793002],[-81.2671215266142,41.551606289868]]]},"properties":{"source_county":"Geauga","jurisdiction":"Munson Township","parcel_id":"21-139400","owner_name":"MC CANN SUZANNE M","property_address":"10444 WILSON MILLS RD","property_city":"CHARDON","property_zip":"44024"}},{"type":"Feature","geometry":{"type":"Polygon","coordinates":[[[-81.270924648171,41.5629372247209],[-81.2709734057723,41.5628972072261],[-81.2709419503782,41.5637168765733],[-81.2708946136752,41.5637198613043],[-81.270924648171,41.5629372247209]]]},"properties":{"source_county":"Geauga","jurisdiction":"Munson Township","parcel_id":"21-139450","owner_name":"RUBAL DENIS G & CATHERINE A","property_address":" MULBERRY RD","property_city":"CHARDON","property_zip":"44024"}},{"type":"Feature","geometry":{"type":"Polygon","coordinates":[[[-81.2709734057723,41.5628972072261],[-81.2716100582624,41.5623746798446],[-81.2715619955772,41.5636777742155],[-81.2709419503782,41.5637168765733],[-81.2709734057723,41.5628972072261]]]},"properties":{"source_county":"Geauga","jurisdiction":"Munson Township","parcel_id":"21-139460","owner_name":"RUBAL DENIS G & CATHERINE A","property_address":"10355 MULBERRY RD","property_city":"CHARDON","property_zip":"44024"}},{"type":"Feature","geometry":{"type":"Polygon","coordinates":[[[-81.2664595115176,41.5660454057105],[-81.266811380938,41.5654142888194],[-81.2680070481817,41.5662370042438],[-81.2679153135451,41.5662670443981],[-81.2678201974884,41.5662904122477],[-81.2677225582452,41.5663068969437],[-81.2676232768188,41.5663163497438],[-81.2675232490311,41.5663186853548],[-81.2674233774395,41.5663138827023],[-81.2673245631919,41.5663019851211],[-81.2672276978945,41.5662830999635],[-81.2671336555664,41.5662573976314],[-81.2664595115176,41.5660454057105]]]},"properties":{"source_county":"Geauga","jurisdiction":"Munson Township","parcel_id":"21-142050","owner_name":"SCARFO ANTHONY F","property_address":"10427 MEADOWHURST LN","property_city":"CHARDON","property_zip":"44024"}},{"type":"Feature","geometry":{"type":"Polygon","coordinates":[[[-81.2721448704801,41.5637516781704],[-81.2726910835498,41.5637173468434],[-81.2728116471779,41.5647992674598],[-81.2722654263479,41.5648335993544],[-81.2721448704801,41.5637516781704]]]},"properties":{"source_county":"Geauga","jurisdiction":"Munson Township","parcel_id":"21-142060","owner_name":"SHAFRANEK DONNA K TOD","property_address":"10320 MULBERRY RD","property_city":"CHARDON","property_zip":"44024"}},{"type":"Feature","geometry":{"type":"Polygon","coordinates":[[[-81.2701654427349,41.5646006608656],[-81.2701799510816,41.5645457210109],[-81.2710449213503,41.5646745541353],[-81.2717039677647,41.5647311854846],[-81.2717192037467,41.5648679286667],[-81.2702307023634,41.565255178369],[-81.2701968203164,41.5651761361315],[-81.2701701283559,41.5650955549245],[-81.2701507485014,41.5650138031962],[-81.270138769337,41.5649312547458],[-81.2701342456078,41.5648482870141],[-81.2701371979696,41.5647652793576],[-81.2701476128947,41.5646826113136],[-81.2701654427349,41.5646006608656]]]},"properties":{"source_county":"Geauga","jurisdiction":"Munson Township","parcel_id":"21-142070","owner_name":"YAGER GARY E TOD & ELAINE J TOD","property_address":"11290 HIGHLAND VIEW DR","property_city":"CHARDON","property_zip":"44024"}},{"type":"Feature","geometry":{"type":"Polygon","coordinates":[[[-81.2615124925089,41.5566645302633],[-81.2625365644035,41.5569306931282],[-81.2626185702561,41.5569520064268],[-81.2626464564139,41.5569612770203],[-81.262671901002,41.5569739026525],[-81.2626941950299,41.5569895315224],[-81.2627127172932,41.5570077281462],[-81.2627269516828,41.5570279854918],[-81.2627365015662,41.5570497391067],[-81.2627411008395,41.5570723828453],[-81.2627406213428,41.557095285759],[-81.2627350764316,41.557117809677],[-81.2627250585895,41.5571557213364],[-81.2627222309591,41.5571943141128],[-81.2627266496384,41.5572328225251],[-81.2627382269963,41.5572704827644],[-81.262756733409,41.5573065478439],[-81.2627818018144,41.5573403024152],[-81.2625158530638,41.5574907187756],[-81.2622564130148,41.5576374524818],[-81.2610702698564,41.5573602307493],[-81.2610972300268,41.5572620642495],[-81.2611309235242,41.5571650784238],[-81.2611712598615,41.5570695336511],[-81.2613265858353,41.5567323736887],[-81.2613369831407,41.5567149046049],[-81.2613512610639,41.5566990570462],[-81.2613689857762,41.5566853125311],[-81.2613896187215,41.556674088678],[-81.2614125329799,41.5566657265165],[-81.2614370323162,41.5566604801252],[-81.2614623723342,41.5566585089123],[-81.2614877830947,41.5566598727716],[-81.2615124925089,41.5566645302633]]]},"properties":{"source_county":"Geauga","jurisdiction":"Munson Township","parcel_id":"21-143430","owner_name":"VIDMAR KEVIN & MEGHAN","property_address":"11500 TWIN MILLS LN","property_city":"CHARDON","property_zip":"44024"}},{"type":"Feature","geometry":{"type":"Polygon","coordinates":[[[-81.2599184559289,41.5545778741656],[-81.2604369159,41.554444447993],[-81.2604769783605,41.5545240966275],[-81.2605235685268,41.5546017159385],[-81.260576505445,41.5546770044188],[-81.2606355835057,41.5547496696141],[-81.2607005732422,41.554819429259],[-81.2607712222219,41.554886012374],[-81.2608472560261,41.5549491603178],[-81.2595058618643,41.5552875631922],[-81.259088176342,41.5552977965761],[-81.2588815296512,41.5548447195483],[-81.259399993846,41.5547112980174],[-81.2599184559289,41.5545778741656]]]},"properties":{"source_county":"Geauga","jurisdiction":"Munson Township","parcel_id":"21-145510","owner_name":"EDWARDS MERWIN T & MARCIA D","property_address":"11615 TWIN MILLS LN","property_city":"CHARDON","property_zip":"44024"}},{"type":"Feature","geometry":{"type":"Polygon","coordinates":[[[-81.2679942077596,41.5650795773502],[-81.2680158605948,41.5644664987285],[-81.2687478387253,41.564825141284],[-81.2691498021731,41.5652835635794],[-81.26905891095,41.5653327620486],[-81.2689728105903,41.5653866022312],[-81.268891920552,41.5654448218396],[-81.2688166349134,41.5655071372509],[-81.2687473204539,41.565573244888],[-81.2679942077596,41.5650795773502]]]},"properties":{"source_county":"Geauga","jurisdiction":"Munson Township","parcel_id":"21-145520","owner_name":"WEDGE CLIFFORD H & DONNA J","property_address":"10401 MEADOWHURST LN","property_city":"CHARDON","property_zip":"44024"}},{"type":"Feature","geometry":{"type":"Polygon","coordinates":[[[-81.2672632738843,41.5651018899418],[-81.2679942077596,41.5650795773502],[-81.2687473204539,41.565573244888],[-81.2687110872756,41.5656119729124],[-81.2686769060569,41.5656517391787],[-81.2684655802457,41.5659085237032],[-81.2669613371174,41.5651453212411],[-81.2669807425138,41.5651105137028],[-81.2672632738843,41.5651018899418]]]},"properties":{"source_county":"Geauga","jurisdiction":"Munson Township","parcel_id":"21-145530","owner_name":"KOEHLER ERIN M & KEVIN J","property_address":"10407 MEADOWHURST LN","property_city":"CHARDON","property_zip":"44024"}},{"type":"Feature","geometry":{"type":"Polygon","coordinates":[[[-81.250287116122,41.5661374288416],[-81.2522338253765,41.5656547878404],[-81.2536375984237,41.5658898616246],[-81.253673776452,41.5658959202989],[-81.2535422350387,41.5663515499979],[-81.2535046039034,41.566350953354],[-81.2527038367709,41.566338248656],[-81.2519594782472,41.5663264337638],[-81.2504495707085,41.5663024526762],[-81.250287116122,41.5661374288416]]]},"properties":{"source_county":"Geauga","jurisdiction":"Munson Township","parcel_id":"21-146000","owner_name":"SEMENIK ELEANOR V TRUSTEE","property_address":" FOWLERS MILL RD","property_city":"CHARDON","property_zip":"44024"}},{"type":"Feature","geometry":{"type":"Polygon","coordinates":[[[-81.2658680445126,41.5672128250053],[-81.266063817215,41.567211968074],[-81.2659491207906,41.5698912646913],[-81.2652182287208,41.5698933891356],[-81.2653329096752,41.5672151643376],[-81.2658680445126,41.5672128250053]]]},"properties":{"source_county":"Geauga","jurisdiction":"Munson Township","parcel_id":"21-146100","owner_name":"SEPETAVEC STAN TOD","property_address":"10501 THWING RD","property_city":"CHARDON","property_zip":"44024"}},{"type":"Feature","geometry":{"type":"Polygon","coordinates":[[[-81.2732370391615,41.5636830291432],[-81.2732372948482,41.5636830129342],[-81.2732950874421,41.5642015934923],[-81.2733578686508,41.5647649321079],[-81.2733574665252,41.5647649566755],[-81.2732820084036,41.5647697020262],[-81.2731438958426,41.5647783832493],[-81.2728116471779,41.5647992674598],[-81.2726910835498,41.5637173468434],[-81.2732370391615,41.5636830291432]]]},"properties":{"source_county":"Geauga","jurisdiction":"Munson Township","parcel_id":"21-146200","owner_name":"KOVALICK MARK E","property_address":"10300 MULBERRY RD","property_city":"CHARDON","property_zip":"44024"}},{"type":"Feature","geometry":{"type":"Polygon","coordinates":[[[-81.256353786373,41.5581664066455],[-81.2563908347504,41.5581671402543],[-81.2563310096981,41.558384269347],[-81.2561642411867,41.558831122971],[-81.2561265965616,41.5588312743909],[-81.2560703784124,41.5588315005614],[-81.2542447715825,41.5588388260848],[-81.2544028594933,41.5581908863245],[-81.2562590411464,41.5581675961727],[-81.256353786373,41.5581664066455]]]},"properties":{"source_county":"Geauga","jurisdiction":"Munson Township","parcel_id":"21-146700","owner_name":"BARKER CHAD & NATALIE","property_address":"10760 NOLLWOOD DR","property_city":"CHARDON","property_zip":"44024"}},{"type":"Feature","geometry":{"type":"Polygon","coordinates":[[[-81.2625844519669,41.555635830896],[-81.2627897756332,41.5556012313469],[-81.262560461111,41.5562845290167],[-81.2624128714916,41.5567243009517],[-81.261584180457,41.5565089177733],[-81.2615631629725,41.5565020249693],[-81.2615438398019,41.5564927474193],[-81.2615266867505,41.5564813135703],[-81.2615121261869,41.5564680049645],[-81.2615005166426,41.5564531493074],[-81.2614921439839,41.5564371123984],[-81.2614872143729,41.556420289123],[-81.2614858491914,41.5564030937297],[-81.2614880820521,41.5563859496293],[-81.2614938579715,41.5563692789695],[-81.2615297012495,41.556291472723],[-81.2615628043065,41.556211567062],[-81.2615891529076,41.5561302560909],[-81.2616086428041,41.5560478615952],[-81.2616211968919,41.5559647096472],[-81.2616267655153,41.5558811293155],[-81.2616253266637,41.5557974513629],[-81.2625844519669,41.555635830896]]]},"properties":{"source_county":"Geauga","jurisdiction":"Munson Township","parcel_id":"21-147270","owner_name":"PETRO MICHAEL M & CARLA A","property_address":"11562 TWIN MILLS LN","property_city":"CHARDON","property_zip":"44024"}},{"type":"Feature","geometry":{"type":"Polygon","coordinates":[[[-81.2610620919943,41.557396444002],[-81.2610702698564,41.5573602307493],[-81.2622564130148,41.5576374524818],[-81.2622642791919,41.5579934347229],[-81.2622742187871,41.5584432951528],[-81.2611836354141,41.5583603968847],[-81.2611381995385,41.5582571648492],[-81.2611005573864,41.5581521784852],[-81.2610708278363,41.5580457694566],[-81.2610491047679,41.5579382739203],[-81.2610354567668,41.5578300314637],[-81.2610299269078,41.5577213840321],[-81.2610325326198,41.557612674849],[-81.2610432656306,41.5575042473306],[-81.2610620919943,41.557396444002]]]},"properties":{"source_county":"Geauga","jurisdiction":"Munson Township","parcel_id":"21-147450","owner_name":"LAWSON DOUG & WENDY","property_address":"11486 TWIN MILLS LN","property_city":"CHARDON","property_zip":"44024"}},{"type":"Feature","geometry":{"type":"Polygon","coordinates":[[[-81.2717192037467,41.5648679286667],[-81.2718284490387,41.5648610626574],[-81.2708498306715,41.5658549939867],[-81.2707577545761,41.5658043509821],[-81.2706706066174,41.5657490077099],[-81.27058881135,41.5656892337911],[-81.2705127672478,41.5656253204315],[-81.2704428447631,41.5655575790021],[-81.2703793845221,41.5654863395227],[-81.270322695665,41.5654119490534],[-81.2702730543412,41.5653347700043],[-81.2702307023634,41.565255178369],[-81.2717192037467,41.5648679286667]]]},"properties":{"source_county":"Geauga","jurisdiction":"Munson Township","parcel_id":"21-147660","owner_name":"TREAT NICHOLAS & KLEVE SHANNON","property_address":"11280 HIGHLAND VIEW DR","property_city":"CHARDON","property_zip":"44024"}},{"type":"Feature","geometry":{"type":"Polygon","coordinates":[[[-81.2641704011918,41.5651819275247],[-81.265026930295,41.5651634852497],[-81.2652152072668,41.5659432067049],[-81.2650973641637,41.5659618047679],[-81.2645281235283,41.5660548518387],[-81.2641704287052,41.5651819944535],[-81.2641704011918,41.5651819275247]]]},"properties":{"source_county":"Geauga","jurisdiction":"Munson Township","parcel_id":"21-147670","owner_name":"SUTTON KENNETH F JR & CONSTANCE M","property_address":"10461 MEADOWHURST LN","property_city":"CHARDON","property_zip":"44024"}},{"type":"Feature","geometry":{"type":"Polygon","coordinates":[[[-81.2545531110432,41.5524726076316],[-81.2555115916105,41.5524771182583],[-81.2555232960935,41.5531272957431],[-81.2555412325167,41.5541237732381],[-81.2549536302538,41.5541210897025],[-81.2545827301338,41.554119395255],[-81.2545531110432,41.5524726076316]]]},"properties":{"source_county":"Geauga","jurisdiction":"Munson Township","parcel_id":"21-149100","owner_name":"COOKE LAURA A","property_address":"10783 WILSON MILLS RD","property_city":"CHARDON","property_zip":"44024"}},{"type":"Feature","geometry":{"type":"Polygon","coordinates":[[[-81.2566863370236,41.5547868029269],[-81.2576889989001,41.5547703996987],[-81.2579423311216,41.5553258643608],[-81.2566975040832,41.5553563431211],[-81.2566612753051,41.5553572302473],[-81.2566562748144,41.5551014365314],[-81.2566501357395,41.55478739498],[-81.2566863370236,41.5547868029269]]]},"properties":{"source_county":"Geauga","jurisdiction":"Munson Township","parcel_id":"21-149340","owner_name":"SAMLOFF ANDREA K & MASCIA JUSTIN A","property_address":"11606 FOWLERS MILL RD","property_city":"CHARDON","property_zip":"44024"}},{"type":"Feature","geometry":{"type":"Polygon","coordinates":[[[-81.2497931153581,41.5587048729911],[-81.250045547441,41.5579270817044],[-81.2500898647577,41.5579322708612],[-81.2501347154385,41.5579319605341],[-81.2501788979616,41.5579261590366],[-81.2502212287048,41.5579150217872],[-81.2502605736558,41.5578988471456],[-81.2502958787912,41.55787806842],[-81.2503261983147,41.5578532422583],[-81.250341094862,41.5578408089401],[-81.2503583332926,41.557830219784],[-81.2503775134174,41.5578217206158],[-81.2503981899718,41.5578155087428],[-81.2504198829522,41.5578117283726],[-81.250442088759,41.557810467266],[-81.2513238755226,41.5578109984666],[-81.2512883777641,41.5587008927173],[-81.2497931153581,41.5587048729911]]]},"properties":{"source_county":"Geauga","jurisdiction":"Munson Township","parcel_id":"21-150470","owner_name":"NITZ JEFFREY D","property_address":"10890 NOLLWOOD DR","property_city":"CHARDON","property_zip":"44024"}},{"type":"Feature","geometry":{"type":"Polygon","coordinates":[[[-81.2700282066817,41.5653188060275],[-81.2700643078239,41.565387666034],[-81.2701053939337,41.5654549317415],[-81.2701513408114,41.5655203997871],[-81.2702020095609,41.5655838722422],[-81.2696597753369,41.5658413681542],[-81.2691181199782,41.5660985849415],[-81.2687192776597,41.565913454438],[-81.2688634131835,41.5657383110221],[-81.2689212969404,41.5656735354153],[-81.2689854782409,41.5656121978185],[-81.2690555965025,41.5655546428214],[-81.2691312577925,41.5655011937628],[-81.2692120370409,41.5654521509139],[-81.269297480429,41.5654077897916],[-81.2693871079382,41.5653683596108],[-81.2694804160473,41.5653340818849],[-81.2695768805603,41.5653051491809],[-81.2696759595515,41.5652817240382],[-81.2697357052296,41.5652704832407],[-81.2698586159554,41.5652495415887],[-81.2698817806483,41.5652470357567],[-81.2699051809252,41.5652473386263],[-81.2699282168935,41.5652504424332],[-81.2699502979999,41.5652562676078],[-81.2699708581698,41.5652646648151],[-81.2699893703189,41.5652754187831],[-81.2700053598659,41.5652882538212],[-81.2700184168984,41.5653028408883],[-81.2700282066817,41.5653188060275]]]},"properties":{"source_county":"Geauga","jurisdiction":"Munson Township","parcel_id":"21-150750","owner_name":"KOSTRAB STEVEN M &DENISE E","property_address":"10374 MEADOWHURST LN","property_city":"CHARDON","property_zip":"44024"}},{"type":"Feature","geometry":{"type":"Polygon","coordinates":[[[-81.2593143650775,41.5583290310864],[-81.2591861121799,41.5580657884052],[-81.2588285998635,41.5580682436041],[-81.2588266029944,41.5579994428902],[-81.2588114030565,41.557475590032],[-81.2608175368046,41.5575529893041],[-81.2608111707774,41.5576557836213],[-81.26081152248,41.5577586887469],[-81.260818591098,41.5578614571524],[-81.26083235966,41.5579638416366],[-81.2606979216006,41.557996184993],[-81.2593143650775,41.5583290310864]]]},"properties":{"source_county":"Geauga","jurisdiction":"Munson Township","parcel_id":"21-151700","owner_name":"ANDRE BARBARA A TOD","property_address":"11515 TWIN MILLS LN","property_city":"CHARDON","property_zip":"44024"}},{"type":"Feature","geometry":{"type":"Polygon","coordinates":[[[-81.2604862010022,41.56494543105],[-81.2605477502959,41.5639059272719],[-81.2610924511401,41.563951986555],[-81.2609808353213,41.5658362225146],[-81.2604333397489,41.5658381740362],[-81.2604862010022,41.56494543105]]]},"properties":{"source_county":"Geauga","jurisdiction":"Munson Township","parcel_id":"21-153100","owner_name":"STALKER RICHARD K & JUNE","property_address":"10620 MULBERRY RD","property_city":"CHARDON","property_zip":"44024"}},{"type":"Feature","geometry":{"type":"Polygon","coordinates":[[[-81.2573166467826,41.5539539499696],[-81.25783510482,41.5538205299605],[-81.2585152562517,41.5553118319075],[-81.2579423311216,41.5553258643608],[-81.2576889989001,41.5547703996987],[-81.2573166467826,41.5539539499696]]]},"properties":{"source_county":"Geauga","jurisdiction":"Munson Township","parcel_id":"21-153470","owner_name":"MOWBRAY SAMUEL A & EVELYN K","property_address":"10698 WILSON MILLS RD","property_city":"CHARDON","property_zip":"44024"}},{"type":"Feature","geometry":{"type":"Polygon","coordinates":[[[-81.2543602500981,41.5636654710398],[-81.254685633298,41.5627935171655],[-81.2547199521102,41.5628026865958],[-81.255368338001,41.562975942366],[-81.2565357256521,41.5632878690493],[-81.2565925445819,41.5634112491297],[-81.2560288698011,41.5637372802623],[-81.2554863310232,41.5639662068722],[-81.2552328190315,41.5638985040155],[-81.2543946910795,41.5636746688844],[-81.2543602500981,41.5636654710398]]]},"properties":{"source_county":"Geauga","jurisdiction":"Munson Township","parcel_id":"21-154600","owner_name":"LAURIC MICHAEL T","property_address":"11330 FOWLERS MILL RD","property_city":"CHARDON","property_zip":"44024"}},{"type":"Feature","geometry":{"type":"Polygon","coordinates":[[[-81.2645748063683,41.5662157403775],[-81.2652508466018,41.5671980677378],[-81.2652628231509,41.5672154700001],[-81.2646203945899,41.5672182752214],[-81.2641621549651,41.5672202736591],[-81.2641652866599,41.5672009042211],[-81.2642968873432,41.5663868562086],[-81.2643383293997,41.566374522412],[-81.2643765609197,41.5663573062953],[-81.2644105704832,41.5663356633143],[-81.2644394583653,41.5663101660382],[-81.2644624603387,41.5662814890014],[-81.2644749783364,41.566265647765],[-81.2644904944722,41.5662513810602],[-81.2645086635561,41.5662390062792],[-81.2645290813782,41.5662287987243],[-81.2645512937018,41.5662209854833],[-81.2645748063683,41.5662157403775]]]},"properties":{"source_county":"Geauga","jurisdiction":"Munson Township","parcel_id":"21-156150","owner_name":"MARTINEZ JUAN D & CLAUDIA A","property_address":"10470 MEADOWHURST LN","property_city":"CHARDON","property_zip":"44024"}},{"type":"Feature","geometry":{"type":"Polygon","coordinates":[[[-81.2561519859511,41.5588639595008],[-81.2562998868947,41.558467663489],[-81.256335416674,41.558475141722],[-81.2578393125729,41.5587916744445],[-81.2576913969274,41.5591880621753],[-81.2561875015616,41.5588714367236],[-81.2561519859511,41.5588639595008]]]},"properties":{"source_county":"Geauga","jurisdiction":"Munson Township","parcel_id":"21-156715","owner_name":"HAAPALA RICHARD TOD & THIBONRIEA BIANCA","property_address":"11488 FOWLERS MILL RD","property_city":"CHARDON","property_zip":"44024"}},{"type":"Feature","geometry":{"type":"Polygon","coordinates":[[[-81.2650051446944,41.5639708105277],[-81.2650082812716,41.5639707457343],[-81.2650393850871,41.5651631953815],[-81.2650326712757,41.5651633518016],[-81.2641704011918,41.5651819275247],[-81.2639807076694,41.5651860138202],[-81.263718668756,41.5651916573559],[-81.2637186727,41.5651915754537],[-81.2637784943908,41.563996198654],[-81.2650051446944,41.5639708105277]]]},"properties":{"source_county":"Geauga","jurisdiction":"Munson Township","parcel_id":"21-156745","owner_name":"ANTALIK ROBERT W TOD & DOROTHY TOD","property_address":"10530 MULBERRY RD","property_city":"CHARDON","property_zip":"44024"}},{"type":"Feature","geometry":{"type":"Polygon","coordinates":[[[-81.2719204737902,41.5662404364335],[-81.2726412705272,41.565184874375],[-81.2729965406364,41.5655169151589],[-81.2730876191669,41.5656020377377],[-81.2723697836955,41.5664697547608],[-81.27234823055,41.5664638513626],[-81.2723279814926,41.5664557521882],[-81.2723094308286,41.5664456149512],[-81.272185152412,41.5663715929925],[-81.2720553536773,41.5663031229347],[-81.2719204737902,41.5662404364335]]]},"properties":{"source_county":"Geauga","jurisdiction":"Munson Township","parcel_id":"21-157260","owner_name":"ADKINS DANIEL JOSEPH & EMILY BROOK","property_address":"11250 HIGHLAND VIEW DR","property_city":"CHARDON","property_zip":"44024"}},{"type":"Feature","geometry":{"type":"Polygon","coordinates":[[[-81.2521104922372,41.5586986959093],[-81.2526345570888,41.5579974559999],[-81.2530971160403,41.5581460697346],[-81.2531695902292,41.5581660517946],[-81.2532444666254,41.5581801794337],[-81.253320909519,41.5581882949704],[-81.2533980657148,41.5581903078256],[-81.2530496682677,41.559501651968],[-81.253047751738,41.5595088668199],[-81.2520575570532,41.5595128182083],[-81.2520582217663,41.559502596689],[-81.2521104922372,41.5586986959093]]]},"properties":{"source_county":"Geauga","jurisdiction":"Munson Township","parcel_id":"21-158850","owner_name":"CHAPMAN VICTORIA D TOD","property_address":"10840 NOLLWOOD DR","property_city":"CHARDON","property_zip":"44024"}},{"type":"Feature","geometry":{"type":"Polygon","coordinates":[[[-81.2503976053551,41.5530711714224],[-81.2513856529378,41.5530757199822],[-81.2514023317647,41.5541048109907],[-81.2503920578416,41.5541001603915],[-81.2503976053551,41.5530711714224]]]},"properties":{"source_county":"Geauga","jurisdiction":"Munson Township","parcel_id":"21-161850","owner_name":"KLIS JEFFREY & RACHEL DAWN DRAPER","property_address":"10889 WILSON MILLS RD","property_city":"CHARDON","property_zip":"44024"}},{"type":"Feature","geometry":{"type":"Polygon","coordinates":[[[-81.2688744587373,41.5621402327075],[-81.2686617570794,41.5619481979513],[-81.2682961405079,41.5619652240821],[-81.2682834601979,41.5614060214533],[-81.2682144243728,41.558361322296],[-81.2686010602699,41.5583622069208],[-81.2690431914185,41.5583632157723],[-81.2690344636261,41.5616695662181],[-81.2690287761255,41.5638239294521],[-81.2689416607354,41.5638279864925],[-81.2689377757033,41.5631786119417],[-81.2689331777628,41.5631181470688],[-81.2689201567642,41.563058378437],[-81.2688988565198,41.5629999660662],[-81.2688446692387,41.5628771045984],[-81.2688328984014,41.5628419654827],[-81.2688280991325,41.5628059110854],[-81.2688303746993,41.5627697172861],[-81.2688396761205,41.5627341629636],[-81.2688558032221,41.5627000132339],[-81.268893086698,41.5626363272205],[-81.2689110704548,41.5625991753789],[-81.2689224365339,41.5625605771954],[-81.2689269900557,41.5625211945036],[-81.2689246529545,41.5624817025876],[-81.2688744587373,41.5621402327075]]]},"properties":{"source_county":"Geauga","jurisdiction":"Munson Township","parcel_id":"21-161900","owner_name":"PESESKI WILLIAM A","property_address":"10431 MULBERRY RD","property_city":"CHARDON","property_zip":"44024"}},{"type":"Feature","geometry":{"type":"Polygon","coordinates":[[[-81.2640676203233,41.5496060206588],[-81.2665021028761,41.549035328035],[-81.2664807678628,41.5496672097485],[-81.2664538695807,41.5504638246557],[-81.266441290077,41.5508363705944],[-81.2654537222585,41.5511169339773],[-81.2652822385174,41.5519225033044],[-81.2644672740648,41.5521135572656],[-81.2642744901309,41.5521631818713],[-81.2641622759236,41.5521920673886],[-81.2640676203233,41.5496060206588]]]},"properties":{"source_county":"Geauga","jurisdiction":"Munson Township","parcel_id":"21-163600","owner_name":"BALAZS JOHN M JR","property_address":"10509 WILSON MILLS RD","property_city":"CHARDON","property_zip":"44024"}},{"type":"Feature","geometry":{"type":"Polygon","coordinates":[[[-81.256450835144,41.5580845479431],[-81.2581074144773,41.5580731937641],[-81.2578393125729,41.5587916744445],[-81.256335416674,41.558475141722],[-81.2562998868947,41.558467663489],[-81.2563310096981,41.558384269347],[-81.2563908347504,41.5581671402543],[-81.2564134803035,41.55808480341],[-81.256450835144,41.5580845479431]]]},"properties":{"source_county":"Geauga","jurisdiction":"Munson Township","parcel_id":"21-164300","owner_name":"HAAPALA RICHARD TOD & THIBONRIEA BIANCA","property_address":"11500 FOWLERS MILL RD","property_city":"CHARDON","property_zip":"44024"}},{"type":"Feature","geometry":{"type":"Polygon","coordinates":[[[-81.250577755353,41.5516913249901],[-81.2513564394548,41.551264533409],[-81.2513570958721,41.5513051886913],[-81.2513823327958,41.5528699029871],[-81.2505175617661,41.5519782340656],[-81.2505534236136,41.5519546877332],[-81.2505833155644,41.551926832217],[-81.2506063344284,41.5518955091835],[-81.2506217846916,41.5518616650705],[-81.2506291995308,41.5518263224898],[-81.2506283549175,41.5517905493283],[-81.2506192763852,41.5517554264811],[-81.2506022382565,41.5517220151925],[-81.250577755353,41.5516913249901]]]},"properties":{"source_county":"Geauga","jurisdiction":"Munson Township","parcel_id":"21-165130","owner_name":"SALAMONE BRYAN A & MELISSA F","property_address":"10872 WOOD HOLLOW DR","property_city":"CHARDON","property_zip":"44024"}},{"type":"Feature","geometry":{"type":"Polygon","coordinates":[[[-81.2534955074371,41.566513400017],[-81.2536503706269,41.5659769930257],[-81.2536854957104,41.5659830647073],[-81.2549370043051,41.5661993700368],[-81.2549238367622,41.566760265781],[-81.2535307702439,41.5665194948315],[-81.2534955074371,41.566513400017]]]},"properties":{"source_county":"Geauga","jurisdiction":"Munson Township","parcel_id":"21-165300","owner_name":"MOSTAR JAMES R & BARBARA","property_address":"11226 FOWLERS MILL RD","property_city":"CHARDON","property_zip":"44024"}},{"type":"Feature","geometry":{"type":"Polygon","coordinates":[[[-81.2726294842548,41.5623375775012],[-81.2731753572048,41.5623004038822],[-81.273127618654,41.5635790268311],[-81.2715619955772,41.5636777742155],[-81.2716100582624,41.5623746798446],[-81.2726294842548,41.5623375775012]]]},"properties":{"source_county":"Geauga","jurisdiction":"Munson Township","parcel_id":"21-166200","owner_name":"CANGANELLI ANTHONY R & ALISA","property_address":"10305 MULBERRY RD","property_city":"CHARDON","property_zip":"44024"}},{"type":"Feature","geometry":{"type":"Polygon","coordinates":[[[-81.2627174127338,41.5525639788472],[-81.2629369395268,41.5525074729646],[-81.2633588372905,41.5544685530266],[-81.2626243222171,41.5545577115957],[-81.2621138988008,41.5546196667583],[-81.2620556984266,41.5543491180838],[-81.2617265482146,41.5528190161214],[-81.262062388661,41.5527325747222],[-81.2627142035863,41.5525648046145],[-81.2627174127338,41.5525639788472]]]},"properties":{"source_county":"Geauga","jurisdiction":"Munson Township","parcel_id":"21-166300","owner_name":"RISCHAR CHARLES M & SUSAN J","property_address":"10580 WILSON MILLS RD","property_city":"CHARDON","property_zip":"44024"}},{"type":"Feature","geometry":{"type":"Polygon","coordinates":[[[-81.2709504674327,41.563826740442],[-81.2715986580535,41.5637860060402],[-81.2717039677647,41.5647311854846],[-81.2710449213503,41.5646745541353],[-81.2709504674327,41.563826740442]]]},"properties":{"source_county":"Geauga","jurisdiction":"Munson Township","parcel_id":"21-166571","owner_name":"SHAW SUSAN M TOD","property_address":"10350 MULBERRY RD","property_city":"CHARDON","property_zip":"44024"}},{"type":"Feature","geometry":{"type":"Polygon","coordinates":[[[-81.2485009752541,41.5661673645523],[-81.248527927712,41.5634629064391],[-81.251388132006,41.5634726829051],[-81.2543903390377,41.5634828686263],[-81.2544283443184,41.5634829971588],[-81.2541722552646,41.5641692430997],[-81.2539177769004,41.5650507413534],[-81.2538815227976,41.5650454905706],[-81.2535799372371,41.5650018083511],[-81.2535769729713,41.5653217631147],[-81.2522338253765,41.5656547878404],[-81.250287116122,41.5661374288416],[-81.2485009752541,41.5661673645523]]]},"properties":{"source_county":"Geauga","jurisdiction":"Munson Township","parcel_id":"21-167200","owner_name":"SEMENIK ELEANOR V TRUSTEE","property_address":"11281 FOWLERS MILL RD","property_city":"CHARDON","property_zip":"44024"}},{"type":"Feature","geometry":{"type":"Polygon","coordinates":[[[-81.2535769729713,41.5653217631147],[-81.2535799372371,41.5650018083511],[-81.2538815227976,41.5650454905706],[-81.2539177769004,41.5650507413534],[-81.253673776452,41.5658959202989],[-81.2536375984237,41.5658898616246],[-81.2522338253765,41.5656547878404],[-81.2535769729713,41.5653217631147]]]},"properties":{"source_county":"Geauga","jurisdiction":"Munson Township","parcel_id":"21-167300","owner_name":"SEMENIK ELEANOR V TRUSTEE","property_address":" FOWLERS MILL RD","property_city":"CHARDON","property_zip":"44024"}},{"type":"Feature","geometry":{"type":"Polygon","coordinates":[[[-81.2677449547366,41.5672046007363],[-81.2681938947606,41.567202629092],[-81.2680551470585,41.56989745094],[-81.2680550070794,41.5699001752213],[-81.2677018391335,41.5698994312387],[-81.2673647937248,41.569898714137],[-81.2675034790155,41.5672056607042],[-81.2677449547366,41.5672046007363]]]},"properties":{"source_county":"Geauga","jurisdiction":"Munson Township","parcel_id":"21-168500","owner_name":"FACCHINE ASHLEY & RYAN","property_address":"10439 THWING RD","property_city":"CHARDON","property_zip":"44024"}},{"type":"Feature","geometry":{"type":"Polygon","coordinates":[[[-81.2686232605415,41.5660301252418],[-81.2687192776597,41.565913454438],[-81.2691181199782,41.5660985849415],[-81.26963924374,41.5665513579376],[-81.2697875717671,41.5666802301106],[-81.2699190592795,41.5671953118954],[-81.2699210328148,41.5672030418521],[-81.2696560305566,41.5671961957547],[-81.2696559672546,41.567188140246],[-81.2696549724972,41.5670606516488],[-81.2696251401317,41.5670390219874],[-81.2684562546501,41.5661914951109],[-81.268516994867,41.5661407389405],[-81.2685727582383,41.5660868574365],[-81.2686232605415,41.5660301252418]]]},"properties":{"source_county":"Geauga","jurisdiction":"Munson Township","parcel_id":"21-168550","owner_name":"MOSS TRAVIS T & KELLY M","property_address":"10408 MEADOWHURST LN","property_city":"CHARDON","property_zip":"44024"}},{"type":"Feature","geometry":{"type":"Polygon","coordinates":[[[-81.2615785079704,41.5528571189698],[-81.2617265482146,41.5528190161214],[-81.2620556984266,41.5543491180838],[-81.2617980614073,41.5543803893995],[-81.2616812111866,41.5541242171502],[-81.2611531859784,41.5529665887442],[-81.2615785079704,41.5528571189698]]]},"properties":{"source_county":"Geauga","jurisdiction":"Munson Township","parcel_id":"21-168620","owner_name":"SVAJGER MARGARET TOD","property_address":"10600 WILSON MILLS RD","property_city":"CHARDON","property_zip":"44024"}},{"type":"Feature","geometry":{"type":"Polygon","coordinates":[[[-81.2586735405322,41.5514018111081],[-81.2586811033072,41.5514018217331],[-81.2586827784543,41.5514957437639],[-81.2586829336641,41.5515044441679],[-81.2586908880256,41.5519506189949],[-81.2565979055812,41.5519477372379],[-81.2565880028607,41.5513989437507],[-81.2586735405322,41.5514018111081]]]},"properties":{"source_county":"Geauga","jurisdiction":"Munson Township","parcel_id":"21-169500","owner_name":"TOMSICK JOSEPH R & LISA M","property_address":"11730 FOWLERS MILL RD","property_city":"CHARDON","property_zip":"44024"}},{"type":"Feature","geometry":{"type":"Polygon","coordinates":[[[-81.2531809815284,41.5676029296213],[-81.2533357444237,41.5670667715432],[-81.2533711690099,41.5670728231145],[-81.2549102538786,41.5673388344322],[-81.2548983961362,41.5678438651974],[-81.2532167683074,41.5676081098508],[-81.2531809365878,41.5676030858235],[-81.2531809815284,41.5676029296213]]]},"properties":{"source_county":"Geauga","jurisdiction":"Munson Township","parcel_id":"21-170050","owner_name":"RYAN KEVIN P & KATHLEEN M","property_address":"11196 FOWLERS MILL RD","property_city":"CHARDON","property_zip":"44024"}},{"type":"Feature","geometry":{"type":"Polygon","coordinates":[[[-81.2566004167887,41.5541286020884],[-81.2566372617805,41.5541288147832],[-81.2566562748144,41.5551014365314],[-81.2566194305078,41.5551016641958],[-81.2557788377562,41.5551058114746],[-81.2557456143627,41.5541247058106],[-81.2566004167887,41.5541286020884]]]},"properties":{"source_county":"Geauga","jurisdiction":"Munson Township","parcel_id":"21-170260","owner_name":"HOEFLER MARK D & CHRISTINA M","property_address":"11625 FOWLERS MILL RD","property_city":"CHARDON","property_zip":"44024"}},{"type":"Feature","geometry":{"type":"Polygon","coordinates":[[[-81.2587350676827,41.5627961737314],[-81.2591835338682,41.5627506449599],[-81.2593727005804,41.5638065582373],[-81.2588436484678,41.5639142029575],[-81.258572677128,41.5633662510329],[-81.2587350676827,41.5627961737314]]]},"properties":{"source_county":"Geauga","jurisdiction":"Munson Township","parcel_id":"21-172030","owner_name":"SHELTON RANDY L & LISA A","property_address":"10671 MULBERRY RD","property_city":"CHARDON","property_zip":"44024"}},{"type":"Feature","geometry":{"type":"Polygon","coordinates":[[[-81.2632070387936,41.5569307044166],[-81.2639883048128,41.5562643409036],[-81.264581884272,41.5566793678448],[-81.2653681654941,41.5569098146517],[-81.2655217952074,41.557606739675],[-81.2659751118803,41.5577304329462],[-81.2668681409425,41.5583389526218],[-81.2667164036545,41.558846152677],[-81.2661740524986,41.5592002904525],[-81.2652584692455,41.5584835257712],[-81.2642466304314,41.5576913802232],[-81.2634522347725,41.5572071394169],[-81.2634517101098,41.5571675355352],[-81.2634436015869,41.5571284007798],[-81.2634280780883,41.5570905501862],[-81.2634054629243,41.5570547720443],[-81.2633762270967,41.557021811481],[-81.2633409794885,41.5569923549425],[-81.263300454183,41.5569670158981],[-81.263255495175,41.5569463220648],[-81.2632070387936,41.5569307044166]]]},"properties":{"source_county":"Geauga","jurisdiction":"Munson Township","parcel_id":"21-172298","owner_name":"BLACKLEY MICHAEL G & DENISE C","property_address":"10543 HEMLOCK RIDGE DR","property_city":"CHARDON","property_zip":"44024"}},{"type":"Feature","geometry":{"type":"Polygon","coordinates":[[[-81.2724324262359,41.5577012171893],[-81.2735049940179,41.5577044739557],[-81.2734823133605,41.5583853619002],[-81.2733983194901,41.5609069060472],[-81.2716100582624,41.5623746798446],[-81.2709734057723,41.5628972072261],[-81.270924648171,41.5629372247209],[-81.2708946136752,41.5637198613043],[-81.2698529360891,41.5637855446672],[-81.2697192318654,41.5637917723575],[-81.2697214237376,41.5637094866607],[-81.2697766014977,41.5616378380262],[-81.2698472902659,41.5589376033187],[-81.2698622779183,41.5583650818138],[-81.2698798607178,41.5576934250924],[-81.2724324262359,41.5577012171893]]]},"properties":{"source_county":"Geauga","jurisdiction":"Munson Township","parcel_id":"21-172400","owner_name":"WOOD RICHARD T","property_address":"10379 MULBERRY RD","property_city":"CHARDON","property_zip":"44024"}},{"type":"Feature","geometry":{"type":"Polygon","coordinates":[[[-81.2587930377458,41.5568426296412],[-81.2595504604586,41.5568240734224],[-81.2609096251295,41.5571478488125],[-81.2608767037167,41.5572477389582],[-81.260850342221,41.5573487213598],[-81.2608306040811,41.5574505531216],[-81.2608175368046,41.5575529893041],[-81.2588114030565,41.557475590032],[-81.258805219757,41.5572623438647],[-81.2587930377458,41.5568426296412]]]},"properties":{"source_county":"Geauga","jurisdiction":"Munson Township","parcel_id":"21-173550","owner_name":"KINNEY ROBERT M & ELLEN M CO TRUSTEES","property_address":"11533 TWIN MILLS LN","property_city":"CHARDON","property_zip":"44024"}},{"type":"Feature","geometry":{"type":"Polygon","coordinates":[[[-81.2566341355714,41.5558516752594],[-81.2566709356782,41.5558514615204],[-81.2566770869799,41.5561661325342],[-81.2566868477401,41.5566638037203],[-81.2566773022533,41.5566973528107],[-81.2566507220419,41.5566976237723],[-81.2558242725012,41.5567058536932],[-81.2558057082165,41.5558554029156],[-81.2566341355714,41.5558516752594]]]},"properties":{"source_county":"Geauga","jurisdiction":"Munson Township","parcel_id":"21-175000","owner_name":"SCUREC FRANK TOD & SHEILA A TOD","property_address":"11561 FOWLERS MILL RD","property_city":"CHARDON","property_zip":"44024"}},{"type":"Feature","geometry":{"type":"Polygon","coordinates":[[[-81.2566194305078,41.5551016641958],[-81.2566562748144,41.5551014365314],[-81.2566709356782,41.5558514615204],[-81.2566341355714,41.5558516752594],[-81.2558057082165,41.5558554029156],[-81.2557788377562,41.5551058114746],[-81.2566194305078,41.5551016641958]]]},"properties":{"source_county":"Geauga","jurisdiction":"Munson Township","parcel_id":"21-175050","owner_name":"TANSKI ELAINE & DAVID R TRUSTEES","property_address":"11593 FOWLERS MILL RD","property_city":"CHARDON","property_zip":"44024"}},{"type":"Feature","geometry":{"type":"Polygon","coordinates":[[[-81.2641621549651,41.5672202736591],[-81.2646203945899,41.5672182752214],[-81.2645788306319,41.5681874704829],[-81.2639393169643,41.5681893224193],[-81.2639808499387,41.5672210634619],[-81.2641621549651,41.5672202736591]]]},"properties":{"source_county":"Geauga","jurisdiction":"Munson Township","parcel_id":"21-176371","owner_name":"SCHWARTZ SUZANNE E","property_address":" THWING RD","property_city":"CHARDON","property_zip":"44024"}},{"type":"Feature","geometry":{"type":"Polygon","coordinates":[[[-81.273188895943,41.568813865207],[-81.2736893373221,41.5688107314691],[-81.2736430734674,41.569885051311],[-81.2731642133313,41.5698858303439],[-81.2720909518621,41.5698875692046],[-81.2721184982245,41.5692366494139],[-81.2721361121558,41.5688204500217],[-81.273188895943,41.568813865207]]]},"properties":{"source_county":"Geauga","jurisdiction":"Munson Township","parcel_id":"21-176373","owner_name":"ORR PENELOPE HUNTER TRUSTEE","property_address":" THWING RD","property_city":"CHARDON","property_zip":"44024"}},{"type":"Feature","geometry":{"type":"Polygon","coordinates":[[[-81.2567276390162,41.5568932080978],[-81.2587930377458,41.5568426296412],[-81.258805219757,41.5572623438647],[-81.2566732104603,41.5572769939348],[-81.2566358296943,41.5572772500913],[-81.2566944537731,41.5570643573362],[-81.2566912150758,41.5568941003561],[-81.2567276390162,41.5568932080978]]]},"properties":{"source_county":"Geauga","jurisdiction":"Munson Township","parcel_id":"21-176374","owner_name":"MIKUS JEFFREY & ALLISON","property_address":" FOWLERS MILL RD","property_city":"CHARDON","property_zip":"44024"}},{"type":"Feature","geometry":{"type":"Polygon","coordinates":[[[-81.2663306887071,41.5516767024498],[-81.2663859270424,41.5516637523505],[-81.2663829928153,41.5517506922938],[-81.2663820156047,41.5517796686816],[-81.2663124142323,41.5538417140618],[-81.2664141579573,41.5540757247264],[-81.2663922316471,41.5547253126629],[-81.2666864218321,41.5550126153618],[-81.2666586590026,41.5553424666947],[-81.2668033779676,41.5554869079112],[-81.2664814491465,41.5557291585229],[-81.2667800646338,41.5559220736079],[-81.2666740392015,41.5560725950817],[-81.266933727589,41.5566810201467],[-81.2667871679343,41.5569751380208],[-81.2671802480484,41.5572100535734],[-81.2669461338495,41.5578155951356],[-81.2676428527678,41.5583600134762],[-81.2671513689317,41.559054428986],[-81.2671288395556,41.5590862606365],[-81.2663844512716,41.5594716043914],[-81.2663827833404,41.559469453415],[-81.2661740524986,41.5592002904525],[-81.2667164036545,41.558846152677],[-81.2668681409425,41.5583389526218],[-81.2659751118803,41.5577304329462],[-81.2655217952074,41.557606739675],[-81.2653681654941,41.5569098146517],[-81.2662072136915,41.5553346643366],[-81.2663267759555,41.5517926196661],[-81.2663277544231,41.551763641491],[-81.2663306887071,41.5516767024498]]]},"properties":{"source_county":"Geauga","jurisdiction":"Munson Township","parcel_id":"21-176388","owner_name":"WAYT SCOTT M & DAWN M","property_address":"10478 WILSON MILLS RD","property_city":"CHARDON","property_zip":"44024"}},{"type":"Feature","geometry":{"type":"Polygon","coordinates":[[[-81.2566863780553,41.5566398510609],[-81.2566770869799,41.5561661325342],[-81.2566958251036,41.5561669464278],[-81.2567134255525,41.5561683271508],[-81.2575607881022,41.5562348005955],[-81.2575880702835,41.5560661615248],[-81.2595284039948,41.556064189253],[-81.2595385150698,41.5564125076247],[-81.2595504604586,41.5568240734224],[-81.2587930377458,41.5568426296412],[-81.2567276390162,41.5568932080978],[-81.2566912150758,41.5568941003561],[-81.2566868477401,41.5566638037203],[-81.2566863780553,41.5566398510609]]]},"properties":{"source_county":"Geauga","jurisdiction":"Munson Township","parcel_id":"21-176433","owner_name":"MIKUS JEFFREY & ALLISON","property_address":" FOWLERS MILL RD","property_city":"CHARDON","property_zip":"44024"}},{"type":"Feature","geometry":{"type":"Polygon","coordinates":[[[-81.2567871101625,41.5643326161305],[-81.2573332715809,41.5642215006385],[-81.2585581677669,41.5658448368232],[-81.2579298056202,41.5658470628006],[-81.2567871101625,41.5643326161305]]]},"properties":{"source_county":"Geauga","jurisdiction":"Munson Township","parcel_id":"21-176583","owner_name":"SHAPIRO JACK A TOD AKA JACK TOD","property_address":" MULBERRY RD","property_city":"CHARDON","property_zip":"44024"}},{"type":"Feature","geometry":{"type":"Polygon","coordinates":[[[-81.2578405620769,41.5641182917912],[-81.2578794311291,41.5641103834742],[-81.2591863092269,41.56584260869],[-81.2585581677669,41.5658448368232],[-81.2573332715809,41.5642215006385],[-81.2578405620769,41.5641182917912]]]},"properties":{"source_county":"Geauga","jurisdiction":"Munson Township","parcel_id":"21-176584","owner_name":"SHAPIRO JACK A TOD AKA JACK TOD","property_address":"10716 MULBERRY RD","property_city":"CHARDON","property_zip":"44024"}},{"type":"Feature","geometry":{"type":"Polygon","coordinates":[[[-81.2578794311291,41.5641103834742],[-81.2587818709612,41.5639267725782],[-81.2595120088613,41.5658414518887],[-81.2591863092269,41.56584260869],[-81.2578794311291,41.5641103834742]]]},"properties":{"source_county":"Geauga","jurisdiction":"Munson Township","parcel_id":"21-176585","owner_name":"SHAPIRO JACK A TOD AKA JACK TOD","property_address":" MULBERRY RD","property_city":"CHARDON","property_zip":"44024"}},{"type":"Feature","geometry":{"type":"Polygon","coordinates":[[[-81.2613896361933,41.5516244829294],[-81.2613947844375,41.5516221605598],[-81.261439889155,41.5516712051841],[-81.2614783360245,41.5517233517853],[-81.2615097502838,41.5517780920845],[-81.2615338257158,41.5518348925207],[-81.2615503276342,41.5518931994506],[-81.2615590951714,41.5519524445459],[-81.2615600428472,41.5520120503319],[-81.261546364884,41.5522863001017],[-81.2615471091909,41.5523561174159],[-81.2615562866621,41.5524255957881],[-81.2615738215584,41.55249416163],[-81.2615995691435,41.5525612488856],[-81.2616346839597,41.5526392421179],[-81.2616403184207,41.5526560025229],[-81.2616423797128,41.552673219586],[-81.2616408167003,41.5526904662165],[-81.2616356681528,41.5527073145897],[-81.2616270617841,41.55272334676],[-81.2616153086444,41.5527380676351],[-81.2616006437822,41.5527512320017],[-81.2615834258712,41.5527625178835],[-81.2615640760288,41.5527716492488],[-81.261543067516,41.552778402761],[-81.2615433908093,41.5527791202985],[-81.2615782939767,41.5528566439297],[-81.2615785079704,41.5528571189698],[-81.2611531859784,41.5529665887442],[-81.2608229990107,41.5530515705491],[-81.2603855603677,41.5520799692173],[-81.2603845997668,41.5520778356033],[-81.2610159365993,41.5517930537116],[-81.2613896361933,41.5516244829294]]]},"properties":{"source_county":"Geauga","jurisdiction":"Munson Township","parcel_id":"21-176642","owner_name":"MACKNIGHT PHILIP C","property_address":"11715 WELLESLEY LN","property_city":"CHARDON","property_zip":"44024"}},{"type":"Feature","geometry":{"type":"Polygon","coordinates":[[[-81.2566210200522,41.5532287452414],[-81.2575273407871,41.552636050322],[-81.2580431449463,41.553766992745],[-81.25783510482,41.5538205299605],[-81.2573166467826,41.5539539499696],[-81.2566714155592,41.5541199892363],[-81.2566372617805,41.5541288147832],[-81.2566210200522,41.5532287452414]]]},"properties":{"source_county":"Geauga","jurisdiction":"Munson Township","parcel_id":"21-176645","owner_name":"LIPOVEC DANE JACOB & RACHEL NICOLE","property_address":"11668 FOWLERS MILL RD","property_city":"CHARDON","property_zip":"44024"}},{"type":"Feature","geometry":{"type":"Polygon","coordinates":[[[-81.258635473032,41.549755405695],[-81.2586517489713,41.5497554275481],[-81.2586594690512,41.5501884493493],[-81.2586615331808,41.5503042260034],[-81.2586481627908,41.5503042073061],[-81.2565681990818,41.5503013582966],[-81.2565582968419,41.5497525654165],[-81.258635473032,41.549755405695]]]},"properties":{"source_county":"Geauga","jurisdiction":"Munson Township","parcel_id":"21-176647","owner_name":"BENENATI TODD JOSEPH & MCKENZIE","property_address":"11788 FOWLERS MILL RD","property_city":"CHARDON","property_zip":"44024"}},{"type":"Feature","geometry":{"type":"Polygon","coordinates":[[[-81.2586481627908,41.5503042073061],[-81.2586615331808,41.5503042260034],[-81.258670560835,41.5508105274858],[-81.2586713187698,41.5508530234733],[-81.2586608515467,41.5508530097064],[-81.256578100289,41.5508501510661],[-81.2565681990818,41.5503013582966],[-81.2586481627908,41.5503042073061]]]},"properties":{"source_county":"Geauga","jurisdiction":"Munson Township","parcel_id":"21-176649","owner_name":"LINDBERG MATTHEW H & CHRISTINA K","property_address":"11772 FOWLERS MILL RD","property_city":"CHARDON","property_zip":"44024"}},{"type":"Feature","geometry":{"type":"Polygon","coordinates":[[[-81.2586608515467,41.5508530097064],[-81.2586713187698,41.5508530234733],[-81.2586811033072,41.5514018217331],[-81.2586735405322,41.5514018111081],[-81.2565880028607,41.5513989437507],[-81.256578100289,41.5508501510661],[-81.2586608515467,41.5508530097064]]]},"properties":{"source_county":"Geauga","jurisdiction":"Munson Township","parcel_id":"21-176680","owner_name":"HORVATH ROBERT S & DONNA S","property_address":"11754 FOWLERS MILL RD","property_city":"CHARDON","property_zip":"44024"}},{"type":"Feature","geometry":{"type":"Polygon","coordinates":[[[-81.262062388661,41.5527325747222],[-81.26202760006,41.5526553054982],[-81.2620271881515,41.5526554073638],[-81.2620049364785,41.5526595814232],[-81.2619820893564,41.5526610881409],[-81.2619592098495,41.5526598903842],[-81.2619368618203,41.5526560176717],[-81.261915596033,41.5526495654458],[-81.2618960091491,41.5526407363446],[-81.2618784935865,41.5526297219537],[-81.2618634774563,41.5526167914849],[-81.2618513277788,41.5526022609824],[-81.2618423415119,41.552586485598],[-81.2618072252612,41.5525084933147],[-81.2617869952648,41.5524557825057],[-81.2617732178921,41.5524019099815],[-81.2617660068638,41.5523473204788],[-81.2617654216932,41.5522924646518],[-81.2617790987407,41.5520182148567],[-81.2617781726125,41.5519459144992],[-81.2617682043961,41.5518739995706],[-81.2617492823716,41.5518031067467],[-81.2617215740871,41.5517338636526],[-81.2616853248749,41.5516668833059],[-81.2627705863604,41.5512898535906],[-81.2627799634319,41.5512865955926],[-81.262718067668,41.5524896971811],[-81.2627142035863,41.5525648046145],[-81.262062388661,41.5527325747222]]]},"properties":{"source_county":"Geauga","jurisdiction":"Munson Township","parcel_id":"21-176681","owner_name":"LARSEN ERIC C TOD & SANDRA A TOD","property_address":"11730 WELLESLEY LN","property_city":"CHARDON","property_zip":"44024"}},{"type":"Feature","geometry":{"type":"Polygon","coordinates":[[[-81.2597462109426,41.5513961895688],[-81.2608096825837,41.5512985675409],[-81.2608751649632,41.5513322073342],[-81.2611845026953,41.5514782318879],[-81.2612432684075,41.5515087916731],[-81.2612981878064,41.5515431521626],[-81.2613488266239,41.5515810416591],[-81.2613947844375,41.5516221605598],[-81.2613896361933,41.5516244829294],[-81.2610159365993,41.5517930537116],[-81.2603845997668,41.5520778356033],[-81.259773759858,41.5522330129071],[-81.2594552668262,41.5523139203575],[-81.2597462109426,41.5513961895688]]]},"properties":{"source_county":"Geauga","jurisdiction":"Munson Township","parcel_id":"21-176702","owner_name":"BAIRD JAMES & SHARON","property_address":"11735 WELLESLEY LN","property_city":"CHARDON","property_zip":"44024"}},{"type":"Feature","geometry":{"type":"Polygon","coordinates":[[[-81.2586713187698,41.5508530234733],[-81.258670560835,41.5508105274858],[-81.2603878100042,41.5508469888485],[-81.2604443736204,41.5509139211726],[-81.2604758381321,41.5509783086617],[-81.2605148203514,41.5510403320816],[-81.2605610097278,41.5510994972917],[-81.2606140382887,41.5511553329219],[-81.2606734835701,41.5512073941275],[-81.2607388719826,41.5512552661338],[-81.2608096825837,41.5512985675409],[-81.2597462109426,41.5513961895688],[-81.2586827784543,41.5514957437639],[-81.2586811033072,41.5514018217331],[-81.2586713187698,41.5508530234733]]]},"properties":{"source_county":"Geauga","jurisdiction":"Munson Township","parcel_id":"21-176703","owner_name":"PAYERL WALTER & KELLEY","property_address":"11755 WELLESLEY LN","property_city":"CHARDON","property_zip":"44024"}},{"type":"Feature","geometry":{"type":"Polygon","coordinates":[[[-81.2586615331808,41.5503042260034],[-81.2586594690512,41.5501884493493],[-81.260545053221,41.5502415457846],[-81.2604595274885,41.5504159907078],[-81.2604302854817,41.5504856852031],[-81.2604099884394,41.550557151117],[-81.2603988199395,41.5506297421762],[-81.2603968810104,41.5507028019299],[-81.2604041892171,41.5507756696872],[-81.2604206785007,41.5508476864911],[-81.2603878100042,41.5508469888485],[-81.258670560835,41.5508105274858],[-81.2586615331808,41.5503042260034]]]},"properties":{"source_county":"Geauga","jurisdiction":"Munson Township","parcel_id":"21-176704","owner_name":"LEAR S MICHAEL & COLLEEN A","property_address":"11775 WELLESLEY LN","property_city":"CHARDON","property_zip":"44024"}},{"type":"Feature","geometry":{"type":"Polygon","coordinates":[[[-81.2608537985304,41.5499785673006],[-81.2608628603503,41.5497969016558],[-81.2628350572484,41.5498523991796],[-81.2628352645191,41.5498524049904],[-81.2628537187674,41.5498529240265],[-81.2628328031908,41.5502594970289],[-81.2628168482923,41.5502610676506],[-81.2628165468405,41.5502610977562],[-81.2606652242288,41.5504728988121],[-81.2607914851805,41.5502153662107],[-81.2608163512217,41.5501577374179],[-81.26083509666,41.5500988162365],[-81.2608476050046,41.5500389688758],[-81.2608537985304,41.5499785673006]]]},"properties":{"source_county":"Geauga","jurisdiction":"Munson Township","parcel_id":"21-176723","owner_name":"PILAWA DENNIS M & BRENNAN KIMBERLY A","property_address":"11790 WELLESLEY LN","property_city":"CHARDON","property_zip":"44024"}},{"type":"Feature","geometry":{"type":"Polygon","coordinates":[[[-81.2628168482923,41.5502610676506],[-81.2628328031908,41.5502594970289],[-81.2628117131115,41.5506694566645],[-81.2627987130189,41.5506719160403],[-81.2627985433836,41.5506719484513],[-81.2607855239856,41.5510527511947],[-81.2607387195753,41.5510025903579],[-81.2606989220554,41.5509491252012],[-81.2606665410531,41.5508929060535],[-81.2606419098531,41.5508345115894],[-81.2606252819675,41.5507745428732],[-81.2606168285275,41.5507136171714],[-81.2606166365224,41.5506523615993],[-81.2606247079055,41.550591406666],[-81.2606409595747,41.550531379784],[-81.2606652242288,41.5504728988121],[-81.2628165468405,41.5502610977562],[-81.2628168482923,41.5502610676506]]]},"properties":{"source_county":"Geauga","jurisdiction":"Munson Township","parcel_id":"21-176724","owner_name":"NIESET CRAIG J & JENNIFER","property_address":"11770 WELLESLEY LN","property_city":"CHARDON","property_zip":"44024"}},{"type":"Feature","geometry":{"type":"Polygon","coordinates":[[[-81.2627987130189,41.5506719160403],[-81.2628117131115,41.5506694566645],[-81.2627799634319,41.5512865955926],[-81.2627705863604,41.5512898535906],[-81.2616853248749,41.5516668833059],[-81.2616844566449,41.5516655052992],[-81.2616389789723,41.5516003587609],[-81.2615854153515,41.5515387781443],[-81.2615242568815,41.5514813280275],[-81.2614560642874,41.5514285351181],[-81.2613814627793,41.5513808834249],[-81.2613011363199,41.551338809821],[-81.2609918001847,41.5511927855842],[-81.2609343388182,41.5511629698175],[-81.2608805399931,41.5511295195376],[-81.2608308098944,41.5510926873002],[-81.2607855239856,41.5510527511947],[-81.2627985433836,41.5506719484513],[-81.2627987130189,41.5506719160403]]]},"properties":{"source_county":"Geauga","jurisdiction":"Munson Township","parcel_id":"21-176725","owner_name":"PANCHIK CHRISTIN & SCOTT","property_address":"11740 WELLESLEY LN","property_city":"CHARDON","property_zip":"44024"}},{"type":"Feature","geometry":{"type":"Polygon","coordinates":[[[-81.2566209351044,41.5532240626791],[-81.2565979055812,41.5519477372379],[-81.2586908880256,41.5519506189949],[-81.2586829336641,41.5515044441679],[-81.2586827784543,41.5514957437639],[-81.2597462109426,41.5513961895688],[-81.2594552668262,41.5523139203575],[-81.2594549138826,41.5523140102371],[-81.2591533021547,41.5523906290126],[-81.2590826747729,41.5522357812276],[-81.2586057080027,41.5523585329164],[-81.2575273407871,41.552636050322],[-81.2566210200522,41.5532287452414],[-81.2566209351044,41.5532240626791]]]},"properties":{"source_county":"Geauga","jurisdiction":"Munson Township","parcel_id":"21-176770","owner_name":"WOLFE JUSTIN & ANDREA","property_address":"11708 FOWLERS MILL RD","property_city":"CHARDON","property_zip":"44024"}},{"type":"Feature","geometry":{"type":"Polygon","coordinates":[[[-81.2497399192255,41.5611868683131],[-81.250445083426,41.5600230030454],[-81.2504790023832,41.5600208906455],[-81.2505120772681,41.5600148605315],[-81.2505435109082,41.5600050580415],[-81.2505725456893,41.5599917194355],[-81.2505984818157,41.5599751662012],[-81.2506206941768,41.5599557973048],[-81.2506412241991,41.5599376978527],[-81.2506650107323,41.5599220078453],[-81.250691557818,41.5599090544241],[-81.2507203119402,41.5598991076717],[-81.2507506735664,41.5598923749808],[-81.2508335341911,41.5598788018923],[-81.2500409272639,41.5611870158867],[-81.2514573013573,41.5611877251802],[-81.2514320788406,41.5616375203352],[-81.2513906330984,41.562376619402],[-81.2513673093415,41.5627925511987],[-81.251388132006,41.5634726829051],[-81.248527927712,41.5634629064391],[-81.2485506139828,41.5611862542468],[-81.2497399192255,41.5611868683131]]]},"properties":{"source_county":"Geauga","jurisdiction":"Munson Township","parcel_id":"21-177012","owner_name":"GOLDEN ETHAN BRADFORD TRUSTEE","property_address":"10880 CHIPPENDALE CT","property_city":"CHARDON","property_zip":"44024"}},{"type":"Feature","geometry":{"type":"Polygon","coordinates":[[[-81.2545827301338,41.554119395255],[-81.2549536302538,41.5541210897025],[-81.2549831738696,41.5555200487317],[-81.2541891543498,41.5554765122275],[-81.2541604822709,41.5541174638064],[-81.2545827301338,41.554119395255]]]},"properties":{"source_county":"Geauga","jurisdiction":"Munson Township","parcel_id":"21-177037","owner_name":"WALKER ERIC W TOD & DOUGLASS AMY M TOD","property_address":"10800 WILSON MILLS RD","property_city":"CHARDON","property_zip":"44024"}},{"type":"Feature","geometry":{"type":"Polygon","coordinates":[[[-81.2527402972722,41.5541109565439],[-81.2530795034863,41.5541125127949],[-81.2530795029711,41.5541126028386],[-81.2530788354538,41.5541948429345],[-81.25310386847,41.5541965827956],[-81.2531281341521,41.554201519514],[-81.2531509144642,41.5542095070091],[-81.2531715353226,41.5542203089263],[-81.2531893865425,41.5542336056303],[-81.2532039398932,41.5542490036633],[-81.2532147647293,41.5542660473875],[-81.2532215407337,41.5542842324679],[-81.2532240673964,41.5543030207953],[-81.2532257321979,41.5543892688036],[-81.2532225176078,41.5544607366932],[-81.2532101468088,41.5545316390367],[-81.2531887349818,41.5546013155142],[-81.2531584815095,41.5546691172197],[-81.2531196681202,41.5547344127058],[-81.2514123604256,41.5547265667643],[-81.2514023317647,41.5541048109907],[-81.2521287630527,41.5541081501876],[-81.2527402972722,41.5541109565439]]]},"properties":{"source_county":"Geauga","jurisdiction":"Munson Township","parcel_id":"21-177040","owner_name":"NEWMAN ANDREW I & VERONICA C","property_address":"10850 WILSON MILLS RD","property_city":"CHARDON","property_zip":"44024"}},{"type":"Feature","geometry":{"type":"Polygon","coordinates":[[[-81.2514123604256,41.5547265667643],[-81.2531196681202,41.5547344127058],[-81.2530801276173,41.5547993339577],[-81.2530475178326,41.5548663929642],[-81.2530220414266,41.554935173017],[-81.253003856734,41.5550052467121],[-81.2529930767797,41.5550761786052],[-81.2529897685756,41.5551475279177],[-81.2529939527038,41.5552188512759],[-81.2530056031878,41.5552897054655],[-81.2530136522981,41.5553072144785],[-81.2530176674687,41.5553254907957],[-81.2530175343683,41.5553440140177],[-81.2530132567832,41.5553622567142],[-81.2530049565103,41.5553796994422],[-81.2529928698886,41.5553958455366],[-81.2529787263588,41.5554132891136],[-81.2529669530824,41.5554316993677],[-81.2514234573936,41.5554339895124],[-81.2514210640746,41.5552661428487],[-81.2514123604256,41.5547265667643]]]},"properties":{"source_county":"Geauga","jurisdiction":"Munson Township","parcel_id":"21-177055","owner_name":"REESE LEADELE M","property_address":"11615 STEPHENS WAY","property_city":"CHARDON","property_zip":"44024"}},{"type":"Feature","geometry":{"type":"Polygon","coordinates":[[[-81.2514234573936,41.5554339895124],[-81.2529669530824,41.5554316993677],[-81.2529526848589,41.5554647396404],[-81.2529460161469,41.555499111593],[-81.2529471368617,41.5555338364221],[-81.2529560151013,41.555567925274],[-81.2529723980527,41.5556004074042],[-81.2529958191904,41.5556303578212],[-81.2514414472454,41.5566953862114],[-81.2514329952703,41.556102711141],[-81.2514234573936,41.5554339895124]]]},"properties":{"source_county":"Geauga","jurisdiction":"Munson Township","parcel_id":"21-177056","owner_name":"BRZOZOWSKI KENNETH J & LUZ HELENA","property_address":"11595 STEPHENS WAY","property_city":"CHARDON","property_zip":"44024"}},{"type":"Feature","geometry":{"type":"Polygon","coordinates":[[[-81.2514414472454,41.5566953862114],[-81.2529958191904,41.5556303578212],[-81.253025169489,41.5556565894069],[-81.2530599065945,41.5556788001705],[-81.2530990678301,41.5556963745772],[-81.2531415679083,41.5557088255808],[-81.253186229009,41.5557158081216],[-81.253231813421,41.5557171286897],[-81.2531584193224,41.5567323604631],[-81.2527833945953,41.5567360848124],[-81.2514422173245,41.5567493933182],[-81.2514414472454,41.5566953862114]]]},"properties":{"source_county":"Geauga","jurisdiction":"Munson Township","parcel_id":"21-177057","owner_name":"ELIAS MICHAEL J & MARGARET A TRUSTEES","property_address":"11575 STEPHENS WAY","property_city":"CHARDON","property_zip":"44024"}},{"type":"Feature","geometry":{"type":"Polygon","coordinates":[[[-81.2534565281828,41.5556148496154],[-81.2549673983866,41.5567143800264],[-81.2547613272904,41.5567164302883],[-81.2537683603498,41.5567263012143],[-81.2531584193224,41.5567323604631],[-81.253231813421,41.5557171286897],[-81.2532770578722,41.5557127508494],[-81.2533207084625,41.555702795688],[-81.2533615554532,41.5556875391044],[-81.2533984668071,41.5556674039219],[-81.2534304195622,41.5556429481692],[-81.2534565281828,41.5556148496154]]]},"properties":{"source_county":"Geauga","jurisdiction":"Munson Township","parcel_id":"21-177058","owner_name":"SULYI STEPHEN C & THERESA M","property_address":"11570 STEPHENS WAY","property_city":"CHARDON","property_zip":"44024"}},{"type":"Feature","geometry":{"type":"Polygon","coordinates":[[[-81.2534751764794,41.5554373595942],[-81.2541891543498,41.5554765122275],[-81.2549831738696,41.5555200487317],[-81.2550083902924,41.5567139722288],[-81.2549673983866,41.5567143800264],[-81.2534565281828,41.5556148496154],[-81.2534743356214,41.5555872632254],[-81.2534864904235,41.5555579960771],[-81.2534927229367,41.5555276974763],[-81.2534928948981,41.5554970396105],[-81.2534870025012,41.5554667026374],[-81.2534751764794,41.5554373595942]]]},"properties":{"source_county":"Geauga","jurisdiction":"Munson Township","parcel_id":"21-177059","owner_name":"WACLAWSKI MICHAEL J & CAROLYN A","property_address":"11590 STEPHENS WAY","property_city":"CHARDON","property_zip":"44024"}},{"type":"Feature","geometry":{"type":"Polygon","coordinates":[[[-81.2536244508466,41.5541150099519],[-81.2541604822709,41.5541174638064],[-81.2541891543498,41.5554765122275],[-81.2534751764794,41.5554373595942],[-81.2534542959508,41.5554053224466],[-81.2534263654137,41.5553764741593],[-81.2533922236786,41.5553516810958],[-81.2533528960858,41.555331687834],[-81.253309563712,41.5553170948045],[-81.2532891221282,41.5553104015558],[-81.2532702741757,41.5553014502154],[-81.2532534586649,41.5552904491848],[-81.2532390670866,41.5552776545859],[-81.2532274344983,41.5552633642971],[-81.253218831723,41.5552479110191],[-81.253210352769,41.5551835953665],[-81.2532093671222,41.5551189693812],[-81.2532158822587,41.5550545246992],[-81.2532298485934,41.5549907515755],[-81.2532511598578,41.5549281351552],[-81.2532796539092,41.5548671517823],[-81.2533151139648,41.5548082653768],[-81.2533553789995,41.5547419996605],[-81.2533884240105,41.5546735176473],[-81.2534140352523,41.5546032623478],[-81.25343204707,41.5545316882426],[-81.2534423429711,41.5544592583421],[-81.2534448563774,41.5543864411915],[-81.2534433652847,41.5543081220777],[-81.2534448792303,41.554290706525],[-81.2534500484308,41.554273691292],[-81.2534587422278,41.5542575064514],[-81.253470740877,41.5542425610864],[-81.2534857411021,41.5542292329517],[-81.2535033637604,41.5542178589249],[-81.2535231634264,41.5542087264921],[-81.2535446396496,41.5542020664816],[-81.2535672496044,41.5541980472294],[-81.2535904218095,41.5541967703248],[-81.2535911083888,41.5541149437629],[-81.2535911088347,41.5541148573205],[-81.2536244508466,41.5541150099519]]]},"properties":{"source_county":"Geauga","jurisdiction":"Munson Township","parcel_id":"21-177060","owner_name":"KENNELLY WILLIAM G & VISNJA","property_address":"11600 STEPHENS WAY","property_city":"CHARDON","property_zip":"44024"}},{"type":"Feature","geometry":{"type":"Polygon","coordinates":[[[-81.2708905991823,41.5692383744758],[-81.2721184982245,41.5692366494139],[-81.2720909518621,41.5698875692046],[-81.271400729388,41.5698885381026],[-81.2704316853234,41.569892216023],[-81.2704324492028,41.5698911273213],[-81.2708905991823,41.5692383744758]]]},"properties":{"source_county":"Geauga","jurisdiction":"Munson Township","parcel_id":"21-177142","owner_name":"LEITH THOMAS E & SANDRA M","property_address":" THWING RD","property_city":"CHARDON","property_zip":"44024"}},{"type":"Feature","geometry":{"type":"Polygon","coordinates":[[[-81.2682961405079,41.5619652240821],[-81.2686617570794,41.5619481979513],[-81.2688744587373,41.5621402327075],[-81.2689246529545,41.5624817025876],[-81.2689269900557,41.5625211945036],[-81.2689224365339,41.5625605771954],[-81.2689110704548,41.5625991753789],[-81.268893086698,41.5626363272205],[-81.2688558032221,41.5627000132339],[-81.2688396761205,41.5627341629636],[-81.2688303746993,41.5627697172861],[-81.2688280991325,41.5628059110854],[-81.2688328984014,41.5628419654827],[-81.2688446692387,41.5628771045984],[-81.2688988565198,41.5629999660662],[-81.2689201567642,41.563058378437],[-81.2689331777628,41.5631181470688],[-81.2689377757033,41.5631786119417],[-81.2689416607354,41.5638279864925],[-81.2683390061359,41.5638560501006],[-81.2682961405079,41.5619652240821]]]},"properties":{"source_county":"Geauga","jurisdiction":"Munson Township","parcel_id":"21-177232","owner_name":"TIMCO TODD M & AMY","property_address":"10435 MULBERRY RD","property_city":"CHARDON","property_zip":"44024"}},{"type":"Feature","geometry":{"type":"Polygon","coordinates":[[[-81.2690431914185,41.5583632157723],[-81.2698622779183,41.5583650818138],[-81.2698472902659,41.5589376033187],[-81.2697766014977,41.5616378380262],[-81.2690344636261,41.5616695662181],[-81.2690431914185,41.5583632157723]]]},"properties":{"source_county":"Geauga","jurisdiction":"Munson Township","parcel_id":"21-177235","owner_name":"WOOD RICHARD T & PATRICIA L","property_address":" MULBERRY RD","property_city":"CHARDON","property_zip":"44024"}},{"type":"Feature","geometry":{"type":"Polygon","coordinates":[[[-81.2619561940902,41.5658327409339],[-81.2619595755739,41.5658327283598],[-81.2618967548828,41.5672301265801],[-81.2618777306315,41.5676533196681],[-81.261776602289,41.5699033330547],[-81.2594560175345,41.569909980943],[-81.2596307981718,41.5658410297031],[-81.2604333397489,41.5658381740362],[-81.2609808353213,41.5658362225146],[-81.2611026595469,41.5658357879829],[-81.2615845184935,41.5658340680256],[-81.2619561940902,41.5658327409339]]]},"properties":{"source_county":"Geauga","jurisdiction":"Munson Township","parcel_id":"21-177286","owner_name":"HILL CARL L TOD & LISA M TOD","property_address":" THWING RD","property_city":"CHARDON","property_zip":"44024"}},{"type":"Feature","geometry":{"type":"Polygon","coordinates":[[[-81.2608229990107,41.5530515705491],[-81.2611531859784,41.5529665887442],[-81.2616812111866,41.5541242171502],[-81.2611627563012,41.5542576479925],[-81.2606347414736,41.553100022706],[-81.2608229990107,41.5530515705491]]]},"properties":{"source_county":"Geauga","jurisdiction":"Munson Township","parcel_id":"21-703270","owner_name":"MAPLE LEAF COMMUNITY RESIDENCES INC","property_address":"10612 WILSON MILLS RD","property_city":"CHARDON","property_zip":"44024"}}]}