{"type":"FeatureCollection","features":[{"type":"Feature","geometry":{"type":"Polygon","coordinates":[[[-81.3355455339779,41.4762371958007],[-81.3396081192195,41.4762149781194],[-81.3396129270991,41.4763965329454],[-81.3375764656272,41.4764076875932],[-81.3365626964777,41.476413227384],[-81.3355494109541,41.4764187550663],[-81.3355455339779,41.4762371958007]]]},"properties":{"source_county":"Geauga","jurisdiction":"Russell Township","parcel_id":"26-002600","owner_name":"SCHNEIDER KAREN E & STANLEY K TRUSTEES","property_address":"14381 CHILLICOTHE RD","property_city":"NOVELTY","property_zip":"44072"}},{"type":"Feature","geometry":{"type":"Polygon","coordinates":[[[-81.3446948702586,41.490668986957],[-81.3446948319252,41.4906689874756],[-81.3446754477542,41.4884058857018],[-81.3460295739799,41.4889715185162],[-81.3458101411467,41.48942173182],[-81.3457167782285,41.4906599528808],[-81.3450940568078,41.4906654649123],[-81.3446948702586,41.490668986957]]]},"properties":{"source_county":"Geauga","jurisdiction":"Russell Township","parcel_id":"26-003100","owner_name":"HEFFRON DAVID T","property_address":"8309 FAIRMOUNT RD","property_city":"NOVELTY","property_zip":"44072"}},{"type":"Feature","geometry":{"type":"Polygon","coordinates":[[[-81.3488652629279,41.4941128319197],[-81.3483595994834,41.4932192475152],[-81.3489446449058,41.4932140948539],[-81.3494923528034,41.4932092685849],[-81.3497662444581,41.4932068539544],[-81.3498589659901,41.4931375023934],[-81.3498655152763,41.4928331532887],[-81.3505275890413,41.4928275804019],[-81.3497434368022,41.4939475673329],[-81.3496744665342,41.493943005536],[-81.3496052473214,41.4939418381092],[-81.3495360743629,41.493944070031],[-81.3494672426602,41.493949691783],[-81.3493990457602,41.4939586793901],[-81.3493317745023,41.4939709945229],[-81.3492657157791,41.4939865846609],[-81.3492011513125,41.4940053833167],[-81.3488652629279,41.4941128319197]]]},"properties":{"source_county":"Geauga","jurisdiction":"Russell Township","parcel_id":"26-004211","owner_name":"CAMINO DOMENIC & ANDREA LEE","property_address":"8185 BELLE VERNON DR","property_city":"NOVELTY","property_zip":"44072"}},{"type":"Feature","geometry":{"type":"Polygon","coordinates":[[[-81.3487424659554,41.4834548198561],[-81.3494358998544,41.4834529413925],[-81.3494404378486,41.4843996098447],[-81.3487470082975,41.4844041494467],[-81.3487424659554,41.4834548198561]]]},"properties":{"source_county":"Geauga","jurisdiction":"Russell Township","parcel_id":"26-005600","owner_name":"LASHKOV OLEKSANDR & LASHKOVA IRYNA","property_address":"8198 W RIVER DR","property_city":"NOVELTY","property_zip":"44072"}},{"type":"Feature","geometry":{"type":"Polygon","coordinates":[[[-81.3363733094061,41.498912668391],[-81.3371763829128,41.4989190023209],[-81.3371471715857,41.500079421033],[-81.3370927309352,41.5000790346782],[-81.3366639678657,41.5000756451336],[-81.3363440841564,41.5000730706971],[-81.3363733094061,41.498912668391]]]},"properties":{"source_county":"Geauga","jurisdiction":"Russell Township","parcel_id":"26-008900","owner_name":"BAYZATH EVELYN J TOD","property_address":"8552 BEECHWOOD DR","property_city":"NOVELTY","property_zip":"44072"}},{"type":"Feature","geometry":{"type":"Polygon","coordinates":[[[-81.3495732876367,41.4785265089179],[-81.3496048407934,41.4785264302196],[-81.3496039129453,41.4785278555096],[-81.3492428438788,41.4790827128082],[-81.3493445405214,41.4793190816301],[-81.3493715116222,41.4795261406169],[-81.3481151511754,41.4795627344684],[-81.3459563010981,41.4796255835157],[-81.3459520797824,41.4785368129457],[-81.3462685934653,41.4785358227758],[-81.3469956359504,41.4785335454681],[-81.3479686929438,41.4785304894708],[-81.3495732876367,41.4785265089179]]]},"properties":{"source_county":"Geauga","jurisdiction":"Russell Township","parcel_id":"26-010655","owner_name":"BENSON DWAINE A","property_address":"8254 DINES RD","property_city":"NOVELTY","property_zip":"44072"}},{"type":"Feature","geometry":{"type":"Polygon","coordinates":[[[-81.3244828115409,41.4988182160928],[-81.32653172595,41.4988346170532],[-81.3264887930866,41.4988370635313],[-81.326446897347,41.498844527499],[-81.3264070696674,41.4988568252891],[-81.3263702900961,41.4988736542877],[-81.326337463678,41.49889460038],[-81.3263093981843,41.4989191481411],[-81.3262867842349,41.4989466935179],[-81.3262701783048,41.4989765586939],[-81.3262599890296,41.4990080087674],[-81.3262564671496,41.4990402698357],[-81.3262596993388,41.4990725480386],[-81.3262696060713,41.499104049093],[-81.326285943577,41.4991339978385],[-81.3263083098395,41.4991616573119],[-81.3263361544879,41.4991863468823],[-81.3263687923396,41.4992074590001],[-81.3256067183066,41.4999876274113],[-81.3254216217547,41.4999861901216],[-81.3244620675698,41.4999784603712],[-81.3244828115409,41.4988182160928]]]},"properties":{"source_county":"Geauga","jurisdiction":"Russell Township","parcel_id":"26-011700","owner_name":"DAWSON PETER B TOD & NANCY L TOD","property_address":"8862 BEECHWOOD DR","property_city":"NOVELTY","property_zip":"44072"}},{"type":"Feature","geometry":{"type":"Polygon","coordinates":[[[-81.3365785394189,41.4771546345947],[-81.3370419986354,41.4771530501863],[-81.3370718942577,41.4785515023442],[-81.3370721018967,41.4785611992139],[-81.3366086164239,41.4785620154514],[-81.3366084730441,41.47855531519],[-81.3365785394189,41.4771546345947]]]},"properties":{"source_county":"Geauga","jurisdiction":"Russell Township","parcel_id":"26-012400","owner_name":"BUKOVEC MICHAEL BRIAN & GREENE AMY NICOLE","property_address":"8559 PEKIN RD","property_city":"NOVELTY","property_zip":"44072"}},{"type":"Feature","geometry":{"type":"Polygon","coordinates":[[[-81.3457142053073,41.4906599759021],[-81.3462616772074,41.4906551267252],[-81.346214380659,41.4928952503978],[-81.3456665789342,41.4929000836449],[-81.3456686201719,41.4928040670314],[-81.3456909858863,41.491752106549],[-81.3457142053073,41.4906599759021]]]},"properties":{"source_county":"Geauga","jurisdiction":"Russell Township","parcel_id":"26-015200","owner_name":"MEHALL ANDREW J & SALLI L","property_address":"8286 FAIRMOUNT RD","property_city":"NOVELTY","property_zip":"44072"}},{"type":"Feature","geometry":{"type":"Polygon","coordinates":[[[-81.3426270892536,41.4906872068054],[-81.3426264735873,41.4906872114679],[-81.3426958889786,41.4899646325732],[-81.3417608018945,41.4899729797248],[-81.3417972474017,41.489593638423],[-81.3416700118668,41.4890231763421],[-81.3409136314607,41.4885354892349],[-81.3410402677591,41.488339039759],[-81.3411409539514,41.4881828442282],[-81.34150390812,41.4879094682445],[-81.3416698556277,41.4877844752775],[-81.3417168969136,41.4875394956299],[-81.3417123414305,41.4871486216616],[-81.3420177437355,41.4870575828254],[-81.3428034888448,41.487350324631],[-81.3430350662648,41.4877523476409],[-81.343383810837,41.4879517219238],[-81.3437881206975,41.4880352265202],[-81.3446754477542,41.4884058857018],[-81.3446948319252,41.4906689874756],[-81.3426270892536,41.4906872068054]]]},"properties":{"source_county":"Geauga","jurisdiction":"Russell Township","parcel_id":"26-018100","owner_name":"BRENNAN MARILYN M TRUSTEE & STEFAN MICHELLE BRENNAN & MICHAEL KELLEY","property_address":"8351 FAIRMOUNT RD","property_city":"NOVELTY","property_zip":"44072"}},{"type":"Feature","geometry":{"type":"Polygon","coordinates":[[[-81.3397304405619,41.4892811156853],[-81.3397219644001,41.4899567071403],[-81.3396821830828,41.4899366693353],[-81.3392363710359,41.4897121207807],[-81.3388446642912,41.4895148217919],[-81.3385698756911,41.4892884283757],[-81.3397304405619,41.4892811156853]]]},"properties":{"source_county":"Geauga","jurisdiction":"Russell Township","parcel_id":"26-018700","owner_name":"ROTHSTEIN DAVID J & CHERYL A","property_address":" CHILLICOTHE RD","property_city":"NOVELTY","property_zip":"44072"}},{"type":"Feature","geometry":{"type":"Polygon","coordinates":[[[-81.3397281840638,41.4889113003418],[-81.3397304405619,41.4892811156853],[-81.3385698756911,41.4892884283757],[-81.3385640893267,41.4889205676967],[-81.3397281836418,41.4889111211386],[-81.3397281840638,41.4889113003418]]]},"properties":{"source_county":"Geauga","jurisdiction":"Russell Township","parcel_id":"26-018800","owner_name":"ROTHSTEIN DAVID J & CHERYL A","property_address":"8514 KENT RD","property_city":"NOVELTY","property_zip":"44072"}},{"type":"Feature","geometry":{"type":"Polygon","coordinates":[[[-81.339725907541,41.4885382186524],[-81.3397281836418,41.4889111211386],[-81.3385640893267,41.4889205676967],[-81.3385581995021,41.4885461782335],[-81.3397259076659,41.4885381439124],[-81.339725907541,41.4885382186524]]]},"properties":{"source_county":"Geauga","jurisdiction":"Russell Township","parcel_id":"26-018900","owner_name":"ROTHSTEIN DAVID J & CHERYL A","property_address":" CHILLICOTHE RD","property_city":"NOVELTY","property_zip":"44072"}},{"type":"Feature","geometry":{"type":"Polygon","coordinates":[[[-81.3397236327113,41.4881653134351],[-81.3397259076659,41.4885381439124],[-81.3385581995021,41.4885461782335],[-81.3385536361734,41.4881728988166],[-81.339723631684,41.4881651684447],[-81.3397236327113,41.4881653134351]]]},"properties":{"source_county":"Geauga","jurisdiction":"Russell Township","parcel_id":"26-019000","owner_name":"ANDREANI GIOVANNI & RITA","property_address":" CHILLICOTHE RD","property_city":"NOVELTY","property_zip":"44072"}},{"type":"Feature","geometry":{"type":"Polygon","coordinates":[[[-81.3397213407805,41.487789585845],[-81.339723631684,41.4881651684447],[-81.3385536361734,41.4881728988166],[-81.3385490161419,41.4877949803253],[-81.3397213407805,41.487789585845]]]},"properties":{"source_county":"Geauga","jurisdiction":"Russell Township","parcel_id":"26-019100","owner_name":"ANDREANI GIOVANNI & RITA","property_address":" CHILLICOTHE RD","property_city":"NOVELTY","property_zip":"44072"}},{"type":"Feature","geometry":{"type":"Polygon","coordinates":[[[-81.3380784470565,41.4877971846548],[-81.3385490161419,41.4877949803253],[-81.3385536361734,41.4881728988166],[-81.3385581995021,41.4885461782335],[-81.3385217258737,41.4885464289236],[-81.3377579606695,41.4885516775028],[-81.3377482371902,41.4877991052714],[-81.3380784470565,41.4877971846548]]]},"properties":{"source_county":"Geauga","jurisdiction":"Russell Township","parcel_id":"26-019200","owner_name":"8515 KENT LLC","property_address":"8515 KENT RD","property_city":"NOVELTY","property_zip":"44072"}},{"type":"Feature","geometry":{"type":"Polygon","coordinates":[[[-81.3377579606695,41.4885516775028],[-81.3385217258737,41.4885464289236],[-81.33852657145,41.4888767186802],[-81.3381989561535,41.4888795193871],[-81.3382047126325,41.4892720687459],[-81.3381757226951,41.4892766995719],[-81.3378303280908,41.4893318678827],[-81.3377696686532,41.4893415572416],[-81.3377579606695,41.4885516775028]]]},"properties":{"source_county":"Geauga","jurisdiction":"Russell Township","parcel_id":"26-019300","owner_name":"HALLARAN SHANE A & ASHLEY L","property_address":"8536 KENT RD","property_city":"NOVELTY","property_zip":"44072"}},{"type":"Feature","geometry":{"type":"Polygon","coordinates":[[[-81.3397038977556,41.4825252218976],[-81.3407319520105,41.4825152120719],[-81.3407384143098,41.4831367873982],[-81.3405091680582,41.4831381354478],[-81.3397096205197,41.483142833186],[-81.3397038977556,41.4825252218976]]]},"properties":{"source_county":"Geauga","jurisdiction":"Russell Township","parcel_id":"26-019500","owner_name":"DE MATTIA ALAN R & SUELLEN","property_address":"8451 RIVERSIDE DR","property_city":"NOVELTY","property_zip":"44072"}},{"type":"Feature","geometry":{"type":"Polygon","coordinates":[[[-81.3328527589969,41.4976985122854],[-81.3332384457546,41.4977015656528],[-81.333210773845,41.4988327762063],[-81.333209431825,41.4988876587086],[-81.3328689924618,41.4988849624217],[-81.3328250804505,41.4988297218476],[-81.3328527589969,41.4976985122854]]]},"properties":{"source_county":"Geauga","jurisdiction":"Russell Township","parcel_id":"26-020105","owner_name":"CAVASINNI COLLEEN T","property_address":"8659 BEECHWOOD DR","property_city":"NOVELTY","property_zip":"44072"}},{"type":"Feature","geometry":{"type":"Polygon","coordinates":[[[-81.3464454956161,41.489457916714],[-81.3469929668317,41.4894530740827],[-81.3470033502815,41.4906485541294],[-81.3464558701093,41.4906534067236],[-81.3464454956161,41.489457916714]]]},"properties":{"source_county":"Geauga","jurisdiction":"Russell Township","parcel_id":"26-021000","owner_name":"CLAPP MARGARET J & THOMAS L","property_address":"8265 FAIRMOUNT RD","property_city":"NOVELTY","property_zip":"44072"}},{"type":"Feature","geometry":{"type":"Polygon","coordinates":[[[-81.3396468686684,41.4776486303661],[-81.3396468635694,41.477648444812],[-81.3406537134515,41.4776577344881],[-81.3406575781729,41.4780585037756],[-81.3396577848662,41.4780500691402],[-81.3396468686684,41.4776486303661]]]},"properties":{"source_county":"Geauga","jurisdiction":"Russell Township","parcel_id":"26-021100","owner_name":"BRADY MICHAEL","property_address":"14324 CHILLICOTHE RD","property_city":"NOVELTY","property_zip":"44072"}},{"type":"Feature","geometry":{"type":"Polygon","coordinates":[[[-81.3312809636464,41.498872371369],[-81.3317738941824,41.4988762821487],[-81.3317445891851,41.5000365914733],[-81.3313250836226,41.5000332997354],[-81.3311240238968,41.5000316557942],[-81.3311533384513,41.4988713592171],[-81.3312809636464,41.498872371369]]]},"properties":{"source_county":"Geauga","jurisdiction":"Russell Township","parcel_id":"26-021700","owner_name":"BAYZATH EVELYN J TOD","property_address":"8704 BEECHWOOD DR","property_city":"NOVELTY","property_zip":"44072"}},{"type":"Feature","geometry":{"type":"Polygon","coordinates":[[[-81.3372375257011,41.4952809720106],[-81.3372590670118,41.4945202454664],[-81.3373621298095,41.494527187598],[-81.3381440658763,41.494579850139],[-81.3381228246825,41.4952956278924],[-81.3372375257011,41.4952809720106]]]},"properties":{"source_county":"Geauga","jurisdiction":"Russell Township","parcel_id":"26-022500","owner_name":"MRP LEGACY LLC","property_address":"8529 PERRY DR","property_city":"NOVELTY","property_zip":"44072"}},{"type":"Feature","geometry":{"type":"Polygon","coordinates":[[[-81.3428715885311,41.4785464059737],[-81.3429999545687,41.4785460082449],[-81.3430134776783,41.4805325123044],[-81.342559743153,41.4805346636189],[-81.3425676506655,41.4785473476008],[-81.3428715885311,41.4785464059737]]]},"properties":{"source_county":"Geauga","jurisdiction":"Russell Township","parcel_id":"26-023450","owner_name":"WILLIAMS ROGER F & PAMELA D TTEES","property_address":"8380 DINES RD","property_city":"NOVELTY","property_zip":"44072"}},{"type":"Feature","geometry":{"type":"Polygon","coordinates":[[[-81.330512985172,41.4760726685704],[-81.3318358622827,41.4760657097773],[-81.3317799128292,41.4785709463647],[-81.3317798998663,41.4785715396644],[-81.3306159026497,41.4785736007558],[-81.3305646336985,41.4785736915877],[-81.3305628974099,41.4784896167833],[-81.3305331730392,41.4770502606639],[-81.3305152522619,41.4761824347087],[-81.330512985172,41.4760726685704]]]},"properties":{"source_county":"Geauga","jurisdiction":"Russell Township","parcel_id":"26-024050","owner_name":"CHERNICKY RONALD J & CHERYL L","property_address":"8711 PEKIN RD","property_city":"NOVELTY","property_zip":"44072"}},{"type":"Feature","geometry":{"type":"Polygon","coordinates":[[[-81.3305651305682,41.4786560258292],[-81.3312603151012,41.4786547964843],[-81.3312935844457,41.4800976109872],[-81.3313971146348,41.4845871415545],[-81.3291708506577,41.4846021799815],[-81.3290341143832,41.4786637498334],[-81.3305651305682,41.4786560258292]]]},"properties":{"source_county":"Geauga","jurisdiction":"Russell Township","parcel_id":"26-024080","owner_name":"MICKOVIC SUSAN","property_address":"8730 PEKIN RD","property_city":"NOVELTY","property_zip":"44072"}},{"type":"Feature","geometry":{"type":"Polygon","coordinates":[[[-81.33685817047,41.4878042770604],[-81.3377482371902,41.4877991052714],[-81.3377579606695,41.4885516775028],[-81.3368590600845,41.488557848678],[-81.3368487373361,41.4878043319405],[-81.33685817047,41.4878042770604]]]},"properties":{"source_county":"Geauga","jurisdiction":"Russell Township","parcel_id":"26-025500","owner_name":"GREENE NANCYANN","property_address":"8537 KENT RD","property_city":"NOVELTY","property_zip":"44072"}},{"type":"Feature","geometry":{"type":"Polygon","coordinates":[[[-81.3479356063744,41.475986492577],[-81.3484583700793,41.4759832734954],[-81.3484738391997,41.4770801579242],[-81.3479974022112,41.4784480638482],[-81.3469947412432,41.4784512129479],[-81.3469831917608,41.4773937580459],[-81.3476221364149,41.4771752600441],[-81.3476189121887,41.4768788655552],[-81.3479452960898,41.4768768568576],[-81.3479356063744,41.475986492577]]]},"properties":{"source_county":"Geauga","jurisdiction":"Russell Township","parcel_id":"26-026750","owner_name":"BOUCK THEODORE C & LINDA M","property_address":"8241 DINES RD","property_city":"NOVELTY","property_zip":"44072"}},{"type":"Feature","geometry":{"type":"Polygon","coordinates":[[[-81.3381228246825,41.4952956278924],[-81.3381440658763,41.494579850139],[-81.3384515765356,41.4946005598393],[-81.3384308021381,41.4953007240886],[-81.3381228246825,41.4952956278924]]]},"properties":{"source_county":"Geauga","jurisdiction":"Russell Township","parcel_id":"26-029900","owner_name":"MRP LEGACY LLC","property_address":"8507 PERRY DR","property_city":"NOVELTY","property_zip":"44072"}},{"type":"Feature","geometry":{"type":"Polygon","coordinates":[[[-81.339634826713,41.4772057914766],[-81.3396348223493,41.4772056320444],[-81.3406515644653,41.4772115223502],[-81.3406537134515,41.4776577344881],[-81.3396468635694,41.477648444812],[-81.339634826713,41.4772057914766]]]},"properties":{"source_county":"Geauga","jurisdiction":"Russell Township","parcel_id":"26-030020","owner_name":"SARGENT MARK E","property_address":"14340 CHILLICOTHE RD","property_city":"NOVELTY","property_zip":"44072"}},{"type":"Feature","geometry":{"type":"Polygon","coordinates":[[[-81.3371763829128,41.4989190023209],[-81.3379794553613,41.4989253315797],[-81.3379765006252,41.4990427778201],[-81.3379633831144,41.4995641300604],[-81.3379502579571,41.5000857666978],[-81.3378949801464,41.5000853741344],[-81.3374942657132,41.50008220831],[-81.3372944755959,41.5000806292119],[-81.3371471715857,41.500079421033],[-81.3371763829128,41.4989190023209]]]},"properties":{"source_county":"Geauga","jurisdiction":"Russell Township","parcel_id":"26-030200","owner_name":"LJUBI RICHARD A & CYNTHIA D TOD","property_address":"8530 BEECHWOOD DR","property_city":"NOVELTY","property_zip":"44072"}},{"type":"Feature","geometry":{"type":"Polygon","coordinates":[[[-81.342552664229,41.4824974616467],[-81.3432111498263,41.4824910348494],[-81.3432269790306,41.4834696076274],[-81.3430137669255,41.4834701741458],[-81.3427134001143,41.4834709710067],[-81.3426380559,41.4834715273182],[-81.3425627932248,41.4834688340685],[-81.342552664229,41.4824974616467]]]},"properties":{"source_county":"Geauga","jurisdiction":"Russell Township","parcel_id":"26-030300","owner_name":"CIRINO ANTHONY TOD & TONI ANN TOD","property_address":"8375 RIVERSIDE DR","property_city":"NOVELTY","property_zip":"44072"}},{"type":"Feature","geometry":{"type":"Polygon","coordinates":[[[-81.3479885824104,41.4864213093763],[-81.3493754232879,41.4864062867166],[-81.3493781936617,41.4867239067283],[-81.3493902017193,41.4881006920253],[-81.3477990579306,41.4881148050971],[-81.3478421266531,41.4877299726755],[-81.347953903928,41.4867311806368],[-81.3479885824104,41.4864213093763]]]},"properties":{"source_county":"Geauga","jurisdiction":"Russell Township","parcel_id":"26-033100","owner_name":"HOJDAROVA ROSE MARIE TRUSTEE","property_address":" ALEXANDER DR","property_city":"NOVELTY","property_zip":"44072"}},{"type":"Feature","geometry":{"type":"Polygon","coordinates":[[[-81.3468091514054,41.4906502758884],[-81.3473565680461,41.4906454218964],[-81.3473096748415,41.4928855775737],[-81.3467621835164,41.4928904136751],[-81.3468091514054,41.4906502758884]]]},"properties":{"source_county":"Geauga","jurisdiction":"Russell Township","parcel_id":"26-034100","owner_name":"CONWAY JUDITH & MICHAEL","property_address":"8254 FAIRMOUNT RD","property_city":"NOVELTY","property_zip":"44072"}},{"type":"Feature","geometry":{"type":"Polygon","coordinates":[[[-81.3412637301153,41.4772150682186],[-81.3412901883729,41.4772151606006],[-81.341310653937,41.4785335007957],[-81.3413109297652,41.4785512343933],[-81.3412600584967,41.4785513915586],[-81.3409836326365,41.4785522446371],[-81.3409832995599,41.4785334190598],[-81.3409599300223,41.4772132325065],[-81.3412637301153,41.4772150682186]]]},"properties":{"source_county":"Geauga","jurisdiction":"Russell Township","parcel_id":"26-034200","owner_name":"RUST BRADLEY R & KAREN C","property_address":"8433 DINES RD","property_city":"NOVELTY","property_zip":"44072"}},{"type":"Feature","geometry":{"type":"Polygon","coordinates":[[[-81.3406515644653,41.4772115223502],[-81.3409599300223,41.4772132325065],[-81.3409832995599,41.4785334190598],[-81.3409836326365,41.4785522446371],[-81.3406672469275,41.478553219863],[-81.3406668582564,41.4785333446457],[-81.3406575781729,41.4780585037756],[-81.3406537134515,41.4776577344881],[-81.3406515644653,41.4772115223502]]]},"properties":{"source_county":"Geauga","jurisdiction":"Russell Township","parcel_id":"26-034300","owner_name":"RUST BRADLEY R & KAREN C","property_address":" DINES RD","property_city":"NOVELTY","property_zip":"44072"}},{"type":"Feature","geometry":{"type":"Polygon","coordinates":[[[-81.3396577900767,41.4780502483919],[-81.3396577848662,41.4780500691402],[-81.3406575781729,41.4780585037756],[-81.3406668582564,41.4785333446457],[-81.3406672469275,41.478553219863],[-81.3406092267083,41.4785533989243],[-81.3396715599282,41.4785565879061],[-81.3396709060712,41.4785325650274],[-81.3396577900767,41.4780502483919]]]},"properties":{"source_county":"Geauga","jurisdiction":"Russell Township","parcel_id":"26-034400","owner_name":"RUST BRADLEY R & KAREN C","property_address":" DINES RD","property_city":"NOVELTY","property_zip":"44072"}},{"type":"Feature","geometry":{"type":"Polygon","coordinates":[[[-81.3324623477823,41.4976954190885],[-81.3328527589969,41.4976985122854],[-81.3328250804505,41.4988297218476],[-81.3328689924618,41.4988849624217],[-81.3324543488003,41.4988816767841],[-81.332439387108,41.4988266653063],[-81.3324623477823,41.4976954190885]]]},"properties":{"source_county":"Geauga","jurisdiction":"Russell Township","parcel_id":"26-034600","owner_name":"KRUTILLA JENNIFER O","property_address":"8671 BEECHWOOD DR","property_city":"NOVELTY","property_zip":"44072"}},{"type":"Feature","geometry":{"type":"Polygon","coordinates":[[[-81.3337902569817,41.4977059332125],[-81.3344875294631,41.4977114473027],[-81.3344593648871,41.4988542675715],[-81.3344585380924,41.4988975424679],[-81.333964091047,41.4988936314569],[-81.3337612518345,41.4988920263927],[-81.3337902569817,41.4977059332125]]]},"properties":{"source_county":"Geauga","jurisdiction":"Russell Township","parcel_id":"26-034900","owner_name":"CRICK EDWIN REED III TRUSTEE","property_address":"8627 BEECHWOOD DR","property_city":"NOVELTY","property_zip":"44072"}},{"type":"Feature","geometry":{"type":"Polygon","coordinates":[[[-81.3417695518858,41.4832366148967],[-81.3417826609942,41.4844951273881],[-81.3412636430073,41.484505783584],[-81.3412594237207,41.4841002488552],[-81.3412493685592,41.483133782066],[-81.3413173590968,41.4831350765272],[-81.3413850867367,41.4831397511614],[-81.3414522546343,41.4831477854801],[-81.341518568398,41.4831591442694],[-81.3415837373796,41.4831737777447],[-81.3416474759476,41.4831916217685],[-81.3417095047395,41.4832125981318],[-81.3417695518858,41.4832366148967]]]},"properties":{"source_county":"Geauga","jurisdiction":"Russell Township","parcel_id":"26-039200","owner_name":"BIHUN ROBB G TOD & REBECCA A TOD","property_address":"8414 RIVERSIDE DR","property_city":"NOVELTY","property_zip":"44072"}},{"type":"Feature","geometry":{"type":"Polygon","coordinates":[[[-81.3382520849558,41.4842285080335],[-81.3397196148115,41.4842213766709],[-81.339722529801,41.4845360264909],[-81.3376758896346,41.4845523685815],[-81.3371377102958,41.4845549619359],[-81.3365711747241,41.4845576897694],[-81.3358051110845,41.4845613729267],[-81.3356381423529,41.4845622730528],[-81.3356334954873,41.4842411876916],[-81.3382520849558,41.4842285080335]]]},"properties":{"source_county":"Geauga","jurisdiction":"Russell Township","parcel_id":"26-039900","owner_name":"GRANETO ADAM","property_address":"14079 CHILLICOTHE RD","property_city":"NOVELTY","property_zip":"44072"}},{"type":"Feature","geometry":{"type":"Polygon","coordinates":[[[-81.3357742981743,41.4930725364227],[-81.3357833313296,41.4928285375616],[-81.3396769464221,41.4928677098388],[-81.3396720928596,41.4931825944941],[-81.3396713481125,41.4932309067624],[-81.3384735782312,41.4932188699326],[-81.337396860769,41.4932080395316],[-81.3357698872031,41.4931916557676],[-81.3357742981743,41.4930725364227]]]},"properties":{"source_county":"Geauga","jurisdiction":"Russell Township","parcel_id":"26-039980","owner_name":"SCHILL BRYCE A","property_address":"13761 CHILLICOTHE RD","property_city":"NOVELTY","property_zip":"44072"}},{"type":"Feature","geometry":{"type":"Polygon","coordinates":[[[-81.337223595544,41.4913677010724],[-81.3372339553634,41.4908110348492],[-81.3375219966969,41.4909412172618],[-81.338069403976,41.4909287302388],[-81.3384339858131,41.4908828888562],[-81.3386171394528,41.4908003265626],[-81.3397089376367,41.4907918623814],[-81.3397018095249,41.491254393318],[-81.337223595544,41.4913677010724]]]},"properties":{"source_county":"Geauga","jurisdiction":"Russell Township","parcel_id":"26-040020","owner_name":"DINARDO RONALD R TRUSTEE","property_address":"8510 FAIRMOUNT RD","property_city":"NOVELTY","property_zip":"44072"}},{"type":"Feature","geometry":{"type":"Polygon","coordinates":[[[-81.337223595544,41.4913677010724],[-81.3397018095249,41.491254393318],[-81.3396971580728,41.4915562454611],[-81.3372174580207,41.4916697751528],[-81.3352885408592,41.4916818850693],[-81.3353315885327,41.4913795792026],[-81.3362407070406,41.4913738758976],[-81.3366009972582,41.4913716136575],[-81.337223595544,41.4913677010724]]]},"properties":{"source_county":"Geauga","jurisdiction":"Russell Township","parcel_id":"26-040030","owner_name":"DINARDO RONALD R TRUSTEE","property_address":" CHILLICOTHE RD","property_city":"NOVELTY","property_zip":"44072"}},{"type":"Feature","geometry":{"type":"Polygon","coordinates":[[[-81.3410144517297,41.497186684518],[-81.3424123176492,41.4971995369363],[-81.3423977210529,41.4978450800529],[-81.3423507653926,41.4999217677838],[-81.3423463226819,41.5001182274103],[-81.3420520152753,41.4997400839149],[-81.3416959738028,41.4992826614223],[-81.341635610445,41.4992082449735],[-81.3415710555955,41.4991358442193],[-81.3415024281672,41.4990655925098],[-81.341429854573,41.4989976192368],[-81.3413534684922,41.4989320495949],[-81.3412734106254,41.4988690043515],[-81.3411898284342,41.4988085996242],[-81.3411028758702,41.4987509466668],[-81.3410127130914,41.4986961516646],[-81.3409195061669,41.498644315539],[-81.3408234267715,41.4985955337614],[-81.340724651869,41.4985498961776],[-81.3406233633867,41.4985074868422],[-81.3405197478804,41.498468383864],[-81.3404139961906,41.4984326592619],[-81.340306303091,41.4984003788327],[-81.3403129711601,41.4981314668605],[-81.3402611638076,41.4981247733225],[-81.3402776909535,41.497447662063],[-81.3395914719747,41.497440656228],[-81.3395986649157,41.4971736494848],[-81.3410144517297,41.497186684518]]]},"properties":{"source_county":"Geauga","jurisdiction":"Russell Township","parcel_id":"26-040800","owner_name":"ART FARM HOLDINGS LLC","property_address":"13604 CHILLICOTHE RD","property_city":"NOVELTY","property_zip":"44072"}},{"type":"Feature","geometry":{"type":"Polygon","coordinates":[[[-81.3396870429489,41.4805482413091],[-81.3409688362975,41.4805421918713],[-81.3409717152403,41.4808820456629],[-81.3396896906105,41.4808888123833],[-81.3396870429489,41.4805482413091]]]},"properties":{"source_county":"Geauga","jurisdiction":"Russell Township","parcel_id":"26-040950","owner_name":"ENSINGER SAMANTHA","property_address":"14220 CHILLICOTHE RD","property_city":"NOVELTY","property_zip":"44072"}},{"type":"Feature","geometry":{"type":"Polygon","coordinates":[[[-81.3396855551261,41.4803569378091],[-81.3419036113587,41.4803452244339],[-81.3419028443991,41.4805377750283],[-81.3409688362975,41.4805421918713],[-81.339687042933,41.4805482422095],[-81.3396855551261,41.4803569378091]]]},"properties":{"source_county":"Geauga","jurisdiction":"Russell Township","parcel_id":"26-040960","owner_name":"ENSINGER SAMANTHA","property_address":" CHILLICOTHE RD","property_city":"NOVELTY","property_zip":"44072"}},{"type":"Feature","geometry":{"type":"Polygon","coordinates":[[[-81.341310653937,41.4785335007957],[-81.3412901883729,41.4772151606006],[-81.3412637301153,41.4772150682186],[-81.3412606830773,41.4768194534167],[-81.3412591002555,41.4765475378276],[-81.3422393847736,41.4765475470485],[-81.3422398570572,41.4767069213916],[-81.3422435667396,41.4772203947844],[-81.3422709047098,41.4785346393178],[-81.3422711886372,41.4785482658123],[-81.34191076331,41.4785493810737],[-81.3413109297652,41.4785512343933],[-81.341310653937,41.4785335007957]]]},"properties":{"source_county":"Geauga","jurisdiction":"Russell Township","parcel_id":"26-045800","owner_name":"MARTIN ERIC SCOTT & SOUZA ALYSE LAHTI","property_address":"8405 DINES RD","property_city":"NOVELTY","property_zip":"44072"}},{"type":"Feature","geometry":{"type":"Polygon","coordinates":[[[-81.3396169246119,41.4765474842439],[-81.3412591002555,41.4765475378276],[-81.3412606830773,41.4768194534167],[-81.3396242977529,41.4768186212999],[-81.3396169246119,41.4765474842439]]]},"properties":{"source_county":"Geauga","jurisdiction":"Russell Township","parcel_id":"26-046800","owner_name":"ERICKSON CAROL A","property_address":" CHILLICOTHE RD","property_city":"NOVELTY","property_zip":"44072"}},{"type":"Feature","geometry":{"type":"Polygon","coordinates":[[[-81.3396243004071,41.4768187419935],[-81.3396242977529,41.4768186212999],[-81.3412606830773,41.4768194534167],[-81.3412637301153,41.4772150682186],[-81.3409599300223,41.4772132325065],[-81.3406515644653,41.4772115223502],[-81.3396348223493,41.4772056320444],[-81.3396243004071,41.4768187419935]]]},"properties":{"source_county":"Geauga","jurisdiction":"Russell Township","parcel_id":"26-046900","owner_name":"ERICKSON CAROL A","property_address":"14362 CHILLICOTHE RD","property_city":"NOVELTY","property_zip":"44072"}},{"type":"Feature","geometry":{"type":"Polygon","coordinates":[[[-81.3320949308745,41.4907192373516],[-81.3334569437527,41.4907270078227],[-81.3336120599577,41.4923178249911],[-81.3322307553292,41.4923099344917],[-81.3322043332626,41.4920016893634],[-81.3321767939387,41.4916804036502],[-81.332094407569,41.4907192338832],[-81.3320949308745,41.4907192373516]]]},"properties":{"source_county":"Geauga","jurisdiction":"Russell Township","parcel_id":"26-047750","owner_name":"EXLINE MICHAEL PAUL & MARY JOY","property_address":"8670 FAIRMOUNT RD","property_city":"NOVELTY","property_zip":"44072"}},{"type":"Feature","geometry":{"type":"Polygon","coordinates":[[[-81.3399239654004,41.4931804744986],[-81.3412747572647,41.4931683906988],[-81.3412656123213,41.4935800870682],[-81.3396657457443,41.4935943971674],[-81.3396720928596,41.4931825944941],[-81.3399239654004,41.4931804744986]]]},"properties":{"source_county":"Geauga","jurisdiction":"Russell Township","parcel_id":"26-048850","owner_name":"WOOD JEFFERY D & MELINDA","property_address":"13754 CHILLICOTHE RD","property_city":"NOVELTY","property_zip":"44072"}},{"type":"Feature","geometry":{"type":"Polygon","coordinates":[[[-81.3350710876958,41.4928387012007],[-81.3349638610185,41.4928030451601],[-81.3352791476104,41.4926660330165],[-81.3354231792316,41.4920769504849],[-81.3352885408592,41.4916818850693],[-81.3372174580207,41.4916697751528],[-81.3396971580728,41.4915562454611],[-81.3396822297743,41.4925248798504],[-81.3396769464221,41.4928677098388],[-81.3357833313296,41.4928285375616],[-81.3357742981743,41.4930725364227],[-81.3350710876958,41.4928387012007]]]},"properties":{"source_county":"Geauga","jurisdiction":"Russell Township","parcel_id":"26-049400","owner_name":"RADONICH ANDREW M JR & ALANA","property_address":"13795 CHILLICOTHE RD","property_city":"NOVELTY","property_zip":"44072"}},{"type":"Feature","geometry":{"type":"Polygon","coordinates":[[[-81.3494358998544,41.4834529413925],[-81.3501293325005,41.4834510596714],[-81.3501338685168,41.4843950652084],[-81.3494404378486,41.4843996098447],[-81.3494358998544,41.4834529413925]]]},"properties":{"source_county":"Geauga","jurisdiction":"Russell Township","parcel_id":"26-052000","owner_name":"GLAZER MICHAEL A TOD & JEANETTE S TOD","property_address":"8178 W RIVER DR","property_city":"NOVELTY","property_zip":"44072"}},{"type":"Feature","geometry":{"type":"Polygon","coordinates":[[[-81.3464306106867,41.4877424896206],[-81.3478421266531,41.4877299726755],[-81.3477990579306,41.4881148050971],[-81.3476499309927,41.4894472591421],[-81.3475404367691,41.4894482288554],[-81.3469929668317,41.4894530740827],[-81.3464454956161,41.489457916714],[-81.3464306106867,41.4877424896206]]]},"properties":{"source_county":"Geauga","jurisdiction":"Russell Township","parcel_id":"26-052750","owner_name":"LENNON TIMOTHY C REVOCABLE TRUST THE","property_address":"13909 ALEXANDER DR","property_city":"NOVELTY","property_zip":"44072"}},{"type":"Feature","geometry":{"type":"Polygon","coordinates":[[[-81.3379765006252,41.4990427778201],[-81.3395479655073,41.4990554320387],[-81.3395339660698,41.4995750060355],[-81.3379633831144,41.4995641300604],[-81.3379765006252,41.4990427778201]]]},"properties":{"source_county":"Geauga","jurisdiction":"Russell Township","parcel_id":"26-054110","owner_name":"BERNIER ANDREW M TOD & SALLY P TOD","property_address":"8500 BEECHWOOD DR","property_city":"NOVELTY","property_zip":"44072"}},{"type":"Feature","geometry":{"type":"Polygon","coordinates":[[[-81.3412493685592,41.483133782066],[-81.3407384143098,41.4831367873982],[-81.3407319520105,41.4825152120719],[-81.3417619318515,41.4825051736463],[-81.3417695518858,41.4832366148967],[-81.3417095047395,41.4832125981318],[-81.3416474759476,41.4831916217685],[-81.3415837373796,41.4831737777447],[-81.341518568398,41.4831591442694],[-81.3414522546343,41.4831477854801],[-81.3413850867367,41.4831397511614],[-81.3413173590968,41.4831350765272],[-81.3412493685592,41.483133782066]]]},"properties":{"source_county":"Geauga","jurisdiction":"Russell Township","parcel_id":"26-054400","owner_name":"RANKIN SETH & JOHN","property_address":"8421 RIVERSIDE DR","property_city":"NOVELTY","property_zip":"44072"}},{"type":"Feature","geometry":{"type":"Polygon","coordinates":[[[-81.3316956989874,41.4976893417885],[-81.3320813856213,41.4976923999032],[-81.3320536937855,41.498823608383],[-81.3316680004989,41.4988205501774],[-81.3316956989874,41.4976893417885]]]},"properties":{"source_county":"Geauga","jurisdiction":"Russell Township","parcel_id":"26-056300","owner_name":"HEDERSTROM MARK & CHERYL","property_address":"8681 BEECHWOOD DR","property_city":"NOVELTY","property_zip":"44072"}},{"type":"Feature","geometry":{"type":"Polygon","coordinates":[[[-81.3355358852091,41.4757854290672],[-81.3395964083201,41.4757727447787],[-81.3396081192195,41.4762149781194],[-81.3355455339779,41.4762371958007],[-81.3355358852091,41.4757854290672]]]},"properties":{"source_county":"Geauga","jurisdiction":"Russell Township","parcel_id":"26-057700","owner_name":"GEORGE CRAIG J & JENNIFER L","property_address":" CHILLICOTHE RD","property_city":"NOVELTY","property_zip":"44072"}},{"type":"Feature","geometry":{"type":"Polygon","coordinates":[[[-81.3379633831144,41.4995641300604],[-81.3395339660698,41.4995750060355],[-81.3395198772042,41.5000979279937],[-81.3393922737902,41.5000971088501],[-81.339391749212,41.5000971054027],[-81.3393885454393,41.5000970850555],[-81.3379502579571,41.5000857666978],[-81.3379633831144,41.4995641300604]]]},"properties":{"source_county":"Geauga","jurisdiction":"Russell Township","parcel_id":"26-059110","owner_name":"GRAMS JAMES W","property_address":"13509 CHILLICOTHE RD","property_city":"NOVELTY","property_zip":"44072"}},{"type":"Feature","geometry":{"type":"Polygon","coordinates":[[[-81.3384664192104,41.4935756108492],[-81.3384735782312,41.4932188699326],[-81.3396713481125,41.4932309067624],[-81.339665850518,41.4935876643067],[-81.3384664192104,41.4935756108492]]]},"properties":{"source_county":"Geauga","jurisdiction":"Russell Township","parcel_id":"26-061600","owner_name":"SCHAAB JOSHUA J","property_address":"13745 CHILLICOTHE RD","property_city":"NOVELTY","property_zip":"44072"}},{"type":"Feature","geometry":{"type":"Polygon","coordinates":[[[-81.3399046857241,41.4940476078294],[-81.3411553762171,41.4940364204845],[-81.3411418647224,41.4946446431824],[-81.340037753008,41.4946307461958],[-81.3400093183572,41.4946282792128],[-81.3399820702193,41.4946216888447],[-81.3399570557425,41.4946112283602],[-81.3399352362338,41.4945972997562],[-81.339917450216,41.49458043831],[-81.3399043812029,41.4945612920074],[-81.3398965314325,41.4945405966408],[-81.3398942025662,41.4945191475324],[-81.3399046857241,41.4940476078294]]]},"properties":{"source_county":"Geauga","jurisdiction":"Russell Township","parcel_id":"26-063850","owner_name":"BENESH ANDREW W & JESSICA L","property_address":"8439 BELLE VERNON DR","property_city":"NOVELTY","property_zip":"44072"}},{"type":"Feature","geometry":{"type":"Polygon","coordinates":[[[-81.3262229217519,41.4888743028621],[-81.3269528962671,41.4888785129283],[-81.3269737913137,41.4906898424772],[-81.3262437978315,41.4906856325569],[-81.3262229217519,41.4888743028621]]]},"properties":{"source_county":"Geauga","jurisdiction":"Russell Township","parcel_id":"26-064100","owner_name":"HAMARY CLARA","property_address":"8841 FAIRMOUNT RD","property_city":"NOVELTY","property_zip":"44072"}},{"type":"Feature","geometry":{"type":"Polygon","coordinates":[[[-81.3315608381796,41.495626151415],[-81.3315790241885,41.4954694951215],[-81.332901990446,41.4960118788444],[-81.3346629034906,41.4967336969103],[-81.3348714097034,41.4968156473899],[-81.3349770579322,41.4968545581543],[-81.335109283113,41.4969008700208],[-81.3352428104009,41.4969450198639],[-81.3353775772604,41.4969869870058],[-81.3355135205752,41.4970267517912],[-81.3363823507953,41.4972727808678],[-81.3372781061505,41.4975264266864],[-81.337795683089,41.4975576630238],[-81.3393348044669,41.4976505366993],[-81.3394068791737,41.4976548346091],[-81.3395854209683,41.4976652682696],[-81.339552606199,41.498883176044],[-81.3369645888706,41.4988624405377],[-81.3369753030761,41.4984233990857],[-81.3364720582091,41.4974520967658],[-81.3354459975144,41.4971615453728],[-81.3352222052248,41.4970948127169],[-81.3350016304657,41.497022277614],[-81.334784539314,41.4969440275655],[-81.3345711936415,41.496860156967],[-81.3315608381796,41.495626151415]]]},"properties":{"source_county":"Geauga","jurisdiction":"Russell Township","parcel_id":"26-064400","owner_name":"DISSAUER GERALD A & MARILYN A","property_address":"13555 CHILLICOTHE RD","property_city":"NOVELTY","property_zip":"44072"}},{"type":"Feature","geometry":{"type":"Polygon","coordinates":[[[-81.3373621298095,41.494527187598],[-81.337396860769,41.4932080395316],[-81.3384735782312,41.4932188699326],[-81.3384664192104,41.4935756108492],[-81.3384608607971,41.4938526072191],[-81.3396587274999,41.4940498049902],[-81.3396507570658,41.4946813104658],[-81.3384515765356,41.4946005598393],[-81.3381440658763,41.494579850139],[-81.3373621298095,41.494527187598]]]},"properties":{"source_county":"Geauga","jurisdiction":"Russell Township","parcel_id":"26-065442","owner_name":"MOORE ELAINE R & RUSSELL A","property_address":"13711 CHILLICOTHE RD","property_city":"NOVELTY","property_zip":"44072"}},{"type":"Feature","geometry":{"type":"Polygon","coordinates":[[[-81.3365156653134,41.4952690168421],[-81.3365381028994,41.4944716833609],[-81.3372590670118,41.4945202454664],[-81.3372375257011,41.4952809720106],[-81.3365156653134,41.4952690168421]]]},"properties":{"source_county":"Geauga","jurisdiction":"Russell Township","parcel_id":"26-069400","owner_name":"CENTRACKIO JOSEPH & HENRY LAUREN F","property_address":"8551 PERRY DR","property_city":"NOVELTY","property_zip":"44072"}},{"type":"Feature","geometry":{"type":"Polygon","coordinates":[[[-81.3438348404655,41.4906765694798],[-81.3444555518851,41.4906710973106],[-81.34438396759,41.4940076741532],[-81.3443440840388,41.494008032308],[-81.3437632228183,41.4940132458712],[-81.3437954713011,41.4925108420694],[-81.3438348404655,41.4906765694798]]]},"properties":{"source_county":"Geauga","jurisdiction":"Russell Township","parcel_id":"26-071200","owner_name":"PINNEY JEFF C TOD & JANET K TOD","property_address":"8338 FAIRMOUNT RD","property_city":"NOVELTY","property_zip":"44072"}},{"type":"Feature","geometry":{"type":"Polygon","coordinates":[[[-81.3354550813748,41.4952967385434],[-81.335456414847,41.4952514659831],[-81.3359768250772,41.4952600898156],[-81.3365156653134,41.4952690168421],[-81.3372375257011,41.4952809720106],[-81.3381228246825,41.4952956278924],[-81.3384308021381,41.4953007240886],[-81.3384515765356,41.4946005598393],[-81.3396507570658,41.4946813104658],[-81.3396421149325,41.4953660581013],[-81.3380301302193,41.4953393882695],[-81.3360937260239,41.4953073214435],[-81.3354550813748,41.4952967385434]]]},"properties":{"source_county":"Geauga","jurisdiction":"Russell Township","parcel_id":"26-074600","owner_name":"HORVATH FRANK & CATHERINE","property_address":"13687 CHILLICOTHE RD","property_city":"NOVELTY","property_zip":"44072"}},{"type":"Feature","geometry":{"type":"Polygon","coordinates":[[[-81.3355702360704,41.4989063280015],[-81.3363733094061,41.498912668391],[-81.3363440841564,41.5000730706971],[-81.3361436034656,41.5000715286144],[-81.335705556415,41.5000680612908],[-81.3355409980962,41.5000667139135],[-81.3355702360704,41.4989063280015]]]},"properties":{"source_county":"Geauga","jurisdiction":"Russell Township","parcel_id":"26-076100","owner_name":"RETINO PHILLIP DANIEL & SARA LYNN","property_address":"8574 BEECHWOOD DR","property_city":"NOVELTY","property_zip":"44072"}},{"type":"Feature","geometry":{"type":"Polygon","coordinates":[[[-81.3375764656272,41.4764076875932],[-81.3396129270991,41.4763965329454],[-81.3396169246119,41.4765474842439],[-81.3396709072684,41.4785325650393],[-81.3396715599282,41.4785565879061],[-81.3376220074,41.4785602289269],[-81.337621727378,41.4785469770587],[-81.3375764656272,41.4764076875932]]]},"properties":{"source_county":"Geauga","jurisdiction":"Russell Township","parcel_id":"26-079400","owner_name":"SCHNEIDER KAREN E & STANLEY K TRUSTEES","property_address":"8525 PEKIN RD","property_city":"NOVELTY","property_zip":"44072"}},{"type":"Feature","geometry":{"type":"Polygon","coordinates":[[[-81.3337612518345,41.4988920263927],[-81.333964091047,41.4988936314569],[-81.3339348240162,41.5000539854446],[-81.3335153194462,41.5000507007385],[-81.3330772714603,41.5000472243789],[-81.3328397064554,41.5000452936279],[-81.3328689924618,41.4988849624217],[-81.333209431825,41.4988876587086],[-81.3337612518345,41.4988920263927]]]},"properties":{"source_county":"Geauga","jurisdiction":"Russell Township","parcel_id":"26-088600","owner_name":"HATTENBACH CHERIE","property_address":"8648 BEECHWOOD DR","property_city":"NOVELTY","property_zip":"44072"}},{"type":"Feature","geometry":{"type":"Polygon","coordinates":[[[-81.3324543488003,41.4988816767841],[-81.3328689924618,41.4988849624217],[-81.3328397064554,41.5000452936279],[-81.3326392247345,41.5000437454771],[-81.3322011768576,41.500040264909],[-81.3317631302249,41.5000367826991],[-81.3317445891851,41.5000365914733],[-81.33176701712,41.4991485668735],[-81.3317738941824,41.4988762821487],[-81.3324543488003,41.4988816767841]]]},"properties":{"source_county":"Geauga","jurisdiction":"Russell Township","parcel_id":"26-088800","owner_name":"PAULIC RUDE TOD & MARA TOD","property_address":" BEECHWOOD DR","property_city":"NOVELTY","property_zip":"44072"}},{"type":"Feature","geometry":{"type":"Polygon","coordinates":[[[-81.3280220012812,41.4990111943103],[-81.3299092237309,41.4990262449273],[-81.3297946625013,41.5000210717649],[-81.3295728953322,41.5000193486151],[-81.329134848979,41.5000158564809],[-81.3286968014748,41.5000123626805],[-81.328258755215,41.5000088672382],[-81.3280079434243,41.5000068215999],[-81.3280220012812,41.4990111943103]]]},"properties":{"source_county":"Geauga","jurisdiction":"Russell Township","parcel_id":"26-089800","owner_name":"KLEIN MARIANNE P & JUDY","property_address":"8770 BEECHWOOD DR","property_city":"NOVELTY","property_zip":"44072"}},{"type":"Feature","geometry":{"type":"Polygon","coordinates":[[[-81.3396715599282,41.4785565879061],[-81.3406092267083,41.4785533989243],[-81.3406108291639,41.4794895601236],[-81.3396788448543,41.4794936471752],[-81.3396715599282,41.4785565879061]]]},"properties":{"source_county":"Geauga","jurisdiction":"Russell Township","parcel_id":"26-090490","owner_name":"GAMIERE ANTHONY J & RAMONA R","property_address":"14284 CHILLICOTHE RD","property_city":"NOVELTY","property_zip":"44072"}},{"type":"Feature","geometry":{"type":"Polygon","coordinates":[[[-81.3432111498263,41.4824910348494],[-81.343873500246,41.4824845663009],[-81.3438894156239,41.4834678457542],[-81.3436798489116,41.483468403011],[-81.3432269790306,41.4834696076274],[-81.3432111498263,41.4824910348494]]]},"properties":{"source_county":"Geauga","jurisdiction":"Russell Township","parcel_id":"26-091120","owner_name":"ISTOK JAN E & SANDRA A","property_address":"8357 RIVERSIDE DR","property_city":"NOVELTY","property_zip":"44072"}},{"type":"Feature","geometry":{"type":"Polygon","coordinates":[[[-81.3359768250772,41.4952600898156],[-81.3360011063122,41.4944355096469],[-81.3365381028994,41.4944716833609],[-81.3365156653134,41.4952690168421],[-81.3359768250772,41.4952600898156]]]},"properties":{"source_county":"Geauga","jurisdiction":"Russell Township","parcel_id":"26-094100","owner_name":"MCVEY PATRICK","property_address":"8569 PERRY DR","property_city":"NOVELTY","property_zip":"44072"}},{"type":"Feature","geometry":{"type":"Polygon","coordinates":[[[-81.33625294793,41.4907367250038],[-81.3366132383206,41.4907342556478],[-81.3366009972582,41.4913716136575],[-81.3362407070406,41.4913738758976],[-81.33625294793,41.4907367250038]]]},"properties":{"source_county":"Geauga","jurisdiction":"Russell Township","parcel_id":"26-095100","owner_name":"TELDAR HOLDINGS LLC","property_address":"8562 FAIRMOUNT RD","property_city":"NOVELTY","property_zip":"44072"}},{"type":"Feature","geometry":{"type":"Polygon","coordinates":[[[-81.3434618278002,41.4785445740671],[-81.3440947655005,41.4785426064618],[-81.3441083091129,41.4805273146745],[-81.3430134776783,41.4805325123044],[-81.3429999545687,41.4785460082449],[-81.3434618278002,41.4785445740671]]]},"properties":{"source_county":"Geauga","jurisdiction":"Russell Township","parcel_id":"26-095200","owner_name":"KUBIAK BETTY R TOD","property_address":"8360 DINES RD","property_city":"NOVELTY","property_zip":"44072"}},{"type":"Feature","geometry":{"type":"Polygon","coordinates":[[[-81.3395716393413,41.4981767654262],[-81.3402611638076,41.4981247733225],[-81.3403129711601,41.4981314668605],[-81.340306303091,41.4984003788327],[-81.3395674011185,41.4983340700685],[-81.3395716393413,41.4981767654262]]]},"properties":{"source_county":"Geauga","jurisdiction":"Russell Township","parcel_id":"26-095500","owner_name":"15508 CHILLICOTHE RD LLC","property_address":"13572 CHILLICOTHE RD","property_city":"NOVELTY","property_zip":"44072"}},{"type":"Feature","geometry":{"type":"Polygon","coordinates":[[[-81.339571657121,41.4981760992379],[-81.3395754272605,41.4980361721558],[-81.3402611638076,41.4981247733225],[-81.3395716393413,41.4981767654262],[-81.339571657121,41.4981760992379]]]},"properties":{"source_county":"Geauga","jurisdiction":"Russell Township","parcel_id":"26-095600","owner_name":"15508 CHILLICOTHE RD LLC","property_address":" CHILLICOTHE RD","property_city":"NOVELTY","property_zip":"44072"}},{"type":"Feature","geometry":{"type":"Polygon","coordinates":[[[-81.3395854209683,41.4976652682696],[-81.3395914719747,41.497440656228],[-81.3402776909535,41.497447662063],[-81.3402611638076,41.4981247733225],[-81.3395754272605,41.4980361721558],[-81.3395854209683,41.4976652682696]]]},"properties":{"source_county":"Geauga","jurisdiction":"Russell Township","parcel_id":"26-095700","owner_name":"PYE KEVIN J","property_address":"13590 CHILLICOTHE RD","property_city":"NOVELTY","property_zip":"44072"}},{"type":"Feature","geometry":{"type":"Polygon","coordinates":[[[-81.3344585380924,41.4988975424679],[-81.3347671640717,41.498899982965],[-81.3347379109783,41.5000603524588],[-81.3343914131301,41.500057650272],[-81.3339525231276,41.5000541696582],[-81.3339348240162,41.5000539854446],[-81.333964091047,41.4988936314569],[-81.3344585380924,41.4988975424679]]]},"properties":{"source_county":"Geauga","jurisdiction":"Russell Township","parcel_id":"26-096450","owner_name":"KUNZ HARRISON LEE SR TRUSTEE","property_address":"8620 BEECHWOOD DR","property_city":"NOVELTY","property_zip":"44072"}},{"type":"Feature","geometry":{"type":"Polygon","coordinates":[[[-81.3380229805679,41.4956110376154],[-81.3380301302193,41.4953393882695],[-81.3396421149325,41.4953660581013],[-81.3396386862279,41.495637768113],[-81.339460870084,41.4956348284521],[-81.3393878817277,41.4956336209147],[-81.3380229805679,41.4956110376154]]]},"properties":{"source_county":"Geauga","jurisdiction":"Russell Township","parcel_id":"26-097300","owner_name":"SHADE REBECCA L & TIMOTHY T","property_address":"13669 CHILLICOTHE RD","property_city":"NOVELTY","property_zip":"44072"}},{"type":"Feature","geometry":{"type":"Polygon","coordinates":[[[-81.3360921095612,41.4953622183688],[-81.3360937260239,41.4953073214435],[-81.3380301302193,41.4953393882695],[-81.3380229805679,41.4956110376154],[-81.3393878817277,41.4956336209147],[-81.3393871600783,41.4956610598945],[-81.3376631514661,41.4956325329048],[-81.337577383286,41.4956293048704],[-81.3374919907479,41.495622466516],[-81.3374072424975,41.4956120393552],[-81.3373234051531,41.4955980561918],[-81.3372407424671,41.495580561017],[-81.3371595144956,41.4955596088706],[-81.3370799767806,41.495535265668],[-81.3370023795457,41.495507607993],[-81.3369136845089,41.495475991614],[-81.3368227714089,41.4954481635628],[-81.3367299262238,41.4954242113753],[-81.3366354410082,41.4954042103952],[-81.3365396129748,41.4953882235374],[-81.3364427435594,41.49537630109],[-81.3363451374732,41.495368480556],[-81.3362471017439,41.4953647865355],[-81.3360921095612,41.4953622183688]]]},"properties":{"source_county":"Geauga","jurisdiction":"Russell Township","parcel_id":"26-097910","owner_name":"SHADE REBECCA L & TIMOTHY T","property_address":" PINE HOLLOW DR","property_city":"NOVELTY","property_zip":"44072"}},{"type":"Feature","geometry":{"type":"Polygon","coordinates":[[[-81.3371165031603,41.4907308008915],[-81.3372354633126,41.4907299809168],[-81.3372339553634,41.4908110348492],[-81.337223595544,41.4913677010724],[-81.3366009972582,41.4913716136575],[-81.3366132383206,41.4907342556478],[-81.3370612686186,41.4907311818114],[-81.3371165031603,41.4907308008915]]]},"properties":{"source_county":"Geauga","jurisdiction":"Russell Township","parcel_id":"26-098100","owner_name":"USA REAL ESTATE DELP GROUP CO LLC","property_address":"8550 FAIRMOUNT RD","property_city":"NOVELTY","property_zip":"44072"}},{"type":"Feature","geometry":{"type":"Polygon","coordinates":[[[-81.3286316207751,41.4759514992586],[-81.3288239102289,41.4760302552538],[-81.3288475780275,41.4760423508004],[-81.3288676533941,41.4760576865105],[-81.3288833648356,41.4760756730371],[-81.3288941085617,41.4760956191628],[-81.3288994716887,41.4761167583624],[-81.3288992481075,41.4761382782608],[-81.3288934464048,41.4761593518515],[-81.3288822895343,41.4761791692791],[-81.3285810263582,41.4765952020348],[-81.3285446555933,41.4766497226049],[-81.3285132470645,41.4767059607042],[-81.3284869432545,41.4767636612357],[-81.3284658634918,41.476822562468],[-81.3284501034092,41.4768823972224],[-81.32843973451,41.4769428940853],[-81.3284348038431,41.4770037786388],[-81.3284353337896,41.4770647747056],[-81.3284415079198,41.4771801823822],[-81.3274716594654,41.4771842387179],[-81.3274619074114,41.4758641604526],[-81.3281548893995,41.4758612627204],[-81.3282169638956,41.475862474429],[-81.3282788136369,41.4758666243746],[-81.3283401929791,41.4758736960753],[-81.3284008581455,41.4758836614446],[-81.328460568196,41.4758964809039],[-81.3285190859831,41.4759121035388],[-81.3285761790944,41.4759304673018],[-81.3286316207751,41.4759514992586]]]},"properties":{"source_county":"Geauga","jurisdiction":"Russell Township","parcel_id":"26-098350","owner_name":"STORMANN CHRISTOPHER R & KAREN M","property_address":"14373 CRESTVIEW DR","property_city":"NOVELTY","property_zip":"44072"}},{"type":"Feature","geometry":{"type":"Polygon","coordinates":[[[-81.3480490332299,41.4834566932853],[-81.3487424659554,41.4834548198561],[-81.3487470082975,41.4844041494467],[-81.3480535774372,41.4844086857912],[-81.3480490332299,41.4834566932853]]]},"properties":{"source_county":"Geauga","jurisdiction":"Russell Township","parcel_id":"26-101600","owner_name":"JOHNSON AMY E","property_address":"8218 W RIVER DR","property_city":"NOVELTY","property_zip":"44072"}},{"type":"Feature","geometry":{"type":"Polygon","coordinates":[[[-81.345116166158,41.4906652699298],[-81.3457142053073,41.4906599759021],[-81.3456909858863,41.491752106549],[-81.3450926698402,41.4917573923944],[-81.345116166158,41.4906652699298]]]},"properties":{"source_county":"Geauga","jurisdiction":"Russell Township","parcel_id":"26-102800","owner_name":"FAITH REBECCA TOD","property_address":"8302 FAIRMOUNT RD","property_city":"NOVELTY","property_zip":"44072"}},{"type":"Feature","geometry":{"type":"Polygon","coordinates":[[[-81.3332384457546,41.4977015656528],[-81.3337902569817,41.4977059332125],[-81.3337612518345,41.4988920263927],[-81.333209431825,41.4988876587086],[-81.333210773845,41.4988327762063],[-81.3332384457546,41.4977015656528]]]},"properties":{"source_county":"Geauga","jurisdiction":"Russell Township","parcel_id":"26-103200","owner_name":"GREENE RICHARD J JR","property_address":"8647 BEECHWOOD DR","property_city":"NOVELTY","property_zip":"44072"}},{"type":"Feature","geometry":{"type":"Polygon","coordinates":[[[-81.3392125112002,41.4907162953875],[-81.3392122656487,41.4907162974325],[-81.3392363710359,41.4897121207807],[-81.3396821830828,41.4899366693353],[-81.3397219644161,41.48995670624],[-81.3397124990513,41.490711000984],[-81.3392125112002,41.4907162953875]]]},"properties":{"source_county":"Geauga","jurisdiction":"Russell Township","parcel_id":"26-106500","owner_name":"FOUR STAR LIMITED PARTNERSHIP","property_address":" FAIRMOUNT RD","property_city":"NOVELTY","property_zip":"44072"}},{"type":"Feature","geometry":{"type":"Polygon","coordinates":[[[-81.3388160260806,41.4907190426109],[-81.3388157433931,41.4907190451838],[-81.3388446642912,41.4895148217919],[-81.3392363710359,41.4897121207807],[-81.3392122656487,41.4907162974325],[-81.3388160260806,41.4907190426109]]]},"properties":{"source_county":"Geauga","jurisdiction":"Russell Township","parcel_id":"26-106600","owner_name":"FOUR STAR LIMITED PARTNERSHIP","property_address":" FAIRMOUNT RD","property_city":"NOVELTY","property_zip":"44072"}},{"type":"Feature","geometry":{"type":"Polygon","coordinates":[[[-81.3384550921564,41.4906647585443],[-81.338493945153,41.4892258704756],[-81.3385698756911,41.4892884283757],[-81.3388446642912,41.4895148217919],[-81.3388157433931,41.4907190451838],[-81.3386163018495,41.4907204260923],[-81.3384550921564,41.4906647585443]]]},"properties":{"source_county":"Geauga","jurisdiction":"Russell Township","parcel_id":"26-106700","owner_name":"FOUR STAR LIMITED PARTNERSHIP","property_address":" FAIRMOUNT RD","property_city":"NOVELTY","property_zip":"44072"}},{"type":"Feature","geometry":{"type":"Polygon","coordinates":[[[-81.3382047126325,41.4892720687459],[-81.338493945153,41.4892258704756],[-81.3384550921564,41.4906647585443],[-81.3381995560618,41.4905981999782],[-81.3381402381437,41.4905905810158],[-81.3381757226951,41.4892766995719],[-81.3382047126325,41.4892720687459]]]},"properties":{"source_county":"Geauga","jurisdiction":"Russell Township","parcel_id":"26-106800","owner_name":"FOUR STAR LIMITED PARTNERSHIP","property_address":" FAIRMOUNT RD","property_city":"NOVELTY","property_zip":"44072"}},{"type":"Feature","geometry":{"type":"Polygon","coordinates":[[[-81.3378303280908,41.4893318678827],[-81.3381757226951,41.4892766995719],[-81.3381402381437,41.4905905810158],[-81.3377975167017,41.4905465646934],[-81.3378303280908,41.4893318678827]]]},"properties":{"source_county":"Geauga","jurisdiction":"Russell Township","parcel_id":"26-106900","owner_name":"FOUR STAR LIMITED PARTNERSHIP","property_address":" FAIRMOUNT RD","property_city":"NOVELTY","property_zip":"44072"}},{"type":"Feature","geometry":{"type":"Polygon","coordinates":[[[-81.3377928826406,41.4907261259935],[-81.3377926658432,41.4907261274232],[-81.3377975167017,41.4905465646934],[-81.3381402381437,41.4905905810158],[-81.3381995560618,41.4905981999782],[-81.3384550921564,41.4906647585443],[-81.3386163018495,41.4907204260923],[-81.3377928826406,41.4907261259935]]]},"properties":{"source_county":"Geauga","jurisdiction":"Russell Township","parcel_id":"26-107000","owner_name":"FOUR STAR LIMITED PARTNERSHIP","property_address":" FAIRMOUNT RD","property_city":"NOVELTY","property_zip":"44072"}},{"type":"Feature","geometry":{"type":"Polygon","coordinates":[[[-81.3344875294631,41.4977114473027],[-81.335167063259,41.497716817796],[-81.3351394245523,41.4988480324052],[-81.3351380841623,41.4989029140293],[-81.3347671640717,41.498899982965],[-81.3344585380924,41.4988975424679],[-81.3344593648871,41.4988542675715],[-81.3344875294631,41.4977114473027]]]},"properties":{"source_county":"Geauga","jurisdiction":"Russell Township","parcel_id":"26-107200","owner_name":"JENSEN WILLIAM C","property_address":"8607 BEECHWOOD DR","property_city":"NOVELTY","property_zip":"44072"}},{"type":"Feature","geometry":{"type":"Polygon","coordinates":[[[-81.3312603151012,41.4786547964843],[-81.3321730040235,41.4786531754288],[-81.3322059415816,41.4800937600896],[-81.3312935844457,41.4800976109872],[-81.3312603151012,41.4786547964843]]]},"properties":{"source_county":"Geauga","jurisdiction":"Russell Township","parcel_id":"26-108495","owner_name":"UNTERSTUETZUNGS VEREIN ERSTER OESTERREICHISCHER","property_address":" PEKIN RD","property_city":"NOVELTY","property_zip":"44072"}},{"type":"Feature","geometry":{"type":"Polygon","coordinates":[[[-81.3477990579306,41.4881148050971],[-81.3493902017193,41.4881006920253],[-81.3494018116757,41.4894317357133],[-81.3488543420137,41.4894365897262],[-81.3483068710732,41.4894414411431],[-81.3477599270825,41.4894462853063],[-81.3476499309927,41.4894472591421],[-81.3477990579306,41.4881148050971]]]},"properties":{"source_county":"Geauga","jurisdiction":"Russell Township","parcel_id":"26-109900","owner_name":"MANFREDI JOHN T TOD & MARY TOD","property_address":"13920 ALEXANDER DR","property_city":"NOVELTY","property_zip":"44072"}},{"type":"Feature","geometry":{"type":"Polygon","coordinates":[[[-81.3469831917608,41.4773937580459],[-81.3469551633529,41.4748272785058],[-81.346955119727,41.4748232897572],[-81.3473341912759,41.4748216707997],[-81.3473342336504,41.4748246419704],[-81.3473390237477,41.4751647129668],[-81.3484467597102,41.4751599727449],[-81.3484583700793,41.4759832734954],[-81.3479356063744,41.475986492577],[-81.3479452960898,41.4768768568576],[-81.3476189121887,41.4768788655552],[-81.3476221364149,41.4771752600441],[-81.3469831917608,41.4773937580459]]]},"properties":{"source_county":"Geauga","jurisdiction":"Russell Township","parcel_id":"26-110250","owner_name":"HARTLEY KRILL ARDIS & BILLEY PATRICK","property_address":"8281 DINES RD","property_city":"NOVELTY","property_zip":"44072"}},{"type":"Feature","geometry":{"type":"Polygon","coordinates":[[[-81.3444555518851,41.4906710973106],[-81.3450940568078,41.4906654649123],[-81.3450481292659,41.4928094850496],[-81.3450224720732,41.4940019400707],[-81.344900708379,41.4940030337316],[-81.34438396759,41.4940076741532],[-81.3444555518851,41.4906710973106]]]},"properties":{"source_county":"Geauga","jurisdiction":"Russell Township","parcel_id":"26-111130","owner_name":"HOHNSBEHN DAVID P & NANCY A TRUSTEES","property_address":"8320 FAIRMOUNT RD","property_city":"NOVELTY","property_zip":"44072"}},{"type":"Feature","geometry":{"type":"Polygon","coordinates":[[[-81.3279018698264,41.4888839745297],[-81.3286318433754,41.488888173117],[-81.3286527775194,41.4906995076873],[-81.327922783822,41.4906953083336],[-81.3279018698264,41.4888839745297]]]},"properties":{"source_county":"Geauga","jurisdiction":"Russell Township","parcel_id":"26-112650","owner_name":"ZEIT PAUL H TOD & LYNN M TOD","property_address":"8791 FAIRMOUNT RD","property_city":"NOVELTY","property_zip":"44072"}},{"type":"Feature","geometry":{"type":"Polygon","coordinates":[[[-81.3432269790306,41.4834696076274],[-81.3436798489116,41.483468403011],[-81.3436958286375,41.4844558278596],[-81.3430299288516,41.4844695100892],[-81.3430137669255,41.4834701741458],[-81.3432269790306,41.4834696076274]]]},"properties":{"source_county":"Geauga","jurisdiction":"Russell Township","parcel_id":"26-114600","owner_name":"SPOHN DIANE","property_address":"8362 RIVERSIDE DR","property_city":"NOVELTY","property_zip":"44072"}},{"type":"Feature","geometry":{"type":"Polygon","coordinates":[[[-81.3282277306524,41.4976609713238],[-81.330066595002,41.4976764371748],[-81.3299281694288,41.4988617254346],[-81.3280892455401,41.4988470603712],[-81.3282277306524,41.4976609713238]]]},"properties":{"source_county":"Geauga","jurisdiction":"Russell Township","parcel_id":"26-116900","owner_name":"HUESDASH EDWARD D KATHLEEN A","property_address":"8755 BEECHWOOD DR","property_city":"NOVELTY","property_zip":"44072"}},{"type":"Feature","geometry":{"type":"Polygon","coordinates":[[[-81.3257930251168,41.4976404504526],[-81.3282277306524,41.4976609713238],[-81.3280892455401,41.4988470603712],[-81.3268481357302,41.4988371465589],[-81.3257930251168,41.4976404504526]]]},"properties":{"source_county":"Geauga","jurisdiction":"Russell Township","parcel_id":"26-116910","owner_name":"CIKACH FRANK S TOD & KELLY J TOD","property_address":"8825 BEECHWOOD DR","property_city":"NOVELTY","property_zip":"44072"}},{"type":"Feature","geometry":{"type":"Polygon","coordinates":[[[-81.3452029782885,41.4748364069137],[-81.3457489313828,41.4748323225541],[-81.3457490175481,41.4748356588646],[-81.3458442753133,41.4785368296593],[-81.3458442840392,41.4785371503238],[-81.3447518347266,41.4785405606304],[-81.3446601211041,41.4785408464013],[-81.3446600828181,41.4785385335375],[-81.3445985152545,41.4748436401021],[-81.344598469665,41.4748409264402],[-81.3452029782885,41.4748364069137]]]},"properties":{"source_county":"Geauga","jurisdiction":"Russell Township","parcel_id":"26-118500","owner_name":"KLARICH LORIE A","property_address":"8307 DINES RD","property_city":"NOVELTY","property_zip":"44072"}},{"type":"Feature","geometry":{"type":"Polygon","coordinates":[[[-81.3380351905038,41.4970554564514],[-81.3380470247304,41.4966351805691],[-81.3393595237653,41.4967121305368],[-81.3394324267086,41.4967164043115],[-81.3396107113137,41.496726540026],[-81.3395994355663,41.4971450619756],[-81.3394205480906,41.4971350877167],[-81.3393484699995,41.4971309455608],[-81.3380351905038,41.4970554564514]]]},"properties":{"source_county":"Geauga","jurisdiction":"Russell Township","parcel_id":"26-122330","owner_name":"MATTHEWS SYLVIA A TOD","property_address":"13617 CHILLICOTHE RD","property_city":"NOVELTY","property_zip":"44072"}},{"type":"Feature","geometry":{"type":"Polygon","coordinates":[[[-81.3412656123213,41.4935800870682],[-81.3418656682736,41.4935747139009],[-81.3418555567728,41.494030151155],[-81.3411553762171,41.4940364204845],[-81.3399046857241,41.4940476078294],[-81.3396587274999,41.4940498049902],[-81.3396657457443,41.4935943971674],[-81.3412656123213,41.4935800870682]]]},"properties":{"source_county":"Geauga","jurisdiction":"Russell Township","parcel_id":"26-122400","owner_name":"BENEDICT ANDREW J & ALANA L","property_address":"13736 CHILLICOTHE RD","property_city":"NOVELTY","property_zip":"44072"}},{"type":"Feature","geometry":{"type":"Polygon","coordinates":[[[-81.3417826609942,41.4844951273881],[-81.3417695518858,41.4832366148967],[-81.3420419194476,41.4833544076244],[-81.3421166979263,41.4833823005652],[-81.3421936810567,41.4834065661973],[-81.3422725580603,41.4834271065605],[-81.3423530105121,41.4834438387334],[-81.3423638467014,41.4844831920809],[-81.3417826609942,41.4844951273881]]]},"properties":{"source_county":"Geauga","jurisdiction":"Russell Township","parcel_id":"26-122700","owner_name":"MANDEL JANE","property_address":"8398 RIVERSIDE DR","property_city":"NOVELTY","property_zip":"44072"}},{"type":"Feature","geometry":{"type":"Polygon","coordinates":[[[-81.3355200609969,41.4750444582205],[-81.3395767877727,41.4750317954848],[-81.3395865985975,41.4754022697085],[-81.3355279724598,41.4754149436585],[-81.3355200609969,41.4750444582205]]]},"properties":{"source_county":"Geauga","jurisdiction":"Russell Township","parcel_id":"26-123400","owner_name":"WOODWARD BLAIRE E & AMY","property_address":"14421 CHILLICOTHE RD","property_city":"NOVELTY","property_zip":"44072"}},{"type":"Feature","geometry":{"type":"Polygon","coordinates":[[[-81.3355279724598,41.4754149436585],[-81.3395865985975,41.4754022697085],[-81.3395964083201,41.4757727447787],[-81.3355358852091,41.4757854290672],[-81.3355279724598,41.4754149436585]]]},"properties":{"source_county":"Geauga","jurisdiction":"Russell Township","parcel_id":"26-123700","owner_name":"WOODWARD BLAIRE E & AMY","property_address":" CHILLICOTHE RD","property_city":"NOVELTY","property_zip":"44072"}},{"type":"Feature","geometry":{"type":"Polygon","coordinates":[[[-81.3349848562474,41.487815140118],[-81.3349839777621,41.487425015646],[-81.3356709598332,41.48756403719],[-81.33685817047,41.4878042770604],[-81.3368487373361,41.4878043319405],[-81.3356737457498,41.4878111492361],[-81.3349848562474,41.487815140118]]]},"properties":{"source_county":"Geauga","jurisdiction":"Russell Township","parcel_id":"26-123800","owner_name":"CLEVELAND MUSEUM OF NATURAL HISTORY THE","property_address":" FAIRMOUNT RD","property_city":"NOVELTY","property_zip":"44072"}},{"type":"Feature","geometry":{"type":"Polygon","coordinates":[[[-81.3374316572317,41.4906092908886],[-81.3374646189719,41.4893902804597],[-81.3377696686532,41.4893415572416],[-81.3378303280908,41.4893318678827],[-81.3377975167017,41.4905465646934],[-81.3376451116369,41.4905269906051],[-81.3374316572317,41.4906092908886]]]},"properties":{"source_county":"Geauga","jurisdiction":"Russell Township","parcel_id":"26-123900","owner_name":"CLEVELAND MUSEUM OF NATURAL HISTORY THE","property_address":" FAIRMOUNT RD","property_city":"NOVELTY","property_zip":"44072"}},{"type":"Feature","geometry":{"type":"Polygon","coordinates":[[[-81.3368717624417,41.4894849699013],[-81.3374646189719,41.4893902804597],[-81.3374316572317,41.4906092908886],[-81.3372363073934,41.490684608828],[-81.3371165031603,41.4907308008915],[-81.3370612686186,41.4907311818114],[-81.3370765972791,41.4901537268954],[-81.3368717624417,41.4894849699013]]]},"properties":{"source_county":"Geauga","jurisdiction":"Russell Township","parcel_id":"26-124000","owner_name":"CLEVELAND MUSEUM OF NATURAL HISTORY THE","property_address":" FAIRMOUNT RD","property_city":"NOVELTY","property_zip":"44072"}},{"type":"Feature","geometry":{"type":"Polygon","coordinates":[[[-81.3311460800379,41.490713814268],[-81.3311581460705,41.4898513307797],[-81.3305101388333,41.4898476163098],[-81.3302053442813,41.4888972092826],[-81.3292014137102,41.4857665599861],[-81.328829420746,41.4846064606636],[-81.328828787764,41.4846044875796],[-81.3291708506577,41.4846021799815],[-81.3313971146348,41.4845871415545],[-81.3314427206821,41.4845868329598],[-81.3314427325798,41.4845875093548],[-81.3314911283731,41.4874449467152],[-81.3324760963628,41.4874393361287],[-81.3349839777621,41.487425015646],[-81.3349848562474,41.487815140118],[-81.3349961707144,41.4885742538848],[-81.3324322318724,41.4885596216548],[-81.3331778796757,41.4897610103503],[-81.3332764099732,41.4907259780837],[-81.3311460800379,41.490713814268]]]},"properties":{"source_county":"Geauga","jurisdiction":"Russell Township","parcel_id":"26-124100","owner_name":"CLEVELAND MUSEUM OF NATURAL HISTORY THE","property_address":" FAIRMOUNT RD","property_city":"NOVELTY","property_zip":"44072"}},{"type":"Feature","geometry":{"type":"Polygon","coordinates":[[[-81.3356824876292,41.4885864360874],[-81.3363425029775,41.4885901891337],[-81.3363551471968,41.4894389197823],[-81.335945165866,41.4898055334425],[-81.3359590637245,41.4907387394942],[-81.3357594413779,41.4907401064732],[-81.335028394033,41.4907359529775],[-81.3349962943251,41.4885825307028],[-81.3356824876292,41.4885864360874]]]},"properties":{"source_county":"Geauga","jurisdiction":"Russell Township","parcel_id":"26-124300","owner_name":"KINKOPF EDWARD ARTHUR & KELLY TONCAR","property_address":"8595 FAIRMOUNT RD","property_city":"NOVELTY","property_zip":"44072"}},{"type":"Feature","geometry":{"type":"Polygon","coordinates":[[[-81.3265052933215,41.4846201309455],[-81.3264811512302,41.4834663546708],[-81.3227309287052,41.4834909767421],[-81.3226827706155,41.4801174829194],[-81.3255943171819,41.4801054016654],[-81.3255972168819,41.478595904589],[-81.3261262976581,41.478593701808],[-81.3263747836935,41.4785926653117],[-81.326968071076,41.4785901908684],[-81.3271186263031,41.4846160056854],[-81.3265052933215,41.4846201309455]]]},"properties":{"source_county":"Geauga","jurisdiction":"Russell Township","parcel_id":"26-124500","owner_name":"CLEVELAND MUSEUM OF NATURAL HISTORY THE","property_address":" PEKIN RD","property_city":"NOVELTY","property_zip":"44072"}},{"type":"Feature","geometry":{"type":"Polygon","coordinates":[[[-81.3334575329326,41.4907270110469],[-81.3354229167334,41.4907381949536],[-81.3353315885327,41.4913795792026],[-81.3352885408592,41.4916818850693],[-81.3354231792316,41.4920769504849],[-81.3352791476104,41.4926660330165],[-81.3349638610185,41.4928030451601],[-81.3336794887144,41.4930093265441],[-81.3336120599577,41.4923178249911],[-81.3334569437527,41.4907270078227],[-81.3334575329326,41.4907270110469]]]},"properties":{"source_county":"Geauga","jurisdiction":"Russell Township","parcel_id":"26-125600","owner_name":"PHILLIPS IAN & PEETZ SAREN","property_address":"8640 FAIRMOUNT RD","property_city":"NOVELTY","property_zip":"44072"}},{"type":"Feature","geometry":{"type":"Polygon","coordinates":[[[-81.3269737913298,41.4906898415768],[-81.3269528962671,41.4888785129283],[-81.3262229217519,41.4888743028621],[-81.325492946117,41.4888700890901],[-81.3247629717895,41.4888658698359],[-81.3247142849122,41.4846328117512],[-81.3247142774858,41.4846321570121],[-81.3265052933215,41.4846201309455],[-81.3271186263031,41.4846160056854],[-81.328828787764,41.4846044875796],[-81.328829420746,41.4846064606636],[-81.3292014137102,41.4857665599861],[-81.3302053442813,41.4888972092826],[-81.3296941742955,41.4888942758752],[-81.3292687739291,41.4888918331969],[-81.3286318433754,41.488888173117],[-81.3279018698264,41.4888839745297],[-81.3271718963869,41.488879770448],[-81.327192790218,41.4906911043858],[-81.3269737913298,41.4906898415768]]]},"properties":{"source_county":"Geauga","jurisdiction":"Russell Township","parcel_id":"26-125800","owner_name":"CLEVELAND MUSEUM OF NATURAL HISTORY THE","property_address":" FAIRMOUNT RD","property_city":"NOVELTY","property_zip":"44072"}},{"type":"Feature","geometry":{"type":"Polygon","coordinates":[[[-81.329771070678,41.4763009235251],[-81.3305152522619,41.4761824347087],[-81.3305331730392,41.4770502606639],[-81.3296033966239,41.4770541662047],[-81.328975168864,41.4770568009327],[-81.32865411438,41.4770581464183],[-81.3286536817237,41.4770082415086],[-81.3286577165752,41.4769584278743],[-81.3286662006234,41.476908931456],[-81.3286790953772,41.4768599767549],[-81.32869634234,41.4768117858147],[-81.3287178632756,41.4767645772145],[-81.3287435605627,41.4767185650773],[-81.3287733176386,41.4766739580988],[-81.3289527338907,41.4764261923447],[-81.32904122738,41.476303985538],[-81.329771070678,41.4763009235251]]]},"properties":{"source_county":"Geauga","jurisdiction":"Russell Township","parcel_id":"26-128310","owner_name":"BELL ROBERT E & INTO LISA J","property_address":"14360 CRESTVIEW DR","property_city":"NOVELTY","property_zip":"44072"}},{"type":"Feature","geometry":{"type":"Polygon","coordinates":[[[-81.3462616771915,41.4906551276255],[-81.3468091514054,41.4906502758884],[-81.3467621835164,41.4928904136751],[-81.3463366366369,41.4928941710805],[-81.346214380659,41.4928952503978],[-81.3462616771915,41.4906551276255]]]},"properties":{"source_county":"Geauga","jurisdiction":"Russell Township","parcel_id":"26-128600","owner_name":"HEFFRON DAVID & HEIDI","property_address":"8270 FAIRMOUNT RD","property_city":"NOVELTY","property_zip":"44072"}},{"type":"Feature","geometry":{"type":"Polygon","coordinates":[[[-81.3407384143098,41.4831367873982],[-81.3412493685592,41.483133782066],[-81.3412594237207,41.4841002488552],[-81.3405192158884,41.4841046032361],[-81.3405091680582,41.4831381354478],[-81.3407384143098,41.4831367873982]]]},"properties":{"source_county":"Geauga","jurisdiction":"Russell Township","parcel_id":"26-131600","owner_name":"KEYHAN MOBASSERI TRUSTEE","property_address":"8430 RIVERSIDE DR","property_city":"NOVELTY","property_zip":"44072"}},{"type":"Feature","geometry":{"type":"Polygon","coordinates":[[[-81.3397096205356,41.4831428322857],[-81.3405091680582,41.4831381354478],[-81.3405192158884,41.4841046032361],[-81.3397185762984,41.484109307344],[-81.3397096205356,41.4831428322857]]]},"properties":{"source_county":"Geauga","jurisdiction":"Russell Township","parcel_id":"26-131700","owner_name":"STOCKOVICH SARA & SCHWERTNER MATTHEW","property_address":"14108 CHILLICOTHE RD","property_city":"NOVELTY","property_zip":"44072"}},{"type":"Feature","geometry":{"type":"Polygon","coordinates":[[[-81.344490070573,41.4748417364545],[-81.344598469665,41.4748409264402],[-81.3445985152545,41.4748436401021],[-81.3446600828181,41.4785385335375],[-81.3446601211041,41.4785408464013],[-81.3440947655005,41.4785426064618],[-81.3434618278002,41.4785445740671],[-81.3434617363542,41.4785365866247],[-81.343419314799,41.4748518090619],[-81.3434192903404,41.4748497331643],[-81.3435602339951,41.4748486805038],[-81.344490070573,41.4748417364545]]]},"properties":{"source_county":"Geauga","jurisdiction":"Russell Township","parcel_id":"26-131800","owner_name":"BOHINC GARY R & LARA A","property_address":"8341 DINES RD","property_city":"NOVELTY","property_zip":"44072"}},{"type":"Feature","geometry":{"type":"Polygon","coordinates":[[[-81.3271718963869,41.488879770448],[-81.3279018698264,41.4888839745297],[-81.327922783822,41.4906953083336],[-81.327192790218,41.4906911043858],[-81.3271718963869,41.488879770448]]]},"properties":{"source_county":"Geauga","jurisdiction":"Russell Township","parcel_id":"26-140900","owner_name":"LEFFLER DONNA LEE & PHILLIPS DARLENE TOD","property_address":"8815 FAIRMOUNT RD","property_city":"NOVELTY","property_zip":"44072"}},{"type":"Feature","geometry":{"type":"Polygon","coordinates":[[[-81.3475958373249,41.4932259698042],[-81.3483595994834,41.4932192475152],[-81.3488652629279,41.4941128319197],[-81.348737989277,41.4941508368184],[-81.3486080865358,41.4941834277595],[-81.3484759617513,41.4942105026192],[-81.348342028935,41.4942319765585],[-81.3475958373249,41.4932259698042]]]},"properties":{"source_county":"Geauga","jurisdiction":"Russell Township","parcel_id":"26-141050","owner_name":"PIAZZA JOHN A & NANCY E TRUSTEES","property_address":"8225 BELLE VERNON DR","property_city":"NOVELTY","property_zip":"44072"}},{"type":"Feature","geometry":{"type":"Polygon","coordinates":[[[-81.3450290481457,41.484428422856],[-81.3450245424642,41.4838795362816],[-81.345971593237,41.4840654894623],[-81.3459732842973,41.4844222690493],[-81.3450290481457,41.484428422856]]]},"properties":{"source_county":"Geauga","jurisdiction":"Russell Township","parcel_id":"26-141100","owner_name":"SNOW LINDA & MAX & HUTH AMY LYNN & LAWRENCE R","property_address":" RIVERSIDE DR","property_city":"NOVELTY","property_zip":"44072"}},{"type":"Feature","geometry":{"type":"Polygon","coordinates":[[[-81.3438894156239,41.4834678457542],[-81.3443514060855,41.4834666141725],[-81.344367201604,41.4844420288545],[-81.3436958286375,41.4844558278596],[-81.3436798489116,41.483468403011],[-81.3438894156239,41.4834678457542]]]},"properties":{"source_county":"Geauga","jurisdiction":"Russell Township","parcel_id":"26-141200","owner_name":"SNOW LINDA & MAX & HUTH AMY LYNN & LAWRENCE R","property_address":" RIVERSIDE DR","property_city":"NOVELTY","property_zip":"44072"}},{"type":"Feature","geometry":{"type":"Polygon","coordinates":[[[-81.3445518510001,41.4834660791852],[-81.3450211381535,41.4834648257822],[-81.3450218145821,41.4835472442926],[-81.3450245424642,41.4838795362816],[-81.3450290481457,41.484428422856],[-81.344367201604,41.4844420288545],[-81.3443514060855,41.4834666141725],[-81.3445518510001,41.4834660791852]]]},"properties":{"source_county":"Geauga","jurisdiction":"Russell Township","parcel_id":"26-141300","owner_name":"SNOW LINDA & MAX & HUTH AMY LYNN & LAWRENCE R","property_address":"8324 RIVERSIDE DR","property_city":"NOVELTY","property_zip":"44072"}},{"type":"Feature","geometry":{"type":"Polygon","coordinates":[[[-81.3384608607971,41.4938526072191],[-81.3384664192104,41.4935756108492],[-81.339665850518,41.4935876643067],[-81.3396587274999,41.4940498049902],[-81.3384608607971,41.4938526072191]]]},"properties":{"source_county":"Geauga","jurisdiction":"Russell Township","parcel_id":"26-141750","owner_name":"13729 CHILLICOTHE LLC","property_address":"13729 CHILLICOTHE RD","property_city":"NOVELTY","property_zip":"44072"}},{"type":"Feature","geometry":{"type":"Polygon","coordinates":[[[-81.3296033966239,41.4770541662047],[-81.3305331730392,41.4770502606639],[-81.3305628974099,41.4784896167833],[-81.3296323131527,41.478494503364],[-81.3296033966239,41.4770541662047]]]},"properties":{"source_county":"Geauga","jurisdiction":"Russell Township","parcel_id":"26-141770","owner_name":"SCHELSKE ANDREW GREGORY & DESERAE TAE","property_address":"8739 PEKIN RD","property_city":"NOVELTY","property_zip":"44072"}},{"type":"Feature","geometry":{"type":"Polygon","coordinates":[[[-81.328975168864,41.4770568009327],[-81.3296033966239,41.4770541662047],[-81.3296323131527,41.478494503364],[-81.3290264332107,41.4784976801265],[-81.3288693381331,41.4784985034629],[-81.3288418735346,41.4784962444582],[-81.3288154668512,41.4784901342103],[-81.3287910640464,41.4784803916058],[-81.3287695392983,41.4784673656531],[-81.3287516636831,41.4784515229791],[-81.3287380775535,41.4784334311134],[-81.3287292675993,41.4784137381578],[-81.3287255494131,41.4783931495687],[-81.32865411438,41.4770581464183],[-81.328975168864,41.4770568009327]]]},"properties":{"source_county":"Geauga","jurisdiction":"Russell Township","parcel_id":"26-141780","owner_name":"SCHELSKE ANDREW GREGORY & DESERAE TAE","property_address":" PEKIN RD","property_city":"NOVELTY","property_zip":"44072"}},{"type":"Feature","geometry":{"type":"Polygon","coordinates":[[[-81.3256067183066,41.4999876274113],[-81.3263687923396,41.4992074590001],[-81.3263984722301,41.4992214545129],[-81.3264302864248,41.4992324860161],[-81.3264637139781,41.4992403728724],[-81.3264982075256,41.4992449859375],[-81.3265332022473,41.499246249674],[-81.3265681251164,41.4992441433885],[-81.3266024042825,41.4992387015708],[-81.3266354784361,41.4992300133287],[-81.3266668059999,41.4992182209294],[-81.3266958739969,41.4992035174691],[-81.326722206451,41.4991861437117],[-81.3267453721801,41.4991663841459],[-81.3267649918576,41.499144562327],[-81.3267807442228,41.4991210355786],[-81.3267923713414,41.4990961891411],[-81.3267996828293,41.4990704298642],[-81.3268045468395,41.4990563649125],[-81.3268126542061,41.4990431723227],[-81.3268237474751,41.4990312710302],[-81.3268374743743,41.4990210389646],[-81.3268533990007,41.4990128010484],[-81.326871015662,41.4990068188792],[-81.3268897649356,41.4990032824225],[-81.3269090514328,41.4990023039796],[-81.3280220012812,41.4990111943103],[-81.3280079434243,41.5000068215999],[-81.3278207077881,41.5000053710301],[-81.3269339948672,41.4999982869884],[-81.3261577113132,41.4999920804328],[-81.3256067183066,41.4999876274113]]]},"properties":{"source_county":"Geauga","jurisdiction":"Russell Township","parcel_id":"26-142900","owner_name":"THOMAS WILLIAM","property_address":"8820 BEECHWOOD DR","property_city":"NOVELTY","property_zip":"44072"}},{"type":"Feature","geometry":{"type":"Polygon","coordinates":[[[-81.3280892455401,41.4988470603712],[-81.3299281694288,41.4988617254346],[-81.3299092237309,41.4990262449273],[-81.3280220012812,41.4990111943103],[-81.3269090514328,41.4990023039796],[-81.3268897649356,41.4990032824225],[-81.326871015662,41.4990068188792],[-81.3268533990007,41.4990128010484],[-81.3268374743743,41.4990210389646],[-81.3268237474751,41.4990312710302],[-81.3268126542061,41.4990431723227],[-81.3268045468395,41.4990563649125],[-81.3267996828293,41.4990704298642],[-81.3267923713414,41.4990961891411],[-81.3267807442228,41.4991210355786],[-81.3267649918576,41.499144562327],[-81.3267453721801,41.4991663841459],[-81.326722206451,41.4991861437117],[-81.3266958739969,41.4992035174691],[-81.3266668059999,41.4992182209294],[-81.3266354784361,41.4992300133287],[-81.3266024042825,41.4992387015708],[-81.3265681251164,41.4992441433885],[-81.3265332022473,41.499246249674],[-81.3264982075256,41.4992449859375],[-81.3264637139781,41.4992403728724],[-81.3264302864248,41.4992324860161],[-81.3263984722301,41.4992214545129],[-81.3263687923396,41.4992074590001],[-81.3263358303629,41.4991864494716],[-81.3263076760715,41.499161802548],[-81.3262850308479,41.4991341322411],[-81.3262684588291,41.499104127881],[-81.3262583728527,41.4990725369439],[-81.3262550241733,41.4990401464297],[-81.3262584962036,41.4990077632566],[-81.3262687024382,41.4989761941588],[-81.3262853886086,41.4989462255889],[-81.3263081390195,41.498918604126],[-81.3263363869045,41.498894017877],[-81.3263694285465,41.4988730793347],[-81.3264064408084,41.4988563101199],[-81.3264465016397,41.4988441279865],[-81.3264886130459,41.4988368364152],[-81.32653172595,41.4988346170532],[-81.3268481357302,41.4988371465589],[-81.3280892455401,41.4988470603712]]]},"properties":{"source_county":"Geauga","jurisdiction":"Russell Township","parcel_id":"26-143100","owner_name":"O MALLEY MARY E TOD & FRANK S CIKACH ETAL","property_address":" BEECHWOOD DR","property_city":"NOVELTY","property_zip":"44072"}},{"type":"Feature","geometry":{"type":"Polygon","coordinates":[[[-81.3405192158884,41.4841046032361],[-81.3412594237207,41.4841002488552],[-81.3412636430073,41.484505783584],[-81.339722529801,41.4845360264909],[-81.3397185763143,41.4841093064437],[-81.3405192158884,41.4841046032361]]]},"properties":{"source_county":"Geauga","jurisdiction":"Russell Township","parcel_id":"26-144100","owner_name":"MASON SHEPHERD & ELAINE","property_address":"14084 CHILLICOTHE RD","property_city":"NOVELTY","property_zip":"44072"}},{"type":"Feature","geometry":{"type":"Polygon","coordinates":[[[-81.3274716594654,41.4771842387179],[-81.3284415079198,41.4771801823822],[-81.3285060494388,41.478386442441],[-81.3285042920465,41.4784083962801],[-81.3284967508629,41.4784296460911],[-81.3284837285639,41.4784493389684],[-81.3284657478225,41.4784666844964],[-81.3284435303314,41.4784809864746],[-81.3284179678358,41.4784916708617],[-81.3283900863419,41.4784983088163],[-81.3283610049353,41.4785006339092],[-81.3274814107954,41.4785043119474],[-81.3274716594654,41.4771842387179]]]},"properties":{"source_county":"Geauga","jurisdiction":"Russell Township","parcel_id":"26-144950","owner_name":"PEARCE CHARLES & JAMIE","property_address":"14331 CRESTVIEW DR","property_city":"NOVELTY","property_zip":"44072"}},{"type":"Feature","geometry":{"type":"Polygon","coordinates":[[[-81.3395304382461,41.4997222790073],[-81.3420520152753,41.4997400839149],[-81.3423463226819,41.5001182274103],[-81.3421252642248,41.5001166487973],[-81.3408767707982,41.5001077292398],[-81.3395198778098,41.500097893781],[-81.3395304382461,41.4997222790073]]]},"properties":{"source_county":"Geauga","jurisdiction":"Russell Township","parcel_id":"26-145600","owner_name":"BEYOND THE LINES LLC","property_address":"13508 CHILLICOTHE RD","property_city":"NOVELTY","property_zip":"44072"}},{"type":"Feature","geometry":{"type":"Polygon","coordinates":[[[-81.3475389151391,41.4824811875806],[-81.3480443879787,41.4824834639613],[-81.3480490332299,41.4834566932853],[-81.3473556004649,41.4834585625685],[-81.3473509418871,41.482480340622],[-81.3475389151391,41.4824811875806]]]},"properties":{"source_county":"Geauga","jurisdiction":"Russell Township","parcel_id":"26-147600","owner_name":"RADOMILE VERN F & PETERS DOLORES A TOD","property_address":" W RIVER DR","property_city":"NOVELTY","property_zip":"44072"}},{"type":"Feature","geometry":{"type":"Polygon","coordinates":[[[-81.3480443879787,41.4824834639613],[-81.3487378353179,41.4824865840666],[-81.3487424659554,41.4834548198561],[-81.3480490332299,41.4834566932853],[-81.3480443879787,41.4824834639613]]]},"properties":{"source_county":"Geauga","jurisdiction":"Russell Township","parcel_id":"26-147700","owner_name":"RADOMILE VERN F & PETERS DOLORES A TOD","property_address":"8217 W RIVER DR","property_city":"NOVELTY","property_zip":"44072"}},{"type":"Feature","geometry":{"type":"Polygon","coordinates":[[[-81.3296941742955,41.4888942758752],[-81.3302053442813,41.4888972092826],[-81.3305101388333,41.4898476163098],[-81.3304980534376,41.4907101032244],[-81.3297151377687,41.4907056111506],[-81.3296941742955,41.4888942758752]]]},"properties":{"source_county":"Geauga","jurisdiction":"Russell Township","parcel_id":"26-148100","owner_name":"RAQUET DALE V & DALE","property_address":"8743 FAIRMOUNT RD","property_city":"NOVELTY","property_zip":"44072"}},{"type":"Feature","geometry":{"type":"Polygon","coordinates":[[[-81.3370718942577,41.4785515023442],[-81.3370419986354,41.4771530501863],[-81.3365785394189,41.4771546345947],[-81.3365626964777,41.476413227384],[-81.3375764656272,41.4764076875932],[-81.337621727378,41.4785469770587],[-81.3376220074,41.4785602289269],[-81.3373760593165,41.4785606630014],[-81.3370721018967,41.4785611992139],[-81.3370718942577,41.4785515023442]]]},"properties":{"source_county":"Geauga","jurisdiction":"Russell Township","parcel_id":"26-148700","owner_name":"LUCA JOSEPH P & CHRISTINE N","property_address":"8545 PEKIN RD","property_city":"NOVELTY","property_zip":"44072"}},{"type":"Feature","geometry":{"type":"Polygon","coordinates":[[[-81.3355494109541,41.4764187550663],[-81.3365626964777,41.476413227384],[-81.3365785394189,41.4771546345947],[-81.3366084730441,41.47855531519],[-81.3366086164239,41.4785620154514],[-81.3355952253768,41.478563794021],[-81.3355952220443,41.4785636445044],[-81.3355494109541,41.4764187550663]]]},"properties":{"source_county":"Geauga","jurisdiction":"Russell Township","parcel_id":"26-150100","owner_name":"GEORGE CRAIG J & JENNIFER L","property_address":"8579 PEKIN RD","property_city":"NOVELTY","property_zip":"44072"}},{"type":"Feature","geometry":{"type":"Polygon","coordinates":[[[-81.3397124990513,41.490711000984],[-81.3407179584996,41.4907039949732],[-81.3407112579286,41.4915295509152],[-81.3407091198024,41.4917930156768],[-81.3396933863167,41.4918009365594],[-81.3397124990513,41.490711000984]]]},"properties":{"source_county":"Geauga","jurisdiction":"Russell Township","parcel_id":"26-152300","owner_name":"FINE SCOTT J & LORI L","property_address":"13828 CHILLICOTHE RD","property_city":"NOVELTY","property_zip":"44072"}},{"type":"Feature","geometry":{"type":"Polygon","coordinates":[[[-81.3397245758842,41.4883200013117],[-81.3397219138902,41.4878835611968],[-81.34150390812,41.4879094682445],[-81.3411409539514,41.4881828442282],[-81.3410402677591,41.488339039759],[-81.3397245758842,41.4883200013117]]]},"properties":{"source_county":"Geauga","jurisdiction":"Russell Township","parcel_id":"26-152400","owner_name":"RIVERVIEW BIBLE CHURCH","property_address":"13946 CHILLICOTHE RD","property_city":"NOVELTY","property_zip":"44072"}},{"type":"Feature","geometry":{"type":"Polygon","coordinates":[[[-81.3397247159476,41.4869077082225],[-81.3410105464655,41.4868995335851],[-81.3410133279427,41.4871459330134],[-81.340734871513,41.4871896886845],[-81.3397241920242,41.4870445309144],[-81.3397247159476,41.4869077082225]]]},"properties":{"source_county":"Geauga","jurisdiction":"Russell Township","parcel_id":"26-152500","owner_name":"RIVERVIEW CHURCH","property_address":" CHILLICOTHE RD","property_city":"NOVELTY","property_zip":"44072"}},{"type":"Feature","geometry":{"type":"Polygon","coordinates":[[[-81.3383519211386,41.4860516351667],[-81.3379452755916,41.4852371867608],[-81.3379363355311,41.4850726553511],[-81.3381781161224,41.4849821480564],[-81.33879470803,41.4850341505551],[-81.3388667057713,41.4852327388153],[-81.3397242921368,41.4852285939747],[-81.3397260585625,41.4859227597384],[-81.3396071941648,41.4859230644522],[-81.3396032063317,41.4859475656108],[-81.3395920400949,41.4859707776349],[-81.3395742598672,41.4859915272261],[-81.3395507643812,41.4860087655531],[-81.3395227412621,41.4860216212684],[-81.3394916069964,41.4860294445525],[-81.3394589353324,41.4860318399602],[-81.3394263777305,41.4860286864106],[-81.3391117705234,41.4859705830621],[-81.339023760283,41.4859573795937],[-81.3389345489369,41.4859500330605],[-81.3388448244483,41.4859486001162],[-81.3387552787375,41.4859530918109],[-81.3386666023458,41.4859634735066],[-81.3385794791117,41.4859796651436],[-81.3384945808973,41.4860015418581],[-81.3384125624082,41.486028934945],[-81.3383519211386,41.4860516351667]]]},"properties":{"source_county":"Geauga","jurisdiction":"Russell Township","parcel_id":"26-153800","owner_name":"MCCULLOUGH STEFANI FELDMAN & CHRISTOPHER P","property_address":"8505 CENTURY LN","property_city":"NOVELTY","property_zip":"44072"}},{"type":"Feature","geometry":{"type":"Polygon","coordinates":[[[-81.3495479574114,41.4906259674735],[-81.349913082451,41.4906227213404],[-81.3499112766827,41.4907066269012],[-81.3498838249593,41.491982312241],[-81.3498655152763,41.4928331532887],[-81.3498589659901,41.4931375023934],[-81.3497662444581,41.4932068539544],[-81.3494923528034,41.4932092685849],[-81.3495479574114,41.4906259674735]]]},"properties":{"source_county":"Geauga","jurisdiction":"Russell Township","parcel_id":"26-154000","owner_name":"ROGERS PETER V TRUSTEE","property_address":"8178 FAIRMOUNT RD","property_city":"NOVELTY","property_zip":"44072"}},{"type":"Feature","geometry":{"type":"Polygon","coordinates":[[[-81.3473565680461,41.4906454218964],[-81.3490002703987,41.4906308336237],[-81.3489446449058,41.4932140948539],[-81.3483595994834,41.4932192475152],[-81.3475958373249,41.4932259698042],[-81.3473937670949,41.4932277476852],[-81.3473039309866,41.4931599904901],[-81.3473096748415,41.4928855775737],[-81.3473565680461,41.4906454218964]]]},"properties":{"source_county":"Geauga","jurisdiction":"Russell Township","parcel_id":"26-154100","owner_name":"ROGERS PETER V TRUSTEE","property_address":"8230 FAIRMOUNT RD","property_city":"NOVELTY","property_zip":"44072"}},{"type":"Feature","geometry":{"type":"Polygon","coordinates":[[[-81.3490002703987,41.4906308336237],[-81.3495479574272,41.4906259665731],[-81.3494923528034,41.4932092685849],[-81.3489446449058,41.4932140948539],[-81.3490002703987,41.4906308336237]]]},"properties":{"source_county":"Geauga","jurisdiction":"Russell Township","parcel_id":"26-154200","owner_name":"ROGERS PETER V TRUSTEE","property_address":"8192 FAIRMOUNT RD","property_city":"NOVELTY","property_zip":"44072"}},{"type":"Feature","geometry":{"type":"Polygon","coordinates":[[[-81.3305101388333,41.4898476163098],[-81.3311581460705,41.4898513307797],[-81.331146069261,41.4907138141594],[-81.3308809682564,41.4907122976378],[-81.3304980534376,41.4907101032244],[-81.3305101388333,41.4898476163098]]]},"properties":{"source_county":"Geauga","jurisdiction":"Russell Township","parcel_id":"26-155400","owner_name":"BARGIEL MARTHA B TRUSTEE","property_address":"8723 FAIRMOUNT RD","property_city":"NOVELTY","property_zip":"44072"}},{"type":"Feature","geometry":{"type":"Polygon","coordinates":[[[-81.325492946117,41.4888700890901],[-81.3262229217519,41.4888743028621],[-81.3262437978315,41.4906856325569],[-81.3255138044593,41.4906814171421],[-81.325492946117,41.4888700890901]]]},"properties":{"source_county":"Geauga","jurisdiction":"Russell Township","parcel_id":"26-156200","owner_name":"ROWAN MARGRET JEAN & EDWIN","property_address":"8861 FAIRMOUNT RD","property_city":"NOVELTY","property_zip":"44072"}},{"type":"Feature","geometry":{"type":"Polygon","coordinates":[[[-81.3481225055491,41.4805081679457],[-81.3483260371959,41.4805071943286],[-81.347129050083,41.4811406755435],[-81.3474002223321,41.4813905676735],[-81.3463670185686,41.4815626469862],[-81.3417398178489,41.4815368967343],[-81.3396946737156,41.4815298052455],[-81.3396896906105,41.4808888123833],[-81.3409717152403,41.4808820456629],[-81.3409688362975,41.4805421918713],[-81.3419028443991,41.4805377750283],[-81.342559743153,41.4805346636189],[-81.3430134776783,41.4805325123044],[-81.3441083091129,41.4805273146745],[-81.344765389685,41.4805241898849],[-81.3481225055491,41.4805081679457]]]},"properties":{"source_county":"Geauga","jurisdiction":"Russell Township","parcel_id":"26-157700","owner_name":"KUS DEBORAH A TRUSTEE","property_address":"14210 CHILLICOTHE RD","property_city":"NOVELTY","property_zip":"44072"}},{"type":"Feature","geometry":{"type":"Polygon","coordinates":[[[-81.3488543420137,41.4894365897262],[-81.3494018116757,41.4894317357133],[-81.3494122397786,41.4906271732357],[-81.3488647599632,41.4906320371997],[-81.3488543420137,41.4894365897262]]]},"properties":{"source_county":"Geauga","jurisdiction":"Russell Township","parcel_id":"26-159355","owner_name":"BARTA JOHN J TOD","property_address":"8195 FAIRMOUNT RD","property_city":"NOVELTY","property_zip":"44072"}},{"type":"Feature","geometry":{"type":"Polygon","coordinates":[[[-81.3487378353179,41.4824865840666],[-81.3494312815414,41.4824896991135],[-81.3494358998544,41.4834529413925],[-81.3487424659554,41.4834548198561],[-81.3487378353179,41.4824865840666]]]},"properties":{"source_county":"Geauga","jurisdiction":"Russell Township","parcel_id":"26-161300","owner_name":"KIMBLE ROBERT F & ANGELA C","property_address":"8197 W RIVER DR","property_city":"NOVELTY","property_zip":"44072"}},{"type":"Feature","geometry":{"type":"Polygon","coordinates":[[[-81.3351380841623,41.4989029140293],[-81.3355702360704,41.4989063280015],[-81.3355409980962,41.5000667139135],[-81.3352675082131,41.5000645923011],[-81.3348294612392,41.5000611225698],[-81.3347379109783,41.5000603524588],[-81.3347671640717,41.498899982965],[-81.3351380841623,41.4989029140293]]]},"properties":{"source_county":"Geauga","jurisdiction":"Russell Township","parcel_id":"26-161400","owner_name":"SNITZKY STEPHEN A","property_address":"8598 BEECHWOOD DR","property_city":"NOVELTY","property_zip":"44072"}},{"type":"Feature","geometry":{"type":"Polygon","coordinates":[[[-81.3396169246119,41.4765474842439],[-81.3395961198563,41.4757618431308],[-81.339890710091,41.47576172901],[-81.3398922491322,41.4756231348231],[-81.3410308529727,41.4756264581419],[-81.3410314832582,41.4757973236296],[-81.3422371669411,41.4757983680567],[-81.3422393847736,41.4765475470485],[-81.3412591002555,41.4765475378276],[-81.3396169246119,41.4765474842439]]]},"properties":{"source_county":"Geauga","jurisdiction":"Russell Township","parcel_id":"26-163200","owner_name":"TARASCO DAVID","property_address":"14418 CHILLICOTHE RD","property_city":"NOVELTY","property_zip":"44072"}},{"type":"Feature","geometry":{"type":"Polygon","coordinates":[[[-81.3410314832582,41.4757973236296],[-81.3410308529727,41.4756264581419],[-81.3398922491322,41.4756231348231],[-81.339890710091,41.47576172901],[-81.3395961198563,41.4757618431308],[-81.3395727239839,41.47487830674],[-81.3397605679208,41.4748769815173],[-81.3409878291734,41.4748678542148],[-81.342228757189,41.4748586117501],[-81.3422343854523,41.4748585697902],[-81.3422343900318,41.4748600061345],[-81.3422371669411,41.4757983680567],[-81.3410314832582,41.4757973236296]]]},"properties":{"source_county":"Geauga","jurisdiction":"Russell Township","parcel_id":"26-163300","owner_name":"TARASCO DAVID","property_address":" CHILLICOTHE RD","property_city":"NOVELTY","property_zip":"44072"}},{"type":"Feature","geometry":{"type":"Polygon","coordinates":[[[-81.3292687739291,41.4888918331969],[-81.3296941742955,41.4888942758752],[-81.3297151377687,41.4907056111506],[-81.3286527775194,41.4906995076873],[-81.3286318433754,41.488888173117],[-81.3292687739291,41.4888918331969]]]},"properties":{"source_county":"Geauga","jurisdiction":"Russell Township","parcel_id":"26-163950","owner_name":"CATALIOTO JOHN T & LOUISE M","property_address":"8769 FAIRMOUNT RD","property_city":"NOVELTY","property_zip":"44072"}},{"type":"Feature","geometry":{"type":"Polygon","coordinates":[[[-81.3463670185686,41.4815626469862],[-81.3475549273192,41.481569997666],[-81.3475389151391,41.4824811875806],[-81.3473509418871,41.482480340622],[-81.3466574946643,41.4824772131246],[-81.3459640475077,41.482474081481],[-81.3452681649406,41.4824709340482],[-81.3445358493378,41.4824780939579],[-81.343873500246,41.4824845663009],[-81.3432111498263,41.4824910348494],[-81.342552664229,41.4824974616467],[-81.3417619318515,41.4825051736463],[-81.3407319520105,41.4825152120719],[-81.3397038965583,41.4825252218856],[-81.3396986935361,41.4819635880057],[-81.3417463662485,41.4819617094587],[-81.3417398178489,41.4815368967343],[-81.3463670185686,41.4815626469862]]]},"properties":{"source_county":"Geauga","jurisdiction":"Russell Township","parcel_id":"26-164700","owner_name":"MENDLOVIC LADISLAV & NATA","property_address":"14160 CHILLICOTHE RD","property_city":"NOVELTY","property_zip":"44072"}},{"type":"Feature","geometry":{"type":"Polygon","coordinates":[[[-81.3412656123213,41.4935800870682],[-81.3412747572647,41.4931683906988],[-81.3399239654004,41.4931804744986],[-81.3399385859088,41.4925228470235],[-81.3414751676693,41.4925106460484],[-81.3418893673249,41.492507353311],[-81.3418656682736,41.4935747139009],[-81.3412656123213,41.4935800870682]]]},"properties":{"source_county":"Geauga","jurisdiction":"Russell Township","parcel_id":"26-167850","owner_name":"PATTERSON DEREK J & BROWNELL N","property_address":"13768 CHILLICOTHE RD","property_city":"NOVELTY","property_zip":"44072"}},{"type":"Feature","geometry":{"type":"Polygon","coordinates":[[[-81.3469929668317,41.4894530740827],[-81.3475404367691,41.4894482288554],[-81.3475508303727,41.4906436989511],[-81.3470033502815,41.4906485541294],[-81.3469929668317,41.4894530740827]]]},"properties":{"source_county":"Geauga","jurisdiction":"Russell Township","parcel_id":"26-167900","owner_name":"GERSTENBERGER SCOTT ALLEN & TRACEY LYNN","property_address":"8247 FAIRMOUNT RD","property_city":"NOVELTY","property_zip":"44072"}},{"type":"Feature","geometry":{"type":"Polygon","coordinates":[[[-81.3437881206975,41.4880352265202],[-81.345972980627,41.4867412680554],[-81.3461656824653,41.4866271382885],[-81.3461664520189,41.4867402843823],[-81.3461732837281,41.4877447700862],[-81.3464306106867,41.4877424896206],[-81.3464454956161,41.489457916714],[-81.3464558701093,41.4906534067236],[-81.3457167782285,41.4906599528808],[-81.3458101411467,41.48942173182],[-81.3460295739799,41.4889715185162],[-81.3446754477542,41.4884058857018],[-81.3437881206975,41.4880352265202]]]},"properties":{"source_county":"Geauga","jurisdiction":"Russell Township","parcel_id":"26-168600","owner_name":"ZIEGLER SAMUEL","property_address":"8283 FAIRMOUNT RD","property_city":"NOVELTY","property_zip":"44072"}},{"type":"Feature","geometry":{"type":"Polygon","coordinates":[[[-81.3483068710732,41.4894414411431],[-81.3488543420137,41.4894365897262],[-81.3488647599632,41.4906320371997],[-81.3483172788851,41.4906368976674],[-81.3483068710732,41.4894414411431]]]},"properties":{"source_county":"Geauga","jurisdiction":"Russell Township","parcel_id":"26-174000","owner_name":"LENTZ WILLIAM R & ANN A","property_address":"8211 FAIRMOUNT RD","property_city":"NOVELTY","property_zip":"44072"}},{"type":"Feature","geometry":{"type":"Polygon","coordinates":[[[-81.3477599270825,41.4894462853063],[-81.3483068710732,41.4894414411431],[-81.3483172788851,41.4906368976674],[-81.347769822856,41.4906417567012],[-81.3477594611021,41.4894504490729],[-81.3477599270825,41.4894462853063]]]},"properties":{"source_county":"Geauga","jurisdiction":"Russell Township","parcel_id":"26-174010","owner_name":"LENTZ WILLIAM R & ANN A","property_address":" FAIRMOUNT RD","property_city":"NOVELTY","property_zip":"44072"}},{"type":"Feature","geometry":{"type":"Polygon","coordinates":[[[-81.3407112579286,41.4915295509152],[-81.3414804439269,41.491523575775],[-81.3414751676693,41.4925106460484],[-81.3399385859088,41.4925228470235],[-81.3396822297743,41.4925248798504],[-81.3396933863167,41.4918009365594],[-81.3407091198024,41.4917930156768],[-81.3407112579286,41.4915295509152]]]},"properties":{"source_county":"Geauga","jurisdiction":"Russell Township","parcel_id":"26-174300","owner_name":"YONDO THERESA M & MURPHY BRUCE A","property_address":"13796 CHILLICOTHE RD","property_city":"NOVELTY","property_zip":"44072"}},{"type":"Feature","geometry":{"type":"Polygon","coordinates":[[[-81.3287684794454,41.4785825462184],[-81.3290322183098,41.47858142395],[-81.3290341143832,41.4786637498334],[-81.3291708506577,41.4846021799815],[-81.328828787764,41.4846044875796],[-81.3271186263031,41.4846160056854],[-81.326968071076,41.4785901908684],[-81.3286415904338,41.4785830862955],[-81.3287684794454,41.4785825462184]]]},"properties":{"source_county":"Geauga","jurisdiction":"Russell Township","parcel_id":"26-176300","owner_name":"CLEVELAND MUSEUM OF NATURAL HISTORY THE","property_address":" PEKIN RD","property_city":"NOVELTY","property_zip":"44072"}},{"type":"Feature","geometry":{"type":"Polygon","coordinates":[[[-81.346485757121,41.4864375689769],[-81.3479885824104,41.4864213093763],[-81.347953903928,41.4867311806368],[-81.3478421266531,41.4877299726755],[-81.3464306106867,41.4877424896206],[-81.3461732837281,41.4877447700862],[-81.3461664520189,41.4867402843823],[-81.3461656824653,41.4866271382885],[-81.346485757121,41.4864375689769]]]},"properties":{"source_county":"Geauga","jurisdiction":"Russell Township","parcel_id":"26-177800","owner_name":"CARROLL RICHARD R & SONIA O","property_address":"13989 ALEXANDER DR","property_city":"NOVELTY","property_zip":"44072"}},{"type":"Feature","geometry":{"type":"Polygon","coordinates":[[[-81.3476499309927,41.4894472591421],[-81.3477599270825,41.4894462853063],[-81.3477594611021,41.4894504490729],[-81.347769822856,41.4906417567012],[-81.3475508303727,41.4906436989511],[-81.3475404367691,41.4894482288554],[-81.3476499309927,41.4894472591421]]]},"properties":{"source_county":"Geauga","jurisdiction":"Russell Township","parcel_id":"26-178400","owner_name":"CARROLL RICHARD R & JOHN T MANFREDI ETAL","property_address":" ALEXANDER DR","property_city":"NOVELTY","property_zip":"44072"}},{"type":"Feature","geometry":{"type":"Polygon","coordinates":[[[-81.3417619318515,41.4825051736463],[-81.342552664229,41.4824974616467],[-81.3425627932248,41.4834688340685],[-81.3424572290042,41.4834595297393],[-81.3423530105121,41.4834438387334],[-81.3422725580603,41.4834271065605],[-81.3421936810567,41.4834065661973],[-81.3421166979263,41.4833823005652],[-81.3420419194476,41.4833544076244],[-81.3417695518858,41.4832366148967],[-81.3417619318515,41.4825051736463]]]},"properties":{"source_county":"Geauga","jurisdiction":"Russell Township","parcel_id":"26-178800","owner_name":"BRUNNER E THOMAS & LINDA B","property_address":"8395 RIVERSIDE DR","property_city":"NOVELTY","property_zip":"44072"}},{"type":"Feature","geometry":{"type":"Polygon","coordinates":[[[-81.3422711886372,41.4785482658123],[-81.3425676506655,41.4785473476008],[-81.342559743153,41.4805346636189],[-81.3419028443991,41.4805377750283],[-81.3419036113587,41.4803452244339],[-81.3419047550319,41.4800581035493],[-81.3419058986792,41.4797709835403],[-81.3419070411351,41.4794838625943],[-81.34191076331,41.4785493810737],[-81.3422711886372,41.4785482658123]]]},"properties":{"source_county":"Geauga","jurisdiction":"Russell Township","parcel_id":"26-180050","owner_name":"TAYLOR PAUL C JR","property_address":"8396 DINES RD","property_city":"NOVELTY","property_zip":"44072"}},{"type":"Feature","geometry":{"type":"Polygon","coordinates":[[[-81.3396833179501,41.4800691742853],[-81.3419047550319,41.4800581035493],[-81.3419036113587,41.4803452244339],[-81.3396855550783,41.4803569405101],[-81.3396833179501,41.4800691742853]]]},"properties":{"source_county":"Geauga","jurisdiction":"Russell Township","parcel_id":"26-181100","owner_name":"YOUNG JESSICA","property_address":"14238 CHILLICOTHE RD","property_city":"NOVELTY","property_zip":"44072"}},{"type":"Feature","geometry":{"type":"Polygon","coordinates":[[[-81.3461884013601,41.4748290329705],[-81.346955119727,41.4748232897572],[-81.3469551633529,41.4748272785058],[-81.3469831917608,41.4773937580459],[-81.3469947412432,41.4784512129479],[-81.3469956359504,41.4785335454681],[-81.3462685934653,41.4785358227758],[-81.3459520797824,41.4785368129457],[-81.3458442840392,41.4785371503238],[-81.3458442753133,41.4785368296593],[-81.3457490175481,41.4748356588646],[-81.3457489313828,41.4748323225541],[-81.3461884013601,41.4748290329705]]]},"properties":{"source_county":"Geauga","jurisdiction":"Russell Township","parcel_id":"26-182100","owner_name":"NATALE CARL J TOD","property_address":"8263 DINES RD","property_city":"NOVELTY","property_zip":"44072"}},{"type":"Feature","geometry":{"type":"Polygon","coordinates":[[[-81.346662166463,41.4834604276938],[-81.3473556004649,41.4834585625685],[-81.347360146481,41.4844132179899],[-81.3466667154292,41.4844177460427],[-81.346662166463,41.4834604276938]]]},"properties":{"source_county":"Geauga","jurisdiction":"Russell Township","parcel_id":"26-182930","owner_name":"URBAN JOHN A TOD & KATHY S TOD","property_address":"8256 W RIVER DR","property_city":"NOVELTY","property_zip":"44072"}},{"type":"Feature","geometry":{"type":"Polygon","coordinates":[[[-81.3473556004649,41.4834585625685],[-81.3480490332299,41.4834566932853],[-81.3480535774372,41.4844086857912],[-81.347360146481,41.4844132179899],[-81.3473556004649,41.4834585625685]]]},"properties":{"source_county":"Geauga","jurisdiction":"Russell Township","parcel_id":"26-182931","owner_name":"MCGROTTY LESTER J TOD","property_address":"8236 W RIVER DR","property_city":"NOVELTY","property_zip":"44072"}},{"type":"Feature","geometry":{"type":"Polygon","coordinates":[[[-81.3450265184422,41.4801018715759],[-81.3450635378008,41.4794861981077],[-81.3451685216003,41.4792734615371],[-81.3451559875268,41.4788582732418],[-81.3447523973093,41.4786228943875],[-81.3447518347266,41.4785405606304],[-81.3458442840392,41.4785371503238],[-81.3459520797824,41.4785368129457],[-81.3459563010981,41.4796255835157],[-81.3481151511754,41.4795627344684],[-81.3481225055491,41.4805081679457],[-81.344765389685,41.4805241898849],[-81.3447647920992,41.4804366356345],[-81.3450265184422,41.4801018715759]]]},"properties":{"source_county":"Geauga","jurisdiction":"Russell Township","parcel_id":"26-183350","owner_name":"MEYER LISA ANN","property_address":"8300 DINES RD","property_city":"NOVELTY","property_zip":"44072"}},{"type":"Feature","geometry":{"type":"Polygon","coordinates":[[[-81.3377131566017,41.4852383060654],[-81.3376758896346,41.4845523685815],[-81.339722529801,41.4845360264909],[-81.3397242921368,41.4852285939747],[-81.3388667057713,41.4852327388153],[-81.33879470803,41.4850341505551],[-81.3381781161224,41.4849821480564],[-81.3379363355311,41.4850726553511],[-81.3379452755916,41.4852371867608],[-81.3383519211386,41.4860516351667],[-81.3381558801297,41.4861250197225],[-81.3377131566017,41.4852383060654]]]},"properties":{"source_county":"Geauga","jurisdiction":"Russell Township","parcel_id":"26-184400","owner_name":"GRANETO ADAM J","property_address":"14065 CHILLICOTHE RD","property_city":"NOVELTY","property_zip":"44072"}},{"type":"Feature","geometry":{"type":"Polygon","coordinates":[[[-81.343873500246,41.4824845663009],[-81.3445358493378,41.4824780939579],[-81.3445478528362,41.4832192074228],[-81.3445478543024,41.4832193281042],[-81.3445518510001,41.4834660791852],[-81.3443514060855,41.4834666141725],[-81.3438894156239,41.4834678457542],[-81.343873500246,41.4824845663009]]]},"properties":{"source_county":"Geauga","jurisdiction":"Russell Township","parcel_id":"26-185140","owner_name":"MEINEKE RONALD F TOD","property_address":"8339 RIVERSIDE DR","property_city":"NOVELTY","property_zip":"44072"}},{"type":"Feature","geometry":{"type":"Polygon","coordinates":[[[-81.3445358493378,41.4824780939579],[-81.3452681649406,41.4824709340482],[-81.3452756466823,41.4833818614709],[-81.3452763222476,41.4834641430944],[-81.3450211381535,41.4834648257822],[-81.3445518510001,41.4834660791852],[-81.3445478543024,41.4832193281042],[-81.3445478528362,41.4832192074228],[-81.3445358493378,41.4824780939579]]]},"properties":{"source_county":"Geauga","jurisdiction":"Russell Township","parcel_id":"26-185150","owner_name":"MEINEKE RONALD F TOD","property_address":" RIVERSIDE DR","property_city":"NOVELTY","property_zip":"44072"}},{"type":"Feature","geometry":{"type":"Polygon","coordinates":[[[-81.3283656670883,41.4922758527401],[-81.328360690692,41.490697828135],[-81.3308809682564,41.4907122976378],[-81.3309656337267,41.4907127827137],[-81.3308633155795,41.4916157206576],[-81.3309427809573,41.4915923404432],[-81.3310239271655,41.4915724906418],[-81.3311064770341,41.4915562390539],[-81.3311901485992,41.4915436411897],[-81.3312746560663,41.4915347400791],[-81.3313597107857,41.4915295661256],[-81.3314450222394,41.4915281370014],[-81.3315302990321,41.4915304575882],[-81.3316152498871,41.4915365199595],[-81.3316995846408,41.4915463034083],[-81.3317830152337,41.4915597745175],[-81.3318652566941,41.4915768872744],[-81.3319460281114,41.4915975832273],[-81.3320250535954,41.4916217916856],[-81.3321020632188,41.4916494299611],[-81.3321767939387,41.4916804036502],[-81.3322043332626,41.4920016893634],[-81.3320006549938,41.4919996385148],[-81.3319912261782,41.4919923566967],[-81.3319721137558,41.4919921642326],[-81.3319722417533,41.4919849786513],[-81.3317428903239,41.4919826688132],[-81.3317236498804,41.4919896618892],[-81.3313031718588,41.4919854259344],[-81.3312551340785,41.4919993147396],[-81.3312360204588,41.4919991221422],[-81.3312070962778,41.4920132035248],[-81.3311301330333,41.4920411745416],[-81.3311013357066,41.4920480703053],[-81.3310819670964,41.4920622479546],[-81.3310721540851,41.4920765228023],[-81.3310043632545,41.4921261449871],[-81.3309914536099,41.4921413637097],[-81.3309755913265,41.4921549130161],[-81.3309571520178,41.4921664720619],[-81.3309365723213,41.4921757671315],[-81.330907774899,41.4921826637473],[-81.3308980911609,41.4921897521118],[-81.3308691656258,41.4922038333973],[-81.3308497969194,41.4922180110072],[-81.3308113145022,41.4922319968467],[-81.3308017588566,41.4922319005239],[-81.3307597961452,41.4922513324846],[-81.3307151102158,41.4922669596068],[-81.3306861858047,41.4922810408584],[-81.3306765008307,41.4922881291921],[-81.3306666876974,41.4923024040045],[-81.330666303306,41.4923239589412],[-81.3306563632362,41.4923454184434],[-81.3306555944137,41.4923885301167],[-81.3306456531493,41.4924099887052],[-81.330626028042,41.4924385374345],[-81.3306164711691,41.4924384410844],[-81.3306162148913,41.4924528113416],[-81.3305290544627,41.4925166108093],[-81.3305191143188,41.4925380702985],[-81.3304803753353,41.4925664262834],[-81.3304705633311,41.4925807001897],[-81.3304510650805,41.4926020623973],[-81.3304311835119,41.492644981348],[-81.330411558257,41.4926735291387],[-81.3304107892696,41.4927166408062],[-81.3303911639844,41.4927451885928],[-81.33038109439,41.4927738336344],[-81.3303612127396,41.4928167516706],[-81.3303322868126,41.4928308328194],[-81.3303126614429,41.4928593814921],[-81.3303031045091,41.4928592851161],[-81.3302932924226,41.4928735590062],[-81.3302642382695,41.4928948257153],[-81.3302252438132,41.4929375509781],[-81.3302156868681,41.4929374545949],[-81.3302057465579,41.4929589140545],[-81.3301670072063,41.4929872690308],[-81.3301380811464,41.4930013510309],[-81.3301285253895,41.4930012546526],[-81.3301188402489,41.4930083429382],[-81.3296888000426,41.4930040047529],[-81.3296501886786,41.4930251748801],[-81.3296211342499,41.4930464414271],[-81.3296113219869,41.4930607152587],[-81.3295915679901,41.4930964484833],[-81.3295907984588,41.4931395601398],[-81.3295616157122,41.493168011347],[-81.3295228759586,41.4931963661063],[-81.3295224911699,41.4932179219338],[-81.3294451421919,41.4932674467612],[-81.3294350721041,41.4932960917161],[-81.3294186955081,41.4933101648095],[-81.3294049286326,41.4933257379287],[-81.3293940116545,41.4933425393873],[-81.3293861350321,41.4933602760695],[-81.3293759378331,41.4933961057056],[-81.3293370695753,41.4934316459763],[-81.329327385483,41.4934387342069],[-81.329325332934,41.4935536980061],[-81.3293151344741,41.4935895276226],[-81.3292853099645,41.4936539048295],[-81.3292269449046,41.4937108079861],[-81.3292170029561,41.4937322673437],[-81.3292068044093,41.4937680969489],[-81.3291969919481,41.4937823707422],[-81.3291777507211,41.4937893624918],[-81.3291581245619,41.4938179109608],[-81.3291484391958,41.4938249991636],[-81.3291293262476,41.4938248062313],[-81.3291098283714,41.4938461691177],[-81.3290710880057,41.4938745246207],[-81.3290709597027,41.4938817092943],[-81.3290612754991,41.4938887984022],[-81.3289844374666,41.4939095824054],[-81.3289653244942,41.4939093894461],[-81.3289649395341,41.4939309443667],[-81.3289454403754,41.4939523072127],[-81.3289261990557,41.4939592998205],[-81.328877902661,41.4939875578796],[-81.3288489770965,41.4940016386657],[-81.3288201786529,41.4940085347594],[-81.3287818231192,41.4940153334443],[-81.3287337833016,41.494029222097],[-81.3286286611686,41.4940281605484],[-81.3285807496985,41.4940348626642],[-81.3285520795883,41.4940345731182],[-81.3285197328615,41.4940571309948],[-81.328484413194,41.4940770091281],[-81.3283716069967,41.4941595736713],[-81.3283656670883,41.4922758527401]]]},"properties":{"source_county":"Geauga","jurisdiction":"Russell Township","parcel_id":"26-189900","owner_name":"PEKAREK JOHN C & MIRIAM L TRUSTEES","property_address":"8780 FAIRMOUNT RD","property_city":"NOVELTY","property_zip":"44072"}},{"type":"Feature","geometry":{"type":"Polygon","coordinates":[[[-81.3357594413779,41.4907401064732],[-81.33625294793,41.4907367250038],[-81.3362407070406,41.4913738758976],[-81.3353315885327,41.4913795792026],[-81.3354229167334,41.4907381949536],[-81.3357594413779,41.4907401064732]]]},"properties":{"source_county":"Geauga","jurisdiction":"Russell Township","parcel_id":"26-190230","owner_name":"BARDZILAUSKAS ALEXANDER","property_address":"8576 FAIRMOUNT RD","property_city":"NOVELTY","property_zip":"44072"}},{"type":"Feature","geometry":{"type":"Polygon","coordinates":[[[-81.3247629717895,41.4888658698359],[-81.325492946117,41.4888700890901],[-81.3255138044593,41.4906814171421],[-81.3248492025714,41.4906775760277],[-81.3247838111647,41.4906771980336],[-81.3247629717895,41.4888658698359]]]},"properties":{"source_county":"Geauga","jurisdiction":"Russell Township","parcel_id":"26-190900","owner_name":"TALARCEK DANIEL & KIM P & MICHAEL P & NASS SUZANNE J","property_address":"8883 FAIRMOUNT RD","property_city":"NOVELTY","property_zip":"44072"}},{"type":"Feature","geometry":{"type":"Polygon","coordinates":[[[-81.3428713513038,41.4785356228252],[-81.3428310698092,41.476708362389],[-81.3422398570572,41.4767069213916],[-81.3422393847736,41.4765475470485],[-81.3422371669411,41.4757983680567],[-81.3422343900318,41.4748600061345],[-81.3422343854523,41.4748585697902],[-81.3434192903404,41.4748497331643],[-81.343419314799,41.4748518090619],[-81.3434617363542,41.4785365866247],[-81.3434618278002,41.4785445740671],[-81.3429999545687,41.4785460082449],[-81.3428715885311,41.4785464059737],[-81.3428713513038,41.4785356228252]]]},"properties":{"source_county":"Geauga","jurisdiction":"Russell Township","parcel_id":"26-191300","owner_name":"TARASCO DAVID","property_address":"8365 DINES RD","property_city":"NOVELTY","property_zip":"44072"}},{"type":"Feature","geometry":{"type":"Polygon","coordinates":[[[-81.3400338780309,41.4947954197977],[-81.3406106399147,41.4948026665328],[-81.3405903419109,41.4957160216121],[-81.3398676255948,41.4957094430535],[-81.3398855485797,41.4949033393834],[-81.3398888295943,41.4948819717859],[-81.3398975893204,41.4948614953513],[-81.3399114914655,41.4948426961741],[-81.33993000232,41.4948262959577],[-81.3399524112464,41.4948129243087],[-81.3399778579616,41.494803094566],[-81.3400053655629,41.4947971840946],[-81.3400338780309,41.4947954197977]]]},"properties":{"source_county":"Geauga","jurisdiction":"Russell Township","parcel_id":"26-193501","owner_name":"DEETS JASON A & TRACY L","property_address":"8450 BELLE VERNON DR","property_city":"NOVELTY","property_zip":"44072"}},{"type":"Feature","geometry":{"type":"Polygon","coordinates":[[[-81.3405903419109,41.4957160216121],[-81.3406106399147,41.4948026665328],[-81.3413287604326,41.4948119429675],[-81.3413085340808,41.495722554977],[-81.3408325574684,41.4957182262562],[-81.3405903419109,41.4957160216121]]]},"properties":{"source_county":"Geauga","jurisdiction":"Russell Township","parcel_id":"26-193502","owner_name":"WEISMAN BRIAN S","property_address":"8430 BELLE VERNON DR","property_city":"NOVELTY","property_zip":"44072"}},{"type":"Feature","geometry":{"type":"Polygon","coordinates":[[[-81.3413085340808,41.495722554977],[-81.3413287604326,41.4948119429675],[-81.3414513725522,41.4948162120522],[-81.3415736972874,41.4948238289351],[-81.3416955729923,41.4948347835506],[-81.341816838614,41.494849061423],[-81.3420685615762,41.494882283257],[-81.3420497573887,41.4957292921975],[-81.3413085340808,41.495722554977]]]},"properties":{"source_county":"Geauga","jurisdiction":"Russell Township","parcel_id":"26-193503","owner_name":"JOHNSON KENNETH E TOD & DENISE TOD","property_address":"8410 BELLE VERNON DR","property_city":"NOVELTY","property_zip":"44072"}},{"type":"Feature","geometry":{"type":"Polygon","coordinates":[[[-81.3420497573887,41.4957292921975],[-81.3420685615762,41.494882283257],[-81.3428882796657,41.4949904660304],[-81.3428717209963,41.495736759004],[-81.3420497573887,41.4957292921975]]]},"properties":{"source_county":"Geauga","jurisdiction":"Russell Township","parcel_id":"26-193504","owner_name":"MARANO ROBERT L & SMITH TERESA A","property_address":"8380 BELLE VERNON DR","property_city":"NOVELTY","property_zip":"44072"}},{"type":"Feature","geometry":{"type":"Polygon","coordinates":[[[-81.3428717209963,41.495736759004],[-81.3428882796657,41.4949904660304],[-81.3438374799182,41.4951157301353],[-81.3438235179314,41.4957453970952],[-81.3428717209963,41.495736759004]]]},"properties":{"source_county":"Geauga","jurisdiction":"Russell Township","parcel_id":"26-193505","owner_name":"ZUP ANDREW K & MARY M","property_address":"8360 BELLE VERNON DR","property_city":"NOVELTY","property_zip":"44072"}},{"type":"Feature","geometry":{"type":"Polygon","coordinates":[[[-81.3438985293392,41.4957655603088],[-81.3438989638206,41.4957460815339],[-81.3438235179314,41.4957453970952],[-81.3438374799182,41.4951157301353],[-81.3443335825195,41.4951811952841],[-81.3444075562825,41.4951892828078],[-81.3444820343708,41.4951940878173],[-81.3445567593265,41.4951955937025],[-81.3446314728379,41.4951937952577],[-81.3447059166331,41.4951886987],[-81.3447798333726,41.4951803216472],[-81.344852967539,41.4951686930573],[-81.3449250663207,41.4951538531284],[-81.3449112316022,41.4957782480786],[-81.3438985293392,41.4957655603088]]]},"properties":{"source_county":"Geauga","jurisdiction":"Russell Township","parcel_id":"26-193506","owner_name":"BENNARDO EDWARD L TOD & JOANNE M TOD","property_address":"8330 BELLE VERNON DR","property_city":"NOVELTY","property_zip":"44072"}},{"type":"Feature","geometry":{"type":"Polygon","coordinates":[[[-81.3456831827532,41.495010722898],[-81.3457312682168,41.4950846952878],[-81.3457516992966,41.4951186312882],[-81.3457694374781,41.4951534128075],[-81.3457844212173,41.4951889191772],[-81.345796598526,41.4952250272136],[-81.3458059271523,41.4952616116457],[-81.3458123747273,41.4952985455491],[-81.3458159188771,41.4953357007873],[-81.3458165473008,41.4953729484552],[-81.3458073240933,41.4957894686959],[-81.3449112316022,41.4957782480786],[-81.3449250663207,41.4951538531284],[-81.3450197946191,41.4951289730775],[-81.345111617949,41.4950985535547],[-81.3454877876911,41.4949603316414],[-81.3455146180898,41.4949528053066],[-81.3455428863136,41.4949493609604],[-81.3455715050219,41.49495013109],[-81.3455993733932,41.4949550860722],[-81.3456254194673,41.4949640353131],[-81.3456486413778,41.494976634579],[-81.3456681458888,41.4949923992374],[-81.3456831827532,41.495010722898]]]},"properties":{"source_county":"Geauga","jurisdiction":"Russell Township","parcel_id":"26-193507","owner_name":"JOHNS CHARLES TRUSTEE & KAREN B TRUSTEE","property_address":"13685 FOX DEN EAST ","property_city":"NOVELTY","property_zip":"44072"}},{"type":"Feature","geometry":{"type":"Polygon","coordinates":[[[-81.3438832518396,41.4964515867989],[-81.3438985293392,41.4957655603088],[-81.3449112316022,41.4957782480786],[-81.3458073240933,41.4957894686959],[-81.3457921336362,41.4964754951991],[-81.3438832518396,41.4964515867989]]]},"properties":{"source_county":"Geauga","jurisdiction":"Russell Township","parcel_id":"26-193508","owner_name":"CROLEY SARAH WISELEY TRUSTEE","property_address":"13645 FOX DEN EAST ","property_city":"NOVELTY","property_zip":"44072"}},{"type":"Feature","geometry":{"type":"Polygon","coordinates":[[[-81.3438757255218,41.4967895754512],[-81.3438832518396,41.4964515867989],[-81.3457921336362,41.4964754951991],[-81.3457764560473,41.4971834599541],[-81.3440863921172,41.4971622932248],[-81.3438757255218,41.4967895754512]]]},"properties":{"source_county":"Geauga","jurisdiction":"Russell Township","parcel_id":"26-193509","owner_name":"RONIS NANETTE N TRUSTEE","property_address":"13615 FOX DEN EAST ","property_city":"NOVELTY","property_zip":"44072"}},{"type":"Feature","geometry":{"type":"Polygon","coordinates":[[[-81.3443183056362,41.4975725954442],[-81.3440863921172,41.4971622932248],[-81.3457764560473,41.4971834599541],[-81.3457568571378,41.498068429848],[-81.3443837029768,41.4980512337721],[-81.3443852563588,41.4979811772987],[-81.3443183056362,41.4975725954442]]]},"properties":{"source_county":"Geauga","jurisdiction":"Russell Township","parcel_id":"26-193510","owner_name":"GALLESE ALAINA M","property_address":"13585 FOX DEN EAST ","property_city":"NOVELTY","property_zip":"44072"}},{"type":"Feature","geometry":{"type":"Polygon","coordinates":[[[-81.343846744351,41.4980901686279],[-81.3443852563588,41.4979811772987],[-81.3443837029768,41.4980512337721],[-81.3457568571378,41.498068429848],[-81.3457416629918,41.4987544693485],[-81.3438319293076,41.4987305496028],[-81.3438428208818,41.4982571720853],[-81.3438428518658,41.4982558225535],[-81.343846744351,41.4980901686279]]]},"properties":{"source_county":"Geauga","jurisdiction":"Russell Township","parcel_id":"26-193511","owner_name":"KUSS EDWARD M & PATRICIA A TRUSTEES","property_address":"13555 FOX DEN EAST ","property_city":"NOVELTY","property_zip":"44072"}},{"type":"Feature","geometry":{"type":"Polygon","coordinates":[[[-81.3438160577279,41.4994165632522],[-81.3438319293076,41.4987305496028],[-81.3457416629918,41.4987544693485],[-81.3457264688291,41.4994404915968],[-81.3438160577279,41.4994165632522]]]},"properties":{"source_county":"Geauga","jurisdiction":"Russell Township","parcel_id":"26-193512","owner_name":"RACKUS WILLIAM LAWRENCE & JANET","property_address":"13535 FOX DEN EAST ","property_city":"NOVELTY","property_zip":"44072"}},{"type":"Feature","geometry":{"type":"Polygon","coordinates":[[[-81.343799584431,41.5001285959271],[-81.3438160577279,41.4994165632522],[-81.3457264688291,41.4994404915968],[-81.3457258219212,41.4994696845628],[-81.3457211690727,41.4994954000057],[-81.3457086166684,41.499519575748],[-81.3456888662048,41.4995408607019],[-81.3456630214531,41.4995580653332],[-81.3456274561302,41.4995799078049],[-81.3455968850748,41.4996056716988],[-81.3455720642337,41.4996347199425],[-81.3455536073686,41.4996663342498],[-81.3455419708791,41.4996997328811],[-81.3455374425162,41.4997340899743],[-81.345540134266,41.4997685559655],[-81.3455499795795,41.4998022785967],[-81.345566735017,41.4998344239903],[-81.345589986267,41.4998641972685],[-81.3456191583898,41.4998908622092],[-81.3456535300344,41.4999137594513],[-81.3456922512747,41.4999323227995],[-81.3457343646271,41.4999460932248],[-81.3457788287263,41.4999547302163],[-81.345824544077,41.4999580202009],[-81.3458203641508,41.5001467436295],[-81.343799584431,41.5001285959271]]]},"properties":{"source_county":"Geauga","jurisdiction":"Russell Township","parcel_id":"26-193513","owner_name":"CARTER JOHN M & KATHERINE A TRUSTEES","property_address":"13515 FOX DEN EAST ","property_city":"NOVELTY","property_zip":"44072"}},{"type":"Feature","geometry":{"type":"Polygon","coordinates":[[[-81.3459448250323,41.4994724263407],[-81.3459454718585,41.4994432324732],[-81.3481678076665,41.4996617942889],[-81.3481566258248,41.5001675712582],[-81.3477310076358,41.5001637801952],[-81.3475291789197,41.5001619823602],[-81.3472908037072,41.5001598570429],[-81.3472345216015,41.5001593562952],[-81.3458203641508,41.5001467436295],[-81.345824544077,41.4999580202009],[-81.3458703790723,41.4999558750198],[-81.3459152000748,41.49994835465],[-81.3459578987938,41.499935645048],[-81.345997419418,41.4999180604847],[-81.3460327847228,41.4998960357738],[-81.3460631202351,41.4998701155202],[-81.3460876758558,41.4998409406532],[-81.3461058444075,41.4998092325782],[-81.3461171766476,41.4997757753375],[-81.3461213923759,41.4997413962242],[-81.346118387362,41.4997069453248],[-81.3461082359213,41.4996732744997],[-81.3460911890769,41.499641216319],[-81.3460676683511,41.4996115634767],[-81.3460382553417,41.4995850491892],[-81.3460036773407,41.4995623290662],[-81.3459786089545,41.4995444872649],[-81.3459598120056,41.4995227200131],[-81.3459483369425,41.4994982437591],[-81.3459448250323,41.4994724263407]]]},"properties":{"source_county":"Geauga","jurisdiction":"Russell Township","parcel_id":"26-193514","owner_name":"NELSON NELS E & LORRAINE Y","property_address":"13510 FOX DEN EAST ","property_city":"NOVELTY","property_zip":"44072"}},{"type":"Feature","geometry":{"type":"Polygon","coordinates":[[[-81.3459454718585,41.4994432324732],[-81.3459686671241,41.4983956704465],[-81.3481706904741,41.4995314504156],[-81.3481678076665,41.4996617942889],[-81.3459454718585,41.4994432324732]]]},"properties":{"source_county":"Geauga","jurisdiction":"Russell Township","parcel_id":"26-193515","owner_name":"KOZELKA ANTHONY B & NICOLE L","property_address":"13530 FOX DEN EAST ","property_city":"NOVELTY","property_zip":"44072"}},{"type":"Feature","geometry":{"type":"Polygon","coordinates":[[[-81.3461314000717,41.4976417209025],[-81.3462845742864,41.4976436379751],[-81.3481769337006,41.4992490285886],[-81.3481706904741,41.4995314504156],[-81.3459686671241,41.4983956704465],[-81.345982971054,41.4977496570703],[-81.3459862508017,41.4977282784376],[-81.345995015073,41.4977077916207],[-81.3460089270646,41.4976889838984],[-81.3460274521549,41.4976725780239],[-81.3460498784494,41.4976592044505],[-81.3460753441377,41.497649377104],[-81.3461028706118,41.4976434736343],[-81.3461314000717,41.4976417209025]]]},"properties":{"source_county":"Geauga","jurisdiction":"Russell Township","parcel_id":"26-193516","owner_name":"HAEHN RORY AKA RORY J & BELLANCO BRENDA AKA BRENDA R","property_address":"13550 FOX DEN EAST ","property_city":"NOVELTY","property_zip":"44072"}},{"type":"Feature","geometry":{"type":"Polygon","coordinates":[[[-81.3481769337006,41.4992490285886],[-81.3462845742864,41.4976436379751],[-81.3468265027804,41.4976504170383],[-81.3468981869555,41.4976494907436],[-81.3469696239581,41.4976449242386],[-81.3470404871138,41.4976367384055],[-81.3471104523725,41.4976249706771],[-81.3471791997906,41.4976096748662],[-81.3472464149941,41.4975909209189],[-81.3473117906165,41.4975687945949],[-81.3473750277042,41.4975433970754],[-81.3485625933489,41.4990744866954],[-81.3481769337006,41.4992490285886]]]},"properties":{"source_county":"Geauga","jurisdiction":"Russell Township","parcel_id":"26-193517","owner_name":"CURTIS EDWARD A TOD & KATHLEEN A TOD","property_address":"13582 FOX HILLS DR","property_city":"NOVELTY","property_zip":"44072"}},{"type":"Feature","geometry":{"type":"Polygon","coordinates":[[[-81.3484100479209,41.4971875587118],[-81.3488456673368,41.4989463716434],[-81.3485625933489,41.4990744866954],[-81.3473750277042,41.4975433970754],[-81.3478489843284,41.4973372783765],[-81.3479146039637,41.4973102358567],[-81.347981802106,41.4972854811993],[-81.3480504377264,41.4972630663563],[-81.3481203667795,41.4972430383695],[-81.3481914425059,41.497225439271],[-81.34826351574,41.4972103059956],[-81.3483364352231,41.4971976703031],[-81.3484100479209,41.4971875587118]]]},"properties":{"source_county":"Geauga","jurisdiction":"Russell Township","parcel_id":"26-193518","owner_name":"TERCEK CHARLES G & DONNA M","property_address":"13586 FOX HILLS DR","property_city":"NOVELTY","property_zip":"44072"}},{"type":"Feature","geometry":{"type":"Polygon","coordinates":[[[-81.3489320782418,41.4971885266588],[-81.3495804407064,41.4972687198733],[-81.3492537467435,41.4987616780743],[-81.3488456673368,41.4989463716434],[-81.3484100479209,41.4971875587118],[-81.3484749558738,41.4971807836042],[-81.3485401730405,41.4971759712591],[-81.3486055944606,41.4971731294216],[-81.3486711148453,41.4971722626652],[-81.3487366287465,41.497173372385],[-81.3488020307265,41.4971764567948],[-81.3488672155276,41.4971815109308],[-81.3489320782418,41.4971885266588]]]},"properties":{"source_county":"Geauga","jurisdiction":"Russell Township","parcel_id":"26-193519","owner_name":"SHAW MARK C & SANDRA J","property_address":"13590 FOX HILLS DR","property_city":"NOVELTY","property_zip":"44072"}},{"type":"Feature","geometry":{"type":"Polygon","coordinates":[[[-81.3489893941949,41.4955407394652],[-81.3492797132384,41.4955132534475],[-81.3495306279615,41.4959430609868],[-81.3497978169578,41.4964007401641],[-81.3500902013046,41.4971648857455],[-81.3490095971692,41.4970312322019],[-81.3487328409432,41.4955650272541],[-81.3489893941949,41.4955407394652]]]},"properties":{"source_county":"Geauga","jurisdiction":"Russell Township","parcel_id":"26-193523","owner_name":"GIALAMAS ROBERT R & DENISE A","property_address":"13627 FOX HILLS DR","property_city":"NOVELTY","property_zip":"44072"}},{"type":"Feature","geometry":{"type":"Polygon","coordinates":[[[-81.3480866890133,41.4970776962794],[-81.3479159209231,41.4966884106523],[-81.3479310903439,41.496002387529],[-81.3479390992866,41.4956401667315],[-81.3484491738948,41.4955918809631],[-81.3487328409432,41.4955650272541],[-81.3490095971692,41.4970312322019],[-81.3489166189092,41.4970202825898],[-81.3488202271647,41.4970121487254],[-81.3487233906703,41.497007955476],[-81.3486263942179,41.4970077151738],[-81.3485295230695,41.4970114285255],[-81.3484169582113,41.497020127782],[-81.3483053394391,41.4970341122169],[-81.348195105328,41.4970533268823],[-81.3480866890133,41.4970776962794]]]},"properties":{"source_county":"Geauga","jurisdiction":"Russell Township","parcel_id":"26-193524","owner_name":"SPURGEON CHRISTOPHER & JENNIFER MILTNER","property_address":"13623 FOX HILLS DR","property_city":"NOVELTY","property_zip":"44072"}},{"type":"Feature","geometry":{"type":"Polygon","coordinates":[[[-81.3459914815459,41.4973654847343],[-81.3460070022313,41.496664536003],[-81.3479159209231,41.4966884106523],[-81.3480866890133,41.4970776962794],[-81.3480318802381,41.4970919975324],[-81.3479564629982,41.4971138691713],[-81.3478824595086,41.4971383185681],[-81.3478100255503,41.497165294256],[-81.347739313601,41.4971947394506],[-81.3472653335056,41.4974008691767],[-81.3472151720868,41.4974210362244],[-81.3471633094585,41.4974386034399],[-81.3471099836763,41.4974534901871],[-81.3470554395125,41.4974656281339],[-81.3469999273322,41.4974749615653],[-81.3469437019444,41.4974814476393],[-81.3468870214321,41.497485056584],[-81.3468301459674,41.4974857718338],[-81.3461350497938,41.497477075767],[-81.3461066136528,41.4974746101818],[-81.3460793636975,41.497468021201],[-81.3460543471199,41.4974575620335],[-81.3460325252837,41.4974436346158],[-81.3460147367803,41.4974267741661],[-81.3460016652022,41.4974076286159],[-81.3459938128733,41.4973869337104],[-81.3459914815459,41.4973654847343]]]},"properties":{"source_county":"Geauga","jurisdiction":"Russell Township","parcel_id":"26-193525","owner_name":"SARLSON MARK L & KATHERINE GRAHAM","property_address":"13619 FOX HILLS DR","property_city":"NOVELTY","property_zip":"44072"}},{"type":"Feature","geometry":{"type":"Polygon","coordinates":[[[-81.3460070022313,41.496664536003],[-81.3460221904209,41.4959785131126],[-81.3479310903439,41.496002387529],[-81.3479159209231,41.4966884106523],[-81.3460070022313,41.496664536003]]]},"properties":{"source_county":"Geauga","jurisdiction":"Russell Township","parcel_id":"26-193526","owner_name":"YOUNG ARMOUR M & PENELOPE A","property_address":"13640 FOX DEN EAST ","property_city":"NOVELTY","property_zip":"44072"}},{"type":"Feature","geometry":{"type":"Polygon","coordinates":[[[-81.3468278659802,41.4945171588768],[-81.3468686179779,41.4945109534821],[-81.3470689950022,41.4952972013732],[-81.3460305938233,41.4952841533398],[-81.3460171552715,41.4952139026287],[-81.3459954586965,41.4951448291056],[-81.3459656761298,41.4950774803708],[-81.345928043705,41.4950123903491],[-81.3458799580724,41.4949384180392],[-81.3458699743149,41.4949182599035],[-81.3458654104271,41.4948970250232],[-81.3458664416255,41.4948755286707],[-81.3458730283138,41.4948545961563],[-81.3458849176042,41.4948350311422],[-81.345901653027,41.4948175847875],[-81.3459225920567,41.4948029269089],[-81.3459469307802,41.4947916202651],[-81.3464024493725,41.4946244883281],[-81.3465055933853,41.4945908903393],[-81.3466111048234,41.4945617427037],[-81.3467186443183,41.4945371391714],[-81.3468278659802,41.4945171588768]]]},"properties":{"source_county":"Geauga","jurisdiction":"Russell Township","parcel_id":"26-193528","owner_name":"JOHNSON JESSICA G","property_address":"8270 BELLE VERNON DR","property_city":"NOVELTY","property_zip":"44072"}},{"type":"Feature","geometry":{"type":"Polygon","coordinates":[[[-81.347067193637,41.4944901070854],[-81.3476588150385,41.4944508217723],[-81.3478606069832,41.4953070984141],[-81.3470689950022,41.4952972013732],[-81.3468686179779,41.4945109534821],[-81.3469675549857,41.4944986411822],[-81.347067193637,41.4944901070854]]]},"properties":{"source_county":"Geauga","jurisdiction":"Russell Township","parcel_id":"26-193529","owner_name":"SKUTT TERRY J & MARY JEAN","property_address":"8240 BELLE VERNON DR","property_city":"NOVELTY","property_zip":"44072"}},{"type":"Feature","geometry":{"type":"Polygon","coordinates":[[[-81.3482414363557,41.494410229315],[-81.3484491738948,41.4955918809631],[-81.3479390992866,41.4956401667315],[-81.3478606069832,41.4953070984141],[-81.3476588150385,41.4944508217723],[-81.3479504534602,41.4944331844699],[-81.3482414363557,41.494410229315]]]},"properties":{"source_county":"Geauga","jurisdiction":"Russell Township","parcel_id":"26-193530","owner_name":"OBELENIS HELEN L TRUSTEE","property_address":"8230 BELLE VERNON DR","property_city":"NOVELTY","property_zip":"44072"}},{"type":"Feature","geometry":{"type":"Polygon","coordinates":[[[-81.3487741028164,41.4943161782665],[-81.3489893941949,41.4955407394652],[-81.3487328409432,41.4955650272541],[-81.3484491738948,41.4955918809631],[-81.3482414363557,41.494410229315],[-81.3483767957486,41.4943943064323],[-81.3485109188799,41.4943732860428],[-81.3486434663672,41.4943472213364],[-81.3487741028164,41.4943161782665]]]},"properties":{"source_county":"Geauga","jurisdiction":"Russell Township","parcel_id":"26-193531","owner_name":"HALL LAURA E","property_address":"8210 BELLE VERNON DR","property_city":"NOVELTY","property_zip":"44072"}},{"type":"Feature","geometry":{"type":"Polygon","coordinates":[[[-81.3489511797148,41.4942651081008],[-81.349286901324,41.4941577125233],[-81.3493972967593,41.4949092355413],[-81.3494796734664,41.4954700069441],[-81.3492797132384,41.4955132534475],[-81.3489893941949,41.4955407394652],[-81.3487741028164,41.4943161782665],[-81.3488632326283,41.4942918022353],[-81.3489511797148,41.4942651081008]]]},"properties":{"source_county":"Geauga","jurisdiction":"Russell Township","parcel_id":"26-193532","owner_name":"COLLINS LAUREN E & CHRISTOPHER R","property_address":"8180 BELLE VERNON DR","property_city":"NOVELTY","property_zip":"44072"}},{"type":"Feature","geometry":{"type":"Polygon","coordinates":[[[-81.350424757734,41.4945647578391],[-81.3504679603879,41.4946776685307],[-81.3493972967593,41.4949092355413],[-81.349286901324,41.4941577125233],[-81.3493704922551,41.4941348032571],[-81.349456833919,41.494118660308],[-81.3495449603915,41.4941094642707],[-81.349633885783,41.4941073180232],[-81.349722615267,41.4941122455761],[-81.3498101562087,41.4941241918038],[-81.3498955292684,41.4941430230613],[-81.349977779357,41.4941685286791],[-81.3500559863199,41.4942004233199],[-81.3501292752304,41.4942383501706],[-81.3501968261772,41.4942818849333],[-81.3502578834368,41.4943305405722],[-81.350311763928,41.4943837727619],[-81.3503578648537,41.4944409859759],[-81.3503956704454,41.4945015401493],[-81.350424757734,41.4945647578391]]]},"properties":{"source_county":"Geauga","jurisdiction":"Russell Township","parcel_id":"26-193533","owner_name":"SIMMONS KENNETH W JR & HELEN","property_address":"8170 BELLE VERNON DR","property_city":"NOVELTY","property_zip":"44072"}},{"type":"Feature","geometry":{"type":"Polygon","coordinates":[[[-81.3493972967593,41.4949092355413],[-81.3504679603879,41.4946776685307],[-81.3506724236602,41.4952120352277],[-81.3494796734664,41.4954700069441],[-81.3493972967593,41.4949092355413]]]},"properties":{"source_county":"Geauga","jurisdiction":"Russell Township","parcel_id":"26-193534","owner_name":"FORMICHELLI FRANCO & ELIZABETH","property_address":"8160 BELLE VERNON DR","property_city":"NOVELTY","property_zip":"44072"}},{"type":"Feature","geometry":{"type":"Polygon","coordinates":[[[-81.3494796734664,41.4954700069441],[-81.3506724236602,41.4952120352277],[-81.350843490874,41.4956591117074],[-81.3495306279615,41.4959430609868],[-81.3492797132384,41.4955132534475],[-81.3494796734664,41.4954700069441]]]},"properties":{"source_county":"Geauga","jurisdiction":"Russell Township","parcel_id":"26-193535","owner_name":"IZANT RICHARD W & JUDITH A","property_address":"8150 BELLE VERNON DR","property_city":"NOVELTY","property_zip":"44072"}},{"type":"Feature","geometry":{"type":"Polygon","coordinates":[[[-81.3464872496808,41.4944198846839],[-81.3455159066441,41.4928054008017],[-81.3456686201719,41.4928040670314],[-81.3456665789342,41.4929000836449],[-81.346214380659,41.4928952503978],[-81.3463366366369,41.4928941710805],[-81.3474352287308,41.4943003356795],[-81.3470480827116,41.4943260423959],[-81.3469051087134,41.4943390925469],[-81.3467635759849,41.4943591451566],[-81.3466240905531,41.4943861143619],[-81.3464872496808,41.4944198846839]]]},"properties":{"source_county":"Geauga","jurisdiction":"Russell Township","parcel_id":"26-193544","owner_name":"ELIADES MANOS","property_address":"8275 BELLE VERNON DR","property_city":"NOVELTY","property_zip":"44072"}},{"type":"Feature","geometry":{"type":"Polygon","coordinates":[[[-81.3450752846845,41.4928092475619],[-81.3455159066441,41.4928054008017],[-81.3464872496808,41.4944198846839],[-81.3463800776622,41.4944517010827],[-81.3462752670846,41.4944876908149],[-81.3455847194148,41.4947414351702],[-81.3450752846845,41.4928092475619]]]},"properties":{"source_county":"Geauga","jurisdiction":"Russell Township","parcel_id":"26-193545","owner_name":"HAHL CHARLES W & CAROLE C","property_address":"8285 BELLE VERNON DR","property_city":"NOVELTY","property_zip":"44072"}},{"type":"Feature","geometry":{"type":"Polygon","coordinates":[[[-81.3450481292659,41.4928094850496],[-81.3450752846845,41.4928092475619],[-81.3455847194148,41.4947414351702],[-81.3450600066612,41.4949342387696],[-81.344900708379,41.4940030337316],[-81.3450224720732,41.4940019400707],[-81.3450481292659,41.4928094850496]]]},"properties":{"source_county":"Geauga","jurisdiction":"Russell Township","parcel_id":"26-193546","owner_name":"DI BLASIO JOSEPH A & SUSAN A","property_address":"8315 BELLE VERNON DR","property_city":"NOVELTY","property_zip":"44072"}},{"type":"Feature","geometry":{"type":"Polygon","coordinates":[[[-81.34438396759,41.4940076741532],[-81.344900708379,41.4940030337316],[-81.3450600066612,41.4949342387696],[-81.345015646167,41.4949505381689],[-81.3449400335626,41.4949756070832],[-81.3448620378482,41.4949961381845],[-81.3447821399408,41.4950120048788],[-81.3447008324875,41.4950231093326],[-81.3446186168273,41.4950293830761],[-81.3445359999001,41.4950307874256],[-81.34445349112,41.495027313722],[-81.3443715992343,41.4950189833839],[-81.344321820687,41.4950124145017],[-81.3443440840388,41.494008032308],[-81.34438396759,41.4940076741532]]]},"properties":{"source_county":"Geauga","jurisdiction":"Russell Township","parcel_id":"26-193547","owner_name":"GIORGIANNI ALDA TRUSTEE","property_address":"8335 BELLE VERNON DR","property_city":"NOVELTY","property_zip":"44072"}},{"type":"Feature","geometry":{"type":"Polygon","coordinates":[[[-81.3437632228183,41.4940132458712],[-81.3443440840388,41.494008032308],[-81.344321820687,41.4950124145017],[-81.3436386947891,41.4949222682338],[-81.3436588319914,41.494014182723],[-81.3437632228183,41.4940132458712]]]},"properties":{"source_county":"Geauga","jurisdiction":"Russell Township","parcel_id":"26-193548","owner_name":"COLT WILLIAM J & SEZEMSKY GAYLE L","property_address":"8345 BELLE VERNON DR","property_city":"NOVELTY","property_zip":"44072"}},{"type":"Feature","geometry":{"type":"Polygon","coordinates":[[[-81.3427908047779,41.4925077010306],[-81.3437954713011,41.4925108420694],[-81.3437632228183,41.4940132458712],[-81.3436588319914,41.494014182723],[-81.3436386947891,41.4949222682338],[-81.3427398590452,41.4948036499352],[-81.3427908047779,41.4925077010306]]]},"properties":{"source_county":"Geauga","jurisdiction":"Russell Township","parcel_id":"26-193549","owner_name":"SMITH GREGORY P & PATRICIA A","property_address":"8365 BELLE VERNON DR","property_city":"NOVELTY","property_zip":"44072"}},{"type":"Feature","geometry":{"type":"Polygon","coordinates":[[[-81.3421128271796,41.492505576144],[-81.3427908047779,41.4925077010306],[-81.3427398590452,41.4948036499352],[-81.3418410056282,41.4946851244138],[-81.3418555567728,41.494030151155],[-81.3418656682736,41.4935747139009],[-81.3418893673249,41.492507353311],[-81.3421128271796,41.492505576144]]]},"properties":{"source_county":"Geauga","jurisdiction":"Russell Township","parcel_id":"26-193550","owner_name":"CHAPIC JOSEPH G","property_address":"8385 BELLE VERNON DR","property_city":"NOVELTY","property_zip":"44072"}},{"type":"Feature","geometry":{"type":"Polygon","coordinates":[[[-81.3492537467435,41.4987616780743],[-81.3495804407064,41.4972687198733],[-81.3505169609505,41.4973845477547],[-81.3502846509983,41.4984462521616],[-81.3518939928445,41.498427018392],[-81.3527656311887,41.4984165912577],[-81.3527820567029,41.4992004345241],[-81.3528031810646,41.5002084305043],[-81.3519346629142,41.5002011547319],[-81.3519343874349,41.5002011538065],[-81.3514084262318,41.5001964848774],[-81.3507060616688,41.5001902479002],[-81.3496996348285,41.5001813026366],[-81.3488105988857,41.5001733938888],[-81.3487848081619,41.50017316406],[-81.3482648702205,41.5001685352458],[-81.348247111929,41.5001683769422],[-81.3481566258248,41.5001675712582],[-81.3481678076665,41.4996617942889],[-81.3481706904741,41.4995314504156],[-81.3481769337006,41.4992490285886],[-81.3485625933489,41.4990744866954],[-81.3488456673368,41.4989463716434],[-81.3492537467435,41.4987616780743]]]},"properties":{"source_county":"Geauga","jurisdiction":"Russell Township","parcel_id":"26-193555","owner_name":"FAIRMOUNT EAST HOMEOWNERS ASSOC","property_address":" FOX HILLS DR","property_city":"NOVELTY","property_zip":"44072"}},{"type":"Feature","geometry":{"type":"Polygon","coordinates":[[[-81.3474352287308,41.4943003356795],[-81.3463366366369,41.4928941710805],[-81.3467621835164,41.4928904136751],[-81.3473096748415,41.4928855775737],[-81.3473039309866,41.4931599904901],[-81.3473937670949,41.4932277476852],[-81.3475958373249,41.4932259698042],[-81.348342028935,41.4942319765585],[-81.3482239001431,41.4942460966692],[-81.3481049945772,41.4942558587869],[-81.3474352287308,41.4943003356795]]]},"properties":{"source_county":"Geauga","jurisdiction":"Russell Township","parcel_id":"26-193605","owner_name":"LAGANKE MARY W TRUSTEE","property_address":"8245 BELLE VERNON DR","property_city":"NOVELTY","property_zip":"44072"}},{"type":"Feature","geometry":{"type":"Polygon","coordinates":[[[-81.3460305938233,41.4952841533398],[-81.3470689950022,41.4952972013732],[-81.3478606069832,41.4953070984141],[-81.3479390992866,41.4956401667315],[-81.3479310903439,41.496002387529],[-81.3460221904209,41.4959785131126],[-81.3460355379462,41.4953756891768],[-81.3460348161125,41.4953298678212],[-81.3460305938233,41.4952841533398]]]},"properties":{"source_county":"Geauga","jurisdiction":"Russell Township","parcel_id":"26-193607","owner_name":"BETTINGER JON R & DEBRA J","property_address":"13670 FOX DEN EAST ","property_city":"NOVELTY","property_zip":"44072"}},{"type":"Feature","geometry":{"type":"Polygon","coordinates":[[[-81.3396946737156,41.4815298052455],[-81.3417398178489,41.4815368967343],[-81.3417463662485,41.4819617094587],[-81.3396986935361,41.4819635880057],[-81.3396946737156,41.4815298052455]]]},"properties":{"source_county":"Geauga","jurisdiction":"Russell Township","parcel_id":"26-193800","owner_name":"EISINGER CHARLES J","property_address":"14170 CHILLICOTHE RD","property_city":"NOVELTY","property_zip":"44072"}},{"type":"Feature","geometry":{"type":"Polygon","coordinates":[[[-81.3288806812318,41.4744008804842],[-81.3297519185048,41.4743972260128],[-81.3297547704649,41.474781423563],[-81.3297531608,41.4748281085716],[-81.3297476442118,41.4748746246114],[-81.329738242603,41.4749207869303],[-81.3297249933066,41.474966412181],[-81.3297079489384,41.4750113191485],[-81.3296871771877,41.4750553294706],[-81.3296627605489,41.475098268346],[-81.329634795994,41.4751399652286],[-81.3291266347348,41.4758417349842],[-81.329110996864,41.4758591321707],[-81.3290912402039,41.4758739715211],[-81.3290680877545,41.4758857099836],[-81.3290423867875,41.4758939179845],[-81.32901507784,41.4758982951487],[-81.3289871602944,41.4758986812917],[-81.3289596558056,41.4758950622827],[-81.3289335709119,41.4758875705608],[-81.3289286291199,41.4758856404053],[-81.3287363482961,41.475806887366],[-81.3286770539235,41.4757841760753],[-81.3286161822574,41.4757639622838],[-81.3286060976073,41.4744020304636],[-81.3288806812318,41.4744008804842]]]},"properties":{"source_county":"Geauga","jurisdiction":"Russell Township","parcel_id":"26-195310","owner_name":"TORNBERG HILDRED E TRUSTEE","property_address":"14417 CRESTVIEW DR","property_city":"NOVELTY","property_zip":"44072"}},{"type":"Feature","geometry":{"type":"Polygon","coordinates":[[[-81.3409836326365,41.4785522446371],[-81.3412600584967,41.4785513915586],[-81.3412589357763,41.4794867131759],[-81.3406108291639,41.4794895601236],[-81.3406092267083,41.4785533989243],[-81.3406672469275,41.478553219863],[-81.3409836326365,41.4785522446371]]]},"properties":{"source_county":"Geauga","jurisdiction":"Russell Township","parcel_id":"26-197170","owner_name":"GREEN APRIL R","property_address":"8430 DINES RD","property_city":"NOVELTY","property_zip":"44072"}},{"type":"Feature","geometry":{"type":"Polygon","coordinates":[[[-81.3493754232879,41.4864062867166],[-81.350514197581,41.4864064010256],[-81.3505169219432,41.4867180790245],[-81.3505509981346,41.4906170737814],[-81.349913082451,41.4906227213404],[-81.3494122397786,41.4906271732357],[-81.3494018116757,41.4894317357133],[-81.3493902017193,41.4881006920253],[-81.3493781936617,41.4867239067283],[-81.3493754232879,41.4864062867166]]]},"properties":{"source_county":"Geauga","jurisdiction":"Russell Township","parcel_id":"26-197300","owner_name":"MCMANUS BRANDON & CATHERINE","property_address":"8171 FAIRMOUNT RD","property_city":"NOVELTY","property_zip":"44072"}},{"type":"Feature","geometry":{"type":"Polygon","coordinates":[[[-81.3422398570572,41.4767069213916],[-81.3428310698092,41.476708362389],[-81.3428713513038,41.4785356228252],[-81.3428715885311,41.4785464059737],[-81.3425676506655,41.4785473476008],[-81.3422711886372,41.4785482658123],[-81.3422709047098,41.4785346393178],[-81.3422435667396,41.4772203947844],[-81.3422398570572,41.4767069213916]]]},"properties":{"source_county":"Geauga","jurisdiction":"Russell Township","parcel_id":"26-197500","owner_name":"ZENOBI MARK EDWARD & DORTHY DEE","property_address":"8377 DINES RD","property_city":"NOVELTY","property_zip":"44072"}},{"type":"Feature","geometry":{"type":"Polygon","coordinates":[[[-81.3325370844209,41.4774085242941],[-81.3325135098467,41.4760621389278],[-81.3324823857543,41.4742845219759],[-81.3342935551372,41.4742769461094],[-81.3343413503056,41.4765167931429],[-81.3347485678362,41.4765150848201],[-81.3347923294724,41.4785651962942],[-81.3342720341322,41.4785661203391],[-81.3341356886492,41.4785663615489],[-81.3325574071642,41.4785691471347],[-81.3325370844209,41.4774085242941]]]},"properties":{"source_county":"Geauga","jurisdiction":"Russell Township","parcel_id":"26-198100","owner_name":"RADONICH RYAN & SANTOS DWETTA A","property_address":"8625 PEKIN RD","property_city":"NOVELTY","property_zip":"44072"}},{"type":"Feature","geometry":{"type":"Polygon","coordinates":[[[-81.3382375572193,41.4829660935988],[-81.3397079163072,41.4829589477823],[-81.3397094420604,41.483123612955],[-81.3382394517481,41.4831307562182],[-81.3382375572193,41.4829660935988]]]},"properties":{"source_county":"Geauga","jurisdiction":"Russell Township","parcel_id":"26-201890","owner_name":"GRANETO ADAM","property_address":" CHILLICOTHE RD","property_city":"NOVELTY","property_zip":"44072"}},{"type":"Feature","geometry":{"type":"Polygon","coordinates":[[[-81.3370721018967,41.4785611992139],[-81.3373760593165,41.4785606630014],[-81.3374119201009,41.4810340234185],[-81.3355871680081,41.4810399898167],[-81.3355513387934,41.4785640053081],[-81.3355513364024,41.478563870209],[-81.3355721528868,41.4785638342981],[-81.3355721876216,41.4785638337464],[-81.3355952253768,41.478563794021],[-81.3366086164239,41.4785620154514],[-81.3370721018967,41.4785611992139]]]},"properties":{"source_county":"Geauga","jurisdiction":"Russell Township","parcel_id":"26-201900","owner_name":"O C I CONSTRUCTION INC","property_address":"8560 PEKIN RD","property_city":"NOVELTY","property_zip":"44072"}},{"type":"Feature","geometry":{"type":"Polygon","coordinates":[[[-81.3382394517481,41.4831307562182],[-81.3397094420604,41.483123612955],[-81.3397180878099,41.4840567115407],[-81.3382501903635,41.4840638454687],[-81.3382394517481,41.4831307562182]]]},"properties":{"source_county":"Geauga","jurisdiction":"Russell Township","parcel_id":"26-201950","owner_name":"GRANETO ADAM","property_address":" CHILLICOTHE RD","property_city":"NOVELTY","property_zip":"44072"}},{"type":"Feature","geometry":{"type":"Polygon","coordinates":[[[-81.3376220074,41.4785602289269],[-81.3396715599282,41.4785565879061],[-81.3396946737156,41.4815298052455],[-81.3397079163072,41.4829589477823],[-81.3382375572193,41.4829660935988],[-81.3382394517481,41.4831307562182],[-81.3382501903635,41.4840638454687],[-81.3382520849558,41.4842285080335],[-81.3356334954873,41.4842411876916],[-81.3355871680081,41.4810399898167],[-81.3374119201009,41.4810340234185],[-81.3373760593165,41.4785606630014],[-81.3376220074,41.4785602289269]]]},"properties":{"source_county":"Geauga","jurisdiction":"Russell Township","parcel_id":"26-202000","owner_name":"GRANETO ADAM J","property_address":" CHILLICOTHE RD","property_city":"NOVELTY","property_zip":"44072"}},{"type":"Feature","geometry":{"type":"Polygon","coordinates":[[[-81.3382501903635,41.4840638454687],[-81.3397180878099,41.4840567115407],[-81.3397196148115,41.4842213766709],[-81.3382520849558,41.4842285080335],[-81.3382501903635,41.4840638454687]]]},"properties":{"source_county":"Geauga","jurisdiction":"Russell Township","parcel_id":"26-202010","owner_name":"GRANETO ADAM J","property_address":" CHILLICOTHE RD","property_city":"NOVELTY","property_zip":"44072"}},{"type":"Feature","geometry":{"type":"Polygon","coordinates":[[[-81.3347923294724,41.4785651962942],[-81.3355513364024,41.478563870209],[-81.3355513387934,41.4785640053081],[-81.3355871680081,41.4810399898167],[-81.3356334954873,41.4842411876916],[-81.3356381423529,41.4845622730528],[-81.3343989088749,41.4845689433525],[-81.3328024475241,41.4845776257729],[-81.3314427206821,41.4845868329598],[-81.3313971146348,41.4845871415545],[-81.3312935844457,41.4800976109872],[-81.3322059415816,41.4800937600896],[-81.3321730040235,41.4786531754288],[-81.3321711220647,41.4785708443754],[-81.3325479899617,41.4785691883048],[-81.3325574071642,41.4785691471347],[-81.3341356886492,41.4785663615489],[-81.3342720341322,41.4785661203391],[-81.3347923294724,41.4785651962942]]]},"properties":{"source_county":"Geauga","jurisdiction":"Russell Township","parcel_id":"26-204180","owner_name":"ERSTER OESTERREICHISCHER UNTERSTUETZUNGS VEREIN","property_address":"8636 PEKIN RD","property_city":"NOVELTY","property_zip":"44072"}},{"type":"Feature","geometry":{"type":"Polygon","coordinates":[[[-81.32904122738,41.476303985538],[-81.3295395845241,41.4756157598574],[-81.3301258298859,41.4758895517448],[-81.3303351242637,41.4756124191518],[-81.3318432333483,41.4756060706283],[-81.3318358622827,41.4760657097773],[-81.330512985172,41.4760726685704],[-81.3305152522619,41.4761824347087],[-81.329771070678,41.4763009235251],[-81.32904122738,41.476303985538]]]},"properties":{"source_county":"Geauga","jurisdiction":"Russell Township","parcel_id":"26-205530","owner_name":"FLOWERS SCOTT E & SUSAN M","property_address":"14390 CRESTVIEW DR","property_city":"NOVELTY","property_zip":"44072"}},{"type":"Feature","geometry":{"type":"Polygon","coordinates":[[[-81.3299602853989,41.4749205593046],[-81.3318542370068,41.474919943112],[-81.3318432333483,41.4756060706283],[-81.3303351242637,41.4756124191518],[-81.3301258298859,41.4758895517448],[-81.3295395845241,41.4756157598574],[-81.3298270842733,41.4752187195795],[-81.3298732562002,41.4751477488923],[-81.3299110276414,41.4750740217431],[-81.3299401111485,41.4749980992667],[-81.3299602853989,41.4749205593046]]]},"properties":{"source_county":"Geauga","jurisdiction":"Russell Township","parcel_id":"26-205950","owner_name":"SINKS MELANIE & ROBERT M","property_address":"14420 CRESTVIEW DR","property_city":"NOVELTY","property_zip":"44072"}},{"type":"Feature","geometry":{"type":"Polygon","coordinates":[[[-81.3269737757472,41.4906898423197],[-81.328360690692,41.490697828135],[-81.3283656670883,41.4922758527401],[-81.3269786457232,41.4922678662492],[-81.3269737027045,41.490689841581],[-81.3269737757472,41.4906898423197]]]},"properties":{"source_county":"Geauga","jurisdiction":"Russell Township","parcel_id":"26-208100","owner_name":"FOGARTY JONAS CHRISTOPHER & ELLIOTT ALEXA","property_address":"8810 FAIRMOUNT RD","property_city":"NOVELTY","property_zip":"44072"}},{"type":"Feature","geometry":{"type":"Polygon","coordinates":[[[-81.3423638467014,41.4844831920809],[-81.3423530105121,41.4834438387334],[-81.3424572290042,41.4834595297393],[-81.3425627932248,41.4834688340685],[-81.3426380559,41.4834715273182],[-81.3427134001143,41.4834709710067],[-81.3430137669255,41.4834701741458],[-81.3430299288516,41.4844695100892],[-81.3423638467014,41.4844831920809]]]},"properties":{"source_county":"Geauga","jurisdiction":"Russell Township","parcel_id":"26-209700","owner_name":"WOODS DON J","property_address":"8380 RIVERSIDE DR","property_city":"NOVELTY","property_zip":"44072"}},{"type":"Feature","geometry":{"type":"Polygon","coordinates":[[[-81.335456414847,41.4952514659831],[-81.3354814789863,41.4944005037706],[-81.3360011063122,41.4944355096469],[-81.3359768250772,41.4952600898156],[-81.335456414847,41.4952514659831]]]},"properties":{"source_county":"Geauga","jurisdiction":"Russell Township","parcel_id":"26-211200","owner_name":"YOUNG GEORGE E & PAMELA A TRUSTEES","property_address":"8583 PERRY DR","property_city":"NOVELTY","property_zip":"44072"}},{"type":"Feature","geometry":{"type":"Polygon","coordinates":[[[-81.3395412333304,41.4993102559474],[-81.3416959738028,41.4992826614223],[-81.3420520152753,41.4997400839149],[-81.3395304382461,41.4997222790073],[-81.3395412333304,41.4993102559474]]]},"properties":{"source_county":"Geauga","jurisdiction":"Russell Township","parcel_id":"26-213300","owner_name":"ZISKA OTTO JOHN TOD","property_address":"13548 CHILLICOTHE RD","property_city":"NOVELTY","property_zip":"44072"}},{"type":"Feature","geometry":{"type":"Polygon","coordinates":[[[-81.3494312815414,41.4824896991135],[-81.3501247290281,41.4824928100261],[-81.3501293325005,41.4834510596714],[-81.3494358998544,41.4834529413925],[-81.3494312815414,41.4824896991135]]]},"properties":{"source_county":"Geauga","jurisdiction":"Russell Township","parcel_id":"26-213710","owner_name":"ZSULYA CAROL T TRUSTEE","property_address":"8177 W RIVER DR","property_city":"NOVELTY","property_zip":"44072"}},{"type":"Feature","geometry":{"type":"Polygon","coordinates":[[[-81.337795683089,41.4975576630238],[-81.3378451856579,41.4958003037807],[-81.3392371682093,41.4958233366341],[-81.3392655491267,41.4958259086538],[-81.3392927196158,41.4958325887589],[-81.3393176382751,41.4958431209118],[-81.3393393500109,41.4958571014318],[-81.3393570226443,41.4958739944675],[-81.3393699788073,41.4958931525352],[-81.3393777219057,41.4959138413351],[-81.339379955153,41.4959352678962],[-81.3393595237653,41.4967121305368],[-81.3380470247304,41.4966351805691],[-81.3380351905038,41.4970554564514],[-81.3393484699995,41.4971309455608],[-81.3393348044669,41.4976505366993],[-81.337795683089,41.4975576630238]]]},"properties":{"source_county":"Geauga","jurisdiction":"Russell Township","parcel_id":"26-213803","owner_name":"MATTHEWS SYLVIA A TRUSTEE","property_address":" PINE HOLLOW DR","property_city":"NOVELTY","property_zip":"44072"}},{"type":"Feature","geometry":{"type":"Polygon","coordinates":[[[-81.3363823507953,41.4972727808678],[-81.3367547896923,41.4956048966632],[-81.3368297923297,41.4956281672514],[-81.3369030500219,41.4956543924119],[-81.3369917452825,41.4956860088699],[-81.3370826587713,41.4957138368705],[-81.3371755044839,41.4957377888688],[-81.3372699903364,41.4957577895138],[-81.337365819084,41.4957737758849],[-81.3374626892568,41.49578569769],[-81.3375602961077,41.4957935174239],[-81.3376583325721,41.4957972104863],[-81.3378451856579,41.4958003037807],[-81.337795683089,41.4975576630238],[-81.3372781061505,41.4975264266864],[-81.3363823507953,41.4972727808678]]]},"properties":{"source_county":"Geauga","jurisdiction":"Russell Township","parcel_id":"26-213804","owner_name":"SHIPITALO JOHN S & GRETCHEN A","property_address":"8540 PINE HOLLOW DR","property_city":"NOVELTY","property_zip":"44072"}},{"type":"Feature","geometry":{"type":"Polygon","coordinates":[[[-81.3349770579322,41.4968545581543],[-81.3354362862678,41.4955160637674],[-81.336242305244,41.4955294202074],[-81.3363078368717,41.4955315639916],[-81.3363731862398,41.4955358160488],[-81.3364382334136,41.4955421685753],[-81.3365028590128,41.4955506099124],[-81.3365669444308,41.4955611245678],[-81.3366303720522,41.495573693244],[-81.3366930254686,41.495588292874],[-81.3367547896923,41.4956048966632],[-81.3363823507953,41.4972727808678],[-81.3355135205752,41.4970267517912],[-81.3353775772604,41.4969869870058],[-81.3352428104009,41.4969450198639],[-81.335109283113,41.4969008700208],[-81.3349770579322,41.4968545581543]]]},"properties":{"source_county":"Geauga","jurisdiction":"Russell Township","parcel_id":"26-213805","owner_name":"JACKSON WILLIAM A","property_address":"8580 PINE HOLLOW DR","property_city":"NOVELTY","property_zip":"44072"}},{"type":"Feature","geometry":{"type":"Polygon","coordinates":[[[-81.332901990446,41.4960118788444],[-81.3337006876328,41.4952609875066],[-81.3337492649992,41.4952883652281],[-81.3337992624278,41.4953142575704],[-81.3338505996177,41.4953386229469],[-81.3339031941159,41.4953614222237],[-81.3339569614498,41.495382618782],[-81.3340118152626,41.4954021785773],[-81.3340676674526,41.4954200701938],[-81.3341244283139,41.4954362648951],[-81.3341820066813,41.4954507366703],[-81.3342403100762,41.4954634622756],[-81.3342992448552,41.495474421272],[-81.334358716361,41.4954835960576],[-81.3344186290738,41.4954909718965],[-81.3344788867653,41.495496536942],[-81.3345393926526,41.4955002822558],[-81.3346000495547,41.4955022018224],[-81.3354362862678,41.4955160637674],[-81.3349770579322,41.4968545581543],[-81.3348714097034,41.4968156473899],[-81.3346629034906,41.4967336969103],[-81.332901990446,41.4960118788444]]]},"properties":{"source_county":"Geauga","jurisdiction":"Russell Township","parcel_id":"26-213806","owner_name":"KIRBY SANDRA TOD & LOCZY RONALD TOD","property_address":"8630 PINE HOLLOW DR","property_city":"NOVELTY","property_zip":"44072"}},{"type":"Feature","geometry":{"type":"Polygon","coordinates":[[[-81.3305193731427,41.495035148862],[-81.3328388159717,41.494639610637],[-81.3328582904803,41.4946579889364],[-81.3328804240684,41.4946745786957],[-81.3329049282847,41.494689163711],[-81.3329314837824,41.4947015539049],[-81.3329597444811,41.4947115878036],[-81.3329893420767,41.4947191346413],[-81.3330198908419,41.4947240960646],[-81.3330509926529,41.4947264074143],[-81.3330839689482,41.4947303058063],[-81.333114905783,41.494739733447],[-81.333142186141,41.4947541975697],[-81.3331643841212,41.4947729421592],[-81.3333943554766,41.4950187738796],[-81.3334618228706,41.4950855307796],[-81.3335356394073,41.4951483752201],[-81.3336154050784,41.4952069666353],[-81.3337006876328,41.4952609875066],[-81.332901990446,41.4960118788444],[-81.3315790241885,41.4954694951215],[-81.3305193731427,41.495035148862]]]},"properties":{"source_county":"Geauga","jurisdiction":"Russell Township","parcel_id":"26-213807","owner_name":"ROBY DIANE E TOD","property_address":"8660 PINE HOLLOW DR","property_city":"NOVELTY","property_zip":"44072"}},{"type":"Feature","geometry":{"type":"Polygon","coordinates":[[[-81.3298291211495,41.4948521998043],[-81.3300484047897,41.4938904872895],[-81.33083759651,41.4939908051499],[-81.3311896416065,41.4935464719738],[-81.332271044414,41.4934888162574],[-81.3329054070317,41.4943521046406],[-81.3328841091127,41.4943645245377],[-81.3328645387652,41.4943784588308],[-81.3328468856803,41.4943937724586],[-81.3328313209662,41.49441031699],[-81.3328179954894,41.4944279320632],[-81.332807038412,41.4944464469396],[-81.3327985559405,41.4944656821591],[-81.3327926302958,41.494485451279],[-81.332789318916,41.4945055626819],[-81.3327886539001,41.4945258214322],[-81.3327906416963,41.494546031166],[-81.3327952630399,41.4945659959944],[-81.3328024731393,41.4945855224022],[-81.3328122021107,41.4946044211233],[-81.332824355655,41.4946225089758],[-81.3328388159717,41.494639610637],[-81.3305193731427,41.495035148862],[-81.3303975888892,41.4949852220709],[-81.3303309654546,41.4949594921645],[-81.3302627344014,41.4949362654953],[-81.3301930619904,41.4949155986598],[-81.3301221179943,41.4948975420171],[-81.3300500752835,41.4948821395661],[-81.3299771094054,41.4948694288378],[-81.3299033981566,41.4948594408046],[-81.3298291211495,41.4948521998043]]]},"properties":{"source_county":"Geauga","jurisdiction":"Russell Township","parcel_id":"26-213808","owner_name":"MALLINAK EDWARD S JR & ANN M","property_address":"8722 PINE HOLLOW DR","property_city":"NOVELTY","property_zip":"44072"}},{"type":"Feature","geometry":{"type":"Polygon","coordinates":[[[-81.3329054070317,41.4943521046406],[-81.332271044414,41.4934888162574],[-81.3329612756762,41.4931246700209],[-81.3336794887144,41.4930093265441],[-81.3349638610185,41.4928030451601],[-81.3350710876958,41.4928387012007],[-81.3350611131471,41.4931772670468],[-81.3332866914884,41.4944027590302],[-81.3332702277357,41.4943867946258],[-81.3332517618928,41.494372120476],[-81.3332314718213,41.4943588779199],[-81.3332095529531,41.4943471945079],[-81.3331862164084,41.4943371827729],[-81.3331616869614,41.4943289391462],[-81.3331362008764,41.4943225430293],[-81.3331100036311,41.4943180560283],[-81.3330833475532,41.4943155213615],[-81.3330564893896,41.4943149634422],[-81.3330296878334,41.4943163876442],[-81.3330032010327,41.4943197802498],[-81.3329772841038,41.4943251085822],[-81.3329521866745,41.4943323213195],[-81.3329281504794,41.49434134899],[-81.3329054070317,41.4943521046406]]]},"properties":{"source_county":"Geauga","jurisdiction":"Russell Township","parcel_id":"26-213809","owner_name":"WINKLER KAREN M TRUSTEE","property_address":"8639 PINE HOLLOW DR","property_city":"NOVELTY","property_zip":"44072"}},{"type":"Feature","geometry":{"type":"Polygon","coordinates":[[[-81.3332866914884,41.4944027590302],[-81.3350611131471,41.4931772670468],[-81.3349972755159,41.4953440739476],[-81.3346048501918,41.4953375673167],[-81.3345291709327,41.4953346463834],[-81.334453848174,41.4953284045119],[-81.3343791395029,41.4953188630481],[-81.3343053004063,41.4953060546216],[-81.3342325833969,41.4952900230343],[-81.3341612371494,41.4952708231107],[-81.3340915056506,41.49524852051],[-81.3340236273643,41.4952231915019],[-81.333957834416,41.4951949227057],[-81.333894351799,41.4951638107937],[-81.333833396605,41.4951299621611],[-81.3337751772816,41.4950934925616],[-81.3337198929192,41.4950545267119],[-81.3336677325707,41.4950131978652],[-81.3336188746045,41.4949696473548],[-81.3335734860947,41.4949240241116],[-81.3333435144,41.4946781927392],[-81.3333275558349,41.4946561488653],[-81.3333186733829,41.4946319559813],[-81.3333173312914,41.4946068785665],[-81.3333235996981,41.4945822273298],[-81.3333312210373,41.4945594400406],[-81.3333353385214,41.4945361481723],[-81.3333358984978,41.494512655249],[-81.3333328936733,41.4944892674143],[-81.3333263632082,41.4944662894423],[-81.3333163922067,41.4944440207655],[-81.3333031106071,41.4944227515734],[-81.3332866914884,41.4944027590302]]]},"properties":{"source_county":"Geauga","jurisdiction":"Russell Township","parcel_id":"26-213810","owner_name":"SPRING NICOLE MARIE TOD","property_address":"8621 PINE HOLLOW DR","property_city":"NOVELTY","property_zip":"44072"}},{"type":"Feature","geometry":{"type":"Polygon","coordinates":[[[-81.3349972755159,41.4953440739476],[-81.3350611131471,41.4931772670468],[-81.3350710876958,41.4928387012007],[-81.3357742981743,41.4930725364227],[-81.3357698872031,41.4931916557676],[-81.337396860769,41.4932080395316],[-81.3373621298095,41.494527187598],[-81.3372590670118,41.4945202454664],[-81.3365381028994,41.4944716833609],[-81.3360011063122,41.4944355096469],[-81.3354814789863,41.4944005037706],[-81.335456414847,41.4952514659831],[-81.3354550813748,41.4952967385434],[-81.3360937260239,41.4953073214435],[-81.3360921095612,41.4953622183688],[-81.3349972755159,41.4953440739476]]]},"properties":{"source_county":"Geauga","jurisdiction":"Russell Township","parcel_id":"26-213811","owner_name":"YOUNG GEORGE E & PAMELA A TRUSTEES","property_address":" PINE HOLLOW DR","property_city":"NOVELTY","property_zip":"44072"}},{"type":"Feature","geometry":{"type":"Polygon","coordinates":[[[-81.3245040628672,41.4976295649689],[-81.3257930251168,41.4976404504526],[-81.3268481357302,41.4988371465589],[-81.32653172595,41.4988346170532],[-81.3244828115409,41.4988182160928],[-81.3245040628672,41.4976295649689]]]},"properties":{"source_county":"Geauga","jurisdiction":"Russell Township","parcel_id":"26-213845","owner_name":"O MALLEY MARY E TOD","property_address":"8835 BEECHWOOD DR","property_city":"NOVELTY","property_zip":"44072"}},{"type":"Feature","geometry":{"type":"Polygon","coordinates":[[[-81.3351394245523,41.4988480324052],[-81.335167063259,41.497716817796],[-81.3344875294631,41.4977114473027],[-81.3337902569817,41.4977059332125],[-81.3332384457546,41.4977015656528],[-81.3328527589969,41.4976985122854],[-81.3324623477823,41.4976954190885],[-81.3320813856213,41.4976923999032],[-81.3316956989874,41.4976893417885],[-81.3313216661724,41.4976863754895],[-81.3315608381796,41.495626151415],[-81.3345711936415,41.496860156967],[-81.334784539314,41.4969440275655],[-81.3350016304657,41.497022277614],[-81.3352222052248,41.4970948127169],[-81.3354459975144,41.4971615453728],[-81.3364720582091,41.4974520967658],[-81.3369753030761,41.4984233990857],[-81.3369645888706,41.4988624405377],[-81.3351394245523,41.4988480324052]]]},"properties":{"source_county":"Geauga","jurisdiction":"Russell Township","parcel_id":"26-213878","owner_name":"DAVIDSON GLEN H & DISSAUER ELLEN M","property_address":"8551 BEECHWOOD DR","property_city":"NOVELTY","property_zip":"44072"}},{"type":"Feature","geometry":{"type":"Polygon","coordinates":[[[-81.3385698756911,41.4892884283757],[-81.338493945153,41.4892258704756],[-81.3382047126325,41.4892720687459],[-81.3381989561535,41.4888795193871],[-81.33852657145,41.4888767186802],[-81.3385217258737,41.4885464289236],[-81.3385581995021,41.4885461782335],[-81.3385640893267,41.4889205676967],[-81.3385698756911,41.4892884283757]]]},"properties":{"source_county":"Geauga","jurisdiction":"Russell Township","parcel_id":"26-213970","owner_name":"ANDREANI GIOVANNI & RITA ANDREANI ETAL","property_address":" KENT RD","property_city":"NOVELTY","property_zip":"44072"}},{"type":"Feature","geometry":{"type":"Polygon","coordinates":[[[-81.3347923294724,41.4785651962942],[-81.3347485678362,41.4765150848201],[-81.3343413503056,41.4765167931429],[-81.3342935551372,41.4742769461094],[-81.3355035616989,41.4742718665089],[-81.3355200609969,41.4750444582205],[-81.3355279724598,41.4754149436585],[-81.3355358852091,41.4757854290672],[-81.3355455339779,41.4762371958007],[-81.3355494109541,41.4764187550663],[-81.3355952220443,41.4785636445044],[-81.3355952253768,41.478563794021],[-81.3355721876216,41.4785638337464],[-81.3355721528868,41.4785638342981],[-81.3355513364024,41.478563870209],[-81.3347923294724,41.4785651962942]]]},"properties":{"source_county":"Geauga","jurisdiction":"Russell Township","parcel_id":"26-213988","owner_name":"RADONICH RYAN & SANTOS DWETTA A","property_address":"8605 PEKIN RD","property_city":"NOVELTY","property_zip":"44072"}},{"type":"Feature","geometry":{"type":"Polygon","coordinates":[[[-81.3469947412432,41.4784512129479],[-81.3479974022112,41.4784480638482],[-81.3479686929438,41.4785304894708],[-81.3469956359504,41.4785335454681],[-81.3469947412432,41.4784512129479]]]},"properties":{"source_county":"Geauga","jurisdiction":"Russell Township","parcel_id":"26-213993","owner_name":"BOUCK THEODORE C & LINDA M","property_address":" DINES RD","property_city":"NOVELTY","property_zip":"44072"}},{"type":"Feature","geometry":{"type":"Polygon","coordinates":[[[-81.3368590600845,41.488557848678],[-81.3377579606695,41.4885516775028],[-81.3377696686532,41.4893415572416],[-81.3374646189719,41.4893902804597],[-81.3368717624417,41.4894849699013],[-81.3368590600845,41.488557848678]]]},"properties":{"source_county":"Geauga","jurisdiction":"Russell Township","parcel_id":"26-214030","owner_name":"CLEVELAND MUSEUM OF NATURAL HISTORY THE","property_address":" FAIRMOUNT RD","property_city":"NOVELTY","property_zip":"44072"}},{"type":"Feature","geometry":{"type":"Polygon","coordinates":[[[-81.3374316572317,41.4906092908886],[-81.3376451116369,41.4905269906051],[-81.3377975167017,41.4905465646934],[-81.3377926658432,41.4907261274232],[-81.3372354633126,41.4907299809168],[-81.3372363073934,41.490684608828],[-81.3374316572317,41.4906092908886]]]},"properties":{"source_county":"Geauga","jurisdiction":"Russell Township","parcel_id":"26-214044","owner_name":"CLEVELAND MUSEUM OF NATURAL HISTORY THE","property_address":" FAIRMOUNT RD","property_city":"NOVELTY","property_zip":"44072"}},{"type":"Feature","geometry":{"type":"Polygon","coordinates":[[[-81.3244842951629,41.4906754658604],[-81.3248492025714,41.4906775760277],[-81.3248586363774,41.4937204457673],[-81.3283742870334,41.4950093144494],[-81.3283756725654,41.4954484297274],[-81.3276751629614,41.4962732824622],[-81.327629746089,41.4963246418148],[-81.3275812453465,41.496374381861],[-81.3275297627058,41.4964223980162],[-81.3274754064093,41.4964685893204],[-81.3274071518506,41.4965219150347],[-81.3273351541932,41.4965723818059],[-81.3272596249825,41.4966198413454],[-81.3271807861421,41.4966641542008],[-81.3270992759782,41.4967056449946],[-81.327014895162,41.4967437542304],[-81.3269278916285,41.4967783699304],[-81.3268385210205,41.4968093903816],[-81.3267473174712,41.4968372333133],[-81.3266542411422,41.4968613198174],[-81.3265595655272,41.496881579118],[-81.3264635688204,41.4968979516852],[-81.3263828791113,41.4969090655169],[-81.3263015965637,41.4969173867113],[-81.3262198920824,41.4969228977725],[-81.3261379374591,41.4969255871128],[-81.3260361939624,41.4969256459427],[-81.3259346050954,41.4969214299197],[-81.3258334883797,41.4969129522212],[-81.3257331598614,41.4969002393447],[-81.3245202306859,41.4967235531992],[-81.3244842065539,41.4906754649624],[-81.3244842951629,41.4906754658604]]]},"properties":{"source_county":"Geauga","jurisdiction":"Russell Township","parcel_id":"26-214054","owner_name":"ROGERS BARRY A TOD & CAROLYN A TOD","property_address":"8910 FAIRMOUNT RD","property_city":"NOVELTY","property_zip":"44072"}},{"type":"Feature","geometry":{"type":"Polygon","coordinates":[[[-81.3446601211041,41.4785408464013],[-81.3447518347266,41.4785405606304],[-81.3447523973093,41.4786228943875],[-81.3447583063798,41.479487666632],[-81.3447647920992,41.4804366356345],[-81.344765389685,41.4805241898849],[-81.3441083091129,41.4805273146745],[-81.3440947655005,41.4785426064618],[-81.3446601211041,41.4785408464013]]]},"properties":{"source_county":"Geauga","jurisdiction":"Russell Township","parcel_id":"26-214062","owner_name":"WADE PARK PROPERTIES LTD","property_address":"8318 DINES RD","property_city":"NOVELTY","property_zip":"44072"}},{"type":"Feature","geometry":{"type":"Polygon","coordinates":[[[-81.3397255574582,41.4866875530312],[-81.3397213407805,41.487789585845],[-81.3385490161419,41.4877949803253],[-81.3380784470565,41.4877971846548],[-81.3377929088865,41.4873506619385],[-81.3397255655202,41.4866854729619],[-81.3397255574582,41.4866875530312]]]},"properties":{"source_county":"Geauga","jurisdiction":"Russell Township","parcel_id":"26-214064","owner_name":"ROGERS PETER V & EILEEN","property_address":"13965 CHILLICOTHE RD","property_city":"NOVELTY","property_zip":"44072"}},{"type":"Feature","geometry":{"type":"Polygon","coordinates":[[[-81.3356709598332,41.48756403719],[-81.3349839777621,41.487425015646],[-81.3324760963628,41.4874393361287],[-81.3325111542375,41.4871319301071],[-81.3330542334987,41.48641225642],[-81.3335401659849,41.4862422237328],[-81.3335715685943,41.4862670553494],[-81.3336080144718,41.4862876255574],[-81.3336484935761,41.486303364283],[-81.3336918840882,41.4863138353494],[-81.3337369835014,41.4863187485658],[-81.333782541948,41.4863179677691],[-81.3338272968381,41.486311514598],[-81.3338700078524,41.4862995678932],[-81.334474955355,41.4860857119859],[-81.3345241953726,41.4860695227064],[-81.3345745358224,41.4860553759203],[-81.334625826996,41.486043313699],[-81.3346779163578,41.4860333719143],[-81.3347306489988,41.4860255801322],[-81.3347838680968,41.4860199615247],[-81.3348374153835,41.4860165328009],[-81.3348911316145,41.4860153041577],[-81.334944857043,41.4860162792488],[-81.3349984318949,41.4860194551744],[-81.3350516968438,41.4860248224897],[-81.3351044934849,41.4860323652327],[-81.335156664806,41.4860420609721],[-81.3352080556542,41.4860538808737],[-81.3352585131976,41.486067789786],[-81.3353078873795,41.4860837463454],[-81.3356556335542,41.4862046801308],[-81.3362534002094,41.4864125580029],[-81.3363211301377,41.486434939497],[-81.3363899487217,41.486455357149],[-81.3364597552966,41.4864737810924],[-81.3365304477521,41.4864901843773],[-81.3366019226817,41.4865045430095],[-81.3366740755342,41.4865168359855],[-81.3367468007664,41.4865270453234],[-81.336819991998,41.4865351560893],[-81.3368935421665,41.486541156419],[-81.3369673436846,41.4865450375354],[-81.337041288597,41.4865467937613],[-81.3371152687388,41.4865464225276],[-81.3371891758935,41.4865439243774],[-81.3372629019513,41.4865393029649],[-81.3373363390674,41.4865325650504],[-81.3374093798198,41.4865237204896],[-81.3368993928691,41.4869551263911],[-81.3367451299003,41.4873494319359],[-81.33685817047,41.4878042770604],[-81.3356709598332,41.48756403719]]]},"properties":{"source_county":"Geauga","jurisdiction":"Russell Township","parcel_id":"26-214065","owner_name":"CLEVELAND MUSEUM OF NATURAL HISTORY THE","property_address":" CENTURY LN","property_city":"NOVELTY","property_zip":"44072"}},{"type":"Feature","geometry":{"type":"Polygon","coordinates":[[[-81.3248586363774,41.4937204457673],[-81.3248492025714,41.4906775760277],[-81.3269737027045,41.490689841581],[-81.3269786457232,41.4922678662492],[-81.3283656670883,41.4922758527401],[-81.3283716069967,41.4941595736713],[-81.3283742870334,41.4950093144494],[-81.3248586363774,41.4937204457673]]]},"properties":{"source_county":"Geauga","jurisdiction":"Russell Township","parcel_id":"26-214068","owner_name":"ROGERS BARRY A TOD & CAROLYN A TOD","property_address":"8890 FAIRMOUNT RD","property_city":"NOVELTY","property_zip":"44072"}},{"type":"Feature","geometry":{"type":"Polygon","coordinates":[[[-81.3378593519077,41.4869325493433],[-81.3382540319254,41.486272223136],[-81.3385101576698,41.4861763468863],[-81.3385746009024,41.486154823649],[-81.3386413068145,41.4861376347389],[-81.3387097609841,41.4861249127128],[-81.3387794355085,41.4861167556799],[-81.3388497930744,41.4861132265454],[-81.3389202911016,41.486114352525],[-81.3389903859268,41.4861201249355],[-81.3390595369958,41.4861304992614],[-81.3394978465908,41.486211448948],[-81.3395207725439,41.4862172311143],[-81.3395421147675,41.4862257794985],[-81.3395612877649,41.4862368595867],[-81.3395777655487,41.4862501674113],[-81.3395910960703,41.4862653378892],[-81.3396009136217,41.4862819548375],[-81.3396069488677,41.4862995623911],[-81.3396090362356,41.4863176775083],[-81.3397269743662,41.4863173770264],[-81.3397255655202,41.4866854729619],[-81.3377929088865,41.4873506619385],[-81.3377326477858,41.4872564251874],[-81.3378593519077,41.4869325493433]]]},"properties":{"source_county":"Geauga","jurisdiction":"Russell Township","parcel_id":"26-214107","owner_name":"MANSFIELD HAROLD JR & ERIN A","property_address":"8510 CENTURY LN","property_city":"NOVELTY","property_zip":"44072"}},{"type":"Feature","geometry":{"type":"Polygon","coordinates":[[[-81.3378970689329,41.486405597386],[-81.3382540319254,41.486272223136],[-81.3378593519077,41.4869325493433],[-81.3377326477858,41.4872564251874],[-81.3377929088865,41.4873506619385],[-81.3380784470565,41.4877971846548],[-81.3377482371902,41.4877991052714],[-81.33685817047,41.4878042770604],[-81.3367451299003,41.4873494319359],[-81.3368993928691,41.4869551263911],[-81.3374093798198,41.4865237204896],[-81.3375349494584,41.4865033981331],[-81.3376584486243,41.4864768543192],[-81.3377793327832,41.4864442060857],[-81.3378970689329,41.486405597386]]]},"properties":{"source_county":"Geauga","jurisdiction":"Russell Township","parcel_id":"26-214108","owner_name":"CROWL RON W & TAMMY L","property_address":"8530 CENTURY LN","property_city":"NOVELTY","property_zip":"44072"}},{"type":"Feature","geometry":{"type":"Polygon","coordinates":[[[-81.3328024475241,41.4845776257729],[-81.3330265783939,41.4845764251345],[-81.3334449121367,41.4856257287421],[-81.3336383211357,41.4859265774903],[-81.3336109808967,41.485937573259],[-81.3335854696629,41.4859508233467],[-81.3335621147251,41.4859661577649],[-81.333541215711,41.4859833797847],[-81.3335230407415,41.4860022684604],[-81.3335078229902,41.4860225814642],[-81.3334957576929,41.486044058195],[-81.3334869996416,41.4860664231218],[-81.3334816611995,41.4860893893183],[-81.3334798108588,41.4861126621438],[-81.3334814723618,41.4861359430239],[-81.3334866243962,41.4861589332803],[-81.3334952008683,41.4861813379628],[-81.333507091751,41.4862028696337],[-81.3335221444948,41.486223252055],[-81.3335401659849,41.4862422237328],[-81.3330542334987,41.48641225642],[-81.3325111542375,41.4871319301071],[-81.3328024475241,41.4845776257729]]]},"properties":{"source_county":"Geauga","jurisdiction":"Russell Township","parcel_id":"26-214109","owner_name":"KELLEY LYNN A","property_address":"8665 CENTURY LN","property_city":"NOVELTY","property_zip":"44072"}},{"type":"Feature","geometry":{"type":"Polygon","coordinates":[[[-81.3336383211357,41.4859265774903],[-81.3334449121367,41.4856257287421],[-81.3330265783939,41.4845764251345],[-81.3343989088749,41.4845689433525],[-81.3343989037278,41.4845690981867],[-81.3343492341314,41.4859481976133],[-81.3341476025632,41.4860194769183],[-81.3341245011914,41.486025916424],[-81.3341002887152,41.4860293431276],[-81.3340756547117,41.4860296594358],[-81.3340513007631,41.4860268563402],[-81.3340279204757,41.4860210136734],[-81.334006179725,41.486012297836],[-81.3339866976917,41.486000957057],[-81.3339700292269,41.485987314324],[-81.3339389011855,41.4859618222356],[-81.3339025333733,41.4859406119945],[-81.3338619538695,41.4859242831891],[-81.3338183098101,41.485913297415],[-81.3337728349599,41.4859079652264],[-81.3337268148366,41.4859084373577],[-81.3336815503717,41.4859147004625],[-81.3336383211357,41.4859265774903]]]},"properties":{"source_county":"Geauga","jurisdiction":"Russell Township","parcel_id":"26-214110","owner_name":"KELLEY LYNN A","property_address":" CENTURY LN","property_city":"NOVELTY","property_zip":"44072"}},{"type":"Feature","geometry":{"type":"Polygon","coordinates":[[[-81.3343492341314,41.4859481976133],[-81.3343989037278,41.4845690981867],[-81.3343989088749,41.4845689433525],[-81.3356381423529,41.4845622730528],[-81.3358051110845,41.4845613729267],[-81.335639288548,41.4847549589182],[-81.3352903220085,41.4851623462292],[-81.3352639681641,41.4858943617594],[-81.3352097413398,41.4858822588069],[-81.3351548186431,41.4858720836425],[-81.3350993212066,41.4858638587075],[-81.3350433714308,41.4858576021421],[-81.3349870927134,41.4858533277453],[-81.3349306091775,41.4858510449443],[-81.3348740453982,41.4858507587738],[-81.3348175261272,41.485852469865],[-81.3347611760183,41.485856174444],[-81.3347051193519,41.4858618643403],[-81.3346494797618,41.485869527005],[-81.3345943799616,41.4858791455377],[-81.3345399414747,41.4858906987248],[-81.3344862843663,41.4859041610856],[-81.3344335269782,41.4859195029287],[-81.3343817856682,41.4859366904173],[-81.3343492341314,41.4859481976133]]]},"properties":{"source_county":"Geauga","jurisdiction":"Russell Township","parcel_id":"26-214111","owner_name":"BOTEK FREDERICK G & GEORGEANNE","property_address":"8625 CENTURY LN","property_city":"NOVELTY","property_zip":"44072"}},{"type":"Feature","geometry":{"type":"Polygon","coordinates":[[[-81.3358051110845,41.4845613729267],[-81.3365711747241,41.4845576897694],[-81.3362024142056,41.4851809261745],[-81.336165716983,41.4862006391323],[-81.3356535791359,41.486022539076],[-81.3353998107322,41.4859342870662],[-81.3353326938352,41.4859127768855],[-81.3352639681641,41.4858943617594],[-81.3352903220085,41.4851623462292],[-81.335639288548,41.4847549589182],[-81.3358051110845,41.4845613729267]]]},"properties":{"source_county":"Geauga","jurisdiction":"Russell Township","parcel_id":"26-214112","owner_name":"BALTRUWEIT KENNETH A & CYNTHIA","property_address":"8585 CENTURY LN","property_city":"NOVELTY","property_zip":"44072"}},{"type":"Feature","geometry":{"type":"Polygon","coordinates":[[[-81.3365711747241,41.4845576897694],[-81.3371377102958,41.4845549619359],[-81.3370719774215,41.4863822284056],[-81.3369783053023,41.48638057523],[-81.3368848929653,41.4863750786206],[-81.3367920191113,41.486365754977],[-81.3366999608342,41.4863526321166],[-81.3366089927941,41.4863357491922],[-81.3365193863977,41.4863151565748],[-81.3364314089887,41.4862909157033],[-81.3363453230496,41.4862630989015],[-81.336165716983,41.4862006391323],[-81.3362024142056,41.4851809261745],[-81.3365711747241,41.4845576897694]]]},"properties":{"source_county":"Geauga","jurisdiction":"Russell Township","parcel_id":"26-214113","owner_name":"MINELLO PAULA ANN TOD","property_address":"8555 CENTURY LN","property_city":"NOVELTY","property_zip":"44072"}},{"type":"Feature","geometry":{"type":"Polygon","coordinates":[[[-81.3371377102958,41.4845549619359],[-81.3376758896346,41.4845523685815],[-81.3377131566017,41.4852383060654],[-81.3381558801297,41.4861250197225],[-81.337829830911,41.4862470690111],[-81.33774070249,41.4862780713549],[-81.3376493607555,41.4863051877271],[-81.3375561050655,41.4863283292575],[-81.3374612410519,41.4863474201028],[-81.3373650796184,41.486362397695],[-81.3372679359219,41.486373212947],[-81.3371701283387,41.4863798304132],[-81.3370719774215,41.4863822284056],[-81.3371377102958,41.4845549619359]]]},"properties":{"source_county":"Geauga","jurisdiction":"Russell Township","parcel_id":"26-214114","owner_name":"GAINES JEANNE M & JAMES R AKA JAMES R JR","property_address":"8535 CENTURY LN","property_city":"NOVELTY","property_zip":"44072"}},{"type":"Feature","geometry":{"type":"Polygon","coordinates":[[[-81.3450481292659,41.4928094850496],[-81.3450940568078,41.4906654649123],[-81.345116166158,41.4906652699298],[-81.3450926698402,41.4917573923944],[-81.3456909858863,41.491752106549],[-81.3456686201719,41.4928040670314],[-81.3455159066441,41.4928054008017],[-81.3450752846845,41.4928092475619],[-81.3450481292659,41.4928094850496]]]},"properties":{"source_county":"Geauga","jurisdiction":"Russell Township","parcel_id":"26-214146","owner_name":"FAITH REBECCA TOD","property_address":" FAIRMOUNT RD","property_city":"NOVELTY","property_zip":"44072"}},{"type":"Feature","geometry":{"type":"Polygon","coordinates":[[[-81.3447583063798,41.479487666632],[-81.3450635378008,41.4794861981077],[-81.3450265184422,41.4801018715759],[-81.3447647920992,41.4804366356345],[-81.3447583063798,41.479487666632]]]},"properties":{"source_county":"Geauga","jurisdiction":"Russell Township","parcel_id":"26-214168","owner_name":"WADE PARK PROPERTIES LTD","property_address":" DINES RD","property_city":"NOVELTY","property_zip":"44072"}},{"type":"Feature","geometry":{"type":"Polygon","coordinates":[[[-81.3447583063798,41.479487666632],[-81.3447523973093,41.4786228943875],[-81.3451559875268,41.4788582732418],[-81.3451685216003,41.4792734615371],[-81.3450635378008,41.4794861981077],[-81.3447583063798,41.479487666632]]]},"properties":{"source_county":"Geauga","jurisdiction":"Russell Township","parcel_id":"26-214170","owner_name":"WADE PARK PROPERTIES LTD","property_address":" DINES RD","property_city":"NOVELTY","property_zip":"44072"}},{"type":"Feature","geometry":{"type":"Polygon","coordinates":[[[-81.339598666894,41.4971736053803],[-81.3395994355663,41.4971450619756],[-81.3396107113137,41.496726540026],[-81.3396315826051,41.4959518591726],[-81.3397315670292,41.4959531312757],[-81.3397340236557,41.4959371475612],[-81.3397405681334,41.4959218282773],[-81.3397509505221,41.4959077584767],[-81.3397647743099,41.4958954754929],[-81.3397815115573,41.49588544842],[-81.3398005230587,41.4958780601972],[-81.3398210827543,41.4958735929845],[-81.339842405459,41.495872217387],[-81.3408284398881,41.4958814205743],[-81.3408828847348,41.4958833198375],[-81.3409370328867,41.4958879909558],[-81.340990634981,41.4958954124176],[-81.3410434441695,41.4959055500457],[-81.3410144517297,41.497186684518],[-81.3395986649157,41.4971736494848],[-81.339598666894,41.4971736053803]]]},"properties":{"source_county":"Geauga","jurisdiction":"Russell Township","parcel_id":"26-214234","owner_name":"306 PROPERTY MANAGEMENT LLC","property_address":"13658 CHILLICOTHE RD","property_city":"NOVELTY","property_zip":"44072"}},{"type":"Feature","geometry":{"type":"Polygon","coordinates":[[[-81.3423977210529,41.4978450800529],[-81.3424123176492,41.4971995369363],[-81.3410144517297,41.497186684518],[-81.3410434441695,41.4959055500457],[-81.3411199263763,41.4959255272355],[-81.3411933444536,41.4959511927765],[-81.3412629521587,41.495982285798],[-81.3413280419757,41.4960184902626],[-81.3413879523064,41.4960594381783],[-81.341442074195,41.4961047133389],[-81.3414898575178,41.4961538555538],[-81.3415308165749,41.4962063653254],[-81.3416955246771,41.4964442523109],[-81.3417453958808,41.4965109142088],[-81.341800905856,41.4965750073549],[-81.3418618214554,41.4966362625334],[-81.3419278868241,41.4966944224484],[-81.3419988244737,41.4967492428045],[-81.3420743364482,41.4968004933333],[-81.3421541055749,41.4968479587607],[-81.3422377967974,41.4968914397111],[-81.3423171111102,41.4969322605335],[-81.3423932604256,41.4969763566175],[-81.3424660057457,41.4970235895694],[-81.3425351187545,41.4970738111502],[-81.3426003825343,41.4971268637409],[-81.3426615922466,41.4971825808371],[-81.3427185557753,41.4972407875713],[-81.3427710943291,41.4973013012621],[-81.3429913874794,41.4975712589757],[-81.3423977210529,41.4978450800529]]]},"properties":{"source_county":"Geauga","jurisdiction":"Russell Township","parcel_id":"26-214235","owner_name":"FANTOZZI JAMES","property_address":" HIDEAWAY TRL","property_city":"NOVELTY","property_zip":"44072"}},{"type":"Feature","geometry":{"type":"Polygon","coordinates":[[[-81.3423507653926,41.4999217677838],[-81.3423977210529,41.4978450800529],[-81.3429913874794,41.4975712589757],[-81.3432653041136,41.4979069269472],[-81.3432279653349,41.4979241493609],[-81.3432756898471,41.4979826315089],[-81.3433130286465,41.4979654090802],[-81.3433276510643,41.4979833288419],[-81.3433412399992,41.498002785495],[-81.3433512618538,41.4980234292598],[-81.3433575381338,41.4980448924681],[-81.3433599570541,41.4980667928568],[-81.3433584755295,41.498088740376],[-81.3433531199422,41.4981103441364],[-81.3433439856727,41.4981312193703],[-81.3433312354009,41.4981509942852],[-81.3433117067853,41.4981827523963],[-81.3432996146448,41.4982165382885],[-81.343295308371,41.498251375781],[-81.3432989123984,41.498286258307],[-81.3433103226072,41.4983201779972],[-81.3433292093309,41.4983521548001],[-81.3433550268795,41.4983812647995],[-81.3433870293054,41.4984066669094],[-81.3431442740038,41.4986116669193],[-81.3423507653926,41.4999217677838]]]},"properties":{"source_county":"Geauga","jurisdiction":"Russell Township","parcel_id":"26-214236","owner_name":"DI FRANCO JOHN P & KATERINA LYNN","property_address":"8370 HIDEAWAY TRL","property_city":"NOVELTY","property_zip":"44072"}},{"type":"Feature","geometry":{"type":"Polygon","coordinates":[[[-81.3431442740038,41.4986116669193],[-81.3433870293054,41.4984066669094],[-81.3434178816446,41.498424531229],[-81.3434517931357,41.4984389240445],[-81.3434880777154,41.4984495541743],[-81.3435260013092,41.4984562065596],[-81.3435647966828,41.4984587466155],[-81.343603678964,41.498457122954],[-81.3436418615227,41.4984513684236],[-81.3436785718853,41.4984415994445],[-81.3437130673628,41.4984280136534],[-81.3437446500771,41.4984108859053],[-81.3437726810795,41.4983905627121],[-81.343796593278,41.4983674552327],[-81.3438159029094,41.4983420309545],[-81.3438302193264,41.4983148042355],[-81.3438392529008,41.498286325898],[-81.3438428208818,41.4982571720853],[-81.3438319293076,41.4987305496028],[-81.3438160577279,41.4994165632522],[-81.343799584431,41.5001285959271],[-81.3437041731734,41.5001279159781],[-81.3426844220404,41.5001206410439],[-81.3423463226819,41.5001182274103],[-81.3423507653926,41.4999217677838],[-81.3431442740038,41.4986116669193]]]},"properties":{"source_county":"Geauga","jurisdiction":"Russell Township","parcel_id":"26-214237","owner_name":"FANTOZZI JAMES","property_address":"8350 HIDEAWAY TRL","property_city":"NOVELTY","property_zip":"44072"}},{"type":"Feature","geometry":{"type":"Polygon","coordinates":[[[-81.3435488763202,41.4978083289818],[-81.3434534271791,41.497691363083],[-81.3433756391957,41.4977272430091],[-81.3429577868211,41.4972151915924],[-81.3429273716743,41.4971791178639],[-81.3428896245232,41.4971370109229],[-81.3428497982687,41.4970960007935],[-81.3428079492372,41.4970561454724],[-81.342764136615,41.4970175013229],[-81.3427189618821,41.49697975371],[-81.3426719314748,41.4969433096793],[-81.3426231118951,41.4969082207611],[-81.3425725721746,41.4968745365696],[-81.3425208498222,41.4968418832687],[-81.3424675312805,41.4968107149255],[-81.3424126919319,41.4967810756047],[-81.3423564093084,41.4967530072096],[-81.3422843957643,41.4967155936553],[-81.3422157570407,41.4966747515512],[-81.3421507814488,41.496630652455],[-81.3420897419109,41.4965834816046],[-81.3420328948142,41.4965334371408],[-81.3419804789341,41.4964807292743],[-81.3419327144312,41.496425579403],[-81.3418898019264,41.4963682191816],[-81.3417250921606,41.4961303297535],[-81.3416912028271,41.4960853853004],[-81.3416533733163,41.4960422544411],[-81.3416117746246,41.4960011321263],[-81.3415665947838,41.4959622042281],[-81.3415180380117,41.4959256466993],[-81.3414663237884,41.4958916247787],[-81.3414116858644,41.4958602922436],[-81.3413543712042,41.4958317907157],[-81.3412946388699,41.4958062490201],[-81.3412327588504,41.4957837826037],[-81.341169010841,41.4957644930132],[-81.3411036829796,41.4957484674361],[-81.3410370705438,41.4957357783069],[-81.3409694746172,41.4957264829793],[-81.340901200728,41.4957206234676],[-81.3408325574684,41.4957182262562],[-81.3413085340808,41.495722554977],[-81.3420497573887,41.4957292921975],[-81.3428717209963,41.495736759004],[-81.3438235179314,41.4957453970952],[-81.3438989638206,41.4957460815339],[-81.3438985293392,41.4957655603088],[-81.3438832518396,41.4964515867989],[-81.3438757255218,41.4967895754512],[-81.3440863921172,41.4971622932248],[-81.3443183056362,41.4975725954442],[-81.3443852563588,41.4979811772987],[-81.343846744351,41.4980901686279],[-81.3438428518658,41.4982558225535],[-81.3438407265418,41.4982271865092],[-81.343833327386,41.4981990505536],[-81.3438207980617,41.4981719609554],[-81.343803381836,41.4981464436673],[-81.3437814168549,41.4981229941145],[-81.3437553295789,41.4981020675761],[-81.3437256265022,41.4980840703458],[-81.3436928843192,41.4980693518437],[-81.3436669840555,41.4980577291612],[-81.3436434532089,41.4980435416105],[-81.3436227379966,41.4980270582321],[-81.3436052312416,41.4980085916025],[-81.3434710870686,41.4978442080584],[-81.3435488763202,41.4978083289818]]]},"properties":{"source_county":"Geauga","jurisdiction":"Russell Township","parcel_id":"26-214238","owner_name":"FANTOZZI ANTHONY NELLO","property_address":"8415 HIDEAWAY TRL","property_city":"NOVELTY","property_zip":"44072"}},{"type":"Feature","geometry":{"type":"Polygon","coordinates":[[[-81.3413109297652,41.4785512343933],[-81.34191076331,41.4785493810737],[-81.3419070411351,41.4794838625943],[-81.3412589357763,41.4794867131759],[-81.3412600584967,41.4785513915586],[-81.3413109297652,41.4785512343933]]]},"properties":{"source_county":"Geauga","jurisdiction":"Russell Township","parcel_id":"26-214283","owner_name":"TAYLOR PAUL C JR","property_address":" DINES RD","property_city":"NOVELTY","property_zip":"44072"}},{"type":"Feature","geometry":{"type":"Polygon","coordinates":[[[-81.3320813856213,41.4976923999032],[-81.3324623477823,41.4976954190885],[-81.332439387108,41.4988266653063],[-81.3320536937855,41.498823608383],[-81.3320813856213,41.4976923999032]]]},"properties":{"source_county":"Geauga","jurisdiction":"Russell Township","parcel_id":"26-214287","owner_name":"HEDERSTROM MARK & CHERYL","property_address":" BEECHWOOD DR","property_city":"NOVELTY","property_zip":"44072"}},{"type":"Feature","geometry":{"type":"Polygon","coordinates":[[[-81.3313216661724,41.4976863754895],[-81.3316956989874,41.4976893417885],[-81.3316680004989,41.4988205501774],[-81.3312823072643,41.4988174897891],[-81.3313100123735,41.4976862832919],[-81.3313216661724,41.4976863754895]]]},"properties":{"source_county":"Geauga","jurisdiction":"Russell Township","parcel_id":"26-214288","owner_name":"HEDERSTROM MARK & CHERYL","property_address":" BEECHWOOD DR","property_city":"NOVELTY","property_zip":"44072"}},{"type":"Feature","geometry":{"type":"Polygon","coordinates":[[[-81.3349962943251,41.4885825307028],[-81.3349961707144,41.4885742538848],[-81.3349848562474,41.487815140118],[-81.3356737457498,41.4878111492361],[-81.3368487373361,41.4878043319405],[-81.3368590600845,41.488557848678],[-81.3368717624417,41.4894849699013],[-81.3370765972791,41.4901537268954],[-81.3370612686186,41.4907311818114],[-81.3366132383206,41.4907342556478],[-81.33625294793,41.4907367250038],[-81.3359590637245,41.4907387394942],[-81.335945165866,41.4898055334425],[-81.3363551471968,41.4894389197823],[-81.3363425029775,41.4885901891337],[-81.3356824876292,41.4885864360874],[-81.3349962943251,41.4885825307028]]]},"properties":{"source_county":"Geauga","jurisdiction":"Russell Township","parcel_id":"26-214319","owner_name":"CLEVELAND MUSEUM OF NATURAL HISTORY THE","property_address":" FAIRMOUNT RD","property_city":"NOVELTY","property_zip":"44072"}},{"type":"Feature","geometry":{"type":"Polygon","coordinates":[[[-81.3324322318724,41.4885596216548],[-81.3349961707144,41.4885742538848],[-81.3349962943251,41.4885825307028],[-81.335028394033,41.4907359529775],[-81.3332764099732,41.4907259780837],[-81.3331778796757,41.4897610103503],[-81.3324322318724,41.4885596216548]]]},"properties":{"source_county":"Geauga","jurisdiction":"Russell Township","parcel_id":"26-214320","owner_name":"PINE CREEK STABLES LLC","property_address":"8635 FAIRMOUNT RD","property_city":"NOVELTY","property_zip":"44072"}},{"type":"Feature","geometry":{"type":"Polygon","coordinates":[[[-81.3319592131133,41.4774123323395],[-81.3325370844209,41.4774085242941],[-81.3325574071642,41.4785691471347],[-81.3325479899617,41.4785691883048],[-81.3321711220647,41.4785708443754],[-81.3320247406491,41.4785711045037],[-81.332024699554,41.4785703863904],[-81.3319592131133,41.4774123323395]]]},"properties":{"source_county":"Geauga","jurisdiction":"Russell Township","parcel_id":"26-601200","owner_name":"CLEVELAND ELECTRIC ILLUMINATING COMPANY THE","property_address":" PEKIN RD","property_city":"NOVELTY","property_zip":"44072"}},{"type":"Feature","geometry":{"type":"Polygon","coordinates":[[[-81.3318358622827,41.4760657097773],[-81.3325135098467,41.4760621389278],[-81.3325370844209,41.4774085242941],[-81.3319592131133,41.4774123323395],[-81.332024699554,41.4785703863904],[-81.3320247406491,41.4785711045037],[-81.3317798998663,41.4785715396644],[-81.3317799128292,41.4785709463647],[-81.3318358622827,41.4760657097773]]]},"properties":{"source_county":"Geauga","jurisdiction":"Russell Township","parcel_id":"26-601300","owner_name":"CLEVELAND ELECTRIC ILLUMINATING COMPANY THE","property_address":" PEKIN RD","property_city":"NOVELTY","property_zip":"44072"}},{"type":"Feature","geometry":{"type":"Polygon","coordinates":[[[-81.3314427206821,41.4845868329598],[-81.3328024475241,41.4845776257729],[-81.3325111542375,41.4871319301071],[-81.3324760963628,41.4874393361287],[-81.3314911283731,41.4874449467152],[-81.3314427325798,41.4845875093548],[-81.3314427206821,41.4845868329598]]]},"properties":{"source_county":"Geauga","jurisdiction":"Russell Township","parcel_id":"26-601500","owner_name":"CLEVELAND ELECTRIC ILLUMINATING COMPANY THE","property_address":" CENTURY LN","property_city":"NOVELTY","property_zip":"44072"}},{"type":"Feature","geometry":{"type":"Polygon","coordinates":[[[-81.3308633155795,41.4916157206576],[-81.3309656337267,41.4907127827137],[-81.332094407569,41.4907192338832],[-81.3321767939387,41.4916804036502],[-81.3321020632188,41.4916494299611],[-81.3320250535954,41.4916217916856],[-81.3319460281114,41.4915975832273],[-81.3318652566941,41.4915768872744],[-81.3317830152337,41.4915597745175],[-81.3316995846408,41.4915463034083],[-81.3316152498871,41.4915365199595],[-81.3315302990321,41.4915304575882],[-81.3314450222394,41.4915281370014],[-81.3313597107857,41.4915295661256],[-81.3312746560663,41.4915347400791],[-81.3311901485992,41.4915436411897],[-81.3311064770341,41.4915562390539],[-81.3310239271655,41.4915724906418],[-81.3309427809573,41.4915923404432],[-81.3308633155795,41.4916157206576]]]},"properties":{"source_county":"Geauga","jurisdiction":"Russell Township","parcel_id":"26-601600","owner_name":"CLEVELAND ELECTRIC ILLUMINATING COMPANY THE","property_address":"8700 FAIRMOUNT RD","property_city":"NOVELTY","property_zip":"44072"}},{"type":"Feature","geometry":{"type":"Polygon","coordinates":[[[-81.3299281694288,41.4988617254346],[-81.3311533384513,41.4988713592171],[-81.3311240238968,41.5000316557942],[-81.3308870358853,41.5000298142052],[-81.3306753882824,41.5000281294149],[-81.3304489893922,41.5000263270331],[-81.3300109417482,41.5000228381949],[-81.3297946625013,41.5000210717649],[-81.3299092237309,41.4990262449273],[-81.3299281694288,41.4988617254346]]]},"properties":{"source_county":"Geauga","jurisdiction":"Russell Township","parcel_id":"26-601700","owner_name":"CLEVELAND ELECTRIC ILLUMINATING COMPANY THE","property_address":" BEECHWOOD DR","property_city":"NOVELTY","property_zip":"44072"}},{"type":"Feature","geometry":{"type":"Polygon","coordinates":[[[-81.330066595002,41.4976764371748],[-81.3313100123735,41.4976862832919],[-81.3312823072643,41.4988174897891],[-81.3312809636464,41.498872371369],[-81.3311533384513,41.4988713592171],[-81.3299281694288,41.4988617254346],[-81.330066595002,41.4976764371748]]]},"properties":{"source_county":"Geauga","jurisdiction":"Russell Township","parcel_id":"26-601800","owner_name":"CLEVELAND ELECTRIC ILLUMINATING COMPANY THE","property_address":" BEECHWOOD DR","property_city":"NOVELTY","property_zip":"44072"}},{"type":"Feature","geometry":{"type":"Polygon","coordinates":[[[-81.3421225050414,41.4906916466306],[-81.3438348404655,41.4906765694798],[-81.3437954713011,41.4925108420694],[-81.3427908047779,41.4925077010306],[-81.3421128271796,41.492505576144],[-81.3421225050414,41.4906916466306]]]},"properties":{"source_county":"Geauga","jurisdiction":"Russell Township","parcel_id":"26-701600","owner_name":"TRUSTEES OF RUSSELL TWP","property_address":" FAIRMOUNT RD","property_city":"NOVELTY","property_zip":"44072"}},{"type":"Feature","geometry":{"type":"Polygon","coordinates":[[[-81.3397274713292,41.4895177600328],[-81.3397304405619,41.4892811156853],[-81.3397245770816,41.4883200013236],[-81.3410402677591,41.488339039759],[-81.3409136314607,41.4885354892349],[-81.3416700118668,41.4890231763421],[-81.3417972474017,41.489593638423],[-81.3397219708444,41.4899561398917],[-81.3397274713292,41.4895177600328]]]},"properties":{"source_county":"Geauga","jurisdiction":"Russell Township","parcel_id":"26-701700","owner_name":"TRUSTEES OF RUSSELL TOWNSHIP","property_address":"13910 CHILLICOTHE RD","property_city":"NOVELTY","property_zip":"44072"}},{"type":"Feature","geometry":{"type":"Polygon","coordinates":[[[-81.3397219140335,41.4878835530938],[-81.3397213407805,41.487789585845],[-81.3397241920242,41.4870445309144],[-81.340734871513,41.4871896886845],[-81.3410133279427,41.4871459330134],[-81.3416698556277,41.4877844752775],[-81.34150390812,41.4879094682445],[-81.3397219140335,41.4878835530938]]]},"properties":{"source_county":"Geauga","jurisdiction":"Russell Township","parcel_id":"26-701800","owner_name":"RIVERVIEW BIBLE BAPTIST CHURCH","property_address":"13968 CHILLICOTHE RD","property_city":"NOVELTY","property_zip":"44072"}},{"type":"Feature","geometry":{"type":"Polygon","coordinates":[[[-81.3417608018945,41.4899729797248],[-81.3426958889786,41.4899646325732],[-81.3426264735873,41.4906872114679],[-81.3416912070108,41.4906954402044],[-81.3417608018945,41.4899729797248]]]},"properties":{"source_county":"Geauga","jurisdiction":"Russell Township","parcel_id":"26-701900","owner_name":"TRUSTEES OF RUSSELL TWP","property_address":" FAIRMOUNT RD","property_city":"NOVELTY","property_zip":"44072"}},{"type":"Feature","geometry":{"type":"Polygon","coordinates":[[[-81.3245040628672,41.4976295649689],[-81.3245202306859,41.4967235531992],[-81.3257331598614,41.4969002393447],[-81.3258334883797,41.4969129522212],[-81.3259346050954,41.4969214299197],[-81.3260361939624,41.4969256459427],[-81.3261379374591,41.4969255871128],[-81.3262198920824,41.4969228977725],[-81.3263015965637,41.4969173867113],[-81.3263828791113,41.4969090655169],[-81.3264635688204,41.4968979516852],[-81.3265595655272,41.496881579118],[-81.3266542411422,41.4968613198174],[-81.3267473174712,41.4968372333133],[-81.3268385210205,41.4968093903816],[-81.3269278916285,41.4967783699304],[-81.327014895162,41.4967437542304],[-81.3270992759782,41.4967056449946],[-81.3271807861421,41.4966641542008],[-81.3272596249825,41.4966198413454],[-81.3273351541932,41.4965723818059],[-81.3274071518506,41.4965219150347],[-81.3274754064093,41.4964685893204],[-81.3275297627058,41.4964223980162],[-81.3275812453465,41.496374381861],[-81.327629746089,41.4963246418148],[-81.3276751629614,41.4962732824622],[-81.3283756725654,41.4954484297274],[-81.3286123548873,41.4951697290872],[-81.3286734576818,41.4951273564231],[-81.328737555217,41.4950875632535],[-81.3288044551024,41.4950504690155],[-81.328873956537,41.4950161850454],[-81.3289458509128,41.4949848142445],[-81.3290199224404,41.4949564507702],[-81.3290959487967,41.4949311797536],[-81.3291737017922,41.4949090770439],[-81.3292529480557,41.4948902089805],[-81.3293334497347,41.4948746321947],[-81.3294149652094,41.4948623934387],[-81.3294972498175,41.4948535294463],[-81.3295800565887,41.494848066822],[-81.3296631369856,41.4948460219613],[-81.3297462416496,41.4948474010018],[-81.3298291211495,41.4948521998043],[-81.3299033981566,41.4948594408046],[-81.3299771094054,41.4948694288378],[-81.3300500752835,41.4948821395661],[-81.3301221179943,41.4948975420171],[-81.3301930619904,41.4949155986598],[-81.3302627344014,41.4949362654953],[-81.3303309654546,41.4949594921645],[-81.3303975888892,41.4949852220709],[-81.3305193731427,41.495035148862],[-81.3315790241885,41.4954694951215],[-81.3315608381796,41.495626151415],[-81.3313216661724,41.4976863754895],[-81.3313100123735,41.4976862832919],[-81.330066595002,41.4976764371748],[-81.3282277306524,41.4976609713238],[-81.3257930251168,41.4976404504526],[-81.3245040628672,41.4976295649689]]]},"properties":{"source_county":"Geauga","jurisdiction":"Russell Township","parcel_id":"26-702100","owner_name":"BOARD OF RUSSELL TOWNSHIP TRUSTEES","property_address":" FAIRMOUNT RD","property_city":"NOVELTY","property_zip":"44072"}},{"type":"Feature","geometry":{"type":"Polygon","coordinates":[[[-81.3283742870334,41.4950093144494],[-81.3283716069967,41.4941595736713],[-81.328484413194,41.4940770091281],[-81.3285197328615,41.4940571309948],[-81.3285520795883,41.4940345731182],[-81.3285807496985,41.4940348626642],[-81.3286286611686,41.4940281605484],[-81.3287337833016,41.494029222097],[-81.3287818231192,41.4940153334443],[-81.3288201786529,41.4940085347594],[-81.3288489770965,41.4940016386657],[-81.328877902661,41.4939875578796],[-81.3289261990557,41.4939592998205],[-81.3289454403754,41.4939523072127],[-81.3289649395341,41.4939309443667],[-81.3289653244942,41.4939093894461],[-81.3289844374666,41.4939095824054],[-81.3290612754991,41.4938887984022],[-81.3290709597027,41.4938817092943],[-81.3290710880057,41.4938745246207],[-81.3291098283714,41.4938461691177],[-81.3291293262476,41.4938248062313],[-81.3291484391958,41.4938249991636],[-81.3291581245619,41.4938179109608],[-81.3291777507211,41.4937893624918],[-81.3291969919481,41.4937823707422],[-81.3292068044093,41.4937680969489],[-81.3292170029561,41.4937322673437],[-81.3292269449046,41.4937108079861],[-81.3292853099645,41.4936539048295],[-81.3293151344741,41.4935895276226],[-81.329325332934,41.4935536980061],[-81.329327385483,41.4934387342069],[-81.3293370695753,41.4934316459763],[-81.3293759378331,41.4933961057056],[-81.3293861350321,41.4933602760695],[-81.3293940116545,41.4933425393873],[-81.3294049286326,41.4933257379287],[-81.3294186955081,41.4933101648095],[-81.3294350721041,41.4932960917161],[-81.3294451421919,41.4932674467612],[-81.3295224911699,41.4932179219338],[-81.3295228759586,41.4931963661063],[-81.3295616157122,41.493168011347],[-81.3295907984588,41.4931395601398],[-81.3295915679901,41.4930964484833],[-81.3296113219869,41.4930607152587],[-81.3296211342499,41.4930464414271],[-81.3296501886786,41.4930251748801],[-81.3296888000426,41.4930040047529],[-81.3301188402489,41.4930083429382],[-81.3301285253895,41.4930012546526],[-81.3301380811464,41.4930013510309],[-81.3301670072063,41.4929872690308],[-81.3302057465579,41.4929589140545],[-81.3302156868681,41.4929374545949],[-81.3302252438132,41.4929375509781],[-81.3302642382695,41.4928948257153],[-81.3302932924226,41.4928735590062],[-81.3303031045091,41.4928592851161],[-81.3303126614429,41.4928593814921],[-81.3303322868126,41.4928308328194],[-81.3303612127396,41.4928167516706],[-81.33038109439,41.4927738336344],[-81.3303911639844,41.4927451885928],[-81.3304107892696,41.4927166408062],[-81.330411558257,41.4926735291387],[-81.3304311835119,41.492644981348],[-81.3304510650805,41.4926020623973],[-81.3304705633311,41.4925807001897],[-81.3304803753353,41.4925664262834],[-81.3305191143188,41.4925380702985],[-81.3305290544627,41.4925166108093],[-81.3306162148913,41.4924528113416],[-81.3306164711691,41.4924384410844],[-81.330626028042,41.4924385374345],[-81.3306456531493,41.4924099887052],[-81.3306555944137,41.4923885301167],[-81.3306563632362,41.4923454184434],[-81.330666303306,41.4923239589412],[-81.3306666876974,41.4923024040045],[-81.3306765008307,41.4922881291921],[-81.3306861858047,41.4922810408584],[-81.3307151102158,41.4922669596068],[-81.3307597961452,41.4922513324846],[-81.3308017588566,41.4922319005239],[-81.3308113145022,41.4922319968467],[-81.3308497969194,41.4922180110072],[-81.3308691656258,41.4922038333973],[-81.3308980911609,41.4921897521118],[-81.330907774899,41.4921826637473],[-81.3309365723213,41.4921757671315],[-81.3309571520178,41.4921664720619],[-81.3309755913265,41.4921549130161],[-81.3309914536099,41.4921413637097],[-81.3310043632545,41.4921261449871],[-81.3310721540851,41.4920765228023],[-81.3310819670964,41.4920622479546],[-81.3311013357066,41.4920480703053],[-81.3311301330333,41.4920411745416],[-81.3312070962778,41.4920132035248],[-81.3312360204588,41.4919991221422],[-81.3312551340785,41.4919993147396],[-81.3313031718588,41.4919854259344],[-81.3317236498804,41.4919896618892],[-81.3317428903239,41.4919826688132],[-81.3319722417533,41.4919849786513],[-81.3319721137558,41.4919921642326],[-81.3319912261782,41.4919923566967],[-81.3320006549938,41.4919996385148],[-81.3322043332626,41.4920016893634],[-81.3322307553292,41.4923099344917],[-81.3336120599577,41.4923178249911],[-81.3336794887144,41.4930093265441],[-81.3329612756762,41.4931246700209],[-81.332271044414,41.4934888162574],[-81.3311896416065,41.4935464719738],[-81.33083759651,41.4939908051499],[-81.3300484047897,41.4938904872895],[-81.3298291211495,41.4948521998043],[-81.3297462416496,41.4948474010018],[-81.3296631369856,41.4948460219613],[-81.3295800565887,41.494848066822],[-81.3294972498175,41.4948535294463],[-81.3294149652094,41.4948623934387],[-81.3293334497347,41.4948746321947],[-81.3292529480557,41.4948902089805],[-81.3291737017922,41.4949090770439],[-81.3290959487967,41.4949311797536],[-81.3290199224404,41.4949564507702],[-81.3289458509128,41.4949848142445],[-81.328873956537,41.4950161850454],[-81.3288044551024,41.4950504690155],[-81.328737555217,41.4950875632535],[-81.3286734576818,41.4951273564231],[-81.3286123548873,41.4951697290872],[-81.3283756725654,41.4954484297274],[-81.3283742870334,41.4950093144494]]]},"properties":{"source_county":"Geauga","jurisdiction":"Russell Township","parcel_id":"26-702300","owner_name":"BOARD OF RUSSELL TOWNSHIP TRUSTEES","property_address":" FAIRMOUNT RD","property_city":"NOVELTY","property_zip":"44072"}},{"type":"Feature","geometry":{"type":"Polygon","coordinates":[[[-81.3412589357763,41.4794867131759],[-81.3419070411351,41.4794838625943],[-81.3419058986792,41.4797709835403],[-81.3396810819592,41.4797814125494],[-81.3396788448384,41.4794936480755],[-81.3406108291639,41.4794895601236],[-81.3412589357763,41.4794867131759]]]},"properties":{"source_county":"Geauga","jurisdiction":"Russell Township","parcel_id":"26-703400","owner_name":"FAITH BAPTIST CHURCH","property_address":"14254 CHILLICOTHE RD","property_city":"NOVELTY","property_zip":"44072"}},{"type":"Feature","geometry":{"type":"Polygon","coordinates":[[[-81.3396810819751,41.4797814116491],[-81.3419058986792,41.4797709835403],[-81.3419047550319,41.4800581035493],[-81.3396833190995,41.4800691769983],[-81.3396810819751,41.4797814116491]]]},"properties":{"source_county":"Geauga","jurisdiction":"Russell Township","parcel_id":"26-703500","owner_name":"FAITH BAPTIST CHURCH","property_address":" CHILLICOTHE RD","property_city":"NOVELTY","property_zip":"44072"}},{"type":"Feature","geometry":{"type":"Polygon","coordinates":[[[-81.3428034888448,41.487350324631],[-81.3420177437355,41.4870575828254],[-81.3417123414305,41.4871486216616],[-81.3417168969136,41.4875394956299],[-81.3416698556277,41.4877844752775],[-81.3410133279427,41.4871459330134],[-81.3410105464655,41.4868995335851],[-81.3397247159476,41.4869077082225],[-81.3397269743662,41.4863173770264],[-81.3397260585625,41.4859227597384],[-81.339722529801,41.4845360264909],[-81.3412636430073,41.484505783584],[-81.3417826609942,41.4844951273881],[-81.3423638467014,41.4844831920809],[-81.3430299288516,41.4844695100892],[-81.3436958286375,41.4844558278596],[-81.344367201604,41.4844420288545],[-81.3450290481457,41.484428422856],[-81.3459732842973,41.4844222690493],[-81.346485757121,41.4864375689769],[-81.3461656824653,41.4866271382885],[-81.345972980627,41.4867412680554],[-81.3437881206975,41.4880352265202],[-81.343383810837,41.4879517219238],[-81.3430350662648,41.4877523476409],[-81.3428034888448,41.487350324631]]]},"properties":{"source_county":"Geauga","jurisdiction":"Russell Township","parcel_id":"26-705800","owner_name":"GEAUGA COUNTY BOARD OF COMMISSIONERS THE","property_address":"14070 CHILLICOTHE RD","property_city":"NOVELTY","property_zip":"44072"}},{"type":"Feature","geometry":{"type":"Polygon","coordinates":[[[-81.3411553762171,41.4940364204845],[-81.3418555567728,41.494030151155],[-81.3418410056282,41.4946851244138],[-81.341704884275,41.4946695696229],[-81.341568070626,41.4946579447805],[-81.341430765316,41.4946502669342],[-81.3412931697007,41.4946465473432],[-81.3411418647224,41.4946446431824],[-81.3411553762171,41.4940364204845]]]},"properties":{"source_county":"Geauga","jurisdiction":"Russell Township","parcel_id":"26-706500","owner_name":"GEAUGA COUNTY BOARD OF COMMISSIONERS","property_address":"8405 BELLE VERNON DR","property_city":"NOVELTY","property_zip":"44072"}},{"type":"Feature","geometry":{"type":"Polygon","coordinates":[[[-81.3452763222476,41.4834641430944],[-81.3459687336031,41.4834622895854],[-81.345971593237,41.4840654894623],[-81.3450245424642,41.4838795362816],[-81.3450218145821,41.4835472442926],[-81.3450211381535,41.4834648257822],[-81.3452763222476,41.4834641430944]]]},"properties":{"source_county":"Geauga","jurisdiction":"Russell Township","parcel_id":"26-706600","owner_name":"RUSSELL TOWNSHIP PARK DISTRICT BOARD OF COMMISSIONERS","property_address":" W RIVER DR","property_city":"NOVELTY","property_zip":"44072"}},{"type":"Feature","geometry":{"type":"Polygon","coordinates":[[[-81.3452681649406,41.4824709340482],[-81.3459640475077,41.482474081481],[-81.3459687336031,41.4834622895854],[-81.3452763222476,41.4834641430944],[-81.3452756466823,41.4833818614709],[-81.3452681649406,41.4824709340482]]]},"properties":{"source_county":"Geauga","jurisdiction":"Russell Township","parcel_id":"26-706700","owner_name":"RUSSELL TOWNSHIP PARK DISTRICT BOARD OF COMMISSIONERS","property_address":" W RIVER DR","property_city":"NOVELTY","property_zip":"44072"}},{"type":"Feature","geometry":{"type":"Polygon","coordinates":[[[-81.3414848596451,41.4906972550527],[-81.3421225050414,41.4906916466306],[-81.3421128271796,41.492505576144],[-81.3418893673249,41.492507353311],[-81.3414751676693,41.4925106460484],[-81.3414804439269,41.491523575775],[-81.3414848596451,41.4906972550527]]]},"properties":{"source_county":"Geauga","jurisdiction":"Russell Township","parcel_id":"26-707001","owner_name":"FAIRMOUNT CENTER FOR THE CREATIVE AND PERFORMING ARTS INC","property_address":"8400 FAIRMOUNT RD","property_city":"NOVELTY","property_zip":"44072"}},{"type":"Feature","geometry":{"type":"Polygon","coordinates":[[[-81.3475389151391,41.4824811875806],[-81.3475549273192,41.481569997666],[-81.3463670185686,41.4815626469862],[-81.3474002223321,41.4813905676735],[-81.347129050083,41.4811406755435],[-81.3483260371959,41.4805071943286],[-81.3481225055491,41.4805081679457],[-81.3481151511754,41.4795627344684],[-81.3493715116222,41.4795261406169],[-81.3493445405214,41.4793190816301],[-81.3492428438788,41.4790827128082],[-81.3496039129453,41.4785278555096],[-81.3496048407934,41.4785264302196],[-81.351384680388,41.4785219891384],[-81.3513846973603,41.4785225242026],[-81.3514464710703,41.4805362753628],[-81.3519255270791,41.4805353575285],[-81.3519122838233,41.4825008109178],[-81.3517306063322,41.4824999991659],[-81.3516211146659,41.482499509335],[-81.3515116229855,41.4824990203011],[-81.3508181765805,41.4824959167925],[-81.3501247290281,41.4824928100261],[-81.3494312815414,41.4824896991135],[-81.3487378353179,41.4824865840666],[-81.3480443879787,41.4824834639613],[-81.3475389151391,41.4824811875806]]]},"properties":{"source_county":"Geauga","jurisdiction":"Russell Township","parcel_id":"26-707006","owner_name":"RUSSELL TOWNSHIP PARK COMMISSION","property_address":" DINES RD","property_city":"NOVELTY","property_zip":"44072"}},{"type":"Feature","geometry":{"type":"Polygon","coordinates":[[[-81.3459640475077,41.482474081481],[-81.3466574946643,41.4824772131246],[-81.346662166463,41.4834604276938],[-81.3459687336031,41.4834622895854],[-81.3459640475077,41.482474081481]]]},"properties":{"source_county":"Geauga","jurisdiction":"Russell Township","parcel_id":"26-707007","owner_name":"RUSSELL TOWNSHIP PARK COMMISSION","property_address":"8273 W RIVER DR","property_city":"NOVELTY","property_zip":"44072"}},{"type":"Feature","geometry":{"type":"Polygon","coordinates":[[[-81.3466574946643,41.4824772131246],[-81.3473509418871,41.482480340622],[-81.3473556004649,41.4834585625685],[-81.346662166463,41.4834604276938],[-81.3466574946643,41.4824772131246]]]},"properties":{"source_county":"Geauga","jurisdiction":"Russell Township","parcel_id":"26-707008","owner_name":"RUSSELL TOWNSHIP PARK COMMISSION","property_address":" W RIVER DR","property_city":"NOVELTY","property_zip":"44072"}},{"type":"Feature","geometry":{"type":"Polygon","coordinates":[[[-81.3372354633126,41.4907299809168],[-81.3397124990513,41.490711000984],[-81.3397089376367,41.4907918623814],[-81.3386171394528,41.4908003265626],[-81.3384339858131,41.4908828888562],[-81.338069403976,41.4909287302388],[-81.3375219966969,41.4909412172618],[-81.3372339553634,41.4908110348492],[-81.3372354633126,41.4907299809168]]]},"properties":{"source_county":"Geauga","jurisdiction":"Russell Township","parcel_id":"26-707012","owner_name":"GEAUGA COUNTY BOARD OF COMMISSIONERS","property_address":" FAIRMOUNT RD","property_city":"NOVELTY","property_zip":"44072"}},{"type":"Feature","geometry":{"type":"Polygon","coordinates":[[[-81.3397219505347,41.4899577614835],[-81.3397219708444,41.4899561398917],[-81.3417972474017,41.489593638423],[-81.3417608018945,41.4899729797248],[-81.3416912070108,41.4906954402044],[-81.3397124990513,41.490711000984],[-81.3397219505347,41.4899577614835]]]},"properties":{"source_county":"Geauga","jurisdiction":"Russell Township","parcel_id":"26-707013","owner_name":"BRIAR HILL CEMETERY ASSOCIATION TRUSTEES","property_address":" FAIRMOUNT RD","property_city":"NOVELTY","property_zip":"44072"}},{"type":"Feature","geometry":{"type":"Polygon","coordinates":[[[-81.3407179584996,41.4907039949732],[-81.3414848596451,41.4906972550527],[-81.3414804439269,41.491523575775],[-81.3407112579286,41.4915295509152],[-81.3407179584996,41.4907039949732]]]},"properties":{"source_county":"Geauga","jurisdiction":"Russell Township","parcel_id":"26-707032","owner_name":"FAIRMOUNT CENTER FOR CREATIVE AND PERFORMING ARTS INC THE","property_address":" FAIRMOUNT RD","property_city":"NOVELTY","property_zip":"44072"}},{"type":"Feature","geometry":{"type":"Polygon","coordinates":[[[-81.3459687336031,41.4834622895854],[-81.346662166463,41.4834604276938],[-81.3466667154292,41.4844177460427],[-81.3459732842973,41.4844222690493],[-81.345971593237,41.4840654894623],[-81.3459687336031,41.4834622895854]]]},"properties":{"source_county":"Geauga","jurisdiction":"Russell Township","parcel_id":"26-708600","owner_name":"RUSSELL TOWNSHIP PARK DISTRICT BOARD OF COMMISSIONERS","property_address":" W RIVER DR","property_city":"NOVELTY","property_zip":"44072"}},{"type":"Feature","geometry":{"type":"Polygon","coordinates":[[[-81.3355455339796,41.4762371958035],[-81.3396081192212,41.4762149781222],[-81.3396129271008,41.4763965329482],[-81.3375764656289,41.476407687596],[-81.3365626964793,41.4764132273868],[-81.3355494109558,41.4764187550691],[-81.3355455339796,41.4762371958035]]]},"properties":{"source_county":"Geauga","jurisdiction":"Russell Township","parcel_id":"26-002600","owner_name":"SCHNEIDER KAREN E & STANLEY K TRUSTEES","property_address":"14381 CHILLICOTHE RD","property_city":"NOVELTY","property_zip":"44072"}},{"type":"Feature","geometry":{"type":"Polygon","coordinates":[[[-81.3446948702603,41.4906689869598],[-81.3446948319269,41.4906689874784],[-81.3446754477559,41.4884058857046],[-81.3460295739815,41.488971518519],[-81.3458101411484,41.4894217318228],[-81.3457167782303,41.4906599528836],[-81.3450940568095,41.4906654649152],[-81.3446948702603,41.4906689869598]]]},"properties":{"source_county":"Geauga","jurisdiction":"Russell Township","parcel_id":"26-003100","owner_name":"HEFFRON DAVID T","property_address":"8309 FAIRMOUNT RD","property_city":"NOVELTY","property_zip":"44072"}},{"type":"Feature","geometry":{"type":"Polygon","coordinates":[[[-81.3488652629296,41.4941128319225],[-81.3483595994851,41.493219247518],[-81.3489446449075,41.4932140948567],[-81.3494923528051,41.4932092685877],[-81.3497662444598,41.4932068539572],[-81.3498589659918,41.4931375023963],[-81.349865515278,41.4928331532915],[-81.350527589043,41.4928275804047],[-81.3497434368038,41.4939475673357],[-81.3496514065576,41.4939422387002],[-81.3495591086502,41.4939429486439],[-81.3494672426619,41.4939496917858],[-81.3493765048995,41.4939624170156],[-81.3492875831191,41.4939810278812],[-81.3492011513142,41.4940053833195],[-81.3488652629296,41.4941128319225]]]},"properties":{"source_county":"Geauga","jurisdiction":"Russell Township","parcel_id":"26-004211","owner_name":"CAMINO DOMENIC & ANDREA LEE","property_address":"8185 BELLE VERNON DR","property_city":"NOVELTY","property_zip":"44072"}},{"type":"Feature","geometry":{"type":"Polygon","coordinates":[[[-81.3487424659571,41.4834548198589],[-81.349435899856,41.4834529413954],[-81.3494404378503,41.4843996098475],[-81.3487470082991,41.4844041494495],[-81.3487424659571,41.4834548198589]]]},"properties":{"source_county":"Geauga","jurisdiction":"Russell Township","parcel_id":"26-005600","owner_name":"LASHKOV OLEKSANDR & LASHKOVA IRYNA","property_address":"8198 W RIVER DR","property_city":"NOVELTY","property_zip":"44072"}},{"type":"Feature","geometry":{"type":"Polygon","coordinates":[[[-81.3363733094077,41.4989126683938],[-81.3371763829146,41.4989190023237],[-81.3371471715874,41.5000794210358],[-81.3370927309369,41.5000790346811],[-81.3366639678675,41.5000756451364],[-81.3363440841581,41.5000730706999],[-81.3363733094077,41.4989126683938]]]},"properties":{"source_county":"Geauga","jurisdiction":"Russell Township","parcel_id":"26-008900","owner_name":"BAYZATH EVELYN J TOD","property_address":"8552 BEECHWOOD DR","property_city":"NOVELTY","property_zip":"44072"}},{"type":"Feature","geometry":{"type":"Polygon","coordinates":[[[-81.3495732876383,41.4785265089207],[-81.3496048407951,41.4785264302224],[-81.349603912947,41.4785278555124],[-81.3492428438805,41.479082712811],[-81.3493445405231,41.4793190816329],[-81.3493715116239,41.4795261406197],[-81.348115151177,41.4795627344713],[-81.3459563010998,41.4796255835185],[-81.345952079784,41.4785368129485],[-81.346268593467,41.4785358227786],[-81.3469956359521,41.4785335454709],[-81.3479686929454,41.4785304894736],[-81.3495732876383,41.4785265089207]]]},"properties":{"source_county":"Geauga","jurisdiction":"Russell Township","parcel_id":"26-010655","owner_name":"BENSON DWAINE A","property_address":"8254 DINES RD","property_city":"NOVELTY","property_zip":"44072"}},{"type":"Feature","geometry":{"type":"Polygon","coordinates":[[[-81.3244828115426,41.4988182160957],[-81.3265317259517,41.498834617056],[-81.3264859561755,41.4988374064106],[-81.3264414454855,41.4988458933397],[-81.3263994397173,41.4988598402978],[-81.3263611145966,41.4988788569153],[-81.3263275428319,41.4989024109247],[-81.32629966409,41.498929843058],[-81.3262782586948,41.4989603854987],[-81.3262639257863,41.4989931833735],[-81.3262570665498,41.4990273186782],[-81.3262578729852,41.4990618359733],[-81.3262663225328,41.4990957691256],[-81.3262821787023,41.499128168351],[-81.3263049976915,41.4991581267981],[-81.3263341408072,41.4991848059315],[-81.3263687923412,41.4992074590029],[-81.3256067183083,41.4999876274142],[-81.3254216217564,41.4999861901244],[-81.3244620675715,41.499978460374],[-81.3244828115426,41.4988182160957]]]},"properties":{"source_county":"Geauga","jurisdiction":"Russell Township","parcel_id":"26-011700","owner_name":"DAWSON PETER B TOD & NANCY L TOD","property_address":"8862 BEECHWOOD DR","property_city":"NOVELTY","property_zip":"44072"}},{"type":"Feature","geometry":{"type":"Polygon","coordinates":[[[-81.3365785394206,41.4771546345976],[-81.337041998637,41.4771530501891],[-81.3370718942594,41.478551502347],[-81.3370721018984,41.4785611992167],[-81.3366086164256,41.4785620154542],[-81.3366084730458,41.4785553151928],[-81.3365785394206,41.4771546345976]]]},"properties":{"source_county":"Geauga","jurisdiction":"Russell Township","parcel_id":"26-012400","owner_name":"BUKOVEC MICHAEL BRIAN & GREENE AMY NICOLE","property_address":"8559 PEKIN RD","property_city":"NOVELTY","property_zip":"44072"}},{"type":"Feature","geometry":{"type":"Polygon","coordinates":[[[-81.3457142053091,41.490659975905],[-81.346261677209,41.490655126728],[-81.3462143806608,41.4928952504006],[-81.3456665789359,41.4929000836477],[-81.3456686201736,41.4928040670342],[-81.3456909858879,41.4917521065518],[-81.3457142053091,41.490659975905]]]},"properties":{"source_county":"Geauga","jurisdiction":"Russell Township","parcel_id":"26-015200","owner_name":"MEHALL ANDREW J & SALLI L","property_address":"8286 FAIRMOUNT RD","property_city":"NOVELTY","property_zip":"44072"}},{"type":"Feature","geometry":{"type":"Polygon","coordinates":[[[-81.3426270892553,41.4906872068083],[-81.342626473589,41.4906872114707],[-81.3426958889803,41.489964632576],[-81.3417608018962,41.4899729797276],[-81.3417972474035,41.4895936384258],[-81.3416700118685,41.4890231763449],[-81.3409136314624,41.4885354892378],[-81.3410402677608,41.4883390397618],[-81.341140953953,41.488182844231],[-81.3415039081217,41.4879094682474],[-81.3416698556294,41.4877844752803],[-81.3417168969154,41.4875394956327],[-81.3417123414323,41.4871486216644],[-81.3420177437372,41.4870575828282],[-81.3428034888465,41.4873503246339],[-81.3430350662665,41.4877523476438],[-81.3433838108386,41.4879517219266],[-81.3437881206992,41.4880352265231],[-81.3446754477559,41.4884058857046],[-81.3446948319269,41.4906689874784],[-81.3426270892553,41.4906872068083]]]},"properties":{"source_county":"Geauga","jurisdiction":"Russell Township","parcel_id":"26-018100","owner_name":"BRENNAN MARILYN M TRUSTEE & STEFAN MICHELLE BRENNAN & MICHAEL KELLEY","property_address":"8351 FAIRMOUNT RD","property_city":"NOVELTY","property_zip":"44072"}},{"type":"Feature","geometry":{"type":"Polygon","coordinates":[[[-81.3397304405636,41.4892811156881],[-81.3397219644019,41.4899567071432],[-81.3396821830845,41.4899366693382],[-81.3392363710376,41.4897121207835],[-81.3388446642929,41.4895148217947],[-81.3385698756928,41.4892884283785],[-81.3397304405636,41.4892811156881]]]},"properties":{"source_county":"Geauga","jurisdiction":"Russell Township","parcel_id":"26-018700","owner_name":"ROTHSTEIN DAVID J & CHERYL A","property_address":" CHILLICOTHE RD","property_city":"NOVELTY","property_zip":"44072"}},{"type":"Feature","geometry":{"type":"Polygon","coordinates":[[[-81.3397281840655,41.4889113003446],[-81.3397304405636,41.4892811156881],[-81.3385698756928,41.4892884283785],[-81.3385640893283,41.4889205676995],[-81.3397281836435,41.4889111211414],[-81.3397281840655,41.4889113003446]]]},"properties":{"source_county":"Geauga","jurisdiction":"Russell Township","parcel_id":"26-018800","owner_name":"ROTHSTEIN DAVID J & CHERYL A","property_address":"8514 KENT RD","property_city":"NOVELTY","property_zip":"44072"}},{"type":"Feature","geometry":{"type":"Polygon","coordinates":[[[-81.3397259075427,41.4885382186553],[-81.3397281836435,41.4889111211414],[-81.3385640893283,41.4889205676995],[-81.3385581995038,41.4885461782364],[-81.3397259076675,41.4885381439153],[-81.3397259075427,41.4885382186553]]]},"properties":{"source_county":"Geauga","jurisdiction":"Russell Township","parcel_id":"26-018900","owner_name":"ROTHSTEIN DAVID J & CHERYL A","property_address":" CHILLICOTHE RD","property_city":"NOVELTY","property_zip":"44072"}},{"type":"Feature","geometry":{"type":"Polygon","coordinates":[[[-81.339723632713,41.4881653134379],[-81.3397259076675,41.4885381439153],[-81.3385581995038,41.4885461782364],[-81.338553636175,41.4881728988194],[-81.3397236316857,41.4881651684475],[-81.339723632713,41.4881653134379]]]},"properties":{"source_county":"Geauga","jurisdiction":"Russell Township","parcel_id":"26-019000","owner_name":"ANDREANI GIOVANNI & RITA","property_address":" CHILLICOTHE RD","property_city":"NOVELTY","property_zip":"44072"}},{"type":"Feature","geometry":{"type":"Polygon","coordinates":[[[-81.3397213407822,41.4877895858479],[-81.3397236316857,41.4881651684475],[-81.338553636175,41.4881728988194],[-81.3385490161435,41.4877949803281],[-81.3397213407822,41.4877895858479]]]},"properties":{"source_county":"Geauga","jurisdiction":"Russell Township","parcel_id":"26-019100","owner_name":"ANDREANI GIOVANNI & RITA","property_address":" CHILLICOTHE RD","property_city":"NOVELTY","property_zip":"44072"}},{"type":"Feature","geometry":{"type":"Polygon","coordinates":[[[-81.3380784470582,41.4877971846576],[-81.3385490161435,41.4877949803281],[-81.338553636175,41.4881728988194],[-81.3385581995038,41.4885461782364],[-81.3385217258753,41.4885464289265],[-81.3377579606712,41.4885516775056],[-81.337748237192,41.4877991052742],[-81.3380784470582,41.4877971846576]]]},"properties":{"source_county":"Geauga","jurisdiction":"Russell Township","parcel_id":"26-019200","owner_name":"8515 KENT LLC","property_address":"8515 KENT RD","property_city":"NOVELTY","property_zip":"44072"}},{"type":"Feature","geometry":{"type":"Polygon","coordinates":[[[-81.3377579606712,41.4885516775056],[-81.3385217258753,41.4885464289265],[-81.3385265714518,41.488876718683],[-81.3381989561552,41.48887951939],[-81.3382047126342,41.4892720687487],[-81.3381757226968,41.4892766995747],[-81.3378303280925,41.4893318678855],[-81.3377696686549,41.4893415572444],[-81.3377579606712,41.4885516775056]]]},"properties":{"source_county":"Geauga","jurisdiction":"Russell Township","parcel_id":"26-019300","owner_name":"HALLARAN SHANE A & ASHLEY L","property_address":"8536 KENT RD","property_city":"NOVELTY","property_zip":"44072"}},{"type":"Feature","geometry":{"type":"Polygon","coordinates":[[[-81.3397038977573,41.4825252219004],[-81.3407319520123,41.4825152120747],[-81.3407384143114,41.483136787401],[-81.3405091680599,41.4831381354507],[-81.3397096205214,41.4831428331888],[-81.3397038977573,41.4825252219004]]]},"properties":{"source_county":"Geauga","jurisdiction":"Russell Township","parcel_id":"26-019500","owner_name":"DE MATTIA ALAN R & SUELLEN","property_address":"8451 RIVERSIDE DR","property_city":"NOVELTY","property_zip":"44072"}},{"type":"Feature","geometry":{"type":"Polygon","coordinates":[[[-81.3328527589985,41.4976985122882],[-81.3332384457563,41.4977015656556],[-81.3332107738467,41.498832776209],[-81.3332094318266,41.4988876587114],[-81.3328689924635,41.4988849624245],[-81.3328250804523,41.4988297218504],[-81.3328527589985,41.4976985122882]]]},"properties":{"source_county":"Geauga","jurisdiction":"Russell Township","parcel_id":"26-020105","owner_name":"CAVASINNI COLLEEN T","property_address":"8659 BEECHWOOD DR","property_city":"NOVELTY","property_zip":"44072"}},{"type":"Feature","geometry":{"type":"Polygon","coordinates":[[[-81.3464454956178,41.4894579167168],[-81.3469929668334,41.4894530740855],[-81.3470033502832,41.4906485541322],[-81.3464558701109,41.4906534067264],[-81.3464454956178,41.4894579167168]]]},"properties":{"source_county":"Geauga","jurisdiction":"Russell Township","parcel_id":"26-021000","owner_name":"CLAPP MARGARET J & THOMAS L","property_address":"8265 FAIRMOUNT RD","property_city":"NOVELTY","property_zip":"44072"}},{"type":"Feature","geometry":{"type":"Polygon","coordinates":[[[-81.33964686867,41.4776486303689],[-81.3396468635711,41.4776484448148],[-81.3406537134531,41.4776577344909],[-81.3406575781746,41.4780585037784],[-81.3396577848678,41.4780500691431],[-81.33964686867,41.4776486303689]]]},"properties":{"source_county":"Geauga","jurisdiction":"Russell Township","parcel_id":"26-021100","owner_name":"BRADY MICHAEL","property_address":"14324 CHILLICOTHE RD","property_city":"NOVELTY","property_zip":"44072"}},{"type":"Feature","geometry":{"type":"Polygon","coordinates":[[[-81.3312809636481,41.4988723713718],[-81.3317738941842,41.4988762821515],[-81.3317445891868,41.5000365914762],[-81.3313250836243,41.5000332997382],[-81.3311240238984,41.500031655797],[-81.331153338453,41.49887135922],[-81.3312809636481,41.4988723713718]]]},"properties":{"source_county":"Geauga","jurisdiction":"Russell Township","parcel_id":"26-021700","owner_name":"BAYZATH EVELYN J TOD","property_address":"8704 BEECHWOOD DR","property_city":"NOVELTY","property_zip":"44072"}},{"type":"Feature","geometry":{"type":"Polygon","coordinates":[[[-81.3372375257028,41.4952809720135],[-81.3372590670135,41.4945202454692],[-81.3373621298112,41.4945271876008],[-81.338144065878,41.4945798501418],[-81.3381228246841,41.4952956278952],[-81.3372375257028,41.4952809720135]]]},"properties":{"source_county":"Geauga","jurisdiction":"Russell Township","parcel_id":"26-022500","owner_name":"MRP LEGACY LLC","property_address":"8529 PERRY DR","property_city":"NOVELTY","property_zip":"44072"}},{"type":"Feature","geometry":{"type":"Polygon","coordinates":[[[-81.3428715885328,41.4785464059766],[-81.3429999545704,41.4785460082478],[-81.34301347768,41.4805325123072],[-81.3425597431547,41.4805346636218],[-81.3425676506672,41.4785473476036],[-81.3428715885328,41.4785464059766]]]},"properties":{"source_county":"Geauga","jurisdiction":"Russell Township","parcel_id":"26-023450","owner_name":"WILLIAMS ROGER F & PAMELA D TTEES","property_address":"8380 DINES RD","property_city":"NOVELTY","property_zip":"44072"}},{"type":"Feature","geometry":{"type":"Polygon","coordinates":[[[-81.3305129851737,41.4760726685732],[-81.3318358622844,41.4760657097802],[-81.3317799128309,41.4785709463676],[-81.331779899868,41.4785715396672],[-81.3306159026514,41.4785736007587],[-81.3305646337002,41.4785736915905],[-81.3305628974116,41.4784896167861],[-81.3305331730409,41.4770502606668],[-81.3305152522636,41.4761824347115],[-81.3305129851737,41.4760726685732]]]},"properties":{"source_county":"Geauga","jurisdiction":"Russell Township","parcel_id":"26-024050","owner_name":"CHERNICKY RONALD J & CHERYL L","property_address":"8711 PEKIN RD","property_city":"NOVELTY","property_zip":"44072"}},{"type":"Feature","geometry":{"type":"Polygon","coordinates":[[[-81.3305651305699,41.478656025832],[-81.3312603151029,41.4786547964871],[-81.3312935844474,41.4800976109901],[-81.3313971146365,41.4845871415574],[-81.3291708506594,41.4846021799843],[-81.329034114385,41.4786637498362],[-81.3305651305699,41.478656025832]]]},"properties":{"source_county":"Geauga","jurisdiction":"Russell Township","parcel_id":"26-024080","owner_name":"MICKOVIC SUSAN","property_address":"8730 PEKIN RD","property_city":"NOVELTY","property_zip":"44072"}},{"type":"Feature","geometry":{"type":"Polygon","coordinates":[[[-81.3368581704718,41.4878042770632],[-81.337748237192,41.4877991052742],[-81.3377579606712,41.4885516775056],[-81.3368590600862,41.4885578486808],[-81.3368487373378,41.4878043319433],[-81.3368581704718,41.4878042770632]]]},"properties":{"source_county":"Geauga","jurisdiction":"Russell Township","parcel_id":"26-025500","owner_name":"GREENE NANCYANN","property_address":"8537 KENT RD","property_city":"NOVELTY","property_zip":"44072"}},{"type":"Feature","geometry":{"type":"Polygon","coordinates":[[[-81.3479356063761,41.4759864925798],[-81.348458370081,41.4759832734983],[-81.3484738392014,41.477080157927],[-81.347997402213,41.478448063851],[-81.3469947412449,41.4784512129507],[-81.3469831917624,41.4773937580488],[-81.3476221364165,41.477175260047],[-81.3476189121903,41.476878865558],[-81.3479452960915,41.4768768568604],[-81.3479356063761,41.4759864925798]]]},"properties":{"source_county":"Geauga","jurisdiction":"Russell Township","parcel_id":"26-026750","owner_name":"BOUCK THEODORE C & LINDA M","property_address":"8241 DINES RD","property_city":"NOVELTY","property_zip":"44072"}},{"type":"Feature","geometry":{"type":"Polygon","coordinates":[[[-81.3381228246841,41.4952956278952],[-81.338144065878,41.4945798501418],[-81.3384515765373,41.4946005598421],[-81.3384308021398,41.4953007240914],[-81.3381228246841,41.4952956278952]]]},"properties":{"source_county":"Geauga","jurisdiction":"Russell Township","parcel_id":"26-029900","owner_name":"MRP LEGACY LLC","property_address":"8507 PERRY DR","property_city":"NOVELTY","property_zip":"44072"}},{"type":"Feature","geometry":{"type":"Polygon","coordinates":[[[-81.3396348267146,41.4772057914795],[-81.339634822351,41.4772056320472],[-81.340651564467,41.477211522353],[-81.3406537134531,41.4776577344909],[-81.3396468635711,41.4776484448148],[-81.3396348267146,41.4772057914795]]]},"properties":{"source_county":"Geauga","jurisdiction":"Russell Township","parcel_id":"26-030020","owner_name":"SARGENT MARK E","property_address":"14340 CHILLICOTHE RD","property_city":"NOVELTY","property_zip":"44072"}},{"type":"Feature","geometry":{"type":"Polygon","coordinates":[[[-81.3371763829146,41.4989190023237],[-81.3379794553629,41.4989253315825],[-81.337976500627,41.499042777823],[-81.3379633831161,41.4995641300632],[-81.3379502579587,41.5000857667006],[-81.337894980148,41.5000853741372],[-81.337494265715,41.5000822083128],[-81.3372944755976,41.5000806292147],[-81.3371471715874,41.5000794210358],[-81.3371763829146,41.4989190023237]]]},"properties":{"source_county":"Geauga","jurisdiction":"Russell Township","parcel_id":"26-030200","owner_name":"LJUBI RICHARD A & CYNTHIA D TOD","property_address":"8530 BEECHWOOD DR","property_city":"NOVELTY","property_zip":"44072"}},{"type":"Feature","geometry":{"type":"Polygon","coordinates":[[[-81.3425526642307,41.4824974616496],[-81.343211149828,41.4824910348522],[-81.3432269790323,41.4834696076302],[-81.3430137669271,41.4834701741486],[-81.342713400116,41.4834709710096],[-81.3426380559017,41.483471527321],[-81.3425627932264,41.4834688340714],[-81.3425526642307,41.4824974616496]]]},"properties":{"source_county":"Geauga","jurisdiction":"Russell Township","parcel_id":"26-030300","owner_name":"CIRINO ANTHONY TOD & TONI ANN TOD","property_address":"8375 RIVERSIDE DR","property_city":"NOVELTY","property_zip":"44072"}},{"type":"Feature","geometry":{"type":"Polygon","coordinates":[[[-81.3479885824121,41.4864213093792],[-81.3493754232896,41.4864062867194],[-81.3493781936634,41.4867239067312],[-81.349390201721,41.4881006920281],[-81.3477990579323,41.4881148051],[-81.3478421266548,41.4877299726783],[-81.3479539039297,41.4867311806396],[-81.3479885824121,41.4864213093792]]]},"properties":{"source_county":"Geauga","jurisdiction":"Russell Township","parcel_id":"26-033100","owner_name":"HOJDAROVA ROSE MARIE TRUSTEE","property_address":" ALEXANDER DR","property_city":"NOVELTY","property_zip":"44072"}},{"type":"Feature","geometry":{"type":"Polygon","coordinates":[[[-81.3468091514071,41.4906502758912],[-81.3473565680478,41.4906454218993],[-81.3473096748431,41.4928855775766],[-81.3467621835181,41.492890413678],[-81.3468091514071,41.4906502758912]]]},"properties":{"source_county":"Geauga","jurisdiction":"Russell Township","parcel_id":"26-034100","owner_name":"CONWAY JUDITH & MICHAEL","property_address":"8254 FAIRMOUNT RD","property_city":"NOVELTY","property_zip":"44072"}},{"type":"Feature","geometry":{"type":"Polygon","coordinates":[[[-81.341263730117,41.4772150682215],[-81.3412901883746,41.4772151606034],[-81.3413106539387,41.4785335007985],[-81.3413109297668,41.4785512343961],[-81.3412600584983,41.4785513915615],[-81.3409836326382,41.4785522446399],[-81.3409832995615,41.4785334190626],[-81.340959930024,41.4772132325094],[-81.341263730117,41.4772150682215]]]},"properties":{"source_county":"Geauga","jurisdiction":"Russell Township","parcel_id":"26-034200","owner_name":"RUST BRADLEY R & KAREN C","property_address":"8433 DINES RD","property_city":"NOVELTY","property_zip":"44072"}},{"type":"Feature","geometry":{"type":"Polygon","coordinates":[[[-81.340651564467,41.477211522353],[-81.340959930024,41.4772132325094],[-81.3409832995615,41.4785334190626],[-81.3409836326382,41.4785522446399],[-81.3406672469292,41.4785532198658],[-81.340666858258,41.4785333446485],[-81.3406575781746,41.4780585037784],[-81.3406537134531,41.4776577344909],[-81.340651564467,41.477211522353]]]},"properties":{"source_county":"Geauga","jurisdiction":"Russell Township","parcel_id":"26-034300","owner_name":"RUST BRADLEY R & KAREN C","property_address":" DINES RD","property_city":"NOVELTY","property_zip":"44072"}},{"type":"Feature","geometry":{"type":"Polygon","coordinates":[[[-81.3396577900783,41.4780502483947],[-81.3396577848678,41.4780500691431],[-81.3406575781746,41.4780585037784],[-81.340666858258,41.4785333446485],[-81.3406672469292,41.4785532198658],[-81.34060922671,41.4785533989272],[-81.3396715599299,41.4785565879089],[-81.3396709060729,41.4785325650302],[-81.3396577900783,41.4780502483947]]]},"properties":{"source_county":"Geauga","jurisdiction":"Russell Township","parcel_id":"26-034400","owner_name":"RUST BRADLEY R & KAREN C","property_address":" DINES RD","property_city":"NOVELTY","property_zip":"44072"}},{"type":"Feature","geometry":{"type":"Polygon","coordinates":[[[-81.332462347784,41.4976954190913],[-81.3328527589985,41.4976985122882],[-81.3328250804523,41.4988297218504],[-81.3328689924635,41.4988849624245],[-81.332454348802,41.4988816767869],[-81.3324393871097,41.4988266653091],[-81.332462347784,41.4976954190913]]]},"properties":{"source_county":"Geauga","jurisdiction":"Russell Township","parcel_id":"26-034600","owner_name":"KRUTILLA JENNIFER O","property_address":"8671 BEECHWOOD DR","property_city":"NOVELTY","property_zip":"44072"}},{"type":"Feature","geometry":{"type":"Polygon","coordinates":[[[-81.3337902569834,41.4977059332153],[-81.3344875294649,41.4977114473055],[-81.3344593648888,41.4988542675744],[-81.3344585380941,41.4988975424707],[-81.3339640910487,41.4988936314597],[-81.3337612518362,41.4988920263955],[-81.3337902569834,41.4977059332153]]]},"properties":{"source_county":"Geauga","jurisdiction":"Russell Township","parcel_id":"26-034900","owner_name":"CRICK EDWIN REED III TRUSTEE","property_address":"8627 BEECHWOOD DR","property_city":"NOVELTY","property_zip":"44072"}},{"type":"Feature","geometry":{"type":"Polygon","coordinates":[[[-81.3417695518875,41.4832366148995],[-81.3417826609958,41.4844951273909],[-81.341263643009,41.4845057835868],[-81.3412594237224,41.484100248858],[-81.3412493685609,41.4831337820688],[-81.3413399788845,41.4831362598742],[-81.3414299457673,41.4831447359506],[-81.3415185683997,41.4831591442722],[-81.341605156442,41.4831793726035],[-81.3416890354019,41.4832052633727],[-81.3417695518875,41.4832366148995]]]},"properties":{"source_county":"Geauga","jurisdiction":"Russell Township","parcel_id":"26-039200","owner_name":"BIHUN ROBB G TOD & REBECCA A TOD","property_address":"8414 RIVERSIDE DR","property_city":"NOVELTY","property_zip":"44072"}},{"type":"Feature","geometry":{"type":"Polygon","coordinates":[[[-81.3382520849575,41.4842285080364],[-81.3397196148132,41.4842213766737],[-81.3397225298027,41.4845360264937],[-81.3376758896363,41.4845523685843],[-81.3371377102975,41.4845549619387],[-81.3365711747257,41.4845576897723],[-81.3358051110861,41.4845613729296],[-81.3356381423546,41.4845622730556],[-81.335633495489,41.4842411876945],[-81.3382520849575,41.4842285080364]]]},"properties":{"source_county":"Geauga","jurisdiction":"Russell Township","parcel_id":"26-039900","owner_name":"GRANETO ADAM","property_address":"14079 CHILLICOTHE RD","property_city":"NOVELTY","property_zip":"44072"}},{"type":"Feature","geometry":{"type":"Polygon","coordinates":[[[-81.3357742981759,41.4930725364256],[-81.3357833313312,41.4928285375645],[-81.3396769464238,41.4928677098416],[-81.3396720928613,41.4931825944969],[-81.3396713481141,41.4932309067653],[-81.3384735782329,41.4932188699354],[-81.3373968607707,41.4932080395344],[-81.3357698872048,41.4931916557704],[-81.3357742981759,41.4930725364256]]]},"properties":{"source_county":"Geauga","jurisdiction":"Russell Township","parcel_id":"26-039980","owner_name":"SCHILL BRYCE A","property_address":"13761 CHILLICOTHE RD","property_city":"NOVELTY","property_zip":"44072"}},{"type":"Feature","geometry":{"type":"Polygon","coordinates":[[[-81.3372235955457,41.4913677010753],[-81.3372339553651,41.490811034852],[-81.3375219966986,41.4909412172646],[-81.3380694039777,41.4909287302417],[-81.3384339858148,41.490882888859],[-81.3386171394545,41.4908003265655],[-81.3397089376383,41.4907918623842],[-81.3397018095266,41.4912543933209],[-81.3372235955457,41.4913677010753]]]},"properties":{"source_county":"Geauga","jurisdiction":"Russell Township","parcel_id":"26-040020","owner_name":"DINARDO RONALD R TRUSTEE","property_address":"8510 FAIRMOUNT RD","property_city":"NOVELTY","property_zip":"44072"}},{"type":"Feature","geometry":{"type":"Polygon","coordinates":[[[-81.3372235955457,41.4913677010753],[-81.3397018095266,41.4912543933209],[-81.3396971580744,41.491556245464],[-81.3372174580224,41.4916697751556],[-81.3352885408609,41.4916818850722],[-81.3353315885344,41.4913795792054],[-81.3362407070422,41.4913738759005],[-81.3366009972599,41.4913716136603],[-81.3372235955457,41.4913677010753]]]},"properties":{"source_county":"Geauga","jurisdiction":"Russell Township","parcel_id":"26-040030","owner_name":"DINARDO RONALD R TRUSTEE","property_address":" CHILLICOTHE RD","property_city":"NOVELTY","property_zip":"44072"}},{"type":"Feature","geometry":{"type":"Polygon","coordinates":[[[-81.3410144517314,41.4971866845208],[-81.3424123176509,41.4971995369391],[-81.3423977210546,41.4978450800557],[-81.3423507653944,41.4999217677866],[-81.3423463226836,41.5001182274131],[-81.3420520152769,41.4997400839177],[-81.3416959738044,41.4992826614252],[-81.3416145521693,41.4991838807616],[-81.3415257488357,41.4990887628952],[-81.3414298545746,41.4989976192396],[-81.341327183369,41.498910748196],[-81.3412180713851,41.4988284341756],[-81.3411028758719,41.4987509466696],[-81.3409819739912,41.4986785393664],[-81.3408557615833,41.4986114493211],[-81.3407246518706,41.4985498961804],[-81.3405890741051,41.4984940814628],[-81.3404494721632,41.4984441878994],[-81.3403063030926,41.4984003788355],[-81.3403129711619,41.4981314668634],[-81.3402611638094,41.4981247733253],[-81.3402776909553,41.4974476620659],[-81.3395914719764,41.4974406562308],[-81.3395986649173,41.4971736494876],[-81.3410144517314,41.4971866845208]]]},"properties":{"source_county":"Geauga","jurisdiction":"Russell Township","parcel_id":"26-040800","owner_name":"ART FARM HOLDINGS LLC","property_address":"13604 CHILLICOTHE RD","property_city":"NOVELTY","property_zip":"44072"}},{"type":"Feature","geometry":{"type":"Polygon","coordinates":[[[-81.3396870429506,41.480548241312],[-81.3409688362991,41.4805421918741],[-81.340971715242,41.4808820456657],[-81.3396896906122,41.4808888123862],[-81.3396870429506,41.480548241312]]]},"properties":{"source_county":"Geauga","jurisdiction":"Russell Township","parcel_id":"26-040950","owner_name":"ENSINGER SAMANTHA","property_address":"14220 CHILLICOTHE RD","property_city":"NOVELTY","property_zip":"44072"}},{"type":"Feature","geometry":{"type":"Polygon","coordinates":[[[-81.3396855551277,41.4803569378119],[-81.3419036113604,41.4803452244367],[-81.3419028444007,41.4805377750312],[-81.3409688362991,41.4805421918741],[-81.3396870429346,41.4805482422123],[-81.3396855551277,41.4803569378119]]]},"properties":{"source_county":"Geauga","jurisdiction":"Russell Township","parcel_id":"26-040960","owner_name":"ENSINGER SAMANTHA","property_address":" CHILLICOTHE RD","property_city":"NOVELTY","property_zip":"44072"}},{"type":"Feature","geometry":{"type":"Polygon","coordinates":[[[-81.3413106539387,41.4785335007985],[-81.3412901883746,41.4772151606034],[-81.341263730117,41.4772150682215],[-81.341260683079,41.4768194534195],[-81.3412591002572,41.4765475378304],[-81.3422393847753,41.4765475470514],[-81.3422398570589,41.4767069213944],[-81.3422435667413,41.4772203947873],[-81.3422709047115,41.4785346393207],[-81.3422711886389,41.4785482658152],[-81.3419107633117,41.4785493810765],[-81.3413109297668,41.4785512343961],[-81.3413106539387,41.4785335007985]]]},"properties":{"source_county":"Geauga","jurisdiction":"Russell Township","parcel_id":"26-045800","owner_name":"MARTIN ERIC SCOTT & SOUZA ALYSE LAHTI","property_address":"8405 DINES RD","property_city":"NOVELTY","property_zip":"44072"}},{"type":"Feature","geometry":{"type":"Polygon","coordinates":[[[-81.3396169246136,41.4765474842468],[-81.3412591002572,41.4765475378304],[-81.341260683079,41.4768194534195],[-81.3396242977546,41.4768186213027],[-81.3396169246136,41.4765474842468]]]},"properties":{"source_county":"Geauga","jurisdiction":"Russell Township","parcel_id":"26-046800","owner_name":"ERICKSON CAROL A","property_address":" CHILLICOTHE RD","property_city":"NOVELTY","property_zip":"44072"}},{"type":"Feature","geometry":{"type":"Polygon","coordinates":[[[-81.3396243004088,41.4768187419964],[-81.3396242977546,41.4768186213027],[-81.341260683079,41.4768194534195],[-81.341263730117,41.4772150682215],[-81.340959930024,41.4772132325094],[-81.340651564467,41.477211522353],[-81.339634822351,41.4772056320472],[-81.3396243004088,41.4768187419964]]]},"properties":{"source_county":"Geauga","jurisdiction":"Russell Township","parcel_id":"26-046900","owner_name":"ERICKSON CAROL A","property_address":"14362 CHILLICOTHE RD","property_city":"NOVELTY","property_zip":"44072"}},{"type":"Feature","geometry":{"type":"Polygon","coordinates":[[[-81.3320949308762,41.4907192373544],[-81.3334569437544,41.4907270078255],[-81.3336120599594,41.492317824994],[-81.3322307553308,41.4923099344945],[-81.3322043332643,41.4920016893663],[-81.3321767939403,41.491680403653],[-81.3320944075708,41.4907192338861],[-81.3320949308762,41.4907192373544]]]},"properties":{"source_county":"Geauga","jurisdiction":"Russell Township","parcel_id":"26-047750","owner_name":"EXLINE MICHAEL PAUL & MARY JOY","property_address":"8670 FAIRMOUNT RD","property_city":"NOVELTY","property_zip":"44072"}},{"type":"Feature","geometry":{"type":"Polygon","coordinates":[[[-81.3399239654021,41.4931804745015],[-81.3412747572663,41.4931683907016],[-81.3412656123229,41.493580087071],[-81.339665745746,41.4935943971703],[-81.3396720928613,41.4931825944969],[-81.3399239654021,41.4931804745015]]]},"properties":{"source_county":"Geauga","jurisdiction":"Russell Township","parcel_id":"26-048850","owner_name":"WOOD JEFFERY D & MELINDA","property_address":"13754 CHILLICOTHE RD","property_city":"NOVELTY","property_zip":"44072"}},{"type":"Feature","geometry":{"type":"Polygon","coordinates":[[[-81.3350710876975,41.4928387012035],[-81.3349638610201,41.4928030451629],[-81.335279147612,41.4926660330193],[-81.3354231792333,41.4920769504878],[-81.3352885408609,41.4916818850722],[-81.3372174580224,41.4916697751556],[-81.3396971580744,41.491556245464],[-81.339682229776,41.4925248798533],[-81.3396769464238,41.4928677098416],[-81.3357833313312,41.4928285375645],[-81.3357742981759,41.4930725364256],[-81.3350710876975,41.4928387012035]]]},"properties":{"source_county":"Geauga","jurisdiction":"Russell Township","parcel_id":"26-049400","owner_name":"RADONICH ANDREW M JR & ALANA","property_address":"13795 CHILLICOTHE RD","property_city":"NOVELTY","property_zip":"44072"}},{"type":"Feature","geometry":{"type":"Polygon","coordinates":[[[-81.349435899856,41.4834529413954],[-81.3501293325022,41.4834510596743],[-81.3501338685185,41.4843950652112],[-81.3494404378503,41.4843996098475],[-81.349435899856,41.4834529413954]]]},"properties":{"source_county":"Geauga","jurisdiction":"Russell Township","parcel_id":"26-052000","owner_name":"GLAZER MICHAEL A TOD & JEANETTE S TOD","property_address":"8178 W RIVER DR","property_city":"NOVELTY","property_zip":"44072"}},{"type":"Feature","geometry":{"type":"Polygon","coordinates":[[[-81.3464306106884,41.4877424896235],[-81.3478421266548,41.4877299726783],[-81.3477990579323,41.4881148051],[-81.3476499309943,41.4894472591449],[-81.3475404367708,41.4894482288583],[-81.3469929668334,41.4894530740855],[-81.3464454956178,41.4894579167168],[-81.3464306106884,41.4877424896235]]]},"properties":{"source_county":"Geauga","jurisdiction":"Russell Township","parcel_id":"26-052750","owner_name":"LENNON TIMOTHY C REVOCABLE TRUST THE","property_address":"13909 ALEXANDER DR","property_city":"NOVELTY","property_zip":"44072"}},{"type":"Feature","geometry":{"type":"Polygon","coordinates":[[[-81.337976500627,41.499042777823],[-81.339547965509,41.4990554320415],[-81.3395339660715,41.4995750060384],[-81.3379633831161,41.4995641300632],[-81.337976500627,41.499042777823]]]},"properties":{"source_county":"Geauga","jurisdiction":"Russell Township","parcel_id":"26-054110","owner_name":"BERNIER ANDREW M TOD & SALLY P TOD","property_address":"8500 BEECHWOOD DR","property_city":"NOVELTY","property_zip":"44072"}},{"type":"Feature","geometry":{"type":"Polygon","coordinates":[[[-81.3412493685609,41.4831337820688],[-81.3407384143114,41.483136787401],[-81.3407319520123,41.4825152120747],[-81.3417619318532,41.4825051736491],[-81.3417695518875,41.4832366148995],[-81.3416890354019,41.4832052633727],[-81.341605156442,41.4831793726035],[-81.3415185683997,41.4831591442722],[-81.3414299457673,41.4831447359506],[-81.3413399788845,41.4831362598742],[-81.3412493685609,41.4831337820688]]]},"properties":{"source_county":"Geauga","jurisdiction":"Russell Township","parcel_id":"26-054400","owner_name":"RANKIN SETH & JOHN","property_address":"8421 RIVERSIDE DR","property_city":"NOVELTY","property_zip":"44072"}},{"type":"Feature","geometry":{"type":"Polygon","coordinates":[[[-81.331695698989,41.4976893417913],[-81.3320813856229,41.497692399906],[-81.3320536937872,41.4988236083858],[-81.3316680005006,41.4988205501802],[-81.331695698989,41.4976893417913]]]},"properties":{"source_county":"Geauga","jurisdiction":"Russell Township","parcel_id":"26-056300","owner_name":"HEDERSTROM MARK & CHERYL","property_address":"8681 BEECHWOOD DR","property_city":"NOVELTY","property_zip":"44072"}},{"type":"Feature","geometry":{"type":"Polygon","coordinates":[[[-81.3355358852108,41.4757854290701],[-81.3395964083219,41.4757727447815],[-81.3396081192212,41.4762149781222],[-81.3355455339796,41.4762371958035],[-81.3355358852108,41.4757854290701]]]},"properties":{"source_county":"Geauga","jurisdiction":"Russell Township","parcel_id":"26-057700","owner_name":"GEORGE CRAIG J & JENNIFER L","property_address":" CHILLICOTHE RD","property_city":"NOVELTY","property_zip":"44072"}},{"type":"Feature","geometry":{"type":"Polygon","coordinates":[[[-81.3395411005679,41.4993101976839],[-81.339547965509,41.4990554320415],[-81.3395526062007,41.4988831760469],[-81.3395674011202,41.4983340700713],[-81.3403063030926,41.4984003788355],[-81.3404494721632,41.4984441878994],[-81.3405890741051,41.4984940814628],[-81.3407246518706,41.4985498961804],[-81.3408557615833,41.4986114493211],[-81.3409819739912,41.4986785393664],[-81.3411028758719,41.4987509466696],[-81.3412180713851,41.4988284341756],[-81.341327183369,41.498910748196],[-81.3414298545746,41.4989976192396],[-81.3415257488357,41.4990887628952],[-81.3416145521693,41.4991838807616],[-81.3416959738044,41.4992826614252],[-81.3395411005679,41.4993101976839]]]},"properties":{"source_county":"Geauga","jurisdiction":"Russell Township","parcel_id":"26-058800","owner_name":"SCHUBERT DAVID M & MARTHA","property_address":" CHILLICOTHE RD","property_city":"NOVELTY","property_zip":"44072"}},{"type":"Feature","geometry":{"type":"Polygon","coordinates":[[[-81.3379633831161,41.4995641300632],[-81.3395339660715,41.4995750060384],[-81.3395198772059,41.5000979279965],[-81.339392273792,41.5000971088529],[-81.3393917492136,41.5000971054056],[-81.339388545441,41.5000970850583],[-81.3379502579587,41.5000857667006],[-81.3379633831161,41.4995641300632]]]},"properties":{"source_county":"Geauga","jurisdiction":"Russell Township","parcel_id":"26-059110","owner_name":"GRAMS JAMES W","property_address":"13509 CHILLICOTHE RD","property_city":"NOVELTY","property_zip":"44072"}},{"type":"Feature","geometry":{"type":"Polygon","coordinates":[[[-81.3384664192121,41.493575610852],[-81.3384735782329,41.4932188699354],[-81.3396713481141,41.4932309067653],[-81.3396658505198,41.4935876643096],[-81.3384664192121,41.493575610852]]]},"properties":{"source_county":"Geauga","jurisdiction":"Russell Township","parcel_id":"26-061600","owner_name":"SCHAAB JOSHUA J","property_address":"13745 CHILLICOTHE RD","property_city":"NOVELTY","property_zip":"44072"}},{"type":"Feature","geometry":{"type":"Polygon","coordinates":[[[-81.3399046857258,41.4940476078322],[-81.3411553762188,41.4940364204874],[-81.3411418647241,41.4946446431852],[-81.3400377530097,41.4946307461986],[-81.3400149449423,41.4946291078401],[-81.339992758575,41.4946248070557],[-81.339971740219,41.4946179497468],[-81.3399524074243,41.494608704766],[-81.3399352362355,41.4945972997591],[-81.33992064947,41.4945840155597],[-81.3399090063061,41.494569179274],[-81.3399005934395,41.4945531562261],[-81.3398956180233,41.4945363409621],[-81.3398942025678,41.4945191475352],[-81.3399046857258,41.4940476078322]]]},"properties":{"source_county":"Geauga","jurisdiction":"Russell Township","parcel_id":"26-063850","owner_name":"BENESH ANDREW W & JESSICA L","property_address":"8439 BELLE VERNON DR","property_city":"NOVELTY","property_zip":"44072"}},{"type":"Feature","geometry":{"type":"Polygon","coordinates":[[[-81.3262229217536,41.4888743028649],[-81.3269528962687,41.488878512931],[-81.3269737913153,41.49068984248],[-81.3262437978332,41.4906856325597],[-81.3262229217536,41.4888743028649]]]},"properties":{"source_county":"Geauga","jurisdiction":"Russell Township","parcel_id":"26-064100","owner_name":"HAMARY CLARA","property_address":"8841 FAIRMOUNT RD","property_city":"NOVELTY","property_zip":"44072"}},{"type":"Feature","geometry":{"type":"Polygon","coordinates":[[[-81.3315608381812,41.4956261514178],[-81.3315790241901,41.4954694951244],[-81.3329019904477,41.4960118788472],[-81.3346629034923,41.4967336969132],[-81.3348714097052,41.4968156473928],[-81.334977057934,41.4968545581571],[-81.335153650608,41.4969158279049],[-81.3353325211298,41.4969732417181],[-81.3355135205768,41.497026751794],[-81.336382350797,41.4972727808707],[-81.3372781061522,41.4975264266892],[-81.3377956830906,41.4975576630266],[-81.3393348044686,41.4976505367022],[-81.3394068791753,41.4976548346119],[-81.3395854209699,41.4976652682724],[-81.3395526062007,41.4988831760469],[-81.3369645888723,41.4988624405405],[-81.3369753030777,41.4984233990885],[-81.3364720582108,41.4974520967686],[-81.335445997516,41.4971615453756],[-81.3352222052265,41.4970948127198],[-81.3350016304673,41.4970222776168],[-81.3347845393156,41.4969440275684],[-81.3345711936432,41.4968601569698],[-81.3315608381812,41.4956261514178]]]},"properties":{"source_county":"Geauga","jurisdiction":"Russell Township","parcel_id":"26-064400","owner_name":"DISSAUER GERALD A & MARILYN A","property_address":"13555 CHILLICOTHE RD","property_city":"NOVELTY","property_zip":"44072"}},{"type":"Feature","geometry":{"type":"Polygon","coordinates":[[[-81.3373621298112,41.4945271876008],[-81.3373968607707,41.4932080395344],[-81.3384735782329,41.4932188699354],[-81.3384664192121,41.493575610852],[-81.3384608607987,41.4938526072219],[-81.3396587275015,41.494049804993],[-81.3396507570675,41.4946813104687],[-81.3384515765373,41.4946005598421],[-81.338144065878,41.4945798501418],[-81.3373621298112,41.4945271876008]]]},"properties":{"source_county":"Geauga","jurisdiction":"Russell Township","parcel_id":"26-065442","owner_name":"MOORE ELAINE R & RUSSELL A","property_address":"13711 CHILLICOTHE RD","property_city":"NOVELTY","property_zip":"44072"}},{"type":"Feature","geometry":{"type":"Polygon","coordinates":[[[-81.3365156653151,41.495269016845],[-81.3365381029011,41.4944716833637],[-81.3372590670135,41.4945202454692],[-81.3372375257028,41.4952809720135],[-81.3365156653151,41.495269016845]]]},"properties":{"source_county":"Geauga","jurisdiction":"Russell Township","parcel_id":"26-069400","owner_name":"CENTRACKIO JOSEPH & HENRY LAUREN F","property_address":"8551 PERRY DR","property_city":"NOVELTY","property_zip":"44072"}},{"type":"Feature","geometry":{"type":"Polygon","coordinates":[[[-81.3438348404672,41.4906765694827],[-81.3444555518868,41.4906710973134],[-81.3443839675916,41.4940076741561],[-81.3443440840404,41.4940080323108],[-81.34376322282,41.494013245874],[-81.3437954713028,41.4925108420722],[-81.3438348404672,41.4906765694827]]]},"properties":{"source_county":"Geauga","jurisdiction":"Russell Township","parcel_id":"26-071200","owner_name":"PINNEY JEFF C TOD & JANET K TOD","property_address":"8338 FAIRMOUNT RD","property_city":"NOVELTY","property_zip":"44072"}},{"type":"Feature","geometry":{"type":"Polygon","coordinates":[[[-81.3354550813766,41.4952967385462],[-81.3354564148487,41.4952514659859],[-81.335976825079,41.4952600898185],[-81.3365156653151,41.495269016845],[-81.3372375257028,41.4952809720135],[-81.3381228246841,41.4952956278952],[-81.3384308021398,41.4953007240914],[-81.3384515765373,41.4946005598421],[-81.3396507570675,41.4946813104687],[-81.3396421149342,41.4953660581042],[-81.338030130221,41.4953393882724],[-81.3360937260257,41.4953073214463],[-81.3354550813766,41.4952967385462]]]},"properties":{"source_county":"Geauga","jurisdiction":"Russell Township","parcel_id":"26-074600","owner_name":"HORVATH FRANK & CATHERINE","property_address":"13687 CHILLICOTHE RD","property_city":"NOVELTY","property_zip":"44072"}},{"type":"Feature","geometry":{"type":"Polygon","coordinates":[[[-81.3355702360721,41.4989063280044],[-81.3363733094077,41.4989126683938],[-81.3363440841581,41.5000730706999],[-81.3361436034673,41.5000715286172],[-81.3357055564166,41.5000680612936],[-81.3355409980979,41.5000667139163],[-81.3355702360721,41.4989063280044]]]},"properties":{"source_county":"Geauga","jurisdiction":"Russell Township","parcel_id":"26-076100","owner_name":"RETINO PHILLIP DANIEL & SARA LYNN","property_address":"8574 BEECHWOOD DR","property_city":"NOVELTY","property_zip":"44072"}},{"type":"Feature","geometry":{"type":"Polygon","coordinates":[[[-81.3375764656289,41.476407687596],[-81.3396129271008,41.4763965329482],[-81.3396169246136,41.4765474842468],[-81.3396709072701,41.4785325650421],[-81.3396715599299,41.4785565879089],[-81.3376220074017,41.4785602289297],[-81.3376217273797,41.4785469770615],[-81.3375764656289,41.476407687596]]]},"properties":{"source_county":"Geauga","jurisdiction":"Russell Township","parcel_id":"26-079400","owner_name":"SCHNEIDER KAREN E & STANLEY K TRUSTEES","property_address":"8525 PEKIN RD","property_city":"NOVELTY","property_zip":"44072"}},{"type":"Feature","geometry":{"type":"Polygon","coordinates":[[[-81.3337612518362,41.4988920263955],[-81.3339640910487,41.4988936314597],[-81.3339348240179,41.5000539854475],[-81.3335153194479,41.5000507007413],[-81.333077271462,41.5000472243818],[-81.3328397064571,41.5000452936307],[-81.3328689924635,41.4988849624245],[-81.3332094318266,41.4988876587114],[-81.3337612518362,41.4988920263955]]]},"properties":{"source_county":"Geauga","jurisdiction":"Russell Township","parcel_id":"26-088600","owner_name":"HATTENBACH CHERIE","property_address":"8648 BEECHWOOD DR","property_city":"NOVELTY","property_zip":"44072"}},{"type":"Feature","geometry":{"type":"Polygon","coordinates":[[[-81.332454348802,41.4988816767869],[-81.3328689924635,41.4988849624245],[-81.3328397064571,41.5000452936307],[-81.3326392247362,41.5000437454799],[-81.3322011768593,41.5000402649119],[-81.3317631302265,41.5000367827019],[-81.3317445891868,41.5000365914762],[-81.3317670171217,41.4991485668763],[-81.3317738941842,41.4988762821515],[-81.332454348802,41.4988816767869]]]},"properties":{"source_county":"Geauga","jurisdiction":"Russell Township","parcel_id":"26-088800","owner_name":"PAULIC RUDE TOD & MARA TOD","property_address":" BEECHWOOD DR","property_city":"NOVELTY","property_zip":"44072"}},{"type":"Feature","geometry":{"type":"Polygon","coordinates":[[[-81.3280220012829,41.4990111943131],[-81.3299092237326,41.4990262449301],[-81.3297946625029,41.5000210717677],[-81.3295728953339,41.5000193486179],[-81.3291348489806,41.5000158564837],[-81.3286968014765,41.5000123626833],[-81.3282587552167,41.500008867241],[-81.328007943426,41.5000068216027],[-81.3280220012829,41.4990111943131]]]},"properties":{"source_county":"Geauga","jurisdiction":"Russell Township","parcel_id":"26-089800","owner_name":"KLEIN MARIANNE P & JUDY","property_address":"8770 BEECHWOOD DR","property_city":"NOVELTY","property_zip":"44072"}},{"type":"Feature","geometry":{"type":"Polygon","coordinates":[[[-81.3396715599299,41.4785565879089],[-81.34060922671,41.4785533989272],[-81.3406108291656,41.4794895601264],[-81.339678844856,41.479493647178],[-81.3396715599299,41.4785565879089]]]},"properties":{"source_county":"Geauga","jurisdiction":"Russell Township","parcel_id":"26-090490","owner_name":"GAMIERE ANTHONY J & RAMONA R","property_address":"14284 CHILLICOTHE RD","property_city":"NOVELTY","property_zip":"44072"}},{"type":"Feature","geometry":{"type":"Polygon","coordinates":[[[-81.343211149828,41.4824910348522],[-81.3438735002477,41.4824845663038],[-81.3438894156256,41.483467845757],[-81.3436798489133,41.4834684030138],[-81.3432269790323,41.4834696076302],[-81.343211149828,41.4824910348522]]]},"properties":{"source_county":"Geauga","jurisdiction":"Russell Township","parcel_id":"26-091120","owner_name":"ISTOK JAN E & SANDRA A","property_address":"8357 RIVERSIDE DR","property_city":"NOVELTY","property_zip":"44072"}},{"type":"Feature","geometry":{"type":"Polygon","coordinates":[[[-81.335976825079,41.4952600898185],[-81.3360011063139,41.4944355096497],[-81.3365381029011,41.4944716833637],[-81.3365156653151,41.495269016845],[-81.335976825079,41.4952600898185]]]},"properties":{"source_county":"Geauga","jurisdiction":"Russell Township","parcel_id":"26-094100","owner_name":"3500 EL CONQUISTADOR PM LLC","property_address":"8569 PERRY DR","property_city":"NOVELTY","property_zip":"44072"}},{"type":"Feature","geometry":{"type":"Polygon","coordinates":[[[-81.3362529479317,41.4907367250067],[-81.3366132383223,41.4907342556506],[-81.3366009972599,41.4913716136603],[-81.3362407070422,41.4913738759005],[-81.3362529479317,41.4907367250067]]]},"properties":{"source_county":"Geauga","jurisdiction":"Russell Township","parcel_id":"26-095100","owner_name":"TELDAR HOLDINGS LLC","property_address":"8562 FAIRMOUNT RD","property_city":"NOVELTY","property_zip":"44072"}},{"type":"Feature","geometry":{"type":"Polygon","coordinates":[[[-81.3434618278019,41.4785445740699],[-81.3440947655022,41.4785426064647],[-81.3441083091146,41.4805273146774],[-81.34301347768,41.4805325123072],[-81.3429999545704,41.4785460082478],[-81.3434618278019,41.4785445740699]]]},"properties":{"source_county":"Geauga","jurisdiction":"Russell Township","parcel_id":"26-095200","owner_name":"KUBIAK BETTY R TOD","property_address":"8360 DINES RD","property_city":"NOVELTY","property_zip":"44072"}},{"type":"Feature","geometry":{"type":"Polygon","coordinates":[[[-81.339571639343,41.498176765429],[-81.3402611638094,41.4981247733253],[-81.3403129711619,41.4981314668634],[-81.3403063030926,41.4984003788355],[-81.3395674011202,41.4983340700713],[-81.339571639343,41.498176765429]]]},"properties":{"source_county":"Geauga","jurisdiction":"Russell Township","parcel_id":"26-095500","owner_name":"15508 CHILLICOTHE RD LLC","property_address":"13572 CHILLICOTHE RD","property_city":"NOVELTY","property_zip":"44072"}},{"type":"Feature","geometry":{"type":"Polygon","coordinates":[[[-81.3395716571226,41.4981760992408],[-81.3395754272621,41.4980361721587],[-81.3402611638094,41.4981247733253],[-81.339571639343,41.498176765429],[-81.3395716571226,41.4981760992408]]]},"properties":{"source_county":"Geauga","jurisdiction":"Russell Township","parcel_id":"26-095600","owner_name":"15508 CHILLICOTHE RD LLC","property_address":" CHILLICOTHE RD","property_city":"NOVELTY","property_zip":"44072"}},{"type":"Feature","geometry":{"type":"Polygon","coordinates":[[[-81.3395854209699,41.4976652682724],[-81.3395914719764,41.4974406562308],[-81.3402776909553,41.4974476620659],[-81.3402611638094,41.4981247733253],[-81.3395754272621,41.4980361721587],[-81.3395854209699,41.4976652682724]]]},"properties":{"source_county":"Geauga","jurisdiction":"Russell Township","parcel_id":"26-095700","owner_name":"PYE KEVIN J","property_address":"13590 CHILLICOTHE RD","property_city":"NOVELTY","property_zip":"44072"}},{"type":"Feature","geometry":{"type":"Polygon","coordinates":[[[-81.3344585380941,41.4988975424707],[-81.3347671640734,41.4988999829678],[-81.33473791098,41.5000603524616],[-81.3343914131317,41.5000576502749],[-81.3339525231293,41.500054169661],[-81.3339348240179,41.5000539854475],[-81.3339640910487,41.4988936314597],[-81.3344585380941,41.4988975424707]]]},"properties":{"source_county":"Geauga","jurisdiction":"Russell Township","parcel_id":"26-096450","owner_name":"KUNZ HARRISON LEE SR TRUSTEE","property_address":"8620 BEECHWOOD DR","property_city":"NOVELTY","property_zip":"44072"}},{"type":"Feature","geometry":{"type":"Polygon","coordinates":[[[-81.3380229805696,41.4956110376183],[-81.338030130221,41.4953393882724],[-81.3396421149342,41.4953660581042],[-81.3396386862295,41.4956377681158],[-81.3394608700857,41.4956348284549],[-81.3393878817294,41.4956336209175],[-81.3380229805696,41.4956110376183]]]},"properties":{"source_county":"Geauga","jurisdiction":"Russell Township","parcel_id":"26-097300","owner_name":"SHADE REBECCA L & TIMOTHY T","property_address":"13669 CHILLICOTHE RD","property_city":"NOVELTY","property_zip":"44072"}},{"type":"Feature","geometry":{"type":"Polygon","coordinates":[[[-81.3360921095629,41.4953622183716],[-81.3360937260257,41.4953073214463],[-81.338030130221,41.4953393882724],[-81.3380229805696,41.4956110376183],[-81.3393878817294,41.4956336209175],[-81.33938716008,41.4956610598974],[-81.3376631514678,41.4956325329077],[-81.3375488640715,41.4956274257392],[-81.3374354038196,41.4956159120409],[-81.3373234051548,41.4955980561947],[-81.3372134943455,41.4955739580458],[-81.3371062859836,41.4955437523453],[-81.3370023795473,41.4955076079958],[-81.3369008261261,41.4954717820705],[-81.3367964287004,41.4954409210616],[-81.3366896161593,41.4954151517526],[-81.3365808273118,41.4953945800088],[-81.3364705090846,41.4953792903429],[-81.3363591146862,41.4953693455677],[-81.3362471017456,41.4953647865383],[-81.3360921095629,41.4953622183716]]]},"properties":{"source_county":"Geauga","jurisdiction":"Russell Township","parcel_id":"26-097910","owner_name":"SHADE REBECCA L & TIMOTHY T","property_address":" PINE HOLLOW DR","property_city":"NOVELTY","property_zip":"44072"}},{"type":"Feature","geometry":{"type":"Polygon","coordinates":[[[-81.337116503162,41.4907308008943],[-81.3372354633142,41.4907299809196],[-81.3372339553651,41.490811034852],[-81.3372235955457,41.4913677010753],[-81.3366009972599,41.4913716136603],[-81.3366132383223,41.4907342556506],[-81.3370612686202,41.4907311818143],[-81.337116503162,41.4907308008943]]]},"properties":{"source_county":"Geauga","jurisdiction":"Russell Township","parcel_id":"26-098100","owner_name":"USA REAL ESTATE DELP GROUP CO LLC","property_address":"8550 FAIRMOUNT RD","property_city":"NOVELTY","property_zip":"44072"}},{"type":"Feature","geometry":{"type":"Polygon","coordinates":[[[-81.3286316207767,41.4759514992614],[-81.3288239102307,41.4760302552567],[-81.328843104539,41.4760396556849],[-81.328860107182,41.4760511985821],[-81.328874499494,41.4760645997218],[-81.3288859270844,41.4760795291211],[-81.3288941085634,41.4760956191656],[-81.3288988424717,41.4761124736617],[-81.3289000122412,41.4761296775916],[-81.3288975890649,41.4761468073334],[-81.3288916326076,41.4761634410913],[-81.3288822895359,41.476179169282],[-81.32858102636,41.4765952020376],[-81.3285398612818,41.4766576573377],[-81.3285052051448,41.4767223086772],[-81.3284772632685,41.4767887730668],[-81.3284562011993,41.4768566567761],[-81.3284421437292,41.4769255576655],[-81.3284351741565,41.4769950675682],[-81.3284353337913,41.4770647747084],[-81.3284415079215,41.477180182385],[-81.3274716594672,41.4771842387207],[-81.3274619074131,41.4758641604555],[-81.3281548894012,41.4758612627232],[-81.3282376176088,41.4758635318505],[-81.3283198005636,41.4758710157011],[-81.3284008581472,41.4758836614474],[-81.3284802181839,41.4759013798249],[-81.3285573204798,41.4759240457616],[-81.3286316207767,41.4759514992614]]]},"properties":{"source_county":"Geauga","jurisdiction":"Russell Township","parcel_id":"26-098350","owner_name":"STORMANN CHRISTOPHER R & KAREN M","property_address":"14373 CRESTVIEW DR","property_city":"NOVELTY","property_zip":"44072"}},{"type":"Feature","geometry":{"type":"Polygon","coordinates":[[[-81.3480490332316,41.4834566932881],[-81.3487424659571,41.4834548198589],[-81.3487470082991,41.4844041494495],[-81.3480535774388,41.4844086857941],[-81.3480490332316,41.4834566932881]]]},"properties":{"source_county":"Geauga","jurisdiction":"Russell Township","parcel_id":"26-101600","owner_name":"JOHNSON AMY E","property_address":"8218 W RIVER DR","property_city":"NOVELTY","property_zip":"44072"}},{"type":"Feature","geometry":{"type":"Polygon","coordinates":[[[-81.3451161661597,41.4906652699326],[-81.3457142053091,41.490659975905],[-81.3456909858879,41.4917521065518],[-81.3450926698419,41.4917573923972],[-81.3451161661597,41.4906652699326]]]},"properties":{"source_county":"Geauga","jurisdiction":"Russell Township","parcel_id":"26-102800","owner_name":"FAITH REBECCA TOD","property_address":"8302 FAIRMOUNT RD","property_city":"NOVELTY","property_zip":"44072"}},{"type":"Feature","geometry":{"type":"Polygon","coordinates":[[[-81.3332384457563,41.4977015656556],[-81.3337902569834,41.4977059332153],[-81.3337612518362,41.4988920263955],[-81.3332094318266,41.4988876587114],[-81.3332107738467,41.498832776209],[-81.3332384457563,41.4977015656556]]]},"properties":{"source_county":"Geauga","jurisdiction":"Russell Township","parcel_id":"26-103200","owner_name":"GREENE RICHARD J JR","property_address":"8647 BEECHWOOD DR","property_city":"NOVELTY","property_zip":"44072"}},{"type":"Feature","geometry":{"type":"Polygon","coordinates":[[[-81.3392125112019,41.4907162953903],[-81.3392122656504,41.4907162974353],[-81.3392363710376,41.4897121207835],[-81.3396821830845,41.4899366693382],[-81.3397219644178,41.4899567062428],[-81.3397124990529,41.4907110009869],[-81.3392125112019,41.4907162953903]]]},"properties":{"source_county":"Geauga","jurisdiction":"Russell Township","parcel_id":"26-106500","owner_name":"FOUR STAR LIMITED PARTNERSHIP","property_address":" FAIRMOUNT RD","property_city":"NOVELTY","property_zip":"44072"}},{"type":"Feature","geometry":{"type":"Polygon","coordinates":[[[-81.3388160260823,41.4907190426137],[-81.3388157433948,41.4907190451866],[-81.3388446642929,41.4895148217947],[-81.3392363710376,41.4897121207835],[-81.3392122656504,41.4907162974353],[-81.3388160260823,41.4907190426137]]]},"properties":{"source_county":"Geauga","jurisdiction":"Russell Township","parcel_id":"26-106600","owner_name":"FOUR STAR LIMITED PARTNERSHIP","property_address":" FAIRMOUNT RD","property_city":"NOVELTY","property_zip":"44072"}},{"type":"Feature","geometry":{"type":"Polygon","coordinates":[[[-81.3384550921581,41.4906647585472],[-81.3384939451546,41.4892258704784],[-81.3385698756928,41.4892884283785],[-81.3388446642929,41.4895148217947],[-81.3388157433948,41.4907190451866],[-81.3386163018511,41.4907204260952],[-81.3384550921581,41.4906647585472]]]},"properties":{"source_county":"Geauga","jurisdiction":"Russell Township","parcel_id":"26-106700","owner_name":"FOUR STAR LIMITED PARTNERSHIP","property_address":" FAIRMOUNT RD","property_city":"NOVELTY","property_zip":"44072"}},{"type":"Feature","geometry":{"type":"Polygon","coordinates":[[[-81.3382047126342,41.4892720687487],[-81.3384939451546,41.4892258704784],[-81.3384550921581,41.4906647585472],[-81.3381995560635,41.490598199981],[-81.3381402381453,41.4905905810186],[-81.3381757226968,41.4892766995747],[-81.3382047126342,41.4892720687487]]]},"properties":{"source_county":"Geauga","jurisdiction":"Russell Township","parcel_id":"26-106800","owner_name":"FOUR STAR LIMITED PARTNERSHIP","property_address":" FAIRMOUNT RD","property_city":"NOVELTY","property_zip":"44072"}},{"type":"Feature","geometry":{"type":"Polygon","coordinates":[[[-81.3378303280925,41.4893318678855],[-81.3381757226968,41.4892766995747],[-81.3381402381453,41.4905905810186],[-81.3377975167034,41.4905465646962],[-81.3378303280925,41.4893318678855]]]},"properties":{"source_county":"Geauga","jurisdiction":"Russell Township","parcel_id":"26-106900","owner_name":"FOUR STAR LIMITED PARTNERSHIP","property_address":" FAIRMOUNT RD","property_city":"NOVELTY","property_zip":"44072"}},{"type":"Feature","geometry":{"type":"Polygon","coordinates":[[[-81.3377928826423,41.4907261259963],[-81.3377926658449,41.490726127426],[-81.3377975167034,41.4905465646962],[-81.3381402381453,41.4905905810186],[-81.3381995560635,41.490598199981],[-81.3384550921581,41.4906647585472],[-81.3386163018511,41.4907204260952],[-81.3377928826423,41.4907261259963]]]},"properties":{"source_county":"Geauga","jurisdiction":"Russell Township","parcel_id":"26-107000","owner_name":"FOUR STAR LIMITED PARTNERSHIP","property_address":" FAIRMOUNT RD","property_city":"NOVELTY","property_zip":"44072"}},{"type":"Feature","geometry":{"type":"Polygon","coordinates":[[[-81.3344875294649,41.4977114473055],[-81.3351670632607,41.4977168177988],[-81.335139424554,41.4988480324081],[-81.335138084164,41.4989029140321],[-81.3347671640734,41.4988999829678],[-81.3344585380941,41.4988975424707],[-81.3344593648888,41.4988542675744],[-81.3344875294649,41.4977114473055]]]},"properties":{"source_county":"Geauga","jurisdiction":"Russell Township","parcel_id":"26-107200","owner_name":"JENSEN WILLIAM C","property_address":"8607 BEECHWOOD DR","property_city":"NOVELTY","property_zip":"44072"}},{"type":"Feature","geometry":{"type":"Polygon","coordinates":[[[-81.3312603151029,41.4786547964871],[-81.3321730040252,41.4786531754316],[-81.3322059415832,41.4800937600924],[-81.3312935844474,41.4800976109901],[-81.3312603151029,41.4786547964871]]]},"properties":{"source_county":"Geauga","jurisdiction":"Russell Township","parcel_id":"26-108495","owner_name":"UNTERSTUETZUNGS VEREIN ERSTER OESTERREICHISCHER","property_address":" PEKIN RD","property_city":"NOVELTY","property_zip":"44072"}},{"type":"Feature","geometry":{"type":"Polygon","coordinates":[[[-81.3477990579323,41.4881148051],[-81.349390201721,41.4881006920281],[-81.3494018116775,41.4894317357161],[-81.3488543420154,41.489436589729],[-81.3483068710749,41.4894414411459],[-81.3477599270841,41.4894462853091],[-81.3476499309943,41.4894472591449],[-81.3477990579323,41.4881148051]]]},"properties":{"source_county":"Geauga","jurisdiction":"Russell Township","parcel_id":"26-109900","owner_name":"MANFREDI JOHN T TOD & MARY TOD","property_address":"13920 ALEXANDER DR","property_city":"NOVELTY","property_zip":"44072"}},{"type":"Feature","geometry":{"type":"Polygon","coordinates":[[[-81.3469831917624,41.4773937580488],[-81.3469551633547,41.4748272785086],[-81.3469551197287,41.47482328976],[-81.3473341912776,41.4748216708025],[-81.3473342336521,41.4748246419732],[-81.3473390237494,41.4751647129696],[-81.3484467597119,41.4751599727477],[-81.348458370081,41.4759832734983],[-81.3479356063761,41.4759864925798],[-81.3479452960915,41.4768768568604],[-81.3476189121903,41.476878865558],[-81.3476221364165,41.477175260047],[-81.3469831917624,41.4773937580488]]]},"properties":{"source_county":"Geauga","jurisdiction":"Russell Township","parcel_id":"26-110250","owner_name":"HARTLEY KRILL ARDIS & BILLEY PATRICK","property_address":"8281 DINES RD","property_city":"NOVELTY","property_zip":"44072"}},{"type":"Feature","geometry":{"type":"Polygon","coordinates":[[[-81.3444555518868,41.4906710973134],[-81.3450940568095,41.4906654649152],[-81.3450481292677,41.4928094850524],[-81.3450224720748,41.4940019400736],[-81.3449007083807,41.4940030337344],[-81.3443839675916,41.4940076741561],[-81.3444555518868,41.4906710973134]]]},"properties":{"source_county":"Geauga","jurisdiction":"Russell Township","parcel_id":"26-111130","owner_name":"HOHNSBEHN DAVID P & NANCY A TRUSTEES","property_address":"8320 FAIRMOUNT RD","property_city":"NOVELTY","property_zip":"44072"}},{"type":"Feature","geometry":{"type":"Polygon","coordinates":[[[-81.327901869828,41.4888839745325],[-81.3286318433771,41.4888881731199],[-81.3286527775211,41.4906995076902],[-81.3279227838236,41.4906953083364],[-81.327901869828,41.4888839745325]]]},"properties":{"source_county":"Geauga","jurisdiction":"Russell Township","parcel_id":"26-112650","owner_name":"ZEIT PAUL H TOD & LYNN M TOD","property_address":"8791 FAIRMOUNT RD","property_city":"NOVELTY","property_zip":"44072"}},{"type":"Feature","geometry":{"type":"Polygon","coordinates":[[[-81.3432269790323,41.4834696076302],[-81.3436798489133,41.4834684030138],[-81.3436958286392,41.4844558278625],[-81.3430299288533,41.484469510092],[-81.3430137669271,41.4834701741486],[-81.3432269790323,41.4834696076302]]]},"properties":{"source_county":"Geauga","jurisdiction":"Russell Township","parcel_id":"26-114600","owner_name":"SPOHN DIANE","property_address":"8362 RIVERSIDE DR","property_city":"NOVELTY","property_zip":"44072"}},{"type":"Feature","geometry":{"type":"Polygon","coordinates":[[[-81.3282277306541,41.4976609713266],[-81.3300665950036,41.4976764371777],[-81.3299281694305,41.4988617254374],[-81.3280892455418,41.498847060374],[-81.3282277306541,41.4976609713266]]]},"properties":{"source_county":"Geauga","jurisdiction":"Russell Township","parcel_id":"26-116900","owner_name":"HUESDASH EDWARD D KATHLEEN A","property_address":"8755 BEECHWOOD DR","property_city":"NOVELTY","property_zip":"44072"}},{"type":"Feature","geometry":{"type":"Polygon","coordinates":[[[-81.3257930251185,41.4976404504554],[-81.3282277306541,41.4976609713266],[-81.3280892455418,41.498847060374],[-81.3268481357319,41.4988371465618],[-81.3257930251185,41.4976404504554]]]},"properties":{"source_county":"Geauga","jurisdiction":"Russell Township","parcel_id":"26-116910","owner_name":"CIKACH FRANK S TOD & KELLY J TOD","property_address":"8825 BEECHWOOD DR","property_city":"NOVELTY","property_zip":"44072"}},{"type":"Feature","geometry":{"type":"Polygon","coordinates":[[[-81.3452029782902,41.4748364069165],[-81.3457489313844,41.4748323225569],[-81.3457490175498,41.4748356588674],[-81.345844275315,41.4785368296621],[-81.3458442840409,41.4785371503267],[-81.3447518347283,41.4785405606332],[-81.3446601211058,41.4785408464042],[-81.3446600828197,41.4785385335404],[-81.3445985152561,41.4748436401049],[-81.3445984696667,41.4748409264431],[-81.3452029782902,41.4748364069165]]]},"properties":{"source_county":"Geauga","jurisdiction":"Russell Township","parcel_id":"26-118500","owner_name":"KLARICH LORIE A","property_address":"8307 DINES RD","property_city":"NOVELTY","property_zip":"44072"}},{"type":"Feature","geometry":{"type":"Polygon","coordinates":[[[-81.3380351905054,41.4970554564542],[-81.3380470247321,41.4966351805719],[-81.339359523767,41.4967121305397],[-81.3394324267102,41.4967164043144],[-81.3396107113154,41.4967265400288],[-81.339599435568,41.4971450619785],[-81.3394205480922,41.4971350877195],[-81.3393484700012,41.4971309455637],[-81.3380351905054,41.4970554564542]]]},"properties":{"source_county":"Geauga","jurisdiction":"Russell Township","parcel_id":"26-122330","owner_name":"MATTHEWS SYLVIA A TOD","property_address":"13617 CHILLICOTHE RD","property_city":"NOVELTY","property_zip":"44072"}},{"type":"Feature","geometry":{"type":"Polygon","coordinates":[[[-81.3412656123229,41.493580087071],[-81.3418656682752,41.4935747139038],[-81.3418555567745,41.4940301511578],[-81.3411553762188,41.4940364204874],[-81.3399046857258,41.4940476078322],[-81.3396587275015,41.494049804993],[-81.339665745746,41.4935943971703],[-81.3412656123229,41.493580087071]]]},"properties":{"source_county":"Geauga","jurisdiction":"Russell Township","parcel_id":"26-122400","owner_name":"BENEDICT ANDREW J & ALANA L","property_address":"13736 CHILLICOTHE RD","property_city":"NOVELTY","property_zip":"44072"}},{"type":"Feature","geometry":{"type":"Polygon","coordinates":[[[-81.3417826609958,41.4844951273909],[-81.3417695518875,41.4832366148995],[-81.3420419194493,41.4833544076273],[-81.342142129186,41.4833907972893],[-81.3422460748096,41.4834206791264],[-81.3423530105138,41.4834438387362],[-81.3423638467031,41.4844831920838],[-81.3417826609958,41.4844951273909]]]},"properties":{"source_county":"Geauga","jurisdiction":"Russell Township","parcel_id":"26-122700","owner_name":"MANDEL JANE","property_address":"8398 RIVERSIDE DR","property_city":"NOVELTY","property_zip":"44072"}},{"type":"Feature","geometry":{"type":"Polygon","coordinates":[[[-81.3355200609986,41.4750444582233],[-81.3395767877744,41.4750317954877],[-81.3395865985992,41.4754022697113],[-81.3355279724615,41.4754149436614],[-81.3355200609986,41.4750444582233]]]},"properties":{"source_county":"Geauga","jurisdiction":"Russell Township","parcel_id":"26-123400","owner_name":"WINDSOR ROAD LAND LLC","property_address":"14421 CHILLICOTHE RD","property_city":"NOVELTY","property_zip":"44072"}},{"type":"Feature","geometry":{"type":"Polygon","coordinates":[[[-81.3355279724615,41.4754149436614],[-81.3395865985992,41.4754022697113],[-81.3395964083219,41.4757727447815],[-81.3355358852108,41.4757854290701],[-81.3355279724615,41.4754149436614]]]},"properties":{"source_county":"Geauga","jurisdiction":"Russell Township","parcel_id":"26-123700","owner_name":"WINDSOR ROAD LAND LLC","property_address":" CHILLICOTHE RD","property_city":"NOVELTY","property_zip":"44072"}},{"type":"Feature","geometry":{"type":"Polygon","coordinates":[[[-81.3349848562491,41.4878151401208],[-81.3349839777638,41.4874250156489],[-81.3356709598349,41.4875640371928],[-81.3368581704718,41.4878042770632],[-81.3368487373378,41.4878043319433],[-81.3356737457515,41.487811149239],[-81.3349848562491,41.4878151401208]]]},"properties":{"source_county":"Geauga","jurisdiction":"Russell Township","parcel_id":"26-123800","owner_name":"CLEVELAND MUSEUM OF NATURAL HISTORY THE","property_address":" FAIRMOUNT RD","property_city":"NOVELTY","property_zip":"44072"}},{"type":"Feature","geometry":{"type":"Polygon","coordinates":[[[-81.3374316572334,41.4906092908915],[-81.3374646189736,41.4893902804625],[-81.3377696686549,41.4893415572444],[-81.3378303280925,41.4893318678855],[-81.3377975167034,41.4905465646962],[-81.3376451116386,41.4905269906079],[-81.3374316572334,41.4906092908915]]]},"properties":{"source_county":"Geauga","jurisdiction":"Russell Township","parcel_id":"26-123900","owner_name":"CLEVELAND MUSEUM OF NATURAL HISTORY THE","property_address":" FAIRMOUNT RD","property_city":"NOVELTY","property_zip":"44072"}},{"type":"Feature","geometry":{"type":"Polygon","coordinates":[[[-81.3368717624435,41.4894849699041],[-81.3374646189736,41.4893902804625],[-81.3374316572334,41.4906092908915],[-81.337236307395,41.4906846088308],[-81.337116503162,41.4907308008943],[-81.3370612686202,41.4907311818143],[-81.3370765972808,41.4901537268983],[-81.3368717624435,41.4894849699041]]]},"properties":{"source_county":"Geauga","jurisdiction":"Russell Township","parcel_id":"26-124000","owner_name":"CLEVELAND MUSEUM OF NATURAL HISTORY THE","property_address":" FAIRMOUNT RD","property_city":"NOVELTY","property_zip":"44072"}},{"type":"Feature","geometry":{"type":"Polygon","coordinates":[[[-81.3311460800395,41.4907138142709],[-81.3311581460721,41.4898513307825],[-81.3305101388351,41.4898476163126],[-81.3302053442829,41.4888972092854],[-81.3292014137119,41.485766559989],[-81.3288294207477,41.4846064606664],[-81.3288287877657,41.4846044875824],[-81.3291708506594,41.4846021799843],[-81.3313971146365,41.4845871415574],[-81.3314427206837,41.4845868329626],[-81.3314427325814,41.4845875093576],[-81.3314911283748,41.4874449467181],[-81.3324760963644,41.4874393361315],[-81.3349839777638,41.4874250156489],[-81.3349848562491,41.4878151401208],[-81.3349961707161,41.4885742538876],[-81.3324322318741,41.4885596216577],[-81.3331778796774,41.4897610103531],[-81.3332764099749,41.4907259780866],[-81.3311460800395,41.4907138142709]]]},"properties":{"source_county":"Geauga","jurisdiction":"Russell Township","parcel_id":"26-124100","owner_name":"CLEVELAND MUSEUM OF NATURAL HISTORY THE","property_address":" FAIRMOUNT RD","property_city":"NOVELTY","property_zip":"44072"}},{"type":"Feature","geometry":{"type":"Polygon","coordinates":[[[-81.3356824876309,41.4885864360903],[-81.3363425029792,41.4885901891365],[-81.3363551471985,41.4894389197852],[-81.3359451658676,41.4898055334453],[-81.3359590637262,41.490738739497],[-81.3357594413796,41.4907401064761],[-81.3350283940347,41.4907359529804],[-81.3349962943267,41.4885825307056],[-81.3356824876309,41.4885864360903]]]},"properties":{"source_county":"Geauga","jurisdiction":"Russell Township","parcel_id":"26-124300","owner_name":"KINKOPF EDWARD ARTHUR & KELLY TONCAR","property_address":"8595 FAIRMOUNT RD","property_city":"NOVELTY","property_zip":"44072"}},{"type":"Feature","geometry":{"type":"Polygon","coordinates":[[[-81.3265052933231,41.4846201309483],[-81.3264811512319,41.4834663546736],[-81.3227309287069,41.4834909767449],[-81.3226827706172,41.4801174829223],[-81.3255943171835,41.4801054016682],[-81.3255972168836,41.4785959045919],[-81.3261262976598,41.4785937018108],[-81.3263747836952,41.4785926653146],[-81.3269680710777,41.4785901908713],[-81.3271186263047,41.4846160056882],[-81.3265052933231,41.4846201309483]]]},"properties":{"source_county":"Geauga","jurisdiction":"Russell Township","parcel_id":"26-124500","owner_name":"CLEVELAND MUSEUM OF NATURAL HISTORY THE","property_address":" PEKIN RD","property_city":"NOVELTY","property_zip":"44072"}},{"type":"Feature","geometry":{"type":"Polygon","coordinates":[[[-81.3334575329343,41.4907270110497],[-81.3354229167351,41.4907381949564],[-81.3353315885344,41.4913795792054],[-81.3352885408609,41.4916818850722],[-81.3354231792333,41.4920769504878],[-81.335279147612,41.4926660330193],[-81.3349638610201,41.4928030451629],[-81.3336794887161,41.4930093265469],[-81.3336120599594,41.492317824994],[-81.3334569437544,41.4907270078255],[-81.3334575329343,41.4907270110497]]]},"properties":{"source_county":"Geauga","jurisdiction":"Russell Township","parcel_id":"26-125600","owner_name":"PHILLIPS IAN & PEETZ SAREN","property_address":"8640 FAIRMOUNT RD","property_city":"NOVELTY","property_zip":"44072"}},{"type":"Feature","geometry":{"type":"Polygon","coordinates":[[[-81.3269737913315,41.4906898415797],[-81.3269528962687,41.488878512931],[-81.3262229217536,41.4888743028649],[-81.3254929461187,41.4888700890929],[-81.3247629717912,41.4888658698387],[-81.3247142849139,41.484632811754],[-81.3247142774876,41.4846321570149],[-81.3265052933231,41.4846201309483],[-81.3271186263047,41.4846160056882],[-81.3288287877657,41.4846044875824],[-81.3288294207477,41.4846064606664],[-81.3292014137119,41.485766559989],[-81.3302053442829,41.4888972092854],[-81.3296941742971,41.488894275878],[-81.3292687739308,41.4888918331997],[-81.3286318433771,41.4888881731199],[-81.327901869828,41.4888839745325],[-81.3271718963885,41.4888797704508],[-81.3271927902197,41.4906911043886],[-81.3269737913315,41.4906898415797]]]},"properties":{"source_county":"Geauga","jurisdiction":"Russell Township","parcel_id":"26-125800","owner_name":"CLEVELAND MUSEUM OF NATURAL HISTORY THE","property_address":" FAIRMOUNT RD","property_city":"NOVELTY","property_zip":"44072"}},{"type":"Feature","geometry":{"type":"Polygon","coordinates":[[[-81.3297710706796,41.476300923528],[-81.3305152522636,41.4761824347115],[-81.3305331730409,41.4770502606668],[-81.3296033966255,41.4770541662076],[-81.3289751688657,41.4770568009355],[-81.3286541143817,41.4770581464211],[-81.3286545307739,41.476991615649],[-81.3286628802162,41.4769253811198],[-81.3286790953789,41.4768599767577],[-81.3287030455268,41.4767959297935],[-81.3287345375739,41.4767337565142],[-81.3287733176402,41.4766739581016],[-81.3289527338924,41.4764261923475],[-81.3290412273817,41.4763039855408],[-81.3297710706796,41.476300923528]]]},"properties":{"source_county":"Geauga","jurisdiction":"Russell Township","parcel_id":"26-128310","owner_name":"BELL ROBERT E & INTO LISA J","property_address":"14360 CRESTVIEW DR","property_city":"NOVELTY","property_zip":"44072"}},{"type":"Feature","geometry":{"type":"Polygon","coordinates":[[[-81.3462616771932,41.4906551276283],[-81.3468091514071,41.4906502758912],[-81.3467621835181,41.492890413678],[-81.3463366366386,41.4928941710834],[-81.3462143806608,41.4928952504006],[-81.3462616771932,41.4906551276283]]]},"properties":{"source_county":"Geauga","jurisdiction":"Russell Township","parcel_id":"26-128600","owner_name":"HEFFRON DAVID & HEIDI","property_address":"8270 FAIRMOUNT RD","property_city":"NOVELTY","property_zip":"44072"}},{"type":"Feature","geometry":{"type":"Polygon","coordinates":[[[-81.3407384143114,41.483136787401],[-81.3412493685609,41.4831337820688],[-81.3412594237224,41.484100248858],[-81.3405192158901,41.4841046032389],[-81.3405091680599,41.4831381354507],[-81.3407384143114,41.483136787401]]]},"properties":{"source_county":"Geauga","jurisdiction":"Russell Township","parcel_id":"26-131600","owner_name":"KEYHAN MOBASSERI TRUSTEE","property_address":"8430 RIVERSIDE DR","property_city":"NOVELTY","property_zip":"44072"}},{"type":"Feature","geometry":{"type":"Polygon","coordinates":[[[-81.3397096205373,41.4831428322885],[-81.3405091680599,41.4831381354507],[-81.3405192158901,41.4841046032389],[-81.3397185763001,41.4841093073468],[-81.3397096205373,41.4831428322885]]]},"properties":{"source_county":"Geauga","jurisdiction":"Russell Township","parcel_id":"26-131700","owner_name":"STOCKOVICH SARA & SCHWERTNER MATTHEW","property_address":"14108 CHILLICOTHE RD","property_city":"NOVELTY","property_zip":"44072"}},{"type":"Feature","geometry":{"type":"Polygon","coordinates":[[[-81.3444900705747,41.4748417364573],[-81.3445984696667,41.4748409264431],[-81.3445985152561,41.4748436401049],[-81.3446600828197,41.4785385335404],[-81.3446601211058,41.4785408464042],[-81.3440947655022,41.4785426064647],[-81.3434618278019,41.4785445740699],[-81.3434617363558,41.4785365866275],[-81.3434193148007,41.4748518090648],[-81.3434192903421,41.4748497331671],[-81.3435602339968,41.4748486805067],[-81.3444900705747,41.4748417364573]]]},"properties":{"source_county":"Geauga","jurisdiction":"Russell Township","parcel_id":"26-131800","owner_name":"BOHINC GARY R & LARA A","property_address":"8341 DINES RD","property_city":"NOVELTY","property_zip":"44072"}},{"type":"Feature","geometry":{"type":"Polygon","coordinates":[[[-81.3271718963885,41.4888797704508],[-81.327901869828,41.4888839745325],[-81.3279227838236,41.4906953083364],[-81.3271927902197,41.4906911043886],[-81.3271718963885,41.4888797704508]]]},"properties":{"source_county":"Geauga","jurisdiction":"Russell Township","parcel_id":"26-140900","owner_name":"LEFFLER DONNA LEE & PHILLIPS DARLENE TOD","property_address":"8815 FAIRMOUNT RD","property_city":"NOVELTY","property_zip":"44072"}},{"type":"Feature","geometry":{"type":"Polygon","coordinates":[[[-81.3475958373266,41.493225969807],[-81.3483595994851,41.493219247518],[-81.3488652629296,41.4941128319225],[-81.3487379892787,41.4941508368212],[-81.3486080865375,41.4941834277623],[-81.348475961753,41.494210502622],[-81.3483420289367,41.4942319765613],[-81.3475958373266,41.493225969807]]]},"properties":{"source_county":"Geauga","jurisdiction":"Russell Township","parcel_id":"26-141050","owner_name":"PIAZZA JOHN A & NANCY E TRUSTEES","property_address":"8225 BELLE VERNON DR","property_city":"NOVELTY","property_zip":"44072"}},{"type":"Feature","geometry":{"type":"Polygon","coordinates":[[[-81.3450290481473,41.4844284228589],[-81.3450245424659,41.4838795362845],[-81.3459715932387,41.4840654894651],[-81.345973284299,41.4844222690521],[-81.3450290481473,41.4844284228589]]]},"properties":{"source_county":"Geauga","jurisdiction":"Russell Township","parcel_id":"26-141100","owner_name":"SNOW LINDA & MAX & HUTH AMY LYNN & LAWRENCE R","property_address":" RIVERSIDE DR","property_city":"NOVELTY","property_zip":"44072"}},{"type":"Feature","geometry":{"type":"Polygon","coordinates":[[[-81.3438894156256,41.483467845757],[-81.3443514060872,41.4834666141753],[-81.3443672016057,41.4844420288573],[-81.3436958286392,41.4844558278625],[-81.3436798489133,41.4834684030138],[-81.3438894156256,41.483467845757]]]},"properties":{"source_county":"Geauga","jurisdiction":"Russell Township","parcel_id":"26-141200","owner_name":"SNOW LINDA & MAX & HUTH AMY LYNN & LAWRENCE R","property_address":" RIVERSIDE DR","property_city":"NOVELTY","property_zip":"44072"}},{"type":"Feature","geometry":{"type":"Polygon","coordinates":[[[-81.3445518510018,41.483466079188],[-81.3450211381552,41.483464825785],[-81.3450218145837,41.4835472442954],[-81.3450245424659,41.4838795362845],[-81.3450290481473,41.4844284228589],[-81.3443672016057,41.4844420288573],[-81.3443514060872,41.4834666141753],[-81.3445518510018,41.483466079188]]]},"properties":{"source_county":"Geauga","jurisdiction":"Russell Township","parcel_id":"26-141300","owner_name":"SNOW LINDA & MAX & HUTH AMY LYNN & LAWRENCE R","property_address":"8324 RIVERSIDE DR","property_city":"NOVELTY","property_zip":"44072"}},{"type":"Feature","geometry":{"type":"Polygon","coordinates":[[[-81.3384608607987,41.4938526072219],[-81.3384664192121,41.493575610852],[-81.3396658505198,41.4935876643096],[-81.3396587275015,41.494049804993],[-81.3384608607987,41.4938526072219]]]},"properties":{"source_county":"Geauga","jurisdiction":"Russell Township","parcel_id":"26-141750","owner_name":"CHILLICOTHE OH LLC","property_address":"13729 CHILLICOTHE RD","property_city":"NOVELTY","property_zip":"44072"}},{"type":"Feature","geometry":{"type":"Polygon","coordinates":[[[-81.3296033966255,41.4770541662076],[-81.3305331730409,41.4770502606668],[-81.3305628974116,41.4784896167861],[-81.3296323131544,41.4784945033668],[-81.3296033966255,41.4770541662076]]]},"properties":{"source_county":"Geauga","jurisdiction":"Russell Township","parcel_id":"26-141770","owner_name":"SCHELSKE ANDREW GREGORY & DESERAE TAE","property_address":"8739 PEKIN RD","property_city":"NOVELTY","property_zip":"44072"}},{"type":"Feature","geometry":{"type":"Polygon","coordinates":[[[-81.3289751688657,41.4770568009355],[-81.3296033966255,41.4770541662076],[-81.3296323131544,41.4784945033668],[-81.3290264332123,41.4784976801293],[-81.3288693381348,41.4784985034657],[-81.3288448907101,41.4784966883374],[-81.3288211942414,41.4784918157661],[-81.3287989198672,41.4784840237541],[-81.3287786984488,41.4784735329893],[-81.3287611027021,41.4784606405942],[-81.3287466309772,41.4784457117108],[-81.3287356931439,41.478429169159],[-81.3287285989833,41.4784114814609],[-81.3287255494147,41.4783931495715],[-81.3286541143817,41.4770581464211],[-81.3289751688657,41.4770568009355]]]},"properties":{"source_county":"Geauga","jurisdiction":"Russell Township","parcel_id":"26-141780","owner_name":"SCHELSKE ANDREW GREGORY & DESERAE TAE","property_address":" PEKIN RD","property_city":"NOVELTY","property_zip":"44072"}},{"type":"Feature","geometry":{"type":"Polygon","coordinates":[[[-81.3256067183083,41.4999876274142],[-81.3263687923412,41.4992074590029],[-81.3264088649048,41.4992254709688],[-81.326452425541,41.4992381023866],[-81.3264982075273,41.4992449859404],[-81.3265448795431,41.4992459214592],[-81.3265910843856,41.4992408817386],[-81.3266354784378,41.4992300133316],[-81.3266767707409,41.4992136322866],[-81.3267137605359,41.4991922149571],[-81.3267453721818,41.4991663841488],[-81.3267706864347,41.4991368910084],[-81.3267889671787,41.4991045931805],[-81.326799682831,41.4990704298671],[-81.3268038424915,41.4990578925884],[-81.3268105839147,41.4990460066157],[-81.3268197378584,41.4990350703422],[-81.3268310745151,41.4990253583188],[-81.3268443092815,41.4990171143621],[-81.3268591099036,41.4990105454333],[-81.3268751048172,41.4990058164427],[-81.3268918924766,41.4990030461098],[-81.3269090514345,41.4990023039824],[-81.3280220012829,41.4990111943131],[-81.328007943426,41.5000068216027],[-81.3278207077898,41.500005371033],[-81.3269339948689,41.4999982869912],[-81.3261577113148,41.4999920804356],[-81.3256067183083,41.4999876274142]]]},"properties":{"source_county":"Geauga","jurisdiction":"Russell Township","parcel_id":"26-142900","owner_name":"THOMAS WILLIAM","property_address":"8820 BEECHWOOD DR","property_city":"NOVELTY","property_zip":"44072"}},{"type":"Feature","geometry":{"type":"Polygon","coordinates":[[[-81.3280892455418,41.498847060374],[-81.3299281694305,41.4988617254374],[-81.3299092237326,41.4990262449301],[-81.3280220012829,41.4990111943131],[-81.3269090514345,41.4990023039824],[-81.3268918924766,41.4990030461098],[-81.3268751048172,41.4990058164427],[-81.3268591099036,41.4990105454333],[-81.3268443092815,41.4990171143621],[-81.3268310745151,41.4990253583188],[-81.3268197378584,41.4990350703422],[-81.3268105839147,41.4990460066157],[-81.3268038424915,41.4990578925884],[-81.326799682831,41.4990704298671],[-81.3267889671787,41.4991045931805],[-81.3267706864347,41.4991368910084],[-81.3267453721818,41.4991663841488],[-81.3267137605359,41.4991922149571],[-81.3266767707409,41.4992136322866],[-81.3266354784378,41.4992300133316],[-81.3265910843856,41.4992408817386],[-81.3265448795431,41.4992459214592],[-81.3264982075273,41.4992449859404],[-81.326452425541,41.4992381023866],[-81.3264088649048,41.4992254709688],[-81.3263687923412,41.4992074590029],[-81.3263337953984,41.4991849131705],[-81.3263043246283,41.4991582735109],[-81.3262812151232,41.4991282948998],[-81.3262651217169,41.4990958268264],[-81.3262565004287,41.4990617893206],[-81.3262555955435,41.4990271468838],[-81.3262624326903,41.4989928811572],[-81.3262768181176,41.4989599631058],[-81.3262983441848,41.498929325505],[-81.3263264009143,41.4989018365097],[-81.326360193277,41.498878275054],[-81.326398763721,41.4988593087796],[-81.3264410193046,41.4988454751178],[-81.3264857626661,41.4988371660611],[-81.3265317259517,41.498834617056],[-81.3268481357319,41.4988371465618],[-81.3280892455418,41.498847060374]]]},"properties":{"source_county":"Geauga","jurisdiction":"Russell Township","parcel_id":"26-143100","owner_name":"O MALLEY MARY E TOD & FRANK S CIKACH ETAL","property_address":" BEECHWOOD DR","property_city":"NOVELTY","property_zip":"44072"}},{"type":"Feature","geometry":{"type":"Polygon","coordinates":[[[-81.3405192158901,41.4841046032389],[-81.3412594237224,41.484100248858],[-81.341263643009,41.4845057835868],[-81.3397225298027,41.4845360264937],[-81.339718576316,41.4841093064465],[-81.3405192158901,41.4841046032389]]]},"properties":{"source_county":"Geauga","jurisdiction":"Russell Township","parcel_id":"26-144100","owner_name":"MASON SHEPHERD & ELAINE","property_address":"14084 CHILLICOTHE RD","property_city":"NOVELTY","property_zip":"44072"}},{"type":"Feature","geometry":{"type":"Polygon","coordinates":[[[-81.3274716594672,41.4771842387207],[-81.3284415079215,41.477180182385],[-81.3285060494404,41.4783864424439],[-81.3285051118756,41.4784040338244],[-81.3285004471228,41.4784212862792],[-81.3284921751511,41.4784377560957],[-81.3284805087031,41.4784530196898],[-81.3284657478242,41.4784666844992],[-81.3284482721457,41.4784783990807],[-81.328428531121,41.4784878621485],[-81.3284070324664,41.478494830323],[-81.3283843291033,41.4784991243904],[-81.3283610049371,41.478500633912],[-81.3274814107971,41.4785043119502],[-81.3274716594672,41.4771842387207]]]},"properties":{"source_county":"Geauga","jurisdiction":"Russell Township","parcel_id":"26-144950","owner_name":"PEARCE CHARLES & JAMIE","property_address":"14331 CRESTVIEW DR","property_city":"NOVELTY","property_zip":"44072"}},{"type":"Feature","geometry":{"type":"Polygon","coordinates":[[[-81.3395304382477,41.4997222790101],[-81.3420520152769,41.4997400839177],[-81.3423463226836,41.5001182274131],[-81.3421252642265,41.5001166488001],[-81.3408767707998,41.5001077292426],[-81.3395198778114,41.5000978937838],[-81.3395304382477,41.4997222790101]]]},"properties":{"source_county":"Geauga","jurisdiction":"Russell Township","parcel_id":"26-145600","owner_name":"BEYOND THE LINES LLC","property_address":"13508 CHILLICOTHE RD","property_city":"NOVELTY","property_zip":"44072"}},{"type":"Feature","geometry":{"type":"Polygon","coordinates":[[[-81.3475389151407,41.4824811875834],[-81.3480443879804,41.4824834639641],[-81.3480490332316,41.4834566932881],[-81.3473556004665,41.4834585625713],[-81.3473509418888,41.4824803406248],[-81.3475389151407,41.4824811875834]]]},"properties":{"source_county":"Geauga","jurisdiction":"Russell Township","parcel_id":"26-147600","owner_name":"RADOMILE VERN F & PETERS DOLORES A TOD","property_address":" W RIVER DR","property_city":"NOVELTY","property_zip":"44072"}},{"type":"Feature","geometry":{"type":"Polygon","coordinates":[[[-81.3480443879804,41.4824834639641],[-81.3487378353195,41.4824865840694],[-81.3487424659571,41.4834548198589],[-81.3480490332316,41.4834566932881],[-81.3480443879804,41.4824834639641]]]},"properties":{"source_county":"Geauga","jurisdiction":"Russell Township","parcel_id":"26-147700","owner_name":"RADOMILE VERN F & PETERS DOLORES A TOD","property_address":"8217 W RIVER DR","property_city":"NOVELTY","property_zip":"44072"}},{"type":"Feature","geometry":{"type":"Polygon","coordinates":[[[-81.3296941742971,41.488894275878],[-81.3302053442829,41.4888972092854],[-81.3305101388351,41.4898476163126],[-81.3304980534393,41.4907101032272],[-81.3297151377703,41.4907056111534],[-81.3296941742971,41.488894275878]]]},"properties":{"source_county":"Geauga","jurisdiction":"Russell Township","parcel_id":"26-148100","owner_name":"RAQUET DALE V & DALE","property_address":"8743 FAIRMOUNT RD","property_city":"NOVELTY","property_zip":"44072"}},{"type":"Feature","geometry":{"type":"Polygon","coordinates":[[[-81.3370718942594,41.478551502347],[-81.337041998637,41.4771530501891],[-81.3365785394206,41.4771546345976],[-81.3365626964793,41.4764132273868],[-81.3375764656289,41.476407687596],[-81.3376217273797,41.4785469770615],[-81.3376220074017,41.4785602289297],[-81.3373760593182,41.4785606630042],[-81.3370721018984,41.4785611992167],[-81.3370718942594,41.478551502347]]]},"properties":{"source_county":"Geauga","jurisdiction":"Russell Township","parcel_id":"26-148700","owner_name":"LUCA JOSEPH P & CHRISTINE N","property_address":"8545 PEKIN RD","property_city":"NOVELTY","property_zip":"44072"}},{"type":"Feature","geometry":{"type":"Polygon","coordinates":[[[-81.3355494109558,41.4764187550691],[-81.3365626964793,41.4764132273868],[-81.3365785394206,41.4771546345976],[-81.3366084730458,41.4785553151928],[-81.3366086164256,41.4785620154542],[-81.3355952253785,41.4785637940238],[-81.3355952220459,41.4785636445073],[-81.3355494109558,41.4764187550691]]]},"properties":{"source_county":"Geauga","jurisdiction":"Russell Township","parcel_id":"26-150100","owner_name":"GEORGE CRAIG J & JENNIFER L","property_address":"8579 PEKIN RD","property_city":"NOVELTY","property_zip":"44072"}},{"type":"Feature","geometry":{"type":"Polygon","coordinates":[[[-81.3397124990529,41.4907110009869],[-81.3407179585013,41.490703994976],[-81.3407112579303,41.4915295509181],[-81.340709119804,41.4917930156796],[-81.3396933863184,41.4918009365622],[-81.3397124990529,41.4907110009869]]]},"properties":{"source_county":"Geauga","jurisdiction":"Russell Township","parcel_id":"26-152300","owner_name":"FINE SCOTT J & LORI L","property_address":"13828 CHILLICOTHE RD","property_city":"NOVELTY","property_zip":"44072"}},{"type":"Feature","geometry":{"type":"Polygon","coordinates":[[[-81.3397245758859,41.4883200013145],[-81.3397219138918,41.4878835611996],[-81.3415039081217,41.4879094682474],[-81.341140953953,41.488182844231],[-81.3410402677608,41.4883390397618],[-81.3397245758859,41.4883200013145]]]},"properties":{"source_county":"Geauga","jurisdiction":"Russell Township","parcel_id":"26-152400","owner_name":"RIVERVIEW BIBLE CHURCH","property_address":"13946 CHILLICOTHE RD","property_city":"NOVELTY","property_zip":"44072"}},{"type":"Feature","geometry":{"type":"Polygon","coordinates":[[[-81.3397247159492,41.4869077082254],[-81.3410105464673,41.4868995335879],[-81.3410133279443,41.4871459330163],[-81.3407348715147,41.4871896886873],[-81.3397241920258,41.4870445309172],[-81.3397247159492,41.4869077082254]]]},"properties":{"source_county":"Geauga","jurisdiction":"Russell Township","parcel_id":"26-152500","owner_name":"RIVERVIEW CHURCH","property_address":" CHILLICOTHE RD","property_city":"NOVELTY","property_zip":"44072"}},{"type":"Feature","geometry":{"type":"Polygon","coordinates":[[[-81.3383519211402,41.4860516351695],[-81.3379452755933,41.4852371867636],[-81.3379363355327,41.485072655354],[-81.3381781161241,41.4849821480592],[-81.3387947080317,41.485034150558],[-81.338866705773,41.4852327388181],[-81.3397242921385,41.4852285939775],[-81.3397260585643,41.4859227597412],[-81.3396071941665,41.485923064455],[-81.3396050210595,41.4859409598947],[-81.339598994919,41.4859583490777],[-81.3395892771761,41.4859747661656],[-81.3395761281565,41.4859897713612],[-81.3395599001073,41.4860029626904],[-81.3395410277604,41.4860139867703],[-81.3395200166865,41.4860225482766],[-81.3394974297517,41.4860284178543],[-81.3394738720384,41.4860314382634],[-81.3394499746355,41.4860315285896],[-81.3394263777322,41.4860286864134],[-81.3391117705251,41.4859705830649],[-81.3390237602846,41.4859573795966],[-81.3389345489385,41.4859500330634],[-81.33884482445,41.485948600119],[-81.3387552787391,41.4859530918138],[-81.3386666023474,41.4859634735095],[-81.3385794791133,41.4859796651464],[-81.338494580899,41.486001541861],[-81.3384125624098,41.4860289349479],[-81.3383519211402,41.4860516351695]]]},"properties":{"source_county":"Geauga","jurisdiction":"Russell Township","parcel_id":"26-153800","owner_name":"MCCULLOUGH STEFANI FELDMAN & CHRISTOPHER P","property_address":"8505 CENTURY LN","property_city":"NOVELTY","property_zip":"44072"}},{"type":"Feature","geometry":{"type":"Polygon","coordinates":[[[-81.349547957413,41.4906259674763],[-81.3499130824527,41.4906227213432],[-81.3499112766843,41.490706626904],[-81.349883824961,41.4919823122439],[-81.349865515278,41.4928331532915],[-81.3498589659918,41.4931375023963],[-81.3497662444598,41.4932068539572],[-81.3494923528051,41.4932092685877],[-81.349547957413,41.4906259674763]]]},"properties":{"source_county":"Geauga","jurisdiction":"Russell Township","parcel_id":"26-154000","owner_name":"ROGERS PETER V TRUSTEE","property_address":"8178 FAIRMOUNT RD","property_city":"NOVELTY","property_zip":"44072"}},{"type":"Feature","geometry":{"type":"Polygon","coordinates":[[[-81.3473565680478,41.4906454218993],[-81.3490002704004,41.4906308336266],[-81.3489446449075,41.4932140948567],[-81.3483595994851,41.493219247518],[-81.3475958373266,41.493225969807],[-81.3473937670965,41.4932277476881],[-81.3473039309883,41.4931599904929],[-81.3473096748431,41.4928855775766],[-81.3473565680478,41.4906454218993]]]},"properties":{"source_county":"Geauga","jurisdiction":"Russell Township","parcel_id":"26-154100","owner_name":"ROGERS PETER V TRUSTEE","property_address":"8230 FAIRMOUNT RD","property_city":"NOVELTY","property_zip":"44072"}},{"type":"Feature","geometry":{"type":"Polygon","coordinates":[[[-81.3490002704004,41.4906308336266],[-81.3495479574289,41.490625966576],[-81.3494923528051,41.4932092685877],[-81.3489446449075,41.4932140948567],[-81.3490002704004,41.4906308336266]]]},"properties":{"source_county":"Geauga","jurisdiction":"Russell Township","parcel_id":"26-154200","owner_name":"ROGERS PETER V TRUSTEE","property_address":"8192 FAIRMOUNT RD","property_city":"NOVELTY","property_zip":"44072"}},{"type":"Feature","geometry":{"type":"Polygon","coordinates":[[[-81.3305101388351,41.4898476163126],[-81.3311581460721,41.4898513307825],[-81.3311460692628,41.4907138141623],[-81.3308809682581,41.4907122976406],[-81.3304980534393,41.4907101032272],[-81.3305101388351,41.4898476163126]]]},"properties":{"source_county":"Geauga","jurisdiction":"Russell Township","parcel_id":"26-155400","owner_name":"BARGIEL MARTHA B TRUSTEE","property_address":"8723 FAIRMOUNT RD","property_city":"NOVELTY","property_zip":"44072"}},{"type":"Feature","geometry":{"type":"Polygon","coordinates":[[[-81.3254929461187,41.4888700890929],[-81.3262229217536,41.4888743028649],[-81.3262437978332,41.4906856325597],[-81.3255138044609,41.490681417145],[-81.3254929461187,41.4888700890929]]]},"properties":{"source_county":"Geauga","jurisdiction":"Russell Township","parcel_id":"26-156200","owner_name":"ROWAN MARGRET JEAN & EDWIN","property_address":"8861 FAIRMOUNT RD","property_city":"NOVELTY","property_zip":"44072"}},{"type":"Feature","geometry":{"type":"Polygon","coordinates":[[[-81.3481225055508,41.4805081679486],[-81.3483260371976,41.4805071943314],[-81.3471290500847,41.4811406755463],[-81.3474002223338,41.4813905676763],[-81.3463670185703,41.481562646989],[-81.3417398178505,41.4815368967371],[-81.3396946737172,41.4815298052483],[-81.3396896906122,41.4808888123862],[-81.340971715242,41.4808820456657],[-81.3409688362991,41.4805421918741],[-81.3419028444007,41.4805377750312],[-81.3425597431547,41.4805346636218],[-81.34301347768,41.4805325123072],[-81.3441083091146,41.4805273146774],[-81.3447653896867,41.4805241898877],[-81.3481225055508,41.4805081679486]]]},"properties":{"source_county":"Geauga","jurisdiction":"Russell Township","parcel_id":"26-157700","owner_name":"KUS DEBORAH A TRUSTEE","property_address":"14210 CHILLICOTHE RD","property_city":"NOVELTY","property_zip":"44072"}},{"type":"Feature","geometry":{"type":"Polygon","coordinates":[[[-81.3488543420154,41.489436589729],[-81.3494018116775,41.4894317357161],[-81.3494122397802,41.4906271732385],[-81.3488647599649,41.4906320372026],[-81.3488543420154,41.489436589729]]]},"properties":{"source_county":"Geauga","jurisdiction":"Russell Township","parcel_id":"26-159355","owner_name":"BARTA JOHN J TOD","property_address":"8195 FAIRMOUNT RD","property_city":"NOVELTY","property_zip":"44072"}},{"type":"Feature","geometry":{"type":"Polygon","coordinates":[[[-81.3487378353195,41.4824865840694],[-81.3494312815431,41.4824896991163],[-81.349435899856,41.4834529413954],[-81.3487424659571,41.4834548198589],[-81.3487378353195,41.4824865840694]]]},"properties":{"source_county":"Geauga","jurisdiction":"Russell Township","parcel_id":"26-161300","owner_name":"KIMBLE ROBERT F & ANGELA C","property_address":"8197 W RIVER DR","property_city":"NOVELTY","property_zip":"44072"}},{"type":"Feature","geometry":{"type":"Polygon","coordinates":[[[-81.335138084164,41.4989029140321],[-81.3355702360721,41.4989063280044],[-81.3355409980979,41.5000667139163],[-81.3352675082148,41.500064592304],[-81.3348294612408,41.5000611225726],[-81.33473791098,41.5000603524616],[-81.3347671640734,41.4988999829678],[-81.335138084164,41.4989029140321]]]},"properties":{"source_county":"Geauga","jurisdiction":"Russell Township","parcel_id":"26-161400","owner_name":"SNITZKY STEPHEN A","property_address":"8598 BEECHWOOD DR","property_city":"NOVELTY","property_zip":"44072"}},{"type":"Feature","geometry":{"type":"Polygon","coordinates":[[[-81.3396169246136,41.4765474842468],[-81.3395961198579,41.4757618431336],[-81.3398907100927,41.4757617290128],[-81.3398922491338,41.4756231348259],[-81.3410308529744,41.4756264581447],[-81.3410314832599,41.4757973236324],[-81.3422371669428,41.4757983680595],[-81.3422393847753,41.4765475470514],[-81.3412591002572,41.4765475378304],[-81.3396169246136,41.4765474842468]]]},"properties":{"source_county":"Geauga","jurisdiction":"Russell Township","parcel_id":"26-163200","owner_name":"TARASCO DAVID","property_address":"14418 CHILLICOTHE RD","property_city":"NOVELTY","property_zip":"44072"}},{"type":"Feature","geometry":{"type":"Polygon","coordinates":[[[-81.3410314832599,41.4757973236324],[-81.3410308529744,41.4756264581447],[-81.3398922491338,41.4756231348259],[-81.3398907100927,41.4757617290128],[-81.3395961198579,41.4757618431336],[-81.3395727239855,41.4748783067428],[-81.3397605679225,41.4748769815202],[-81.340987829175,41.4748678542176],[-81.3422287571907,41.4748586117529],[-81.342234385454,41.474858569793],[-81.3422343900335,41.4748600061374],[-81.3422371669428,41.4757983680595],[-81.3410314832599,41.4757973236324]]]},"properties":{"source_county":"Geauga","jurisdiction":"Russell Township","parcel_id":"26-163300","owner_name":"TARASCO DAVID","property_address":" CHILLICOTHE RD","property_city":"NOVELTY","property_zip":"44072"}},{"type":"Feature","geometry":{"type":"Polygon","coordinates":[[[-81.3292687739308,41.4888918331997],[-81.3296941742971,41.488894275878],[-81.3297151377703,41.4907056111534],[-81.3286527775211,41.4906995076902],[-81.3286318433771,41.4888881731199],[-81.3292687739308,41.4888918331997]]]},"properties":{"source_county":"Geauga","jurisdiction":"Russell Township","parcel_id":"26-163950","owner_name":"CATALIOTO JOHN T & LOUISE M","property_address":"8769 FAIRMOUNT RD","property_city":"NOVELTY","property_zip":"44072"}},{"type":"Feature","geometry":{"type":"Polygon","coordinates":[[[-81.3463670185703,41.481562646989],[-81.3475549273209,41.4815699976688],[-81.3475389151407,41.4824811875834],[-81.3473509418888,41.4824803406248],[-81.346657494666,41.4824772131275],[-81.3459640475093,41.4824740814839],[-81.3452681649422,41.482470934051],[-81.3445358493395,41.4824780939607],[-81.3438735002477,41.4824845663038],[-81.343211149828,41.4824910348522],[-81.3425526642307,41.4824974616496],[-81.3417619318532,41.4825051736491],[-81.3407319520123,41.4825152120747],[-81.33970389656,41.4825252218884],[-81.3396986935378,41.4819635880085],[-81.3417463662502,41.4819617094615],[-81.3417398178505,41.4815368967371],[-81.3463670185703,41.481562646989]]]},"properties":{"source_county":"Geauga","jurisdiction":"Russell Township","parcel_id":"26-164700","owner_name":"MENDLOVIC LADISLAV & NATA","property_address":"14160 CHILLICOTHE RD","property_city":"NOVELTY","property_zip":"44072"}},{"type":"Feature","geometry":{"type":"Polygon","coordinates":[[[-81.3412656123229,41.493580087071],[-81.3412747572663,41.4931683907016],[-81.3399239654021,41.4931804745015],[-81.3399385859104,41.4925228470263],[-81.341475167671,41.4925106460512],[-81.3418893673266,41.4925073533138],[-81.3418656682752,41.4935747139038],[-81.3412656123229,41.493580087071]]]},"properties":{"source_county":"Geauga","jurisdiction":"Russell Township","parcel_id":"26-167850","owner_name":"PATTERSON DEREK JAMES & BROWNELL NASHAWN CO TRUSTEES","property_address":"13768 CHILLICOTHE RD","property_city":"NOVELTY","property_zip":"44072"}},{"type":"Feature","geometry":{"type":"Polygon","coordinates":[[[-81.3469929668334,41.4894530740855],[-81.3475404367708,41.4894482288583],[-81.3475508303744,41.4906436989539],[-81.3470033502832,41.4906485541322],[-81.3469929668334,41.4894530740855]]]},"properties":{"source_county":"Geauga","jurisdiction":"Russell Township","parcel_id":"26-167900","owner_name":"GERSTENBERGER SCOTT ALLEN & TRACEY LYNN","property_address":"8247 FAIRMOUNT RD","property_city":"NOVELTY","property_zip":"44072"}},{"type":"Feature","geometry":{"type":"Polygon","coordinates":[[[-81.3437881206992,41.4880352265231],[-81.3459729806287,41.4867412680583],[-81.346165682467,41.4866271382913],[-81.3461664520205,41.4867402843851],[-81.3461732837298,41.487744770089],[-81.3464306106884,41.4877424896235],[-81.3464454956178,41.4894579167168],[-81.3464558701109,41.4906534067264],[-81.3457167782303,41.4906599528836],[-81.3458101411484,41.4894217318228],[-81.3460295739815,41.488971518519],[-81.3446754477559,41.4884058857046],[-81.3437881206992,41.4880352265231]]]},"properties":{"source_county":"Geauga","jurisdiction":"Russell Township","parcel_id":"26-168600","owner_name":"ZIEGLER SAMUEL","property_address":"8283 FAIRMOUNT RD","property_city":"NOVELTY","property_zip":"44072"}},{"type":"Feature","geometry":{"type":"Polygon","coordinates":[[[-81.3483068710749,41.4894414411459],[-81.3488543420154,41.489436589729],[-81.3488647599649,41.4906320372026],[-81.3483172788868,41.4906368976703],[-81.3483068710749,41.4894414411459]]]},"properties":{"source_county":"Geauga","jurisdiction":"Russell Township","parcel_id":"26-174000","owner_name":"LENTZ WILLIAM R & ANN A","property_address":"8211 FAIRMOUNT RD","property_city":"NOVELTY","property_zip":"44072"}},{"type":"Feature","geometry":{"type":"Polygon","coordinates":[[[-81.3477599270841,41.4894462853091],[-81.3483068710749,41.4894414411459],[-81.3483172788868,41.4906368976703],[-81.3477698228576,41.4906417567041],[-81.3477594611038,41.4894504490758],[-81.3477599270841,41.4894462853091]]]},"properties":{"source_county":"Geauga","jurisdiction":"Russell Township","parcel_id":"26-174010","owner_name":"LENTZ WILLIAM R & ANN A","property_address":" FAIRMOUNT RD","property_city":"NOVELTY","property_zip":"44072"}},{"type":"Feature","geometry":{"type":"Polygon","coordinates":[[[-81.3407112579303,41.4915295509181],[-81.3414804439285,41.4915235757778],[-81.341475167671,41.4925106460512],[-81.3399385859104,41.4925228470263],[-81.339682229776,41.4925248798533],[-81.3396933863184,41.4918009365622],[-81.340709119804,41.4917930156796],[-81.3407112579303,41.4915295509181]]]},"properties":{"source_county":"Geauga","jurisdiction":"Russell Township","parcel_id":"26-174300","owner_name":"YONDO THERESA M & MURPHY BRUCE A","property_address":"13796 CHILLICOTHE RD","property_city":"NOVELTY","property_zip":"44072"}},{"type":"Feature","geometry":{"type":"Polygon","coordinates":[[[-81.3287684794471,41.4785825462213],[-81.3290322183115,41.4785814239528],[-81.329034114385,41.4786637498362],[-81.3291708506594,41.4846021799843],[-81.3288287877657,41.4846044875824],[-81.3271186263047,41.4846160056882],[-81.3269680710777,41.4785901908713],[-81.3286415904356,41.4785830862984],[-81.3287684794471,41.4785825462213]]]},"properties":{"source_county":"Geauga","jurisdiction":"Russell Township","parcel_id":"26-176300","owner_name":"CLEVELAND MUSEUM OF NATURAL HISTORY THE","property_address":" PEKIN RD","property_city":"NOVELTY","property_zip":"44072"}},{"type":"Feature","geometry":{"type":"Polygon","coordinates":[[[-81.3464857571227,41.4864375689798],[-81.3479885824121,41.4864213093792],[-81.3479539039297,41.4867311806396],[-81.3478421266548,41.4877299726783],[-81.3464306106884,41.4877424896235],[-81.3461732837298,41.487744770089],[-81.3461664520205,41.4867402843851],[-81.346165682467,41.4866271382913],[-81.3464857571227,41.4864375689798]]]},"properties":{"source_county":"Geauga","jurisdiction":"Russell Township","parcel_id":"26-177800","owner_name":"CARROLL RICHARD R & SONIA O","property_address":"13989 ALEXANDER DR","property_city":"NOVELTY","property_zip":"44072"}},{"type":"Feature","geometry":{"type":"Polygon","coordinates":[[[-81.3476499309943,41.4894472591449],[-81.3477599270841,41.4894462853091],[-81.3477594611038,41.4894504490758],[-81.3477698228576,41.4906417567041],[-81.3475508303744,41.4906436989539],[-81.3475404367708,41.4894482288583],[-81.3476499309943,41.4894472591449]]]},"properties":{"source_county":"Geauga","jurisdiction":"Russell Township","parcel_id":"26-178400","owner_name":"CARROLL RICHARD R & JOHN T MANFREDI ETAL","property_address":" ALEXANDER DR","property_city":"NOVELTY","property_zip":"44072"}},{"type":"Feature","geometry":{"type":"Polygon","coordinates":[[[-81.3417619318532,41.4825051736491],[-81.3425526642307,41.4824974616496],[-81.3425627932264,41.4834688340714],[-81.3424572290059,41.4834595297421],[-81.3423530105138,41.4834438387362],[-81.3422460748096,41.4834206791264],[-81.342142129186,41.4833907972893],[-81.3420419194493,41.4833544076273],[-81.3417695518875,41.4832366148995],[-81.3417619318532,41.4825051736491]]]},"properties":{"source_county":"Geauga","jurisdiction":"Russell Township","parcel_id":"26-178800","owner_name":"BRUNNER E THOMAS & LINDA B","property_address":"8395 RIVERSIDE DR","property_city":"NOVELTY","property_zip":"44072"}},{"type":"Feature","geometry":{"type":"Polygon","coordinates":[[[-81.3422711886389,41.4785482658152],[-81.3425676506672,41.4785473476036],[-81.3425597431547,41.4805346636218],[-81.3419028444007,41.4805377750312],[-81.3419036113604,41.4803452244367],[-81.3419047550336,41.4800581035521],[-81.3419058986809,41.4797709835431],[-81.3419070411368,41.4794838625971],[-81.3419107633117,41.4785493810765],[-81.3422711886389,41.4785482658152]]]},"properties":{"source_county":"Geauga","jurisdiction":"Russell Township","parcel_id":"26-180050","owner_name":"TAYLOR PAUL C JR","property_address":"8396 DINES RD","property_city":"NOVELTY","property_zip":"44072"}},{"type":"Feature","geometry":{"type":"Polygon","coordinates":[[[-81.3396833179518,41.4800691742882],[-81.3419047550336,41.4800581035521],[-81.3419036113604,41.4803452244367],[-81.3396855550799,41.4803569405129],[-81.3396833179518,41.4800691742882]]]},"properties":{"source_county":"Geauga","jurisdiction":"Russell Township","parcel_id":"26-181100","owner_name":"YOUNG JESSICA","property_address":"14238 CHILLICOTHE RD","property_city":"NOVELTY","property_zip":"44072"}},{"type":"Feature","geometry":{"type":"Polygon","coordinates":[[[-81.3461884013618,41.4748290329733],[-81.3469551197287,41.47482328976],[-81.3469551633547,41.4748272785086],[-81.3469831917624,41.4773937580488],[-81.3469947412449,41.4784512129507],[-81.3469956359521,41.4785335454709],[-81.346268593467,41.4785358227786],[-81.345952079784,41.4785368129485],[-81.3458442840409,41.4785371503267],[-81.345844275315,41.4785368296621],[-81.3457490175498,41.4748356588674],[-81.3457489313844,41.4748323225569],[-81.3461884013618,41.4748290329733]]]},"properties":{"source_county":"Geauga","jurisdiction":"Russell Township","parcel_id":"26-182100","owner_name":"NATALE CARL J TOD","property_address":"8263 DINES RD","property_city":"NOVELTY","property_zip":"44072"}},{"type":"Feature","geometry":{"type":"Polygon","coordinates":[[[-81.3466621664646,41.4834604276966],[-81.3473556004665,41.4834585625713],[-81.3473601464827,41.4844132179927],[-81.3466667154308,41.4844177460456],[-81.3466621664646,41.4834604276966]]]},"properties":{"source_county":"Geauga","jurisdiction":"Russell Township","parcel_id":"26-182930","owner_name":"URBAN JOHN A TOD & KATHY S TOD","property_address":"8256 W RIVER DR","property_city":"NOVELTY","property_zip":"44072"}},{"type":"Feature","geometry":{"type":"Polygon","coordinates":[[[-81.3473556004665,41.4834585625713],[-81.3480490332316,41.4834566932881],[-81.3480535774388,41.4844086857941],[-81.3473601464827,41.4844132179927],[-81.3473556004665,41.4834585625713]]]},"properties":{"source_county":"Geauga","jurisdiction":"Russell Township","parcel_id":"26-182931","owner_name":"MCGROTTY LESTER J TOD","property_address":"8236 W RIVER DR","property_city":"NOVELTY","property_zip":"44072"}},{"type":"Feature","geometry":{"type":"Polygon","coordinates":[[[-81.3450265184439,41.4801018715788],[-81.3450635378025,41.4794861981105],[-81.3451685216019,41.4792734615399],[-81.3451559875284,41.4788582732446],[-81.344752397311,41.4786228943903],[-81.3447518347283,41.4785405606332],[-81.3458442840409,41.4785371503267],[-81.345952079784,41.4785368129485],[-81.3459563010998,41.4796255835185],[-81.348115151177,41.4795627344713],[-81.3481225055508,41.4805081679486],[-81.3447653896867,41.4805241898877],[-81.3447647921008,41.4804366356373],[-81.3450265184439,41.4801018715788]]]},"properties":{"source_county":"Geauga","jurisdiction":"Russell Township","parcel_id":"26-183350","owner_name":"MEYER LISA ANN","property_address":"8300 DINES RD","property_city":"NOVELTY","property_zip":"44072"}},{"type":"Feature","geometry":{"type":"Polygon","coordinates":[[[-81.3377131566034,41.4852383060682],[-81.3376758896363,41.4845523685843],[-81.3397225298027,41.4845360264937],[-81.3397242921385,41.4852285939775],[-81.338866705773,41.4852327388181],[-81.3387947080317,41.485034150558],[-81.3381781161241,41.4849821480592],[-81.3379363355327,41.485072655354],[-81.3379452755933,41.4852371867636],[-81.3383519211402,41.4860516351695],[-81.3381558801313,41.4861250197253],[-81.3377131566034,41.4852383060682]]]},"properties":{"source_county":"Geauga","jurisdiction":"Russell Township","parcel_id":"26-184400","owner_name":"GRANETO ADAM J","property_address":"14065 CHILLICOTHE RD","property_city":"NOVELTY","property_zip":"44072"}},{"type":"Feature","geometry":{"type":"Polygon","coordinates":[[[-81.3438735002477,41.4824845663038],[-81.3445358493395,41.4824780939607],[-81.3445478528378,41.4832192074257],[-81.344547854304,41.483219328107],[-81.3445518510018,41.483466079188],[-81.3443514060872,41.4834666141753],[-81.3438894156256,41.483467845757],[-81.3438735002477,41.4824845663038]]]},"properties":{"source_county":"Geauga","jurisdiction":"Russell Township","parcel_id":"26-185140","owner_name":"MEINEKE RONALD F TOD","property_address":"8339 RIVERSIDE DR","property_city":"NOVELTY","property_zip":"44072"}},{"type":"Feature","geometry":{"type":"Polygon","coordinates":[[[-81.3445358493395,41.4824780939607],[-81.3452681649422,41.482470934051],[-81.345275646684,41.4833818614737],[-81.3452763222493,41.4834641430972],[-81.3450211381552,41.483464825785],[-81.3445518510018,41.483466079188],[-81.344547854304,41.483219328107],[-81.3445478528378,41.4832192074257],[-81.3445358493395,41.4824780939607]]]},"properties":{"source_county":"Geauga","jurisdiction":"Russell Township","parcel_id":"26-185150","owner_name":"MEINEKE RONALD F TOD","property_address":" RIVERSIDE DR","property_city":"NOVELTY","property_zip":"44072"}},{"type":"Feature","geometry":{"type":"Polygon","coordinates":[[[-81.32836566709,41.4922758527429],[-81.3283606906936,41.4906978281378],[-81.3308809682581,41.4907122976406],[-81.3309656337285,41.4907127827166],[-81.3308633155812,41.4916157206604],[-81.3309696565144,41.4915853279788],[-81.3310788217677,41.4915612527695],[-81.3311901486009,41.4915436411925],[-81.3313029611529,41.4915326001668],[-81.331416574544,41.4915281967219],[-81.3315302990337,41.4915304575911],[-81.331643444207,41.4915393690485],[-81.3317553231652,41.4915548769932],[-81.3318652566958,41.4915768872772],[-81.331972577395,41.4916052662769],[-81.3320766337194,41.4916398417043],[-81.3321767939403,41.491680403653],[-81.3322043332643,41.4920016893663],[-81.3320006549955,41.4919996385177],[-81.3319912261799,41.4919923566995],[-81.3319721137576,41.4919921642354],[-81.331972241755,41.4919849786542],[-81.3317428903255,41.491982668816],[-81.331723649882,41.491989661892],[-81.3313031718606,41.4919854259372],[-81.3312551340802,41.4919993147424],[-81.3312360204605,41.491999122145],[-81.3312070962795,41.4920132035276],[-81.331130133035,41.4920411745444],[-81.3311013357083,41.4920480703081],[-81.3310819670981,41.4920622479575],[-81.3310721540868,41.4920765228052],[-81.3310043632562,41.49212614499],[-81.3309914536116,41.4921413637125],[-81.3309755913282,41.4921549130189],[-81.3309571520195,41.4921664720647],[-81.3309365723229,41.4921757671344],[-81.3309077749007,41.4921826637502],[-81.3308980911626,41.4921897521147],[-81.3308691656274,41.4922038334001],[-81.330849796921,41.4922180110099],[-81.3308113145039,41.4922319968495],[-81.3308017588582,41.4922319005267],[-81.3307597961468,41.4922513324874],[-81.3307151102174,41.4922669596097],[-81.3306861858064,41.4922810408612],[-81.3306765008324,41.4922881291949],[-81.330666687699,41.4923024040073],[-81.3306663033077,41.492323958944],[-81.3306563632379,41.4923454184462],[-81.3306555944154,41.4923885301196],[-81.330645653151,41.492409988708],[-81.3306260280437,41.4924385374373],[-81.3306164711707,41.4924384410872],[-81.330616214893,41.4924528113444],[-81.3305290544643,41.4925166108122],[-81.3305191143205,41.4925380703013],[-81.330480375337,41.4925664262862],[-81.3304705633328,41.4925807001926],[-81.3304510650822,41.4926020624001],[-81.3304311835136,41.4926449813509],[-81.3304115582587,41.4926735291415],[-81.3304107892714,41.492716640809],[-81.3303911639861,41.4927451885956],[-81.3303810943917,41.4927738336372],[-81.3303612127413,41.4928167516734],[-81.3303322868143,41.4928308328222],[-81.3303126614446,41.4928593814949],[-81.3303031045108,41.492859285119],[-81.3302932924242,41.492873559009],[-81.3302642382712,41.4928948257181],[-81.3302252438148,41.4929375509809],[-81.3302156868698,41.4929374545977],[-81.3302057465596,41.4929589140573],[-81.330167007208,41.4929872690336],[-81.330138081148,41.4930013510337],[-81.3301285253912,41.4930012546555],[-81.3301188402505,41.493008342941],[-81.3296888000442,41.4930040047557],[-81.3296501886803,41.4930251748829],[-81.3296211342516,41.49304644143],[-81.3296113219886,41.4930607152615],[-81.3295915679918,41.4930964484861],[-81.3295907984604,41.4931395601426],[-81.3295616157139,41.4931680113498],[-81.3295228759602,41.4931963661092],[-81.3295224911715,41.4932179219366],[-81.3294451421936,41.493267446764],[-81.3294350721058,41.493296091719],[-81.3294186955097,41.4933101648123],[-81.3294049286343,41.4933257379315],[-81.3293940116562,41.4933425393901],[-81.3293861350338,41.4933602760723],[-81.3293759378348,41.4933961057084],[-81.329337069577,41.4934316459791],[-81.3293273854847,41.4934387342097],[-81.3293253329356,41.4935536980089],[-81.3293151344758,41.4935895276254],[-81.3292853099662,41.4936539048323],[-81.3292269449063,41.493710807989],[-81.3292170029578,41.4937322673466],[-81.329206804411,41.4937680969517],[-81.3291969919498,41.493782370745],[-81.3291777507228,41.4937893624946],[-81.3291581245636,41.4938179109637],[-81.3291484391974,41.4938249991664],[-81.3291293262493,41.4938248062341],[-81.3291098283731,41.4938461691206],[-81.3290710880074,41.4938745246236],[-81.3290709597044,41.4938817092972],[-81.3290612755007,41.493888798405],[-81.3289844374683,41.4939095824082],[-81.3289653244958,41.4939093894489],[-81.3289649395358,41.4939309443695],[-81.3289454403771,41.4939523072155],[-81.3289261990573,41.4939592998234],[-81.3288779026627,41.4939875578824],[-81.3288489770983,41.4940016386685],[-81.3288201786546,41.4940085347622],[-81.3287818231209,41.4940153334471],[-81.3287337833033,41.4940292220999],[-81.3286286611703,41.4940281605512],[-81.3285807497002,41.494034862667],[-81.3285520795899,41.494034573121],[-81.3285197328632,41.4940571309977],[-81.3284844131956,41.494077009131],[-81.3283716069983,41.4941595736741],[-81.32836566709,41.4922758527429]]]},"properties":{"source_county":"Geauga","jurisdiction":"Russell Township","parcel_id":"26-189900","owner_name":"PEKAREK JOHN C & MIRIAM L TRUSTEES","property_address":"8780 FAIRMOUNT RD","property_city":"NOVELTY","property_zip":"44072"}},{"type":"Feature","geometry":{"type":"Polygon","coordinates":[[[-81.3357594413796,41.4907401064761],[-81.3362529479317,41.4907367250067],[-81.3362407070422,41.4913738759005],[-81.3353315885344,41.4913795792054],[-81.3354229167351,41.4907381949564],[-81.3357594413796,41.4907401064761]]]},"properties":{"source_county":"Geauga","jurisdiction":"Russell Township","parcel_id":"26-190230","owner_name":"BARDZILAUSKAS ALEXANDER","property_address":"8576 FAIRMOUNT RD","property_city":"NOVELTY","property_zip":"44072"}},{"type":"Feature","geometry":{"type":"Polygon","coordinates":[[[-81.3247629717912,41.4888658698387],[-81.3254929461187,41.4888700890929],[-81.3255138044609,41.490681417145],[-81.3248492025731,41.4906775760305],[-81.3247838111665,41.4906771980364],[-81.3247629717912,41.4888658698387]]]},"properties":{"source_county":"Geauga","jurisdiction":"Russell Township","parcel_id":"26-190900","owner_name":"TALARCEK DANIEL & KIM P & MICHAEL P & NASS SUZANNE J","property_address":"8883 FAIRMOUNT RD","property_city":"NOVELTY","property_zip":"44072"}},{"type":"Feature","geometry":{"type":"Polygon","coordinates":[[[-81.3428713513055,41.4785356228281],[-81.3428310698108,41.4767083623918],[-81.3422398570589,41.4767069213944],[-81.3422393847753,41.4765475470514],[-81.3422371669428,41.4757983680595],[-81.3422343900335,41.4748600061374],[-81.342234385454,41.474858569793],[-81.3434192903421,41.4748497331671],[-81.3434193148007,41.4748518090648],[-81.3434617363558,41.4785365866275],[-81.3434618278019,41.4785445740699],[-81.3429999545704,41.4785460082478],[-81.3428715885328,41.4785464059766],[-81.3428713513055,41.4785356228281]]]},"properties":{"source_county":"Geauga","jurisdiction":"Russell Township","parcel_id":"26-191300","owner_name":"TARASCO DAVID","property_address":"8365 DINES RD","property_city":"NOVELTY","property_zip":"44072"}},{"type":"Feature","geometry":{"type":"Polygon","coordinates":[[[-81.3400338780326,41.4947954198005],[-81.3406106399164,41.4948026665357],[-81.3405903419126,41.495716021615],[-81.3398676255965,41.4957094430564],[-81.3398855485815,41.4949033393862],[-81.3398881903326,41.4948843167795],[-81.3398951832651,41.4948659275977],[-81.3399063151159,41.4948487300158],[-81.339921247992,41.4948332460396],[-81.3399395286273,41.4948199456603],[-81.3399606021407,41.4948092325896],[-81.339983828879,41.4948014320052],[-81.3400085038322,41.4947967806811],[-81.3400338780326,41.4947954198005]]]},"properties":{"source_county":"Geauga","jurisdiction":"Russell Township","parcel_id":"26-193501","owner_name":"DEETS JASON A & TRACY L","property_address":"8450 BELLE VERNON DR","property_city":"NOVELTY","property_zip":"44072"}},{"type":"Feature","geometry":{"type":"Polygon","coordinates":[[[-81.3405903419126,41.495716021615],[-81.3406106399164,41.4948026665357],[-81.3413287604344,41.4948119429704],[-81.3413085340825,41.4957225549799],[-81.34083255747,41.4957182262591],[-81.3405903419126,41.495716021615]]]},"properties":{"source_county":"Geauga","jurisdiction":"Russell Township","parcel_id":"26-193502","owner_name":"WEISMAN BRIAN S","property_address":"8430 BELLE VERNON DR","property_city":"NOVELTY","property_zip":"44072"}},{"type":"Feature","geometry":{"type":"Polygon","coordinates":[[[-81.3413085340825,41.4957225549799],[-81.3413287604344,41.4948119429704],[-81.3414921873896,41.4948183794446],[-81.3416550076073,41.4948307619588],[-81.3418168386156,41.4948490614258],[-81.3420685615779,41.4948822832599],[-81.3420497573904,41.4957292922004],[-81.3413085340825,41.4957225549799]]]},"properties":{"source_county":"Geauga","jurisdiction":"Russell Township","parcel_id":"26-193503","owner_name":"JOHNSON KENNETH E TOD & DENISE TOD","property_address":"8410 BELLE VERNON DR","property_city":"NOVELTY","property_zip":"44072"}},{"type":"Feature","geometry":{"type":"Polygon","coordinates":[[[-81.3420497573904,41.4957292922004],[-81.3420685615779,41.4948822832599],[-81.3428882796674,41.4949904660332],[-81.342871720998,41.4957367590068],[-81.3420497573904,41.4957292922004]]]},"properties":{"source_county":"Geauga","jurisdiction":"Russell Township","parcel_id":"26-193504","owner_name":"MARANO ROBERT L & SMITH TERESA A","property_address":"8380 BELLE VERNON DR","property_city":"NOVELTY","property_zip":"44072"}},{"type":"Feature","geometry":{"type":"Polygon","coordinates":[[[-81.342871720998,41.4957367590068],[-81.3428882796674,41.4949904660332],[-81.3438374799199,41.4951157301382],[-81.3438235179331,41.495745397098],[-81.342871720998,41.4957367590068]]]},"properties":{"source_county":"Geauga","jurisdiction":"Russell Township","parcel_id":"26-193505","owner_name":"ZUP ANDREW K & MARY M","property_address":"8360 BELLE VERNON DR","property_city":"NOVELTY","property_zip":"44072"}},{"type":"Feature","geometry":{"type":"Polygon","coordinates":[[[-81.3438985293409,41.4957655603117],[-81.3438989638222,41.4957460815368],[-81.3438235179331,41.495745397098],[-81.3438374799199,41.4951157301382],[-81.3443335825212,41.495181195287],[-81.3444323389641,41.4951912502588],[-81.3445318395173,41.4951954588693],[-81.3446314728396,41.4951937952605],[-81.3447306267738,41.4951862696539],[-81.3448286921088,41.4951729282872],[-81.3449250663224,41.4951538531313],[-81.3449112316039,41.4957782480814],[-81.3438985293409,41.4957655603117]]]},"properties":{"source_county":"Geauga","jurisdiction":"Russell Township","parcel_id":"26-193506","owner_name":"BENNARDO EDWARD L TOD & JOANNE M TOD","property_address":"8330 BELLE VERNON DR","property_city":"NOVELTY","property_zip":"44072"}},{"type":"Feature","geometry":{"type":"Polygon","coordinates":[[[-81.3456831827549,41.4950107229008],[-81.3457312682185,41.4950846952907],[-81.3457626695057,41.4951394064023],[-81.3457870826884,41.4951960966354],[-81.3458042910204,41.4952542627225],[-81.3458141417151,41.4953133882933],[-81.3458165473025,41.495372948458],[-81.3458073240949,41.4957894686988],[-81.3449112316039,41.4957782480814],[-81.3449250663224,41.4951538531313],[-81.3450197946207,41.4951289730804],[-81.3451116179507,41.4950985535576],[-81.3454877876928,41.4949603316442],[-81.3455091029043,41.4949539910734],[-81.3455314753187,41.4949502367786],[-81.345554353541,41.4949491612887],[-81.3455771737098,41.4949507911105],[-81.3455993733949,41.4949550860751],[-81.345620405458,41.4949619403279],[-81.3456397515383,41.4949711849376],[-81.3456569348272,41.4949825920595],[-81.3456715318203,41.494995880551],[-81.3456831827549,41.4950107229008]]]},"properties":{"source_county":"Geauga","jurisdiction":"Russell Township","parcel_id":"26-193507","owner_name":"JOHNS CHARLES TRUSTEE & KAREN B TRUSTEE","property_address":"13685 FOX DEN EAST","property_city":"NOVELTY","property_zip":"44072"}},{"type":"Feature","geometry":{"type":"Polygon","coordinates":[[[-81.3438832518413,41.4964515868017],[-81.3438985293409,41.4957655603117],[-81.3449112316039,41.4957782480814],[-81.3458073240949,41.4957894686988],[-81.3457921336379,41.496475495202],[-81.3438832518413,41.4964515868017]]]},"properties":{"source_county":"Geauga","jurisdiction":"Russell Township","parcel_id":"26-193508","owner_name":"CROLEY SARAH WISELEY TRUSTEE","property_address":"13645 FOX DEN EAST","property_city":"NOVELTY","property_zip":"44072"}},{"type":"Feature","geometry":{"type":"Polygon","coordinates":[[[-81.3438757255235,41.496789575454],[-81.3438832518413,41.4964515868017],[-81.3457921336379,41.496475495202],[-81.3457764560489,41.4971834599569],[-81.3440863921189,41.4971622932277],[-81.3438757255235,41.496789575454]]]},"properties":{"source_county":"Geauga","jurisdiction":"Russell Township","parcel_id":"26-193509","owner_name":"RONIS NANETTE N TRUSTEE","property_address":"13615 FOX DEN EAST","property_city":"NOVELTY","property_zip":"44072"}},{"type":"Feature","geometry":{"type":"Polygon","coordinates":[[[-81.3443183056379,41.4975725954471],[-81.3440863921189,41.4971622932277],[-81.3457764560489,41.4971834599569],[-81.3457568571395,41.4980684298509],[-81.3443837029784,41.4980512337749],[-81.3443852563604,41.4979811773016],[-81.3443183056379,41.4975725954471]]]},"properties":{"source_county":"Geauga","jurisdiction":"Russell Township","parcel_id":"26-193510","owner_name":"GALLESE ALAINA M","property_address":"13585 FOX DEN EAST","property_city":"NOVELTY","property_zip":"44072"}},{"type":"Feature","geometry":{"type":"Polygon","coordinates":[[[-81.3438467443526,41.4980901686308],[-81.3443852563604,41.4979811773016],[-81.3443837029784,41.4980512337749],[-81.3457568571395,41.4980684298509],[-81.3457416629935,41.4987544693514],[-81.3438319293093,41.4987305496056],[-81.3438428208835,41.4982571720881],[-81.3438428518674,41.4982558225563],[-81.3438467443526,41.4980901686308]]]},"properties":{"source_county":"Geauga","jurisdiction":"Russell Township","parcel_id":"26-193511","owner_name":"KUSS EDWARD M & PATRICIA A TRUSTEES","property_address":"13555 FOX DEN EAST","property_city":"NOVELTY","property_zip":"44072"}},{"type":"Feature","geometry":{"type":"Polygon","coordinates":[[[-81.3438160577296,41.499416563255],[-81.3438319293093,41.4987305496056],[-81.3457416629935,41.4987544693514],[-81.3457264688307,41.4994404915996],[-81.3438160577296,41.499416563255]]]},"properties":{"source_county":"Geauga","jurisdiction":"Russell Township","parcel_id":"26-193512","owner_name":"RACKUS WILLIAM LAWRENCE & JANET","property_address":"13535 FOX DEN EAST","property_city":"NOVELTY","property_zip":"44072"}},{"type":"Feature","geometry":{"type":"Polygon","coordinates":[[[-81.3437995844327,41.5001285959299],[-81.3438160577296,41.499416563255],[-81.3457264688307,41.4994404915996],[-81.3457258219229,41.4994696845656],[-81.3457236199245,41.4994869293133],[-81.3457178368358,41.4995036989126],[-81.3457086166701,41.4995195757508],[-81.3456961890344,41.4995341644479],[-81.3456808634118,41.4995471017018],[-81.3456630214548,41.4995580653361],[-81.3456252536172,41.499581509962],[-81.3455932284778,41.4996093699626],[-81.34556784679,41.4996408617421],[-81.3455498224552,41.499675099555],[-81.3455396624425,41.4997111204189],[-81.3455376525289,41.4997479111994],[-81.3455438492596,41.4997844371053],[-81.3455580783562,41.4998196707937],[-81.3455799396171,41.4998526212659],[-81.3456088181722,41.49988236174],[-81.3456439017766,41.4999080557195],[-81.345684203655,41.4999289805206],[-81.3457285902565,41.4999445475997],[-81.3457758131379,41.4999543191073],[-81.3458245440786,41.4999580202037],[-81.3458203641525,41.5001467436323],[-81.3437995844327,41.5001285959299]]]},"properties":{"source_county":"Geauga","jurisdiction":"Russell Township","parcel_id":"26-193513","owner_name":"CARTER JOHN M & KATHERINE A TRUSTEES","property_address":"13515 FOX DEN EAST","property_city":"NOVELTY","property_zip":"44072"}},{"type":"Feature","geometry":{"type":"Polygon","coordinates":[[[-81.3459448250339,41.4994724263435],[-81.3459454718601,41.4994432324761],[-81.3481678076682,41.4996617942918],[-81.3481566258265,41.500167571261],[-81.3477310076375,41.500163780198],[-81.3475291789213,41.500161982363],[-81.3472908037089,41.5001598570457],[-81.3472345216032,41.5001593562981],[-81.3458203641525,41.5001467436323],[-81.3458245440786,41.4999580202037],[-81.3458734111424,41.4999555395396],[-81.3459210395565,41.4999469542816],[-81.3459660897304,41.4999325058973],[-81.3460072945911,41.4999126007601],[-81.3460434952211,41.4998877987185],[-81.3460736734542,41.4998587973503],[-81.3460969805127,41.4998264123415],[-81.3461127608788,41.4997915545443],[-81.3461205707307,41.4997552043587],[-81.3461201904247,41.4997183841574],[-81.3461116306707,41.499682129531],[-81.34609513223,41.4996474601611],[-81.3460711591416,41.4996153511419],[-81.3460403856706,41.4995867055546],[-81.3460036773423,41.4995623290691],[-81.3459863309047,41.4995509250427],[-81.3459715867397,41.499537611513],[-81.3459598120073,41.4995227200159],[-81.345951299922,41.4995066213821],[-81.3459462624505,41.4994897165021],[-81.3459448250339,41.4994724263435]]]},"properties":{"source_county":"Geauga","jurisdiction":"Russell Township","parcel_id":"26-193514","owner_name":"NELSON NELS E & LORRAINE Y","property_address":"13510 FOX DEN EAST","property_city":"NOVELTY","property_zip":"44072"}},{"type":"Feature","geometry":{"type":"Polygon","coordinates":[[[-81.3459454718601,41.4994432324761],[-81.3459686671258,41.4983956704494],[-81.3481706904757,41.4995314504185],[-81.3481678076682,41.4996617942918],[-81.3459454718601,41.4994432324761]]]},"properties":{"source_county":"Geauga","jurisdiction":"Russell Township","parcel_id":"26-193515","owner_name":"KOZELKA ANTHONY B & NICOLE L","property_address":"13530 FOX DEN EAST","property_city":"NOVELTY","property_zip":"44072"}},{"type":"Feature","geometry":{"type":"Polygon","coordinates":[[[-81.3461314000733,41.4976417209054],[-81.3462845742881,41.497643637978],[-81.3481769337022,41.4992490285914],[-81.3481706904757,41.4995314504185],[-81.3459686671258,41.4983956704494],[-81.3459829710556,41.4977496570731],[-81.3459856113885,41.4977306246476],[-81.345992607525,41.4977122260555],[-81.3460037468923,41.497695020316],[-81.3460186910312,41.4976795302045],[-81.3460369858801,41.4976662263689],[-81.3460580755712,41.4976555130294],[-81.34608131932,41.4976477156974],[-81.3461060108946,41.4976430712845],[-81.3461314000733,41.4976417209054]]]},"properties":{"source_county":"Geauga","jurisdiction":"Russell Township","parcel_id":"26-193516","owner_name":"HAEHN RORY AKA RORY J & BELLANCO BRENDA AKA BRENDA R","property_address":"13550 FOX DEN EAST","property_city":"NOVELTY","property_zip":"44072"}},{"type":"Feature","geometry":{"type":"Polygon","coordinates":[[[-81.3481769337022,41.4992490285914],[-81.3462845742881,41.497643637978],[-81.346826502782,41.4976504170412],[-81.3469220429247,41.4976483723567],[-81.3470169498977,41.4976398671952],[-81.3471104523741,41.49762497068],[-81.3472017904425,41.4976038038775],[-81.3472902217841,41.4975765388143],[-81.3473750277059,41.4975433970782],[-81.3485625933505,41.4990744866983],[-81.3481769337022,41.4992490285914]]]},"properties":{"source_county":"Geauga","jurisdiction":"Russell Township","parcel_id":"26-193517","owner_name":"CURTIS EDWARD A TOD & KATHLEEN A TOD","property_address":"13582 FOX HILLS DR","property_city":"NOVELTY","property_zip":"44072"}},{"type":"Feature","geometry":{"type":"Polygon","coordinates":[[[-81.3484100479225,41.4971875587146],[-81.3488456673385,41.4989463716462],[-81.3485625933505,41.4990744866983],[-81.3473750277059,41.4975433970782],[-81.3478489843301,41.4973372783793],[-81.347954742385,41.4972951050878],[-81.3480643247233,41.4972588683956],[-81.3481771427563,41.4972287629355],[-81.3482925905186,41.4972049504084],[-81.3484100479225,41.4971875587146]]]},"properties":{"source_county":"Geauga","jurisdiction":"Russell Township","parcel_id":"26-193518","owner_name":"TERCEK CHARLES G & DONNA M","property_address":"13586 FOX HILLS DR","property_city":"NOVELTY","property_zip":"44072"}},{"type":"Feature","geometry":{"type":"Polygon","coordinates":[[[-81.3489320782436,41.4971885266616],[-81.3495804407081,41.4972687198761],[-81.3492537467451,41.4987616780771],[-81.3488456673385,41.4989463716462],[-81.3484100479225,41.4971875587146],[-81.3485140557781,41.4971776601019],[-81.3486186939952,41.4971727979762],[-81.3487235315492,41.4971729923657],[-81.3488281365946,41.4971782424695],[-81.3489320782436,41.4971885266616]]]},"properties":{"source_county":"Geauga","jurisdiction":"Russell Township","parcel_id":"26-193519","owner_name":"SHAW MARK C & SANDRA J","property_address":"13590 FOX HILLS DR","property_city":"NOVELTY","property_zip":"44072"}},{"type":"Feature","geometry":{"type":"Polygon","coordinates":[[[-81.3489893941966,41.4955407394681],[-81.3492797132401,41.4955132534503],[-81.3495306279632,41.4959430609896],[-81.3497978169595,41.496400740167],[-81.3500902013062,41.4971648857484],[-81.3490095971709,41.4970312322047],[-81.3487328409449,41.4955650272569],[-81.3489893941966,41.4955407394681]]]},"properties":{"source_county":"Geauga","jurisdiction":"Russell Township","parcel_id":"26-193523","owner_name":"GIALAMAS ROBERT R & DENISE A","property_address":"13627 FOX HILLS DR","property_city":"NOVELTY","property_zip":"44072"}},{"type":"Feature","geometry":{"type":"Polygon","coordinates":[[[-81.348086689015,41.4970776962822],[-81.3479159209248,41.4966884106551],[-81.3479310903457,41.4960023875318],[-81.3479390992883,41.4956401667344],[-81.3484491738965,41.4955918809659],[-81.3487328409449,41.4955650272569],[-81.3490095971709,41.4970312322047],[-81.3489166189109,41.4970202825927],[-81.3487879837067,41.4970103122843],[-81.3486587265352,41.497007355778],[-81.3485295230712,41.4970114285283],[-81.348416958213,41.4970201277848],[-81.3483053394408,41.4970341122197],[-81.3481951053296,41.4970533268851],[-81.348086689015,41.4970776962822]]]},"properties":{"source_county":"Geauga","jurisdiction":"Russell Township","parcel_id":"26-193524","owner_name":"SPURGEON CHRISTOPHER & JENNIFER MILTNER","property_address":"13623 FOX HILLS DR","property_city":"NOVELTY","property_zip":"44072"}},{"type":"Feature","geometry":{"type":"Polygon","coordinates":[[[-81.3459914815476,41.4973654847372],[-81.3460070022331,41.4966645360059],[-81.3479159209248,41.4966884106551],[-81.348086689015,41.4970776962822],[-81.3480318802398,41.4970919975352],[-81.3479316303294,41.4971217349864],[-81.3478339863287,41.4971560250609],[-81.3477393136027,41.4971947394534],[-81.3472653335073,41.4974008691795],[-81.3471980619635,41.4974271850673],[-81.347127906528,41.4974488302456],[-81.3470554395142,41.4974656281367],[-81.3469812520944,41.4974774417065],[-81.3469059494772,41.4974841745817],[-81.3468301459691,41.4974857718366],[-81.3461350497955,41.4974770757699],[-81.346109734393,41.4974750908888],[-81.3460852620349,41.4974698312114],[-81.3460623762954,41.4974614565493],[-81.3460417725398,41.4974502213601],[-81.3460240767961,41.4974364670165],[-81.3460098267337,41.4974206114335],[-81.3459994553267,41.4974031363701],[-81.3459932776986,41.4973845727919],[-81.3459914815476,41.4973654847372]]]},"properties":{"source_county":"Geauga","jurisdiction":"Russell Township","parcel_id":"26-193525","owner_name":"SARLSON MARK L & KATHERINE GRAHAM","property_address":"13619 FOX HILLS DR","property_city":"NOVELTY","property_zip":"44072"}},{"type":"Feature","geometry":{"type":"Polygon","coordinates":[[[-81.3460070022331,41.4966645360059],[-81.3460221904225,41.4959785131154],[-81.3479310903457,41.4960023875318],[-81.3479159209248,41.4966884106551],[-81.3460070022331,41.4966645360059]]]},"properties":{"source_county":"Geauga","jurisdiction":"Russell Township","parcel_id":"26-193526","owner_name":"YOUNG ARMOUR M & PENELOPE A","property_address":"13640 FOX DEN EAST","property_city":"NOVELTY","property_zip":"44072"}},{"type":"Feature","geometry":{"type":"Polygon","coordinates":[[[-81.3468278659819,41.4945171588797],[-81.3468686179796,41.4945109534849],[-81.3470689950039,41.4952972013761],[-81.3460305938251,41.4952841533426],[-81.3460171552732,41.4952139026315],[-81.3459954586982,41.4951448291084],[-81.3459656761315,41.4950774803736],[-81.3459280437067,41.4950123903519],[-81.3458799580741,41.494938418042],[-81.3458708212283,41.494920567496],[-81.3458659439281,41.4949017955667],[-81.3458654742236,41.4948826720895],[-81.3458694263694,41.4948637775711],[-81.3458776803915,41.4948456855676],[-81.3458899857304,41.4948289452734],[-81.3459059688469,41.4948140648508],[-81.3459251445613,41.494801496004],[-81.3459469307819,41.4947916202679],[-81.3464024493742,41.4946244883309],[-81.3465055933871,41.4945908903421],[-81.3466111048251,41.4945617427066],[-81.34671864432,41.4945371391743],[-81.3468278659819,41.4945171588797]]]},"properties":{"source_county":"Geauga","jurisdiction":"Russell Township","parcel_id":"26-193528","owner_name":"JOHNSON JESSICA G","property_address":"8270 BELLE VERNON DR","property_city":"NOVELTY","property_zip":"44072"}},{"type":"Feature","geometry":{"type":"Polygon","coordinates":[[[-81.3470671936387,41.4944901070882],[-81.3476588150401,41.4944508217751],[-81.3478606069848,41.4953070984169],[-81.3470689950039,41.4952972013761],[-81.3468686179796,41.4945109534849],[-81.3469675549874,41.4944986411849],[-81.3470671936387,41.4944901070882]]]},"properties":{"source_county":"Geauga","jurisdiction":"Russell Township","parcel_id":"26-193529","owner_name":"SKUTT TERRY J & MARY JEAN","property_address":"8240 BELLE VERNON DR","property_city":"NOVELTY","property_zip":"44072"}},{"type":"Feature","geometry":{"type":"Polygon","coordinates":[[[-81.3482414363574,41.4944102293178],[-81.3484491738965,41.4955918809659],[-81.3479390992883,41.4956401667344],[-81.3478606069848,41.4953070984169],[-81.3476588150401,41.4944508217751],[-81.3479504534618,41.4944331844728],[-81.3482414363574,41.4944102293178]]]},"properties":{"source_county":"Geauga","jurisdiction":"Russell Township","parcel_id":"26-193530","owner_name":"OBELENIS HELEN L TRUSTEE","property_address":"8230 BELLE VERNON DR","property_city":"NOVELTY","property_zip":"44072"}},{"type":"Feature","geometry":{"type":"Polygon","coordinates":[[[-81.3487741028181,41.4943161782694],[-81.3489893941966,41.4955407394681],[-81.3487328409449,41.4955650272569],[-81.3484491738965,41.4955918809659],[-81.3482414363574,41.4944102293178],[-81.3483767957503,41.4943943064351],[-81.3485109188816,41.4943732860457],[-81.3486434663689,41.4943472213392],[-81.3487741028181,41.4943161782694]]]},"properties":{"source_county":"Geauga","jurisdiction":"Russell Township","parcel_id":"26-193531","owner_name":"HALL LAURA E","property_address":"8210 BELLE VERNON DR","property_city":"NOVELTY","property_zip":"44072"}},{"type":"Feature","geometry":{"type":"Polygon","coordinates":[[[-81.3489511797166,41.4942651081037],[-81.3492869013257,41.4941577125262],[-81.349397296761,41.4949092355441],[-81.3494796734682,41.4954700069469],[-81.3492797132401,41.4955132534503],[-81.3489893941966,41.4955407394681],[-81.3487741028181,41.4943161782694],[-81.34886323263,41.4942918022381],[-81.3489511797166,41.4942651081037]]]},"properties":{"source_county":"Geauga","jurisdiction":"Russell Township","parcel_id":"26-193532","owner_name":"COLLINS LAUREN E & CHRISTOPHER R","property_address":"8180 BELLE VERNON DR","property_city":"NOVELTY","property_zip":"44072"}},{"type":"Feature","geometry":{"type":"Polygon","coordinates":[[[-81.3504247577357,41.494564757842],[-81.3504679603896,41.4946776685335],[-81.349397296761,41.4949092355441],[-81.3492869013257,41.4941577125262],[-81.3493704922568,41.4941348032599],[-81.3494568339207,41.4941186603108],[-81.3495449603932,41.4941094642735],[-81.3496338857847,41.494107318026],[-81.3497226152688,41.4941122455789],[-81.3498101562105,41.4941241918066],[-81.3498955292702,41.4941430230641],[-81.3499777793588,41.4941685286819],[-81.3500559863216,41.4942004233227],[-81.3501292752321,41.4942383501734],[-81.3501968261789,41.4942818849361],[-81.3502578834385,41.4943305405751],[-81.3503117639297,41.4943837727647],[-81.3503578648554,41.4944409859787],[-81.3503956704472,41.4945015401521],[-81.3504247577357,41.494564757842]]]},"properties":{"source_county":"Geauga","jurisdiction":"Russell Township","parcel_id":"26-193533","owner_name":"SIMMONS KENNETH W JR & HELEN","property_address":"8170 BELLE VERNON DR","property_city":"NOVELTY","property_zip":"44072"}},{"type":"Feature","geometry":{"type":"Polygon","coordinates":[[[-81.349397296761,41.4949092355441],[-81.3504679603896,41.4946776685335],[-81.3506724236619,41.4952120352305],[-81.3494796734682,41.4954700069469],[-81.349397296761,41.4949092355441]]]},"properties":{"source_county":"Geauga","jurisdiction":"Russell Township","parcel_id":"26-193534","owner_name":"FORMICHELLI FRANCO & ELIZABETH","property_address":"8160 BELLE VERNON DR","property_city":"NOVELTY","property_zip":"44072"}},{"type":"Feature","geometry":{"type":"Polygon","coordinates":[[[-81.3494796734682,41.4954700069469],[-81.3506724236619,41.4952120352305],[-81.3508434908757,41.4956591117102],[-81.3495306279632,41.4959430609896],[-81.3492797132401,41.4955132534503],[-81.3494796734682,41.4954700069469]]]},"properties":{"source_county":"Geauga","jurisdiction":"Russell Township","parcel_id":"26-193535","owner_name":"IZANT RICHARD W & JUDITH A","property_address":"8150 BELLE VERNON DR","property_city":"NOVELTY","property_zip":"44072"}},{"type":"Feature","geometry":{"type":"Polygon","coordinates":[[[-81.3464872496825,41.4944198846867],[-81.3455159066457,41.4928054008045],[-81.3456686201736,41.4928040670342],[-81.3456665789359,41.4929000836477],[-81.3462143806608,41.4928952504006],[-81.3463366366386,41.4928941710834],[-81.3474352287325,41.4943003356823],[-81.3470480827132,41.4943260423987],[-81.3469051087151,41.4943390925498],[-81.3467635759865,41.4943591451594],[-81.3466240905547,41.4943861143647],[-81.3464872496825,41.4944198846867]]]},"properties":{"source_county":"Geauga","jurisdiction":"Russell Township","parcel_id":"26-193544","owner_name":"ELIADES MANOS","property_address":"8275 BELLE VERNON DR","property_city":"NOVELTY","property_zip":"44072"}},{"type":"Feature","geometry":{"type":"Polygon","coordinates":[[[-81.3450752846862,41.4928092475648],[-81.3455159066457,41.4928054008045],[-81.3464872496825,41.4944198846867],[-81.3463800776639,41.4944517010855],[-81.3462752670863,41.4944876908178],[-81.3455847194164,41.494741435173],[-81.3450752846862,41.4928092475648]]]},"properties":{"source_county":"Geauga","jurisdiction":"Russell Township","parcel_id":"26-193545","owner_name":"HAHL CHARLES W & CAROLE C","property_address":"8285 BELLE VERNON DR","property_city":"NOVELTY","property_zip":"44072"}},{"type":"Feature","geometry":{"type":"Polygon","coordinates":[[[-81.3450481292677,41.4928094850524],[-81.3450752846862,41.4928092475648],[-81.3455847194164,41.494741435173],[-81.3450600066629,41.4949342387724],[-81.3449007083807,41.4940030337344],[-81.3450224720748,41.4940019400736],[-81.3450481292677,41.4928094850524]]]},"properties":{"source_county":"Geauga","jurisdiction":"Russell Township","parcel_id":"26-193546","owner_name":"DI BLASIO JOSEPH A & SUSAN A","property_address":"8315 BELLE VERNON DR","property_city":"NOVELTY","property_zip":"44072"}},{"type":"Feature","geometry":{"type":"Polygon","coordinates":[[[-81.3443839675916,41.4940076741561],[-81.3449007083807,41.4940030337344],[-81.3450600066629,41.4949342387724],[-81.3450156461687,41.4949505381717],[-81.3449290261529,41.4949788211854],[-81.3448393826274,41.4950011523118],[-81.3447474374209,41.4950173517353],[-81.3446539308974,41.4950272890144],[-81.3445596159948,41.4950308841316],[-81.3444652521604,41.495028108138],[-81.344371599236,41.4950189833868],[-81.3443218206887,41.4950124145045],[-81.3443440840404,41.4940080323108],[-81.3443839675916,41.4940076741561]]]},"properties":{"source_county":"Geauga","jurisdiction":"Russell Township","parcel_id":"26-193547","owner_name":"GIORGIANNI ALDA TRUSTEE","property_address":"8335 BELLE VERNON DR","property_city":"NOVELTY","property_zip":"44072"}},{"type":"Feature","geometry":{"type":"Polygon","coordinates":[[[-81.34376322282,41.494013245874],[-81.3443440840404,41.4940080323108],[-81.3443218206887,41.4950124145045],[-81.3436386947909,41.4949222682366],[-81.3436588319931,41.4940141827258],[-81.34376322282,41.494013245874]]]},"properties":{"source_county":"Geauga","jurisdiction":"Russell Township","parcel_id":"26-193548","owner_name":"COLT WILLIAM J & SEZEMSKY GAYLE L","property_address":"8345 BELLE VERNON DR","property_city":"NOVELTY","property_zip":"44072"}},{"type":"Feature","geometry":{"type":"Polygon","coordinates":[[[-81.3427908047796,41.4925077010334],[-81.3437954713028,41.4925108420722],[-81.34376322282,41.494013245874],[-81.3436588319931,41.4940141827258],[-81.3436386947909,41.4949222682366],[-81.3427398590469,41.494803649938],[-81.3427908047796,41.4925077010334]]]},"properties":{"source_county":"Geauga","jurisdiction":"Russell Township","parcel_id":"26-193549","owner_name":"SMITH GREGORY P & PATRICIA A","property_address":"8365 BELLE VERNON DR","property_city":"NOVELTY","property_zip":"44072"}},{"type":"Feature","geometry":{"type":"Polygon","coordinates":[[[-81.3421128271813,41.4925055761468],[-81.3427908047796,41.4925077010334],[-81.3427398590469,41.494803649938],[-81.3418410056299,41.4946851244166],[-81.3418555567745,41.4940301511578],[-81.3418656682752,41.4935747139038],[-81.3418893673266,41.4925073533138],[-81.3421128271813,41.4925055761468]]]},"properties":{"source_county":"Geauga","jurisdiction":"Russell Township","parcel_id":"26-193550","owner_name":"CHAPIC JOSEPH G","property_address":"8385 BELLE VERNON DR","property_city":"NOVELTY","property_zip":"44072"}},{"type":"Feature","geometry":{"type":"Polygon","coordinates":[[[-81.3492537467451,41.4987616780771],[-81.3495804407081,41.4972687198761],[-81.3505169609522,41.4973845477575],[-81.350284651,41.4984462521644],[-81.3518939928461,41.4984270183948],[-81.3527656311904,41.4984165912605],[-81.3527820567047,41.4992004345269],[-81.3528031810663,41.5002084305071],[-81.3519346629158,41.5002011547347],[-81.3519343874367,41.5002011538094],[-81.3514084262335,41.5001964848802],[-81.3507060616705,41.5001902479031],[-81.3496996348302,41.5001813026394],[-81.3488105988875,41.5001733938916],[-81.3487848081636,41.5001731640628],[-81.3482648702223,41.5001685352486],[-81.3482471119307,41.500168376945],[-81.3481566258265,41.500167571261],[-81.3481678076682,41.4996617942918],[-81.3481706904757,41.4995314504185],[-81.3481769337022,41.4992490285914],[-81.3485625933505,41.4990744866983],[-81.3488456673385,41.4989463716462],[-81.3492537467451,41.4987616780771]]]},"properties":{"source_county":"Geauga","jurisdiction":"Russell Township","parcel_id":"26-193555","owner_name":"FAIRMOUNT EAST HOMEOWNERS ASSOC","property_address":" FOX HILLS DR","property_city":"NOVELTY","property_zip":"44072"}},{"type":"Feature","geometry":{"type":"Polygon","coordinates":[[[-81.3474352287325,41.4943003356823],[-81.3463366366386,41.4928941710834],[-81.3467621835181,41.492890413678],[-81.3473096748431,41.4928855775766],[-81.3473039309883,41.4931599904929],[-81.3473937670965,41.4932277476881],[-81.3475958373266,41.493225969807],[-81.3483420289367,41.4942319765613],[-81.3482239001448,41.494246096672],[-81.3481049945789,41.4942558587897],[-81.3474352287325,41.4943003356823]]]},"properties":{"source_county":"Geauga","jurisdiction":"Russell Township","parcel_id":"26-193605","owner_name":"LAGANKE MARY W TRUSTEE","property_address":"8245 BELLE VERNON DR","property_city":"NOVELTY","property_zip":"44072"}},{"type":"Feature","geometry":{"type":"Polygon","coordinates":[[[-81.3460305938251,41.4952841533426],[-81.3470689950039,41.4952972013761],[-81.3478606069848,41.4953070984169],[-81.3479390992883,41.4956401667344],[-81.3479310903457,41.4960023875318],[-81.3460221904225,41.4959785131154],[-81.3460355379479,41.4953756891797],[-81.3460348161142,41.495329867824],[-81.3460305938251,41.4952841533426]]]},"properties":{"source_county":"Geauga","jurisdiction":"Russell Township","parcel_id":"26-193607","owner_name":"BETTINGER JON R & DEBRA J","property_address":"13670 FOX DEN EAST","property_city":"NOVELTY","property_zip":"44072"}},{"type":"Feature","geometry":{"type":"Polygon","coordinates":[[[-81.3396946737172,41.4815298052483],[-81.3417398178505,41.4815368967371],[-81.3417463662502,41.4819617094615],[-81.3396986935378,41.4819635880085],[-81.3396946737172,41.4815298052483]]]},"properties":{"source_county":"Geauga","jurisdiction":"Russell Township","parcel_id":"26-193800","owner_name":"EISINGER CHARLES J","property_address":"14170 CHILLICOTHE RD","property_city":"NOVELTY","property_zip":"44072"}},{"type":"Feature","geometry":{"type":"Polygon","coordinates":[[[-81.3288806812336,41.474400880487],[-81.3297519185064,41.4743972260156],[-81.3297547704666,41.4747814235659],[-81.3297517552787,41.4748436418397],[-81.3297418061549,41.4749054501505],[-81.3297249933083,41.4749664121838],[-81.3297014354047,41.4750260975981],[-81.3296712987258,41.4750840850626],[-81.3296347959957,41.4751399652315],[-81.3291266347365,41.475841734987],[-81.3291129496592,41.4758573145502],[-81.329095951638,41.4758709243985],[-81.3290761324823,41.4758821707522],[-81.3290540656276,41.4758907282152],[-81.3290303895441,41.4758963491905],[-81.3290057892631,41.4758988710436],[-81.3289809765565,41.4758982208086],[-81.3289566693425,41.4758944172991],[-81.3289335709137,41.4758875705636],[-81.3289286291216,41.4758856404081],[-81.3287363482977,41.4758068873688],[-81.3286770539252,41.4757841760782],[-81.3286161822591,41.4757639622867],[-81.328606097609,41.4744020304664],[-81.3288806812336,41.474400880487]]]},"properties":{"source_county":"Geauga","jurisdiction":"Russell Township","parcel_id":"26-195310","owner_name":"TORNBERG HILDRED E TRUSTEE","property_address":"14417 CRESTVIEW DR","property_city":"NOVELTY","property_zip":"44072"}},{"type":"Feature","geometry":{"type":"Polygon","coordinates":[[[-81.3409836326382,41.4785522446399],[-81.3412600584983,41.4785513915615],[-81.341258935778,41.4794867131787],[-81.3406108291656,41.4794895601264],[-81.34060922671,41.4785533989272],[-81.3406672469292,41.4785532198658],[-81.3409836326382,41.4785522446399]]]},"properties":{"source_county":"Geauga","jurisdiction":"Russell Township","parcel_id":"26-197170","owner_name":"GREEN APRIL R","property_address":"8430 DINES RD","property_city":"NOVELTY","property_zip":"44072"}},{"type":"Feature","geometry":{"type":"Polygon","coordinates":[[[-81.3493754232896,41.4864062867194],[-81.3505141975826,41.4864064010284],[-81.3505169219449,41.4867180790273],[-81.3505509981364,41.4906170737842],[-81.3499130824527,41.4906227213432],[-81.3494122397802,41.4906271732385],[-81.3494018116775,41.4894317357161],[-81.349390201721,41.4881006920281],[-81.3493781936634,41.4867239067312],[-81.3493754232896,41.4864062867194]]]},"properties":{"source_county":"Geauga","jurisdiction":"Russell Township","parcel_id":"26-197300","owner_name":"MCMANUS BRANDON & CATHERINE","property_address":"8171 FAIRMOUNT RD","property_city":"NOVELTY","property_zip":"44072"}},{"type":"Feature","geometry":{"type":"Polygon","coordinates":[[[-81.3422398570589,41.4767069213944],[-81.3428310698108,41.4767083623918],[-81.3428713513055,41.4785356228281],[-81.3428715885328,41.4785464059766],[-81.3425676506672,41.4785473476036],[-81.3422711886389,41.4785482658152],[-81.3422709047115,41.4785346393207],[-81.3422435667413,41.4772203947873],[-81.3422398570589,41.4767069213944]]]},"properties":{"source_county":"Geauga","jurisdiction":"Russell Township","parcel_id":"26-197500","owner_name":"ZENOBI MARK EDWARD & DORTHY DEE","property_address":"8377 DINES RD","property_city":"NOVELTY","property_zip":"44072"}},{"type":"Feature","geometry":{"type":"Polygon","coordinates":[[[-81.3325370844226,41.4774085242969],[-81.3325135098484,41.4760621389306],[-81.332482385756,41.4742845219787],[-81.3342935551389,41.4742769461122],[-81.3343413503073,41.4765167931457],[-81.3347485678379,41.476515084823],[-81.334792329474,41.478565196297],[-81.3342720341339,41.478566120342],[-81.3341356886508,41.4785663615517],[-81.3325574071658,41.4785691471376],[-81.3325370844226,41.4774085242969]]]},"properties":{"source_county":"Geauga","jurisdiction":"Russell Township","parcel_id":"26-198100","owner_name":"RADONICH RYAN & SANTOS DWETTA A","property_address":"8625 PEKIN RD","property_city":"NOVELTY","property_zip":"44072"}},{"type":"Feature","geometry":{"type":"Polygon","coordinates":[[[-81.3382375572209,41.4829660936016],[-81.3397079163088,41.4829589477851],[-81.339709442062,41.4831236129579],[-81.3382394517498,41.4831307562211],[-81.3382375572209,41.4829660936016]]]},"properties":{"source_county":"Geauga","jurisdiction":"Russell Township","parcel_id":"26-201890","owner_name":"GRANETO ADAM","property_address":" CHILLICOTHE RD","property_city":"NOVELTY","property_zip":"44072"}},{"type":"Feature","geometry":{"type":"Polygon","coordinates":[[[-81.3370721018984,41.4785611992167],[-81.3373760593182,41.4785606630042],[-81.3374119201025,41.4810340234213],[-81.3355871680098,41.4810399898195],[-81.3355513387951,41.478564005311],[-81.3355513364042,41.4785638702119],[-81.3355721528885,41.4785638343009],[-81.3355721876233,41.4785638337492],[-81.3355952253785,41.4785637940238],[-81.3366086164256,41.4785620154542],[-81.3370721018984,41.4785611992167]]]},"properties":{"source_county":"Geauga","jurisdiction":"Russell Township","parcel_id":"26-201900","owner_name":"O C I CONSTRUCTION INC","property_address":"8560 PEKIN RD","property_city":"NOVELTY","property_zip":"44072"}},{"type":"Feature","geometry":{"type":"Polygon","coordinates":[[[-81.3382394517498,41.4831307562211],[-81.339709442062,41.4831236129579],[-81.3397180878116,41.4840567115435],[-81.3382501903653,41.4840638454715],[-81.3382394517498,41.4831307562211]]]},"properties":{"source_county":"Geauga","jurisdiction":"Russell Township","parcel_id":"26-201950","owner_name":"GRANETO ADAM","property_address":" CHILLICOTHE RD","property_city":"NOVELTY","property_zip":"44072"}},{"type":"Feature","geometry":{"type":"Polygon","coordinates":[[[-81.3376220074017,41.4785602289297],[-81.3396715599299,41.4785565879089],[-81.3396946737172,41.4815298052483],[-81.3397079163088,41.4829589477851],[-81.3382375572209,41.4829660936016],[-81.3382394517498,41.4831307562211],[-81.3382501903653,41.4840638454715],[-81.3382520849575,41.4842285080364],[-81.335633495489,41.4842411876945],[-81.3355871680098,41.4810399898195],[-81.3374119201025,41.4810340234213],[-81.3373760593182,41.4785606630042],[-81.3376220074017,41.4785602289297]]]},"properties":{"source_county":"Geauga","jurisdiction":"Russell Township","parcel_id":"26-202000","owner_name":"GRANETO ADAM J","property_address":" CHILLICOTHE RD","property_city":"NOVELTY","property_zip":"44072"}},{"type":"Feature","geometry":{"type":"Polygon","coordinates":[[[-81.3382501903653,41.4840638454715],[-81.3397180878116,41.4840567115435],[-81.3397196148132,41.4842213766737],[-81.3382520849575,41.4842285080364],[-81.3382501903653,41.4840638454715]]]},"properties":{"source_county":"Geauga","jurisdiction":"Russell Township","parcel_id":"26-202010","owner_name":"GRANETO ADAM J","property_address":" CHILLICOTHE RD","property_city":"NOVELTY","property_zip":"44072"}},{"type":"Feature","geometry":{"type":"Polygon","coordinates":[[[-81.334792329474,41.478565196297],[-81.3355513364042,41.4785638702119],[-81.3355513387951,41.478564005311],[-81.3355871680098,41.4810399898195],[-81.335633495489,41.4842411876945],[-81.3356381423546,41.4845622730556],[-81.3343989088766,41.4845689433553],[-81.3328024475258,41.4845776257757],[-81.3314427206837,41.4845868329626],[-81.3313971146365,41.4845871415574],[-81.3312935844474,41.4800976109901],[-81.3322059415832,41.4800937600924],[-81.3321730040252,41.4786531754316],[-81.3321711220664,41.4785708443782],[-81.3325479899634,41.4785691883076],[-81.3325574071658,41.4785691471376],[-81.3341356886508,41.4785663615517],[-81.3342720341339,41.478566120342],[-81.334792329474,41.478565196297]]]},"properties":{"source_county":"Geauga","jurisdiction":"Russell Township","parcel_id":"26-204180","owner_name":"ERSTER OESTERREICHISCHER UNTERSTUETZUNGS VEREIN","property_address":"8636 PEKIN RD","property_city":"NOVELTY","property_zip":"44072"}},{"type":"Feature","geometry":{"type":"Polygon","coordinates":[[[-81.3290412273817,41.4763039855408],[-81.3295395845258,41.4756157598603],[-81.3301258298875,41.4758895517476],[-81.3303351242654,41.4756124191546],[-81.33184323335,41.4756060706311],[-81.3318358622844,41.4760657097802],[-81.3305129851737,41.4760726685732],[-81.3305152522636,41.4761824347115],[-81.3297710706796,41.476300923528],[-81.3290412273817,41.4763039855408]]]},"properties":{"source_county":"Geauga","jurisdiction":"Russell Township","parcel_id":"26-205530","owner_name":"FLOWERS SCOTT E & SUSAN M","property_address":"14390 CRESTVIEW DR","property_city":"NOVELTY","property_zip":"44072"}},{"type":"Feature","geometry":{"type":"Polygon","coordinates":[[[-81.3299602854006,41.4749205593074],[-81.3318542370085,41.4749199431148],[-81.33184323335,41.4756060706311],[-81.3303351242654,41.4756124191546],[-81.3301258298875,41.4758895517476],[-81.3295395845258,41.4756157598603],[-81.329827084275,41.4752187195823],[-81.3298732562019,41.4751477488951],[-81.3299110276431,41.4750740217459],[-81.3299401111502,41.4749980992696],[-81.3299602854006,41.4749205593074]]]},"properties":{"source_county":"Geauga","jurisdiction":"Russell Township","parcel_id":"26-205950","owner_name":"SINKS MELANIE & ROBERT M","property_address":"14420 CRESTVIEW DR","property_city":"NOVELTY","property_zip":"44072"}},{"type":"Feature","geometry":{"type":"Polygon","coordinates":[[[-81.3269737757489,41.4906898423226],[-81.3283606906936,41.4906978281378],[-81.32836566709,41.4922758527429],[-81.3269786457249,41.492267866252],[-81.3269737027063,41.4906898415839],[-81.3269737757489,41.4906898423226]]]},"properties":{"source_county":"Geauga","jurisdiction":"Russell Township","parcel_id":"26-208100","owner_name":"FOGARTY JONAS CHRISTOPHER & ELLIOTT ALEXA","property_address":"8810 FAIRMOUNT RD","property_city":"NOVELTY","property_zip":"44072"}},{"type":"Feature","geometry":{"type":"Polygon","coordinates":[[[-81.3423638467031,41.4844831920838],[-81.3423530105138,41.4834438387362],[-81.3424572290059,41.4834595297421],[-81.3425627932264,41.4834688340714],[-81.3426380559017,41.483471527321],[-81.342713400116,41.4834709710096],[-81.3430137669271,41.4834701741486],[-81.3430299288533,41.484469510092],[-81.3423638467031,41.4844831920838]]]},"properties":{"source_county":"Geauga","jurisdiction":"Russell Township","parcel_id":"26-209700","owner_name":"WOODS DON J","property_address":"8380 RIVERSIDE DR","property_city":"NOVELTY","property_zip":"44072"}},{"type":"Feature","geometry":{"type":"Polygon","coordinates":[[[-81.3354564148487,41.4952514659859],[-81.335481478988,41.4944005037734],[-81.3360011063139,41.4944355096497],[-81.335976825079,41.4952600898185],[-81.3354564148487,41.4952514659859]]]},"properties":{"source_county":"Geauga","jurisdiction":"Russell Township","parcel_id":"26-211200","owner_name":"YOUNG GEORGE E & PAMELA A TRUSTEES","property_address":"8583 PERRY DR","property_city":"NOVELTY","property_zip":"44072"}},{"type":"Feature","geometry":{"type":"Polygon","coordinates":[[[-81.3395412333321,41.4993102559502],[-81.3416959738044,41.4992826614252],[-81.3420520152769,41.4997400839177],[-81.3395304382477,41.4997222790101],[-81.3395412333321,41.4993102559502]]]},"properties":{"source_county":"Geauga","jurisdiction":"Russell Township","parcel_id":"26-213300","owner_name":"ZISKA OTTO JOHN TOD","property_address":"13548 CHILLICOTHE RD","property_city":"NOVELTY","property_zip":"44072"}},{"type":"Feature","geometry":{"type":"Polygon","coordinates":[[[-81.3494312815431,41.4824896991163],[-81.3501247290298,41.4824928100289],[-81.3501293325022,41.4834510596743],[-81.349435899856,41.4834529413954],[-81.3494312815431,41.4824896991163]]]},"properties":{"source_county":"Geauga","jurisdiction":"Russell Township","parcel_id":"26-213710","owner_name":"ZSULYA CAROL T TRUSTEE","property_address":"8177 W RIVER DR","property_city":"NOVELTY","property_zip":"44072"}},{"type":"Feature","geometry":{"type":"Polygon","coordinates":[[[-81.3377956830906,41.4975576630266],[-81.3378451856596,41.4958003037836],[-81.3392371682109,41.4958233366369],[-81.3392624358222,41.4958254168207],[-81.3392868407493,41.4958307599889],[-81.3393096434117,41.4958392042191],[-81.3393301527844,41.4958504936128],[-81.3393477473384,41.4958642860499],[-81.3393618938761,41.4958801635562],[-81.3393721636898,41.4958976449703],[-81.3393782455535,41.4959162005244],[-81.3393799551547,41.4959352678991],[-81.339359523767,41.4967121305397],[-81.3380470247321,41.4966351805719],[-81.3380351905054,41.4970554564542],[-81.3393484700012,41.4971309455637],[-81.3393348044686,41.4976505367022],[-81.3377956830906,41.4975576630266]]]},"properties":{"source_county":"Geauga","jurisdiction":"Russell Township","parcel_id":"26-213803","owner_name":"MATTHEWS SYLVIA A TRUSTEE","property_address":" PINE HOLLOW DR","property_city":"NOVELTY","property_zip":"44072"}},{"type":"Feature","geometry":{"type":"Polygon","coordinates":[[[-81.336382350797,41.4972727808707],[-81.336754789694,41.495604896666],[-81.3368297923314,41.4956281672543],[-81.3369030500235,41.4956543924147],[-81.3370046037147,41.4956902184201],[-81.3371090016209,41.4957210793378],[-81.337215814813,41.4957468483719],[-81.3373246044368,41.4957674196466],[-81.3374349235161,41.4957827086423],[-81.3375463187897,41.4957926525418],[-81.3376583325738,41.4957972104892],[-81.3378451856596,41.4958003037836],[-81.3377956830906,41.4975576630266],[-81.3372781061522,41.4975264266892],[-81.336382350797,41.4972727808707]]]},"properties":{"source_county":"Geauga","jurisdiction":"Russell Township","parcel_id":"26-213804","owner_name":"SHIPITALO JOHN S & GRETCHEN A","property_address":"8540 PINE HOLLOW DR","property_city":"NOVELTY","property_zip":"44072"}},{"type":"Feature","geometry":{"type":"Polygon","coordinates":[[[-81.334977057934,41.4968545581571],[-81.3354362862694,41.4955160637703],[-81.3362423052457,41.4955294202103],[-81.3363470760512,41.4955338626489],[-81.336451196069,41.4955436901814],[-81.336554176225,41.4955588566458],[-81.3366555327985,41.4955792908019],[-81.336754789694,41.495604896666],[-81.336382350797,41.4972727808707],[-81.3355135205768,41.497026751794],[-81.3353325211298,41.4969732417181],[-81.335153650608,41.4969158279049],[-81.334977057934,41.4968545581571]]]},"properties":{"source_county":"Geauga","jurisdiction":"Russell Township","parcel_id":"26-213805","owner_name":"JACKSON WILLIAM A","property_address":"8580 PINE HOLLOW DR","property_city":"NOVELTY","property_zip":"44072"}},{"type":"Feature","geometry":{"type":"Polygon","coordinates":[[[-81.3329019904477,41.4960118788472],[-81.3337006876344,41.4952609875094],[-81.3337880332461,41.4953086342531],[-81.3338796689242,41.4953514849633],[-81.333975129652,41.4953893221851],[-81.3340739309993,41.4954219539056],[-81.3341755715808,41.4954492145277],[-81.3342795356006,41.4954709657111],[-81.3343852954705,41.4954870970745],[-81.3344923144871,41.4954975267552],[-81.3346000495564,41.4955022018252],[-81.3354362862694,41.4955160637703],[-81.334977057934,41.4968545581571],[-81.3348714097052,41.4968156473928],[-81.3346629034923,41.4967336969132],[-81.3329019904477,41.4960118788472]]]},"properties":{"source_county":"Geauga","jurisdiction":"Russell Township","parcel_id":"26-213806","owner_name":"KIRBY SANDRA TOD & LOCZY RONALD TOD","property_address":"8630 PINE HOLLOW DR","property_city":"NOVELTY","property_zip":"44072"}},{"type":"Feature","geometry":{"type":"Polygon","coordinates":[[[-81.3305193731444,41.4950351488648],[-81.3328388159734,41.4946396106399],[-81.3328653864571,41.4946637287705],[-81.3328965159322,41.4946845370908],[-81.3329314837841,41.4947015539077],[-81.332969480541,41.4947143852971],[-81.3330096266132,41.4947227342236],[-81.3330509926546,41.4947264074171],[-81.3330731196841,41.4947283758066],[-81.3330945907256,41.4947328525675],[-81.3331149057847,41.4947397334498],[-81.333133591786,41.494748858219],[-81.3331502135894,41.4947600143874],[-81.3331643841229,41.494772942162],[-81.3333943554783,41.4950187738824],[-81.3334618228723,41.4950855307825],[-81.3335356394089,41.4951483752229],[-81.3336154050801,41.4952069666381],[-81.3337006876344,41.4952609875094],[-81.3329019904477,41.4960118788472],[-81.3315790241901,41.4954694951244],[-81.3305193731444,41.4950351488648]]]},"properties":{"source_county":"Geauga","jurisdiction":"Russell Township","parcel_id":"26-213807","owner_name":"ROBY DIANE E TOD","property_address":"8660 PINE HOLLOW DR","property_city":"NOVELTY","property_zip":"44072"}},{"type":"Feature","geometry":{"type":"Polygon","coordinates":[[[-81.3298291211512,41.4948521998072],[-81.3300484047915,41.4938904872924],[-81.3308375965117,41.4939908051528],[-81.3311896416082,41.4935464719766],[-81.3322710444158,41.4934888162603],[-81.3329054070333,41.4943521046434],[-81.3328721470597,41.4943727117187],[-81.3328436005404,41.4943969878647],[-81.3328204749244,41.4944243314671],[-81.3328033433211,41.4944540648926],[-81.3327926302974,41.4944854512819],[-81.3327886013553,41.4945177128107],[-81.3327913563507,41.4945500499656],[-81.3328008270185,41.494581661358],[-81.332816778663,41.4946117635842],[-81.3328388159734,41.4946396106399],[-81.3305193731444,41.4950351488648],[-81.3303975888909,41.4949852220737],[-81.330290209181,41.4949452520169],[-81.3301789694299,41.4949117770184],[-81.3300645633334,41.4948850058284],[-81.3299477043298,41.4948651053917],[-81.3298291211512,41.4948521998072]]]},"properties":{"source_county":"Geauga","jurisdiction":"Russell Township","parcel_id":"26-213808","owner_name":"MALLINAK EDWARD S JR & ANN M","property_address":"8722 PINE HOLLOW DR","property_city":"NOVELTY","property_zip":"44072"}},{"type":"Feature","geometry":{"type":"Polygon","coordinates":[[[-81.3329054070333,41.4943521046434],[-81.3322710444158,41.4934888162603],[-81.3329612756778,41.4931246700237],[-81.3336794887161,41.4930093265469],[-81.3349638610201,41.4928030451629],[-81.3350710876975,41.4928387012035],[-81.3350611131488,41.4931772670496],[-81.3332866914901,41.4944027590329],[-81.3332593775121,41.4943778259677],[-81.3332272118106,41.4943564126841],[-81.3331909865234,41.49433904652],[-81.3331515937602,41.4943261551454],[-81.3331100036328,41.4943180560312],[-81.3330672403653,41.4943149486311],[-81.3330243570714,41.4943169094699],[-81.3329824098208,41.4943238902588],[-81.3329424316318,41.4943357190846],[-81.3329054070333,41.4943521046434]]]},"properties":{"source_county":"Geauga","jurisdiction":"Russell Township","parcel_id":"26-213809","owner_name":"WINKLER KAREN M TRUSTEE","property_address":"8639 PINE HOLLOW DR","property_city":"NOVELTY","property_zip":"44072"}},{"type":"Feature","geometry":{"type":"Polygon","coordinates":[[[-81.3332866914901,41.4944027590329],[-81.3350611131488,41.4931772670496],[-81.3349972755176,41.4953440739505],[-81.3346048501936,41.4953375673195],[-81.3344948736018,41.4953322198385],[-81.3343858990895,41.495319866026],[-81.3342787148612,41.4953005952361],[-81.3341740961711,41.495274546853],[-81.3340727997145,41.4952419092825],[-81.3339755581542,41.495202918589],[-81.3338830748208,41.4951578567881],[-81.3337960186254,41.4951070498065],[-81.3337150192208,41.4950508651242],[-81.3336406624475,41.4949897091165],[-81.3335734860964,41.4949240241144],[-81.3333435144016,41.494678192742],[-81.3333321230431,41.4946637954229],[-81.3333237779296,41.4946482626037],[-81.3333186733846,41.4946319559842],[-81.3333169282707,41.4946152552826],[-81.3333185832224,41.4945985493937],[-81.3333235996998,41.4945822273326],[-81.3333329864492,41.4945517172604],[-81.333336108527,41.4945204896781],[-81.3333328936749,41.4944892674172],[-81.3333234163166,41.4944587731848],[-81.3333078958342,41.4944297128357],[-81.3332866914901,41.4944027590329]]]},"properties":{"source_county":"Geauga","jurisdiction":"Russell Township","parcel_id":"26-213810","owner_name":"SPRING NICOLE MARIE TOD","property_address":"8621 PINE HOLLOW DR","property_city":"NOVELTY","property_zip":"44072"}},{"type":"Feature","geometry":{"type":"Polygon","coordinates":[[[-81.3349972755176,41.4953440739505],[-81.3350611131488,41.4931772670496],[-81.3350710876975,41.4928387012035],[-81.3357742981759,41.4930725364256],[-81.3357698872048,41.4931916557704],[-81.3373968607707,41.4932080395344],[-81.3373621298112,41.4945271876008],[-81.3372590670135,41.4945202454692],[-81.3365381029011,41.4944716833637],[-81.3360011063139,41.4944355096497],[-81.335481478988,41.4944005037734],[-81.3354564148487,41.4952514659859],[-81.3354550813766,41.4952967385462],[-81.3360937260257,41.4953073214463],[-81.3360921095629,41.4953622183716],[-81.3349972755176,41.4953440739505]]]},"properties":{"source_county":"Geauga","jurisdiction":"Russell Township","parcel_id":"26-213811","owner_name":"YOUNG GEORGE E & PAMELA A TRUSTEES","property_address":" PINE HOLLOW DR","property_city":"NOVELTY","property_zip":"44072"}},{"type":"Feature","geometry":{"type":"Polygon","coordinates":[[[-81.324504062869,41.4976295649717],[-81.3257930251185,41.4976404504554],[-81.3268481357319,41.4988371465618],[-81.3265317259517,41.498834617056],[-81.3244828115426,41.4988182160957],[-81.324504062869,41.4976295649717]]]},"properties":{"source_county":"Geauga","jurisdiction":"Russell Township","parcel_id":"26-213845","owner_name":"O MALLEY MARY E TOD","property_address":"8835 BEECHWOOD DR","property_city":"NOVELTY","property_zip":"44072"}},{"type":"Feature","geometry":{"type":"Polygon","coordinates":[[[-81.335139424554,41.4988480324081],[-81.3351670632607,41.4977168177988],[-81.3344875294649,41.4977114473055],[-81.3337902569834,41.4977059332153],[-81.3332384457563,41.4977015656556],[-81.3328527589985,41.4976985122882],[-81.332462347784,41.4976954190913],[-81.3320813856229,41.497692399906],[-81.331695698989,41.4976893417913],[-81.3313216661742,41.4976863754923],[-81.3315608381812,41.4956261514178],[-81.3345711936432,41.4968601569698],[-81.3347845393156,41.4969440275684],[-81.3350016304673,41.4970222776168],[-81.3352222052265,41.4970948127198],[-81.335445997516,41.4971615453756],[-81.3364720582108,41.4974520967686],[-81.3369753030777,41.4984233990885],[-81.3369645888723,41.4988624405405],[-81.335139424554,41.4988480324081]]]},"properties":{"source_county":"Geauga","jurisdiction":"Russell Township","parcel_id":"26-213878","owner_name":"DAVIDSON GLEN H & DISSAUER ELLEN M","property_address":"8551 BEECHWOOD DR","property_city":"NOVELTY","property_zip":"44072"}},{"type":"Feature","geometry":{"type":"Polygon","coordinates":[[[-81.3385698756928,41.4892884283785],[-81.3384939451546,41.4892258704784],[-81.3382047126342,41.4892720687487],[-81.3381989561552,41.48887951939],[-81.3385265714518,41.488876718683],[-81.3385217258753,41.4885464289265],[-81.3385581995038,41.4885461782364],[-81.3385640893283,41.4889205676995],[-81.3385698756928,41.4892884283785]]]},"properties":{"source_county":"Geauga","jurisdiction":"Russell Township","parcel_id":"26-213970","owner_name":"ANDREANI GIOVANNI & RITA ANDREANI ETAL","property_address":" KENT RD","property_city":"NOVELTY","property_zip":"44072"}},{"type":"Feature","geometry":{"type":"Polygon","coordinates":[[[-81.334792329474,41.478565196297],[-81.3347485678379,41.476515084823],[-81.3343413503073,41.4765167931457],[-81.3342935551389,41.4742769461122],[-81.3355035617006,41.4742718665117],[-81.3355200609986,41.4750444582233],[-81.3355279724615,41.4754149436614],[-81.3355358852108,41.4757854290701],[-81.3355455339796,41.4762371958035],[-81.3355494109558,41.4764187550691],[-81.3355952220459,41.4785636445073],[-81.3355952253785,41.4785637940238],[-81.3355721876233,41.4785638337492],[-81.3355721528885,41.4785638343009],[-81.3355513364042,41.4785638702119],[-81.334792329474,41.478565196297]]]},"properties":{"source_county":"Geauga","jurisdiction":"Russell Township","parcel_id":"26-213988","owner_name":"RADONICH RYAN & SANTOS DWETTA A","property_address":"8605 PEKIN RD","property_city":"NOVELTY","property_zip":"44072"}},{"type":"Feature","geometry":{"type":"Polygon","coordinates":[[[-81.3469947412449,41.4784512129507],[-81.347997402213,41.478448063851],[-81.3479686929454,41.4785304894736],[-81.3469956359521,41.4785335454709],[-81.3469947412449,41.4784512129507]]]},"properties":{"source_county":"Geauga","jurisdiction":"Russell Township","parcel_id":"26-213993","owner_name":"BOUCK THEODORE C & LINDA M","property_address":" DINES RD","property_city":"NOVELTY","property_zip":"44072"}},{"type":"Feature","geometry":{"type":"Polygon","coordinates":[[[-81.3368590600862,41.4885578486808],[-81.3377579606712,41.4885516775056],[-81.3377696686549,41.4893415572444],[-81.3374646189736,41.4893902804625],[-81.3368717624435,41.4894849699041],[-81.3368590600862,41.4885578486808]]]},"properties":{"source_county":"Geauga","jurisdiction":"Russell Township","parcel_id":"26-214030","owner_name":"CLEVELAND MUSEUM OF NATURAL HISTORY THE","property_address":" FAIRMOUNT RD","property_city":"NOVELTY","property_zip":"44072"}},{"type":"Feature","geometry":{"type":"Polygon","coordinates":[[[-81.3374316572334,41.4906092908915],[-81.3376451116386,41.4905269906079],[-81.3377975167034,41.4905465646962],[-81.3377926658449,41.490726127426],[-81.3372354633142,41.4907299809196],[-81.337236307395,41.4906846088308],[-81.3374316572334,41.4906092908915]]]},"properties":{"source_county":"Geauga","jurisdiction":"Russell Township","parcel_id":"26-214044","owner_name":"CLEVELAND MUSEUM OF NATURAL HISTORY THE","property_address":" FAIRMOUNT RD","property_city":"NOVELTY","property_zip":"44072"}},{"type":"Feature","geometry":{"type":"Polygon","coordinates":[[[-81.3244842951646,41.4906754658633],[-81.3248492025731,41.4906775760305],[-81.3248586363791,41.4937204457701],[-81.3283742870351,41.4950093144522],[-81.3283756725671,41.4954484297303],[-81.3276751629631,41.496273282465],[-81.3276139169245,41.4963414069928],[-81.3275472483547,41.4964065904864],[-81.327475406411,41.4964685893232],[-81.3273835583069,41.4965390624549],[-81.3272851802901,41.4966043644332],[-81.3271807861437,41.4966641542037],[-81.3270714559255,41.4967187295422],[-81.3269571685911,41.4967672260304],[-81.3268385210222,41.4968093903844],[-81.3267164867162,41.496845683256],[-81.3265912846809,41.4968752551736],[-81.326463568822,41.496897951688],[-81.3263558423838,41.4969121505295],[-81.3262471632026,41.4969213738292],[-81.3261379374608,41.4969255871156],[-81.3260361939641,41.4969256459455],[-81.325934605097,41.4969214299225],[-81.3258334883814,41.496912952224],[-81.325733159863,41.4969002393475],[-81.3245202306876,41.496723553202],[-81.3244842065556,41.4906754649652],[-81.3244842951646,41.4906754658633]]]},"properties":{"source_county":"Geauga","jurisdiction":"Russell Township","parcel_id":"26-214054","owner_name":"ROGERS BARRY A TOD & CAROLYN A TOD","property_address":"8910 FAIRMOUNT RD","property_city":"NOVELTY","property_zip":"44072"}},{"type":"Feature","geometry":{"type":"Polygon","coordinates":[[[-81.3446601211058,41.4785408464042],[-81.3447518347283,41.4785405606332],[-81.344752397311,41.4786228943903],[-81.3447583063815,41.4794876666348],[-81.3447647921008,41.4804366356373],[-81.3447653896867,41.4805241898877],[-81.3441083091146,41.4805273146774],[-81.3440947655022,41.4785426064647],[-81.3446601211058,41.4785408464042]]]},"properties":{"source_county":"Geauga","jurisdiction":"Russell Township","parcel_id":"26-214062","owner_name":"WADE PARK PROPERTIES LTD","property_address":"8318 DINES RD","property_city":"NOVELTY","property_zip":"44072"}},{"type":"Feature","geometry":{"type":"Polygon","coordinates":[[[-81.3397255574599,41.4866875530341],[-81.3397213407822,41.4877895858479],[-81.3385490161435,41.4877949803281],[-81.3380784470582,41.4877971846576],[-81.3377929088882,41.4873506619413],[-81.339725565522,41.4866854729647],[-81.3397255574599,41.4866875530341]]]},"properties":{"source_county":"Geauga","jurisdiction":"Russell Township","parcel_id":"26-214064","owner_name":"ROGERS PETER V & EILEEN","property_address":"13965 CHILLICOTHE RD","property_city":"NOVELTY","property_zip":"44072"}},{"type":"Feature","geometry":{"type":"Polygon","coordinates":[[[-81.3356709598349,41.4875640371928],[-81.3349839777638,41.4874250156489],[-81.3324760963644,41.4874393361315],[-81.3325111542391,41.48713193011],[-81.3330542335004,41.4864122564228],[-81.3335401659866,41.4862422237356],[-81.333571568596,41.4862670553522],[-81.3336080144734,41.4862876255602],[-81.3336484935778,41.4863033642858],[-81.3336918840899,41.4863138353522],[-81.3337369835031,41.4863187485686],[-81.3337825419496,41.4863179677719],[-81.3338272968398,41.4863115146008],[-81.3338700078541,41.486299567896],[-81.3344749553567,41.4860857119888],[-81.3345632615779,41.4860583408909],[-81.3346546768573,41.4860375266663],[-81.3347483424394,41.4860234648433],[-81.3348433784315,41.4860162875185],[-81.3349388920684,41.4860160621153],[-81.3350339860984,41.4860227907514],[-81.3351277672113,41.4860364102179],[-81.3352193544291,41.486056792574],[-81.3353078873811,41.4860837463483],[-81.3356556335559,41.4862046801337],[-81.3362534002111,41.4864125580057],[-81.3363745667549,41.4864509911854],[-81.336498926108,41.4864831451001],[-81.3366259035025,41.4865088711388],[-81.3367549120677,41.4865280503992],[-81.3368853555434,41.4865405942373],[-81.3370166310361,41.4865464446771],[-81.337148131806,41.4865455746784],[-81.3372792500722,41.4865379882624],[-81.3374093798215,41.4865237204925],[-81.3368993928708,41.4869551263939],[-81.336745129902,41.4873494319388],[-81.3368581704718,41.4878042770632],[-81.3356709598349,41.4875640371928]]]},"properties":{"source_county":"Geauga","jurisdiction":"Russell Township","parcel_id":"26-214065","owner_name":"CLEVELAND MUSEUM OF NATURAL HISTORY THE","property_address":" CENTURY LN","property_city":"NOVELTY","property_zip":"44072"}},{"type":"Feature","geometry":{"type":"Polygon","coordinates":[[[-81.3248586363791,41.4937204457701],[-81.3248492025731,41.4906775760305],[-81.3269737027063,41.4906898415839],[-81.3269786457249,41.492267866252],[-81.32836566709,41.4922758527429],[-81.3283716069983,41.4941595736741],[-81.3283742870351,41.4950093144522],[-81.3248586363791,41.4937204457701]]]},"properties":{"source_county":"Geauga","jurisdiction":"Russell Township","parcel_id":"26-214068","owner_name":"ROGERS BARRY A TOD & CAROLYN A TOD","property_address":"8890 FAIRMOUNT RD","property_city":"NOVELTY","property_zip":"44072"}},{"type":"Feature","geometry":{"type":"Polygon","coordinates":[[[-81.3378593519094,41.4869325493462],[-81.3382540319271,41.4862722231388],[-81.3385101576715,41.4861763468891],[-81.3385840036161,41.4861520992673],[-81.3386607096247,41.486133539129],[-81.3387395032255,41.4861208533845],[-81.3388195909254,41.4861141697861],[-81.3389001661999,41.4861135556408],[-81.3389804176149,41.4861190171335],[-81.3390595369975,41.4861304992642],[-81.3394978465925,41.4862114489508],[-81.3395207725457,41.4862172311171],[-81.3395421147692,41.4862257795013],[-81.3395612877666,41.4862368595896],[-81.3395777655504,41.4862501674142],[-81.3395910960721,41.486265337892],[-81.3396009136234,41.4862819548404],[-81.3396069488694,41.4862995623939],[-81.3396090362374,41.4863176775111],[-81.3397269743679,41.4863173770292],[-81.339725565522,41.4866854729647],[-81.3377929088882,41.4873506619413],[-81.3377326477874,41.4872564251902],[-81.3378593519094,41.4869325493462]]]},"properties":{"source_county":"Geauga","jurisdiction":"Russell Township","parcel_id":"26-214107","owner_name":"MANSFIELD HAROLD JR & ERIN A","property_address":"8510 CENTURY LN","property_city":"NOVELTY","property_zip":"44072"}},{"type":"Feature","geometry":{"type":"Polygon","coordinates":[[[-81.3378970689346,41.4864055973888],[-81.3382540319271,41.4862722231388],[-81.3378593519094,41.4869325493462],[-81.3377326477874,41.4872564251902],[-81.3377929088882,41.4873506619413],[-81.3380784470582,41.4877971846576],[-81.337748237192,41.4877991052742],[-81.3368581704718,41.4878042770632],[-81.336745129902,41.4873494319388],[-81.3368993928708,41.4869551263939],[-81.3374093798215,41.4865237204925],[-81.3375349494601,41.486503398136],[-81.337658448626,41.486476854322],[-81.3377793327848,41.4864442060885],[-81.3378970689346,41.4864055973888]]]},"properties":{"source_county":"Geauga","jurisdiction":"Russell Township","parcel_id":"26-214108","owner_name":"CROWL RON W & TAMMY L","property_address":"8530 CENTURY LN","property_city":"NOVELTY","property_zip":"44072"}},{"type":"Feature","geometry":{"type":"Polygon","coordinates":[[[-81.3328024475258,41.4845776257757],[-81.3330265783956,41.4845764251374],[-81.3334449121384,41.4856257287449],[-81.3336383211374,41.4859265774931],[-81.3335991378806,41.4859433261366],[-81.3335641407058,41.4859646825919],[-81.3335342784067,41.4859900678756],[-81.3335103605709,41.4860187937806],[-81.3334930356314,41.4860500815328],[-81.3334827732864,41.4860830829039],[-81.3334798517648,41.4861169032075],[-81.3334843502825,41.4861506255536],[-81.3334961468926,41.4861833357071],[-81.3335149217914,41.4862141468723],[-81.3335401659866,41.4862422237356],[-81.3330542335004,41.4864122564228],[-81.3325111542391,41.48713193011],[-81.3328024475258,41.4845776257757]]]},"properties":{"source_county":"Geauga","jurisdiction":"Russell Township","parcel_id":"26-214109","owner_name":"KELLEY LYNN A","property_address":"8665 CENTURY LN","property_city":"NOVELTY","property_zip":"44072"}},{"type":"Feature","geometry":{"type":"Polygon","coordinates":[[[-81.3336383211374,41.4859265774931],[-81.3334449121384,41.4856257287449],[-81.3330265783956,41.4845764251374],[-81.3343989088766,41.4845689433553],[-81.3343989037295,41.4845690981895],[-81.3343492341331,41.4859481976161],[-81.3341476025649,41.4860194769211],[-81.334124501193,41.4860259164268],[-81.3341002887169,41.4860293431304],[-81.3340756547134,41.4860296594386],[-81.3340513007648,41.486026856343],[-81.3340279204774,41.4860210136762],[-81.3340061797267,41.4860122978388],[-81.3339866976934,41.4860009570598],[-81.3339700292287,41.4859873143269],[-81.3339389011872,41.4859618222384],[-81.333902533375,41.4859406119973],[-81.3338619538712,41.4859242831919],[-81.3338183098118,41.4859132974178],[-81.3337728349616,41.4859079652292],[-81.3337268148383,41.4859084373606],[-81.3336815503734,41.4859147004653],[-81.3336383211374,41.4859265774931]]]},"properties":{"source_county":"Geauga","jurisdiction":"Russell Township","parcel_id":"26-214110","owner_name":"KELLEY LYNN A","property_address":" CENTURY LN","property_city":"NOVELTY","property_zip":"44072"}},{"type":"Feature","geometry":{"type":"Polygon","coordinates":[[[-81.3343492341331,41.4859481976161],[-81.3343989037295,41.4845690981895],[-81.3343989088766,41.4845689433553],[-81.3356381423546,41.4845622730556],[-81.3358051110861,41.4845613729296],[-81.3356392885497,41.484754958921],[-81.3352903220102,41.485162346232],[-81.3352639681657,41.4858943617622],[-81.3351670776439,41.4858741769778],[-81.3350682859644,41.4858601388479],[-81.3349682814821,41.4858523451868],[-81.3348677610012,41.4858508502986],[-81.3347674249207,41.4858556645992],[-81.3346679723549,41.4858667545438],[-81.334570096263,41.4858840428608],[-81.3344744786208,41.4859074090895],[-81.3343817856699,41.4859366904201],[-81.3343492341331,41.4859481976161]]]},"properties":{"source_county":"Geauga","jurisdiction":"Russell Township","parcel_id":"26-214111","owner_name":"BOTEK FREDERICK G & GEORGEANNE","property_address":"8625 CENTURY LN","property_city":"NOVELTY","property_zip":"44072"}},{"type":"Feature","geometry":{"type":"Polygon","coordinates":[[[-81.3358051110861,41.4845613729296],[-81.3365711747257,41.4845576897723],[-81.3362024142073,41.4851809261773],[-81.3361657169846,41.4862006391352],[-81.3356535791375,41.4860225390788],[-81.3353998107339,41.485934287069],[-81.3353326938369,41.4859127768883],[-81.3352639681657,41.4858943617622],[-81.3352903220102,41.485162346232],[-81.3356392885497,41.484754958921],[-81.3358051110861,41.4845613729296]]]},"properties":{"source_county":"Geauga","jurisdiction":"Russell Township","parcel_id":"26-214112","owner_name":"BALTRUWEIT KENNETH A & CYNTHIA","property_address":"8585 CENTURY LN","property_city":"NOVELTY","property_zip":"44072"}},{"type":"Feature","geometry":{"type":"Polygon","coordinates":[[[-81.3365711747257,41.4845576897723],[-81.3371377102975,41.4845549619387],[-81.3370719774232,41.4863822284085],[-81.3369471252067,41.4863791695036],[-81.3368229000862,41.4863692866041],[-81.3366999608359,41.4863526321195],[-81.3365789594097,41.4863292943695],[-81.3364605374834,41.4862993971155],[-81.3363453230512,41.4862630989043],[-81.3361657169846,41.4862006391352],[-81.3362024142073,41.4851809261773],[-81.3365711747257,41.4845576897723]]]},"properties":{"source_county":"Geauga","jurisdiction":"Russell Township","parcel_id":"26-214113","owner_name":"MINELLO PAULA ANN TOD","property_address":"8555 CENTURY LN","property_city":"NOVELTY","property_zip":"44072"}},{"type":"Feature","geometry":{"type":"Polygon","coordinates":[[[-81.3371377102975,41.4845549619387],[-81.3376758896363,41.4845523685843],[-81.3377131566034,41.4852383060682],[-81.3381558801313,41.4861250197253],[-81.3378298309128,41.4862470690139],[-81.3377277822734,41.486282185254],[-81.3376228983192,41.4863122087552],[-81.33751562798,41.4863370110083],[-81.337406430402,41.4863564858527],[-81.3372957729819,41.4863705499303],[-81.3371841293662,41.4863791430425],[-81.3370719774232,41.4863822284085],[-81.3371377102975,41.4845549619387]]]},"properties":{"source_county":"Geauga","jurisdiction":"Russell Township","parcel_id":"26-214114","owner_name":"GAINES JEANNE M & JAMES R AKA JAMES R JR","property_address":"8535 CENTURY LN","property_city":"NOVELTY","property_zip":"44072"}},{"type":"Feature","geometry":{"type":"Polygon","coordinates":[[[-81.3450481292677,41.4928094850524],[-81.3450940568095,41.4906654649152],[-81.3451161661597,41.4906652699326],[-81.3450926698419,41.4917573923972],[-81.3456909858879,41.4917521065518],[-81.3456686201736,41.4928040670342],[-81.3455159066457,41.4928054008045],[-81.3450752846862,41.4928092475648],[-81.3450481292677,41.4928094850524]]]},"properties":{"source_county":"Geauga","jurisdiction":"Russell Township","parcel_id":"26-214146","owner_name":"FAITH REBECCA TOD","property_address":" FAIRMOUNT RD","property_city":"NOVELTY","property_zip":"44072"}},{"type":"Feature","geometry":{"type":"Polygon","coordinates":[[[-81.3447583063815,41.4794876666348],[-81.3450635378025,41.4794861981105],[-81.3450265184439,41.4801018715788],[-81.3447647921008,41.4804366356373],[-81.3447583063815,41.4794876666348]]]},"properties":{"source_county":"Geauga","jurisdiction":"Russell Township","parcel_id":"26-214168","owner_name":"WADE PARK PROPERTIES LTD","property_address":" DINES RD","property_city":"NOVELTY","property_zip":"44072"}},{"type":"Feature","geometry":{"type":"Polygon","coordinates":[[[-81.3447583063815,41.4794876666348],[-81.344752397311,41.4786228943903],[-81.3451559875284,41.4788582732446],[-81.3451685216019,41.4792734615399],[-81.3450635378025,41.4794861981105],[-81.3447583063815,41.4794876666348]]]},"properties":{"source_county":"Geauga","jurisdiction":"Russell Township","parcel_id":"26-214170","owner_name":"WADE PARK PROPERTIES LTD","property_address":" DINES RD","property_city":"NOVELTY","property_zip":"44072"}},{"type":"Feature","geometry":{"type":"Polygon","coordinates":[[[-81.3395986668957,41.4971736053832],[-81.339599435568,41.4971450619785],[-81.3396107113154,41.4967265400288],[-81.3396315826068,41.4959518591755],[-81.3397315670309,41.4959531312785],[-81.3397335457416,41.4959389017504],[-81.3397387709569,41.4959251445881],[-81.3397470848966,41.4959122751961],[-81.3397582365153,41.4959006821726],[-81.3397718890831,41.4958907155745],[-81.3397876303531,41.495882676348],[-81.3398049850096,41.4958768072413],[-81.3398234290206,41.4958732854748],[-81.3398424054607,41.4958722173899],[-81.3408284398898,41.4958814205772],[-81.3409009794399,41.4958845696962],[-81.3409728435928,41.4958926348566],[-81.3410434441712,41.4959055500485],[-81.3410144517314,41.4971866845208],[-81.3395986649173,41.4971736494876],[-81.3395986668957,41.4971736053832]]]},"properties":{"source_county":"Geauga","jurisdiction":"Russell Township","parcel_id":"26-214234","owner_name":"306 PROPERTY MANAGEMENT LLC","property_address":"13658 CHILLICOTHE RD","property_city":"NOVELTY","property_zip":"44072"}},{"type":"Feature","geometry":{"type":"Polygon","coordinates":[[[-81.3423977210546,41.4978450800557],[-81.3424123176509,41.4971995369391],[-81.3410144517314,41.4971866845208],[-81.3410434441712,41.4959055500485],[-81.3411199263781,41.4959255272383],[-81.3411933444554,41.4959511927794],[-81.3412629521605,41.4959822858008],[-81.3413280419774,41.4960184902654],[-81.3413879523081,41.4960594381812],[-81.3414420741967,41.4961047133418],[-81.3414898575195,41.4961538555567],[-81.3415308165766,41.4962063653282],[-81.3416955246789,41.4964442523137],[-81.3417529858337,41.4965202340471],[-81.3418177694926,41.4965928099107],[-81.3418895202996,41.4966615817801],[-81.3419678446761,41.496726172397],[-81.3420523129793,41.4967862274389],[-81.3421424618589,41.4968414174631],[-81.342237796799,41.4968914397139],[-81.3423428578974,41.4969466019398],[-81.3424421498504,41.497007505667],[-81.3425351187561,41.497073811153],[-81.3426212459803,41.4971451485215],[-81.3427000510494,41.4972211198249],[-81.3427710943308,41.4973013012649],[-81.3429913874811,41.4975712589785],[-81.3423977210546,41.4978450800557]]]},"properties":{"source_county":"Geauga","jurisdiction":"Russell Township","parcel_id":"26-214235","owner_name":"FANTOZZI JAMES","property_address":" HIDEAWAY TRL","property_city":"NOVELTY","property_zip":"44072"}},{"type":"Feature","geometry":{"type":"Polygon","coordinates":[[[-81.3423507653944,41.4999217677866],[-81.3423977210546,41.4978450800557],[-81.3429913874811,41.4975712589785],[-81.3432653041153,41.49790692695],[-81.3432279653366,41.4979241493637],[-81.3432756898488,41.4979826315118],[-81.3433130286482,41.497965409083],[-81.3433276510659,41.4979833288448],[-81.3433428949555,41.4980056703028],[-81.3433534434403,41.4980294944922],[-81.3433590512458,41.4980542474615],[-81.3433595879753,41.4980793536627],[-81.3433550411433,41.4981042293343],[-81.3433455164657,41.4981282960739],[-81.3433312354026,41.498150994288],[-81.343311706787,41.4981827523991],[-81.3432996146465,41.4982165382914],[-81.3432953083727,41.4982513757838],[-81.3432989124001,41.4982862583098],[-81.3433103226089,41.498320178],[-81.3433292093327,41.498352154803],[-81.3433550268812,41.4983812648024],[-81.3433870293071,41.4984066669123],[-81.3431442740056,41.4986116669221],[-81.3423507653944,41.4999217677866]]]},"properties":{"source_county":"Geauga","jurisdiction":"Russell Township","parcel_id":"26-214236","owner_name":"DI FRANCO JOHN P & KATERINA LYNN","property_address":"8370 HIDEAWAY TRL","property_city":"NOVELTY","property_zip":"44072"}},{"type":"Feature","geometry":{"type":"Polygon","coordinates":[[[-81.3431442740056,41.4986116669221],[-81.3433870293071,41.4984066669123],[-81.3434225542432,41.4984268074719],[-81.3434619493348,41.4984423560498],[-81.3435041741376,41.4984529019993],[-81.3435481134711,41.4984581667957],[-81.3435926068715,41.4984580113925],[-81.3436364792418,41.4984524398942],[-81.343678571887,41.4984415994473],[-81.3437177731169,41.4984257763542],[-81.3437530476072,41.4984053885118],[-81.3437834637437,41.4983809743738],[-81.343808218226,41.4983531787304],[-81.343826657284,41.4983227356779],[-81.3438382939427,41.4982904492311],[-81.3438428208835,41.4982571720881],[-81.3438319293093,41.4987305496056],[-81.3438160577296,41.499416563255],[-81.3437995844327,41.5001285959299],[-81.343704173175,41.5001279159809],[-81.3426844220421,41.5001206410467],[-81.3423463226836,41.5001182274131],[-81.3423507653944,41.4999217677866],[-81.3431442740056,41.4986116669221]]]},"properties":{"source_county":"Geauga","jurisdiction":"Russell Township","parcel_id":"26-214237","owner_name":"FANTOZZI JAMES","property_address":"8350 HIDEAWAY TRL","property_city":"NOVELTY","property_zip":"44072"}},{"type":"Feature","geometry":{"type":"Polygon","coordinates":[[[-81.3435488763219,41.4978083289847],[-81.3434534271808,41.4976913630859],[-81.3433756391975,41.497727243012],[-81.3429577868229,41.4972151915952],[-81.342927371676,41.4971791178667],[-81.3428765773964,41.4971232161179],[-81.3428221200735,41.4970692987565],[-81.3427641366167,41.4970175013257],[-81.3427034880364,41.4969674582768],[-81.3426395796767,41.4969197633991],[-81.3425725721763,41.4968745365724],[-81.3425032506538,41.4968313266087],[-81.3424311359521,41.496790782858],[-81.34235640931,41.4967530072124],[-81.3422743767286,41.4967099651343],[-81.3421968065648,41.4966624763075],[-81.342124124342,41.4966108012454],[-81.3420567287665,41.4965552234254],[-81.3419949895406,41.4964960477343],[-81.3419392453344,41.4964335987947],[-81.3418898019281,41.4963682191844],[-81.3417250921622,41.4961303297563],[-81.3416790227044,41.4960707970353],[-81.3416260483893,41.496014604726],[-81.3415665947855,41.4959622042309],[-81.3415011395073,41.495914016491],[-81.3414302083782,41.4958704286047],[-81.3413543712058,41.4958317907185],[-81.3412742372057,41.4957984132145],[-81.3411904501069,41.4957705642169],[-81.3411036829812,41.495748467439],[-81.3410146328371,41.4957323003856],[-81.3409240150207,41.4957221929276],[-81.34083255747,41.4957182262591],[-81.3413085340825,41.4957225549799],[-81.3420497573904,41.4957292922004],[-81.342871720998,41.4957367590068],[-81.3438235179331,41.495745397098],[-81.3438989638222,41.4957460815368],[-81.3438985293409,41.4957655603117],[-81.3438832518413,41.4964515868017],[-81.3438757255235,41.496789575454],[-81.3440863921189,41.4971622932277],[-81.3443183056379,41.4975725954471],[-81.3443852563604,41.4979811773016],[-81.3438467443526,41.4980901686308],[-81.3438428518674,41.4982558225563],[-81.3438399901584,41.4982231235761],[-81.3438302622625,41.498191180429],[-81.3438139147547,41.4981608027525],[-81.3437913619905,41.4981327605041],[-81.3437631756028,41.4981077644465],[-81.3437300700126,41.4980864481323],[-81.3436928843209,41.4980693518465],[-81.3436669840572,41.498057729164],[-81.3436434532106,41.4980435416133],[-81.3436227379983,41.498027058235],[-81.3436052312433,41.4980085916054],[-81.3434710870703,41.4978442080612],[-81.3435488763219,41.4978083289847]]]},"properties":{"source_county":"Geauga","jurisdiction":"Russell Township","parcel_id":"26-214238","owner_name":"FANTOZZI ANTHONY NELLO","property_address":"8415 HIDEAWAY TRL","property_city":"NOVELTY","property_zip":"44072"}},{"type":"Feature","geometry":{"type":"Polygon","coordinates":[[[-81.3413109297668,41.4785512343961],[-81.3419107633117,41.4785493810765],[-81.3419070411368,41.4794838625971],[-81.341258935778,41.4794867131787],[-81.3412600584983,41.4785513915615],[-81.3413109297668,41.4785512343961]]]},"properties":{"source_county":"Geauga","jurisdiction":"Russell Township","parcel_id":"26-214283","owner_name":"TAYLOR PAUL C JR","property_address":" DINES RD","property_city":"NOVELTY","property_zip":"44072"}},{"type":"Feature","geometry":{"type":"Polygon","coordinates":[[[-81.3320813856229,41.497692399906],[-81.332462347784,41.4976954190913],[-81.3324393871097,41.4988266653091],[-81.3320536937872,41.4988236083858],[-81.3320813856229,41.497692399906]]]},"properties":{"source_county":"Geauga","jurisdiction":"Russell Township","parcel_id":"26-214287","owner_name":"HEDERSTROM MARK & CHERYL","property_address":" BEECHWOOD DR","property_city":"NOVELTY","property_zip":"44072"}},{"type":"Feature","geometry":{"type":"Polygon","coordinates":[[[-81.3313216661742,41.4976863754923],[-81.331695698989,41.4976893417913],[-81.3316680005006,41.4988205501802],[-81.331282307266,41.4988174897919],[-81.3313100123751,41.4976862832948],[-81.3313216661742,41.4976863754923]]]},"properties":{"source_county":"Geauga","jurisdiction":"Russell Township","parcel_id":"26-214288","owner_name":"HEDERSTROM MARK & CHERYL","property_address":" BEECHWOOD DR","property_city":"NOVELTY","property_zip":"44072"}},{"type":"Feature","geometry":{"type":"Polygon","coordinates":[[[-81.3349962943267,41.4885825307056],[-81.3349961707161,41.4885742538876],[-81.3349848562491,41.4878151401208],[-81.3356737457515,41.487811149239],[-81.3368487373378,41.4878043319433],[-81.3368590600862,41.4885578486808],[-81.3368717624435,41.4894849699041],[-81.3370765972808,41.4901537268983],[-81.3370612686202,41.4907311818143],[-81.3366132383223,41.4907342556506],[-81.3362529479317,41.4907367250067],[-81.3359590637262,41.490738739497],[-81.3359451658676,41.4898055334453],[-81.3363551471985,41.4894389197852],[-81.3363425029792,41.4885901891365],[-81.3356824876309,41.4885864360903],[-81.3349962943267,41.4885825307056]]]},"properties":{"source_county":"Geauga","jurisdiction":"Russell Township","parcel_id":"26-214319","owner_name":"CLEVELAND MUSEUM OF NATURAL HISTORY THE","property_address":" FAIRMOUNT RD","property_city":"NOVELTY","property_zip":"44072"}},{"type":"Feature","geometry":{"type":"Polygon","coordinates":[[[-81.3324322318741,41.4885596216577],[-81.3349961707161,41.4885742538876],[-81.3349962943267,41.4885825307056],[-81.3350283940347,41.4907359529804],[-81.3332764099749,41.4907259780866],[-81.3331778796774,41.4897610103531],[-81.3324322318741,41.4885596216577]]]},"properties":{"source_county":"Geauga","jurisdiction":"Russell Township","parcel_id":"26-214320","owner_name":"PINE CREEK STABLES LLC","property_address":"8635 FAIRMOUNT RD","property_city":"NOVELTY","property_zip":"44072"}},{"type":"Feature","geometry":{"type":"Polygon","coordinates":[[[-81.331959213115,41.4774123323423],[-81.3325370844226,41.4774085242969],[-81.3325574071658,41.4785691471376],[-81.3325479899634,41.4785691883076],[-81.3321711220664,41.4785708443782],[-81.3320247406508,41.4785711045065],[-81.3320246995556,41.4785703863933],[-81.331959213115,41.4774123323423]]]},"properties":{"source_county":"Geauga","jurisdiction":"Russell Township","parcel_id":"26-601200","owner_name":"CLEVELAND ELECTRIC ILLUMINATING COMPANY THE","property_address":" PEKIN RD","property_city":"NOVELTY","property_zip":"44072"}},{"type":"Feature","geometry":{"type":"Polygon","coordinates":[[[-81.3318358622844,41.4760657097802],[-81.3325135098484,41.4760621389306],[-81.3325370844226,41.4774085242969],[-81.331959213115,41.4774123323423],[-81.3320246995556,41.4785703863933],[-81.3320247406508,41.4785711045065],[-81.331779899868,41.4785715396672],[-81.3317799128309,41.4785709463676],[-81.3318358622844,41.4760657097802]]]},"properties":{"source_county":"Geauga","jurisdiction":"Russell Township","parcel_id":"26-601300","owner_name":"CLEVELAND ELECTRIC ILLUMINATING COMPANY THE","property_address":" PEKIN RD","property_city":"NOVELTY","property_zip":"44072"}},{"type":"Feature","geometry":{"type":"Polygon","coordinates":[[[-81.3314427206837,41.4845868329626],[-81.3328024475258,41.4845776257757],[-81.3325111542391,41.48713193011],[-81.3324760963644,41.4874393361315],[-81.3314911283748,41.4874449467181],[-81.3314427325814,41.4845875093576],[-81.3314427206837,41.4845868329626]]]},"properties":{"source_county":"Geauga","jurisdiction":"Russell Township","parcel_id":"26-601500","owner_name":"CLEVELAND ELECTRIC ILLUMINATING COMPANY THE","property_address":" CENTURY LN","property_city":"NOVELTY","property_zip":"44072"}},{"type":"Feature","geometry":{"type":"Polygon","coordinates":[[[-81.3308633155812,41.4916157206604],[-81.3309656337285,41.4907127827166],[-81.3320944075708,41.4907192338861],[-81.3321767939403,41.491680403653],[-81.3320766337194,41.4916398417043],[-81.331972577395,41.4916052662769],[-81.3318652566958,41.4915768872772],[-81.3317553231652,41.4915548769932],[-81.331643444207,41.4915393690485],[-81.3315302990337,41.4915304575911],[-81.331416574544,41.4915281967219],[-81.3313029611529,41.4915326001668],[-81.3311901486009,41.4915436411925],[-81.3310788217677,41.4915612527695],[-81.3309696565144,41.4915853279788],[-81.3308633155812,41.4916157206604]]]},"properties":{"source_county":"Geauga","jurisdiction":"Russell Township","parcel_id":"26-601600","owner_name":"CLEVELAND ELECTRIC ILLUMINATING COMPANY THE","property_address":"8700 FAIRMOUNT RD","property_city":"NOVELTY","property_zip":"44072"}},{"type":"Feature","geometry":{"type":"Polygon","coordinates":[[[-81.3299281694305,41.4988617254374],[-81.331153338453,41.49887135922],[-81.3311240238984,41.500031655797],[-81.330887035887,41.5000298142081],[-81.330675388284,41.5000281294177],[-81.3304489893939,41.500026327036],[-81.3300109417498,41.5000228381978],[-81.3297946625029,41.5000210717677],[-81.3299092237326,41.4990262449301],[-81.3299281694305,41.4988617254374]]]},"properties":{"source_county":"Geauga","jurisdiction":"Russell Township","parcel_id":"26-601700","owner_name":"CLEVELAND ELECTRIC ILLUMINATING COMPANY THE","property_address":" BEECHWOOD DR","property_city":"NOVELTY","property_zip":"44072"}},{"type":"Feature","geometry":{"type":"Polygon","coordinates":[[[-81.3300665950036,41.4976764371777],[-81.3313100123751,41.4976862832948],[-81.331282307266,41.4988174897919],[-81.3312809636481,41.4988723713718],[-81.331153338453,41.49887135922],[-81.3299281694305,41.4988617254374],[-81.3300665950036,41.4976764371777]]]},"properties":{"source_county":"Geauga","jurisdiction":"Russell Township","parcel_id":"26-601800","owner_name":"CLEVELAND ELECTRIC ILLUMINATING COMPANY THE","property_address":" BEECHWOOD DR","property_city":"NOVELTY","property_zip":"44072"}},{"type":"Feature","geometry":{"type":"Polygon","coordinates":[[[-81.3421225050431,41.4906916466334],[-81.3438348404672,41.4906765694827],[-81.3437954713028,41.4925108420722],[-81.3427908047796,41.4925077010334],[-81.3421128271813,41.4925055761468],[-81.3421225050431,41.4906916466334]]]},"properties":{"source_county":"Geauga","jurisdiction":"Russell Township","parcel_id":"26-701600","owner_name":"TRUSTEES OF RUSSELL TWP","property_address":" FAIRMOUNT RD","property_city":"NOVELTY","property_zip":"44072"}},{"type":"Feature","geometry":{"type":"Polygon","coordinates":[[[-81.3397274713309,41.4895177600356],[-81.3397304405636,41.4892811156881],[-81.3397245770833,41.4883200013265],[-81.3410402677608,41.4883390397618],[-81.3409136314624,41.4885354892378],[-81.3416700118685,41.4890231763449],[-81.3417972474035,41.4895936384258],[-81.3397219708461,41.4899561398945],[-81.3397274713309,41.4895177600356]]]},"properties":{"source_county":"Geauga","jurisdiction":"Russell Township","parcel_id":"26-701700","owner_name":"TRUSTEES OF RUSSELL TOWNSHIP","property_address":"13910 CHILLICOTHE RD","property_city":"NOVELTY","property_zip":"44072"}},{"type":"Feature","geometry":{"type":"Polygon","coordinates":[[[-81.3397219140352,41.4878835530966],[-81.3397213407822,41.4877895858479],[-81.3397241920258,41.4870445309172],[-81.3407348715147,41.4871896886873],[-81.3410133279443,41.4871459330163],[-81.3416698556294,41.4877844752803],[-81.3415039081217,41.4879094682474],[-81.3397219140352,41.4878835530966]]]},"properties":{"source_county":"Geauga","jurisdiction":"Russell Township","parcel_id":"26-701800","owner_name":"RIVERVIEW BIBLE BAPTIST CHURCH","property_address":"13968 CHILLICOTHE RD","property_city":"NOVELTY","property_zip":"44072"}},{"type":"Feature","geometry":{"type":"Polygon","coordinates":[[[-81.3417608018962,41.4899729797276],[-81.3426958889803,41.489964632576],[-81.342626473589,41.4906872114707],[-81.3416912070125,41.4906954402073],[-81.3417608018962,41.4899729797276]]]},"properties":{"source_county":"Geauga","jurisdiction":"Russell Township","parcel_id":"26-701900","owner_name":"TRUSTEES OF RUSSELL TWP","property_address":" FAIRMOUNT RD","property_city":"NOVELTY","property_zip":"44072"}},{"type":"Feature","geometry":{"type":"Polygon","coordinates":[[[-81.324504062869,41.4976295649717],[-81.3245202306876,41.496723553202],[-81.325733159863,41.4969002393475],[-81.3258334883814,41.496912952224],[-81.325934605097,41.4969214299225],[-81.3260361939641,41.4969256459455],[-81.3261379374608,41.4969255871156],[-81.3262471632026,41.4969213738292],[-81.3263558423838,41.4969121505295],[-81.326463568822,41.496897951688],[-81.3265912846809,41.4968752551736],[-81.3267164867162,41.496845683256],[-81.3268385210222,41.4968093903844],[-81.3269571685911,41.4967672260304],[-81.3270714559255,41.4967187295422],[-81.3271807861437,41.4966641542037],[-81.3272851802901,41.4966043644332],[-81.3273835583069,41.4965390624549],[-81.327475406411,41.4964685893232],[-81.3275472483547,41.4964065904864],[-81.3276139169245,41.4963414069928],[-81.3276751629631,41.496273282465],[-81.3283756725671,41.4954484297303],[-81.3286123548889,41.49516972909],[-81.3286945001009,41.4951137993646],[-81.3287818559986,41.4950625268399],[-81.3288739565387,41.4950161850482],[-81.3289703103688,41.4949750212162],[-81.329070403449,41.4949392549466],[-81.3291737017939,41.4949090770467],[-81.329279654321,41.4948846485105],[-81.3293876957903,41.4948660996597],[-81.3294972498193,41.4948535294492],[-81.3296077319575,41.4948470049386],[-81.329718552804,41.4948465609351],[-81.3298291211512,41.4948521998072],[-81.3299477043298,41.4948651053917],[-81.3300645633334,41.4948850058284],[-81.3301789694299,41.4949117770184],[-81.330290209181,41.4949452520169],[-81.3303975888909,41.4949852220737],[-81.3305193731444,41.4950351488648],[-81.3315790241901,41.4954694951244],[-81.3315608381812,41.4956261514178],[-81.3313216661742,41.4976863754923],[-81.3313100123751,41.4976862832948],[-81.3300665950036,41.4976764371777],[-81.3282277306541,41.4976609713266],[-81.3257930251185,41.4976404504554],[-81.324504062869,41.4976295649717]]]},"properties":{"source_county":"Geauga","jurisdiction":"Russell Township","parcel_id":"26-702100","owner_name":"BOARD OF RUSSELL TOWNSHIP TRUSTEES","property_address":" FAIRMOUNT RD","property_city":"NOVELTY","property_zip":"44072"}},{"type":"Feature","geometry":{"type":"Polygon","coordinates":[[[-81.3283742870351,41.4950093144522],[-81.3283716069983,41.4941595736741],[-81.3284844131956,41.494077009131],[-81.3285197328632,41.4940571309977],[-81.3285520795899,41.494034573121],[-81.3285807497002,41.494034862667],[-81.3286286611703,41.4940281605512],[-81.3287337833033,41.4940292220999],[-81.3287818231209,41.4940153334471],[-81.3288201786546,41.4940085347622],[-81.3288489770983,41.4940016386685],[-81.3288779026627,41.4939875578824],[-81.3289261990573,41.4939592998234],[-81.3289454403771,41.4939523072155],[-81.3289649395358,41.4939309443695],[-81.3289653244958,41.4939093894489],[-81.3289844374683,41.4939095824082],[-81.3290612755007,41.493888798405],[-81.3290709597044,41.4938817092972],[-81.3290710880074,41.4938745246236],[-81.3291098283731,41.4938461691206],[-81.3291293262493,41.4938248062341],[-81.3291484391974,41.4938249991664],[-81.3291581245636,41.4938179109637],[-81.3291777507228,41.4937893624946],[-81.3291969919498,41.493782370745],[-81.329206804411,41.4937680969517],[-81.3292170029578,41.4937322673466],[-81.3292269449063,41.493710807989],[-81.3292853099662,41.4936539048323],[-81.3293151344758,41.4935895276254],[-81.3293253329356,41.4935536980089],[-81.3293273854847,41.4934387342097],[-81.329337069577,41.4934316459791],[-81.3293759378348,41.4933961057084],[-81.3293861350338,41.4933602760723],[-81.3293940116562,41.4933425393901],[-81.3294049286343,41.4933257379315],[-81.3294186955097,41.4933101648123],[-81.3294350721058,41.493296091719],[-81.3294451421936,41.493267446764],[-81.3295224911715,41.4932179219366],[-81.3295228759602,41.4931963661092],[-81.3295616157139,41.4931680113498],[-81.3295907984604,41.4931395601426],[-81.3295915679918,41.4930964484861],[-81.3296113219886,41.4930607152615],[-81.3296211342516,41.49304644143],[-81.3296501886803,41.4930251748829],[-81.3296888000442,41.4930040047557],[-81.3301188402505,41.493008342941],[-81.3301285253912,41.4930012546555],[-81.330138081148,41.4930013510337],[-81.330167007208,41.4929872690336],[-81.3302057465596,41.4929589140573],[-81.3302156868698,41.4929374545977],[-81.3302252438148,41.4929375509809],[-81.3302642382712,41.4928948257181],[-81.3302932924242,41.492873559009],[-81.3303031045108,41.492859285119],[-81.3303126614446,41.4928593814949],[-81.3303322868143,41.4928308328222],[-81.3303612127413,41.4928167516734],[-81.3303810943917,41.4927738336372],[-81.3303911639861,41.4927451885956],[-81.3304107892714,41.492716640809],[-81.3304115582587,41.4926735291415],[-81.3304311835136,41.4926449813509],[-81.3304510650822,41.4926020624001],[-81.3304705633328,41.4925807001926],[-81.330480375337,41.4925664262862],[-81.3305191143205,41.4925380703013],[-81.3305290544643,41.4925166108122],[-81.330616214893,41.4924528113444],[-81.3306164711707,41.4924384410872],[-81.3306260280437,41.4924385374373],[-81.330645653151,41.492409988708],[-81.3306555944154,41.4923885301196],[-81.3306563632379,41.4923454184462],[-81.3306663033077,41.492323958944],[-81.330666687699,41.4923024040073],[-81.3306765008324,41.4922881291949],[-81.3306861858064,41.4922810408612],[-81.3307151102174,41.4922669596097],[-81.3307597961468,41.4922513324874],[-81.3308017588582,41.4922319005267],[-81.3308113145039,41.4922319968495],[-81.330849796921,41.4922180110099],[-81.3308691656274,41.4922038334001],[-81.3308980911626,41.4921897521147],[-81.3309077749007,41.4921826637502],[-81.3309365723229,41.4921757671344],[-81.3309571520195,41.4921664720647],[-81.3309755913282,41.4921549130189],[-81.3309914536116,41.4921413637125],[-81.3310043632562,41.49212614499],[-81.3310721540868,41.4920765228052],[-81.3310819670981,41.4920622479575],[-81.3311013357083,41.4920480703081],[-81.331130133035,41.4920411745444],[-81.3312070962795,41.4920132035276],[-81.3312360204605,41.491999122145],[-81.3312551340802,41.4919993147424],[-81.3313031718606,41.4919854259372],[-81.331723649882,41.491989661892],[-81.3317428903255,41.491982668816],[-81.331972241755,41.4919849786542],[-81.3319721137576,41.4919921642354],[-81.3319912261799,41.4919923566995],[-81.3320006549955,41.4919996385177],[-81.3322043332643,41.4920016893663],[-81.3322307553308,41.4923099344945],[-81.3336120599594,41.492317824994],[-81.3336794887161,41.4930093265469],[-81.3329612756778,41.4931246700237],[-81.3322710444158,41.4934888162603],[-81.3311896416082,41.4935464719766],[-81.3308375965117,41.4939908051528],[-81.3300484047915,41.4938904872924],[-81.3298291211512,41.4948521998072],[-81.329718552804,41.4948465609351],[-81.3296077319575,41.4948470049386],[-81.3294972498193,41.4948535294492],[-81.3293876957903,41.4948660996597],[-81.329279654321,41.4948846485105],[-81.3291737017939,41.4949090770467],[-81.329070403449,41.4949392549466],[-81.3289703103688,41.4949750212162],[-81.3288739565387,41.4950161850482],[-81.3287818559986,41.4950625268399],[-81.3286945001009,41.4951137993646],[-81.3286123548889,41.49516972909],[-81.3283756725671,41.4954484297303],[-81.3283742870351,41.4950093144522]]]},"properties":{"source_county":"Geauga","jurisdiction":"Russell Township","parcel_id":"26-702300","owner_name":"BOARD OF RUSSELL TOWNSHIP TRUSTEES","property_address":" FAIRMOUNT RD","property_city":"NOVELTY","property_zip":"44072"}},{"type":"Feature","geometry":{"type":"Polygon","coordinates":[[[-81.341258935778,41.4794867131787],[-81.3419070411368,41.4794838625971],[-81.3419058986809,41.4797709835431],[-81.3396810819608,41.4797814125522],[-81.33967884484,41.4794936480784],[-81.3406108291656,41.4794895601264],[-81.341258935778,41.4794867131787]]]},"properties":{"source_county":"Geauga","jurisdiction":"Russell Township","parcel_id":"26-703400","owner_name":"FAITH BAPTIST CHURCH","property_address":"14254 CHILLICOTHE RD","property_city":"NOVELTY","property_zip":"44072"}},{"type":"Feature","geometry":{"type":"Polygon","coordinates":[[[-81.3396810819768,41.4797814116519],[-81.3419058986809,41.4797709835431],[-81.3419047550336,41.4800581035521],[-81.3396833191012,41.4800691770012],[-81.3396810819768,41.4797814116519]]]},"properties":{"source_county":"Geauga","jurisdiction":"Russell Township","parcel_id":"26-703500","owner_name":"FAITH BAPTIST CHURCH","property_address":" CHILLICOTHE RD","property_city":"NOVELTY","property_zip":"44072"}},{"type":"Feature","geometry":{"type":"Polygon","coordinates":[[[-81.3428034888465,41.4873503246339],[-81.3420177437372,41.4870575828282],[-81.3417123414323,41.4871486216644],[-81.3417168969154,41.4875394956327],[-81.3416698556294,41.4877844752803],[-81.3410133279443,41.4871459330163],[-81.3410105464673,41.4868995335879],[-81.3397247159492,41.4869077082254],[-81.3397269743679,41.4863173770292],[-81.3397260585643,41.4859227597412],[-81.3397225298027,41.4845360264937],[-81.341263643009,41.4845057835868],[-81.3417826609958,41.4844951273909],[-81.3423638467031,41.4844831920838],[-81.3430299288533,41.484469510092],[-81.3436958286392,41.4844558278625],[-81.3443672016057,41.4844420288573],[-81.3450290481473,41.4844284228589],[-81.345973284299,41.4844222690521],[-81.3464857571227,41.4864375689798],[-81.346165682467,41.4866271382913],[-81.3459729806287,41.4867412680583],[-81.3437881206992,41.4880352265231],[-81.3433838108386,41.4879517219266],[-81.3430350662665,41.4877523476438],[-81.3428034888465,41.4873503246339]]]},"properties":{"source_county":"Geauga","jurisdiction":"Russell Township","parcel_id":"26-705800","owner_name":"GEAUGA COUNTY BOARD OF COMMISSIONERS THE","property_address":"14070 CHILLICOTHE RD","property_city":"NOVELTY","property_zip":"44072"}},{"type":"Feature","geometry":{"type":"Polygon","coordinates":[[[-81.3411553762188,41.4940364204874],[-81.3418555567745,41.4940301511578],[-81.3418410056299,41.4946851244166],[-81.3416593467589,41.4946652570566],[-81.3414765759655,41.4946523868497],[-81.3412931697023,41.4946465473461],[-81.3411418647241,41.4946446431852],[-81.3411553762188,41.4940364204874]]]},"properties":{"source_county":"Geauga","jurisdiction":"Russell Township","parcel_id":"26-706500","owner_name":"GEAUGA COUNTY BOARD OF COMMISSIONERS","property_address":"8405 BELLE VERNON DR","property_city":"NOVELTY","property_zip":"44072"}},{"type":"Feature","geometry":{"type":"Polygon","coordinates":[[[-81.3452763222493,41.4834641430972],[-81.3459687336048,41.4834622895883],[-81.3459715932387,41.4840654894651],[-81.3450245424659,41.4838795362845],[-81.3450218145837,41.4835472442954],[-81.3450211381552,41.483464825785],[-81.3452763222493,41.4834641430972]]]},"properties":{"source_county":"Geauga","jurisdiction":"Russell Township","parcel_id":"26-706600","owner_name":"RUSSELL TOWNSHIP PARK DISTRICT BOARD OF COMMISSIONERS","property_address":" W RIVER DR","property_city":"NOVELTY","property_zip":"44072"}},{"type":"Feature","geometry":{"type":"Polygon","coordinates":[[[-81.3452681649422,41.482470934051],[-81.3459640475093,41.4824740814839],[-81.3459687336048,41.4834622895883],[-81.3452763222493,41.4834641430972],[-81.345275646684,41.4833818614737],[-81.3452681649422,41.482470934051]]]},"properties":{"source_county":"Geauga","jurisdiction":"Russell Township","parcel_id":"26-706700","owner_name":"RUSSELL TOWNSHIP PARK DISTRICT BOARD OF COMMISSIONERS","property_address":" W RIVER DR","property_city":"NOVELTY","property_zip":"44072"}},{"type":"Feature","geometry":{"type":"Polygon","coordinates":[[[-81.3414848596469,41.4906972550556],[-81.3421225050431,41.4906916466334],[-81.3421128271813,41.4925055761468],[-81.3418893673266,41.4925073533138],[-81.341475167671,41.4925106460512],[-81.3414804439285,41.4915235757778],[-81.3414848596469,41.4906972550556]]]},"properties":{"source_county":"Geauga","jurisdiction":"Russell Township","parcel_id":"26-707001","owner_name":"FAIRMOUNT CENTER FOR THE CREATIVE AND PERFORMING ARTS INC","property_address":"8400 FAIRMOUNT RD","property_city":"NOVELTY","property_zip":"44072"}},{"type":"Feature","geometry":{"type":"Polygon","coordinates":[[[-81.3475389151407,41.4824811875834],[-81.3475549273209,41.4815699976688],[-81.3463670185703,41.481562646989],[-81.3474002223338,41.4813905676763],[-81.3471290500847,41.4811406755463],[-81.3483260371976,41.4805071943314],[-81.3481225055508,41.4805081679486],[-81.348115151177,41.4795627344713],[-81.3493715116239,41.4795261406197],[-81.3493445405231,41.4793190816329],[-81.3492428438805,41.479082712811],[-81.349603912947,41.4785278555124],[-81.3496048407951,41.4785264302224],[-81.3513846803897,41.4785219891412],[-81.351384697362,41.4785225242054],[-81.351446471072,41.4805362753656],[-81.3519255270808,41.4805353575313],[-81.351912283825,41.4825008109206],[-81.351730606334,41.4824999991687],[-81.3516211146676,41.4824995093378],[-81.3515116229872,41.4824990203039],[-81.3508181765821,41.4824959167953],[-81.3501247290298,41.4824928100289],[-81.3494312815431,41.4824896991163],[-81.3487378353195,41.4824865840694],[-81.3480443879804,41.4824834639641],[-81.3475389151407,41.4824811875834]]]},"properties":{"source_county":"Geauga","jurisdiction":"Russell Township","parcel_id":"26-707006","owner_name":"RUSSELL TOWNSHIP PARK COMMISSION","property_address":" DINES RD","property_city":"NOVELTY","property_zip":"44072"}},{"type":"Feature","geometry":{"type":"Polygon","coordinates":[[[-81.3459640475093,41.4824740814839],[-81.346657494666,41.4824772131275],[-81.3466621664646,41.4834604276966],[-81.3459687336048,41.4834622895883],[-81.3459640475093,41.4824740814839]]]},"properties":{"source_county":"Geauga","jurisdiction":"Russell Township","parcel_id":"26-707007","owner_name":"RUSSELL TOWNSHIP PARK COMMISSION","property_address":"8273 W RIVER DR","property_city":"NOVELTY","property_zip":"44072"}},{"type":"Feature","geometry":{"type":"Polygon","coordinates":[[[-81.346657494666,41.4824772131275],[-81.3473509418888,41.4824803406248],[-81.3473556004665,41.4834585625713],[-81.3466621664646,41.4834604276966],[-81.346657494666,41.4824772131275]]]},"properties":{"source_county":"Geauga","jurisdiction":"Russell Township","parcel_id":"26-707008","owner_name":"RUSSELL TOWNSHIP PARK COMMISSION","property_address":" W RIVER DR","property_city":"NOVELTY","property_zip":"44072"}},{"type":"Feature","geometry":{"type":"Polygon","coordinates":[[[-81.3372354633142,41.4907299809196],[-81.3397124990529,41.4907110009869],[-81.3397089376383,41.4907918623842],[-81.3386171394545,41.4908003265655],[-81.3384339858148,41.490882888859],[-81.3380694039777,41.4909287302417],[-81.3375219966986,41.4909412172646],[-81.3372339553651,41.490811034852],[-81.3372354633142,41.4907299809196]]]},"properties":{"source_county":"Geauga","jurisdiction":"Russell Township","parcel_id":"26-707012","owner_name":"GEAUGA COUNTY BOARD OF COMMISSIONERS","property_address":" FAIRMOUNT RD","property_city":"NOVELTY","property_zip":"44072"}},{"type":"Feature","geometry":{"type":"Polygon","coordinates":[[[-81.3397219505364,41.4899577614864],[-81.3397219708461,41.4899561398945],[-81.3417972474035,41.4895936384258],[-81.3417608018962,41.4899729797276],[-81.3416912070125,41.4906954402073],[-81.3397124990529,41.4907110009869],[-81.3397219505364,41.4899577614864]]]},"properties":{"source_county":"Geauga","jurisdiction":"Russell Township","parcel_id":"26-707013","owner_name":"BRIAR HILL CEMETERY ASSOCIATION TRUSTEES","property_address":" FAIRMOUNT RD","property_city":"NOVELTY","property_zip":"44072"}},{"type":"Feature","geometry":{"type":"Polygon","coordinates":[[[-81.3407179585013,41.490703994976],[-81.3414848596469,41.4906972550556],[-81.3414804439285,41.4915235757778],[-81.3407112579303,41.4915295509181],[-81.3407179585013,41.490703994976]]]},"properties":{"source_county":"Geauga","jurisdiction":"Russell Township","parcel_id":"26-707032","owner_name":"FAIRMOUNT CENTER FOR CREATIVE AND PERFORMING ARTS INC THE","property_address":" FAIRMOUNT RD","property_city":"NOVELTY","property_zip":"44072"}},{"type":"Feature","geometry":{"type":"Polygon","coordinates":[[[-81.3459687336048,41.4834622895883],[-81.3466621664646,41.4834604276966],[-81.3466667154308,41.4844177460456],[-81.345973284299,41.4844222690521],[-81.3459715932387,41.4840654894651],[-81.3459687336048,41.4834622895883]]]},"properties":{"source_county":"Geauga","jurisdiction":"Russell Township","parcel_id":"26-708600","owner_name":"RUSSELL TOWNSHIP PARK DISTRICT BOARD OF COMMISSIONERS","property_address":" W RIVER DR","property_city":"NOVELTY","property_zip":"44072"}}]}