{"type":"FeatureCollection","features":[{"type":"Feature","geometry":{"type":"Polygon","coordinates":[[[-81.2552322649232,41.4998785891471],[-81.2569283015315,41.499864692057],[-81.2569245943855,41.4998921681929],[-81.2564508863522,41.503402238866],[-81.2559096988925,41.5034051208289],[-81.2555341119538,41.5033605228107],[-81.2543189264276,41.5031872078164],[-81.2543710834849,41.5028008503545],[-81.2547613286217,41.4999099080268],[-81.2547650367094,41.4998824301595],[-81.2549943099925,41.4998805380421],[-81.2552322649232,41.4998785891471]]]},"properties":{"source_county":"Geauga","jurisdiction":"Munson Township","parcel_id":"21-001995","owner_name":"STEIN KEVIN MICHAEL & SELSER STEIN KRISTEN","property_address":"10780 CEDAR RD","property_city":"CHESTERLAND","property_zip":"44026"}},{"type":"Feature","geometry":{"type":"Polygon","coordinates":[[[-81.2569283015315,41.499864692057],[-81.2570526808025,41.4998636682082],[-81.2570527449726,41.4998911163184],[-81.2570578101278,41.502075610074],[-81.2570608787255,41.5033989866708],[-81.2564508863522,41.503402238866],[-81.2569245943855,41.4998921681929],[-81.2569283015315,41.499864692057]]]},"properties":{"source_county":"Geauga","jurisdiction":"Munson Township","parcel_id":"21-001996","owner_name":"STEIN KEVIN MICHAEL & SELSER STEIN KRISTEN","property_address":" CEDAR RD","property_city":"CHESTERLAND","property_zip":"44026"}},{"type":"Feature","geometry":{"type":"Polygon","coordinates":[[[-81.2719724225247,41.5224872325253],[-81.2728609478426,41.5224675539969],[-81.2728981361029,41.5248593972375],[-81.2729108478778,41.5256770114568],[-81.2729183116358,41.5261570207396],[-81.2729375497771,41.5273942231168],[-81.2720489551417,41.5274137824081],[-81.272021954342,41.5256757773803],[-81.2719724225247,41.5224872325253]]]},"properties":{"source_county":"Geauga","jurisdiction":"Munson Township","parcel_id":"21-003300","owner_name":"LEISURE TODD C & PATRINA S","property_address":"10320 MAYFIELD RD","property_city":"CHESTERLAND","property_zip":"44026"}},{"type":"Feature","geometry":{"type":"Polygon","coordinates":[[[-81.2625689667662,41.5126307968741],[-81.2653403882913,41.5125166753687],[-81.2648695730778,41.5129483579057],[-81.2642168208493,41.51297524005],[-81.2629175927035,41.5130287342764],[-81.2628947985108,41.5129215134625],[-81.2626579060572,41.5127101511707],[-81.2625689667662,41.5126307968741]]]},"properties":{"source_county":"Geauga","jurisdiction":"Munson Township","parcel_id":"21-014440","owner_name":"FOGARTY PHILIP L & SALLY L CO TRUSTEES","property_address":"10575 BUTTERNUT RD","property_city":"CHESTERLAND","property_zip":"44026"}},{"type":"Feature","geometry":{"type":"Polygon","coordinates":[[[-81.2561837959193,41.5234771586832],[-81.2562610849747,41.5234760455978],[-81.2562755996115,41.5241765970065],[-81.2561823979618,41.5241850362119],[-81.2554369638941,41.5242525337817],[-81.2554402633722,41.5244105644897],[-81.2554700732382,41.5258378881224],[-81.2554714780147,41.5259051344402],[-81.2552168253212,41.5259220205942],[-81.2551296719671,41.5258397058268],[-81.2542334703625,41.5249932493214],[-81.2542912805976,41.5249601437615],[-81.2543472661316,41.5249253121424],[-81.2544013357723,41.5248888112014],[-81.2544534014485,41.5248507003952],[-81.254503378354,41.5248110418023],[-81.2545511850853,41.5247699000227],[-81.2545967437743,41.524727342072],[-81.2546399802152,41.5246834372724],[-81.2546808239854,41.52463825714],[-81.2547192085601,41.5245918752681],[-81.2547550714204,41.5245443672072],[-81.2547883541557,41.5244958103423],[-81.2548190025582,41.5244462837664],[-81.2548469667118,41.5243958681519],[-81.2548722010727,41.5243446456192],[-81.2548946645439,41.524292699603],[-81.25493094872,41.5241953162429],[-81.2549617529267,41.5240968726218],[-81.25498702272,41.5239975428099],[-81.2550067134429,41.5238975024433],[-81.2550207903036,41.5237969284141],[-81.2550292284375,41.523695998557],[-81.2550320129502,41.5235948913352],[-81.2550291389445,41.5234937855246],[-81.2561837959193,41.5234771586832]]]},"properties":{"source_county":"Geauga","jurisdiction":"Munson Township","parcel_id":"21-015160","owner_name":"TRIVISONNO ANTHONY N & JAIME M","property_address":"12680 MILL VIEW LN","property_city":"CHARDON","property_zip":"44024"}},{"type":"Feature","geometry":{"type":"Polygon","coordinates":[[[-81.2565349793467,41.5072464496058],[-81.2575479926498,41.5066048741396],[-81.2582419633362,41.5072240254136],[-81.2582537261233,41.5072345188149],[-81.2572406044986,41.5078761676266],[-81.2571092032573,41.5077589029763],[-81.2565349793467,41.5072464496058]]]},"properties":{"source_county":"Geauga","jurisdiction":"Munson Township","parcel_id":"21-015200","owner_name":"LEMASTER JARED Q & ELIZABETH","property_address":"10705 BUTTERNUT RD","property_city":"CHESTERLAND","property_zip":"44026"}},{"type":"Feature","geometry":{"type":"Polygon","coordinates":[[[-81.2612815801495,41.5022028155687],[-81.2613025064323,41.5022026427962],[-81.2613026259829,41.50225204306],[-81.2613033352403,41.5025457007034],[-81.2612845833191,41.5025458552717],[-81.259441887309,41.5025610625891],[-81.2590061254914,41.5022215895424],[-81.2612815801495,41.5022028155687]]]},"properties":{"source_county":"Geauga","jurisdiction":"Munson Township","parcel_id":"21-026229","owner_name":"PAYNE SARAH C TOD","property_address":" CEDAR RD","property_city":"CHESTERLAND","property_zip":"44026"}},{"type":"Feature","geometry":{"type":"Polygon","coordinates":[[[-81.2680103530471,41.4997730186743],[-81.2685124090305,41.4997688430084],[-81.268512408909,41.4997689132464],[-81.2685123400569,41.4997963013549],[-81.2685094245189,41.5009627853096],[-81.2679618153547,41.5009673390455],[-81.267964740686,41.4998008524053],[-81.2679648101053,41.4997734462907],[-81.2679648098213,41.4997733976604],[-81.2680103530471,41.4997730186743]]]},"properties":{"source_county":"Geauga","jurisdiction":"Munson Township","parcel_id":"21-033900","owner_name":"BORSI JOHN D JR & JANET L TRUSTEES","property_address":" CEDAR RD","property_city":"CHESTERLAND","property_zip":"44026"}},{"type":"Feature","geometry":{"type":"Polygon","coordinates":[[[-81.2685579067252,41.4997684642245],[-81.2690600081467,41.4997642866718],[-81.2690600076202,41.4997643785176],[-81.2690599393348,41.49979174862],[-81.2690576259132,41.5007206769246],[-81.2690570336239,41.5009582280885],[-81.2685094245189,41.5009627853096],[-81.2685123400569,41.4997963013549],[-81.268512408909,41.4997689132464],[-81.2685124090305,41.4997688430084],[-81.2685579067252,41.4997684642245]]]},"properties":{"source_county":"Geauga","jurisdiction":"Munson Township","parcel_id":"21-034000","owner_name":"BORSI JOHN D JR & JANET L TRUSTEES","property_address":"10426 CEDAR RD","property_city":"CHESTERLAND","property_zip":"44026"}},{"type":"Feature","geometry":{"type":"Polygon","coordinates":[[[-81.2664174132672,41.517014393223],[-81.2675960240275,41.5168002193],[-81.2685928266198,41.5172339739794],[-81.2676137068819,41.5176662978265],[-81.2676143145125,41.5177462614302],[-81.2675817590587,41.5177606370241],[-81.2668751944672,41.5180725285296],[-81.2667638678313,41.518126579371],[-81.2666573210165,41.5181858225408],[-81.2665559821186,41.5182500200125],[-81.2664602583126,41.5183189138533],[-81.2663705342168,41.5183922272606],[-81.2662871703473,41.518469665674],[-81.2662105016696,41.5185509179583],[-81.2661408362525,41.5186356576536],[-81.2659791448359,41.518569591218],[-81.2659302741182,41.5185496224885],[-81.2663040557341,41.5171742379247],[-81.2664174132672,41.517014393223]]]},"properties":{"source_county":"Geauga","jurisdiction":"Munson Township","parcel_id":"21-036310","owner_name":"DEMEZA JEREMY ALFRED","property_address":"10461 WYE RD","property_city":"CHESTERLAND","property_zip":"44026"}},{"type":"Feature","geometry":{"type":"Polygon","coordinates":[[[-81.267582877538,41.5178391733573],[-81.2682183935286,41.5175585964628],[-81.2684741393681,41.5186411483739],[-81.2675942637601,41.5186391295092],[-81.267582877538,41.5178391733573]]]},"properties":{"source_county":"Geauga","jurisdiction":"Munson Township","parcel_id":"21-036500","owner_name":"LEIBLINGER BARBARA A","property_address":"10440 WYE RD","property_city":"CHESTERLAND","property_zip":"44026"}},{"type":"Feature","geometry":{"type":"Polygon","coordinates":[[[-81.2531330511751,41.5060863336363],[-81.2543999688775,41.5053045398248],[-81.254641874233,41.5055260576964],[-81.2547159023026,41.5055938462956],[-81.2549227006112,41.505783213287],[-81.2550321375814,41.5058834261416],[-81.255233231745,41.5060675678371],[-81.255092215981,41.506068200621],[-81.2531330511751,41.5060863336363]]]},"properties":{"source_county":"Geauga","jurisdiction":"Munson Township","parcel_id":"21-036910","owner_name":"SMITH BRIAN M & EILEEN S","property_address":"10794 BUTTERNUT RD","property_city":"CHESTERLAND","property_zip":"44026"}},{"type":"Feature","geometry":{"type":"Polygon","coordinates":[[[-81.2526075131176,41.5057537468198],[-81.253971421584,41.5049121055948],[-81.2541360755924,41.5050628850269],[-81.2543304745763,41.5052409014921],[-81.2531227057256,41.5059861961673],[-81.2526075131176,41.5057537468198]]]},"properties":{"source_county":"Geauga","jurisdiction":"Munson Township","parcel_id":"21-036920","owner_name":"WALLIS AARON & ROGERS CHELSEA L","property_address":"10804 BUTTERNUT RD","property_city":"CHESTERLAND","property_zip":"44026"}},{"type":"Feature","geometry":{"type":"Polygon","coordinates":[[[-81.2522720978566,41.505602409315],[-81.2535588662237,41.5045343090182],[-81.2536594802439,41.5046264472775],[-81.2537297338732,41.5046907812809],[-81.253971421584,41.5049121055948],[-81.2526075131176,41.5057537468198],[-81.2522720978566,41.505602409315]]]},"properties":{"source_county":"Geauga","jurisdiction":"Munson Township","parcel_id":"21-036930","owner_name":"HANSEN GABRIEL H & LYNCH SHAUN M","property_address":"10814 BUTTERNUT RD","property_city":"CHESTERLAND","property_zip":"44026"}},{"type":"Feature","geometry":{"type":"Polygon","coordinates":[[[-81.2598646265754,41.4998405303849],[-81.261069247101,41.4998305762795],[-81.2610693130036,41.4998580216867],[-81.2610736142878,41.5016419341242],[-81.2598689606873,41.5016518774653],[-81.2598683041391,41.5013774307041],[-81.2598646919737,41.4998679757927],[-81.2598646265754,41.4998405303849]]]},"properties":{"source_county":"Geauga","jurisdiction":"Munson Township","parcel_id":"21-040200","owner_name":"DROCKTON THOMAS J & TRICIA T","property_address":"10640 CEDAR RD","property_city":"CHESTERLAND","property_zip":"44026"}},{"type":"Feature","geometry":{"type":"Polygon","coordinates":[[[-81.250639910744,41.5231812024001],[-81.2495549872357,41.521516844686],[-81.2496165446914,41.5214940904759],[-81.2496419864472,41.5214857130168],[-81.2496686340805,41.5214798219776],[-81.2496960593185,41.5214765120373],[-81.2497238213912,41.5214758363921],[-81.2497514741153,41.5214778059009],[-81.2497785730648,41.5214823889103],[-81.2498046827138,41.5214895117635],[-81.2498293834354,41.5214990599844],[-81.2498820416236,41.5215170620017],[-81.2499378218119,41.5215285885592],[-81.2499953241411,41.5215333503864],[-81.2500531055314,41.5215312279803],[-81.2501097158997,41.521522274605],[-81.2501637345517,41.5215067149544],[-81.2502138058373,41.5214849395135],[-81.2502586731728,41.5214574947584],[-81.2524924623153,41.5231611306406],[-81.2524937638827,41.5231621234765],[-81.2524924767171,41.5231621366541],[-81.250639910744,41.5231812024001]]]},"properties":{"source_county":"Geauga","jurisdiction":"Munson Township","parcel_id":"21-042652","owner_name":"FORKER ALICE I TOD","property_address":"12750 KLATKA DR","property_city":"CHARDON","property_zip":"44024"}},{"type":"Feature","geometry":{"type":"Polygon","coordinates":[[[-81.2503712394525,41.5212715982268],[-81.2524712814777,41.5213450636345],[-81.2524714377526,41.5213540388038],[-81.2524893813934,41.5223862197307],[-81.2524937638827,41.5231621234765],[-81.2524924623153,41.5231611306406],[-81.2502586731728,41.5214574947584],[-81.2502826612238,41.5214385530965],[-81.2503041416,41.5214179816194],[-81.2503229192866,41.5213959670925],[-81.2503388238066,41.5213727093821],[-81.2503517107688,41.5213484196414],[-81.2503614631779,41.5213233183924],[-81.2503679924973,41.5212976335249],[-81.2503712394525,41.5212715982268]]]},"properties":{"source_county":"Geauga","jurisdiction":"Munson Township","parcel_id":"21-042653","owner_name":"MC ELHANEY JULIE A","property_address":" KLATKA DR","property_city":"CHARDON","property_zip":"44024"}},{"type":"Feature","geometry":{"type":"Polygon","coordinates":[[[-81.252447726521,41.5195144179565],[-81.2524518930615,41.5195114343666],[-81.2524590533923,41.5203437481484],[-81.25246412586,41.5209334317514],[-81.2524712814777,41.5213450636345],[-81.2503712394525,41.5212715982268],[-81.2503710914113,41.5212442354966],[-81.2503673184732,41.5212170198525],[-81.2503599581495,41.5211902218463],[-81.2503490836138,41.5211641078777],[-81.2503348029741,41.5211389375462],[-81.2503172581982,41.5211149610701],[-81.2502966237019,41.5210924167995],[-81.2502731046157,41.5210715288466],[-81.252447726521,41.5195144179565]]]},"properties":{"source_county":"Geauga","jurisdiction":"Munson Township","parcel_id":"21-042654","owner_name":"HAW DOUGLAS W TOD","property_address":"12766 KLATKA DR","property_city":"CHARDON","property_zip":"44024"}},{"type":"Feature","geometry":{"type":"Polygon","coordinates":[[[-81.2524450628435,41.5193194100905],[-81.2524503966775,41.5193193701821],[-81.2524518930615,41.5195114343666],[-81.252447726521,41.5195144179565],[-81.2502731046157,41.5210715288466],[-81.2502479125119,41.5210531498022],[-81.250220488353,41.5210366738801],[-81.2501910856389,41.5210222533776],[-81.2501599761584,41.5210100215921],[-81.2501274474759,41.5210000915895],[-81.2500938002743,41.5209925551588],[-81.2500593455751,41.5209874819638],[-81.2500244018637,41.520984918899],[-81.250405551274,41.5193345094949],[-81.2524450628435,41.5193194100905]]]},"properties":{"source_county":"Geauga","jurisdiction":"Munson Township","parcel_id":"21-042655","owner_name":"MERLINI BRIAN & KELLY","property_address":"12775 KLATKA DR","property_city":"CHARDON","property_zip":"44024"}},{"type":"Feature","geometry":{"type":"Polygon","coordinates":[[[-81.2508762415548,41.5071441346937],[-81.2502822714099,41.5061074790431],[-81.251852284203,41.5060969551334],[-81.2512606232324,41.5071107008964],[-81.2512131987397,41.5070967304836],[-81.2511636492603,41.5070878574254],[-81.2511129392107,41.5070842544243],[-81.2510620555958,41.507085991608],[-81.2510119887984,41.5070930351645],[-81.2509637133038,41.5071052480001],[-81.2509181687329,41.5071223924078],[-81.2508762415548,41.5071441346937]]]},"properties":{"source_county":"Geauga","jurisdiction":"Munson Township","parcel_id":"21-043170","owner_name":"HENDRICKSON BRIAN & JILLIAN","property_address":"10889 BRIDLE TRL","property_city":"CHARDON","property_zip":"44024"}},{"type":"Feature","geometry":{"type":"Polygon","coordinates":[[[-81.2615871919626,41.5082141267167],[-81.2634364965939,41.508209091059],[-81.2633947130185,41.5094711269034],[-81.2613496129278,41.5090379036619],[-81.2611362805275,41.5089927096981],[-81.2610192245956,41.5089679115473],[-81.261068929324,41.5089251244931],[-81.2611162038663,41.5088808086437],[-81.2611609650945,41.5088350419289],[-81.2612031343009,41.5087879048301],[-81.2612426373364,41.5087394802379],[-81.2612794047408,41.5086898533071],[-81.2613133718649,41.5086391113066],[-81.2613444789844,41.5085873434657],[-81.2613908180941,41.5084970254297],[-81.2614284542755,41.5084044495694],[-81.2614571952065,41.5083100890423],[-81.2614768940305,41.5082144261253],[-81.2615871919626,41.5082141267167]]]},"properties":{"source_county":"Geauga","jurisdiction":"Munson Township","parcel_id":"21-045400","owner_name":"CISZAK ROBERT J & AMY M","property_address":"13200 BOULDER GLEN DR","property_city":"CHESTERLAND","property_zip":"44026"}},{"type":"Feature","geometry":{"type":"Polygon","coordinates":[[[-81.2508174865881,41.5051024206246],[-81.2515027563682,41.5036982009279],[-81.2520168746862,41.5038399810809],[-81.2513316144358,41.505244203753],[-81.2508174865881,41.5051024206246]]]},"properties":{"source_county":"Geauga","jurisdiction":"Munson Township","parcel_id":"21-047572","owner_name":"SHERWOOD NATHANIEL ARTHUR TRUSTEE","property_address":" BUTTERNUT RD","property_city":"CHESTERLAND","property_zip":"44026"}},{"type":"Feature","geometry":{"type":"Polygon","coordinates":[[[-81.2500997109278,41.5061086217653],[-81.2502218642657,41.5054233825547],[-81.250303360964,41.5049606352118],[-81.2508174865881,41.5051024206246],[-81.2513316144358,41.505244203753],[-81.2517086425348,41.505348176771],[-81.2519590667311,41.5054611685542],[-81.2522720978566,41.505602409315],[-81.2526075131176,41.5057537468198],[-81.2531227057256,41.5059861961673],[-81.2543304745763,41.5052409014921],[-81.2543999688775,41.5053045398248],[-81.2531330511751,41.5060863336363],[-81.2523329766273,41.5060937285402],[-81.2523327382018,41.5060937304786],[-81.251852284203,41.5060969551334],[-81.2502822714099,41.5061074790431],[-81.2500996962255,41.5061087017519],[-81.2500997109278,41.5061086217653]]]},"properties":{"source_county":"Geauga","jurisdiction":"Munson Township","parcel_id":"21-047576","owner_name":"KING LAURENCE C & SAFINAZ T","property_address":"10800 BUTTERNUT RD","property_city":"CHESTERLAND","property_zip":"44026"}},{"type":"Feature","geometry":{"type":"Polygon","coordinates":[[[-81.2600211993668,41.5103574779685],[-81.2610347480056,41.5097155423604],[-81.2613606493678,41.5100062707934],[-81.2616002103365,41.5102199752325],[-81.2613647843086,41.5103690868727],[-81.2605865745531,41.5108619697039],[-81.2602198103274,41.5105347013896],[-81.2601962866048,41.5105137114431],[-81.2601727640951,41.5104927215045],[-81.2601492404026,41.5104717315482],[-81.260125717906,41.5104507425001],[-81.2600211993668,41.5103574779685]]]},"properties":{"source_county":"Geauga","jurisdiction":"Munson Township","parcel_id":"21-049500","owner_name":"DAVIS WALTER J TOD & JANET E TOD","property_address":"10633 BUTTERNUT RD","property_city":"CHESTERLAND","property_zip":"44026"}},{"type":"Feature","geometry":{"type":"Polygon","coordinates":[[[-81.2707709596062,41.5225126100562],[-81.2707707654134,41.5225126143026],[-81.2707687407854,41.5213202112468],[-81.2714990949167,41.5213329947425],[-81.2715009017227,41.5224973907603],[-81.2707709596062,41.5225126100562]]]},"properties":{"source_county":"Geauga","jurisdiction":"Munson Township","parcel_id":"21-050100","owner_name":"KAZEL JAMES J JR & REGAN A","property_address":"10353 MAYFIELD RD","property_city":"CHESTERLAND","property_zip":"44026"}},{"type":"Feature","geometry":{"type":"Polygon","coordinates":[[[-81.2520740135661,41.4999044202284],[-81.2524284112413,41.4999015261517],[-81.2524283898994,41.4999018293929],[-81.2524264248514,41.4999289927545],[-81.2523035879136,41.5016276278572],[-81.2515800118527,41.5014929302967],[-81.2506128154152,41.501312873777],[-81.2502721257361,41.501249447277],[-81.2502540881976,41.5000016827489],[-81.2502532950791,41.4999467702946],[-81.2502528982628,41.4999193275719],[-81.2503948417801,41.499918164197],[-81.2504515434647,41.4999176997837],[-81.2509058937286,41.499913975205],[-81.2513199154179,41.4999105801764],[-81.2514119583091,41.4999098248342],[-81.2520740135661,41.4999044202284]]]},"properties":{"source_county":"Geauga","jurisdiction":"Munson Township","parcel_id":"21-050200","owner_name":"CARROL VIRGINIA PAISLEY TRUSTEE","property_address":"10880 CEDAR RD","property_city":"CHESTERLAND","property_zip":"44026"}},{"type":"Feature","geometry":{"type":"Polygon","coordinates":[[[-81.2490574905091,41.5091423354191],[-81.2505388464359,41.5090460090182],[-81.2505509726487,41.5091125608154],[-81.2505678954299,41.5092249441061],[-81.250568472002,41.509239895709],[-81.2505663393544,41.5092547674418],[-81.2505615370765,41.5092692832199],[-81.250554154318,41.5092831735666],[-81.2505443281339,41.5092961806158],[-81.2505322409403,41.509308062899],[-81.250518117128,41.5093185998284],[-81.2505022188969,41.5093275957917],[-81.2504609469406,41.5093510742334],[-81.2504245064261,41.5093787036001],[-81.2503936296803,41.5094099286432],[-81.2503689372211,41.5094441218532],[-81.2503509252876,41.5094805960704],[-81.2503399558662,41.5095186182942],[-81.2503362494157,41.5095574244129],[-81.2503398804355,41.5095962345603],[-81.2490371870113,41.5097232751062],[-81.2490522451101,41.5092924064835],[-81.2490574905091,41.5091423354191]]]},"properties":{"source_county":"Geauga","jurisdiction":"Munson Township","parcel_id":"21-051800","owner_name":"SEMAN RICHARD T JR","property_address":"13181 N BRIDLE TRL","property_city":"CHARDON","property_zip":"44024"}},{"type":"Feature","geometry":{"type":"Polygon","coordinates":[[[-81.2588392504911,41.51137295364],[-81.2601962866048,41.5105137114431],[-81.2602198103274,41.5105347013896],[-81.2588601013702,41.5113956478319],[-81.2566783494876,41.5123087607008],[-81.2571950442786,41.5134987101038],[-81.2564225858198,41.5135026181336],[-81.256203481419,41.5135037256858],[-81.2524077131612,41.5135228458638],[-81.2524075310407,41.513522846607],[-81.2524070151395,41.5134529512288],[-81.2524008538114,41.5126198377344],[-81.2524019108956,41.5126197536477],[-81.2562058203267,41.5123186552517],[-81.2564249521518,41.512301305665],[-81.256666799353,41.5122821576496],[-81.2588392504911,41.51137295364]]]},"properties":{"source_county":"Geauga","jurisdiction":"Munson Township","parcel_id":"21-053100","owner_name":"LYNCH ELIZABETH M & WESTERHOLD THEODORE H","property_address":"10638 BUTTERNUT RD","property_city":"CHESTERLAND","property_zip":"44026"}},{"type":"Feature","geometry":{"type":"Polygon","coordinates":[[[-81.2671506895817,41.5225632691945],[-81.267541994377,41.5225604145026],[-81.267553673411,41.5236028181287],[-81.2675697110532,41.5250353136801],[-81.2675774276851,41.5257245372316],[-81.2675974372917,41.5275116617088],[-81.26698725995,41.5275250651613],[-81.2666656514807,41.5257368039367],[-81.2663704820572,41.5240954686766],[-81.2666611236377,41.5227860623274],[-81.2671506895817,41.5225632691945]]]},"properties":{"source_county":"Geauga","jurisdiction":"Munson Township","parcel_id":"21-053350","owner_name":"DWYER MICHAEL K TOD & SHARON A TOD","property_address":"10460 MAYFIELD RD","property_city":"CHESTERLAND","property_zip":"44026"}},{"type":"Feature","geometry":{"type":"Polygon","coordinates":[[[-81.250303360964,41.5049606352118],[-81.2509886402736,41.5035564184906],[-81.2515027563682,41.5036982009279],[-81.2508174865881,41.5051024206246],[-81.250303360964,41.5049606352118]]]},"properties":{"source_county":"Geauga","jurisdiction":"Munson Township","parcel_id":"21-055800","owner_name":"BARTLETT KATHLEEN A","property_address":"10886 BUTTERNUT RD","property_city":"CHESTERLAND","property_zip":"44026"}},{"type":"Feature","geometry":{"type":"Polygon","coordinates":[[[-81.251064669363,41.509530362535],[-81.2523734743212,41.5096553971837],[-81.2523774446514,41.5100025319117],[-81.2523865352212,41.5107972161762],[-81.2523889182331,41.5110056219416],[-81.250980496673,41.5097345336159],[-81.2510025983116,41.5097127027358],[-81.2510216900865,41.5096893223768],[-81.251037581245,41.5096646261444],[-81.251050113014,41.5096388607912],[-81.2510591601864,41.509612283752],[-81.2510646323715,41.5095851605709],[-81.2510664748987,41.5095577622488],[-81.251064669363,41.509530362535]]]},"properties":{"source_county":"Geauga","jurisdiction":"Munson Township","parcel_id":"21-057320","owner_name":"DEATSCH WAYNE L TOD & MARIANNE TOD","property_address":"13168 N BRIDLE TRL","property_city":"CHARDON","property_zip":"44024"}},{"type":"Feature","geometry":{"type":"Polygon","coordinates":[[[-81.267541994377,41.5225604145026],[-81.2684245617623,41.5225486904544],[-81.2684361398353,41.5235965759056],[-81.267553673411,41.5236028181287],[-81.267541994377,41.5225604145026]]]},"properties":{"source_county":"Geauga","jurisdiction":"Munson Township","parcel_id":"21-059630","owner_name":"EMERSON DAN","property_address":"10434 MAYFIELD RD","property_city":"CHESTERLAND","property_zip":"44026"}},{"type":"Feature","geometry":{"type":"Polygon","coordinates":[[[-81.2548801923619,41.5232128902681],[-81.2549882502668,41.5231993201726],[-81.2550029940755,41.5232725466024],[-81.2550147304087,41.5233460795048],[-81.2550234481246,41.5234198491353],[-81.2550291389445,41.5234937855246],[-81.2550320129502,41.5235948913352],[-81.2550292284375,41.523695998557],[-81.2550207903036,41.5237969284141],[-81.2550067134429,41.5238975024433],[-81.25498702272,41.5239975428099],[-81.2549617529267,41.5240968726218],[-81.25493094872,41.5241953162429],[-81.2548946645439,41.524292699603],[-81.2548722010727,41.5243446456192],[-81.2548469667118,41.5243958681519],[-81.2548190025582,41.5244462837664],[-81.2547883541557,41.5244958103423],[-81.2547550714204,41.5245443672072],[-81.2547192085601,41.5245918752681],[-81.2546808239854,41.52463825714],[-81.2546399802152,41.5246834372724],[-81.2545967437743,41.524727342072],[-81.2545511850853,41.5247699000227],[-81.254503378354,41.5248110418023],[-81.2544534014485,41.5248507003952],[-81.2544013357723,41.5248888112014],[-81.2543472661316,41.5249253121424],[-81.2542912805976,41.5249601437615],[-81.2542334703625,41.5249932493214],[-81.2539385898406,41.5251551539566],[-81.2538665537914,41.5251977667212],[-81.2537987706011,41.5252441527535],[-81.2537355894762,41.5252940730877],[-81.2536773359168,41.5253472705498],[-81.2533859464785,41.5235911443407],[-81.2548801923619,41.5232128902681]]]},"properties":{"source_county":"Geauga","jurisdiction":"Munson Township","parcel_id":"21-061500","owner_name":"HARDMAN TYLER & ALYSSA","property_address":"12675 MILL VIEW LN","property_city":"CHARDON","property_zip":"44024"}},{"type":"Feature","geometry":{"type":"Polygon","coordinates":[[[-81.2582127526753,41.4998541372023],[-81.2582219617065,41.4998540628863],[-81.2582220264002,41.4998815091953],[-81.258225553578,41.5013909249246],[-81.2570578101278,41.502075610074],[-81.2570527449726,41.4998911163184],[-81.2570526808025,41.4998636682082],[-81.2582127526753,41.4998541372023]]]},"properties":{"source_county":"Geauga","jurisdiction":"Munson Township","parcel_id":"21-063350","owner_name":"MANSFIELD WILLIAM A","property_address":"10700 CEDAR RD","property_city":"CHESTERLAND","property_zip":"44026"}},{"type":"Feature","geometry":{"type":"Polygon","coordinates":[[[-81.2517086425348,41.505348176771],[-81.2525652739985,41.503991210949],[-81.252765231606,41.5040463520415],[-81.2531383917706,41.5041492550418],[-81.2531680078683,41.5041763759912],[-81.2519590667311,41.5054611685542],[-81.2517086425348,41.505348176771]]]},"properties":{"source_county":"Geauga","jurisdiction":"Munson Township","parcel_id":"21-063360","owner_name":"SIEGEL BRIAN D TOD","property_address":"10840 BUTTERNUT RD","property_city":"CHESTERLAND","property_zip":"44026"}},{"type":"Feature","geometry":{"type":"Polygon","coordinates":[[[-81.2550321375814,41.5058834261416],[-81.257070435879,41.5053772251303],[-81.2575084111411,41.5060573444437],[-81.257639004675,41.5062601344694],[-81.257359799498,41.5064369685691],[-81.2575479926498,41.5066048741396],[-81.2565349793467,41.5072464496058],[-81.2564504099826,41.5071709769133],[-81.2559709469934,41.5067430805286],[-81.2552395170128,41.5060733237621],[-81.255233231745,41.5060675678371],[-81.2550321375814,41.5058834261416]]]},"properties":{"source_county":"Geauga","jurisdiction":"Munson Township","parcel_id":"21-069400","owner_name":"KOSTYACK THOMAS E & GAYLE A","property_address":"10745 BUTTERNUT RD","property_city":"CHESTERLAND","property_zip":"44026"}},{"type":"Feature","geometry":{"type":"Polygon","coordinates":[[[-81.252765231606,41.5040463520415],[-81.2532439312234,41.5030189806705],[-81.2543189264276,41.5031872078164],[-81.2555341119538,41.5033605228107],[-81.2536594802439,41.5046264472775],[-81.2535588662237,41.5045343090182],[-81.2531680078683,41.5041763759912],[-81.2531383917706,41.5041492550418],[-81.252765231606,41.5040463520415]]]},"properties":{"source_county":"Geauga","jurisdiction":"Munson Township","parcel_id":"21-071900","owner_name":"LONG CHRISTOPHER M","property_address":"10823 BUTTERNUT RD","property_city":"CHESTERLAND","property_zip":"44026"}},{"type":"Feature","geometry":{"type":"Polygon","coordinates":[[[-81.2721628105388,41.4997384131763],[-81.2732579156838,41.4997292507769],[-81.27325800354,41.4997567557892],[-81.2732651400358,41.5019933925035],[-81.2721962774541,41.5020023279358],[-81.2721632169629,41.499765896352],[-81.2721628105388,41.4997384131763]]]},"properties":{"source_county":"Geauga","jurisdiction":"Munson Township","parcel_id":"21-072800","owner_name":"MORRIS ROY LEE JR & FELLENSTEIN KIMBERLY ANN","property_address":"10314 CEDAR RD","property_city":"CHESTERLAND","property_zip":"44026"}},{"type":"Feature","geometry":{"type":"Polygon","coordinates":[[[-81.2500996962255,41.5061087017519],[-81.2502822714099,41.5061074790431],[-81.2508762415548,41.5071441346937],[-81.2508487988819,41.5071623695574],[-81.2508239248588,41.5071825795747],[-81.2508018698331,41.5072045613415],[-81.2507828557811,41.5072280936216],[-81.250767074074,41.5072529395735],[-81.2507546835513,41.5072788491337],[-81.2507458089223,41.5073055615338],[-81.2507405395105,41.5073328079249],[-81.2507375010422,41.5073469823745],[-81.2507320277391,41.5073607375338],[-81.2507242132155,41.507373838134],[-81.2507141911298,41.5073860601017],[-81.2507021328993,41.5073971943919],[-81.2506882447678,41.5074070505628],[-81.2506727642781,41.5074154600337],[-81.2506559562092,41.5074222789686],[-81.2502576008635,41.507559381265],[-81.2494791102053,41.5061128552196],[-81.2500996962255,41.5061087017519]]]},"properties":{"source_county":"Geauga","jurisdiction":"Munson Township","parcel_id":"21-074970","owner_name":"LOCOCO SALVATOR J & QUERCIOLI GINA M","property_address":"10901 BRIDLE TRL","property_city":"CHARDON","property_zip":"44024"}},{"type":"Feature","geometry":{"type":"Polygon","coordinates":[[[-81.2584409844024,41.4998522622452],[-81.258660736665,41.4998504554903],[-81.2586608015595,41.4998779008987],[-81.2586643860264,41.5013873549425],[-81.2584446285446,41.5013891653048],[-81.2584410491878,41.4998797085541],[-81.2584409844024,41.4998522622452]]]},"properties":{"source_county":"Geauga","jurisdiction":"Munson Township","parcel_id":"21-075200","owner_name":"HAINES JOAN R TOD","property_address":" CEDAR RD","property_city":"CHESTERLAND","property_zip":"44026"}},{"type":"Feature","geometry":{"type":"Polygon","coordinates":[[[-81.2596728992963,41.499842107776],[-81.2598646265754,41.4998405303849],[-81.2598646919737,41.4998679757927],[-81.2598683041391,41.5013774307041],[-81.2586643860264,41.5013873549425],[-81.2586608015595,41.4998779008987],[-81.258660736665,41.4998504554903],[-81.2589428258653,41.4998481346899],[-81.2596728992963,41.499842107776]]]},"properties":{"source_county":"Geauga","jurisdiction":"Munson Township","parcel_id":"21-075300","owner_name":"HAINES JOAN R TOD","property_address":"10666 CEDAR RD","property_city":"CHESTERLAND","property_zip":"44026"}},{"type":"Feature","geometry":{"type":"Polygon","coordinates":[[[-81.2564313174418,41.5090703336981],[-81.2576874945323,41.5082749745819],[-81.2578541098626,41.5084236613221],[-81.2584676254738,41.508971151681],[-81.2586029062671,41.5090918727172],[-81.2566498558572,41.5095725021716],[-81.256555200708,41.509226357194],[-81.25643122727,41.5091157559306],[-81.2564014850648,41.5090892216704],[-81.2564313174418,41.5090703336981]]]},"properties":{"source_county":"Geauga","jurisdiction":"Munson Township","parcel_id":"21-076001","owner_name":"NOVAK JOHN & CHILDS MARCELLA J","property_address":"10680 BUTTERNUT RD","property_city":"CHESTERLAND","property_zip":"44026"}},{"type":"Feature","geometry":{"type":"Polygon","coordinates":[[[-81.2668751944672,41.5180725285296],[-81.2675817590587,41.5177606370241],[-81.267582877538,41.5178391733573],[-81.2675942637601,41.5186391295092],[-81.2661407416738,41.5186357809168],[-81.2662104099826,41.5185510216604],[-81.266287084419,41.5184697506442],[-81.266370456781,41.5183922945199],[-81.2664601919497,41.518318964605],[-81.2665559292354,41.5182500556314],[-81.2666572838286,41.5181858445613],[-81.2667638483458,41.5181265894742],[-81.2668751944672,41.5180725285296]]]},"properties":{"source_county":"Geauga","jurisdiction":"Munson Township","parcel_id":"21-078000","owner_name":"KNAUER DESIREE A","property_address":"10464 WYE RD","property_city":"CHESTERLAND","property_zip":"44026"}},{"type":"Feature","geometry":{"type":"Polygon","coordinates":[[[-81.257359799498,41.5064369685691],[-81.257639004675,41.5062601344694],[-81.2579642680462,41.5060541284042],[-81.2587320012164,41.5060518048052],[-81.2611487096467,41.5060444560226],[-81.2611140827808,41.5067134395804],[-81.2611019749498,41.5069473556383],[-81.2608183774774,41.5066390606219],[-81.2606467772048,41.5064525135798],[-81.2591864240908,41.506445734072],[-81.2582419633362,41.5072240254136],[-81.2575479926498,41.5066048741396],[-81.257359799498,41.5064369685691]]]},"properties":{"source_county":"Geauga","jurisdiction":"Munson Township","parcel_id":"21-081100","owner_name":"GOLDWEBER NEAL S & LORRIE J","property_address":"13289 BOULDER GLEN DR","property_city":"CHESTERLAND","property_zip":"44026"}},{"type":"Feature","geometry":{"type":"Polygon","coordinates":[[[-81.2696735281241,41.5213010339081],[-81.2696743775537,41.5200516311708],[-81.2656521290422,41.5200500179184],[-81.2658030540878,41.5194726176107],[-81.2659063732427,41.5190991132846],[-81.265924819389,41.5190384612036],[-81.2659464455218,41.5189784054268],[-81.2659712177341,41.5189190400908],[-81.2659990971871,41.5188604582497],[-81.2660300401724,41.5188027517293],[-81.2660639981795,41.518746010983],[-81.2661009179727,41.5186903249502],[-81.2661407416738,41.5186357809168],[-81.2675942637601,41.5186391295092],[-81.2684741393681,41.5186411483739],[-81.2691609915607,41.5186427188434],[-81.2696461783253,41.5186438265537],[-81.2698298541908,41.5186442449134],[-81.2698280520568,41.5213037401402],[-81.2696735281241,41.5213010339081]]]},"properties":{"source_county":"Geauga","jurisdiction":"Munson Township","parcel_id":"21-082000","owner_name":"PAGANINI EMIL P & LORETTA","property_address":" BUTTERNUT RD","property_city":"CHARDON","property_zip":"44024"}},{"type":"Feature","geometry":{"type":"Polygon","coordinates":[[[-81.2716532839623,41.5186483857847],[-81.2720184132492,41.5186492112499],[-81.272019675645,41.5187656284567],[-81.272026925207,41.5194340848427],[-81.2720326200181,41.5199591410095],[-81.2720382482924,41.5204779685402],[-81.2720438109054,41.5209908402982],[-81.2720476258086,41.521342592622],[-81.2717185441415,41.5213368351362],[-81.2714990949167,41.5213329947425],[-81.2707687407854,41.5213202112468],[-81.2701462955694,41.5213093133821],[-81.2698280520568,41.5213037401402],[-81.2698298541908,41.5186442449134],[-81.2700839308409,41.5186448238875],[-81.2701952865391,41.5186450775274],[-81.2705035320373,41.518645778527],[-81.270904965159,41.5186466895913],[-81.2712882181913,41.5186475589426],[-81.2716532839623,41.5186483857847]]]},"properties":{"source_county":"Geauga","jurisdiction":"Munson Township","parcel_id":"21-082100","owner_name":"PAGANINI EMIL P & LORETTA","property_address":" BUTTERNUT RD","property_city":"CHESTERLAND","property_zip":"44026"}},{"type":"Feature","geometry":{"type":"Polygon","coordinates":[[[-81.2669359825434,41.5212820983087],[-81.2665493681871,41.5211391379623],[-81.266182614104,41.5209287302984],[-81.2655141737822,41.5208155494961],[-81.2655140667855,41.5205793663935],[-81.2656521290422,41.5200500179184],[-81.2696743775537,41.5200516311708],[-81.2696735281241,41.5213010339081],[-81.2693083400067,41.5212946364193],[-81.269104022351,41.521393556544],[-81.2684562850563,41.5214143346153],[-81.2683796918881,41.5214754840958],[-81.2683809892102,41.5225492698832],[-81.2682714364056,41.5225507257453],[-81.2682730023999,41.5213439955411],[-81.2669359825434,41.5212820983087]]]},"properties":{"source_county":"Geauga","jurisdiction":"Munson Township","parcel_id":"21-082200","owner_name":"PAGANINI EMIL P & LORETTA","property_address":"10427 MAYFIELD RD","property_city":"CHESTERLAND","property_zip":"44026"}},{"type":"Feature","geometry":{"type":"Polygon","coordinates":[[[-81.2715010971134,41.5224973865253],[-81.2715009017227,41.5224973907603],[-81.2714990949167,41.5213329947425],[-81.2717185441415,41.5213368351362],[-81.2717187413504,41.5214696570541],[-81.2717192602964,41.5218813998442],[-81.2717198015601,41.522311452635],[-81.2717198765322,41.5223938300467],[-81.2717200008122,41.5224928212573],[-81.2715010971134,41.5224973865253]]]},"properties":{"source_county":"Geauga","jurisdiction":"Munson Township","parcel_id":"21-082300","owner_name":"PAGANINI EMIL P & LORETTA","property_address":" MAYFIELD RD","property_city":"CHESTERLAND","property_zip":"44026"}},{"type":"Feature","geometry":{"type":"Polygon","coordinates":[[[-81.2584676254738,41.508971151681],[-81.2594809350997,41.5083293763634],[-81.260186705702,41.508959008946],[-81.2591732877706,41.509600856712],[-81.2590163362352,41.5094608004144],[-81.2586029062671,41.5090918727172],[-81.2584676254738,41.508971151681]]]},"properties":{"source_county":"Geauga","jurisdiction":"Munson Township","parcel_id":"21-084200","owner_name":"FANDRICH CAROLYN M & MC VEY BONNIE J","property_address":"10665 BUTTERNUT RD","property_city":"CHESTERLAND","property_zip":"44026"}},{"type":"Feature","geometry":{"type":"Polygon","coordinates":[[[-81.2593712638432,41.5097775201763],[-81.2591732877706,41.509600856712],[-81.260186705702,41.508959008946],[-81.2605207909838,41.5092570475739],[-81.2605919881954,41.5093205615245],[-81.2604046430629,41.5094751979743],[-81.2603715872229,41.5095008589509],[-81.2603366233728,41.5095250489706],[-81.260299867173,41.5095476880116],[-81.2602614402133,41.5095687011827],[-81.2602214696111,41.5095880189709],[-81.2601800875904,41.5096055774718],[-81.2601374310449,41.5096213186006],[-81.2600936410845,41.5096351902846],[-81.260048862569,41.5096471466352],[-81.2600032436286,41.5096571481],[-81.2599569351741,41.5096651615934],[-81.2599100903972,41.509671160606],[-81.259862864264,41.5096751252927],[-81.2598154130024,41.5096770425379],[-81.259767893585,41.5096769059994],[-81.25972046321,41.5096747161288],[-81.2596861512626,41.5096736040581],[-81.2596518521257,41.5096749206151],[-81.259617869366,41.5096786541474],[-81.2595845037496,41.5096847716112],[-81.2595520505812,41.5096932188635],[-81.2595207970899,41.5097039211414],[-81.2594910198874,41.5097167837236],[-81.2594629825199,41.5097316927689],[-81.2593789438994,41.509784373182],[-81.2593712638432,41.5097775201763]]]},"properties":{"source_county":"Geauga","jurisdiction":"Munson Township","parcel_id":"21-084300","owner_name":"FANDRICH CAROLYN M & MC VEY BONNIE J","property_address":" BOULDER GLEN DR","property_city":"CHESTERLAND","property_zip":"44026"}},{"type":"Feature","geometry":{"type":"Polygon","coordinates":[[[-81.251852284203,41.5060969551334],[-81.2523327382018,41.5060937304786],[-81.2523405496366,41.5067766826387],[-81.2523489045547,41.5075072492742],[-81.2514676896346,41.5073829044252],[-81.2514683879294,41.5073412287696],[-81.2514606828245,41.5072999542097],[-81.2514447520374,41.5072600326567],[-81.2514209629922,41.5072223848158],[-81.2513898643443,41.5071878789525],[-81.2513521733259,41.5071573108681],[-81.251308759204,41.5071313855465],[-81.2512606232324,41.5071107008964],[-81.251852284203,41.5060969551334]]]},"properties":{"source_county":"Geauga","jurisdiction":"Munson Township","parcel_id":"21-084457","owner_name":"KEMMERLE WALTER G TOD","property_address":"10875 BRIDLE TRL","property_city":"CHARDON","property_zip":"44024"}},{"type":"Feature","geometry":{"type":"Polygon","coordinates":[[[-81.2514676896346,41.5073829044252],[-81.2523489045547,41.5075072492742],[-81.2523600480958,41.5084814969897],[-81.2514734964995,41.5085709989956],[-81.2511701641015,41.5076285242105],[-81.2511990879198,41.5076235983726],[-81.251227384464,41.5076169241649],[-81.2512548670288,41.507608545625],[-81.2512813542802,41.5075985180359],[-81.2513066714513,41.5075869075612],[-81.2513306514962,41.5075737908086],[-81.2513531361915,41.5075592543246],[-81.251373977181,41.507543394023],[-81.251393036954,41.5075263145524],[-81.2514101897528,41.5075081286056],[-81.2514253224025,41.5074889561758],[-81.2514383350577,41.5074689237654],[-81.2514491418613,41.5074481635507],[-81.2514576715108,41.5074268125099],[-81.2514638677289,41.5074050115196],[-81.2514676896346,41.5073829044252]]]},"properties":{"source_county":"Geauga","jurisdiction":"Munson Township","parcel_id":"21-084458","owner_name":"MCAULEY CHARLENE J TOD","property_address":"10880 BRIDLE TRL","property_city":"CHARDON","property_zip":"44024"}},{"type":"Feature","geometry":{"type":"Polygon","coordinates":[[[-81.2503529154964,41.5077076837359],[-81.2507471510913,41.5075719991695],[-81.2507650012356,41.5075668895965],[-81.2507835858259,41.5075635748827],[-81.25080258696,41.5075621117286],[-81.2508216796107,41.5075625251625],[-81.2508405371855,41.5075648081121],[-81.2508588371128,41.5075689215263],[-81.2508762663598,41.5075747950421],[-81.2508925267872,41.5075823281892],[-81.2509232946437,41.5075970823704],[-81.2509558683295,41.5076094538448],[-81.2509899223694,41.5076193189969],[-81.251025116496,41.507626579254],[-81.2510610990496,41.5076311620716],[-81.2510975104924,41.5076330216582],[-81.2511339870009,41.5076321394327],[-81.2511701641015,41.5076285242105],[-81.2514734964995,41.5085709989956],[-81.2506606306404,41.5086530553482],[-81.25063205425,41.508568442538],[-81.2506010364338,41.5084843169335],[-81.2505675918756,41.5084007183342],[-81.2505317364071,41.5083176862898],[-81.2504934870001,41.5082352600821],[-81.2504528617592,41.5081534787062],[-81.2504098799123,41.5080723808517],[-81.2503645618024,41.507992004885],[-81.2502770088894,41.5078461246615],[-81.2502698233345,41.5078262797179],[-81.2502676881564,41.5078057755642],[-81.2502706782933,41.5077853318775],[-81.2502786887894,41.507765666212],[-81.2502914384797,41.5077474688134],[-81.2503084798593,41.5077313783923],[-81.2503292147902,41.5077179597058],[-81.2503529154964,41.5077076837359]]]},"properties":{"source_county":"Geauga","jurisdiction":"Munson Township","parcel_id":"21-084459","owner_name":"BAHR LISA TOD","property_address":"10898 BRIDLE TRL","property_city":"CHARDON","property_zip":"44024"}},{"type":"Feature","geometry":{"type":"Polygon","coordinates":[[[-81.2507758785166,41.5091390711866],[-81.2523661686634,41.5090166478226],[-81.2523734743212,41.5096553971837],[-81.251064669363,41.509530362535],[-81.2510573122267,41.509496526128],[-81.2510444000279,41.5094636432608],[-81.251026134286,41.5094322271119],[-81.2510028000679,41.5094027679697],[-81.2509747615392,41.5093757255799],[-81.2509424562803,41.5093515219716],[-81.2509063884574,41.5093305348707],[-81.2508671209542,41.5093130918056],[-81.2508368213158,41.509297605804],[-81.2508126031272,41.5092769382678],[-81.2507959907481,41.5092523900744],[-81.2507880298023,41.5092255063599],[-81.2507758785166,41.5091390711866]]]},"properties":{"source_county":"Geauga","jurisdiction":"Munson Township","parcel_id":"21-084461","owner_name":"TOTH BERT J & CLAUDIA L","property_address":"13176 N BRIDLE TRL","property_city":"CHARDON","property_zip":"44024"}},{"type":"Feature","geometry":{"type":"Polygon","coordinates":[[[-81.250980496673,41.5097345336159],[-81.2523889182331,41.5110056219416],[-81.250673008758,41.5110230769876],[-81.2507451843837,41.5098300866214],[-81.2507789229984,41.509825806564],[-81.2508119804555,41.5098191713532],[-81.2508440664492,41.5098102392584],[-81.2508748992052,41.5097990887202],[-81.2509042079552,41.5097858176608],[-81.2509317353152,41.5097705426249],[-81.2509572395452,41.5097533977554],[-81.250980496673,41.5097345336159]]]},"properties":{"source_county":"Geauga","jurisdiction":"Munson Township","parcel_id":"21-084463","owner_name":"GALASKA RIACHARD A TOD & DOLORES M TOD","property_address":"13160 N BRIDLE TRL","property_city":"CHARDON","property_zip":"44024"}},{"type":"Feature","geometry":{"type":"Polygon","coordinates":[[[-81.2489911599783,41.5110401616337],[-81.250471878096,41.5097710843606],[-81.2505013741962,41.5097872384946],[-81.2505328683973,41.5098010985544],[-81.25056604604,41.5098125260637],[-81.2506005756453,41.5098214068492],[-81.2506361122261,41.5098276521828],[-81.2506723007343,41.5098311996667],[-81.2507087796078,41.5098320138578],[-81.2507451843837,41.5098300866214],[-81.250673008758,41.5110230769876],[-81.2489911599783,41.5110401616337]]]},"properties":{"source_county":"Geauga","jurisdiction":"Munson Township","parcel_id":"21-084464","owner_name":"SKALSKY MARILYN JOY","property_address":"13165 N BRIDLE TRL","property_city":"CHARDON","property_zip":"44024"}},{"type":"Feature","geometry":{"type":"Polygon","coordinates":[[[-81.2631336913002,41.5140452403489],[-81.2638447036963,41.5140439747103],[-81.2638211973229,41.514437536776],[-81.2642219639102,41.5149224401051],[-81.2643317300681,41.5155080601692],[-81.2635153379297,41.5159087108875],[-81.2634612731344,41.5155860877891],[-81.2632767487852,41.514718147332],[-81.2631336913002,41.5140452403489]]]},"properties":{"source_county":"Geauga","jurisdiction":"Munson Township","parcel_id":"21-084800","owner_name":"BOOGAART DAMON MICHAEL & MEGAN YVONNE CO TRUSTEES","property_address":"10555 BUTTERNUT RD","property_city":"CHESTERLAND","property_zip":"44026"}},{"type":"Feature","geometry":{"type":"Polygon","coordinates":[[[-81.2588601013702,41.5113956478319],[-81.2602198103274,41.5105347013896],[-81.2605865745531,41.5108619697039],[-81.2608276714293,41.5110770995675],[-81.2599465622292,41.5113734079349],[-81.2603492205224,41.5121156805224],[-81.260900424559,41.51256270371],[-81.261350123268,41.5129273792708],[-81.2613550904308,41.5134775757777],[-81.2571950442786,41.5134987101038],[-81.2566783494876,41.5123087607008],[-81.2588601013702,41.5113956478319]]]},"properties":{"source_county":"Geauga","jurisdiction":"Munson Township","parcel_id":"21-085400","owner_name":"HEIGHWAY JAMES E TRUSTEE","property_address":"10634 BUTTERNUT RD","property_city":"CHESTERLAND","property_zip":"44026"}},{"type":"Feature","geometry":{"type":"Polygon","coordinates":[[[-81.261393857777,41.5129201153497],[-81.2626579060572,41.5127101511707],[-81.2628947985108,41.5129215134625],[-81.2629175927035,41.5130287342764],[-81.26301121398,41.5134691239965],[-81.2614002079431,41.5134773460257],[-81.2613550904308,41.5134775757777],[-81.261350123268,41.5129273792708],[-81.261393857777,41.5129201153497]]]},"properties":{"source_county":"Geauga","jurisdiction":"Munson Township","parcel_id":"21-085401","owner_name":"HEIGHWAY ELLEN A TRUSTEE","property_address":"10572 BUTTERNUT RD","property_city":"CHESTERLAND","property_zip":"44026"}},{"type":"Feature","geometry":{"type":"Polygon","coordinates":[[[-81.2613862776324,41.5122550831684],[-81.2618317570506,41.5119730218525],[-81.2622403185227,41.5123375620813],[-81.2625689667662,41.5126307968741],[-81.2626579060572,41.5127101511707],[-81.261393857777,41.5129201153497],[-81.261350123268,41.5129273792708],[-81.260900424559,41.51256270371],[-81.2613862776324,41.5122550831684]]]},"properties":{"source_county":"Geauga","jurisdiction":"Munson Township","parcel_id":"21-085402","owner_name":"HEIGHWAY ELLEN A TRUSTEE","property_address":" BUTTERNUT RD","property_city":"CHESTERLAND","property_zip":"44026"}},{"type":"Feature","geometry":{"type":"Polygon","coordinates":[[[-81.2599465622292,41.5113734079349],[-81.2608276714293,41.5110770995675],[-81.261267187387,41.5114692736691],[-81.2613784533033,41.5115685541561],[-81.2618317570506,41.5119730218525],[-81.2613862776324,41.5122550831684],[-81.260900424559,41.51256270371],[-81.2603492205224,41.5121156805224],[-81.2599465622292,41.5113734079349]]]},"properties":{"source_county":"Geauga","jurisdiction":"Munson Township","parcel_id":"21-085404","owner_name":"BUTLER THOMAS P & VIVIAN J","property_address":"10628 BUTTERNUT RD","property_city":"CHESTERLAND","property_zip":"44026"}},{"type":"Feature","geometry":{"type":"Polygon","coordinates":[[[-81.2513316144358,41.505244203753],[-81.2520168746862,41.5038399810809],[-81.252141115917,41.5038742427423],[-81.2525652739985,41.503991210949],[-81.2517086425348,41.505348176771],[-81.2513316144358,41.505244203753]]]},"properties":{"source_county":"Geauga","jurisdiction":"Munson Township","parcel_id":"21-089910","owner_name":"SHERWOOD NATHANIEL ARTHUR TRUSTEE","property_address":"10854 BUTTERNUT RD","property_city":"CHESTERLAND","property_zip":"44026"}},{"type":"Feature","geometry":{"type":"Polygon","coordinates":[[[-81.2561823979618,41.5241850362119],[-81.2562755996115,41.5241765970065],[-81.2562802337887,41.5244002217373],[-81.2561819709283,41.5244014324241],[-81.2554402633722,41.5244105644897],[-81.2554369638941,41.5242525337817],[-81.2561823979618,41.5241850362119]]]},"properties":{"source_county":"Geauga","jurisdiction":"Munson Township","parcel_id":"21-093200","owner_name":"MOORMAN SCOTT A & WALSH MOORMAN ELIZABETH","property_address":" FOWLERS MILL RD","property_city":"CHARDON","property_zip":"44024"}},{"type":"Feature","geometry":{"type":"Polygon","coordinates":[[[-81.260705883777,41.5069856775797],[-81.2611019749498,41.5069473556383],[-81.2611444973726,41.5069828847921],[-81.2611827472054,41.5070210597596],[-81.2612164344642,41.5070615911317],[-81.2612453037528,41.507104171635],[-81.2613291525564,41.507242408971],[-81.2613622360883,41.5072969508792],[-81.2613912195093,41.5073478590064],[-81.261417001685,41.5073997309864],[-81.2614395328625,41.5074524711503],[-81.2614587545314,41.5075059464248],[-81.2614746245279,41.5075600395313],[-81.2614871080386,41.5076146318361],[-81.2614961776768,41.5076696036104],[-81.2615018135427,41.5077248342926],[-81.2615040032674,41.5077802027533],[-81.2615027420397,41.5078355875603],[-81.2613927118776,41.5078362679521],[-81.2613359242058,41.5078366189001],[-81.2589451466978,41.5078513771615],[-81.2588673248804,41.5077819497017],[-81.2582537261233,41.5072345188149],[-81.2582419633362,41.5072240254136],[-81.260705883777,41.5069856775797]]]},"properties":{"source_county":"Geauga","jurisdiction":"Munson Township","parcel_id":"21-095700","owner_name":"WARNER RUSSELL A","property_address":"13249 BOULDER GLEN DR","property_city":"CHESTERLAND","property_zip":"44026"}},{"type":"Feature","geometry":{"type":"Polygon","coordinates":[[[-81.2543907119089,41.4998854794034],[-81.2547650367094,41.4998824301595],[-81.2547613286217,41.4999099080268],[-81.2543710834849,41.5028008503545],[-81.2522428326397,41.502467747215],[-81.2523035879136,41.5016276278572],[-81.2524264248514,41.4999289927545],[-81.2524283898994,41.4999018293929],[-81.2524284112413,41.4999015261517],[-81.2525959152097,41.4999001577092],[-81.2531691249475,41.4998954744863],[-81.2542642361838,41.4998865103036],[-81.2543907119089,41.4998854794034]]]},"properties":{"source_county":"Geauga","jurisdiction":"Munson Township","parcel_id":"21-097000","owner_name":"KRAMER ROGER A","property_address":"10850 CEDAR RD","property_city":"CHESTERLAND","property_zip":"44026"}},{"type":"Feature","geometry":{"type":"Polygon","coordinates":[[[-81.2672489297453,41.5213978181243],[-81.2669359825434,41.5212820983087],[-81.2682730023999,41.5213439955411],[-81.2682714364056,41.5225507257453],[-81.267541994377,41.5225604145026],[-81.2672925951471,41.5225622346149],[-81.2672721054271,41.5220158305492],[-81.2672489297453,41.5213978181243]]]},"properties":{"source_county":"Geauga","jurisdiction":"Munson Township","parcel_id":"21-097800","owner_name":"MILLER SCOTT A & DONNA M","property_address":"10443 MAYFIELD RD","property_city":"CHESTERLAND","property_zip":"44026"}},{"type":"Feature","geometry":{"type":"Polygon","coordinates":[[[-81.2701931031927,41.5225246559025],[-81.2710841985074,41.5225060798899],[-81.2711077117563,41.5256745003938],[-81.2711207703665,41.5274342051971],[-81.2702434602954,41.5274535018652],[-81.2702254250546,41.5256883545132],[-81.2701931031927,41.5225246559025]]]},"properties":{"source_county":"Geauga","jurisdiction":"Munson Township","parcel_id":"21-098550","owner_name":"BERDIS ANTHONY & LEE IRENE","property_address":"10370 MAYFIELD RD","property_city":"CHESTERLAND","property_zip":"44026"}},{"type":"Feature","geometry":{"type":"Polygon","coordinates":[[[-81.2575084111411,41.5060573444437],[-81.257070435879,41.5053772251303],[-81.2550321375814,41.5058834261416],[-81.2549227006112,41.505783213287],[-81.256543756896,41.505376384489],[-81.2588020746358,41.5047972390651],[-81.2587320012164,41.5060518048052],[-81.2579642680462,41.5060541284042],[-81.257639004675,41.5062601344694],[-81.2575084111411,41.5060573444437]]]},"properties":{"source_county":"Geauga","jurisdiction":"Munson Township","parcel_id":"21-099100","owner_name":"BAKER DON L & AMY L","property_address":"10765 BUTTERNUT RD","property_city":"CHESTERLAND","property_zip":"44026"}},{"type":"Feature","geometry":{"type":"Polygon","coordinates":[[[-81.269056434762,41.5011988723961],[-81.2699693314168,41.5011912705309],[-81.2699674427222,41.5020209277155],[-81.2690543667138,41.5020285349873],[-81.269056434762,41.5011988723961]]]},"properties":{"source_county":"Geauga","jurisdiction":"Munson Township","parcel_id":"21-101100","owner_name":"COUGHLIN KYLE & FRANCIS LAURA","property_address":" CEDAR RD","property_city":"CHESTERLAND","property_zip":"44026"}},{"type":"Feature","geometry":{"type":"Polygon","coordinates":[[[-81.2690576259132,41.5007206769246],[-81.2699704200687,41.5007130758338],[-81.2699693314168,41.5011912705309],[-81.269056434762,41.5011988723961],[-81.2690570336239,41.5009582280885],[-81.2690576259132,41.5007206769246]]]},"properties":{"source_county":"Geauga","jurisdiction":"Munson Township","parcel_id":"21-101200","owner_name":"COUGHLIN KYLE & FRANCIS LAURA","property_address":" CEDAR RD","property_city":"CHESTERLAND","property_zip":"44026"}},{"type":"Feature","geometry":{"type":"Polygon","coordinates":[[[-81.2704810144284,41.4997524497294],[-81.2705201519276,41.4997521225305],[-81.2705201543712,41.4997522477265],[-81.2705205567359,41.499779591294],[-81.2705535620794,41.502016040455],[-81.2699674427222,41.5020209277155],[-81.2699693314168,41.5011912705309],[-81.2699704200687,41.5007130758338],[-81.2699725347647,41.4997841545438],[-81.2699725973214,41.4997568141008],[-81.2699725973248,41.4997566862292],[-81.2703642692647,41.4997534230119],[-81.2704810144284,41.4997524497294]]]},"properties":{"source_county":"Geauga","jurisdiction":"Munson Township","parcel_id":"21-101300","owner_name":"COUGHLIN KYLE & FRANCIS LAURA","property_address":" CEDAR RD","property_city":"CHESTERLAND","property_zip":"44026"}},{"type":"Feature","geometry":{"type":"Polygon","coordinates":[[[-81.2640051116425,41.5239934653023],[-81.2640031814812,41.523994342541],[-81.263777858594,41.5233206614059],[-81.2629341854937,41.5237041826869],[-81.2624211436944,41.5221701571729],[-81.2621179720519,41.5212636183681],[-81.2652533819467,41.5212658571961],[-81.2647059913548,41.5221159725334],[-81.2655147644445,41.52211654052],[-81.2655153050436,41.523306955606],[-81.2640051116425,41.5239934653023]]]},"properties":{"source_county":"Geauga","jurisdiction":"Munson Township","parcel_id":"21-104700","owner_name":"DILLON JONATHAN & JULIE","property_address":" BUTTERNUT RD","property_city":"CHESTERLAND","property_zip":"44026"}},{"type":"Feature","geometry":{"type":"Polygon","coordinates":[[[-81.2652533819467,41.5212658571961],[-81.2655143780492,41.5212660397283],[-81.2655145315209,41.5216044019626],[-81.2655147644445,41.52211654052],[-81.2647059913548,41.5221159725334],[-81.2652533819467,41.5212658571961]]]},"properties":{"source_county":"Geauga","jurisdiction":"Munson Township","parcel_id":"21-104800","owner_name":"DILLON JONATHAN & JULIE","property_address":" BUTTERNUT RD","property_city":"CHESTERLAND","property_zip":"44026"}},{"type":"Feature","geometry":{"type":"Polygon","coordinates":[[[-81.2702316073769,41.5166697358883],[-81.2705817723379,41.516515127082],[-81.270904965159,41.5186466895913],[-81.2705035320373,41.518645778527],[-81.270220560298,41.5172706003391],[-81.2701081399509,41.516724250114],[-81.2702316073769,41.5166697358883]]]},"properties":{"source_county":"Geauga","jurisdiction":"Munson Township","parcel_id":"21-104850","owner_name":"CHAPPELL SPENSIR","property_address":"10372 WYE RD","property_city":"CHESTERLAND","property_zip":"44026"}},{"type":"Feature","geometry":{"type":"Polygon","coordinates":[[[-81.2626499318936,41.5060398655394],[-81.2635078776509,41.5060372333843],[-81.263482039325,41.5068372865422],[-81.2615199890714,41.507371682044],[-81.261417001685,41.5073997309864],[-81.2613912195093,41.5073478590064],[-81.2613622360883,41.5072969508792],[-81.2613291525564,41.507242408971],[-81.2612453037528,41.507104171635],[-81.2612164344642,41.5070615911317],[-81.2611827472054,41.5070210597596],[-81.2611444973726,41.5069828847921],[-81.2611019749498,41.5069473556383],[-81.2611140827808,41.5067134395804],[-81.2611487096467,41.5060444560226],[-81.261315496289,41.5060439469592],[-81.2626499318936,41.5060398655394]]]},"properties":{"source_county":"Geauga","jurisdiction":"Munson Township","parcel_id":"21-104900","owner_name":"ONDERDONK AMANDA & JORDAN","property_address":"13252 BOULDER GLEN DR","property_city":"CHESTERLAND","property_zip":"44026"}},{"type":"Feature","geometry":{"type":"Polygon","coordinates":[[[-81.25972046321,41.5096747161288],[-81.259767893585,41.5096769059994],[-81.2598154130024,41.5096770425379],[-81.259862864264,41.5096751252927],[-81.2599100903972,41.509671160606],[-81.2599569351741,41.5096651615934],[-81.2600032436286,41.5096571481],[-81.260048862569,41.5096471466352],[-81.2600936410845,41.5096351902846],[-81.2601374310449,41.5096213186006],[-81.2601800875904,41.5096055774718],[-81.2602214696111,41.5095880189709],[-81.2602614402133,41.5095687011827],[-81.260299867173,41.5095476880116],[-81.2603366233728,41.5095250489706],[-81.2603715872229,41.5095008589509],[-81.2604046430629,41.5094751979743],[-81.2605919881954,41.5093205615245],[-81.2606630582815,41.5093839633088],[-81.2606631855278,41.5093840763305],[-81.2610347480056,41.5097155423604],[-81.2600211993668,41.5103574779685],[-81.2593789438994,41.509784373182],[-81.2594629825199,41.5097316927689],[-81.2594910198874,41.5097167837236],[-81.2595207970899,41.5097039211414],[-81.2595520505812,41.5096932188635],[-81.2595845037496,41.5096847716112],[-81.259617869366,41.5096786541474],[-81.2596518521257,41.5096749206151],[-81.2596861512626,41.5096736040581],[-81.25972046321,41.5096747161288]]]},"properties":{"source_county":"Geauga","jurisdiction":"Munson Township","parcel_id":"21-105400","owner_name":"ASAD MICHELLE & NICKOLAS","property_address":"10651 BUTTERNUT RD","property_city":"CHESTERLAND","property_zip":"44026"}},{"type":"Feature","geometry":{"type":"Polygon","coordinates":[[[-81.2691608069237,41.517142515824],[-81.2696344912636,41.5169333764613],[-81.2700839308409,41.5186448238875],[-81.2698298541908,41.5186442449134],[-81.2696461783253,41.5186438265537],[-81.2691608069237,41.517142515824]]]},"properties":{"source_county":"Geauga","jurisdiction":"Munson Township","parcel_id":"21-106100","owner_name":"MOORMEIER MATTHEW & STACY A","property_address":"10396 WYE RD","property_city":"CHESTERLAND","property_zip":"44026"}},{"type":"Feature","geometry":{"type":"Polygon","coordinates":[[[-81.2686875653734,41.5173514562585],[-81.2691608069237,41.517142515824],[-81.2696461783253,41.5186438265537],[-81.2691609915607,41.5186427188434],[-81.2686875653734,41.5173514562585]]]},"properties":{"source_county":"Geauga","jurisdiction":"Munson Township","parcel_id":"21-106200","owner_name":"DEHAAN KATHLEEN A","property_address":"10406 WYE RD","property_city":"CHESTERLAND","property_zip":"44026"}},{"type":"Feature","geometry":{"type":"Polygon","coordinates":[[[-81.2566285314315,41.5122537338232],[-81.2566322582416,41.511290676161],[-81.2564269030976,41.5113112084669],[-81.2562077647151,41.5113331190041],[-81.2523956979454,41.5117142019885],[-81.2523941591396,41.5117143556368],[-81.2523917193002,41.5113843633282],[-81.2523889182331,41.5110056219416],[-81.2523865352212,41.5107972161762],[-81.2523868127294,41.5107971759362],[-81.2557214145037,41.5103104157704],[-81.2562099236938,41.5102390984316],[-81.2564290772161,41.5102071033489],[-81.2566740195415,41.5101713427624],[-81.256666997817,41.5122192695742],[-81.2587975639726,41.5113275852182],[-81.2601492404026,41.5104717315482],[-81.2601727640951,41.5104927215045],[-81.2588189934336,41.51135021807],[-81.2566683159458,41.5122505833695],[-81.2566285314315,41.5122537338232]]]},"properties":{"source_county":"Geauga","jurisdiction":"Munson Township","parcel_id":"21-106700","owner_name":"BEHNKE MITCHEL L","property_address":"10642 BUTTERNUT RD","property_city":"CHESTERLAND","property_zip":"44026"}},{"type":"Feature","geometry":{"type":"Polygon","coordinates":[[[-81.2557967782814,41.5048147958257],[-81.2580823720714,41.5033935338842],[-81.258449376833,41.5033915729395],[-81.2588807131641,41.5033892662261],[-81.2588020746358,41.5047972390651],[-81.256543756896,41.505376384489],[-81.2559995863149,41.5048061628818],[-81.2547159023026,41.5055938462956],[-81.254641874233,41.5055260576964],[-81.2557967782814,41.5048147958257]]]},"properties":{"source_county":"Geauga","jurisdiction":"Munson Township","parcel_id":"21-108200","owner_name":"GRANTHAM JEFFREY J & SHERRI L","property_address":"10773 BUTTERNUT RD","property_city":"CHESTERLAND","property_zip":"44026"}},{"type":"Feature","geometry":{"type":"Polygon","coordinates":[[[-81.2547159023026,41.5055938462956],[-81.2559995863149,41.5048061628818],[-81.256543756896,41.505376384489],[-81.2549227006112,41.505783213287],[-81.2547159023026,41.5055938462956]]]},"properties":{"source_county":"Geauga","jurisdiction":"Munson Township","parcel_id":"21-108300","owner_name":"GRANTHAM JEFFREY J & SHERRI L","property_address":" BUTTERNUT RD","property_city":"CHESTERLAND","property_zip":"44026"}},{"type":"Feature","geometry":{"type":"Polygon","coordinates":[[[-81.2573177977928,41.5033976165614],[-81.2580823720714,41.5033935338842],[-81.2557967782814,41.5048147958257],[-81.2573177977928,41.5033976165614]]]},"properties":{"source_county":"Geauga","jurisdiction":"Munson Township","parcel_id":"21-108400","owner_name":"GRANTHAM JEFFREY J & SHERRI L","property_address":" BUTTERNUT RD","property_city":"CHESTERLAND","property_zip":"44026"}},{"type":"Feature","geometry":{"type":"Polygon","coordinates":[[[-81.2655979957556,41.5232693650592],[-81.2666611236377,41.5227860623274],[-81.2663704820572,41.5240954686766],[-81.2666656514807,41.5257368039367],[-81.26698725995,41.5275250651613],[-81.2656233113035,41.5275550141987],[-81.2656126543489,41.5257509608087],[-81.2655979957556,41.5232693650592]]]},"properties":{"source_county":"Geauga","jurisdiction":"Munson Township","parcel_id":"21-109200","owner_name":"SHIFFER JEFFREY","property_address":"10486 MAYFIELD RD","property_city":"CHESTERLAND","property_zip":"44026"}},{"type":"Feature","geometry":{"type":"Polygon","coordinates":[[[-81.2747076637929,41.5208143573307],[-81.2755740406894,41.520796337052],[-81.2755940261231,41.5224054068978],[-81.2747219530837,41.5224263156242],[-81.2747209001832,41.5223273380704],[-81.2747202103144,41.5222449623108],[-81.274715131997,41.5216645535157],[-81.2747102047252,41.5211013222985],[-81.2747076637929,41.5208143573307]]]},"properties":{"source_county":"Geauga","jurisdiction":"Munson Township","parcel_id":"21-113100","owner_name":"DOUGLASS MICHAEL & MOLLY","property_address":"10249 MAYFIELD RD","property_city":"CHESTERLAND","property_zip":"44026"}},{"type":"Feature","geometry":{"type":"Polygon","coordinates":[[[-81.2608544582901,41.5254256038287],[-81.2608454428149,41.5254297011831],[-81.2612512221683,41.5247479679876],[-81.2608130469355,41.524753456467],[-81.2615914552578,41.5242441828513],[-81.2616286453626,41.524219851137],[-81.2620974180351,41.5248606224979],[-81.2615940857042,41.5250894070195],[-81.2608544582901,41.5254256038287]]]},"properties":{"source_county":"Geauga","jurisdiction":"Munson Township","parcel_id":"21-113470","owner_name":"SMITH JACK A JR","property_address":"10595 MAYFIELD RD","property_city":"CHESTERLAND","property_zip":"44026"}},{"type":"Feature","geometry":{"type":"Polygon","coordinates":[[[-81.2620976766928,41.5248605045902],[-81.2620974180351,41.5248606224979],[-81.2616286453626,41.524219851137],[-81.2615914552578,41.5242441828513],[-81.2608130469355,41.524753456467],[-81.2607735748933,41.5247539507722],[-81.2606079441796,41.5245933015779],[-81.2606024003756,41.5244840965376],[-81.2606217881135,41.5244668735496],[-81.2606956815987,41.5244317067011],[-81.2607941097165,41.5244220670919],[-81.2609003664711,41.5245242052307],[-81.2609885790412,41.5245265671824],[-81.2610776375045,41.5244898240438],[-81.2611500114913,41.5243844135067],[-81.2610766792371,41.5243043354239],[-81.2610469513044,41.5242373478264],[-81.2610192916887,41.5241111565064],[-81.2608028446879,41.5241472390372],[-81.2607561214744,41.5239783891603],[-81.2608346766098,41.5239418357105],[-81.2610119193261,41.5239058919666],[-81.2611178434248,41.5236729679164],[-81.2606716424001,41.5230326205346],[-81.2606435687375,41.5228534924078],[-81.2607250937367,41.5227387669101],[-81.2608522532676,41.5226321477867],[-81.2611206116974,41.5225666823284],[-81.2611363201991,41.5224767487956],[-81.2610408419392,41.5223772796712],[-81.2611245532608,41.5223241236473],[-81.261348568164,41.5222693315285],[-81.2615410490145,41.5223176436694],[-81.2615487677519,41.5223125202618],[-81.2615905346239,41.5222847947934],[-81.2616131618006,41.5221212561947],[-81.2616986227841,41.5220832648283],[-81.2617814165252,41.5221140187574],[-81.2618401079348,41.5221584794985],[-81.2619016443479,41.5222774517393],[-81.2620049024943,41.5223177449087],[-81.26227733457,41.5222736737871],[-81.2624103377852,41.5221937160469],[-81.2624211436944,41.5221701571729],[-81.2629341854937,41.5237041826869],[-81.2631594964732,41.5243778527236],[-81.2620976766928,41.5248605045902]]]},"properties":{"source_county":"Geauga","jurisdiction":"Munson Township","parcel_id":"21-114000","owner_name":"ERGAZOS RENEE M TRUSTEE","property_address":"10571 MAYFIELD RD","property_city":"CHARDON","property_zip":"44024"}},{"type":"Feature","geometry":{"type":"Polygon","coordinates":[[[-81.2693105710014,41.5225369142548],[-81.2693083400067,41.5212946364193],[-81.2696735281241,41.5213010339081],[-81.2698280520568,41.5213037401402],[-81.2701462955694,41.5213093133821],[-81.2707687407854,41.5213202112468],[-81.2707707654134,41.5225126143026],[-81.2701239179282,41.5225260973691],[-81.2693105710014,41.5225369142548]]]},"properties":{"source_county":"Geauga","jurisdiction":"Munson Township","parcel_id":"21-114800","owner_name":"MINEO JEFFREY L & LAURA A & ZELEZNAK RICHARD A","property_address":"10375 MAYFIELD RD","property_city":"CHESTERLAND","property_zip":"44026"}},{"type":"Feature","geometry":{"type":"Polygon","coordinates":[[[-81.269104022351,41.521393556544],[-81.2693083400067,41.5212946364193],[-81.2693105781894,41.522536914331],[-81.2683809892102,41.5225492698832],[-81.2683796918881,41.5214754840958],[-81.2684562850563,41.5214143346153],[-81.269104022351,41.521393556544]]]},"properties":{"source_county":"Geauga","jurisdiction":"Munson Township","parcel_id":"21-114900","owner_name":"SIMS CHERISE MARIE & MICHELLE L","property_address":"10413 MAYFIELD RD","property_city":"CHESTERLAND","property_zip":"44026"}},{"type":"Feature","geometry":{"type":"Polygon","coordinates":[[[-81.2701239179282,41.5225260973691],[-81.2701931032096,41.5225246550022],[-81.2702254250546,41.5256883545132],[-81.2702434602954,41.5274535018652],[-81.2693661497077,41.5274727919015],[-81.2693430907002,41.5257007633302],[-81.2693339634738,41.5249992684618],[-81.2693019260183,41.5225370287845],[-81.2701239179282,41.5225260973691]]]},"properties":{"source_county":"Geauga","jurisdiction":"Munson Township","parcel_id":"21-117400","owner_name":"10390 MAYFIELD ROAD LLC","property_address":"10390 MAYFIELD RD","property_city":"CHESTERLAND","property_zip":"44026"}},{"type":"Feature","geometry":{"type":"Polygon","coordinates":[[[-81.2655143780492,41.5212660397283],[-81.2655141737822,41.5208155494961],[-81.266182614104,41.5209287302984],[-81.2665493681871,41.5211391379623],[-81.2669359825434,41.5212820983087],[-81.2672489297453,41.5213978181243],[-81.2672721054271,41.5220158305492],[-81.2655145315209,41.5216044019626],[-81.2655143780492,41.5212660397283]]]},"properties":{"source_county":"Geauga","jurisdiction":"Munson Township","parcel_id":"21-118900","owner_name":"ZULANDT JOE & CASEY","property_address":"10331 BUTTERNUT RD","property_city":"CHESTERLAND","property_zip":"44026"}},{"type":"Feature","geometry":{"type":"Polygon","coordinates":[[[-81.256666997817,41.5122192695742],[-81.2566740195415,41.5101713427624],[-81.2568248804858,41.5101493175438],[-81.2571259509545,41.5101053612995],[-81.2574020477923,41.5100650503952],[-81.2580315805455,41.5106268286836],[-81.2587853295527,41.5112994387994],[-81.260125717906,41.5104507425001],[-81.2601492404026,41.5104717315482],[-81.2587975639726,41.5113275852182],[-81.256666997817,41.5122192695742]]]},"properties":{"source_county":"Geauga","jurisdiction":"Munson Township","parcel_id":"21-119760","owner_name":"RICCI JOHN & ANGELA","property_address":"10648 BUTTERNUT RD","property_city":"CHESTERLAND","property_zip":"44026"}},{"type":"Feature","geometry":{"type":"Polygon","coordinates":[[[-81.2524008538114,41.5126198377344],[-81.2523941591396,41.5117143556368],[-81.2523956979454,41.5117142019885],[-81.2562077647151,41.5113331190041],[-81.2564269030976,41.5113112084669],[-81.2566322582416,41.511290676161],[-81.2566285314315,41.5122537338232],[-81.2566683159458,41.5122505833695],[-81.2588189934336,41.51135021807],[-81.2601727640951,41.5104927215045],[-81.2601962866048,41.5105137114431],[-81.2588392504911,41.51137295364],[-81.256666799353,41.5122821576496],[-81.2564249521518,41.512301305665],[-81.2562058203267,41.5123186552517],[-81.2524019108956,41.5126197536477],[-81.2524008538114,41.5126198377344]]]},"properties":{"source_county":"Geauga","jurisdiction":"Munson Township","parcel_id":"21-120100","owner_name":"TASLER RYAN A & KRISTA D","property_address":"10640 BUTTERNUT RD","property_city":"CHESTERLAND","property_zip":"44026"}},{"type":"Feature","geometry":{"type":"Polygon","coordinates":[[[-81.2689639315823,41.5225557904399],[-81.269035546891,41.5225405708087],[-81.2690536494863,41.5225403296969],[-81.2690702286946,41.5235920870406],[-81.2684361398353,41.5235965759056],[-81.2684245617623,41.5225486904544],[-81.2688790633122,41.5225426505213],[-81.2689639315823,41.5225557904399]]]},"properties":{"source_county":"Geauga","jurisdiction":"Munson Township","parcel_id":"21-122550","owner_name":"PADO ANDREW CHARLES","property_address":"10416 MAYFIELD RD","property_city":"CHESTERLAND","property_zip":"44026"}},{"type":"Feature","geometry":{"type":"Polygon","coordinates":[[[-81.2690536494863,41.5225403296969],[-81.2693019260183,41.5225370287845],[-81.2693339634738,41.5249992684618],[-81.2684518381051,41.5250172944298],[-81.2684361398353,41.5235965759056],[-81.2690702286946,41.5235920870406],[-81.2690536494863,41.5225403296969]]]},"properties":{"source_county":"Geauga","jurisdiction":"Munson Township","parcel_id":"21-122750","owner_name":"NOVAK ROBERT & LYNN ANN","property_address":"10402 MAYFIELD RD","property_city":"CHESTERLAND","property_zip":"44026"}},{"type":"Feature","geometry":{"type":"Polygon","coordinates":[[[-81.267553673411,41.5236028181287],[-81.2684361398353,41.5235965759056],[-81.2684518381051,41.5250172944298],[-81.2675697110532,41.5250353136801],[-81.267553673411,41.5236028181287]]]},"properties":{"source_county":"Geauga","jurisdiction":"Munson Township","parcel_id":"21-122760","owner_name":"NOVAK ROBERT & LYNN ANN","property_address":" MAYFIELD RD","property_city":"CHESTERLAND","property_zip":"44026"}},{"type":"Feature","geometry":{"type":"Polygon","coordinates":[[[-81.2570340418635,41.5097498062465],[-81.2573924756365,41.5096975515877],[-81.2574843676526,41.5100530314179],[-81.2574020477923,41.5100650503952],[-81.2571259509545,41.5101053612995],[-81.2570340418635,41.5097498062465]]]},"properties":{"source_county":"Geauga","jurisdiction":"Munson Township","parcel_id":"21-125200","owner_name":"WILLIS JOHN R & ROSSI KAREN M","property_address":" BUTTERNUT RD","property_city":"CHESTERLAND","property_zip":"44026"}},{"type":"Feature","geometry":{"type":"Polygon","coordinates":[[[-81.2573924756365,41.5096975515877],[-81.2590163362352,41.5094608004144],[-81.2591732877706,41.509600856712],[-81.2593712638432,41.5097775201763],[-81.2574843676526,41.5100530314179],[-81.2573924756365,41.5096975515877]]]},"properties":{"source_county":"Geauga","jurisdiction":"Munson Township","parcel_id":"21-125300","owner_name":"WILLIS JOHN R & ROSSI KAREN M","property_address":" BUTTERNUT RD","property_city":"CHESTERLAND","property_zip":"44026"}},{"type":"Feature","geometry":{"type":"Polygon","coordinates":[[[-81.256732956178,41.5097936999425],[-81.2570340418635,41.5097498062465],[-81.2571259509545,41.5101053612995],[-81.2568248804858,41.5101493175438],[-81.256732956178,41.5097936999425]]]},"properties":{"source_county":"Geauga","jurisdiction":"Munson Township","parcel_id":"21-125400","owner_name":"WILLIS JOHN R & ROSSI KAREN M","property_address":"10676 BUTTERNUT RD","property_city":"CHESTERLAND","property_zip":"44026"}},{"type":"Feature","geometry":{"type":"Polygon","coordinates":[[[-81.2717200008122,41.5224928212573],[-81.2719724225247,41.5224872325253],[-81.272021954342,41.5256757773803],[-81.2720489551417,41.5274137824081],[-81.2713803314941,41.5274284941493],[-81.2713531048932,41.5256748438677],[-81.2713038418637,41.5225014998264],[-81.2717200008122,41.5224928212573]]]},"properties":{"source_county":"Geauga","jurisdiction":"Munson Township","parcel_id":"21-126200","owner_name":"KUHL DONALD K & ELAINE M","property_address":"10340 MAYFIELD RD","property_city":"CHESTERLAND","property_zip":"44026"}},{"type":"Feature","geometry":{"type":"Polygon","coordinates":[[[-81.2605919881954,41.5093205615245],[-81.2610192245956,41.5089679115473],[-81.2611362805275,41.5089927096981],[-81.2613496129278,41.5090379036619],[-81.2633947130185,41.5094711269034],[-81.2633768225648,41.5100100759643],[-81.2616002103365,41.5102199752325],[-81.2613606493678,41.5100062707934],[-81.2610347480056,41.5097155423604],[-81.2606631855278,41.5093840763305],[-81.2606630582815,41.5093839633088],[-81.2605919881954,41.5093205615245]]]},"properties":{"source_county":"Geauga","jurisdiction":"Munson Township","parcel_id":"21-126900","owner_name":"REGOVICH THOMAS R & CORY A","property_address":"13182 BOULDER GLEN DR","property_city":"CHESTERLAND","property_zip":"44026"}},{"type":"Feature","geometry":{"type":"Polygon","coordinates":[[[-81.2615199890714,41.507371682044],[-81.263482039325,41.5068372865422],[-81.2634364965939,41.508209091059],[-81.2615871919626,41.5082141267167],[-81.2614768940305,41.5082144261253],[-81.261483767011,41.5081621976609],[-81.2614879463845,41.5081098084044],[-81.2615027420397,41.5078355875603],[-81.2615040032674,41.5077802027533],[-81.2615018135427,41.5077248342926],[-81.2614961776768,41.5076696036104],[-81.2614871080386,41.5076146318361],[-81.2614746245279,41.5075600395313],[-81.2614587545314,41.5075059464248],[-81.2614395328625,41.5074524711503],[-81.261417001685,41.5073997309864],[-81.2615199890714,41.507371682044]]]},"properties":{"source_county":"Geauga","jurisdiction":"Munson Township","parcel_id":"21-129700","owner_name":"PIKUS ETHEL R TRUSTEE","property_address":"13228 BOULDER GLEN DR","property_city":"CHESTERLAND","property_zip":"44026"}},{"type":"Feature","geometry":{"type":"Polygon","coordinates":[[[-81.2655147644445,41.52211654052],[-81.2655145315209,41.5216044019626],[-81.2672721054271,41.5220158305492],[-81.2672925951471,41.5225622346149],[-81.2671506895817,41.5225632691945],[-81.2666611236377,41.5227860623274],[-81.2655153050436,41.523306955606],[-81.2655147644445,41.52211654052]]]},"properties":{"source_county":"Geauga","jurisdiction":"Munson Township","parcel_id":"21-130400","owner_name":"KOCH PAMELA & KEVIN TRUSTEES","property_address":"10305 BUTTERNUT RD","property_city":"CHESTERLAND","property_zip":"44026"}},{"type":"Feature","geometry":{"type":"Polygon","coordinates":[[[-81.2613927118776,41.5078362679521],[-81.2615027420397,41.5078355875603],[-81.2614879463845,41.5081098084044],[-81.261483767011,41.5081621976609],[-81.2614768940305,41.5082144261253],[-81.2614571952065,41.5083100890423],[-81.2614284542755,41.5084044495694],[-81.2613908180941,41.5084970254297],[-81.2613444789844,41.5085873434657],[-81.2613133718649,41.5086391113066],[-81.2612794047408,41.5086898533071],[-81.2612426373364,41.5087394802379],[-81.2612031343009,41.5087879048301],[-81.2611609650945,41.5088350419289],[-81.2611162038663,41.5088808086437],[-81.261068929324,41.5089251244931],[-81.2610192245956,41.5089679115473],[-81.2605919881954,41.5093205615245],[-81.2605207909838,41.5092570475739],[-81.260186705702,41.508959008946],[-81.2594809350997,41.5083293763634],[-81.2589451466978,41.5078513771615],[-81.2613359242058,41.5078366189001],[-81.2613927118776,41.5078362679521]]]},"properties":{"source_county":"Geauga","jurisdiction":"Munson Township","parcel_id":"21-130480","owner_name":"WHITE WILLIAM A & SUSAN E","property_address":"13203 BOULDER GLEN DR","property_city":"CHESTERLAND","property_zip":"44026"}},{"type":"Feature","geometry":{"type":"Polygon","coordinates":[[[-81.2591864240908,41.506445734072],[-81.2606467772048,41.5064525135798],[-81.2608183774774,41.5066390606219],[-81.2611019749498,41.5069473556383],[-81.2607058825963,41.5069856766666],[-81.2582419633362,41.5072240254136],[-81.2591864240908,41.506445734072]]]},"properties":{"source_county":"Geauga","jurisdiction":"Munson Township","parcel_id":"21-133800","owner_name":"ROTH ELAINE ANNE TRUSTEE","property_address":"13275 BOULDER GLEN DR","property_city":"CHESTERLAND","property_zip":"44026"}},{"type":"Feature","geometry":{"type":"Polygon","coordinates":[[[-81.2519590667311,41.5054611685542],[-81.2531680078683,41.5041763759912],[-81.2535588662237,41.5045343090182],[-81.2522720978566,41.505602409315],[-81.2519590667311,41.5054611685542]]]},"properties":{"source_county":"Geauga","jurisdiction":"Munson Township","parcel_id":"21-138310","owner_name":"WISER JAMES H","property_address":"10824 BUTTERNUT RD","property_city":"CHESTERLAND","property_zip":"44026"}},{"type":"Feature","geometry":{"type":"Polygon","coordinates":[[[-81.2629341854937,41.5237041826869],[-81.263777858594,41.5233206614059],[-81.2640031814812,41.523994342541],[-81.2631594964732,41.5243778527236],[-81.2629341854937,41.5237041826869]]]},"properties":{"source_county":"Geauga","jurisdiction":"Munson Township","parcel_id":"21-140700","owner_name":"ERGAZOS MARK TOD & RENEE M TOD","property_address":"10551 MAYFIELD RD","property_city":"CHESTERLAND","property_zip":"44026"}},{"type":"Feature","geometry":{"type":"Polygon","coordinates":[[[-81.2705817723379,41.516515127082],[-81.2710554053303,41.5163060003408],[-81.2712882181913,41.5186475589426],[-81.270904965159,41.5186466895913],[-81.2705817723379,41.516515127082]]]},"properties":{"source_county":"Geauga","jurisdiction":"Munson Township","parcel_id":"21-141130","owner_name":"ATZEMIS CHAD P TOD & SUSAN L TOD","property_address":"10370 WYE RD","property_city":"CHESTERLAND","property_zip":"44026"}},{"type":"Feature","geometry":{"type":"Polygon","coordinates":[[[-81.2625201557345,41.5246684686567],[-81.2630982429218,41.5244056961248],[-81.2638261383817,41.5254686639103],[-81.2632480493763,41.5257314481343],[-81.2625201557345,41.5246684686567]]]},"properties":{"source_county":"Geauga","jurisdiction":"Munson Township","parcel_id":"21-141250","owner_name":"SANGRIK JOSEPH A JR","property_address":"10570 MAYFIELD RD","property_city":"CHESTERLAND","property_zip":"44026"}},{"type":"Feature","geometry":{"type":"Polygon","coordinates":[[[-81.2710677053242,41.4997475526334],[-81.2716152572443,41.4997429909431],[-81.2716156636414,41.4997704633168],[-81.2716487053397,41.5020069013558],[-81.2711011331489,41.5020114721913],[-81.2710681114244,41.4997750286103],[-81.2710677065042,41.4997476174822],[-81.2710677053242,41.4997475526334]]]},"properties":{"source_county":"Geauga","jurisdiction":"Munson Township","parcel_id":"21-141500","owner_name":"SANKOVICH MONICA C","property_address":"10356 CEDAR RD","property_city":"CHESTERLAND","property_zip":"44026"}},{"type":"Feature","geometry":{"type":"Polygon","coordinates":[[[-81.2705201519276,41.4997521225305],[-81.2710677053242,41.4997475526334],[-81.2710677065042,41.4997476174822],[-81.2710681114244,41.4997750286103],[-81.2711011331489,41.5020114721913],[-81.2705535620794,41.502016040455],[-81.2705205567359,41.499779591294],[-81.2705201543712,41.4997522477265],[-81.2705201519276,41.4997521225305]]]},"properties":{"source_county":"Geauga","jurisdiction":"Munson Township","parcel_id":"21-141600","owner_name":"SANKOVICH GREGORY EDWIN & DYANA BERNICE","property_address":" CEDAR RD","property_city":"CHESTERLAND","property_zip":"44026"}},{"type":"Feature","geometry":{"type":"Polygon","coordinates":[[[-81.2710554053303,41.5163060003408],[-81.2715290497932,41.5160968655026],[-81.2716532839623,41.5186483857847],[-81.2712882181913,41.5186475589426],[-81.2710554053303,41.5163060003408]]]},"properties":{"source_county":"Geauga","jurisdiction":"Munson Township","parcel_id":"21-141900","owner_name":"THORNTON JESSE & JESSICA","property_address":"10366 WYE RD","property_city":"CHESTERLAND","property_zip":"44026"}},{"type":"Feature","geometry":{"type":"Polygon","coordinates":[[[-81.2578541098626,41.5084236613221],[-81.2588673248804,41.5077819497017],[-81.2589451466978,41.5078513771615],[-81.2594809350997,41.5083293763634],[-81.2584676254738,41.508971151681],[-81.2578541098626,41.5084236613221]]]},"properties":{"source_county":"Geauga","jurisdiction":"Munson Township","parcel_id":"21-142300","owner_name":"BRILL CHARLES L TOD & SHANNON M TOD","property_address":"10675 BUTTERNUT RD","property_city":"CHESTERLAND","property_zip":"44026"}},{"type":"Feature","geometry":{"type":"Polygon","coordinates":[[[-81.2580315805455,41.5106268286836],[-81.2593712638432,41.5097775201763],[-81.2593789438994,41.509784373182],[-81.2600211993668,41.5103574779685],[-81.260125717906,41.5104507425001],[-81.2587853295527,41.5112994387994],[-81.2580315805455,41.5106268286836]]]},"properties":{"source_county":"Geauga","jurisdiction":"Munson Township","parcel_id":"21-145300","owner_name":"MARTIN CHRISTOPHER","property_address":"10652 BUTTERNUT RD","property_city":"CHESTERLAND","property_zip":"44026"}},{"type":"Feature","geometry":{"type":"Polygon","coordinates":[[[-81.2734887967826,41.522453645068],[-81.2737735453963,41.5224473360104],[-81.2737866111883,41.5232869355146],[-81.2730017600162,41.5233029844728],[-81.272988731939,41.5224647233162],[-81.2734887967826,41.522453645068]]]},"properties":{"source_county":"Geauga","jurisdiction":"Munson Township","parcel_id":"21-147200","owner_name":"KANKULA SCOTT & DIANE","property_address":"10296 MAYFIELD RD","property_city":"CHESTERLAND","property_zip":"44026"}},{"type":"Feature","geometry":{"type":"Polygon","coordinates":[[[-81.2530621075556,41.5209275699264],[-81.2557649769254,41.5209010381642],[-81.2550439044715,41.5225003044954],[-81.2548498223489,41.5225767286293],[-81.2547698919034,41.5224234090845],[-81.2530621075556,41.5209275699264]]]},"properties":{"source_county":"Geauga","jurisdiction":"Munson Township","parcel_id":"21-148060","owner_name":"PETERS JOSHUA J & JEANETTE L","property_address":"12775 MILL VIEW LN","property_city":"CHARDON","property_zip":"44024"}},{"type":"Feature","geometry":{"type":"Polygon","coordinates":[[[-81.2524671063487,41.5209334025602],[-81.2530621075556,41.5209275699264],[-81.2547698919034,41.5224234090845],[-81.2548498223489,41.5225767286293],[-81.2546382046075,41.5226194260308],[-81.2524893813934,41.5223862197307],[-81.2524714377526,41.5213540388038],[-81.2524712814777,41.5213450636345],[-81.25246412586,41.5209334317514],[-81.2524671063487,41.5209334025602]]]},"properties":{"source_county":"Geauga","jurisdiction":"Munson Township","parcel_id":"21-149400","owner_name":"MC ELHANEY JULIE A","property_address":"12759 MILL VIEW LN","property_city":"CHARDON","property_zip":"44024"}},{"type":"Feature","geometry":{"type":"Polygon","coordinates":[[[-81.2561888890287,41.5208968713346],[-81.256207643199,41.5208966869415],[-81.2562151534379,41.52125917465],[-81.2562381748666,41.5223703079162],[-81.2561859803498,41.5223706678863],[-81.2554641562042,41.5223756473609],[-81.2550075262477,41.522691047126],[-81.2548498223489,41.5225767286293],[-81.2550439044715,41.5225003044954],[-81.2557649769254,41.5209010381642],[-81.2561888890287,41.5208968713346]]]},"properties":{"source_county":"Geauga","jurisdiction":"Munson Township","parcel_id":"21-155100","owner_name":"MAGOOCH PAUL M TOD","property_address":"12785 MILL VIEW LN","property_city":"CHARDON","property_zip":"44024"}},{"type":"Feature","geometry":{"type":"Polygon","coordinates":[[[-81.2549882502668,41.5231993201726],[-81.2548498223489,41.5225767286293],[-81.2550075262477,41.522691047126],[-81.2554641562042,41.5223756473609],[-81.2561859803498,41.5223706678863],[-81.2562381748666,41.5223703079162],[-81.2562610849747,41.5234760455978],[-81.2561837959193,41.5234771586832],[-81.2550291389445,41.5234937855246],[-81.2550234481246,41.5234198491353],[-81.2550147304087,41.5233460795048],[-81.2550029940755,41.5232725466024],[-81.2549882502668,41.5231993201726]]]},"properties":{"source_county":"Geauga","jurisdiction":"Munson Township","parcel_id":"21-155101","owner_name":"MAJEWSKI KENT A & DEBRA MICHELLE & DUSTIN M","property_address":"12780 MILL VIEW LN","property_city":"CHARDON","property_zip":"44024"}},{"type":"Feature","geometry":{"type":"Polygon","coordinates":[[[-81.2716152572443,41.4997429909431],[-81.2721628105388,41.4997384131763],[-81.2721632169629,41.499765896352],[-81.2721962774541,41.5020023279358],[-81.2716487053397,41.5020069013558],[-81.2716156636414,41.4997704633168],[-81.2716152572443,41.4997429909431]]]},"properties":{"source_county":"Geauga","jurisdiction":"Munson Township","parcel_id":"21-156730","owner_name":"WILLIAMS RANDY TOD","property_address":"10340 CEDAR RD","property_city":"CHESTERLAND","property_zip":"44026"}},{"type":"Feature","geometry":{"type":"Polygon","coordinates":[[[-81.2572406044986,41.5078761676266],[-81.2582537261233,41.5072345188149],[-81.2588673248804,41.5077819497017],[-81.2578541098626,41.5084236613221],[-81.2576874945323,41.5082749745819],[-81.2572406044986,41.5078761676266]]]},"properties":{"source_county":"Geauga","jurisdiction":"Munson Township","parcel_id":"21-157600","owner_name":"YANDELL CADE & ANDERSON HALEY","property_address":"10685 BUTTERNUT RD","property_city":"CHESTERLAND","property_zip":"44026"}},{"type":"Feature","geometry":{"type":"Polygon","coordinates":[[[-81.2642293664521,41.5182729500395],[-81.2636349469307,41.5166224397983],[-81.2635229376203,41.5159540546345],[-81.2635153379297,41.5159087108875],[-81.2643317300681,41.5155080601692],[-81.2642219639102,41.5149224401051],[-81.2638211973229,41.514437536776],[-81.2638447036963,41.5140439747103],[-81.2638579251168,41.5138226022076],[-81.2641787994584,41.5135321534921],[-81.2642168208493,41.51297524005],[-81.2648695730778,41.5129483579057],[-81.2653403882913,41.5125166753687],[-81.266494191922,41.5114587397242],[-81.2675584189573,41.5104347662089],[-81.2668663225414,41.5095977215239],[-81.2636164166298,41.5099817665584],[-81.2633768225648,41.5100100759643],[-81.2633947130185,41.5094711269034],[-81.2634364965939,41.508209091059],[-81.263482039325,41.5068372865422],[-81.2635078776509,41.5060372333843],[-81.2626499318936,41.5060398655394],[-81.2626124112969,41.5029492727659],[-81.2657399237255,41.5029233602506],[-81.2699654672426,41.5028882158011],[-81.2699583814916,41.5060004882969],[-81.2703504930684,41.5059990862341],[-81.2703498421603,41.5060582486424],[-81.2702416594313,41.5158854875475],[-81.2702351400379,41.516477615758],[-81.2702339086577,41.516589481657],[-81.2702330762556,41.5165898492436],[-81.268684305136,41.5172737796998],[-81.2685928266198,41.5172339739794],[-81.2675960240275,41.5168002193],[-81.2664174132672,41.517014393223],[-81.2663040557341,41.5171742379247],[-81.2659302741182,41.5185496224885],[-81.2659791448359,41.518569591218],[-81.2657318498938,41.5194333747098],[-81.2648186710614,41.5189300886386],[-81.2642293664521,41.5182729500395]]]},"properties":{"source_county":"Geauga","jurisdiction":"Munson Township","parcel_id":"21-158000","owner_name":"FMGC LLC","property_address":" WYE RD","property_city":"CHESTERLAND","property_zip":"44026"}},{"type":"Feature","geometry":{"type":"Polygon","coordinates":[[[-81.2625744007974,41.4998181202346],[-81.2636529449427,41.4998091896923],[-81.2636530131243,41.4998366351109],[-81.2636559399908,41.5010223250449],[-81.2625891261198,41.5010311585266],[-81.2625747344913,41.4998455630878],[-81.2625744007974,41.4998181202346]]]},"properties":{"source_county":"Geauga","jurisdiction":"Munson Township","parcel_id":"21-158001","owner_name":"MURRAY JUSTIN E","property_address":"10580 CEDAR RD","property_city":"CHESTERLAND","property_zip":"44026"}},{"type":"Feature","geometry":{"type":"Polygon","coordinates":[[[-81.2497892375638,41.5048188475144],[-81.2504745264027,41.5034146337688],[-81.2506826502633,41.5034720312729],[-81.2509886402736,41.5035564184906],[-81.250303360964,41.5049606352118],[-81.2497892375638,41.5048188475144]]]},"properties":{"source_county":"Geauga","jurisdiction":"Munson Township","parcel_id":"21-158470","owner_name":"GIBB JOHN & TRACI A","property_address":"10894 BUTTERNUT RD","property_city":"CHESTERLAND","property_zip":"44026"}},{"type":"Feature","geometry":{"type":"Polygon","coordinates":[[[-81.2696344912636,41.5169333764613],[-81.2701081399509,41.516724250114],[-81.270220560298,41.5172706003391],[-81.2705035320373,41.518645778527],[-81.2701952865391,41.5186450775274],[-81.2700839308409,41.5186448238875],[-81.2696344912636,41.5169333764613]]]},"properties":{"source_county":"Geauga","jurisdiction":"Munson Township","parcel_id":"21-164400","owner_name":"WERBEACH KEITH & DEBORAH","property_address":"10382 WYE RD","property_city":"CHESTERLAND","property_zip":"44026"}},{"type":"Feature","geometry":{"type":"Polygon","coordinates":[[[-81.2682183935286,41.5175585964628],[-81.2686875653734,41.5173514562585],[-81.2691609915607,41.5186427188434],[-81.2684741393681,41.5186411483739],[-81.2682183935286,41.5175585964628]]]},"properties":{"source_county":"Geauga","jurisdiction":"Munson Township","parcel_id":"21-166550","owner_name":"COAKLEY LUCY I","property_address":"10422 WYE RD","property_city":"CHESTERLAND","property_zip":"44026"}},{"type":"Feature","geometry":{"type":"Polygon","coordinates":[[[-81.2514734964995,41.5085709989956],[-81.2523600480958,41.5084814969897],[-81.2523661686634,41.5090166478226],[-81.2507758785166,41.5091390711866],[-81.2507545427308,41.5090166249114],[-81.2507282053954,41.5088947300144],[-81.2506968914739,41.5087735019018],[-81.2506606306404,41.5086530553482],[-81.2514734964995,41.5085709989956]]]},"properties":{"source_county":"Geauga","jurisdiction":"Munson Township","parcel_id":"21-166890","owner_name":"HAMILTON MICHELLE & JOHN","property_address":"13190 N BRIDLE TRL","property_city":"CHARDON","property_zip":"44024"}},{"type":"Feature","geometry":{"type":"Polygon","coordinates":[[[-81.2728981361029,41.5248593972375],[-81.2728609478426,41.5224675539969],[-81.272988731939,41.5224647233162],[-81.2730017600162,41.5233029844728],[-81.2737866111883,41.5232869355146],[-81.273810791736,41.5248407361941],[-81.2728981361029,41.5248593972375]]]},"properties":{"source_county":"Geauga","jurisdiction":"Munson Township","parcel_id":"21-169300","owner_name":"CAPDEVILLE MICHELLE J TRUSTEE","property_address":"10306 MAYFIELD RD","property_city":"CHESTERLAND","property_zip":"44026"}},{"type":"Feature","geometry":{"type":"Polygon","coordinates":[[[-81.2537297338732,41.5046907812809],[-81.2549262285553,41.5039835758592],[-81.2553422288921,41.5043805384811],[-81.2541360755924,41.5050628850269],[-81.253971421584,41.5049121055948],[-81.2537297338732,41.5046907812809]]]},"properties":{"source_county":"Geauga","jurisdiction":"Munson Township","parcel_id":"21-171400","owner_name":"GARLAK TIMOTHY J & DEBRA A","property_address":"10813 BUTTERNUT RD","property_city":"CHESTERLAND","property_zip":"44026"}},{"type":"Feature","geometry":{"type":"Polygon","coordinates":[[[-81.2541360755924,41.5050628850269],[-81.2553422288921,41.5043805384811],[-81.2557967782814,41.5048147958257],[-81.254641874233,41.5055260576964],[-81.2543999688775,41.5053045398248],[-81.2543304745763,41.5052409014921],[-81.2541360755924,41.5050628850269]]]},"properties":{"source_county":"Geauga","jurisdiction":"Munson Township","parcel_id":"21-171500","owner_name":"WILLIAMS ROY A TOD & LINDA K TOD","property_address":"10793 BUTTERNUT RD","property_city":"CHESTERLAND","property_zip":"44026"}},{"type":"Feature","geometry":{"type":"Polygon","coordinates":[[[-81.2553422288921,41.5043805384811],[-81.2549262285553,41.5039835758592],[-81.2537297338732,41.5046907812809],[-81.2536594802439,41.5046264472775],[-81.2555341119538,41.5033605228107],[-81.2559096988925,41.5034051208289],[-81.2564508863522,41.503402238866],[-81.2570608787255,41.5033989866708],[-81.2573177977928,41.5033976165614],[-81.2557967782814,41.5048147958257],[-81.2553422288921,41.5043805384811]]]},"properties":{"source_county":"Geauga","jurisdiction":"Munson Township","parcel_id":"21-171510","owner_name":"SCHULTZ BRADLEY G & MISTY M TRUSTEES","property_address":"10819 BUTTERNUT RD","property_city":"CHESTERLAND","property_zip":"44026"}},{"type":"Feature","geometry":{"type":"Polygon","coordinates":[[[-81.2523489045547,41.5075072492742],[-81.2523405496366,41.5067766826387],[-81.252340794053,41.5067766807648],[-81.2559709469934,41.5067430805286],[-81.2564504099826,41.5071709769133],[-81.2564276978107,41.5072784697671],[-81.2563151900568,41.5078109447189],[-81.2562146206709,41.5078586342702],[-81.2557903297824,41.508059828307],[-81.2539771583664,41.5073498334707],[-81.2534559959909,41.5094911476099],[-81.2523777154512,41.5100024033502],[-81.2523774446514,41.5100025319117],[-81.2523734743212,41.5096553971837],[-81.2523661686634,41.5090166478226],[-81.2523600480958,41.5084814969897],[-81.2523489045547,41.5075072492742]]]},"properties":{"source_county":"Geauga","jurisdiction":"Munson Township","parcel_id":"21-171600","owner_name":"WILLIAMS CHARLENE ANN & REID JENNIFER WILLIAMS & WILLIAMS ROBERT STANFORD","property_address":"10742 BUTTERNUT RD","property_city":"CHESTERLAND","property_zip":"44026"}},{"type":"Feature","geometry":{"type":"Polygon","coordinates":[[[-81.255092215981,41.506068200621],[-81.255233231745,41.5060675678371],[-81.2552395170128,41.5060733237621],[-81.2559709469934,41.5067430805286],[-81.252340794053,41.5067766807648],[-81.2523405496366,41.5067766826387],[-81.2523327382018,41.5060937304786],[-81.2523329766273,41.5060937285402],[-81.2531330511751,41.5060863336363],[-81.255092215981,41.506068200621]]]},"properties":{"source_county":"Geauga","jurisdiction":"Munson Township","parcel_id":"21-171700","owner_name":"REID CHRISTOPHER L & WILLIAMS REID JENNIFER L","property_address":"10766 BUTTERNUT RD","property_city":"CHESTERLAND","property_zip":"44026"}},{"type":"Feature","geometry":{"type":"Polygon","coordinates":[[[-81.2715290497932,41.5160968655026],[-81.2719996709702,41.5158890628105],[-81.2720068326806,41.5175815006251],[-81.2720093159559,41.5178104715335],[-81.2720184132492,41.5186492112499],[-81.2716532839623,41.5186483857847],[-81.2715290497932,41.5160968655026]]]},"properties":{"source_county":"Geauga","jurisdiction":"Munson Township","parcel_id":"21-171900","owner_name":"WELKER PAUL & JAMIE","property_address":"10340 WYE RD","property_city":"CHESTERLAND","property_zip":"44026"}},{"type":"Feature","geometry":{"type":"Polygon","coordinates":[[[-81.2636164166298,41.5099817665584],[-81.2668663225414,41.5095977215239],[-81.2675584189573,41.5104347662089],[-81.2663035715257,41.510955973812],[-81.2637492545091,41.5118186409927],[-81.2622403185227,41.5123375620813],[-81.2618317570506,41.5119730218525],[-81.2613784533033,41.5115685541561],[-81.261267187387,41.5114692736691],[-81.2613768585189,41.5114285720843],[-81.2626855517989,41.5109428653212],[-81.2636164166298,41.5099817665584]]]},"properties":{"source_county":"Geauga","jurisdiction":"Munson Township","parcel_id":"21-172120","owner_name":"KIRCHHAUSEN GEORGE B & RUTH E","property_address":"10587 BUTTERNUT RD","property_city":"CHESTERLAND","property_zip":"44026"}},{"type":"Feature","geometry":{"type":"Polygon","coordinates":[[[-81.2663035715257,41.510955973812],[-81.2675584189573,41.5104347662089],[-81.266494191922,41.5114587397242],[-81.2653403882913,41.5125166753687],[-81.2625689667662,41.5126307968741],[-81.2622403185227,41.5123375620813],[-81.2637492545091,41.5118186409927],[-81.2663035715257,41.510955973812]]]},"properties":{"source_county":"Geauga","jurisdiction":"Munson Township","parcel_id":"21-172125","owner_name":"FOGARTY PHILIP L & SALLY L CO TRUSTEES","property_address":" BUTTERNUT RD","property_city":"CHESTERLAND","property_zip":"44026"}},{"type":"Feature","geometry":{"type":"Polygon","coordinates":[[[-81.2524937638827,41.5231621234765],[-81.2524893813934,41.5223862197307],[-81.2546382046075,41.5226194260308],[-81.2548498223489,41.5225767286293],[-81.2549882502668,41.5231993201726],[-81.2548801923619,41.5232128902681],[-81.2533859464785,41.5235911443407],[-81.2525011074805,41.5236498304299],[-81.2524937638827,41.5231621234765]]]},"properties":{"source_county":"Geauga","jurisdiction":"Munson Township","parcel_id":"21-175310","owner_name":"HERRINGSHAW JAMES EDWIN AKA JAMES E TOD","property_address":"12719 MILL VIEW LN","property_city":"CHARDON","property_zip":"44024"}},{"type":"Feature","geometry":{"type":"Polygon","coordinates":[[[-81.273560573587,41.5216885576709],[-81.274715131997,41.5216645535157],[-81.2747202103144,41.5222449623108],[-81.273728171444,41.5222669686945],[-81.273699784847,41.522265695376],[-81.27367227806,41.5222602736354],[-81.2736467138582,41.5222509129517],[-81.2736240799602,41.5222379749919],[-81.2736052508657,41.5222219596375],[-81.2735909540674,41.5222034856702],[-81.2735817419432,41.5221832668643],[-81.2735779704146,41.5221620844081],[-81.273560573587,41.5216885576709]]]},"properties":{"source_county":"Geauga","jurisdiction":"Munson Township","parcel_id":"21-176303","owner_name":"LEE MATTHIAS A & JESSICA S","property_address":" MAYFIELD RD","property_city":"CHESTERLAND","property_zip":"44026"}},{"type":"Feature","geometry":{"type":"Polygon","coordinates":[[[-81.2735398577715,41.521125654706],[-81.2747102047252,41.5211013222985],[-81.274715131997,41.5216645535157],[-81.273560573587,41.5216885576709],[-81.2735398577715,41.521125654706]]]},"properties":{"source_county":"Geauga","jurisdiction":"Munson Township","parcel_id":"21-176304","owner_name":"LEE MATTHIAS A & JESSICA S","property_address":" MAYFIELD RD","property_city":"CHESTERLAND","property_zip":"44026"}},{"type":"Feature","geometry":{"type":"Polygon","coordinates":[[[-81.2735201884661,41.5205920063623],[-81.2755709730018,41.5205493603543],[-81.2755740406894,41.520796337052],[-81.2747076637929,41.5208143573307],[-81.2747102047252,41.5211013222985],[-81.2735398577715,41.521125654706],[-81.2735201884661,41.5205920063623]]]},"properties":{"source_county":"Geauga","jurisdiction":"Munson Township","parcel_id":"21-176305","owner_name":"LEE MATTHIAS A & JESSICA S","property_address":" MAYFIELD RD","property_city":"CHESTERLAND","property_zip":"44026"}},{"type":"Feature","geometry":{"type":"Polygon","coordinates":[[[-81.2734983596232,41.519998850002],[-81.2755636028764,41.5199559032858],[-81.2755645009931,41.5200282776573],[-81.2755709730018,41.5205493603543],[-81.2735201884661,41.5205920063623],[-81.2734983596232,41.519998850002]]]},"properties":{"source_county":"Geauga","jurisdiction":"Munson Township","parcel_id":"21-176306","owner_name":"LEE MATTHIAS A & JESSICA S","property_address":"12800 SANDHILL TRL","property_city":"CHESTERLAND","property_zip":"44026"}},{"type":"Feature","geometry":{"type":"Polygon","coordinates":[[[-81.2734741301681,41.5193404423653],[-81.2755554215889,41.5192971622562],[-81.2755636028764,41.5199559032858],[-81.2734983596232,41.519998850002],[-81.2734741301681,41.5193404423653]]]},"properties":{"source_county":"Geauga","jurisdiction":"Munson Township","parcel_id":"21-176307","owner_name":"LEE MATTHIAS A & JESSICA S","property_address":"10261 MAYFIELD RD","property_city":"CHESTERLAND","property_zip":"44026"}},{"type":"Feature","geometry":{"type":"Polygon","coordinates":[[[-81.2735917289495,41.5189261684452],[-81.2755503081633,41.518885451968],[-81.2755554215889,41.5192971622562],[-81.2734741301681,41.5193404423653],[-81.2734646702634,41.5190833915122],[-81.2734675674101,41.5190583884424],[-81.2734779444507,41.5190345332556],[-81.2734952590411,41.5190130726977],[-81.2735186062618,41.5189951283629],[-81.2735405048497,41.5189802203424],[-81.2735601390177,41.5189636260136],[-81.273577280225,41.5189455385349],[-81.2735917289495,41.5189261684452]]]},"properties":{"source_county":"Geauga","jurisdiction":"Munson Township","parcel_id":"21-176308","owner_name":"LEE MATTHIAS A & JESSICA S","property_address":" MAYFIELD RD","property_city":"CHESTERLAND","property_zip":"44026"}},{"type":"Feature","geometry":{"type":"Polygon","coordinates":[[[-81.2735767363726,41.5187239498729],[-81.2755341440268,41.5175838724179],[-81.2755503081633,41.518885451968],[-81.2735917289495,41.5189261684452],[-81.2736052522808,41.5189017490574],[-81.2736144973562,41.5188762279268],[-81.2736193115172,41.5188500264824],[-81.2736196152735,41.5188235773864],[-81.2736154036145,41.5187973173901],[-81.2736067460922,41.5187716801216],[-81.2735937856722,41.5187470889258],[-81.2735767363726,41.5187239498729]]]},"properties":{"source_county":"Geauga","jurisdiction":"Munson Township","parcel_id":"21-176309","owner_name":"LEE MATTHIAS A & JESSICA S","property_address":" MAYFIELD RD","property_city":"CHESTERLAND","property_zip":"44026"}},{"type":"Feature","geometry":{"type":"Polygon","coordinates":[[[-81.2733383923081,41.518629594069],[-81.2732998702306,41.5175823824871],[-81.273890863779,41.5175827810592],[-81.2746212146789,41.5175832688239],[-81.2755341440268,41.5175838724179],[-81.2735767363726,41.5187239498729],[-81.2735558375553,41.5187026807582],[-81.2735314834754,41.5186836005594],[-81.2735040759857,41.5186670241056],[-81.27347406732,41.5186532249135],[-81.2734419526315,41.5186424306737],[-81.2734082618225,41.5186348194942],[-81.2733735508009,41.5186305169617],[-81.2733383923081,41.518629594069]]]},"properties":{"source_county":"Geauga","jurisdiction":"Munson Township","parcel_id":"21-176310","owner_name":"LEE MATTHIAS A & JESSICA S","property_address":" MAYFIELD RD","property_city":"CHESTERLAND","property_zip":"44026"}},{"type":"Feature","geometry":{"type":"Polygon","coordinates":[[[-81.27316051289,41.5175822886978],[-81.2732998702306,41.5175823824871],[-81.2733383923081,41.518629594069],[-81.2733027304752,41.5186320936946],[-81.273267807828,41.5186380702829],[-81.2732342218806,41.5186474215767],[-81.2732025472775,41.5186599875786],[-81.2731733259613,41.5186755532887],[-81.2731470579009,41.5186938523828],[-81.273124192537,41.5187145717693],[-81.2731051210924,41.5187373569457],[-81.2720093159559,41.5178104715335],[-81.2720068326806,41.5175815006251],[-81.27316051289,41.5175822886978]]]},"properties":{"source_county":"Geauga","jurisdiction":"Munson Township","parcel_id":"21-176311","owner_name":"LEE MATTHIAS A & JESSICA S","property_address":" MAYFIELD RD","property_city":"CHESTERLAND","property_zip":"44026"}},{"type":"Feature","geometry":{"type":"Polygon","coordinates":[[[-81.2720184132492,41.5186492112499],[-81.2720093159559,41.5178104715335],[-81.2731051210924,41.5187373569457],[-81.2730856804311,41.5187713510285],[-81.273074651727,41.5188074117237],[-81.2730723913773,41.518844373761],[-81.2730789724382,41.5188810427418],[-81.273094182262,41.5189162337356],[-81.2731175293673,41.5189488095701],[-81.273148259319,41.5189777175785],[-81.2731853791063,41.5190020236159],[-81.272019675645,41.5187656284567],[-81.2720184132492,41.5186492112499]]]},"properties":{"source_county":"Geauga","jurisdiction":"Munson Township","parcel_id":"21-176312","owner_name":"LEE MATTHIAS A & JESSICA S","property_address":" MAYFIELD RD","property_city":"CHESTERLAND","property_zip":"44026"}},{"type":"Feature","geometry":{"type":"Polygon","coordinates":[[[-81.272026925207,41.5194340848427],[-81.272019675645,41.5187656284567],[-81.2731853791063,41.5190020236159],[-81.2732100025356,41.5190189823815],[-81.2732288583645,41.5190397006755],[-81.2732409612962,41.5190630958858],[-81.273245678897,41.51908794552],[-81.273257490329,41.5194082245268],[-81.272026925207,41.5194340848427]]]},"properties":{"source_county":"Geauga","jurisdiction":"Munson Township","parcel_id":"21-176313","owner_name":"LEE MATTHIAS A & JESSICA S","property_address":" MAYFIELD RD","property_city":"CHESTERLAND","property_zip":"44026"}},{"type":"Feature","geometry":{"type":"Polygon","coordinates":[[[-81.272026925207,41.5194340848427],[-81.273257490329,41.5194082245268],[-81.2732767961128,41.5199331227582],[-81.2720326200181,41.5199591410095],[-81.272026925207,41.5194340848427]]]},"properties":{"source_county":"Geauga","jurisdiction":"Munson Township","parcel_id":"21-176314","owner_name":"LEE MATTHIAS A & JESSICA S","property_address":" MAYFIELD RD","property_city":"CHESTERLAND","property_zip":"44026"}},{"type":"Feature","geometry":{"type":"Polygon","coordinates":[[[-81.2720326200181,41.5199591410095],[-81.2732767961128,41.5199331227582],[-81.2732958737681,41.5204517888411],[-81.2720382482924,41.5204779685402],[-81.2720326200181,41.5199591410095]]]},"properties":{"source_county":"Geauga","jurisdiction":"Munson Township","parcel_id":"21-176315","owner_name":"LEE MATTHIAS A & JESSICA S","property_address":" MAYFIELD RD","property_city":"CHESTERLAND","property_zip":"44026"}},{"type":"Feature","geometry":{"type":"Polygon","coordinates":[[[-81.2720382482924,41.5204779685402],[-81.2732958737681,41.5204517888411],[-81.2733147274557,41.5209643840117],[-81.2720438109054,41.5209908402982],[-81.2720382482924,41.5204779685402]]]},"properties":{"source_county":"Geauga","jurisdiction":"Munson Township","parcel_id":"21-176316","owner_name":"LEE MATTHIAS A & JESSICA S","property_address":" MAYFIELD RD","property_city":"CHESTERLAND","property_zip":"44026"}},{"type":"Feature","geometry":{"type":"Polygon","coordinates":[[[-81.2717187413504,41.5214696570541],[-81.2717185441415,41.5213368351362],[-81.2720476258086,41.521342592622],[-81.2720438109054,41.5209908402982],[-81.2733147274557,41.5209643840117],[-81.2733323422166,41.5214432549694],[-81.2717187413504,41.5214696570541]]]},"properties":{"source_county":"Geauga","jurisdiction":"Munson Township","parcel_id":"21-176317","owner_name":"LEE MATTHIAS A & JESSICA S","property_address":" MAYFIELD RD","property_city":"CHESTERLAND","property_zip":"44026"}},{"type":"Feature","geometry":{"type":"Polygon","coordinates":[[[-81.2717187413504,41.5214696570541],[-81.2733323422166,41.5214432549694],[-81.2733474784408,41.5218547586479],[-81.2717192602964,41.5218813998442],[-81.2717187413504,41.5214696570541]]]},"properties":{"source_county":"Geauga","jurisdiction":"Munson Township","parcel_id":"21-176318","owner_name":"LEE MATTHIAS A & JESSICA S","property_address":" MAYFIELD RD","property_city":"CHESTERLAND","property_zip":"44026"}},{"type":"Feature","geometry":{"type":"Polygon","coordinates":[[[-81.2717192602964,41.5218813998442],[-81.2733474784408,41.5218547586479],[-81.2733586104621,41.5221656163754],[-81.2733566087259,41.5221870559213],[-81.2733490804523,41.5222077901349],[-81.2733363148875,41.5222270223666],[-81.2733188025056,41.5222440136755],[-81.2732972161648,41.5222581112208],[-81.2732723852546,41.5222687733459],[-81.2732452638291,41.5222755903895],[-81.27321689395,41.5222783004266],[-81.2717198015601,41.522311452635],[-81.2717192602964,41.5218813998442]]]},"properties":{"source_county":"Geauga","jurisdiction":"Munson Township","parcel_id":"21-176319","owner_name":"LEE MATTHIAS A & JESSICA S","property_address":" MAYFIELD RD","property_city":"CHESTERLAND","property_zip":"44026"}},{"type":"Feature","geometry":{"type":"Polygon","coordinates":[[[-81.272030164666,41.515875597987],[-81.2731393709193,41.5158748569196],[-81.27316051289,41.5175822886978],[-81.2720068326806,41.5175815006251],[-81.2719996709702,41.5158890628105],[-81.2720298698894,41.5158757281412],[-81.272030164666,41.515875597987]]]},"properties":{"source_county":"Geauga","jurisdiction":"Munson Township","parcel_id":"21-176326","owner_name":"MIRENDA MICHAEL S & DIANE","property_address":"10320 WYE RD","property_city":"CHESTERLAND","property_zip":"44026"}},{"type":"Feature","geometry":{"type":"Polygon","coordinates":[[[-81.2615358132413,41.4998267172245],[-81.2623553793739,41.4998199367952],[-81.2623554458828,41.4998473786004],[-81.2623612699761,41.502243292525],[-81.2613026259829,41.50225204306],[-81.2613025064323,41.5022026427962],[-81.261296840369,41.4998561398927],[-81.2612967743712,41.4998286944856],[-81.2614328148836,41.4998275689395],[-81.2614331850533,41.4998275665883],[-81.2615345840872,41.4998267275149],[-81.2615358132413,41.4998267172245]]]},"properties":{"source_county":"Geauga","jurisdiction":"Munson Township","parcel_id":"21-176342","owner_name":"CARTOR MARGARET H FKA LAHNER MARGARET H & CARTOR THOMAS F","property_address":"10614 CEDAR RD","property_city":"CHESTERLAND","property_zip":"44026"}},{"type":"Feature","geometry":{"type":"Polygon","coordinates":[[[-81.2588020746358,41.5047972390651],[-81.2588807131641,41.5033892662261],[-81.258449376833,41.5033915729395],[-81.2584455662101,41.501784889793],[-81.2590061254914,41.5022215895424],[-81.259441887309,41.5025610625891],[-81.2612845833191,41.5025458552717],[-81.2613033352403,41.5025457007034],[-81.2613026259829,41.50225204306],[-81.2623612699761,41.502243292525],[-81.2623554458828,41.4998473786004],[-81.2623553793739,41.4998199367952],[-81.2625744007974,41.4998181202346],[-81.2625747344913,41.4998455630878],[-81.2625891261198,41.5010311585266],[-81.2626124112969,41.5029492727659],[-81.2626499318936,41.5060398655394],[-81.261315496289,41.5060439469592],[-81.2611487096467,41.5060444560226],[-81.2587320012164,41.5060518048052],[-81.2588020746358,41.5047972390651]]]},"properties":{"source_county":"Geauga","jurisdiction":"Munson Township","parcel_id":"21-176344","owner_name":"PAYNE SARAH C TOD","property_address":" CEDAR RD","property_city":"CHESTERLAND","property_zip":"44026"}},{"type":"Feature","geometry":{"type":"Polygon","coordinates":[[[-81.2584455662101,41.501784889793],[-81.2584446285446,41.5013891653048],[-81.2586643860264,41.5013873549425],[-81.2598683041391,41.5013774307041],[-81.2598689606873,41.5016518774653],[-81.2610736142878,41.5016419341242],[-81.2610693130036,41.4998580216867],[-81.261069247101,41.4998305762795],[-81.2612608067033,41.4998289920893],[-81.2612967743712,41.4998286944856],[-81.261296840369,41.4998561398927],[-81.2613025064323,41.5022026427962],[-81.2612815801495,41.5022028155687],[-81.2590061254914,41.5022215895424],[-81.2584455662101,41.501784889793]]]},"properties":{"source_county":"Geauga","jurisdiction":"Munson Township","parcel_id":"21-176346","owner_name":"PAYNE SARAH C TOD","property_address":"10634 CEDAR RD","property_city":"CHESTERLAND","property_zip":"44026"}},{"type":"Feature","geometry":{"type":"Polygon","coordinates":[[[-81.2582219617065,41.4998540628863],[-81.2584409844024,41.4998522622452],[-81.2584410491878,41.4998797085541],[-81.2584446285446,41.5013891653048],[-81.2584455662101,41.501784889793],[-81.258449376833,41.5033915729395],[-81.2580823720714,41.5033935338842],[-81.2573177977928,41.5033976165614],[-81.2570608787255,41.5033989866708],[-81.2570578101278,41.502075610074],[-81.258225553578,41.5013909249246],[-81.2582220264002,41.4998815091953],[-81.2582219617065,41.4998540628863]]]},"properties":{"source_county":"Geauga","jurisdiction":"Munson Township","parcel_id":"21-176348","owner_name":"PAYNE SARAH C TOD","property_address":"10680 CEDAR RD","property_city":"CHESTERLAND","property_zip":"44026"}},{"type":"Feature","geometry":{"type":"Polygon","coordinates":[[[-81.2629175927035,41.5130287342764],[-81.2642168208493,41.51297524005],[-81.2641787994584,41.5135321534921],[-81.2638579251168,41.5138226022076],[-81.2638447036963,41.5140439747103],[-81.2631336913002,41.5140452403489],[-81.26301121398,41.5134691239965],[-81.2629175927035,41.5130287342764]]]},"properties":{"source_county":"Geauga","jurisdiction":"Munson Township","parcel_id":"21-176362","owner_name":"FLETCHER JORDAN & JULIA","property_address":"10567 BUTTERNUT RD","property_city":"CHESTERLAND","property_zip":"44026"}},{"type":"Feature","geometry":{"type":"Polygon","coordinates":[[[-81.2566498558572,41.5095725021716],[-81.2586029062671,41.5090918727172],[-81.2590163362352,41.5094608004144],[-81.2573924756365,41.5096975515877],[-81.2570340418635,41.5097498062465],[-81.256732956178,41.5097936999425],[-81.2568248804858,41.5101493175438],[-81.2566740195415,41.5101713427624],[-81.2564290772161,41.5102071033489],[-81.2562099236938,41.5102390984316],[-81.2557214145037,41.5103104157704],[-81.2555908934405,41.5098330872652],[-81.2562110261575,41.5096804893192],[-81.2564302215222,41.5096265503304],[-81.2566498558572,41.5095725021716]]]},"properties":{"source_county":"Geauga","jurisdiction":"Munson Township","parcel_id":"21-176363","owner_name":"WILLIS JOHN R & ROSSI KAREN M","property_address":" BUTTERNUT RD","property_city":"CHESTERLAND","property_zip":"44026"}},{"type":"Feature","geometry":{"type":"Polygon","coordinates":[[[-81.2633768225648,41.5100100759643],[-81.2636164166298,41.5099817665584],[-81.2626855517989,41.5109428653212],[-81.2613768585189,41.5114285720843],[-81.261267187387,41.5114692736691],[-81.2608276714293,41.5110770995675],[-81.2605865745531,41.5108619697039],[-81.2613647843086,41.5103690868727],[-81.2616002103365,41.5102199752325],[-81.2633768225648,41.5100100759643]]]},"properties":{"source_county":"Geauga","jurisdiction":"Munson Township","parcel_id":"21-176380","owner_name":"BAKER ABIGAIL LYNNE & MATTHEW","property_address":"10625 BUTTERNUT RD","property_city":"CHESTERLAND","property_zip":"44026"}},{"type":"Feature","geometry":{"type":"Polygon","coordinates":[[[-81.249667383777,41.5031920310007],[-81.2506128154152,41.501312873777],[-81.2515800118527,41.5014929302967],[-81.2506826502633,41.5034720312729],[-81.2504745264027,41.5034146337688],[-81.2499604147553,41.5032728467626],[-81.249667383777,41.5031920310007]]]},"properties":{"source_county":"Geauga","jurisdiction":"Munson Township","parcel_id":"21-176397","owner_name":"BANE JEFFREY H & AMY J","property_address":"10897 BUTTERNUT RD","property_city":"CHESTERLAND","property_zip":"44026"}},{"type":"Feature","geometry":{"type":"Polygon","coordinates":[[[-81.2506826502633,41.5034720312729],[-81.2515800118527,41.5014929302967],[-81.2523035879136,41.5016276278572],[-81.2522428326397,41.502467747215],[-81.252141115917,41.5038742427423],[-81.2520168746862,41.5038399810809],[-81.2515027563682,41.5036982009279],[-81.2509886402736,41.5035564184906],[-81.2506826502633,41.5034720312729]]]},"properties":{"source_county":"Geauga","jurisdiction":"Munson Township","parcel_id":"21-176398","owner_name":"OLEKSIAK ARTHUR J & JANICE M OLEKSIAK ETAL","property_address":"10887 BUTTERNUT RD","property_city":"CHESTERLAND","property_zip":"44026"}},{"type":"Feature","geometry":{"type":"Polygon","coordinates":[[[-81.2574843676526,41.5100530314179],[-81.2593712638432,41.5097775201763],[-81.2580315805455,41.5106268286836],[-81.2574020477923,41.5100650503952],[-81.2574843676526,41.5100530314179]]]},"properties":{"source_county":"Geauga","jurisdiction":"Munson Township","parcel_id":"21-176613","owner_name":"WILLIS JOHN R & ROSSI KAREN M","property_address":" BUTTERNUT RD","property_city":"CHESTERLAND","property_zip":"44026"}},{"type":"Feature","geometry":{"type":"Polygon","coordinates":[[[-81.2747219530837,41.5224263156242],[-81.2752444450966,41.522413789894],[-81.2752971648722,41.5249872895425],[-81.275311362543,41.5256803099812],[-81.2753149410403,41.5258549611423],[-81.2753201219622,41.5261078282774],[-81.2742872843386,41.5261289889383],[-81.2742802767124,41.5256788991491],[-81.2742298062168,41.5224372243775],[-81.2747219530837,41.5224263156242]]]},"properties":{"source_county":"Geauga","jurisdiction":"Munson Township","parcel_id":"21-176798","owner_name":"WILBER MARGARET E TRUSTEE","property_address":"10266 MAYFIELD RD","property_city":"CHESTERLAND","property_zip":"44026"}},{"type":"Feature","geometry":{"type":"Polygon","coordinates":[[[-81.2737735453963,41.5224473360104],[-81.2742298062168,41.5224372243775],[-81.2742802767124,41.5256788991491],[-81.2742872843386,41.5261289889383],[-81.2729183116358,41.5261570207396],[-81.2729108478778,41.5256770114568],[-81.2728981361029,41.5248593972375],[-81.273810791736,41.5248407361941],[-81.2737866111883,41.5232869355146],[-81.2737735453963,41.5224473360104]]]},"properties":{"source_county":"Geauga","jurisdiction":"Munson Township","parcel_id":"21-176835","owner_name":"CAPDEVILLE MICHELLE J TRUSTEE","property_address":" MAYFIELD RD","property_city":"CHESTERLAND","property_zip":"44026"}},{"type":"Feature","geometry":{"type":"Polygon","coordinates":[[[-81.252141115917,41.5038742427423],[-81.2522428326397,41.502467747215],[-81.2543710834849,41.5028008503545],[-81.2543189264276,41.5031872078164],[-81.2532439312234,41.5030189806705],[-81.252765231606,41.5040463520415],[-81.2525652739985,41.503991210949],[-81.252141115917,41.5038742427423]]]},"properties":{"source_county":"Geauga","jurisdiction":"Munson Township","parcel_id":"21-176948","owner_name":"KRAMER ROGER A","property_address":" BUTTERNUT RD","property_city":"CHESTERLAND","property_zip":"44026"}},{"type":"Feature","geometry":{"type":"Polygon","coordinates":[[[-81.2657318498938,41.5194333747098],[-81.2659791448359,41.518569591218],[-81.2661408362525,41.5186356576536],[-81.2661009949809,41.5186902147201],[-81.2660640591564,41.5187459146128],[-81.266030086715,41.5188026699741],[-81.2659991309459,41.5188603917908],[-81.265971240407,41.5189189895337],[-81.2659464588494,41.5189783712996],[-81.2659248251484,41.5190384439556],[-81.2659063732427,41.5190991132846],[-81.2658030540878,41.5194726176107],[-81.2657318498938,41.5194333747098]]]},"properties":{"source_county":"Geauga","jurisdiction":"Munson Township","parcel_id":"21-177024","owner_name":"FMGC LLC","property_address":" WYE RD","property_city":"CHESTERLAND","property_zip":"44026"}},{"type":"Feature","geometry":{"type":"Polygon","coordinates":[[[-81.2651563208216,41.4997967253357],[-81.2657320950932,41.4997919470233],[-81.2657321641451,41.4998193924409],[-81.2657399237255,41.5029233602506],[-81.2626124112969,41.5029492727659],[-81.2625891261198,41.5010311585266],[-81.2636559399908,41.5010223250449],[-81.2636530131243,41.4998366351109],[-81.2636529449427,41.4998091896923],[-81.26442624852,41.4998027804557],[-81.2651563208216,41.4997967253357]]]},"properties":{"source_county":"Geauga","jurisdiction":"Munson Township","parcel_id":"21-177028","owner_name":"CEDAR GEM LLC","property_address":" CEDAR RD","property_city":"CHESTERLAND","property_zip":"44026"}},{"type":"Feature","geometry":{"type":"Polygon","coordinates":[[[-81.2657399237255,41.5029233602506],[-81.2657321641451,41.4998193924409],[-81.2657320950932,41.4997919470233],[-81.2660218570888,41.4997895402694],[-81.2667328377302,41.4997836341437],[-81.2673834412867,41.4997782293641],[-81.2675586118652,41.4997767740055],[-81.2679648098213,41.4997733976604],[-81.2679648101053,41.4997734462907],[-81.267964740686,41.4998008524053],[-81.2679618153547,41.5009673390455],[-81.2685094245189,41.5009627853096],[-81.2690570336239,41.5009582280885],[-81.269056434762,41.5011988723961],[-81.2690543667138,41.5020285349873],[-81.2699674427222,41.5020209277155],[-81.2699654672426,41.5028882158011],[-81.2657399237255,41.5029233602506]]]},"properties":{"source_county":"Geauga","jurisdiction":"Munson Township","parcel_id":"21-177029","owner_name":"HICE SEAN P & BROOKE M","property_address":"10472 CEDAR RD","property_city":"CHESTERLAND","property_zip":"44026"}},{"type":"Feature","geometry":{"type":"Polygon","coordinates":[[[-81.2564332691596,41.5080794268686],[-81.2571092032573,41.5077589029763],[-81.2572406044986,41.5078761676266],[-81.2576874945323,41.5082749745819],[-81.2564313174418,41.5090703336981],[-81.2564014850648,41.5090892216704],[-81.25643122727,41.5091157559306],[-81.256555200708,41.509226357194],[-81.2566498558572,41.5095725021716],[-81.2564302215222,41.5096265503304],[-81.2562110261575,41.5096804893192],[-81.2555908934405,41.5098330872652],[-81.2557214145037,41.5103104157704],[-81.2523868127294,41.5107971759362],[-81.2523865352212,41.5107972161762],[-81.2523774446514,41.5100025319117],[-81.2523777154512,41.5100024033502],[-81.2534559959909,41.5094911476099],[-81.2562139799995,41.5081834112281],[-81.2564332691596,41.5080794268686]]]},"properties":{"source_county":"Geauga","jurisdiction":"Munson Township","parcel_id":"21-177039","owner_name":"WOESTE KEVIN & MOLLY E TRUSTEES","property_address":"10690 BUTTERNUT RD","property_city":"CHESTERLAND","property_zip":"44026"}},{"type":"Feature","geometry":{"type":"Polygon","coordinates":[[[-81.2534559959909,41.5094911476099],[-81.2539771583664,41.5073498334707],[-81.2557903297824,41.508059828307],[-81.2562146206709,41.5078586342702],[-81.2563151900568,41.5078109447189],[-81.2564276978107,41.5072784697671],[-81.2564504099826,41.5071709769133],[-81.2565349793467,41.5072464496058],[-81.2571092032573,41.5077589029763],[-81.2564332691596,41.5080794268686],[-81.2562139799995,41.5081834112281],[-81.2534559959909,41.5094911476099]]]},"properties":{"source_county":"Geauga","jurisdiction":"Munson Township","parcel_id":"21-177042","owner_name":"WIILIAMS ROBERT S & LAURA L","property_address":"10700 BUTTERNUT RD","property_city":"CHESTERLAND","property_zip":"44026"}},{"type":"Feature","geometry":{"type":"Polygon","coordinates":[[[-81.2746000106657,41.5158738523595],[-81.2755128998532,41.5158732150607],[-81.2755341440268,41.5175838724179],[-81.2746212146789,41.5175832688239],[-81.2746000106657,41.5158738523595]]]},"properties":{"source_county":"Geauga","jurisdiction":"Munson Township","parcel_id":"21-177251","owner_name":"JOOS CHRISTOPHER","property_address":" WYE RD","property_city":"CHESTERLAND","property_zip":"44026"}},{"type":"Feature","geometry":{"type":"Polygon","coordinates":[[[-81.273869691397,41.5158743569441],[-81.2746000106657,41.5158738523595],[-81.2746212146789,41.5175832688239],[-81.273890863779,41.5175827810592],[-81.273869691397,41.5158743569441]]]},"properties":{"source_county":"Geauga","jurisdiction":"Munson Township","parcel_id":"21-177252","owner_name":"LAKE COUNTY CONCRETE LLC","property_address":"10280 WYE RD","property_city":"CHESTERLAND","property_zip":"44026"}},{"type":"Feature","geometry":{"type":"Polygon","coordinates":[[[-81.2731393709193,41.5158748569196],[-81.273869691397,41.5158743569441],[-81.273890863779,41.5175827810592],[-81.2732998702306,41.5175823824871],[-81.27316051289,41.5175822886978],[-81.2731393709193,41.5158748569196]]]},"properties":{"source_county":"Geauga","jurisdiction":"Munson Township","parcel_id":"21-177253","owner_name":"PIKE JONAH D & MELISSA M","property_address":"10300 WYE RD","property_city":"CHESTERLAND","property_zip":"44026"}},{"type":"Feature","geometry":{"type":"Polygon","coordinates":[[[-81.2562151534379,41.52125917465],[-81.256207643199,41.5208966869415],[-81.2561888890287,41.5208968713346],[-81.2557649769254,41.5209010381642],[-81.2530621075556,41.5209275699264],[-81.2524671063487,41.5209334025602],[-81.25246412586,41.5209334317514],[-81.2524590533923,41.5203437481484],[-81.2524518930615,41.5195114343666],[-81.2524503966775,41.5193193701821],[-81.2524380422248,41.5176487917754],[-81.2524258550461,41.5160007421531],[-81.2551497841585,41.5159893800094],[-81.2561985841094,41.5159849884025],[-81.2564176968104,41.5159840699658],[-81.2593874799486,41.5159715771394],[-81.2614084568064,41.5159630326931],[-81.2614285387675,41.5159629471925],[-81.2635229376203,41.5159540546345],[-81.2636349469307,41.5166224397983],[-81.2642293664521,41.5182729500395],[-81.2648186710614,41.5189300886386],[-81.2657318498938,41.5194333747098],[-81.2658030540878,41.5194726176107],[-81.2656521290422,41.5200500179184],[-81.2655140667855,41.5205793663935],[-81.2655141737822,41.5208155494961],[-81.2655143780492,41.5212660397283],[-81.2652533819467,41.5212658571961],[-81.2621179720519,41.5212636183681],[-81.2615255801427,41.5212631857893],[-81.2564073014068,41.5212593240738],[-81.2562151534379,41.52125917465]]]},"properties":{"source_county":"Geauga","jurisdiction":"Munson Township","parcel_id":"21-702300","owner_name":"SISTERS OF NOTRE DAME OF CLEVELAND OHIO THE","property_address":"10625 NOTRE DAME DR","property_city":"CHARDON","property_zip":"44024"}},{"type":"Feature","geometry":{"type":"Polygon","coordinates":[[[-81.2614002079431,41.5134773460257],[-81.26301121398,41.5134691239965],[-81.2631336913002,41.5140452403489],[-81.2632767487852,41.514718147332],[-81.2614144405975,41.5147260530575],[-81.2593678990604,41.5147347056705],[-81.2593874799486,41.5159715771394],[-81.2564176968104,41.5159840699658],[-81.2561985841094,41.5159849884025],[-81.2551497841585,41.5159893800094],[-81.2524258550461,41.5160007421531],[-81.2524088426649,41.5137002444659],[-81.2524075310407,41.513522846607],[-81.2524077131612,41.5135228458638],[-81.256203481419,41.5135037256858],[-81.2564225858198,41.5135026181336],[-81.2571950442786,41.5134987101038],[-81.2613550904308,41.5134775757777],[-81.2614002079431,41.5134773460257]]]},"properties":{"source_county":"Geauga","jurisdiction":"Munson Township","parcel_id":"21-702400","owner_name":"SISTERS OF NOTRE DAME OF CLEVELAND OHIO THE","property_address":" BUTTERNUT RD","property_city":"CHARDON","property_zip":"44024"}},{"type":"Feature","geometry":{"type":"Polygon","coordinates":[[[-81.2614144405975,41.5147260530575],[-81.2632767487852,41.514718147332],[-81.2634612731344,41.5155860877891],[-81.2635153379297,41.5159087108875],[-81.2635229376203,41.5159540546345],[-81.2614285387675,41.5159629471925],[-81.2614084568064,41.5159630326931],[-81.2593874799486,41.5159715771394],[-81.2593678990604,41.5147347056705],[-81.2614144405975,41.5147260530575]]]},"properties":{"source_county":"Geauga","jurisdiction":"Munson Township","parcel_id":"21-703227","owner_name":"SISTERS OF NOTRE DAME OF CLEVELAND OHIO THE","property_address":" BUTTERNUT RD","property_city":"CHARDON","property_zip":"44024"}},{"type":"Feature","geometry":{"type":"Polygon","coordinates":[[[-81.2562802337887,41.5244002217373],[-81.2562755996115,41.5241765970065],[-81.2562610849747,41.5234760455978],[-81.2562381748666,41.5223703079162],[-81.2562151534379,41.52125917465],[-81.2564073014068,41.5212593240738],[-81.2615255801427,41.5212631857893],[-81.2621179720519,41.5212636183681],[-81.2624211436944,41.5221701571729],[-81.2624103377852,41.5221937160469],[-81.26227733457,41.5222736737871],[-81.2620049024943,41.5223177449087],[-81.2619016443479,41.5222774517393],[-81.2618401079348,41.5221584794985],[-81.2617814165252,41.5221140187574],[-81.2616986227841,41.5220832648283],[-81.2616131618006,41.5221212561947],[-81.2615905346239,41.5222847947934],[-81.2615487677519,41.5223125202618],[-81.2615410490145,41.5223176436694],[-81.261348568164,41.5222693315285],[-81.2611245532608,41.5223241236473],[-81.2610408419392,41.5223772796712],[-81.2611363201991,41.5224767487956],[-81.2611206116974,41.5225666823284],[-81.2608522532676,41.5226321477867],[-81.2607250937367,41.5227387669101],[-81.2606435687375,41.5228534924078],[-81.2606716424001,41.5230326205346],[-81.2611178434248,41.5236729679164],[-81.2610119193261,41.5239058919666],[-81.2608346766098,41.5239418357105],[-81.2607561214744,41.5239783891603],[-81.2608028446879,41.5241472390372],[-81.2610192916887,41.5241111565064],[-81.2610469513044,41.5242373478264],[-81.2610766792371,41.5243043354239],[-81.2611500114913,41.5243844135067],[-81.2610776375045,41.5244898240438],[-81.2609885790412,41.5245265671824],[-81.2609003664711,41.5245242052307],[-81.2607941097165,41.5244220670919],[-81.2606956815987,41.5244317067011],[-81.2606217881135,41.5244668735496],[-81.2606024003756,41.5244840965376],[-81.2606079441796,41.5245933015779],[-81.2607735748933,41.5247539507722],[-81.2564003065919,41.5248086404398],[-81.2562887244401,41.5248100335687],[-81.2562802337887,41.5244002217373]]]},"properties":{"source_county":"Geauga","jurisdiction":"Munson Township","parcel_id":"21-703234","owner_name":"SISTERS OF NOTRE DAME OF CLEVELAND OHIO THE","property_address":" MAYFIELD RD","property_city":"CHARDON","property_zip":"44024"}},{"type":"Feature","geometry":{"type":"Polygon","coordinates":[[[-81.2749796708183,41.5019790402327],[-81.274979959545,41.5019790378786],[-81.2749786788751,41.5026400509682],[-81.2749782792046,41.5028463239731],[-81.2749778802583,41.5028463269643],[-81.2738831211901,41.5028554944877],[-81.2699654672426,41.5028882158011],[-81.2699674427222,41.5020209277155],[-81.2705535620794,41.502016040455],[-81.2711011331489,41.5020114721913],[-81.2716487053397,41.5020069013558],[-81.2721962774541,41.5020023279358],[-81.2732651400358,41.5019933925035],[-81.2749796708183,41.5019790402327]]]},"properties":{"source_county":"Geauga","jurisdiction":"Munson Township","parcel_id":"22-005000","owner_name":"KLINGMANN KRISTOPHER W","property_address":"13417 ROCKHAVEN RD","property_city":"CHESTERLAND","property_zip":"44026"}},{"type":"Feature","geometry":{"type":"Polygon","coordinates":[[[-81.2732579156838,41.4997292507769],[-81.2749843447042,41.4997147871452],[-81.274984291833,41.4997422339308],[-81.2749831016614,41.5003564186584],[-81.2749828363037,41.5004936417406],[-81.274982570945,41.5006308648172],[-81.2749823051517,41.500767854653],[-81.2749820390096,41.5009053118405],[-81.2749816206246,41.5011211138804],[-81.2749813621672,41.5012544414275],[-81.274979959545,41.5019790378786],[-81.2749796708183,41.5019790402327],[-81.2732651400358,41.5019933925035],[-81.27325800354,41.4997567557892],[-81.2732579156838,41.4997292507769]]]},"properties":{"source_county":"Geauga","jurisdiction":"Munson Township","parcel_id":"22-005100","owner_name":"CACOLICI SANTO","property_address":"13451 ROCKHAVEN RD","property_city":"NEWBURY","property_zip":"44065"}},{"type":"Feature","geometry":{"type":"Polygon","coordinates":[[[-81.2741296867601,41.5139100164461],[-81.2749576659812,41.5138412004483],[-81.2749567307287,41.5143411343488],[-81.2749552593311,41.5151270088215],[-81.2743164699678,41.5151796479342],[-81.2741296867601,41.5139100164461]]]},"properties":{"source_county":"Geauga","jurisdiction":"Munson Township","parcel_id":"22-006200","owner_name":"MABEL HOWARD & LEAGAN MABEL ERNA M","property_address":"10263 WYE RD","property_city":"CHESTERLAND","property_zip":"44026"}},{"type":"Feature","geometry":{"type":"Polygon","coordinates":[[[-81.2735852992396,41.5139552597284],[-81.2741296867601,41.5139100164461],[-81.2743164699678,41.5151796479342],[-81.2737720156871,41.5152245096677],[-81.2735852992396,41.5139552597284]]]},"properties":{"source_county":"Geauga","jurisdiction":"Munson Township","parcel_id":"22-008000","owner_name":"GRIBBLE RAYMOND J TOD","property_address":"10281 WYE RD","property_city":"CHESTERLAND","property_zip":"44026"}},{"type":"Feature","geometry":{"type":"Polygon","coordinates":[[[-81.2749778802583,41.5028463269643],[-81.2749782792046,41.5028463239731],[-81.2749769892335,41.5035183463308],[-81.274976734332,41.5036546877989],[-81.2749767060665,41.5036696628541],[-81.2749762987148,41.5036696666571],[-81.2738815342988,41.5036788333515],[-81.2738831211901,41.5028554944877],[-81.2749778802583,41.5028463269643]]]},"properties":{"source_county":"Geauga","jurisdiction":"Munson Township","parcel_id":"22-014510","owner_name":"BRUNSTETTER COREY W & LESLEY","property_address":"13381 ROCKHAVEN RD","property_city":"CHESTERLAND","property_zip":"44026"}},{"type":"Feature","geometry":{"type":"Polygon","coordinates":[[[-81.2730409109845,41.5140004995558],[-81.2735852992396,41.5139552597284],[-81.2737720156871,41.5152245096677],[-81.2732220804836,41.5152698214878],[-81.2730409109845,41.5140004995558]]]},"properties":{"source_county":"Geauga","jurisdiction":"Munson Township","parcel_id":"22-015500","owner_name":"MORGAN ROBERT A","property_address":"10295 WYE RD","property_city":"CHESTERLAND","property_zip":"44026"}},{"type":"Feature","geometry":{"type":"Polygon","coordinates":[[[-81.272030164666,41.515875597987],[-81.2731333501682,41.5153885866922],[-81.2731393709193,41.5158748569196],[-81.272030164666,41.515875597987]]]},"properties":{"source_county":"Geauga","jurisdiction":"Munson Township","parcel_id":"22-026210","owner_name":"MIRENDA MICHAEL S & DIANE","property_address":" WYE RD","property_city":"CHESTERLAND","property_zip":"44026"}},{"type":"Feature","geometry":{"type":"Polygon","coordinates":[[[-81.2703498421603,41.5060582486424],[-81.2703504930684,41.5059990862341],[-81.2699583814916,41.5060004882969],[-81.2699654672426,41.5028882158011],[-81.2738831211901,41.5028554944877],[-81.2738815342988,41.5036788333515],[-81.2749762987148,41.5036696666571],[-81.2749767060665,41.5036696628541],[-81.2749764769907,41.5037921854805],[-81.2749762196483,41.5039296831563],[-81.2749759619043,41.5040672663697],[-81.2749754574084,41.5043369722502],[-81.2749746863868,41.5047486412425],[-81.2749739165363,41.5051603110955],[-81.2749731454617,41.5055719817841],[-81.2749723774219,41.5059824637904],[-81.2750805203134,41.505982073908],[-81.2771384562671,41.5059746449244],[-81.2771463889968,41.5076213128894],[-81.274969294929,41.5076291701486],[-81.2749631748481,41.5108986131169],[-81.274961882865,41.5115890589213],[-81.2749608579176,41.5121366827022],[-81.2749593893991,41.5129211268477],[-81.2749576659812,41.5138412004483],[-81.2741296867601,41.5139100164461],[-81.2735852992396,41.5139552597284],[-81.2730409109845,41.5140004995558],[-81.2732220804836,41.5152698214878],[-81.2718485265996,41.5158764373808],[-81.2702339086577,41.516589481657],[-81.2702351400379,41.516477615758],[-81.2702416594313,41.5158854875475],[-81.2703498421603,41.5060582486424]]]},"properties":{"source_county":"Geauga","jurisdiction":"Munson Township","parcel_id":"22-026220","owner_name":"FMGC LLC","property_address":"13095 ROCKHAVEN RD","property_city":"CHESTERLAND","property_zip":"44026"}},{"type":"Feature","geometry":{"type":"Polygon","coordinates":[[[-81.273862399741,41.5152860098974],[-81.2745919732621,41.5152259034183],[-81.2746000106657,41.5158738523595],[-81.273869691397,41.5158743569441],[-81.273862399741,41.5152860098974]]]},"properties":{"source_county":"Geauga","jurisdiction":"Munson Township","parcel_id":"22-026235","owner_name":"LAKE COUNTY CONCRETE LLC","property_address":" WYE RD","property_city":"CHESTERLAND","property_zip":"44026"}},{"type":"Feature","geometry":{"type":"Polygon","coordinates":[[[-81.2732517552837,41.5153363156315],[-81.273862399741,41.5152860098974],[-81.273869691397,41.5158743569441],[-81.2731393709193,41.5158748569196],[-81.2731333501682,41.5153885866922],[-81.2732517552837,41.5153363156315]]]},"properties":{"source_county":"Geauga","jurisdiction":"Munson Township","parcel_id":"22-026236","owner_name":"PIKE JONAH D & MELISSA M","property_address":" WYE RD","property_city":"CHESTERLAND","property_zip":"44026"}},{"type":"Feature","geometry":{"type":"Polygon","coordinates":[[[-81.2734573753832,41.5218529603561],[-81.273451506897,41.5216908249875],[-81.273560573587,41.5216885576709],[-81.2735779704146,41.5221620844081],[-81.2735816672799,41.5221830272363],[-81.2735906835796,41.5222030374049],[-81.2736046788951,41.522221359402],[-81.2736231248173,41.5222373014544],[-81.2736453248964,41.5222502616467],[-81.2736704409372,41.5222597506475],[-81.273697524647,41.5222654101855],[-81.2737255534395,41.5222670265761],[-81.2734725632762,41.5222726347148],[-81.2734573753832,41.5218529603561]]]},"properties":{"source_county":"Geauga","jurisdiction":"Munson Township","parcel_id":"21-177316","owner_name":"LEE MATTHIAS A & JESSICA S","property_address":" MAYFIELD RD","property_city":"CHESTERLAND","property_zip":"44026"}},{"type":"Feature","geometry":{"type":"MultiPolygon","coordinates":[[[[-81.2734573753832,41.5218529603561],[-81.2734725632762,41.5222726347148],[-81.2732173413168,41.5222782904591],[-81.2732456318678,41.5222755268257],[-81.2732726659634,41.5222686786353],[-81.2732974099455,41.5222580076767],[-81.2733189177216,41.5222439219572],[-81.2733363669381,41.5222269600485],[-81.2733490904229,41.5222077704933],[-81.2733566016949,41.5221870870089],[-81.2733586135643,41.5221657004322],[-81.2733586104621,41.5221656163754],[-81.2733474784408,41.5218547586479],[-81.2734573753832,41.5218529603561]]]]},"properties":{"source_county":"Geauga","jurisdiction":"Munson Township","parcel_id":"21-177332","owner_name":"LEE MATTHIAS A & JESSICA S","property_address":" MAYFIELD RD","property_city":"CHESTERLAND","property_zip":"44026"}},{"type":"Feature","geometry":{"type":"Polygon","coordinates":[[[-81.2733323422166,41.5214432549694],[-81.2734424829905,41.5214414520723],[-81.273451506897,41.5216908249875],[-81.2734573753832,41.5218529603561],[-81.2733474784408,41.5218547586479],[-81.2733323422166,41.5214432549694]]]},"properties":{"source_county":"Geauga","jurisdiction":"Munson Township","parcel_id":"21-177331","owner_name":"LEE MATTHIAS A & JESSICA S","property_address":" MAYFIELD RD","property_city":"CHESTERLAND","property_zip":"44026"}},{"type":"Feature","geometry":{"type":"Polygon","coordinates":[[[-81.2734424829905,41.5214414520723],[-81.2734311360361,41.5211279148339],[-81.2735398577715,41.521125654706],[-81.273560573587,41.5216885576709],[-81.273451506897,41.5216908249875],[-81.2734424829905,41.5214414520723]]]},"properties":{"source_county":"Geauga","jurisdiction":"Munson Township","parcel_id":"21-177317","owner_name":"LEE MATTHIAS A & JESSICA S","property_address":" MAYFIELD RD","property_city":"CHESTERLAND","property_zip":"44026"}},{"type":"Feature","geometry":{"type":"Polygon","coordinates":[[[-81.2734251342377,41.5209620895781],[-81.2734311360361,41.5211279148339],[-81.2734424829905,41.5214414520723],[-81.2733323422166,41.5214432549694],[-81.2733147274557,41.5209643840117],[-81.2734251342377,41.5209620895781]]]},"properties":{"source_county":"Geauga","jurisdiction":"Munson Township","parcel_id":"21-177330","owner_name":"LEE MATTHIAS A & JESSICA S","property_address":" MAYFIELD RD","property_city":"CHESTERLAND","property_zip":"44026"}},{"type":"Feature","geometry":{"type":"Polygon","coordinates":[[[-81.2734118208422,41.5205942152756],[-81.2735201868789,41.5205919631217],[-81.2735201884661,41.5205920063623],[-81.2735398577715,41.521125654706],[-81.2734311360361,41.5211279148339],[-81.2734251342377,41.5209620895781],[-81.2734118208422,41.5205942152756]]]},"properties":{"source_county":"Geauga","jurisdiction":"Munson Township","parcel_id":"21-177318","owner_name":"LEE MATTHIAS A & JESSICA S","property_address":" MAYFIELD RD","property_city":"CHESTERLAND","property_zip":"44026"}},{"type":"Feature","geometry":{"type":"Polygon","coordinates":[[[-81.2733903549611,41.5200010519157],[-81.273498358036,41.5199988067613],[-81.2734983596232,41.519998850002],[-81.2735201868789,41.5205919631217],[-81.2734118208422,41.5205942152756],[-81.273406584153,41.5204494877378],[-81.2733903549611,41.5200010519157]]]},"properties":{"source_county":"Geauga","jurisdiction":"Munson Township","parcel_id":"21-177319","owner_name":"LEE MATTHIAS A & JESSICA S","property_address":" MAYFIELD RD","property_city":"CHESTERLAND","property_zip":"44026"}},{"type":"Feature","geometry":{"type":"Polygon","coordinates":[[[-81.2733665281337,41.5193426358947],[-81.2734741285809,41.5193403991247],[-81.2734741301681,41.5193404423653],[-81.273498358036,41.5199988067613],[-81.2733903549611,41.5200010519157],[-81.2733878126668,41.5199308051075],[-81.2733688178621,41.519405888579],[-81.2733665281337,41.5193426358947]]]},"properties":{"source_county":"Geauga","jurisdiction":"Munson Township","parcel_id":"21-177320","owner_name":"LEE MATTHIAS A & JESSICA S","property_address":" MAYFIELD RD","property_city":"CHESTERLAND","property_zip":"44026"}},{"type":"Feature","geometry":{"type":"Polygon","coordinates":[[[-81.2733483870664,41.5188413267472],[-81.2735917573273,41.5189261246207],[-81.2735917289495,41.5189261684452],[-81.273577280225,41.5189455385349],[-81.2735601390177,41.5189636260136],[-81.2735405048497,41.5189802203424],[-81.2735186062618,41.5189951283629],[-81.273495259041,41.5190130726977],[-81.2734779444507,41.5190345332556],[-81.2734675674101,41.5190583884424],[-81.2734646702634,41.5190833915122],[-81.2734741285809,41.5193403991247],[-81.2733665281337,41.5193426358947],[-81.2733483870664,41.5188413267472]]]},"properties":{"source_county":"Geauga","jurisdiction":"Munson Township","parcel_id":"21-177321","owner_name":"LEE MATTHIAS A & JESSICA S","property_address":" MAYFIELD RD","property_city":"CHESTERLAND","property_zip":"44026"}},{"type":"Feature","geometry":{"type":"Polygon","coordinates":[[[-81.2733483870664,41.5188413267472],[-81.2735767269744,41.5187239398681],[-81.2735857474947,41.5187353005401],[-81.2735937781597,41.5187470733311],[-81.2736007857825,41.5187592095903],[-81.2736067414035,41.5187716591649],[-81.2736116204108,41.5187843706074],[-81.2736154026412,41.5187972913877],[-81.2736180724641,41.5188103681112],[-81.2736196188458,41.5188235467382],[-81.2736200353952,41.5188367728083],[-81.2736193203903,41.5188499916649],[-81.2736174767851,41.5188631486809],[-81.2736145121977,41.5188761894852],[-81.2736104388785,41.5188890601866],[-81.2736052736599,41.5189017075969],[-81.2735990378866,41.5189140794505],[-81.2735917573273,41.5189261246207],[-81.2733483870664,41.5188413267472]]]},"properties":{"source_county":"Geauga","jurisdiction":"Munson Township","parcel_id":"21-177322","owner_name":"LEE MATTHIAS A & JESSICA S","property_address":" MAYFIELD RD","property_city":"CHESTERLAND","property_zip":"44026"}},{"type":"Feature","geometry":{"type":"Polygon","coordinates":[[[-81.2733384078811,41.5186295942336],[-81.2733560050094,41.5186296309385],[-81.2733735626689,41.5186305169962],[-81.2733910083582,41.518632248748],[-81.2734082700382,41.5186348190428],[-81.2734252764299,41.5186382172671],[-81.2734419573081,41.5186424293885],[-81.2734582437918,41.5186474380136],[-81.2734740686288,41.5186532224603],[-81.2734893664727,41.5186597588427],[-81.2735040741536,41.5186670201698],[-81.2735181309384,41.5186749764571],[-81.2735314787814,41.5186835948504],[-81.2735440625648,41.5186928397616],[-81.2735558303253,41.5187026730152],[-81.2735667334697,41.5187130540062],[-81.2735767269744,41.5187239398681],[-81.2733483870664,41.5188413267472],[-81.2733384078811,41.5186295942336]]]},"properties":{"source_county":"Geauga","jurisdiction":"Munson Township","parcel_id":"21-177323","owner_name":"LEE MATTHIAS A & JESSICA S","property_address":" MAYFIELD RD","property_city":"CHESTERLAND","property_zip":"44026"}},{"type":"Feature","geometry":{"type":"Polygon","coordinates":[[[-81.2731051222735,41.5187373578587],[-81.2731141625689,41.5187257302825],[-81.2731241953489,41.5187145719687],[-81.2731351776527,41.5187039306975],[-81.2731470624536,41.5186938520348],[-81.2731597988602,41.5186843791375],[-81.2731733323349,41.5186755525686],[-81.2731876049271,41.5186674101236],[-81.2732025555211,41.5186599866683],[-81.2732181200984,41.5186533139901],[-81.2732342320113,41.5186474206613],[-81.2732508222685,41.5186423319171],[-81.2732678198304,41.5186380695475],[-81.2732851519136,41.5186346518039],[-81.2733027443021,41.5186320933212],[-81.2733205216655,41.5186304050547],[-81.2733384078811,41.5186295942336],[-81.2733483870664,41.5188413267472],[-81.2731051222735,41.5187373578587]]]},"properties":{"source_county":"Geauga","jurisdiction":"Munson Township","parcel_id":"21-177324","owner_name":"LEE MATTHIAS A & JESSICA S","property_address":" MAYFIELD RD","property_city":"CHESTERLAND","property_zip":"44026"}},{"type":"Feature","geometry":{"type":"Polygon","coordinates":[[[-81.2733483895128,41.5188413240715],[-81.2731853766599,41.5190020262916],[-81.2731660886525,41.5189905012263],[-81.2731482570157,41.5189777198797],[-81.2731320260948,41.5189637857164],[-81.2731175272772,41.5189488115324],[-81.2731048779286,41.518932918543],[-81.2730941804434,41.5189162354007],[-81.2730855214155,41.5188988971545],[-81.2730789709372,41.5188810441561],[-81.2730745820325,41.5188628209239],[-81.2730723902273,41.5188443749734],[-81.2730724132622,41.5188258556227],[-81.2730746509489,41.5188074127839],[-81.2730790851717,41.51878919575],[-81.2730856800342,41.5187713519854],[-81.2730943821502,41.5187540259335],[-81.2731051210755,41.5187373578461],[-81.2733483895128,41.5188413240715]]]},"properties":{"source_county":"Geauga","jurisdiction":"Munson Township","parcel_id":"21-177325","owner_name":"LEE MATTHIAS A & JESSICA S","property_address":" MAYFIELD RD","property_city":"CHESTERLAND","property_zip":"44026"}},{"type":"Feature","geometry":{"type":"Polygon","coordinates":[[[-81.2733688214559,41.519405888617],[-81.2732574867352,41.5194082244888],[-81.273245678897,41.51908794552],[-81.2732409603821,41.5190630963791],[-81.273228856715,41.5190397018033],[-81.2732100003669,41.5190189842503],[-81.2731853766599,41.5190020262916],[-81.2733483895128,41.5188413240715],[-81.2733665281337,41.5193426358947],[-81.2733688214559,41.519405888617]]]},"properties":{"source_county":"Geauga","jurisdiction":"Munson Township","parcel_id":"21-177326","owner_name":"LEE MATTHIAS A & JESSICA S","property_address":" MAYFIELD RD","property_city":"CHESTERLAND","property_zip":"44026"}},{"type":"Feature","geometry":{"type":"Polygon","coordinates":[[[-81.2733878162606,41.5199308051455],[-81.273276792519,41.5199331227202],[-81.2732574867352,41.5194082244888],[-81.2733688214559,41.519405888617],[-81.2733878162606,41.5199308051455]]]},"properties":{"source_county":"Geauga","jurisdiction":"Munson Township","parcel_id":"21-177327","owner_name":"LEE MATTHIAS A & JESSICA S","property_address":" MAYFIELD RD","property_city":"CHESTERLAND","property_zip":"44026"}},{"type":"Feature","geometry":{"type":"Polygon","coordinates":[[[-81.2734065877469,41.5204494877758],[-81.2732958701743,41.5204517888031],[-81.273276792519,41.5199331227202],[-81.2733878162606,41.5199308051455],[-81.2733903549611,41.5200010519157],[-81.2734065877469,41.5204494877758]]]},"properties":{"source_county":"Geauga","jurisdiction":"Munson Township","parcel_id":"21-177328","owner_name":"LEE MATTHIAS A & JESSICA S","property_address":" MAYFIELD RD","property_city":"CHESTERLAND","property_zip":"44026"}},{"type":"Feature","geometry":{"type":"Polygon","coordinates":[[[-81.2732958701743,41.5204517888031],[-81.2734065877469,41.5204494877758],[-81.2734118208422,41.5205942152756],[-81.2734251342377,41.5209620895781],[-81.2733147274557,41.5209643840117],[-81.2732958701743,41.5204517888031]]]},"properties":{"source_county":"Geauga","jurisdiction":"Munson Township","parcel_id":"21-177329","owner_name":"LEE MATTHIAS A & JESSICA S","property_address":" MAYFIELD RD","property_city":"CHESTERLAND","property_zip":"44026"}},{"type":"Feature","geometry":{"type":"Polygon","coordinates":[[[-81.2552322649249,41.4998785891499],[-81.2569283015332,41.4998646920598],[-81.2569245943871,41.4998921681958],[-81.2564508863539,41.5034022388689],[-81.2559096988942,41.5034051208317],[-81.2555341119554,41.5033605228135],[-81.2543189264292,41.5031872078192],[-81.2543710834865,41.5028008503574],[-81.2547613286233,41.4999099080296],[-81.2547650367111,41.4998824301623],[-81.2549943099942,41.499880538045],[-81.2552322649249,41.4998785891499]]]},"properties":{"source_county":"Geauga","jurisdiction":"Munson Township","parcel_id":"21-001995","owner_name":"STEIN KEVIN MICHAEL & SELSER STEIN KRISTEN","property_address":"10780 CEDAR RD","property_city":"CHESTERLAND","property_zip":"44026"}},{"type":"Feature","geometry":{"type":"Polygon","coordinates":[[[-81.2569283015332,41.4998646920598],[-81.2570526808041,41.4998636682111],[-81.2570527449742,41.4998911163212],[-81.2570578101295,41.5020756100768],[-81.2570608787272,41.5033989866736],[-81.2564508863539,41.5034022388689],[-81.2569245943871,41.4998921681958],[-81.2569283015332,41.4998646920598]]]},"properties":{"source_county":"Geauga","jurisdiction":"Munson Township","parcel_id":"21-001996","owner_name":"STEIN KEVIN MICHAEL & SELSER STEIN KRISTEN","property_address":" CEDAR RD","property_city":"CHESTERLAND","property_zip":"44026"}},{"type":"Feature","geometry":{"type":"Polygon","coordinates":[[[-81.2719724225263,41.5224872325281],[-81.2728609478443,41.5224675539997],[-81.2728981361046,41.5248593972404],[-81.2729108478795,41.5256770114596],[-81.2729183116374,41.5261570207424],[-81.2729375497788,41.5273942231196],[-81.2720489551434,41.5274137824109],[-81.2720219543437,41.5256757773831],[-81.2719724225263,41.5224872325281]]]},"properties":{"source_county":"Geauga","jurisdiction":"Munson Township","parcel_id":"21-003300","owner_name":"LEISURE TODD C & PATRINA S","property_address":"10320 MAYFIELD RD","property_city":"CHESTERLAND","property_zip":"44026"}},{"type":"Feature","geometry":{"type":"Polygon","coordinates":[[[-81.2625689667678,41.512630796877],[-81.2653403882929,41.5125166753715],[-81.2648695730795,41.5129483579085],[-81.2642168208509,41.5129752400528],[-81.2629175927052,41.5130287342792],[-81.2628947985124,41.5129215134654],[-81.2626579060589,41.5127101511735],[-81.2625689667678,41.512630796877]]]},"properties":{"source_county":"Geauga","jurisdiction":"Munson Township","parcel_id":"21-014440","owner_name":"FOGARTY PHILIP L & SALLY L CO TRUSTEES","property_address":"10575 BUTTERNUT RD","property_city":"CHESTERLAND","property_zip":"44026"}},{"type":"Feature","geometry":{"type":"Polygon","coordinates":[[[-81.256183795921,41.5234771586861],[-81.2562610849763,41.5234760456006],[-81.2562755996131,41.5241765970094],[-81.2561823979635,41.5241850362148],[-81.2554369638958,41.5242525337846],[-81.2554402633739,41.5244105644926],[-81.2554700732399,41.5258378881253],[-81.2554714780164,41.5259051344431],[-81.2552168253229,41.525922020597],[-81.2551296719688,41.5258397058297],[-81.2542334703642,41.5249932493243],[-81.2543349873117,41.5249331988082],[-81.2544305140586,41.5248678333684],[-81.2545195589826,41.5247974894164],[-81.254601663825,41.5247225289853],[-81.2546764060497,41.5246433378661],[-81.254743401017,41.524560323622],[-81.2548023039632,41.5244739134907],[-81.2548528117742,41.5243845521854],[-81.2548946645455,41.5242926996058],[-81.2549356862062,41.5241813137442],[-81.2549695397424,41.5240685754519],[-81.2549961470098,41.5239547450875],[-81.2550154465995,41.5238400855304],[-81.2550273939797,41.5237248615734],[-81.2550319615984,41.5236093393116],[-81.2550291389462,41.5234937855275],[-81.256183795921,41.5234771586861]]]},"properties":{"source_county":"Geauga","jurisdiction":"Munson Township","parcel_id":"21-015160","owner_name":"TRIVISONNO ANTHONY N & JAIME M","property_address":"12680 MILL VIEW LN","property_city":"CHARDON","property_zip":"44024"}},{"type":"Feature","geometry":{"type":"Polygon","coordinates":[[[-81.2565349793484,41.5072464496086],[-81.2575479926514,41.5066048741424],[-81.2582419633379,41.5072240254165],[-81.2582537261249,41.5072345188177],[-81.2572406045002,41.5078761676294],[-81.257109203259,41.5077589029792],[-81.2565349793484,41.5072464496086]]]},"properties":{"source_county":"Geauga","jurisdiction":"Munson Township","parcel_id":"21-015200","owner_name":"LEMASTER JARED Q & ELIZABETH","property_address":"10705 BUTTERNUT RD","property_city":"CHESTERLAND","property_zip":"44026"}},{"type":"Feature","geometry":{"type":"Polygon","coordinates":[[[-81.2612815801511,41.5022028155715],[-81.261302506434,41.502202642799],[-81.2613026259845,41.5022520430628],[-81.261303335242,41.5025457007062],[-81.2612845833207,41.5025458552745],[-81.2594418873106,41.502561062592],[-81.259006125493,41.5022215895453],[-81.2612815801511,41.5022028155715]]]},"properties":{"source_county":"Geauga","jurisdiction":"Munson Township","parcel_id":"21-026229","owner_name":"PAYNE SARAH C TOD","property_address":" CEDAR RD","property_city":"CHESTERLAND","property_zip":"44026"}},{"type":"Feature","geometry":{"type":"Polygon","coordinates":[[[-81.2680103530488,41.4997730186771],[-81.2685124090322,41.4997688430112],[-81.2685124089107,41.4997689132493],[-81.2685123400586,41.4997963013577],[-81.2685094245205,41.5009627853124],[-81.2679618153564,41.5009673390484],[-81.2679647406876,41.4998008524081],[-81.267964810107,41.4997734462935],[-81.267964809823,41.4997733976632],[-81.2680103530488,41.4997730186771]]]},"properties":{"source_county":"Geauga","jurisdiction":"Munson Township","parcel_id":"21-033900","owner_name":"BORSI JOHN D JR & JANET L TRUSTEES","property_address":" CEDAR RD","property_city":"CHESTERLAND","property_zip":"44026"}},{"type":"Feature","geometry":{"type":"Polygon","coordinates":[[[-81.2685579067269,41.4997684642273],[-81.2690600081485,41.4997642866746],[-81.2690600076218,41.4997643785205],[-81.2690599393365,41.4997917486228],[-81.2690576259149,41.5007206769274],[-81.2690570336256,41.5009582280913],[-81.2685094245205,41.5009627853124],[-81.2685123400586,41.4997963013577],[-81.2685124089107,41.4997689132493],[-81.2685124090322,41.4997688430112],[-81.2685579067269,41.4997684642273]]]},"properties":{"source_county":"Geauga","jurisdiction":"Munson Township","parcel_id":"21-034000","owner_name":"BORSI JOHN D JR & JANET L TRUSTEES","property_address":"10426 CEDAR RD","property_city":"CHESTERLAND","property_zip":"44026"}},{"type":"Feature","geometry":{"type":"Polygon","coordinates":[[[-81.2664174132689,41.5170143932258],[-81.2675960240292,41.5168002193028],[-81.2685928266215,41.5172339739822],[-81.2676137068836,41.5176662978293],[-81.2676143145141,41.5177462614331],[-81.2675817590603,41.5177606370269],[-81.2668751944689,41.5180725285325],[-81.266763867833,41.5181265793738],[-81.2666573210181,41.5181858225436],[-81.2665559821203,41.5182500200154],[-81.2664602583143,41.5183189138561],[-81.2663705342185,41.5183922272635],[-81.266287170349,41.5184696656768],[-81.2662105016713,41.5185509179612],[-81.2661408362541,41.5186356576564],[-81.2659791448375,41.5185695912208],[-81.2659302741199,41.5185496224913],[-81.2663040557358,41.5171742379276],[-81.2664174132689,41.5170143932258]]]},"properties":{"source_county":"Geauga","jurisdiction":"Munson Township","parcel_id":"21-036310","owner_name":"DEMEZA JEREMY ALFRED","property_address":"10461 WYE RD","property_city":"CHESTERLAND","property_zip":"44026"}},{"type":"Feature","geometry":{"type":"Polygon","coordinates":[[[-81.2675828775397,41.5178391733601],[-81.2682183935303,41.5175585964657],[-81.2684741393698,41.5186411483768],[-81.2675942637617,41.518639129512],[-81.2675828775397,41.5178391733601]]]},"properties":{"source_county":"Geauga","jurisdiction":"Munson Township","parcel_id":"21-036500","owner_name":"LEIBLINGER BARBARA A","property_address":"10440 WYE RD","property_city":"CHESTERLAND","property_zip":"44026"}},{"type":"Feature","geometry":{"type":"Polygon","coordinates":[[[-81.2531330511768,41.5060863336391],[-81.2543999688792,41.5053045398276],[-81.2546418742347,41.5055260576993],[-81.2547159023042,41.5055938462984],[-81.2549227006129,41.5057832132898],[-81.255032137583,41.5058834261444],[-81.2552332317467,41.5060675678399],[-81.2550922159827,41.5060682006238],[-81.2531330511768,41.5060863336391]]]},"properties":{"source_county":"Geauga","jurisdiction":"Munson Township","parcel_id":"21-036910","owner_name":"SMITH BRIAN M & EILEEN S","property_address":"10794 BUTTERNUT RD","property_city":"CHESTERLAND","property_zip":"44026"}},{"type":"Feature","geometry":{"type":"Polygon","coordinates":[[[-81.2526075131193,41.5057537468227],[-81.2539714215857,41.5049121055976],[-81.254136075594,41.5050628850297],[-81.2543304745779,41.5052409014949],[-81.2531227057273,41.5059861961701],[-81.2526075131193,41.5057537468227]]]},"properties":{"source_county":"Geauga","jurisdiction":"Munson Township","parcel_id":"21-036920","owner_name":"WALLIS AARON & ROGERS CHELSEA L","property_address":"10804 BUTTERNUT RD","property_city":"CHESTERLAND","property_zip":"44026"}},{"type":"Feature","geometry":{"type":"Polygon","coordinates":[[[-81.2522720978582,41.5056024093178],[-81.2535588662253,41.5045343090211],[-81.2536594802455,41.5046264472804],[-81.2537297338749,41.5046907812838],[-81.2539714215857,41.5049121055976],[-81.2526075131193,41.5057537468227],[-81.2522720978582,41.5056024093178]]]},"properties":{"source_county":"Geauga","jurisdiction":"Munson Township","parcel_id":"21-036930","owner_name":"HANSEN GABRIEL H & LYNCH SHAUN M","property_address":"10814 BUTTERNUT RD","property_city":"CHESTERLAND","property_zip":"44026"}},{"type":"Feature","geometry":{"type":"Polygon","coordinates":[[[-81.259864626577,41.4998405303877],[-81.2610692471027,41.4998305762824],[-81.2610693130053,41.4998580216895],[-81.2610736142894,41.501641934127],[-81.259868960689,41.5016518774682],[-81.2598683041409,41.5013774307069],[-81.2598646919754,41.4998679757955],[-81.259864626577,41.4998405303877]]]},"properties":{"source_county":"Geauga","jurisdiction":"Munson Township","parcel_id":"21-040200","owner_name":"DROCKTON THOMAS J & TRICIA T","property_address":"10640 CEDAR RD","property_city":"CHESTERLAND","property_zip":"44026"}},{"type":"Feature","geometry":{"type":"Polygon","coordinates":[[[-81.2506399107456,41.5231812024029],[-81.2495549872373,41.5215168446889],[-81.2496165446931,41.5214940904787],[-81.2496507558224,41.5214834675559],[-81.2496868582016,41.5214773244153],[-81.2497238213928,41.5214758363949],[-81.2497605903893,41.5214790459662],[-81.2497961157268,41.5214868615211],[-81.2498293834371,41.5214990599872],[-81.2498820416253,41.5215170620045],[-81.2499378218136,41.521528588562],[-81.2499953241428,41.5215333503892],[-81.2500531055331,41.5215312279832],[-81.2501097159014,41.5215222746078],[-81.2501637345534,41.5215067149572],[-81.250213805839,41.5214849395163],[-81.2502586731745,41.5214574947612],[-81.252492462317,41.5231611306434],[-81.2524937638844,41.5231621234793],[-81.2524924767188,41.5231621366569],[-81.2506399107456,41.5231812024029]]]},"properties":{"source_county":"Geauga","jurisdiction":"Munson Township","parcel_id":"21-042652","owner_name":"FORKER ALICE I TOD","property_address":"12750 KLATKA DR","property_city":"CHARDON","property_zip":"44024"}},{"type":"Feature","geometry":{"type":"Polygon","coordinates":[[[-81.2503712394542,41.5212715982297],[-81.2524712814794,41.5213450636373],[-81.2524714377543,41.5213540388067],[-81.2524893813951,41.5223862197335],[-81.2524937638844,41.5231621234793],[-81.252492462317,41.5231611306434],[-81.2502586731745,41.5214574947612],[-81.2502958633848,41.5214263941502],[-81.2503263350508,41.5213914084016],[-81.2503493808023,41.5213533496887],[-81.25036446566,41.5213131015201],[-81.2503712394542,41.5212715982297]]]},"properties":{"source_county":"Geauga","jurisdiction":"Munson Township","parcel_id":"21-042653","owner_name":"MC ELHANEY JULIE A","property_address":" KLATKA DR","property_city":"CHARDON","property_zip":"44024"}},{"type":"Feature","geometry":{"type":"Polygon","coordinates":[[[-81.2524477265227,41.5195144179594],[-81.2524518930632,41.5195114343694],[-81.252459053394,41.5203437481513],[-81.2524641258616,41.5209334317542],[-81.2524712814794,41.5213450636373],[-81.2503712394542,41.5212715982297],[-81.2503692610415,41.5212278710831],[-81.2503580614188,41.5211849359107],[-81.2503379252548,41.5211438839584],[-81.2503093643479,41.5211057586062],[-81.2502731046173,41.5210715288494],[-81.2524477265227,41.5195144179594]]]},"properties":{"source_county":"Geauga","jurisdiction":"Munson Township","parcel_id":"21-042654","owner_name":"HAW DOUGLAS W TOD","property_address":"12766 KLATKA DR","property_city":"CHARDON","property_zip":"44024"}},{"type":"Feature","geometry":{"type":"Polygon","coordinates":[[[-81.2524450628453,41.5193194100933],[-81.2524503966791,41.519319370185],[-81.2524518930632,41.5195114343694],[-81.2524477265227,41.5195144179594],[-81.2502731046173,41.5210715288494],[-81.2502317100765,41.5210430257188],[-81.2501849912945,41.5210196280093],[-81.2501340524842,41.5210018887305],[-81.2500800975966,41.5209902271536],[-81.2500244018654,41.5209849189018],[-81.2504055512757,41.5193345094978],[-81.2524450628453,41.5193194100933]]]},"properties":{"source_county":"Geauga","jurisdiction":"Munson Township","parcel_id":"21-042655","owner_name":"MERLINI BRIAN & KELLY","property_address":"12775 KLATKA DR","property_city":"CHARDON","property_zip":"44024"}},{"type":"Feature","geometry":{"type":"Polygon","coordinates":[[[-81.2508762415566,41.5071441346965],[-81.2502822714116,41.5061074790459],[-81.2518522842047,41.5060969551362],[-81.2512606232341,41.5071107008992],[-81.2512062282141,41.5070951457014],[-81.2511492361983,41.5070862852297],[-81.2510910953159,41.5070843446226],[-81.2510332828871,41.5070893731896],[-81.2509772678867,41.5071012431583],[-81.2509244736195,41.5071196529206],[-81.2508762415566,41.5071441346965]]]},"properties":{"source_county":"Geauga","jurisdiction":"Munson Township","parcel_id":"21-043170","owner_name":"HENDRICKSON BRIAN & JILLIAN","property_address":"10889 BRIDLE TRL","property_city":"CHARDON","property_zip":"44024"}},{"type":"Feature","geometry":{"type":"Polygon","coordinates":[[[-81.2615871919643,41.5082141267195],[-81.2634364965956,41.5082090910619],[-81.2633947130202,41.5094711269062],[-81.2613496129294,41.5090379036647],[-81.2611362805292,41.508992709701],[-81.2610192245973,41.5089679115501],[-81.261097591091,41.5088987135129],[-81.2611696087384,41.508825721524],[-81.2612349534273,41.5087492641026],[-81.2612933310818,41.5086696853635],[-81.261344478986,41.5085873434686],[-81.2613908180957,41.5084970254325],[-81.2614284542772,41.5084044495722],[-81.2614571952081,41.5083100890451],[-81.2614768940321,41.5082144261281],[-81.2615871919643,41.5082141267195]]]},"properties":{"source_county":"Geauga","jurisdiction":"Munson Township","parcel_id":"21-045400","owner_name":"CISZAK ROBERT J & AMY M","property_address":"13200 BOULDER GLEN DR","property_city":"CHESTERLAND","property_zip":"44026"}},{"type":"Feature","geometry":{"type":"Polygon","coordinates":[[[-81.2508174865898,41.5051024206275],[-81.2515027563698,41.5036982009308],[-81.252016874688,41.5038399810837],[-81.2513316144375,41.5052442037559],[-81.2508174865898,41.5051024206275]]]},"properties":{"source_county":"Geauga","jurisdiction":"Munson Township","parcel_id":"21-047572","owner_name":"SHERWOOD NATHANIEL ARTHUR TRUSTEE","property_address":" BUTTERNUT RD","property_city":"CHESTERLAND","property_zip":"44026"}},{"type":"Feature","geometry":{"type":"Polygon","coordinates":[[[-81.2500997109294,41.5061086217681],[-81.2502218642674,41.5054233825575],[-81.2503033609658,41.5049606352146],[-81.2508174865898,41.5051024206275],[-81.2513316144375,41.5052442037559],[-81.2517086425364,41.5053481767739],[-81.2519590667327,41.5054611685571],[-81.2522720978582,41.5056024093178],[-81.2526075131193,41.5057537468227],[-81.2531227057273,41.5059861961701],[-81.2543304745779,41.5052409014949],[-81.2543999688792,41.5053045398276],[-81.2531330511768,41.5060863336391],[-81.252332976629,41.506093728543],[-81.2523327382035,41.5060937304814],[-81.2518522842047,41.5060969551362],[-81.2502822714116,41.5061074790459],[-81.2500996962272,41.5061087017547],[-81.2500997109294,41.5061086217681]]]},"properties":{"source_county":"Geauga","jurisdiction":"Munson Township","parcel_id":"21-047576","owner_name":"KING LAURENCE C & SAFINAZ T","property_address":"10800 BUTTERNUT RD","property_city":"CHESTERLAND","property_zip":"44026"}},{"type":"Feature","geometry":{"type":"Polygon","coordinates":[[[-81.2600211993685,41.5103574779713],[-81.2610347480073,41.5097155423632],[-81.2613606493695,41.5100062707962],[-81.2616002103382,41.5102199752353],[-81.2613647843103,41.5103690868755],[-81.2605865745548,41.5108619697067],[-81.260219810329,41.5105347013924],[-81.2601962866065,41.5105137114459],[-81.2601727640967,41.5104927215073],[-81.2601492404043,41.510471731551],[-81.2601257179076,41.5104507425029],[-81.2600211993685,41.5103574779713]]]},"properties":{"source_county":"Geauga","jurisdiction":"Munson Township","parcel_id":"21-049500","owner_name":"DAVIS WALTER J TOD & JANET E TOD","property_address":"10633 BUTTERNUT RD","property_city":"CHESTERLAND","property_zip":"44026"}},{"type":"Feature","geometry":{"type":"Polygon","coordinates":[[[-81.2707709596079,41.5225126100591],[-81.2707707654151,41.5225126143055],[-81.270768740787,41.5213202112496],[-81.2714990949184,41.5213329947453],[-81.2715009017244,41.5224973907631],[-81.2707709596079,41.5225126100591]]]},"properties":{"source_county":"Geauga","jurisdiction":"Munson Township","parcel_id":"21-050100","owner_name":"KAZEL JAMES J JR & REGAN A","property_address":"10353 MAYFIELD RD","property_city":"CHESTERLAND","property_zip":"44026"}},{"type":"Feature","geometry":{"type":"Polygon","coordinates":[[[-81.2520740135678,41.4999044202312],[-81.2524284112429,41.4999015261545],[-81.252428389901,41.4999018293958],[-81.2524264248531,41.4999289927573],[-81.2523035879153,41.50162762786],[-81.2515800118544,41.5014929302995],[-81.2506128154169,41.5013128737798],[-81.2502721257378,41.5012494472798],[-81.2502540881993,41.5000016827518],[-81.2502532950807,41.4999467702974],[-81.2502528982645,41.4999193275747],[-81.2503948417818,41.4999181641998],[-81.2504515434663,41.4999176997865],[-81.2509058937304,41.4999139752079],[-81.2513199154196,41.4999105801792],[-81.2514119583108,41.499909824837],[-81.2520740135678,41.4999044202312]]]},"properties":{"source_county":"Geauga","jurisdiction":"Munson Township","parcel_id":"21-050200","owner_name":"CARROL VIRGINIA PAISLEY TRUSTEE","property_address":"10880 CEDAR RD","property_city":"CHESTERLAND","property_zip":"44026"}},{"type":"Feature","geometry":{"type":"Polygon","coordinates":[[[-81.2490574905108,41.5091423354219],[-81.2505388464375,41.509046009021],[-81.2505509726503,41.5091125608183],[-81.2505678954315,41.5092249441089],[-81.2505683328302,41.5092420316143],[-81.2505652367074,41.5092589630837],[-81.2505586820976,41.5092753281683],[-81.2505488278552,41.5092907302457],[-81.2505359128043,41.5093047960328],[-81.2505202499512,41.5093171846321],[-81.2505022188985,41.5093275957945],[-81.2504609469422,41.5093510742362],[-81.2504245064278,41.5093787036029],[-81.250393629682,41.509409928646],[-81.2503689372228,41.509444121856],[-81.2503509252893,41.5094805960733],[-81.2503399558678,41.509518618297],[-81.2503362494173,41.5095574244157],[-81.2503398804372,41.5095962345631],[-81.2490371870129,41.5097232751091],[-81.2490522451118,41.5092924064864],[-81.2490574905108,41.5091423354219]]]},"properties":{"source_county":"Geauga","jurisdiction":"Munson Township","parcel_id":"21-051800","owner_name":"SEMAN RICHARD T JR","property_address":"13181 N BRIDLE TRL","property_city":"CHARDON","property_zip":"44024"}},{"type":"Feature","geometry":{"type":"Polygon","coordinates":[[[-81.2588392504928,41.5113729536429],[-81.2601962866065,41.5105137114459],[-81.260219810329,41.5105347013924],[-81.2588601013718,41.5113956478347],[-81.2566783494894,41.5123087607036],[-81.2571950442803,41.5134987101066],[-81.2564225858215,41.5135026181364],[-81.2562034814207,41.5135037256886],[-81.2524077131629,41.5135228458666],[-81.2524075310423,41.5135228466099],[-81.2524070151411,41.5134529512316],[-81.2524008538132,41.5126198377372],[-81.2524019108973,41.5126197536505],[-81.2562058203283,41.5123186552545],[-81.2564249521535,41.5123013056679],[-81.2566667993547,41.5122821576524],[-81.2588392504928,41.5113729536429]]]},"properties":{"source_county":"Geauga","jurisdiction":"Munson Township","parcel_id":"21-053100","owner_name":"LYNCH ELIZABETH M & WESTERHOLD THEODORE H","property_address":"10638 BUTTERNUT RD","property_city":"CHESTERLAND","property_zip":"44026"}},{"type":"Feature","geometry":{"type":"Polygon","coordinates":[[[-81.2671506895834,41.5225632691973],[-81.2675419943787,41.5225604145054],[-81.2675536734126,41.5236028181315],[-81.2675697110549,41.525035313683],[-81.2675774276868,41.5257245372344],[-81.2675974372933,41.5275116617116],[-81.2669872599517,41.5275250651641],[-81.2666656514823,41.5257368039395],[-81.2663704820589,41.5240954686795],[-81.2666611236394,41.5227860623302],[-81.2671506895834,41.5225632691973]]]},"properties":{"source_county":"Geauga","jurisdiction":"Munson Township","parcel_id":"21-053350","owner_name":"DWYER MICHAEL K TOD & SHARON A TOD","property_address":"10460 MAYFIELD RD","property_city":"CHESTERLAND","property_zip":"44026"}},{"type":"Feature","geometry":{"type":"Polygon","coordinates":[[[-81.2503033609658,41.5049606352146],[-81.2509886402753,41.5035564184934],[-81.2515027563698,41.5036982009308],[-81.2508174865898,41.5051024206275],[-81.2503033609658,41.5049606352146]]]},"properties":{"source_county":"Geauga","jurisdiction":"Munson Township","parcel_id":"21-055800","owner_name":"BARTLETT KATHLEEN A","property_address":"10886 BUTTERNUT RD","property_city":"CHESTERLAND","property_zip":"44026"}},{"type":"Feature","geometry":{"type":"Polygon","coordinates":[[[-81.2510646693646,41.5095303625379],[-81.2523734743229,41.5096553971865],[-81.252377444653,41.5100025319146],[-81.2523865352229,41.5107972161791],[-81.2523889182348,41.5110056219444],[-81.2509804966747,41.5097345336187],[-81.2510144274674,41.5096988458303],[-81.2510403608506,41.5096595505061],[-81.2510576343697,41.509617651447],[-81.2510658067897,41.5095742189641],[-81.2510646693646,41.5095303625379]]]},"properties":{"source_county":"Geauga","jurisdiction":"Munson Township","parcel_id":"21-057320","owner_name":"DEATSCH WAYNE L TOD & MARIANNE TOD","property_address":"13168 N BRIDLE TRL","property_city":"CHARDON","property_zip":"44024"}},{"type":"Feature","geometry":{"type":"Polygon","coordinates":[[[-81.2675419943787,41.5225604145054],[-81.268424561764,41.5225486904573],[-81.268436139837,41.5235965759084],[-81.2675536734126,41.5236028181315],[-81.2675419943787,41.5225604145054]]]},"properties":{"source_county":"Geauga","jurisdiction":"Munson Township","parcel_id":"21-059630","owner_name":"EMERSON DAN","property_address":"10434 MAYFIELD RD","property_city":"CHESTERLAND","property_zip":"44026"}},{"type":"Feature","geometry":{"type":"Polygon","coordinates":[[[-81.2548801923636,41.5232128902709],[-81.2549882502685,41.5231993201754],[-81.2550072409612,41.523297026959],[-81.255020878193,41.5233952372733],[-81.2550291389462,41.5234937855275],[-81.2550319615984,41.5236093393116],[-81.2550273939797,41.5237248615734],[-81.2550154465995,41.5238400855304],[-81.2549961470098,41.5239547450875],[-81.2549695397424,41.5240685754519],[-81.2549356862062,41.5241813137442],[-81.2548946645455,41.5242926996058],[-81.2548528117742,41.5243845521854],[-81.2548023039632,41.5244739134907],[-81.254743401017,41.524560323622],[-81.2546764060497,41.5246433378661],[-81.254601663825,41.5247225289853],[-81.2545195589826,41.5247974894164],[-81.2544305140586,41.5248678333684],[-81.2543349873117,41.5249331988082],[-81.2542334703642,41.5249932493243],[-81.2539385898423,41.5251551539595],[-81.253866553793,41.525197766724],[-81.2537987706028,41.5252441527563],[-81.2537355894779,41.5252940730905],[-81.2536773359185,41.5253472705527],[-81.2533859464802,41.5235911443435],[-81.2548801923636,41.5232128902709]]]},"properties":{"source_county":"Geauga","jurisdiction":"Munson Township","parcel_id":"21-061500","owner_name":"HARDMAN TYLER & ALYSSA","property_address":"12675 MILL VIEW LN","property_city":"CHARDON","property_zip":"44024"}},{"type":"Feature","geometry":{"type":"Polygon","coordinates":[[[-81.258212752677,41.4998541372051],[-81.2582219617082,41.4998540628892],[-81.2582220264019,41.4998815091981],[-81.2582255535797,41.5013909249274],[-81.2570578101295,41.5020756100768],[-81.2570527449742,41.4998911163212],[-81.2570526808041,41.4998636682111],[-81.258212752677,41.4998541372051]]]},"properties":{"source_county":"Geauga","jurisdiction":"Munson Township","parcel_id":"21-063350","owner_name":"MANSFIELD WILLIAM A","property_address":"10700 CEDAR RD","property_city":"CHESTERLAND","property_zip":"44026"}},{"type":"Feature","geometry":{"type":"Polygon","coordinates":[[[-81.2517086425364,41.5053481767739],[-81.2525652740002,41.5039912109518],[-81.2527652316076,41.5040463520443],[-81.2531383917723,41.5041492550446],[-81.25316800787,41.5041763759941],[-81.2519590667327,41.5054611685571],[-81.2517086425364,41.5053481767739]]]},"properties":{"source_county":"Geauga","jurisdiction":"Munson Township","parcel_id":"21-063360","owner_name":"SIEGEL BRIAN D TOD","property_address":"10840 BUTTERNUT RD","property_city":"CHESTERLAND","property_zip":"44026"}},{"type":"Feature","geometry":{"type":"Polygon","coordinates":[[[-81.255032137583,41.5058834261444],[-81.2570704358807,41.5053772251331],[-81.2575084111428,41.5060573444466],[-81.2576390046767,41.5062601344722],[-81.2573597994996,41.5064369685719],[-81.2575479926514,41.5066048741424],[-81.2565349793484,41.5072464496086],[-81.2564504099843,41.5071709769161],[-81.255970946995,41.5067430805314],[-81.2552395170145,41.5060733237649],[-81.2552332317467,41.5060675678399],[-81.255032137583,41.5058834261444]]]},"properties":{"source_county":"Geauga","jurisdiction":"Munson Township","parcel_id":"21-069400","owner_name":"KOSTYACK THOMAS E & GAYLE A","property_address":"10745 BUTTERNUT RD","property_city":"CHESTERLAND","property_zip":"44026"}},{"type":"Feature","geometry":{"type":"Polygon","coordinates":[[[-81.2527652316076,41.5040463520443],[-81.2532439312251,41.5030189806733],[-81.2543189264292,41.5031872078192],[-81.2555341119554,41.5033605228135],[-81.2536594802455,41.5046264472804],[-81.2535588662253,41.5045343090211],[-81.25316800787,41.5041763759941],[-81.2531383917723,41.5041492550446],[-81.2527652316076,41.5040463520443]]]},"properties":{"source_county":"Geauga","jurisdiction":"Munson Township","parcel_id":"21-071900","owner_name":"LONG CHRISTOPHER M","property_address":"10823 BUTTERNUT RD","property_city":"CHESTERLAND","property_zip":"44026"}},{"type":"Feature","geometry":{"type":"Polygon","coordinates":[[[-81.2721628105404,41.4997384131791],[-81.2732579156854,41.4997292507797],[-81.2732580035417,41.499756755792],[-81.2732651400374,41.5019933925063],[-81.2721962774558,41.5020023279386],[-81.2721632169646,41.4997658963548],[-81.2721628105404,41.4997384131791]]]},"properties":{"source_county":"Geauga","jurisdiction":"Munson Township","parcel_id":"21-072800","owner_name":"MORRIS ROY LEE JR & FELLENSTEIN KIMBERLY ANN","property_address":"10314 CEDAR RD","property_city":"CHESTERLAND","property_zip":"44026"}},{"type":"Feature","geometry":{"type":"Polygon","coordinates":[[[-81.2500996962272,41.5061087017547],[-81.2502822714116,41.5061074790459],[-81.2508762415566,41.5071441346965],[-81.2508335495998,41.5071742711477],[-81.2507978171687,41.5072091511282],[-81.2507699637229,41.5072478771248],[-81.2507507059881,41.5072894526591],[-81.2507405395122,41.5073328079277],[-81.2507359433683,41.5073516258234],[-81.2507270707452,41.5073695581039],[-81.2507141911315,41.5073860601046],[-81.2506976957229,41.5074006306024],[-81.2506780855399,41.5074128270409],[-81.2506559562109,41.5074222789714],[-81.2502576008652,41.5075593812679],[-81.2494791102071,41.5061128552225],[-81.2500996962272,41.5061087017547]]]},"properties":{"source_county":"Geauga","jurisdiction":"Munson Township","parcel_id":"21-074970","owner_name":"LOCOCO SALVATOR J & QUERCIOLI GINA M","property_address":"10901 BRIDLE TRL","property_city":"CHARDON","property_zip":"44024"}},{"type":"Feature","geometry":{"type":"Polygon","coordinates":[[[-81.2584409844041,41.4998522622481],[-81.2586607366667,41.4998504554931],[-81.2586608015611,41.4998779009015],[-81.2586643860281,41.5013873549453],[-81.2584446285463,41.5013891653076],[-81.2584410491895,41.4998797085569],[-81.2584409844041,41.4998522622481]]]},"properties":{"source_county":"Geauga","jurisdiction":"Munson Township","parcel_id":"21-075200","owner_name":"HAINES JOAN R TOD","property_address":" CEDAR RD","property_city":"CHESTERLAND","property_zip":"44026"}},{"type":"Feature","geometry":{"type":"Polygon","coordinates":[[[-81.259672899298,41.4998421077788],[-81.259864626577,41.4998405303877],[-81.2598646919754,41.4998679757955],[-81.2598683041409,41.5013774307069],[-81.2586643860281,41.5013873549453],[-81.2586608015611,41.4998779009015],[-81.2586607366667,41.4998504554931],[-81.258942825867,41.4998481346928],[-81.259672899298,41.4998421077788]]]},"properties":{"source_county":"Geauga","jurisdiction":"Munson Township","parcel_id":"21-075300","owner_name":"HAINES JOAN R TOD","property_address":"10666 CEDAR RD","property_city":"CHESTERLAND","property_zip":"44026"}},{"type":"Feature","geometry":{"type":"Polygon","coordinates":[[[-81.2564313174435,41.509070333701],[-81.257687494534,41.5082749745847],[-81.2578541098643,41.5084236613249],[-81.2584676254755,41.5089711516838],[-81.2586029062688,41.50909187272],[-81.2566498558589,41.5095725021744],[-81.2565552007096,41.5092263571968],[-81.2564312272717,41.5091157559335],[-81.2564014850665,41.5090892216733],[-81.2564313174435,41.509070333701]]]},"properties":{"source_county":"Geauga","jurisdiction":"Munson Township","parcel_id":"21-076001","owner_name":"NOVAK JOHN & CHILDS MARCELLA J","property_address":"10680 BUTTERNUT RD","property_city":"CHESTERLAND","property_zip":"44026"}},{"type":"Feature","geometry":{"type":"Polygon","coordinates":[[[-81.2668751944689,41.5180725285325],[-81.2675817590603,41.5177606370269],[-81.2675828775397,41.5178391733601],[-81.2675942637617,41.518639129512],[-81.2661407416755,41.5186357809196],[-81.2662104099843,41.5185510216632],[-81.2662870844207,41.5184697506471],[-81.2663704567827,41.5183922945228],[-81.2664601919514,41.5183189646079],[-81.2665559292371,41.5182500556342],[-81.2666572838303,41.5181858445642],[-81.2667638483475,41.5181265894771],[-81.2668751944689,41.5180725285325]]]},"properties":{"source_county":"Geauga","jurisdiction":"Munson Township","parcel_id":"21-078000","owner_name":"KNAUER DESIREE A","property_address":"10464 WYE RD","property_city":"CHESTERLAND","property_zip":"44026"}},{"type":"Feature","geometry":{"type":"Polygon","coordinates":[[[-81.2573597994996,41.5064369685719],[-81.2576390046767,41.5062601344722],[-81.257964268048,41.506054128407],[-81.2587320012181,41.506051804808],[-81.2611487096483,41.5060444560254],[-81.2611140827825,41.5067134395832],[-81.2611019749514,41.5069473556412],[-81.260818377479,41.5066390606247],[-81.2606467772065,41.5064525135826],[-81.2591864240925,41.5064457340748],[-81.2582419633379,41.5072240254165],[-81.2575479926514,41.5066048741424],[-81.2573597994996,41.5064369685719]]]},"properties":{"source_county":"Geauga","jurisdiction":"Munson Township","parcel_id":"21-081100","owner_name":"GOLDWEBER NEAL S & LORRIE J","property_address":"13289 BOULDER GLEN DR","property_city":"CHESTERLAND","property_zip":"44026"}},{"type":"Feature","geometry":{"type":"Polygon","coordinates":[[[-81.2696735281258,41.5213010339109],[-81.2696743775554,41.5200516311736],[-81.2656521290439,41.5200500179212],[-81.2658030540895,41.5194726176135],[-81.2659063732444,41.5190991132874],[-81.265937415531,41.5190023501364],[-81.2659765463761,41.5189072580887],[-81.2660236087544,41.5188142186479],[-81.2660784138222,41.5187236050805],[-81.2661407416755,41.5186357809196],[-81.2675942637617,41.518639129512],[-81.2684741393698,41.5186411483768],[-81.2691609915624,41.5186427188462],[-81.269646178327,41.5186438265565],[-81.2698298541924,41.5186442449162],[-81.2698280520584,41.521303740143],[-81.2696735281258,41.5213010339109]]]},"properties":{"source_county":"Geauga","jurisdiction":"Munson Township","parcel_id":"21-082000","owner_name":"PAGANINI EMIL P & LORETTA","property_address":" BUTTERNUT RD","property_city":"CHARDON","property_zip":"44024"}},{"type":"Feature","geometry":{"type":"Polygon","coordinates":[[[-81.2716532839639,41.5186483857876],[-81.2720184132508,41.5186492112528],[-81.2720196756467,41.5187656284595],[-81.2720269252087,41.5194340848456],[-81.2720326200198,41.5199591410123],[-81.272038248294,41.5204779685431],[-81.272043810907,41.520990840301],[-81.2720476258102,41.5213425926248],[-81.2717185441433,41.521336835139],[-81.2714990949184,41.5213329947453],[-81.270768740787,41.5213202112496],[-81.2701462955711,41.5213093133849],[-81.2698280520584,41.521303740143],[-81.2698298541924,41.5186442449162],[-81.2700839308426,41.5186448238903],[-81.2701952865408,41.5186450775303],[-81.270503532039,41.5186457785298],[-81.2709049651607,41.5186466895942],[-81.271288218193,41.5186475589455],[-81.2716532839639,41.5186483857876]]]},"properties":{"source_county":"Geauga","jurisdiction":"Munson Township","parcel_id":"21-082100","owner_name":"PAGANINI EMIL P & LORETTA","property_address":" BUTTERNUT RD","property_city":"CHESTERLAND","property_zip":"44026"}},{"type":"Feature","geometry":{"type":"Polygon","coordinates":[[[-81.2669359825451,41.5212820983114],[-81.2665493681887,41.5211391379652],[-81.2661826141056,41.5209287303011],[-81.2655141737839,41.5208155494989],[-81.2655140667871,41.5205793663964],[-81.2656521290439,41.5200500179212],[-81.2696743775554,41.5200516311736],[-81.2696735281258,41.5213010339109],[-81.2693083400085,41.5212946364221],[-81.2691040223527,41.5213935565468],[-81.2684562850579,41.5214143346181],[-81.2683796918898,41.5214754840986],[-81.2683809892118,41.522549269886],[-81.2682714364073,41.5225507257481],[-81.2682730024016,41.5213439955439],[-81.2669359825451,41.5212820983114]]]},"properties":{"source_county":"Geauga","jurisdiction":"Munson Township","parcel_id":"21-082200","owner_name":"PAGANINI EMIL P & LORETTA","property_address":"10427 MAYFIELD RD","property_city":"CHESTERLAND","property_zip":"44026"}},{"type":"Feature","geometry":{"type":"Polygon","coordinates":[[[-81.271501097115,41.5224973865282],[-81.2715009017244,41.5224973907631],[-81.2714990949184,41.5213329947453],[-81.2717185441433,41.521336835139],[-81.2717187413521,41.5214696570569],[-81.2717192602981,41.521881399847],[-81.2717198015617,41.5223114526378],[-81.2717198765339,41.5223938300495],[-81.2717200008139,41.5224928212602],[-81.271501097115,41.5224973865282]]]},"properties":{"source_county":"Geauga","jurisdiction":"Munson Township","parcel_id":"21-082300","owner_name":"PAGANINI EMIL P & LORETTA","property_address":" MAYFIELD RD","property_city":"CHESTERLAND","property_zip":"44026"}},{"type":"Feature","geometry":{"type":"Polygon","coordinates":[[[-81.2584676254755,41.5089711516838],[-81.2594809351013,41.5083293763663],[-81.2601867057037,41.5089590089488],[-81.2591732877723,41.5096008567149],[-81.2590163362368,41.5094608004173],[-81.2586029062688,41.50909187272],[-81.2584676254755,41.5089711516838]]]},"properties":{"source_county":"Geauga","jurisdiction":"Munson Township","parcel_id":"21-084200","owner_name":"FANDRICH CAROLYN M & MC VEY BONNIE J","property_address":"10665 BUTTERNUT RD","property_city":"CHESTERLAND","property_zip":"44026"}},{"type":"Feature","geometry":{"type":"Polygon","coordinates":[[[-81.2593712638449,41.5097775201791],[-81.2591732877723,41.5096008567149],[-81.2601867057037,41.5089590089488],[-81.2605207909855,41.5092570475768],[-81.260591988197,41.5093205615273],[-81.2604046430646,41.5094751979772],[-81.2603445521811,41.5095198047097],[-81.2602787171159,41.5095595673001],[-81.2602078257618,41.5095940702738],[-81.2601326188477,41.5096229531132],[-81.2600538821989,41.5096459140242],[-81.2599724385251,41.5096627130902],[-81.2598891388242,41.5096731747789],[-81.2598048534889,41.5096771897768],[-81.2597204632117,41.5096747161316],[-81.2596655507827,41.5096741028244],[-81.2596111373278,41.5096796883597],[-81.2595584542967,41.5096913463292],[-81.259508693979,41.5097088128974],[-81.2594629825216,41.5097316927718],[-81.2593789439011,41.5097843731848],[-81.2593712638449,41.5097775201791]]]},"properties":{"source_county":"Geauga","jurisdiction":"Munson Township","parcel_id":"21-084300","owner_name":"FANDRICH CAROLYN M & MC VEY BONNIE J","property_address":" BOULDER GLEN DR","property_city":"CHESTERLAND","property_zip":"44026"}},{"type":"Feature","geometry":{"type":"Polygon","coordinates":[[[-81.2518522842047,41.5060969551362],[-81.2523327382035,41.5060937304814],[-81.2523405496383,41.5067766826416],[-81.2523489045563,41.507507249277],[-81.2514676896363,41.507382904428],[-81.2514683879311,41.5073412287724],[-81.2514606828261,41.5072999542125],[-81.251444752039,41.5072600326595],[-81.2514209629938,41.5072223848187],[-81.251389864346,41.5071878789554],[-81.2513521733276,41.5071573108709],[-81.2513087592057,41.5071313855493],[-81.2512606232341,41.5071107008992],[-81.2518522842047,41.5060969551362]]]},"properties":{"source_county":"Geauga","jurisdiction":"Munson Township","parcel_id":"21-084457","owner_name":"KEMMERLE WALTER G TOD","property_address":"10875 BRIDLE TRL","property_city":"CHARDON","property_zip":"44024"}},{"type":"Feature","geometry":{"type":"Polygon","coordinates":[[[-81.2514676896363,41.507382904428],[-81.2523489045563,41.507507249277],[-81.2523600480974,41.5084814969925],[-81.2514734965012,41.5085709989985],[-81.2511701641031,41.5076285242133],[-81.2512211601907,41.5076185563416],[-81.2512697164016,41.5076031743425],[-81.2513148213761,41.5075826986027],[-81.2513555356415,41.5075575556044],[-81.2513910111804,41.507528269042],[-81.2514205090937,41.507495448914],[-81.2514434149911,41.5074597788172],[-81.2514592517868,41.5074220017081],[-81.2514676896363,41.507382904428]]]},"properties":{"source_county":"Geauga","jurisdiction":"Munson Township","parcel_id":"21-084458","owner_name":"MCAULEY CHARLENE J TOD","property_address":"10880 BRIDLE TRL","property_city":"CHARDON","property_zip":"44024"}},{"type":"Feature","geometry":{"type":"Polygon","coordinates":[[[-81.250352915498,41.5077076837387],[-81.2507471510929,41.5075719991723],[-81.2507711299875,41.5075655818226],[-81.2507962269451,41.5075623915169],[-81.2508216796124,41.5075625251653],[-81.2508467148308,41.5075659787078],[-81.2508705721221,41.5075726472386],[-81.2508925267889,41.5075823281921],[-81.2509426426207,41.5076047996429],[-81.2509968811005,41.5076209821443],[-81.2510538566395,41.5076304622938],[-81.2511121137247,41.5076329979086],[-81.2511701641031,41.5076285242133],[-81.2514734965012,41.5085709989985],[-81.2506606306421,41.508653055351],[-81.2506137356191,41.5085179061609],[-81.2505606131297,41.5083840653427],[-81.2505013275455,41.5082516949835],[-81.2504359507005,41.5081209553887],[-81.2503645618041,41.5079920048878],[-81.2502770088911,41.5078461246643],[-81.2502703754331,41.5078285302988],[-81.2502677195351,41.5078103523021],[-81.250269114894,41.5077920951082],[-81.2502745227859,41.5077742653485],[-81.2502837931404,41.5077573577929],[-81.2502966687055,41.5077418416201],[-81.2503127921868,41.5077281473979],[-81.2503317161622,41.5077166551355],[-81.250352915498,41.5077076837387]]]},"properties":{"source_county":"Geauga","jurisdiction":"Munson Township","parcel_id":"21-084459","owner_name":"BAHR LISA TOD","property_address":"10898 BRIDLE TRL","property_city":"CHARDON","property_zip":"44024"}},{"type":"Feature","geometry":{"type":"Polygon","coordinates":[[[-81.2507758785183,41.5091390711895],[-81.2523661686651,41.5090166478254],[-81.2523734743229,41.5096553971865],[-81.2510646693646,41.5095303625379],[-81.2510558039614,41.5094917580303],[-81.2510397165923,41.5094544956186],[-81.2510167350584,41.5094193345453],[-81.2509873276313,41.5093869912359],[-81.2509520935108,41.5093581247014],[-81.2509117506159,41.5093333231111],[-81.2508671209559,41.5093130918084],[-81.2508463328482,41.5093033990652],[-81.25082798868,41.509291234116],[-81.2508126031289,41.5092769382707],[-81.2508006078623,41.509260912625],[-81.2507923394265,41.5092436068072],[-81.250788029804,41.5092255063628],[-81.2507758785183,41.5091390711895]]]},"properties":{"source_county":"Geauga","jurisdiction":"Munson Township","parcel_id":"21-084461","owner_name":"TOTH BERT J & CLAUDIA L","property_address":"13176 N BRIDLE TRL","property_city":"CHARDON","property_zip":"44024"}},{"type":"Feature","geometry":{"type":"Polygon","coordinates":[[[-81.2509804966747,41.5097345336187],[-81.2523889182348,41.5110056219444],[-81.2506730087597,41.5110230769905],[-81.2507451843854,41.5098300866242],[-81.2507988579568,41.5098221047877],[-81.2508503420996,41.5098081837711],[-81.2508984806932,41.5097886361835],[-81.2509421927468,41.5097639009827],[-81.2509804966747,41.5097345336187]]]},"properties":{"source_county":"Geauga","jurisdiction":"Munson Township","parcel_id":"21-084463","owner_name":"GALASKA RIACHARD A TOD & DOLORES M TOD","property_address":"13160 N BRIDLE TRL","property_city":"CHARDON","property_zip":"44024"}},{"type":"Feature","geometry":{"type":"Polygon","coordinates":[[[-81.24899115998,41.5110401616365],[-81.2504718780977,41.5097710843635],[-81.2505200506732,41.5097958392154],[-81.2505728546722,41.5098145091736],[-81.2506289412794,41.5098266173351],[-81.2506868778256,41.5098318544105],[-81.2507451843854,41.5098300866242],[-81.2506730087597,41.5110230769905],[-81.24899115998,41.5110401616365]]]},"properties":{"source_county":"Geauga","jurisdiction":"Munson Township","parcel_id":"21-084464","owner_name":"SKALSKY MARILYN JOY","property_address":"13165 N BRIDLE TRL","property_city":"CHARDON","property_zip":"44024"}},{"type":"Feature","geometry":{"type":"Polygon","coordinates":[[[-81.2631336913019,41.5140452403517],[-81.2638447036979,41.5140439747131],[-81.2638211973246,41.5144375367788],[-81.2642219639118,41.5149224401079],[-81.2643317300699,41.5155080601721],[-81.2635153379315,41.5159087108904],[-81.2634612731361,41.5155860877919],[-81.2632767487869,41.5147181473348],[-81.2631336913019,41.5140452403517]]]},"properties":{"source_county":"Geauga","jurisdiction":"Munson Township","parcel_id":"21-084800","owner_name":"BOOGAART DAMON MICHAEL & MEGAN YVONNE CO TRUSTEES","property_address":"10555 BUTTERNUT RD","property_city":"CHESTERLAND","property_zip":"44026"}},{"type":"Feature","geometry":{"type":"Polygon","coordinates":[[[-81.2588601013718,41.5113956478347],[-81.260219810329,41.5105347013924],[-81.2605865745548,41.5108619697067],[-81.260827671431,41.5110770995703],[-81.2599465622308,41.5113734079377],[-81.260349220524,41.5121156805252],[-81.2609004245608,41.5125627037128],[-81.2613501232697,41.5129273792736],[-81.2613550904325,41.5134775757806],[-81.2571950442803,41.5134987101066],[-81.2566783494894,41.5123087607036],[-81.2588601013718,41.5113956478347]]]},"properties":{"source_county":"Geauga","jurisdiction":"Munson Township","parcel_id":"21-085400","owner_name":"HEIGHWAY JAMES E TRUSTEE","property_address":"10634 BUTTERNUT RD","property_city":"CHESTERLAND","property_zip":"44026"}},{"type":"Feature","geometry":{"type":"Polygon","coordinates":[[[-81.2613938577786,41.5129201153525],[-81.2626579060589,41.5127101511735],[-81.2628947985124,41.5129215134654],[-81.2629175927052,41.5130287342792],[-81.2630112139817,41.5134691239993],[-81.2614002079448,41.5134773460286],[-81.2613550904325,41.5134775757806],[-81.2613501232697,41.5129273792736],[-81.2613938577786,41.5129201153525]]]},"properties":{"source_county":"Geauga","jurisdiction":"Munson Township","parcel_id":"21-085401","owner_name":"HEIGHWAY ELLEN A TRUSTEE","property_address":"10572 BUTTERNUT RD","property_city":"CHESTERLAND","property_zip":"44026"}},{"type":"Feature","geometry":{"type":"Polygon","coordinates":[[[-81.261386277634,41.5122550831712],[-81.2618317570523,41.5119730218553],[-81.2622403185243,41.5123375620841],[-81.2625689667678,41.512630796877],[-81.2626579060589,41.5127101511735],[-81.2613938577786,41.5129201153525],[-81.2613501232697,41.5129273792736],[-81.2609004245608,41.5125627037128],[-81.261386277634,41.5122550831712]]]},"properties":{"source_county":"Geauga","jurisdiction":"Munson Township","parcel_id":"21-085402","owner_name":"HEIGHWAY ELLEN A TRUSTEE","property_address":" BUTTERNUT RD","property_city":"CHESTERLAND","property_zip":"44026"}},{"type":"Feature","geometry":{"type":"Polygon","coordinates":[[[-81.2599465622308,41.5113734079377],[-81.260827671431,41.5110770995703],[-81.2612671873886,41.5114692736719],[-81.261378453305,41.5115685541589],[-81.2618317570523,41.5119730218553],[-81.261386277634,41.5122550831712],[-81.2609004245608,41.5125627037128],[-81.260349220524,41.5121156805252],[-81.2599465622308,41.5113734079377]]]},"properties":{"source_county":"Geauga","jurisdiction":"Munson Township","parcel_id":"21-085404","owner_name":"BUTLER THOMAS P & VIVIAN J","property_address":"10628 BUTTERNUT RD","property_city":"CHESTERLAND","property_zip":"44026"}},{"type":"Feature","geometry":{"type":"Polygon","coordinates":[[[-81.2513316144375,41.5052442037559],[-81.252016874688,41.5038399810837],[-81.2521411159187,41.5038742427451],[-81.2525652740002,41.5039912109518],[-81.2517086425364,41.5053481767739],[-81.2513316144375,41.5052442037559]]]},"properties":{"source_county":"Geauga","jurisdiction":"Munson Township","parcel_id":"21-089910","owner_name":"SHERWOOD NATHANIEL ARTHUR TRUSTEE","property_address":"10854 BUTTERNUT RD","property_city":"CHESTERLAND","property_zip":"44026"}},{"type":"Feature","geometry":{"type":"Polygon","coordinates":[[[-81.2561823979635,41.5241850362148],[-81.2562755996131,41.5241765970094],[-81.2562802337903,41.5244002217401],[-81.25618197093,41.5244014324269],[-81.2554402633739,41.5244105644926],[-81.2554369638958,41.5242525337846],[-81.2561823979635,41.5241850362148]]]},"properties":{"source_county":"Geauga","jurisdiction":"Munson Township","parcel_id":"21-093200","owner_name":"MOORMAN SCOTT A & WALSH MOORMAN ELIZABETH","property_address":" FOWLERS MILL RD","property_city":"CHARDON","property_zip":"44024"}},{"type":"Feature","geometry":{"type":"Polygon","coordinates":[[[-81.2607058837787,41.5069856775826],[-81.2611019749514,41.5069473556412],[-81.2611444973743,41.506982884795],[-81.2611827472071,41.5070210597624],[-81.2612164344658,41.5070615911345],[-81.2612453037545,41.5071041716378],[-81.2613291525581,41.5072424089739],[-81.26136223609,41.5072969508821],[-81.261391219511,41.5073478590092],[-81.2614170016867,41.5073997309892],[-81.2614514658688,41.5074844755772],[-81.2614773931344,41.5075709218764],[-81.261494637924,41.5076585846779],[-81.2615031034101,41.5077469719426],[-81.2615027420414,41.5078355875632],[-81.2613927118793,41.5078362679549],[-81.2613359242075,41.507836618903],[-81.2589451466995,41.5078513771643],[-81.258867324882,41.5077819497045],[-81.2582537261249,41.5072345188177],[-81.2582419633379,41.5072240254165],[-81.2607058837787,41.5069856775826]]]},"properties":{"source_county":"Geauga","jurisdiction":"Munson Township","parcel_id":"21-095700","owner_name":"WARNER RUSSELL A","property_address":"13249 BOULDER GLEN DR","property_city":"CHESTERLAND","property_zip":"44026"}},{"type":"Feature","geometry":{"type":"Polygon","coordinates":[[[-81.2543907119106,41.4998854794063],[-81.2547650367111,41.4998824301623],[-81.2547613286233,41.4999099080296],[-81.2543710834865,41.5028008503574],[-81.2522428326413,41.5024677472178],[-81.2523035879153,41.50162762786],[-81.2524264248531,41.4999289927573],[-81.252428389901,41.4999018293958],[-81.2524284112429,41.4999015261545],[-81.2525959152113,41.499900157712],[-81.2531691249491,41.4998954744891],[-81.2542642361855,41.4998865103064],[-81.2543907119106,41.4998854794063]]]},"properties":{"source_county":"Geauga","jurisdiction":"Munson Township","parcel_id":"21-097000","owner_name":"KRAMER ROGER A","property_address":"10850 CEDAR RD","property_city":"CHESTERLAND","property_zip":"44026"}},{"type":"Feature","geometry":{"type":"Polygon","coordinates":[[[-81.267248929747,41.5213978181271],[-81.2669359825451,41.5212820983114],[-81.2682730024016,41.5213439955439],[-81.2682714364073,41.5225507257481],[-81.2675419943787,41.5225604145054],[-81.2672925951489,41.5225622346178],[-81.2672721054288,41.522015830552],[-81.267248929747,41.5213978181271]]]},"properties":{"source_county":"Geauga","jurisdiction":"Munson Township","parcel_id":"21-097800","owner_name":"MILLER SCOTT A & DONNA M","property_address":"10443 MAYFIELD RD","property_city":"CHESTERLAND","property_zip":"44026"}},{"type":"Feature","geometry":{"type":"Polygon","coordinates":[[[-81.2701931031944,41.5225246559053],[-81.2710841985091,41.5225060798927],[-81.271107711758,41.5256745003966],[-81.2711207703682,41.5274342051999],[-81.270243460297,41.527453501868],[-81.2702254250562,41.525688354516],[-81.2701931031944,41.5225246559053]]]},"properties":{"source_county":"Geauga","jurisdiction":"Munson Township","parcel_id":"21-098550","owner_name":"BERDIS ANTHONY & LEE IRENE","property_address":"10370 MAYFIELD RD","property_city":"CHESTERLAND","property_zip":"44026"}},{"type":"Feature","geometry":{"type":"Polygon","coordinates":[[[-81.2575084111428,41.5060573444466],[-81.2570704358807,41.5053772251331],[-81.255032137583,41.5058834261444],[-81.2549227006129,41.5057832132898],[-81.2565437568977,41.5053763844919],[-81.2588020746374,41.5047972390679],[-81.2587320012181,41.506051804808],[-81.257964268048,41.506054128407],[-81.2576390046767,41.5062601344722],[-81.2575084111428,41.5060573444466]]]},"properties":{"source_county":"Geauga","jurisdiction":"Munson Township","parcel_id":"21-099100","owner_name":"BAKER DON L & AMY L","property_address":"10765 BUTTERNUT RD","property_city":"CHESTERLAND","property_zip":"44026"}},{"type":"Feature","geometry":{"type":"Polygon","coordinates":[[[-81.2690564347637,41.5011988723989],[-81.2699693314185,41.5011912705338],[-81.2699674427239,41.5020209277184],[-81.2690543667155,41.5020285349902],[-81.2690564347637,41.5011988723989]]]},"properties":{"source_county":"Geauga","jurisdiction":"Munson Township","parcel_id":"21-101100","owner_name":"COUGHLIN KYLE & FRANCIS LAURA","property_address":" CEDAR RD","property_city":"CHESTERLAND","property_zip":"44026"}},{"type":"Feature","geometry":{"type":"Polygon","coordinates":[[[-81.2690576259149,41.5007206769274],[-81.2699704200704,41.5007130758366],[-81.2699693314185,41.5011912705338],[-81.2690564347637,41.5011988723989],[-81.2690570336256,41.5009582280913],[-81.2690576259149,41.5007206769274]]]},"properties":{"source_county":"Geauga","jurisdiction":"Munson Township","parcel_id":"21-101200","owner_name":"COUGHLIN KYLE & FRANCIS LAURA","property_address":" CEDAR RD","property_city":"CHESTERLAND","property_zip":"44026"}},{"type":"Feature","geometry":{"type":"Polygon","coordinates":[[[-81.2704810144301,41.4997524497322],[-81.2705201519293,41.4997521225334],[-81.2705201543728,41.4997522477293],[-81.2705205567376,41.4997795912968],[-81.270553562081,41.5020160404579],[-81.2699674427239,41.5020209277184],[-81.2699693314185,41.5011912705338],[-81.2699704200704,41.5007130758366],[-81.2699725347664,41.4997841545466],[-81.2699725973231,41.4997568141036],[-81.2699725973265,41.4997566862321],[-81.2703642692664,41.4997534230147],[-81.2704810144301,41.4997524497322]]]},"properties":{"source_county":"Geauga","jurisdiction":"Munson Township","parcel_id":"21-101300","owner_name":"COUGHLIN KYLE & FRANCIS LAURA","property_address":" CEDAR RD","property_city":"CHESTERLAND","property_zip":"44026"}},{"type":"Feature","geometry":{"type":"Polygon","coordinates":[[[-81.2640051116442,41.5239934653052],[-81.2640031814828,41.5239943425439],[-81.2637778585957,41.5233206614087],[-81.2629341854953,41.5237041826898],[-81.2624211436961,41.5221701571757],[-81.2621179720536,41.5212636183709],[-81.2652533819484,41.521265857199],[-81.2647059913565,41.5221159725362],[-81.2655147644462,41.5221165405228],[-81.2655153050452,41.5233069556088],[-81.2640051116442,41.5239934653052]]]},"properties":{"source_county":"Geauga","jurisdiction":"Munson Township","parcel_id":"21-104700","owner_name":"DILLON JONATHAN & JULIE","property_address":" BUTTERNUT RD","property_city":"CHESTERLAND","property_zip":"44026"}},{"type":"Feature","geometry":{"type":"Polygon","coordinates":[[[-81.2652533819484,41.521265857199],[-81.2655143780509,41.5212660397311],[-81.2655145315226,41.5216044019654],[-81.2655147644462,41.5221165405228],[-81.2647059913565,41.5221159725362],[-81.2652533819484,41.521265857199]]]},"properties":{"source_county":"Geauga","jurisdiction":"Munson Township","parcel_id":"21-104800","owner_name":"DILLON JONATHAN & JULIE","property_address":" BUTTERNUT RD","property_city":"CHESTERLAND","property_zip":"44026"}},{"type":"Feature","geometry":{"type":"Polygon","coordinates":[[[-81.2702316073785,41.5166697358912],[-81.2705817723396,41.5165151270849],[-81.2709049651607,41.5186466895942],[-81.270503532039,41.5186457785298],[-81.2702205602996,41.5172706003419],[-81.2701081399526,41.5167242501168],[-81.2702316073785,41.5166697358912]]]},"properties":{"source_county":"Geauga","jurisdiction":"Munson Township","parcel_id":"21-104850","owner_name":"CHAPPELL SPENSIR","property_address":"10372 WYE RD","property_city":"CHESTERLAND","property_zip":"44026"}},{"type":"Feature","geometry":{"type":"Polygon","coordinates":[[[-81.2626499318953,41.5060398655422],[-81.2635078776525,41.5060372333871],[-81.2634820393266,41.506837286545],[-81.2615199890731,41.5073716820468],[-81.2614170016867,41.5073997309892],[-81.261391219511,41.5073478590092],[-81.26136223609,41.5072969508821],[-81.2613291525581,41.5072424089739],[-81.2612453037545,41.5071041716378],[-81.2612164344658,41.5070615911345],[-81.2611827472071,41.5070210597624],[-81.2611444973743,41.506982884795],[-81.2611019749514,41.5069473556412],[-81.2611140827825,41.5067134395832],[-81.2611487096483,41.5060444560254],[-81.2613154962907,41.506043946962],[-81.2626499318953,41.5060398655422]]]},"properties":{"source_county":"Geauga","jurisdiction":"Munson Township","parcel_id":"21-104900","owner_name":"ONDERDONK AMANDA & JORDAN","property_address":"13252 BOULDER GLEN DR","property_city":"CHESTERLAND","property_zip":"44026"}},{"type":"Feature","geometry":{"type":"Polygon","coordinates":[[[-81.2597204632117,41.5096747161316],[-81.2598048534889,41.5096771897768],[-81.2598891388242,41.5096731747789],[-81.2599724385251,41.5096627130902],[-81.2600538821989,41.5096459140242],[-81.2601326188477,41.5096229531132],[-81.2602078257618,41.5095940702738],[-81.2602787171159,41.5095595673001],[-81.2603445521811,41.5095198047097],[-81.2604046430646,41.5094751979772],[-81.260591988197,41.5093205615273],[-81.2606630582832,41.5093839633117],[-81.2606631855295,41.5093840763333],[-81.2610347480073,41.5097155423632],[-81.2600211993685,41.5103574779713],[-81.2593789439011,41.5097843731848],[-81.2594629825216,41.5097316927718],[-81.259508693979,41.5097088128974],[-81.2595584542967,41.5096913463292],[-81.2596111373278,41.5096796883597],[-81.2596655507827,41.5096741028244],[-81.2597204632117,41.5096747161316]]]},"properties":{"source_county":"Geauga","jurisdiction":"Munson Township","parcel_id":"21-105400","owner_name":"ASAD MICHELLE & NICKOLAS","property_address":"10651 BUTTERNUT RD","property_city":"CHESTERLAND","property_zip":"44026"}},{"type":"Feature","geometry":{"type":"Polygon","coordinates":[[[-81.2691608069254,41.5171425158269],[-81.2696344912654,41.5169333764641],[-81.2700839308426,41.5186448238903],[-81.2698298541924,41.5186442449162],[-81.269646178327,41.5186438265565],[-81.2691608069254,41.5171425158269]]]},"properties":{"source_county":"Geauga","jurisdiction":"Munson Township","parcel_id":"21-106100","owner_name":"MOORMEIER MATTHEW & STACY A","property_address":"10396 WYE RD","property_city":"CHESTERLAND","property_zip":"44026"}},{"type":"Feature","geometry":{"type":"Polygon","coordinates":[[[-81.2686875653751,41.5173514562613],[-81.2691608069254,41.5171425158269],[-81.269646178327,41.5186438265565],[-81.2691609915624,41.5186427188462],[-81.2686875653751,41.5173514562613]]]},"properties":{"source_county":"Geauga","jurisdiction":"Munson Township","parcel_id":"21-106200","owner_name":"DEHAAN KATHLEEN A","property_address":"10406 WYE RD","property_city":"CHESTERLAND","property_zip":"44026"}},{"type":"Feature","geometry":{"type":"Polygon","coordinates":[[[-81.2566285314332,41.512253733826],[-81.2566322582433,41.5112906761638],[-81.2564269030993,41.5113112084697],[-81.2562077647168,41.5113331190069],[-81.2523956979471,41.5117142019913],[-81.2523941591413,41.5117143556396],[-81.2523917193019,41.511384363331],[-81.2523889182348,41.5110056219444],[-81.2523865352229,41.5107972161791],[-81.2523868127311,41.510797175939],[-81.2557214145054,41.5103104157732],[-81.2562099236954,41.5102390984344],[-81.2564290772178,41.5102071033517],[-81.2566740195432,41.5101713427652],[-81.2566669978186,41.512219269577],[-81.2587975639743,41.511327585221],[-81.2601492404043,41.510471731551],[-81.2601727640967,41.5104927215073],[-81.2588189934353,41.5113502180728],[-81.2566683159476,41.5122505833723],[-81.2566285314332,41.512253733826]]]},"properties":{"source_county":"Geauga","jurisdiction":"Munson Township","parcel_id":"21-106700","owner_name":"BEHNKE MITCHEL L","property_address":"10642 BUTTERNUT RD","property_city":"CHESTERLAND","property_zip":"44026"}},{"type":"Feature","geometry":{"type":"Polygon","coordinates":[[[-81.2557967782831,41.5048147958285],[-81.258082372073,41.5033935338871],[-81.2584493768347,41.5033915729423],[-81.2588807131658,41.503389266229],[-81.2588020746374,41.5047972390679],[-81.2565437568977,41.5053763844919],[-81.2559995863165,41.5048061628847],[-81.2547159023042,41.5055938462984],[-81.2546418742347,41.5055260576993],[-81.2557967782831,41.5048147958285]]]},"properties":{"source_county":"Geauga","jurisdiction":"Munson Township","parcel_id":"21-108200","owner_name":"GRANTHAM JEFFREY J & SHERRI L","property_address":"10773 BUTTERNUT RD","property_city":"CHESTERLAND","property_zip":"44026"}},{"type":"Feature","geometry":{"type":"Polygon","coordinates":[[[-81.2547159023042,41.5055938462984],[-81.2559995863165,41.5048061628847],[-81.2565437568977,41.5053763844919],[-81.2549227006129,41.5057832132898],[-81.2547159023042,41.5055938462984]]]},"properties":{"source_county":"Geauga","jurisdiction":"Munson Township","parcel_id":"21-108300","owner_name":"GRANTHAM JEFFREY J & SHERRI L","property_address":" BUTTERNUT RD","property_city":"CHESTERLAND","property_zip":"44026"}},{"type":"Feature","geometry":{"type":"Polygon","coordinates":[[[-81.2573177977944,41.5033976165643],[-81.258082372073,41.5033935338871],[-81.2557967782831,41.5048147958285],[-81.2573177977944,41.5033976165643]]]},"properties":{"source_county":"Geauga","jurisdiction":"Munson Township","parcel_id":"21-108400","owner_name":"GRANTHAM JEFFREY J & SHERRI L","property_address":" BUTTERNUT RD","property_city":"CHESTERLAND","property_zip":"44026"}},{"type":"Feature","geometry":{"type":"Polygon","coordinates":[[[-81.2655979957572,41.523269365062],[-81.2666611236394,41.5227860623302],[-81.2663704820589,41.5240954686795],[-81.2666656514823,41.5257368039395],[-81.2669872599517,41.5275250651641],[-81.2656233113051,41.5275550142015],[-81.2656126543506,41.5257509608115],[-81.2655979957572,41.523269365062]]]},"properties":{"source_county":"Geauga","jurisdiction":"Munson Township","parcel_id":"21-109200","owner_name":"SHIFFER JEFFREY","property_address":"10486 MAYFIELD RD","property_city":"CHESTERLAND","property_zip":"44026"}},{"type":"Feature","geometry":{"type":"Polygon","coordinates":[[[-81.2747076637946,41.5208143573334],[-81.2755740406911,41.5207963370548],[-81.2755940261248,41.5224054069007],[-81.2747219530853,41.522426315627],[-81.2747209001848,41.5223273380732],[-81.2747202103161,41.5222449623136],[-81.2747151319987,41.5216645535186],[-81.2747102047268,41.5211013223013],[-81.2747076637946,41.5208143573334]]]},"properties":{"source_county":"Geauga","jurisdiction":"Munson Township","parcel_id":"21-113100","owner_name":"DOUGLASS MICHAEL & MOLLY","property_address":"10249 MAYFIELD RD","property_city":"CHESTERLAND","property_zip":"44026"}},{"type":"Feature","geometry":{"type":"Polygon","coordinates":[[[-81.2608544582918,41.5254256038316],[-81.2608454428166,41.5254297011859],[-81.2612512221699,41.5247479679904],[-81.2608130469372,41.5247534564699],[-81.2615914552595,41.5242441828542],[-81.2616286453644,41.5242198511398],[-81.2620974180368,41.5248606225007],[-81.2615940857059,41.5250894070224],[-81.2608544582918,41.5254256038316]]]},"properties":{"source_county":"Geauga","jurisdiction":"Munson Township","parcel_id":"21-113470","owner_name":"SMITH JACK A JR","property_address":"10595 MAYFIELD RD","property_city":"CHESTERLAND","property_zip":"44026"}},{"type":"Feature","geometry":{"type":"Polygon","coordinates":[[[-81.2620976766945,41.524860504593],[-81.2620974180368,41.5248606225007],[-81.2616286453644,41.5242198511398],[-81.2615914552595,41.5242441828542],[-81.2608130469372,41.5247534564699],[-81.2607735748949,41.524753950775],[-81.2606079441813,41.5245933015808],[-81.2606024003773,41.5244840965404],[-81.2606217881151,41.5244668735524],[-81.2606956816004,41.5244317067039],[-81.2607941097182,41.5244220670947],[-81.2609003664728,41.5245242052336],[-81.2609885790428,41.5245265671852],[-81.2610776375062,41.5244898240466],[-81.261150011493,41.5243844135095],[-81.2610766792388,41.5243043354267],[-81.2610469513061,41.5242373478292],[-81.2610192916903,41.5241111565092],[-81.2608028446895,41.52414723904],[-81.2607561214761,41.5239783891631],[-81.2608346766115,41.5239418357133],[-81.2610119193278,41.5239058919694],[-81.2611178434264,41.5236729679193],[-81.2606716424018,41.5230326205375],[-81.2606435687391,41.5228534924106],[-81.2607250937384,41.5227387669129],[-81.2608522532693,41.5226321477895],[-81.261120611699,41.5225666823313],[-81.2611363202007,41.5224767487985],[-81.2610408419409,41.522377279674],[-81.2611245532625,41.5223241236502],[-81.2613485681657,41.5222693315313],[-81.2615410490161,41.5223176436722],[-81.2615487677536,41.5223125202646],[-81.2615905346256,41.5222847947962],[-81.2616131618022,41.5221212561975],[-81.2616986227858,41.5220832648312],[-81.2617814165269,41.5221140187602],[-81.2618401079365,41.5221584795013],[-81.2619016443495,41.5222774517421],[-81.2620049024959,41.5223177449115],[-81.2622773345717,41.5222736737899],[-81.2624103377869,41.5221937160498],[-81.2624211436961,41.5221701571757],[-81.2629341854953,41.5237041826898],[-81.263159496475,41.5243778527264],[-81.2620976766945,41.524860504593]]]},"properties":{"source_county":"Geauga","jurisdiction":"Munson Township","parcel_id":"21-114000","owner_name":"ERGAZOS RENEE M TRUSTEE","property_address":"10571 MAYFIELD RD","property_city":"CHARDON","property_zip":"44024"}},{"type":"Feature","geometry":{"type":"Polygon","coordinates":[[[-81.2693105710031,41.5225369142576],[-81.2693083400085,41.5212946364221],[-81.2696735281258,41.5213010339109],[-81.2698280520584,41.521303740143],[-81.2701462955711,41.5213093133849],[-81.270768740787,41.5213202112496],[-81.2707707654151,41.5225126143055],[-81.2701239179299,41.522526097372],[-81.2693105710031,41.5225369142576]]]},"properties":{"source_county":"Geauga","jurisdiction":"Munson Township","parcel_id":"21-114800","owner_name":"MINEO JEFFREY L & LAURA A & ZELEZNAK RICHARD A","property_address":"10375 MAYFIELD RD","property_city":"CHESTERLAND","property_zip":"44026"}},{"type":"Feature","geometry":{"type":"Polygon","coordinates":[[[-81.2691040223527,41.5213935565468],[-81.2693083400085,41.5212946364221],[-81.269310578191,41.5225369143338],[-81.2683809892118,41.522549269886],[-81.2683796918898,41.5214754840986],[-81.2684562850579,41.5214143346181],[-81.2691040223527,41.5213935565468]]]},"properties":{"source_county":"Geauga","jurisdiction":"Munson Township","parcel_id":"21-114900","owner_name":"SIMS CHERISE MARIE & MICHELLE L","property_address":"10413 MAYFIELD RD","property_city":"CHESTERLAND","property_zip":"44026"}},{"type":"Feature","geometry":{"type":"Polygon","coordinates":[[[-81.2701239179299,41.522526097372],[-81.2701931032113,41.522524655005],[-81.2702254250562,41.525688354516],[-81.270243460297,41.527453501868],[-81.2693661497095,41.5274727919043],[-81.269343090702,41.525700763333],[-81.2693339634755,41.5249992684646],[-81.26930192602,41.5225370287874],[-81.2701239179299,41.522526097372]]]},"properties":{"source_county":"Geauga","jurisdiction":"Munson Township","parcel_id":"21-117400","owner_name":"10390 MAYFIELD ROAD LLC","property_address":"10390 MAYFIELD RD","property_city":"CHESTERLAND","property_zip":"44026"}},{"type":"Feature","geometry":{"type":"Polygon","coordinates":[[[-81.2655143780509,41.5212660397311],[-81.2655141737839,41.5208155494989],[-81.2661826141056,41.5209287303011],[-81.2665493681887,41.5211391379652],[-81.2669359825451,41.5212820983114],[-81.267248929747,41.5213978181271],[-81.2672721054288,41.522015830552],[-81.2655145315226,41.5216044019654],[-81.2655143780509,41.5212660397311]]]},"properties":{"source_county":"Geauga","jurisdiction":"Munson Township","parcel_id":"21-118900","owner_name":"ZULANDT JOE & CASEY","property_address":"10331 BUTTERNUT RD","property_city":"CHESTERLAND","property_zip":"44026"}},{"type":"Feature","geometry":{"type":"Polygon","coordinates":[[[-81.2566669978186,41.512219269577],[-81.2566740195432,41.5101713427652],[-81.2568248804875,41.5101493175467],[-81.2571259509561,41.5101053613023],[-81.257402047794,41.510065050398],[-81.2580315805472,41.5106268286865],[-81.2587853295543,41.5112994388022],[-81.2601257179076,41.5104507425029],[-81.2601492404043,41.510471731551],[-81.2587975639743,41.511327585221],[-81.2566669978186,41.512219269577]]]},"properties":{"source_county":"Geauga","jurisdiction":"Munson Township","parcel_id":"21-119760","owner_name":"RICCI JOHN & ANGELA","property_address":"10648 BUTTERNUT RD","property_city":"CHESTERLAND","property_zip":"44026"}},{"type":"Feature","geometry":{"type":"Polygon","coordinates":[[[-81.2524008538132,41.5126198377372],[-81.2523941591413,41.5117143556396],[-81.2523956979471,41.5117142019913],[-81.2562077647168,41.5113331190069],[-81.2564269030993,41.5113112084697],[-81.2566322582433,41.5112906761638],[-81.2566285314332,41.512253733826],[-81.2566683159476,41.5122505833723],[-81.2588189934353,41.5113502180728],[-81.2601727640967,41.5104927215073],[-81.2601962866065,41.5105137114459],[-81.2588392504928,41.5113729536429],[-81.2566667993547,41.5122821576524],[-81.2564249521535,41.5123013056679],[-81.2562058203283,41.5123186552545],[-81.2524019108973,41.5126197536505],[-81.2524008538132,41.5126198377372]]]},"properties":{"source_county":"Geauga","jurisdiction":"Munson Township","parcel_id":"21-120100","owner_name":"TASLER RYAN A & KRISTA D","property_address":"10640 BUTTERNUT RD","property_city":"CHESTERLAND","property_zip":"44026"}},{"type":"Feature","geometry":{"type":"Polygon","coordinates":[[[-81.268963931584,41.5225557904428],[-81.2690355468927,41.5225405708116],[-81.269053649488,41.5225403296997],[-81.2690702286962,41.5235920870434],[-81.268436139837,41.5235965759084],[-81.268424561764,41.5225486904573],[-81.2688790633138,41.5225426505242],[-81.268963931584,41.5225557904428]]]},"properties":{"source_county":"Geauga","jurisdiction":"Munson Township","parcel_id":"21-122550","owner_name":"PADO ANDREW CHARLES","property_address":"10416 MAYFIELD RD","property_city":"CHESTERLAND","property_zip":"44026"}},{"type":"Feature","geometry":{"type":"Polygon","coordinates":[[[-81.269053649488,41.5225403296997],[-81.26930192602,41.5225370287874],[-81.2693339634755,41.5249992684646],[-81.2684518381068,41.5250172944327],[-81.268436139837,41.5235965759084],[-81.2690702286962,41.5235920870434],[-81.269053649488,41.5225403296997]]]},"properties":{"source_county":"Geauga","jurisdiction":"Munson Township","parcel_id":"21-122750","owner_name":"NOVAK ROBERT & LYNN ANN","property_address":"10402 MAYFIELD RD","property_city":"CHESTERLAND","property_zip":"44026"}},{"type":"Feature","geometry":{"type":"Polygon","coordinates":[[[-81.2675536734126,41.5236028181315],[-81.268436139837,41.5235965759084],[-81.2684518381068,41.5250172944327],[-81.2675697110549,41.525035313683],[-81.2675536734126,41.5236028181315]]]},"properties":{"source_county":"Geauga","jurisdiction":"Munson Township","parcel_id":"21-122760","owner_name":"NOVAK ROBERT & LYNN ANN","property_address":" MAYFIELD RD","property_city":"CHESTERLAND","property_zip":"44026"}},{"type":"Feature","geometry":{"type":"Polygon","coordinates":[[[-81.2570340418652,41.5097498062494],[-81.2573924756382,41.5096975515906],[-81.2574843676543,41.5100530314207],[-81.257402047794,41.510065050398],[-81.2571259509561,41.5101053613023],[-81.2570340418652,41.5097498062494]]]},"properties":{"source_county":"Geauga","jurisdiction":"Munson Township","parcel_id":"21-125200","owner_name":"WILLIS JOHN R & ROSSI KAREN M","property_address":" BUTTERNUT RD","property_city":"CHESTERLAND","property_zip":"44026"}},{"type":"Feature","geometry":{"type":"Polygon","coordinates":[[[-81.2573924756382,41.5096975515906],[-81.2590163362368,41.5094608004173],[-81.2591732877723,41.5096008567149],[-81.2593712638449,41.5097775201791],[-81.2574843676543,41.5100530314207],[-81.2573924756382,41.5096975515906]]]},"properties":{"source_county":"Geauga","jurisdiction":"Munson Township","parcel_id":"21-125300","owner_name":"WILLIS JOHN R & ROSSI KAREN M","property_address":" BUTTERNUT RD","property_city":"CHESTERLAND","property_zip":"44026"}},{"type":"Feature","geometry":{"type":"Polygon","coordinates":[[[-81.2567329561796,41.5097936999454],[-81.2570340418652,41.5097498062494],[-81.2571259509561,41.5101053613023],[-81.2568248804875,41.5101493175467],[-81.2567329561796,41.5097936999454]]]},"properties":{"source_county":"Geauga","jurisdiction":"Munson Township","parcel_id":"21-125400","owner_name":"WILLIS JOHN R & ROSSI KAREN M","property_address":"10676 BUTTERNUT RD","property_city":"CHESTERLAND","property_zip":"44026"}},{"type":"Feature","geometry":{"type":"Polygon","coordinates":[[[-81.2717200008139,41.5224928212602],[-81.2719724225263,41.5224872325281],[-81.2720219543437,41.5256757773831],[-81.2720489551434,41.5274137824109],[-81.2713803314958,41.5274284941521],[-81.2713531048949,41.5256748438705],[-81.2713038418653,41.5225014998292],[-81.2717200008139,41.5224928212602]]]},"properties":{"source_county":"Geauga","jurisdiction":"Munson Township","parcel_id":"21-126200","owner_name":"KUHL DONALD K & ELAINE M","property_address":"10340 MAYFIELD RD","property_city":"CHESTERLAND","property_zip":"44026"}},{"type":"Feature","geometry":{"type":"Polygon","coordinates":[[[-81.260591988197,41.5093205615273],[-81.2610192245973,41.5089679115501],[-81.2611362805292,41.508992709701],[-81.2613496129294,41.5090379036647],[-81.2633947130202,41.5094711269062],[-81.2633768225665,41.5100100759672],[-81.2616002103382,41.5102199752353],[-81.2613606493695,41.5100062707962],[-81.2610347480073,41.5097155423632],[-81.2606631855295,41.5093840763333],[-81.2606630582832,41.5093839633117],[-81.260591988197,41.5093205615273]]]},"properties":{"source_county":"Geauga","jurisdiction":"Munson Township","parcel_id":"21-126900","owner_name":"REGOVICH THOMAS R & CORY A","property_address":"13182 BOULDER GLEN DR","property_city":"CHESTERLAND","property_zip":"44026"}},{"type":"Feature","geometry":{"type":"Polygon","coordinates":[[[-81.2615199890731,41.5073716820468],[-81.2634820393266,41.506837286545],[-81.2634364965956,41.5082090910619],[-81.2615871919643,41.5082141267195],[-81.2614768940321,41.5082144261281],[-81.2614837670127,41.5081621976637],[-81.2614879463862,41.5081098084072],[-81.2615027420414,41.5078355875632],[-81.2615031034101,41.5077469719426],[-81.261494637924,41.5076585846779],[-81.2614773931344,41.5075709218764],[-81.2614514658688,41.5074844755772],[-81.2614170016867,41.5073997309892],[-81.2615199890731,41.5073716820468]]]},"properties":{"source_county":"Geauga","jurisdiction":"Munson Township","parcel_id":"21-129700","owner_name":"PIKUS ANDREW WILLIAM AKA ANDREW & GIANNI T AKA GIANNI","property_address":"13228 BOULDER GLEN DR","property_city":"CHESTERLAND","property_zip":"44026"}},{"type":"Feature","geometry":{"type":"Polygon","coordinates":[[[-81.2655147644462,41.5221165405228],[-81.2655145315226,41.5216044019654],[-81.2672721054288,41.522015830552],[-81.2672925951489,41.5225622346178],[-81.2671506895834,41.5225632691973],[-81.2666611236394,41.5227860623302],[-81.2655153050452,41.5233069556088],[-81.2655147644462,41.5221165405228]]]},"properties":{"source_county":"Geauga","jurisdiction":"Munson Township","parcel_id":"21-130400","owner_name":"KOCH PAMELA & KEVIN TRUSTEES","property_address":"10305 BUTTERNUT RD","property_city":"CHESTERLAND","property_zip":"44026"}},{"type":"Feature","geometry":{"type":"Polygon","coordinates":[[[-81.2613927118793,41.5078362679549],[-81.2615027420414,41.5078355875632],[-81.2614879463862,41.5081098084072],[-81.2614837670127,41.5081621976637],[-81.2614768940321,41.5082144261281],[-81.2614571952081,41.5083100890451],[-81.2614284542772,41.5084044495722],[-81.2613908180957,41.5084970254325],[-81.261344478986,41.5085873434686],[-81.2612933310818,41.5086696853635],[-81.2612349534273,41.5087492641026],[-81.2611696087384,41.508825721524],[-81.261097591091,41.5088987135129],[-81.2610192245973,41.5089679115501],[-81.260591988197,41.5093205615273],[-81.2605207909855,41.5092570475768],[-81.2601867057037,41.5089590089488],[-81.2594809351013,41.5083293763663],[-81.2589451466995,41.5078513771643],[-81.2613359242075,41.507836618903],[-81.2613927118793,41.5078362679549]]]},"properties":{"source_county":"Geauga","jurisdiction":"Munson Township","parcel_id":"21-130480","owner_name":"WHITE WILLIAM A & SUSAN E","property_address":"13203 BOULDER GLEN DR","property_city":"CHESTERLAND","property_zip":"44026"}},{"type":"Feature","geometry":{"type":"Polygon","coordinates":[[[-81.2591864240925,41.5064457340748],[-81.2606467772065,41.5064525135826],[-81.260818377479,41.5066390606247],[-81.2611019749514,41.5069473556412],[-81.260705882598,41.5069856766695],[-81.2582419633379,41.5072240254165],[-81.2591864240925,41.5064457340748]]]},"properties":{"source_county":"Geauga","jurisdiction":"Munson Township","parcel_id":"21-133800","owner_name":"ROTH ELAINE ANNE TRUSTEE","property_address":"13275 BOULDER GLEN DR","property_city":"CHESTERLAND","property_zip":"44026"}},{"type":"Feature","geometry":{"type":"Polygon","coordinates":[[[-81.2519590667327,41.5054611685571],[-81.25316800787,41.5041763759941],[-81.2535588662253,41.5045343090211],[-81.2522720978582,41.5056024093178],[-81.2519590667327,41.5054611685571]]]},"properties":{"source_county":"Geauga","jurisdiction":"Munson Township","parcel_id":"21-138310","owner_name":"WISER JAMES H","property_address":"10824 BUTTERNUT RD","property_city":"CHESTERLAND","property_zip":"44026"}},{"type":"Feature","geometry":{"type":"Polygon","coordinates":[[[-81.2629341854953,41.5237041826898],[-81.2637778585957,41.5233206614087],[-81.2640031814828,41.5239943425439],[-81.263159496475,41.5243778527264],[-81.2629341854953,41.5237041826898]]]},"properties":{"source_county":"Geauga","jurisdiction":"Munson Township","parcel_id":"21-140700","owner_name":"ERGAZOS MARK TOD & RENEE M TOD","property_address":"10551 MAYFIELD RD","property_city":"CHESTERLAND","property_zip":"44026"}},{"type":"Feature","geometry":{"type":"Polygon","coordinates":[[[-81.2705817723396,41.5165151270849],[-81.271055405332,41.5163060003436],[-81.271288218193,41.5186475589455],[-81.2709049651607,41.5186466895942],[-81.2705817723396,41.5165151270849]]]},"properties":{"source_county":"Geauga","jurisdiction":"Munson Township","parcel_id":"21-141130","owner_name":"ATZEMIS CHAD P TOD & SUSAN L TOD","property_address":"10370 WYE RD","property_city":"CHESTERLAND","property_zip":"44026"}},{"type":"Feature","geometry":{"type":"Polygon","coordinates":[[[-81.2625201557362,41.5246684686596],[-81.2630982429235,41.5244056961276],[-81.2638261383833,41.5254686639131],[-81.263248049378,41.5257314481371],[-81.2625201557362,41.5246684686596]]]},"properties":{"source_county":"Geauga","jurisdiction":"Munson Township","parcel_id":"21-141250","owner_name":"SANGRIK JOSEPH A JR","property_address":"10570 MAYFIELD RD","property_city":"CHESTERLAND","property_zip":"44026"}},{"type":"Feature","geometry":{"type":"Polygon","coordinates":[[[-81.2710677053258,41.4997475526362],[-81.271615257246,41.499742990946],[-81.2716156636431,41.4997704633197],[-81.2716487053413,41.5020069013586],[-81.2711011331506,41.5020114721941],[-81.2710681114261,41.4997750286132],[-81.2710677065059,41.4997476174851],[-81.2710677053258,41.4997475526362]]]},"properties":{"source_county":"Geauga","jurisdiction":"Munson Township","parcel_id":"21-141500","owner_name":"SANKOVICH MONICA C","property_address":"10356 CEDAR RD","property_city":"CHESTERLAND","property_zip":"44026"}},{"type":"Feature","geometry":{"type":"Polygon","coordinates":[[[-81.2705201519293,41.4997521225334],[-81.2710677053258,41.4997475526362],[-81.2710677065059,41.4997476174851],[-81.2710681114261,41.4997750286132],[-81.2711011331506,41.5020114721941],[-81.270553562081,41.5020160404579],[-81.2705205567376,41.4997795912968],[-81.2705201543728,41.4997522477293],[-81.2705201519293,41.4997521225334]]]},"properties":{"source_county":"Geauga","jurisdiction":"Munson Township","parcel_id":"21-141600","owner_name":"SANKOVICH GREGORY EDWIN & DYANA BERNICE","property_address":" CEDAR RD","property_city":"CHESTERLAND","property_zip":"44026"}},{"type":"Feature","geometry":{"type":"Polygon","coordinates":[[[-81.271055405332,41.5163060003436],[-81.2715290497949,41.5160968655054],[-81.2716532839639,41.5186483857876],[-81.271288218193,41.5186475589455],[-81.271055405332,41.5163060003436]]]},"properties":{"source_county":"Geauga","jurisdiction":"Munson Township","parcel_id":"21-141900","owner_name":"THORNTON JESSE & JESSICA","property_address":"10366 WYE RD","property_city":"CHESTERLAND","property_zip":"44026"}},{"type":"Feature","geometry":{"type":"Polygon","coordinates":[[[-81.2578541098643,41.5084236613249],[-81.258867324882,41.5077819497045],[-81.2589451466995,41.5078513771643],[-81.2594809351013,41.5083293763663],[-81.2584676254755,41.5089711516838],[-81.2578541098643,41.5084236613249]]]},"properties":{"source_county":"Geauga","jurisdiction":"Munson Township","parcel_id":"21-142300","owner_name":"BRILL CHARLES L TOD & SHANNON M TOD","property_address":"10675 BUTTERNUT RD","property_city":"CHESTERLAND","property_zip":"44026"}},{"type":"Feature","geometry":{"type":"Polygon","coordinates":[[[-81.2580315805472,41.5106268286865],[-81.2593712638449,41.5097775201791],[-81.2593789439011,41.5097843731848],[-81.2600211993685,41.5103574779713],[-81.2601257179076,41.5104507425029],[-81.2587853295543,41.5112994388022],[-81.2580315805472,41.5106268286865]]]},"properties":{"source_county":"Geauga","jurisdiction":"Munson Township","parcel_id":"21-145300","owner_name":"MARTIN CHRISTOPHER","property_address":"10652 BUTTERNUT RD","property_city":"CHESTERLAND","property_zip":"44026"}},{"type":"Feature","geometry":{"type":"Polygon","coordinates":[[[-81.2734887967843,41.5224536450708],[-81.2737735453979,41.5224473360133],[-81.27378661119,41.5232869355174],[-81.2730017600178,41.5233029844756],[-81.2729887319407,41.522464723319],[-81.2734887967843,41.5224536450708]]]},"properties":{"source_county":"Geauga","jurisdiction":"Munson Township","parcel_id":"21-147200","owner_name":"KANKULA SCOTT & DIANE","property_address":"10296 MAYFIELD RD","property_city":"CHESTERLAND","property_zip":"44026"}},{"type":"Feature","geometry":{"type":"Polygon","coordinates":[[[-81.2530621075573,41.5209275699293],[-81.2557649769271,41.520901038167],[-81.2550439044732,41.5225003044982],[-81.2548498223506,41.5225767286322],[-81.2547698919051,41.5224234090874],[-81.2530621075573,41.5209275699293]]]},"properties":{"source_county":"Geauga","jurisdiction":"Munson Township","parcel_id":"21-148060","owner_name":"PETERS JOSHUA J & JEANETTE L","property_address":"12775 MILL VIEW LN","property_city":"CHARDON","property_zip":"44024"}},{"type":"Feature","geometry":{"type":"Polygon","coordinates":[[[-81.2524671063505,41.520933402563],[-81.2530621075573,41.5209275699293],[-81.2547698919051,41.5224234090874],[-81.2548498223506,41.5225767286322],[-81.2546382046092,41.5226194260336],[-81.2524893813951,41.5223862197335],[-81.2524714377543,41.5213540388067],[-81.2524712814794,41.5213450636373],[-81.2524641258616,41.5209334317542],[-81.2524671063505,41.520933402563]]]},"properties":{"source_county":"Geauga","jurisdiction":"Munson Township","parcel_id":"21-149400","owner_name":"MC ELHANEY JULIE A","property_address":"12759 MILL VIEW LN","property_city":"CHARDON","property_zip":"44024"}},{"type":"Feature","geometry":{"type":"Polygon","coordinates":[[[-81.2561888890303,41.5208968713374],[-81.2562076432007,41.5208966869444],[-81.2562151534395,41.5212591746528],[-81.2562381748682,41.522370307919],[-81.2561859803516,41.5223706678892],[-81.2554641562059,41.5223756473637],[-81.2550075262494,41.5226910471288],[-81.2548498223506,41.5225767286322],[-81.2550439044732,41.5225003044982],[-81.2557649769271,41.520901038167],[-81.2561888890303,41.5208968713374]]]},"properties":{"source_county":"Geauga","jurisdiction":"Munson Township","parcel_id":"21-155100","owner_name":"MAGOOCH PAUL M TOD","property_address":"12785 MILL VIEW LN","property_city":"CHARDON","property_zip":"44024"}},{"type":"Feature","geometry":{"type":"Polygon","coordinates":[[[-81.2549882502685,41.5231993201754],[-81.2548498223506,41.5225767286322],[-81.2550075262494,41.5226910471288],[-81.2554641562059,41.5223756473637],[-81.2561859803516,41.5223706678892],[-81.2562381748682,41.522370307919],[-81.2562610849763,41.5234760456006],[-81.256183795921,41.5234771586861],[-81.2550291389462,41.5234937855275],[-81.255020878193,41.5233952372733],[-81.2550072409612,41.523297026959],[-81.2549882502685,41.5231993201754]]]},"properties":{"source_county":"Geauga","jurisdiction":"Munson Township","parcel_id":"21-155101","owner_name":"MAJEWSKI KENT A & DEBRA MICHELLE & DUSTIN M","property_address":"12780 MILL VIEW LN","property_city":"CHARDON","property_zip":"44024"}},{"type":"Feature","geometry":{"type":"Polygon","coordinates":[[[-81.271615257246,41.499742990946],[-81.2721628105404,41.4997384131791],[-81.2721632169646,41.4997658963548],[-81.2721962774558,41.5020023279386],[-81.2716487053413,41.5020069013586],[-81.2716156636431,41.4997704633197],[-81.271615257246,41.499742990946]]]},"properties":{"source_county":"Geauga","jurisdiction":"Munson Township","parcel_id":"21-156730","owner_name":"WILLIAMS RANDY TOD","property_address":"10340 CEDAR RD","property_city":"CHESTERLAND","property_zip":"44026"}},{"type":"Feature","geometry":{"type":"Polygon","coordinates":[[[-81.2572406045002,41.5078761676294],[-81.2582537261249,41.5072345188177],[-81.258867324882,41.5077819497045],[-81.2578541098643,41.5084236613249],[-81.257687494534,41.5082749745847],[-81.2572406045002,41.5078761676294]]]},"properties":{"source_county":"Geauga","jurisdiction":"Munson Township","parcel_id":"21-157600","owner_name":"YANDELL CADE & ANDERSON HALEY","property_address":"10685 BUTTERNUT RD","property_city":"CHESTERLAND","property_zip":"44026"}},{"type":"Feature","geometry":{"type":"Polygon","coordinates":[[[-81.2642293664537,41.5182729500423],[-81.2636349469324,41.5166224398012],[-81.2635229376219,41.5159540546373],[-81.2635153379315,41.5159087108904],[-81.2643317300699,41.5155080601721],[-81.2642219639118,41.5149224401079],[-81.2638211973246,41.5144375367788],[-81.2638447036979,41.5140439747131],[-81.2638579251184,41.5138226022104],[-81.2641787994601,41.5135321534949],[-81.2642168208509,41.5129752400528],[-81.2648695730795,41.5129483579085],[-81.2653403882929,41.5125166753715],[-81.2664941919237,41.511458739727],[-81.267558418959,41.5104347662118],[-81.2668663225431,41.5095977215267],[-81.2636164166315,41.5099817665612],[-81.2633768225665,41.5100100759672],[-81.2633947130202,41.5094711269062],[-81.2634364965956,41.5082090910619],[-81.2634820393266,41.506837286545],[-81.2635078776525,41.5060372333871],[-81.2626499318953,41.5060398655422],[-81.2626124112986,41.5029492727687],[-81.2657399237272,41.5029233602535],[-81.2699654672442,41.5028882158039],[-81.2699583814932,41.5060004882998],[-81.2703504930701,41.5059990862369],[-81.270349842162,41.5060582486452],[-81.2702416594331,41.5158854875503],[-81.2702351400396,41.5164776157609],[-81.2702339086593,41.5165894816599],[-81.2702330762573,41.5165898492464],[-81.2686843051377,41.5172737797026],[-81.2685928266215,41.5172339739822],[-81.2675960240292,41.5168002193028],[-81.2664174132689,41.5170143932258],[-81.2663040557358,41.5171742379276],[-81.2659302741199,41.5185496224913],[-81.2659791448375,41.5185695912208],[-81.2657318498955,41.5194333747126],[-81.2648186710631,41.5189300886415],[-81.2642293664537,41.5182729500423]]]},"properties":{"source_county":"Geauga","jurisdiction":"Munson Township","parcel_id":"21-158000","owner_name":"FMGC LLC","property_address":" WYE RD","property_city":"CHESTERLAND","property_zip":"44026"}},{"type":"Feature","geometry":{"type":"Polygon","coordinates":[[[-81.2625744007991,41.4998181202374],[-81.2636529449444,41.4998091896951],[-81.263653013126,41.4998366351138],[-81.2636559399924,41.5010223250477],[-81.2625891261215,41.5010311585294],[-81.262574734493,41.4998455630907],[-81.2625744007991,41.4998181202374]]]},"properties":{"source_county":"Geauga","jurisdiction":"Munson Township","parcel_id":"21-158001","owner_name":"MURRAY JUSTIN E","property_address":"10580 CEDAR RD","property_city":"CHESTERLAND","property_zip":"44026"}},{"type":"Feature","geometry":{"type":"Polygon","coordinates":[[[-81.2497892375654,41.5048188475172],[-81.2504745264043,41.5034146337716],[-81.2506826502649,41.5034720312757],[-81.2509886402753,41.5035564184934],[-81.2503033609658,41.5049606352146],[-81.2497892375654,41.5048188475172]]]},"properties":{"source_county":"Geauga","jurisdiction":"Munson Township","parcel_id":"21-158470","owner_name":"GIBB JOHN & TRACI A","property_address":"10894 BUTTERNUT RD","property_city":"CHESTERLAND","property_zip":"44026"}},{"type":"Feature","geometry":{"type":"Polygon","coordinates":[[[-81.2696344912654,41.5169333764641],[-81.2701081399526,41.5167242501168],[-81.2702205602996,41.5172706003419],[-81.270503532039,41.5186457785298],[-81.2701952865408,41.5186450775303],[-81.2700839308426,41.5186448238903],[-81.2696344912654,41.5169333764641]]]},"properties":{"source_county":"Geauga","jurisdiction":"Munson Township","parcel_id":"21-164400","owner_name":"WERBEACH KEITH & DEBORAH","property_address":"10382 WYE RD","property_city":"CHESTERLAND","property_zip":"44026"}},{"type":"Feature","geometry":{"type":"Polygon","coordinates":[[[-81.2682183935303,41.5175585964657],[-81.2686875653751,41.5173514562613],[-81.2691609915624,41.5186427188462],[-81.2684741393698,41.5186411483768],[-81.2682183935303,41.5175585964657]]]},"properties":{"source_county":"Geauga","jurisdiction":"Munson Township","parcel_id":"21-166550","owner_name":"COAKLEY LUCY I","property_address":"10422 WYE RD","property_city":"CHESTERLAND","property_zip":"44026"}},{"type":"Feature","geometry":{"type":"Polygon","coordinates":[[[-81.2514734965012,41.5085709989985],[-81.2523600480974,41.5084814969925],[-81.2523661686651,41.5090166478254],[-81.2507758785183,41.5091390711895],[-81.2507463182129,41.5089759263067],[-81.2507078806684,41.5088138300893],[-81.2506606306421,41.508653055351],[-81.2514734965012,41.5085709989985]]]},"properties":{"source_county":"Geauga","jurisdiction":"Munson Township","parcel_id":"21-166890","owner_name":"HAMILTON MICHELLE & JOHN","property_address":"13190 N BRIDLE TRL","property_city":"CHARDON","property_zip":"44024"}},{"type":"Feature","geometry":{"type":"Polygon","coordinates":[[[-81.2728981361046,41.5248593972404],[-81.2728609478443,41.5224675539997],[-81.2729887319407,41.522464723319],[-81.2730017600178,41.5233029844756],[-81.27378661119,41.5232869355174],[-81.2738107917376,41.5248407361969],[-81.2728981361046,41.5248593972404]]]},"properties":{"source_county":"Geauga","jurisdiction":"Munson Township","parcel_id":"21-169300","owner_name":"CAPDEVILLE MICHELLE J TRUSTEE","property_address":"10306 MAYFIELD RD","property_city":"CHESTERLAND","property_zip":"44026"}},{"type":"Feature","geometry":{"type":"Polygon","coordinates":[[[-81.2537297338749,41.5046907812838],[-81.254926228557,41.503983575862],[-81.2553422288938,41.5043805384839],[-81.254136075594,41.5050628850297],[-81.2539714215857,41.5049121055976],[-81.2537297338749,41.5046907812838]]]},"properties":{"source_county":"Geauga","jurisdiction":"Munson Township","parcel_id":"21-171400","owner_name":"GARLAK TIMOTHY J & DEBRA A","property_address":"10813 BUTTERNUT RD","property_city":"CHESTERLAND","property_zip":"44026"}},{"type":"Feature","geometry":{"type":"Polygon","coordinates":[[[-81.254136075594,41.5050628850297],[-81.2553422288938,41.5043805384839],[-81.2557967782831,41.5048147958285],[-81.2546418742347,41.5055260576993],[-81.2543999688792,41.5053045398276],[-81.2543304745779,41.5052409014949],[-81.254136075594,41.5050628850297]]]},"properties":{"source_county":"Geauga","jurisdiction":"Munson Township","parcel_id":"21-171500","owner_name":"WILLIAMS ROY A TOD & LINDA K TOD","property_address":"10793 BUTTERNUT RD","property_city":"CHESTERLAND","property_zip":"44026"}},{"type":"Feature","geometry":{"type":"Polygon","coordinates":[[[-81.2553422288938,41.5043805384839],[-81.254926228557,41.503983575862],[-81.2537297338749,41.5046907812838],[-81.2536594802455,41.5046264472804],[-81.2555341119554,41.5033605228135],[-81.2559096988942,41.5034051208317],[-81.2564508863539,41.5034022388689],[-81.2570608787272,41.5033989866736],[-81.2573177977944,41.5033976165643],[-81.2557967782831,41.5048147958285],[-81.2553422288938,41.5043805384839]]]},"properties":{"source_county":"Geauga","jurisdiction":"Munson Township","parcel_id":"21-171510","owner_name":"SCHULTZ BRADLEY G & MISTY M TRUSTEES","property_address":"10819 BUTTERNUT RD","property_city":"CHESTERLAND","property_zip":"44026"}},{"type":"Feature","geometry":{"type":"Polygon","coordinates":[[[-81.2523489045563,41.507507249277],[-81.2523405496383,41.5067766826416],[-81.2523407940547,41.5067766807676],[-81.255970946995,41.5067430805314],[-81.2564504099843,41.5071709769161],[-81.2564276978124,41.5072784697699],[-81.2563151900584,41.5078109447217],[-81.2562146206726,41.507858634273],[-81.2557903297841,41.5080598283099],[-81.253977158368,41.5073498334736],[-81.2534559959926,41.5094911476127],[-81.2523777154528,41.510002403353],[-81.252377444653,41.5100025319146],[-81.2523734743229,41.5096553971865],[-81.2523661686651,41.5090166478254],[-81.2523600480974,41.5084814969925],[-81.2523489045563,41.507507249277]]]},"properties":{"source_county":"Geauga","jurisdiction":"Munson Township","parcel_id":"21-171600","owner_name":"WILLIAMS CHARLENE ANN & REID JENNIFER WILLIAMS & WILLIAMS ROBERT STANFORD","property_address":"10742 BUTTERNUT RD","property_city":"CHESTERLAND","property_zip":"44026"}},{"type":"Feature","geometry":{"type":"Polygon","coordinates":[[[-81.2550922159827,41.5060682006238],[-81.2552332317467,41.5060675678399],[-81.2552395170145,41.5060733237649],[-81.255970946995,41.5067430805314],[-81.2523407940547,41.5067766807676],[-81.2523405496383,41.5067766826416],[-81.2523327382035,41.5060937304814],[-81.252332976629,41.506093728543],[-81.2531330511768,41.5060863336391],[-81.2550922159827,41.5060682006238]]]},"properties":{"source_county":"Geauga","jurisdiction":"Munson Township","parcel_id":"21-171700","owner_name":"REID CHRISTOPHER L & WILLIAMS REID JENNIFER L","property_address":"10766 BUTTERNUT RD","property_city":"CHESTERLAND","property_zip":"44026"}},{"type":"Feature","geometry":{"type":"Polygon","coordinates":[[[-81.2715290497949,41.5160968655054],[-81.2719996709718,41.5158890628134],[-81.2720068326823,41.517581500628],[-81.2720093159576,41.5178104715363],[-81.2720184132508,41.5186492112528],[-81.2716532839639,41.5186483857876],[-81.2715290497949,41.5160968655054]]]},"properties":{"source_county":"Geauga","jurisdiction":"Munson Township","parcel_id":"21-171900","owner_name":"WELKER PAUL & JAMIE","property_address":"10340 WYE RD","property_city":"CHESTERLAND","property_zip":"44026"}},{"type":"Feature","geometry":{"type":"Polygon","coordinates":[[[-81.2636164166315,41.5099817665612],[-81.2668663225431,41.5095977215267],[-81.267558418959,41.5104347662118],[-81.2663035715273,41.5109559738148],[-81.2637492545108,41.5118186409956],[-81.2622403185243,41.5123375620841],[-81.2618317570523,41.5119730218553],[-81.261378453305,41.5115685541589],[-81.2612671873886,41.5114692736719],[-81.2613768585206,41.5114285720871],[-81.2626855518006,41.510942865324],[-81.2636164166315,41.5099817665612]]]},"properties":{"source_county":"Geauga","jurisdiction":"Munson Township","parcel_id":"21-172120","owner_name":"KIRCHHAUSEN GEORGE B & RUTH E","property_address":"10587 BUTTERNUT RD","property_city":"CHESTERLAND","property_zip":"44026"}},{"type":"Feature","geometry":{"type":"Polygon","coordinates":[[[-81.2663035715273,41.5109559738148],[-81.267558418959,41.5104347662118],[-81.2664941919237,41.511458739727],[-81.2653403882929,41.5125166753715],[-81.2625689667678,41.512630796877],[-81.2622403185243,41.5123375620841],[-81.2637492545108,41.5118186409956],[-81.2663035715273,41.5109559738148]]]},"properties":{"source_county":"Geauga","jurisdiction":"Munson Township","parcel_id":"21-172125","owner_name":"FOGARTY PHILIP L & SALLY L CO TRUSTEES","property_address":" BUTTERNUT RD","property_city":"CHESTERLAND","property_zip":"44026"}},{"type":"Feature","geometry":{"type":"Polygon","coordinates":[[[-81.2524937638844,41.5231621234793],[-81.2524893813951,41.5223862197335],[-81.2546382046092,41.5226194260336],[-81.2548498223506,41.5225767286322],[-81.2549882502685,41.5231993201754],[-81.2548801923636,41.5232128902709],[-81.2533859464802,41.5235911443435],[-81.2525011074822,41.5236498304327],[-81.2524937638844,41.5231621234793]]]},"properties":{"source_county":"Geauga","jurisdiction":"Munson Township","parcel_id":"21-175310","owner_name":"HERRINGSHAW JAMES EDWIN AKA JAMES E TOD","property_address":"12719 MILL VIEW LN","property_city":"CHARDON","property_zip":"44024"}},{"type":"Feature","geometry":{"type":"Polygon","coordinates":[[[-81.2735605735887,41.5216885576737],[-81.2747151319987,41.5216645535186],[-81.2747202103161,41.5222449623136],[-81.2737281714456,41.5222669686973],[-81.2737054266571,41.5222662858293],[-81.2736831059319,41.5222629302629],[-81.2736617618499,41.5222569850698],[-81.2736419228127,41.5222485974313],[-81.2736240799618,41.5222379749947],[-81.2736086750201,41.5222253807328],[-81.2735960893557,41.5222111264332],[-81.2735866345416,41.5221955649799],[-81.2735805446415,41.5221790816169],[-81.2735779704163,41.5221620844109],[-81.2735605735887,41.5216885576737]]]},"properties":{"source_county":"Geauga","jurisdiction":"Munson Township","parcel_id":"21-176303","owner_name":"LEE MATTHIAS A & JESSICA S","property_address":" MAYFIELD RD","property_city":"CHESTERLAND","property_zip":"44026"}},{"type":"Feature","geometry":{"type":"Polygon","coordinates":[[[-81.2735398577732,41.5211256547088],[-81.2747102047268,41.5211013223013],[-81.2747151319987,41.5216645535186],[-81.2735605735887,41.5216885576737],[-81.2735398577732,41.5211256547088]]]},"properties":{"source_county":"Geauga","jurisdiction":"Munson Township","parcel_id":"21-176304","owner_name":"LEE MATTHIAS A & JESSICA S","property_address":" MAYFIELD RD","property_city":"CHESTERLAND","property_zip":"44026"}},{"type":"Feature","geometry":{"type":"Polygon","coordinates":[[[-81.2735201884678,41.5205920063652],[-81.2755709730035,41.5205493603571],[-81.2755740406911,41.5207963370548],[-81.2747076637946,41.5208143573334],[-81.2747102047268,41.5211013223013],[-81.2735398577732,41.5211256547088],[-81.2735201884678,41.5205920063652]]]},"properties":{"source_county":"Geauga","jurisdiction":"Munson Township","parcel_id":"21-176305","owner_name":"LEE MATTHIAS A & JESSICA S","property_address":" MAYFIELD RD","property_city":"CHESTERLAND","property_zip":"44026"}},{"type":"Feature","geometry":{"type":"Polygon","coordinates":[[[-81.2734983596249,41.5199988500048],[-81.2755636028781,41.5199559032887],[-81.2755645009948,41.5200282776601],[-81.2755709730035,41.5205493603571],[-81.2735201884678,41.5205920063652],[-81.2734983596249,41.5199988500048]]]},"properties":{"source_county":"Geauga","jurisdiction":"Munson Township","parcel_id":"21-176306","owner_name":"LEE MATTHIAS A & JESSICA S","property_address":"12800 SANDHILL TRL","property_city":"CHESTERLAND","property_zip":"44026"}},{"type":"Feature","geometry":{"type":"Polygon","coordinates":[[[-81.2734741301698,41.5193404423682],[-81.2755554215905,41.519297162259],[-81.2755636028781,41.5199559032887],[-81.2734983596249,41.5199988500048],[-81.2734741301698,41.5193404423682]]]},"properties":{"source_county":"Geauga","jurisdiction":"Munson Township","parcel_id":"21-176307","owner_name":"LEE MATTHIAS A & JESSICA S","property_address":"10261 MAYFIELD RD","property_city":"CHESTERLAND","property_zip":"44026"}},{"type":"Feature","geometry":{"type":"Polygon","coordinates":[[[-81.2735917289512,41.5189261684481],[-81.2755503081649,41.5188854519709],[-81.2755554215905,41.519297162259],[-81.2734741301698,41.5193404423682],[-81.2734646702651,41.519083391515],[-81.2734657549105,41.5190666592047],[-81.2734702142518,41.5190502457254],[-81.2734779444523,41.5190345332584],[-81.2734887655153,41.5190198876622],[-81.273502425475,41.5190066499532],[-81.2735186062635,41.5189951283657],[-81.2735473130315,41.5189748671144],[-81.2735718564268,41.5189517209381],[-81.2735917289512,41.5189261684481]]]},"properties":{"source_county":"Geauga","jurisdiction":"Munson Township","parcel_id":"21-176308","owner_name":"LEE MATTHIAS A & JESSICA S","property_address":" MAYFIELD RD","property_city":"CHESTERLAND","property_zip":"44026"}},{"type":"Feature","geometry":{"type":"Polygon","coordinates":[[[-81.2735767363742,41.5187239498758],[-81.2755341440284,41.5175838724208],[-81.2755503081649,41.5188854519709],[-81.2735917289512,41.5189261684481],[-81.2736088183576,41.5188933439298],[-81.2736182055543,41.5188588093362],[-81.2736196152752,41.5188235773892],[-81.2736130061932,41.5187886812592],[-81.2735985721307,41.518755144267],[-81.2735767363742,41.5187239498758]]]},"properties":{"source_county":"Geauga","jurisdiction":"Munson Township","parcel_id":"21-176309","owner_name":"LEE MATTHIAS A & JESSICA S","property_address":" MAYFIELD RD","property_city":"CHESTERLAND","property_zip":"44026"}},{"type":"Feature","geometry":{"type":"Polygon","coordinates":[[[-81.2733383923098,41.5186295940718],[-81.2732998702322,41.51758238249],[-81.2738908637807,41.5175827810621],[-81.2746212146806,41.5175832688268],[-81.2755341440284,41.5175838724208],[-81.2735767363742,41.5187239498758],[-81.273548084717,41.518696061139],[-81.2735135241274,41.5186722536127],[-81.2734740673217,41.5186532249163],[-81.2734308704843,41.5186395326371],[-81.2733851993891,41.5186315779923],[-81.2733383923098,41.5186295940718]]]},"properties":{"source_county":"Geauga","jurisdiction":"Munson Township","parcel_id":"21-176310","owner_name":"LEE MATTHIAS A & JESSICA S","property_address":" MAYFIELD RD","property_city":"CHESTERLAND","property_zip":"44026"}},{"type":"Feature","geometry":{"type":"Polygon","coordinates":[[[-81.2731605128917,41.5175822887006],[-81.2732998702322,41.51758238249],[-81.2733383923098,41.5186295940718],[-81.2732909775962,41.5186337034025],[-81.2732452326235,41.5186439382285],[-81.2732025472791,41.5186599875814],[-81.2731642184912,41.5186813638275],[-81.2731314108238,41.5187074174831],[-81.2731051210941,41.5187373569485],[-81.2720093159576,41.5178104715363],[-81.2720068326823,41.517581500628],[-81.2731605128917,41.5175822887006]]]},"properties":{"source_county":"Geauga","jurisdiction":"Munson Township","parcel_id":"21-176311","owner_name":"LEE MATTHIAS A & JESSICA S","property_address":" MAYFIELD RD","property_city":"CHESTERLAND","property_zip":"44026"}},{"type":"Feature","geometry":{"type":"Polygon","coordinates":[[[-81.2720184132508,41.5186492112528],[-81.2720093159576,41.5178104715363],[-81.2731051210941,41.5187373569485],[-81.2730874343023,41.5187674510539],[-81.2730763529581,41.5187992785955],[-81.2730721601621,41.5188320264869],[-81.2730749630368,41.5188648581283],[-81.2730846899882,41.5188969347794],[-81.2731010925343,41.5189274369862],[-81.2731237516518,41.5189555855153],[-81.2731520884799,41.5189806612616],[-81.273185379108,41.5190020236188],[-81.2720196756467,41.5187656284595],[-81.2720184132508,41.5186492112528]]]},"properties":{"source_county":"Geauga","jurisdiction":"Munson Township","parcel_id":"21-176312","owner_name":"LEE MATTHIAS A & JESSICA S","property_address":" MAYFIELD RD","property_city":"CHESTERLAND","property_zip":"44026"}},{"type":"Feature","geometry":{"type":"Polygon","coordinates":[[[-81.2720269252087,41.5194340848456],[-81.2720196756467,41.5187656284595],[-81.273185379108,41.5190020236188],[-81.2732023776489,41.51901286344],[-81.2732169840837,41.5190255206821],[-81.2732288583661,41.5190397006783],[-81.273237724055,41.5190550733114],[-81.2732433747504,41.5190712806984],[-81.2732456788987,41.5190879455229],[-81.2732574903307,41.5194082245296],[-81.2720269252087,41.5194340848456]]]},"properties":{"source_county":"Geauga","jurisdiction":"Munson Township","parcel_id":"21-176313","owner_name":"LEE MATTHIAS A & JESSICA S","property_address":" MAYFIELD RD","property_city":"CHESTERLAND","property_zip":"44026"}},{"type":"Feature","geometry":{"type":"Polygon","coordinates":[[[-81.2720269252087,41.5194340848456],[-81.2732574903307,41.5194082245296],[-81.2732767961144,41.519933122761],[-81.2720326200198,41.5199591410123],[-81.2720269252087,41.5194340848456]]]},"properties":{"source_county":"Geauga","jurisdiction":"Munson Township","parcel_id":"21-176314","owner_name":"LEE MATTHIAS A & JESSICA S","property_address":" MAYFIELD RD","property_city":"CHESTERLAND","property_zip":"44026"}},{"type":"Feature","geometry":{"type":"Polygon","coordinates":[[[-81.2720326200198,41.5199591410123],[-81.2732767961144,41.519933122761],[-81.2732958737698,41.5204517888439],[-81.272038248294,41.5204779685431],[-81.2720326200198,41.5199591410123]]]},"properties":{"source_county":"Geauga","jurisdiction":"Munson Township","parcel_id":"21-176315","owner_name":"LEE MATTHIAS A & JESSICA S","property_address":" MAYFIELD RD","property_city":"CHESTERLAND","property_zip":"44026"}},{"type":"Feature","geometry":{"type":"Polygon","coordinates":[[[-81.272038248294,41.5204779685431],[-81.2732958737698,41.5204517888439],[-81.2733147274574,41.5209643840145],[-81.272043810907,41.520990840301],[-81.272038248294,41.5204779685431]]]},"properties":{"source_county":"Geauga","jurisdiction":"Munson Township","parcel_id":"21-176316","owner_name":"LEE MATTHIAS A & JESSICA S","property_address":" MAYFIELD RD","property_city":"CHESTERLAND","property_zip":"44026"}},{"type":"Feature","geometry":{"type":"Polygon","coordinates":[[[-81.2717187413521,41.5214696570569],[-81.2717185441433,41.521336835139],[-81.2720476258102,41.5213425926248],[-81.272043810907,41.520990840301],[-81.2733147274574,41.5209643840145],[-81.2733323422183,41.5214432549722],[-81.2717187413521,41.5214696570569]]]},"properties":{"source_county":"Geauga","jurisdiction":"Munson Township","parcel_id":"21-176317","owner_name":"LEE MATTHIAS A & JESSICA S","property_address":" MAYFIELD RD","property_city":"CHESTERLAND","property_zip":"44026"}},{"type":"Feature","geometry":{"type":"Polygon","coordinates":[[[-81.2717187413521,41.5214696570569],[-81.2733323422183,41.5214432549722],[-81.2733474784425,41.5218547586507],[-81.2717192602981,41.521881399847],[-81.2717187413521,41.5214696570569]]]},"properties":{"source_county":"Geauga","jurisdiction":"Munson Township","parcel_id":"21-176318","owner_name":"LEE MATTHIAS A & JESSICA S","property_address":" MAYFIELD RD","property_city":"CHESTERLAND","property_zip":"44026"}},{"type":"Feature","geometry":{"type":"Polygon","coordinates":[[[-81.2717192602981,41.521881399847],[-81.2733474784425,41.5218547586507],[-81.2733586104637,41.5221656163782],[-81.273357107324,41.5221846936369],[-81.2733512194447,41.5222032849827],[-81.2733411256878,41.522220825637],[-81.2733271326843,41.5222367827391],[-81.2733096655198,41.5222506715341],[-81.2732892548211,41.5222620700991],[-81.273266520637,41.5222706321609],[-81.273242153601,41.5222760976155],[-81.2732168939516,41.5222783004294],[-81.2717198015617,41.5223114526378],[-81.2717192602981,41.521881399847]]]},"properties":{"source_county":"Geauga","jurisdiction":"Munson Township","parcel_id":"21-176319","owner_name":"LEE MATTHIAS A & JESSICA S","property_address":" MAYFIELD RD","property_city":"CHESTERLAND","property_zip":"44026"}},{"type":"Feature","geometry":{"type":"Polygon","coordinates":[[[-81.2720301646676,41.5158755979898],[-81.273139370921,41.5158748569224],[-81.2731605128917,41.5175822887006],[-81.2720068326823,41.517581500628],[-81.2719996709718,41.5158890628134],[-81.272029869891,41.5158757281441],[-81.2720301646676,41.5158755979898]]]},"properties":{"source_county":"Geauga","jurisdiction":"Munson Township","parcel_id":"21-176326","owner_name":"MIRENDA MICHAEL S & DIANE","property_address":"10320 WYE RD","property_city":"CHESTERLAND","property_zip":"44026"}},{"type":"Feature","geometry":{"type":"Polygon","coordinates":[[[-81.2615358132429,41.4998267172272],[-81.2623553793756,41.499819936798],[-81.2623554458846,41.4998473786032],[-81.2623612699778,41.5022432925278],[-81.2613026259845,41.5022520430628],[-81.261302506434,41.502202642799],[-81.2612968403707,41.4998561398955],[-81.2612967743729,41.4998286944884],[-81.2614328148853,41.4998275689423],[-81.261433185055,41.4998275665911],[-81.2615345840889,41.4998267275177],[-81.2615358132429,41.4998267172272]]]},"properties":{"source_county":"Geauga","jurisdiction":"Munson Township","parcel_id":"21-176342","owner_name":"CARTOR MARGARET H FKA LAHNER MARGARET H & CARTOR THOMAS F","property_address":"10614 CEDAR RD","property_city":"CHESTERLAND","property_zip":"44026"}},{"type":"Feature","geometry":{"type":"Polygon","coordinates":[[[-81.2588020746374,41.5047972390679],[-81.2588807131658,41.503389266229],[-81.2584493768347,41.5033915729423],[-81.2584455662118,41.5017848897958],[-81.259006125493,41.5022215895453],[-81.2594418873106,41.502561062592],[-81.2612845833207,41.5025458552745],[-81.261303335242,41.5025457007062],[-81.2613026259845,41.5022520430628],[-81.2623612699778,41.5022432925278],[-81.2623554458846,41.4998473786032],[-81.2623553793756,41.499819936798],[-81.2625744007991,41.4998181202374],[-81.262574734493,41.4998455630907],[-81.2625891261215,41.5010311585294],[-81.2626124112986,41.5029492727687],[-81.2626499318953,41.5060398655422],[-81.2613154962907,41.506043946962],[-81.2611487096483,41.5060444560254],[-81.2587320012181,41.506051804808],[-81.2588020746374,41.5047972390679]]]},"properties":{"source_county":"Geauga","jurisdiction":"Munson Township","parcel_id":"21-176344","owner_name":"PAYNE SARAH C TOD","property_address":" CEDAR RD","property_city":"CHESTERLAND","property_zip":"44026"}},{"type":"Feature","geometry":{"type":"Polygon","coordinates":[[[-81.2584455662118,41.5017848897958],[-81.2584446285463,41.5013891653076],[-81.2586643860281,41.5013873549453],[-81.2598683041409,41.5013774307069],[-81.259868960689,41.5016518774682],[-81.2610736142894,41.501641934127],[-81.2610693130053,41.4998580216895],[-81.2610692471027,41.4998305762824],[-81.261260806705,41.4998289920922],[-81.2612967743729,41.4998286944884],[-81.2612968403707,41.4998561398955],[-81.261302506434,41.502202642799],[-81.2612815801511,41.5022028155715],[-81.259006125493,41.5022215895453],[-81.2584455662118,41.5017848897958]]]},"properties":{"source_county":"Geauga","jurisdiction":"Munson Township","parcel_id":"21-176346","owner_name":"PAYNE SARAH C TOD","property_address":"10634 CEDAR RD","property_city":"CHESTERLAND","property_zip":"44026"}},{"type":"Feature","geometry":{"type":"Polygon","coordinates":[[[-81.2582219617082,41.4998540628892],[-81.2584409844041,41.4998522622481],[-81.2584410491895,41.4998797085569],[-81.2584446285463,41.5013891653076],[-81.2584455662118,41.5017848897958],[-81.2584493768347,41.5033915729423],[-81.258082372073,41.5033935338871],[-81.2573177977944,41.5033976165643],[-81.2570608787272,41.5033989866736],[-81.2570578101295,41.5020756100768],[-81.2582255535797,41.5013909249274],[-81.2582220264019,41.4998815091981],[-81.2582219617082,41.4998540628892]]]},"properties":{"source_county":"Geauga","jurisdiction":"Munson Township","parcel_id":"21-176348","owner_name":"PAYNE SARAH C TOD","property_address":"10680 CEDAR RD","property_city":"CHESTERLAND","property_zip":"44026"}},{"type":"Feature","geometry":{"type":"Polygon","coordinates":[[[-81.2629175927052,41.5130287342792],[-81.2642168208509,41.5129752400528],[-81.2641787994601,41.5135321534949],[-81.2638579251184,41.5138226022104],[-81.2638447036979,41.5140439747131],[-81.2631336913019,41.5140452403517],[-81.2630112139817,41.5134691239993],[-81.2629175927052,41.5130287342792]]]},"properties":{"source_county":"Geauga","jurisdiction":"Munson Township","parcel_id":"21-176362","owner_name":"FLETCHER JORDAN & JULIA","property_address":"10567 BUTTERNUT RD","property_city":"CHESTERLAND","property_zip":"44026"}},{"type":"Feature","geometry":{"type":"Polygon","coordinates":[[[-81.2566498558589,41.5095725021744],[-81.2586029062688,41.50909187272],[-81.2590163362368,41.5094608004173],[-81.2573924756382,41.5096975515906],[-81.2570340418652,41.5097498062494],[-81.2567329561796,41.5097936999454],[-81.2568248804875,41.5101493175467],[-81.2566740195432,41.5101713427652],[-81.2564290772178,41.5102071033517],[-81.2562099236954,41.5102390984344],[-81.2557214145054,41.5103104157732],[-81.2555908934422,41.5098330872681],[-81.2562110261592,41.509680489322],[-81.2564302215238,41.5096265503333],[-81.2566498558589,41.5095725021744]]]},"properties":{"source_county":"Geauga","jurisdiction":"Munson Township","parcel_id":"21-176363","owner_name":"WILLIS JOHN R & ROSSI KAREN M","property_address":" BUTTERNUT RD","property_city":"CHESTERLAND","property_zip":"44026"}},{"type":"Feature","geometry":{"type":"Polygon","coordinates":[[[-81.2633768225665,41.5100100759672],[-81.2636164166315,41.5099817665612],[-81.2626855518006,41.510942865324],[-81.2613768585206,41.5114285720871],[-81.2612671873886,41.5114692736719],[-81.260827671431,41.5110770995703],[-81.2605865745548,41.5108619697067],[-81.2613647843103,41.5103690868755],[-81.2616002103382,41.5102199752353],[-81.2633768225665,41.5100100759672]]]},"properties":{"source_county":"Geauga","jurisdiction":"Munson Township","parcel_id":"21-176380","owner_name":"BAKER ABIGAIL LYNNE & MATTHEW","property_address":"10625 BUTTERNUT RD","property_city":"CHESTERLAND","property_zip":"44026"}},{"type":"Feature","geometry":{"type":"Polygon","coordinates":[[[-81.2496673837787,41.5031920310036],[-81.2506128154169,41.5013128737798],[-81.2515800118544,41.5014929302995],[-81.2506826502649,41.5034720312757],[-81.2504745264043,41.5034146337716],[-81.2499604147569,41.5032728467654],[-81.2496673837787,41.5031920310036]]]},"properties":{"source_county":"Geauga","jurisdiction":"Munson Township","parcel_id":"21-176397","owner_name":"BANE JEFFREY H & AMY J","property_address":"10897 BUTTERNUT RD","property_city":"CHESTERLAND","property_zip":"44026"}},{"type":"Feature","geometry":{"type":"Polygon","coordinates":[[[-81.2506826502649,41.5034720312757],[-81.2515800118544,41.5014929302995],[-81.2523035879153,41.50162762786],[-81.2522428326413,41.5024677472178],[-81.2521411159187,41.5038742427451],[-81.252016874688,41.5038399810837],[-81.2515027563698,41.5036982009308],[-81.2509886402753,41.5035564184934],[-81.2506826502649,41.5034720312757]]]},"properties":{"source_county":"Geauga","jurisdiction":"Munson Township","parcel_id":"21-176398","owner_name":"OLEKSIAK ARTHUR J & JANICE M OLEKSIAK ETAL","property_address":"10887 BUTTERNUT RD","property_city":"CHESTERLAND","property_zip":"44026"}},{"type":"Feature","geometry":{"type":"Polygon","coordinates":[[[-81.2574843676543,41.5100530314207],[-81.2593712638449,41.5097775201791],[-81.2580315805472,41.5106268286865],[-81.257402047794,41.510065050398],[-81.2574843676543,41.5100530314207]]]},"properties":{"source_county":"Geauga","jurisdiction":"Munson Township","parcel_id":"21-176613","owner_name":"WILLIS JOHN R & ROSSI KAREN M","property_address":" BUTTERNUT RD","property_city":"CHESTERLAND","property_zip":"44026"}},{"type":"Feature","geometry":{"type":"Polygon","coordinates":[[[-81.2747219530853,41.522426315627],[-81.2752444450983,41.5224137898968],[-81.2752971648739,41.5249872895453],[-81.2753113625446,41.525680309984],[-81.2753149410419,41.5258549611452],[-81.2753201219639,41.5261078282802],[-81.2742872843403,41.5261289889411],[-81.2742802767141,41.5256788991519],[-81.2742298062185,41.5224372243804],[-81.2747219530853,41.522426315627]]]},"properties":{"source_county":"Geauga","jurisdiction":"Munson Township","parcel_id":"21-176798","owner_name":"WILBER MARGARET E TRUSTEE","property_address":"10266 MAYFIELD RD","property_city":"CHESTERLAND","property_zip":"44026"}},{"type":"Feature","geometry":{"type":"Polygon","coordinates":[[[-81.2737735453979,41.5224473360133],[-81.2742298062185,41.5224372243804],[-81.2742802767141,41.5256788991519],[-81.2742872843403,41.5261289889411],[-81.2729183116374,41.5261570207424],[-81.2729108478795,41.5256770114596],[-81.2728981361046,41.5248593972404],[-81.2738107917376,41.5248407361969],[-81.27378661119,41.5232869355174],[-81.2737735453979,41.5224473360133]]]},"properties":{"source_county":"Geauga","jurisdiction":"Munson Township","parcel_id":"21-176835","owner_name":"CAPDEVILLE MICHELLE J TRUSTEE","property_address":" MAYFIELD RD","property_city":"CHESTERLAND","property_zip":"44026"}},{"type":"Feature","geometry":{"type":"Polygon","coordinates":[[[-81.2521411159187,41.5038742427451],[-81.2522428326413,41.5024677472178],[-81.2543710834865,41.5028008503574],[-81.2543189264292,41.5031872078192],[-81.2532439312251,41.5030189806733],[-81.2527652316076,41.5040463520443],[-81.2525652740002,41.5039912109518],[-81.2521411159187,41.5038742427451]]]},"properties":{"source_county":"Geauga","jurisdiction":"Munson Township","parcel_id":"21-176948","owner_name":"KRAMER ROGER A","property_address":" BUTTERNUT RD","property_city":"CHESTERLAND","property_zip":"44026"}},{"type":"Feature","geometry":{"type":"Polygon","coordinates":[[[-81.2657318498955,41.5194333747126],[-81.2659791448375,41.5185695912208],[-81.2661408362541,41.5186356576564],[-81.2660784810231,41.5187235030718],[-81.2660236526066,41.5188141398998],[-81.2659765711281,41.5189072043066],[-81.2659374256161,41.5190023227115],[-81.2659063732444,41.5190991132874],[-81.2658030540895,41.5194726176135],[-81.2657318498955,41.5194333747126]]]},"properties":{"source_county":"Geauga","jurisdiction":"Munson Township","parcel_id":"21-177024","owner_name":"FMGC LLC","property_address":" WYE RD","property_city":"CHESTERLAND","property_zip":"44026"}},{"type":"Feature","geometry":{"type":"Polygon","coordinates":[[[-81.2651563208232,41.4997967253386],[-81.2657320950949,41.4997919470262],[-81.2657321641468,41.4998193924437],[-81.2657399237272,41.5029233602535],[-81.2626124112986,41.5029492727687],[-81.2625891261215,41.5010311585294],[-81.2636559399924,41.5010223250477],[-81.263653013126,41.4998366351138],[-81.2636529449444,41.4998091896951],[-81.2644262485217,41.4998027804586],[-81.2651563208232,41.4997967253386]]]},"properties":{"source_county":"Geauga","jurisdiction":"Munson Township","parcel_id":"21-177028","owner_name":"CEDAR GEM LLC","property_address":" CEDAR RD","property_city":"CHESTERLAND","property_zip":"44026"}},{"type":"Feature","geometry":{"type":"Polygon","coordinates":[[[-81.2657399237272,41.5029233602535],[-81.2657321641468,41.4998193924437],[-81.2657320950949,41.4997919470262],[-81.2660218570906,41.4997895402722],[-81.2667328377319,41.4997836341465],[-81.2673834412884,41.4997782293669],[-81.2675586118668,41.4997767740084],[-81.267964809823,41.4997733976632],[-81.267964810107,41.4997734462935],[-81.2679647406876,41.4998008524081],[-81.2679618153564,41.5009673390484],[-81.2685094245205,41.5009627853124],[-81.2690570336256,41.5009582280913],[-81.2690564347637,41.5011988723989],[-81.2690543667155,41.5020285349902],[-81.2699674427239,41.5020209277184],[-81.2699654672442,41.5028882158039],[-81.2657399237272,41.5029233602535]]]},"properties":{"source_county":"Geauga","jurisdiction":"Munson Township","parcel_id":"21-177029","owner_name":"HICE SEAN P & BROOKE M","property_address":"10472 CEDAR RD","property_city":"CHESTERLAND","property_zip":"44026"}},{"type":"Feature","geometry":{"type":"Polygon","coordinates":[[[-81.2564332691613,41.5080794268714],[-81.257109203259,41.5077589029792],[-81.2572406045002,41.5078761676294],[-81.257687494534,41.5082749745847],[-81.2564313174435,41.509070333701],[-81.2564014850665,41.5090892216733],[-81.2564312272717,41.5091157559335],[-81.2565552007096,41.5092263571968],[-81.2566498558589,41.5095725021744],[-81.2564302215238,41.5096265503333],[-81.2562110261592,41.509680489322],[-81.2555908934422,41.5098330872681],[-81.2557214145054,41.5103104157732],[-81.2523868127311,41.510797175939],[-81.2523865352229,41.5107972161791],[-81.252377444653,41.5100025319146],[-81.2523777154528,41.510002403353],[-81.2534559959926,41.5094911476127],[-81.2562139800012,41.508183411231],[-81.2564332691613,41.5080794268714]]]},"properties":{"source_county":"Geauga","jurisdiction":"Munson Township","parcel_id":"21-177039","owner_name":"WOESTE KEVIN & MOLLY E TRUSTEES","property_address":"10690 BUTTERNUT RD","property_city":"CHESTERLAND","property_zip":"44026"}},{"type":"Feature","geometry":{"type":"Polygon","coordinates":[[[-81.2534559959926,41.5094911476127],[-81.253977158368,41.5073498334736],[-81.2557903297841,41.5080598283099],[-81.2562146206726,41.507858634273],[-81.2563151900584,41.5078109447217],[-81.2564276978124,41.5072784697699],[-81.2564504099843,41.5071709769161],[-81.2565349793484,41.5072464496086],[-81.257109203259,41.5077589029792],[-81.2564332691613,41.5080794268714],[-81.2562139800012,41.508183411231],[-81.2534559959926,41.5094911476127]]]},"properties":{"source_county":"Geauga","jurisdiction":"Munson Township","parcel_id":"21-177042","owner_name":"WIILIAMS ROBERT S & LAURA L","property_address":"10700 BUTTERNUT RD","property_city":"CHESTERLAND","property_zip":"44026"}},{"type":"Feature","geometry":{"type":"Polygon","coordinates":[[[-81.2746000106674,41.5158738523624],[-81.2755128998549,41.5158732150635],[-81.2755341440284,41.5175838724208],[-81.2746212146806,41.5175832688268],[-81.2746000106674,41.5158738523624]]]},"properties":{"source_county":"Geauga","jurisdiction":"Munson Township","parcel_id":"21-177251","owner_name":"JOOS CHRISTOPHER","property_address":" WYE RD","property_city":"CHESTERLAND","property_zip":"44026"}},{"type":"Feature","geometry":{"type":"Polygon","coordinates":[[[-81.2738696913987,41.5158743569469],[-81.2746000106674,41.5158738523624],[-81.2746212146806,41.5175832688268],[-81.2738908637807,41.5175827810621],[-81.2738696913987,41.5158743569469]]]},"properties":{"source_county":"Geauga","jurisdiction":"Munson Township","parcel_id":"21-177252","owner_name":"LAKE COUNTY CONCRETE LLC","property_address":"10280 WYE RD","property_city":"CHESTERLAND","property_zip":"44026"}},{"type":"Feature","geometry":{"type":"Polygon","coordinates":[[[-81.273139370921,41.5158748569224],[-81.2738696913987,41.5158743569469],[-81.2738908637807,41.5175827810621],[-81.2732998702322,41.51758238249],[-81.2731605128917,41.5175822887006],[-81.273139370921,41.5158748569224]]]},"properties":{"source_county":"Geauga","jurisdiction":"Munson Township","parcel_id":"21-177253","owner_name":"PIKE JONAH D & MELISSA M","property_address":"10300 WYE RD","property_city":"CHESTERLAND","property_zip":"44026"}},{"type":"Feature","geometry":{"type":"Polygon","coordinates":[[[-81.2562151534395,41.5212591746528],[-81.2562076432007,41.5208966869444],[-81.2561888890303,41.5208968713374],[-81.2557649769271,41.520901038167],[-81.2530621075573,41.5209275699293],[-81.2524671063505,41.520933402563],[-81.2524641258616,41.5209334317542],[-81.252459053394,41.5203437481513],[-81.2524518930632,41.5195114343694],[-81.2524503966791,41.519319370185],[-81.2524380422265,41.5176487917782],[-81.2524258550478,41.5160007421559],[-81.2551497841603,41.5159893800122],[-81.256198584111,41.5159849884053],[-81.256417696812,41.5159840699687],[-81.2593874799503,41.5159715771422],[-81.2614084568081,41.515963032696],[-81.2614285387691,41.5159629471953],[-81.2635229376219,41.5159540546373],[-81.2636349469324,41.5166224398012],[-81.2642293664537,41.5182729500423],[-81.2648186710631,41.5189300886415],[-81.2657318498955,41.5194333747126],[-81.2658030540895,41.5194726176135],[-81.2656521290439,41.5200500179212],[-81.2655140667871,41.5205793663964],[-81.2655141737839,41.5208155494989],[-81.2655143780509,41.5212660397311],[-81.2652533819484,41.521265857199],[-81.2621179720536,41.5212636183709],[-81.2615255801444,41.5212631857922],[-81.2564073014085,41.5212593240766],[-81.2562151534395,41.5212591746528]]]},"properties":{"source_county":"Geauga","jurisdiction":"Munson Township","parcel_id":"21-702300","owner_name":"SISTERS OF NOTRE DAME OF CLEVELAND OHIO THE","property_address":"10625 NOTRE DAME DR","property_city":"CHARDON","property_zip":"44024"}},{"type":"Feature","geometry":{"type":"Polygon","coordinates":[[[-81.2614002079448,41.5134773460286],[-81.2630112139817,41.5134691239993],[-81.2631336913019,41.5140452403517],[-81.2632767487869,41.5147181473348],[-81.2614144405991,41.5147260530604],[-81.2593678990622,41.5147347056733],[-81.2593874799503,41.5159715771422],[-81.256417696812,41.5159840699687],[-81.256198584111,41.5159849884053],[-81.2551497841603,41.5159893800122],[-81.2524258550478,41.5160007421559],[-81.2524088426665,41.5137002444687],[-81.2524075310423,41.5135228466099],[-81.2524077131629,41.5135228458666],[-81.2562034814207,41.5135037256886],[-81.2564225858215,41.5135026181364],[-81.2571950442803,41.5134987101066],[-81.2613550904325,41.5134775757806],[-81.2614002079448,41.5134773460286]]]},"properties":{"source_county":"Geauga","jurisdiction":"Munson Township","parcel_id":"21-702400","owner_name":"SISTERS OF NOTRE DAME OF CLEVELAND OHIO THE","property_address":" BUTTERNUT RD","property_city":"CHARDON","property_zip":"44024"}},{"type":"Feature","geometry":{"type":"Polygon","coordinates":[[[-81.2614144405991,41.5147260530604],[-81.2632767487869,41.5147181473348],[-81.2634612731361,41.5155860877919],[-81.2635153379315,41.5159087108904],[-81.2635229376219,41.5159540546373],[-81.2614285387691,41.5159629471953],[-81.2614084568081,41.515963032696],[-81.2593874799503,41.5159715771422],[-81.2593678990622,41.5147347056733],[-81.2614144405991,41.5147260530604]]]},"properties":{"source_county":"Geauga","jurisdiction":"Munson Township","parcel_id":"21-703227","owner_name":"SISTERS OF NOTRE DAME OF CLEVELAND OHIO THE","property_address":" BUTTERNUT RD","property_city":"CHARDON","property_zip":"44024"}},{"type":"Feature","geometry":{"type":"Polygon","coordinates":[[[-81.2562802337903,41.5244002217401],[-81.2562755996131,41.5241765970094],[-81.2562610849763,41.5234760456006],[-81.2562381748682,41.522370307919],[-81.2562151534395,41.5212591746528],[-81.2564073014085,41.5212593240766],[-81.2615255801444,41.5212631857922],[-81.2621179720536,41.5212636183709],[-81.2624211436961,41.5221701571757],[-81.2624103377869,41.5221937160498],[-81.2622773345717,41.5222736737899],[-81.2620049024959,41.5223177449115],[-81.2619016443495,41.5222774517421],[-81.2618401079365,41.5221584795013],[-81.2617814165269,41.5221140187602],[-81.2616986227858,41.5220832648312],[-81.2616131618022,41.5221212561975],[-81.2615905346256,41.5222847947962],[-81.2615487677536,41.5223125202646],[-81.2615410490161,41.5223176436722],[-81.2613485681657,41.5222693315313],[-81.2611245532625,41.5223241236502],[-81.2610408419409,41.522377279674],[-81.2611363202007,41.5224767487985],[-81.261120611699,41.5225666823313],[-81.2608522532693,41.5226321477895],[-81.2607250937384,41.5227387669129],[-81.2606435687391,41.5228534924106],[-81.2606716424018,41.5230326205375],[-81.2611178434264,41.5236729679193],[-81.2610119193278,41.5239058919694],[-81.2608346766115,41.5239418357133],[-81.2607561214761,41.5239783891631],[-81.2608028446895,41.52414723904],[-81.2610192916903,41.5241111565092],[-81.2610469513061,41.5242373478292],[-81.2610766792388,41.5243043354267],[-81.261150011493,41.5243844135095],[-81.2610776375062,41.5244898240466],[-81.2609885790428,41.5245265671852],[-81.2609003664728,41.5245242052336],[-81.2607941097182,41.5244220670947],[-81.2606956816004,41.5244317067039],[-81.2606217881151,41.5244668735524],[-81.2606024003773,41.5244840965404],[-81.2606079441813,41.5245933015808],[-81.2607735748949,41.524753950775],[-81.2564003065935,41.5248086404426],[-81.2562887244418,41.5248100335715],[-81.2562802337903,41.5244002217401]]]},"properties":{"source_county":"Geauga","jurisdiction":"Munson Township","parcel_id":"21-703234","owner_name":"SISTERS OF NOTRE DAME OF CLEVELAND OHIO THE","property_address":" MAYFIELD RD","property_city":"CHARDON","property_zip":"44024"}},{"type":"Feature","geometry":{"type":"Polygon","coordinates":[[[-81.27497967082,41.5019790402355],[-81.2749799595466,41.5019790378814],[-81.2749786788768,41.5026400509711],[-81.2749782792063,41.5028463239759],[-81.2749778802601,41.5028463269672],[-81.2738831211918,41.5028554944905],[-81.2699654672442,41.5028882158039],[-81.2699674427239,41.5020209277184],[-81.270553562081,41.5020160404579],[-81.2711011331506,41.5020114721941],[-81.2716487053413,41.5020069013586],[-81.2721962774558,41.5020023279386],[-81.2732651400374,41.5019933925063],[-81.27497967082,41.5019790402355]]]},"properties":{"source_county":"Geauga","jurisdiction":"Munson Township","parcel_id":"22-005000","owner_name":"KLINGMANN KRISTOPHER W","property_address":"13417 ROCKHAVEN RD","property_city":"CHESTERLAND","property_zip":"44026"}},{"type":"Feature","geometry":{"type":"Polygon","coordinates":[[[-81.2732579156854,41.4997292507797],[-81.2749843447059,41.499714787148],[-81.2749842918346,41.4997422339337],[-81.274983101663,41.5003564186612],[-81.2749828363054,41.5004936417435],[-81.2749825709466,41.50063086482],[-81.2749823051533,41.5007678546558],[-81.2749820390113,41.5009053118434],[-81.2749816206263,41.5011211138832],[-81.2749813621689,41.5012544414303],[-81.2749799595466,41.5019790378814],[-81.27497967082,41.5019790402355],[-81.2732651400374,41.5019933925063],[-81.2732580035417,41.499756755792],[-81.2732579156854,41.4997292507797]]]},"properties":{"source_county":"Geauga","jurisdiction":"Munson Township","parcel_id":"22-005100","owner_name":"CACOLICI SANTO","property_address":"13451 ROCKHAVEN RD","property_city":"NEWBURY","property_zip":"44065"}},{"type":"Feature","geometry":{"type":"Polygon","coordinates":[[[-81.2741296867618,41.5139100164489],[-81.2749576659829,41.5138412004511],[-81.2749567307303,41.5143411343516],[-81.2749552593328,41.5151270088243],[-81.2743164699694,41.515179647937],[-81.2741296867618,41.5139100164489]]]},"properties":{"source_county":"Geauga","jurisdiction":"Munson Township","parcel_id":"22-006200","owner_name":"BREWER MACKENZIE CRAIG","property_address":"10263 WYE RD","property_city":"CHESTERLAND","property_zip":"44026"}},{"type":"Feature","geometry":{"type":"Polygon","coordinates":[[[-81.2735852992413,41.5139552597312],[-81.2741296867618,41.5139100164489],[-81.2743164699694,41.515179647937],[-81.2737720156887,41.5152245096706],[-81.2735852992413,41.5139552597312]]]},"properties":{"source_county":"Geauga","jurisdiction":"Munson Township","parcel_id":"22-008000","owner_name":"GRIBBLE RAYMOND J TOD","property_address":"10281 WYE RD","property_city":"CHESTERLAND","property_zip":"44026"}},{"type":"Feature","geometry":{"type":"Polygon","coordinates":[[[-81.2749778802601,41.5028463269672],[-81.2749782792063,41.5028463239759],[-81.2749769892352,41.5035183463337],[-81.2749767343337,41.5036546878017],[-81.2749767060681,41.503669662857],[-81.2749762987165,41.5036696666599],[-81.2738815343006,41.5036788333543],[-81.2738831211918,41.5028554944905],[-81.2749778802601,41.5028463269672]]]},"properties":{"source_county":"Geauga","jurisdiction":"Munson Township","parcel_id":"22-014510","owner_name":"BRUNSTETTER COREY W & LESLEY","property_address":"13381 ROCKHAVEN RD","property_city":"CHESTERLAND","property_zip":"44026"}},{"type":"Feature","geometry":{"type":"Polygon","coordinates":[[[-81.2730409109862,41.5140004995586],[-81.2735852992413,41.5139552597312],[-81.2737720156887,41.5152245096706],[-81.2732220804852,41.5152698214907],[-81.2730409109862,41.5140004995586]]]},"properties":{"source_county":"Geauga","jurisdiction":"Munson Township","parcel_id":"22-015500","owner_name":"MORGAN ROBERT A","property_address":"10295 WYE RD","property_city":"CHESTERLAND","property_zip":"44026"}},{"type":"Feature","geometry":{"type":"Polygon","coordinates":[[[-81.2720301646676,41.5158755979898],[-81.27313335017,41.515388586695],[-81.273139370921,41.5158748569224],[-81.2720301646676,41.5158755979898]]]},"properties":{"source_county":"Geauga","jurisdiction":"Munson Township","parcel_id":"22-026210","owner_name":"MIRENDA MICHAEL S & DIANE","property_address":" WYE RD","property_city":"CHESTERLAND","property_zip":"44026"}},{"type":"Feature","geometry":{"type":"Polygon","coordinates":[[[-81.270349842162,41.5060582486452],[-81.2703504930701,41.5059990862369],[-81.2699583814932,41.5060004882998],[-81.2699654672442,41.5028882158039],[-81.2738831211918,41.5028554944905],[-81.2738815343006,41.5036788333543],[-81.2749762987165,41.5036696666599],[-81.2749767060681,41.503669662857],[-81.2749764769924,41.5037921854833],[-81.27497621965,41.5039296831591],[-81.2749759619059,41.5040672663725],[-81.2749754574101,41.5043369722531],[-81.2749746863885,41.5047486412453],[-81.274973916538,41.5051603110984],[-81.2749731454633,41.5055719817869],[-81.2749723774236,41.5059824637932],[-81.275080520315,41.5059820739108],[-81.2771384562688,41.5059746449272],[-81.2771463889985,41.5076213128923],[-81.2749692949307,41.5076291701514],[-81.2749631748498,41.5108986131197],[-81.2749618828666,41.5115890589241],[-81.2749608579193,41.512136682705],[-81.2749593894008,41.5129211268506],[-81.2749576659829,41.5138412004511],[-81.2741296867618,41.5139100164489],[-81.2735852992413,41.5139552597312],[-81.2730409109862,41.5140004995586],[-81.2732220804852,41.5152698214907],[-81.2718485266013,41.5158764373836],[-81.2702339086593,41.5165894816599],[-81.2702351400396,41.5164776157609],[-81.2702416594331,41.5158854875503],[-81.270349842162,41.5060582486452]]]},"properties":{"source_county":"Geauga","jurisdiction":"Munson Township","parcel_id":"22-026220","owner_name":"FMGC LLC","property_address":"13095 ROCKHAVEN RD","property_city":"CHESTERLAND","property_zip":"44026"}},{"type":"Feature","geometry":{"type":"Polygon","coordinates":[[[-81.2738623997426,41.5152860099002],[-81.2745919732638,41.5152259034211],[-81.2746000106674,41.5158738523624],[-81.2738696913987,41.5158743569469],[-81.2738623997426,41.5152860099002]]]},"properties":{"source_county":"Geauga","jurisdiction":"Munson Township","parcel_id":"22-026235","owner_name":"LAKE COUNTY CONCRETE LLC","property_address":" WYE RD","property_city":"CHESTERLAND","property_zip":"44026"}},{"type":"Feature","geometry":{"type":"Polygon","coordinates":[[[-81.2732517552854,41.5153363156344],[-81.2738623997426,41.5152860099002],[-81.2738696913987,41.5158743569469],[-81.273139370921,41.5158748569224],[-81.27313335017,41.515388586695],[-81.2732517552854,41.5153363156344]]]},"properties":{"source_county":"Geauga","jurisdiction":"Munson Township","parcel_id":"22-026236","owner_name":"PIKE JONAH D & MELISSA M","property_address":" WYE RD","property_city":"CHESTERLAND","property_zip":"44026"}},{"type":"Feature","geometry":{"type":"Polygon","coordinates":[[[-81.2734573753848,41.5218529603589],[-81.2734515068987,41.5216908249903],[-81.2735605735887,41.5216885576737],[-81.2735779704163,41.5221620844109],[-81.2735809895105,41.52218073205],[-81.2735882346335,41.5221987108001],[-81.2735994895075,41.5222154839599],[-81.2736144181546,41.5222305508167],[-81.2736325749267,41.5222434615942],[-81.2736534178085,41.5222538308791],[-81.2736763245979,41.5222613491269],[-81.2737006114802,41.5222657919022],[-81.2737255534412,41.522267026579],[-81.2734725632779,41.5222726347176],[-81.2734573753848,41.5218529603589]]]},"properties":{"source_county":"Geauga","jurisdiction":"Munson Township","parcel_id":"21-177316","owner_name":"LEE MATTHIAS A & JESSICA S","property_address":" MAYFIELD RD","property_city":"CHESTERLAND","property_zip":"44026"}},{"type":"Feature","geometry":{"type":"Polygon","coordinates":[[[-81.2733474784425,41.5218547586507],[-81.2734573753848,41.5218529603589],[-81.2734725632779,41.5222726347176],[-81.2732168939516,41.5222783004294],[-81.273242153601,41.5222760976155],[-81.273266520637,41.5222706321609],[-81.2732892548211,41.5222620700991],[-81.2733096655198,41.5222506715341],[-81.2733271326843,41.5222367827391],[-81.2733411256878,41.522220825637],[-81.2733512194447,41.5222032849827],[-81.273357107324,41.5221846936369],[-81.2733586104637,41.5221656163782],[-81.2733474784425,41.5218547586507]]]},"properties":{"source_county":"Geauga","jurisdiction":"Munson Township","parcel_id":"21-177332","owner_name":"LEE MATTHIAS A & JESSICA S","property_address":" MAYFIELD RD","property_city":"CHESTERLAND","property_zip":"44026"}},{"type":"Feature","geometry":{"type":"Polygon","coordinates":[[[-81.2733323422183,41.5214432549722],[-81.2734424829922,41.5214414520751],[-81.2734515068987,41.5216908249903],[-81.2734573753848,41.5218529603589],[-81.2733474784425,41.5218547586507],[-81.2733323422183,41.5214432549722]]]},"properties":{"source_county":"Geauga","jurisdiction":"Munson Township","parcel_id":"21-177331","owner_name":"LEE MATTHIAS A & JESSICA S","property_address":" MAYFIELD RD","property_city":"CHESTERLAND","property_zip":"44026"}},{"type":"Feature","geometry":{"type":"Polygon","coordinates":[[[-81.2734424829922,41.5214414520751],[-81.2734311360377,41.5211279148368],[-81.2735398577732,41.5211256547088],[-81.2735605735887,41.5216885576737],[-81.2734515068987,41.5216908249903],[-81.2734424829922,41.5214414520751]]]},"properties":{"source_county":"Geauga","jurisdiction":"Munson Township","parcel_id":"21-177317","owner_name":"LEE MATTHIAS A & JESSICA S","property_address":" MAYFIELD RD","property_city":"CHESTERLAND","property_zip":"44026"}},{"type":"Feature","geometry":{"type":"Polygon","coordinates":[[[-81.2734251342394,41.5209620895809],[-81.2734311360377,41.5211279148368],[-81.2734424829922,41.5214414520751],[-81.2733323422183,41.5214432549722],[-81.2733147274574,41.5209643840145],[-81.2734251342394,41.5209620895809]]]},"properties":{"source_county":"Geauga","jurisdiction":"Munson Township","parcel_id":"21-177330","owner_name":"LEE MATTHIAS A & JESSICA S","property_address":" MAYFIELD RD","property_city":"CHESTERLAND","property_zip":"44026"}},{"type":"Feature","geometry":{"type":"Polygon","coordinates":[[[-81.2734118208439,41.5205942152784],[-81.2735201868806,41.5205919631245],[-81.2735201884678,41.5205920063652],[-81.2735398577732,41.5211256547088],[-81.2734311360377,41.5211279148368],[-81.2734251342394,41.5209620895809],[-81.2734118208439,41.5205942152784]]]},"properties":{"source_county":"Geauga","jurisdiction":"Munson Township","parcel_id":"21-177318","owner_name":"LEE MATTHIAS A & JESSICA S","property_address":" MAYFIELD RD","property_city":"CHESTERLAND","property_zip":"44026"}},{"type":"Feature","geometry":{"type":"Polygon","coordinates":[[[-81.2733903549628,41.5200010519185],[-81.2734983580377,41.5199988067641],[-81.2734983596249,41.5199988500048],[-81.2735201868806,41.5205919631245],[-81.2734118208439,41.5205942152784],[-81.2734065841547,41.5204494877407],[-81.2733903549628,41.5200010519185]]]},"properties":{"source_county":"Geauga","jurisdiction":"Munson Township","parcel_id":"21-177319","owner_name":"LEE MATTHIAS A & JESSICA S","property_address":" MAYFIELD RD","property_city":"CHESTERLAND","property_zip":"44026"}},{"type":"Feature","geometry":{"type":"Polygon","coordinates":[[[-81.2733665281354,41.5193426358975],[-81.2734741285826,41.5193403991275],[-81.2734741301698,41.5193404423682],[-81.2734983580377,41.5199988067641],[-81.2733903549628,41.5200010519185],[-81.2733878126684,41.5199308051104],[-81.2733688178638,41.5194058885818],[-81.2733665281354,41.5193426358975]]]},"properties":{"source_county":"Geauga","jurisdiction":"Munson Township","parcel_id":"21-177320","owner_name":"LEE MATTHIAS A & JESSICA S","property_address":" MAYFIELD RD","property_city":"CHESTERLAND","property_zip":"44026"}},{"type":"Feature","geometry":{"type":"Polygon","coordinates":[[[-81.2733483870681,41.51884132675],[-81.2735917573289,41.5189261246236],[-81.2735917289512,41.5189261684481],[-81.2735718564268,41.5189517209381],[-81.2735473130315,41.5189748671144],[-81.2735186062635,41.5189951283657],[-81.273502425475,41.5190066499532],[-81.2734887655154,41.5190198876622],[-81.2734779444524,41.5190345332584],[-81.2734702142518,41.5190502457254],[-81.2734657549105,41.5190666592047],[-81.2734646702651,41.519083391515],[-81.2734741285826,41.5193403991275],[-81.2733665281354,41.5193426358975],[-81.2733483870681,41.51884132675]]]},"properties":{"source_county":"Geauga","jurisdiction":"Munson Township","parcel_id":"21-177321","owner_name":"LEE MATTHIAS A & JESSICA S","property_address":" MAYFIELD RD","property_city":"CHESTERLAND","property_zip":"44026"}},{"type":"Feature","geometry":{"type":"Polygon","coordinates":[[[-81.2733483870681,41.51884132675],[-81.2735767269761,41.518723939871],[-81.2735985654573,41.5187551268552],[-81.2736130038859,41.5187886568983],[-81.2736196188475,41.518823546741],[-81.2736182163474,41.5188587732469],[-81.2736088375008,41.5188933034051],[-81.2735917573289,41.5189261246236],[-81.2733483870681,41.51884132675]]]},"properties":{"source_county":"Geauga","jurisdiction":"Munson Township","parcel_id":"21-177322","owner_name":"LEE MATTHIAS A & JESSICA S","property_address":" MAYFIELD RD","property_city":"CHESTERLAND","property_zip":"44026"}},{"type":"Feature","geometry":{"type":"Polygon","coordinates":[[[-81.2733384078828,41.5186295942365],[-81.2733852100309,41.518631577904],[-81.2734308763244,41.5186395316678],[-81.2734740686305,41.5186532224631],[-81.273513521308,41.5186722491167],[-81.2735480782935,41.518696054101],[-81.2735767269761,41.518723939871],[-81.2733483870681,41.51884132675],[-81.2733384078828,41.5186295942365]]]},"properties":{"source_county":"Geauga","jurisdiction":"Munson Township","parcel_id":"21-177323","owner_name":"LEE MATTHIAS A & JESSICA S","property_address":" MAYFIELD RD","property_city":"CHESTERLAND","property_zip":"44026"}},{"type":"Feature","geometry":{"type":"Polygon","coordinates":[[[-81.2731051222752,41.5187373578616],[-81.2731314142052,41.5187074174811],[-81.2731642242508,41.5186813632115],[-81.2732025555227,41.5186599866712],[-81.2732452433814,41.5186439373526],[-81.2732909908222,41.5186337028885],[-81.2733384078828,41.5186295942365],[-81.2733483870681,41.51884132675],[-81.2731051222752,41.5187373578616]]]},"properties":{"source_county":"Geauga","jurisdiction":"Munson Township","parcel_id":"21-177324","owner_name":"LEE MATTHIAS A & JESSICA S","property_address":" MAYFIELD RD","property_city":"CHESTERLAND","property_zip":"44026"}},{"type":"Feature","geometry":{"type":"Polygon","coordinates":[[[-81.2733483895145,41.5188413240744],[-81.2731853766616,41.5190020262944],[-81.273152086157,41.5189806636028],[-81.2731237495088,41.5189555875495],[-81.2731010906196,41.5189274387454],[-81.2730846883413,41.5188969362992],[-81.2730749616885,41.5188648594468],[-81.2730721591344,41.5188320276431],[-81.2730763522643,41.5187992796287],[-81.273087433948,41.5187674520023],[-81.2731051210773,41.5187373578489],[-81.2733483895145,41.5188413240744]]]},"properties":{"source_county":"Geauga","jurisdiction":"Munson Township","parcel_id":"21-177325","owner_name":"LEE MATTHIAS A & JESSICA S","property_address":" MAYFIELD RD","property_city":"CHESTERLAND","property_zip":"44026"}},{"type":"Feature","geometry":{"type":"Polygon","coordinates":[[[-81.2733688214576,41.5194058886198],[-81.2732574867369,41.5194082244916],[-81.2732456788987,41.5190879455229],[-81.2732433741233,41.51907128101],[-81.2732377228739,41.5190550740021],[-81.2732288567167,41.5190397018061],[-81.2732169820622,41.5190255222944],[-81.2732023753598,41.5190128655725],[-81.2731853766616,41.5190020262944],[-81.2733483895145,41.5188413240744],[-81.2733665281354,41.5193426358975],[-81.2733688214576,41.5194058886198]]]},"properties":{"source_county":"Geauga","jurisdiction":"Munson Township","parcel_id":"21-177326","owner_name":"LEE MATTHIAS A & JESSICA S","property_address":" MAYFIELD RD","property_city":"CHESTERLAND","property_zip":"44026"}},{"type":"Feature","geometry":{"type":"Polygon","coordinates":[[[-81.2733878162623,41.5199308051484],[-81.2732767925206,41.519933122723],[-81.2732574867369,41.5194082244916],[-81.2733688214576,41.5194058886198],[-81.2733878162623,41.5199308051484]]]},"properties":{"source_county":"Geauga","jurisdiction":"Munson Township","parcel_id":"21-177327","owner_name":"LEE MATTHIAS A & JESSICA S","property_address":" MAYFIELD RD","property_city":"CHESTERLAND","property_zip":"44026"}},{"type":"Feature","geometry":{"type":"Polygon","coordinates":[[[-81.2734065877485,41.5204494877787],[-81.273295870176,41.5204517888059],[-81.2732767925206,41.519933122723],[-81.2733878162623,41.5199308051484],[-81.2733903549628,41.5200010519185],[-81.2734065877485,41.5204494877787]]]},"properties":{"source_county":"Geauga","jurisdiction":"Munson Township","parcel_id":"21-177328","owner_name":"LEE MATTHIAS A & JESSICA S","property_address":" MAYFIELD RD","property_city":"CHESTERLAND","property_zip":"44026"}},{"type":"Feature","geometry":{"type":"Polygon","coordinates":[[[-81.273295870176,41.5204517888059],[-81.2734065877485,41.5204494877787],[-81.2734118208439,41.5205942152784],[-81.2734251342394,41.5209620895809],[-81.2733147274574,41.5209643840145],[-81.273295870176,41.5204517888059]]]},"properties":{"source_county":"Geauga","jurisdiction":"Munson Township","parcel_id":"21-177329","owner_name":"LEE MATTHIAS A & JESSICA S","property_address":" MAYFIELD RD","property_city":"CHESTERLAND","property_zip":"44026"}}]}