{"type":"FeatureCollection","features":[{"type":"Feature","geometry":{"type":"Polygon","coordinates":[[[-81.3232151102293,41.37813717662],[-81.3232184529715,41.3776980545708],[-81.3242890131087,41.3777080506345],[-81.3242879111846,41.3778474348695],[-81.3242855412502,41.3781471713296],[-81.3232151102293,41.37813717662]]]},"properties":{"source_county":"Geauga","jurisdiction":"Bainbridge Township","parcel_id":"02-008300","owner_name":"HOCH DANIEL A","property_address":"18066 HASKINS RD","property_city":"CHAGRIN FALLS","property_zip":"44023"}},{"type":"Feature","geometry":{"type":"Polygon","coordinates":[[[-81.3085958847661,41.3780548249928],[-81.3087054032553,41.3780517743197],[-81.3086917440218,41.3783267204933],[-81.308671226816,41.3787383181397],[-81.3083293641148,41.3787478173115],[-81.3074566011775,41.3787720645996],[-81.3074690591244,41.3780861249097],[-81.3083319251394,41.3780621575811],[-81.3085958847661,41.3780548249928]]]},"properties":{"source_county":"Geauga","jurisdiction":"Bainbridge Township","parcel_id":"02-015800","owner_name":"RODGERS YOUNG S","property_address":"18059 SNYDER RD","property_city":"CHAGRIN FALLS","property_zip":"44023"}},{"type":"Feature","geometry":{"type":"Polygon","coordinates":[[[-81.308209596191,41.3885389562379],[-81.3101158552477,41.388545071794],[-81.3101164431698,41.3890222213055],[-81.3081874187331,41.3890053921716],[-81.3082004240172,41.3887318638108],[-81.308209596191,41.3885389562379]]]},"properties":{"source_county":"Geauga","jurisdiction":"Bainbridge Township","parcel_id":"02-020200","owner_name":"FENNER NELSON C & NANCY C","property_address":"17666 SNYDER RD","property_city":"CHAGRIN FALLS","property_zip":"44023"}},{"type":"Feature","geometry":{"type":"Polygon","coordinates":[[[-81.3217393609785,41.3904773346166],[-81.323030794594,41.3904680565627],[-81.323030963187,41.3905590050006],[-81.323031807463,41.3910114724436],[-81.323032314597,41.3912913823411],[-81.3198983635393,41.3913127885083],[-81.3198966699094,41.3904894659276],[-81.320443469635,41.390486630314],[-81.3214639219195,41.3904793118386],[-81.3217393609785,41.3904773346166]]]},"properties":{"source_county":"Geauga","jurisdiction":"Bainbridge Township","parcel_id":"02-020400","owner_name":"GORDON SUSAN CAROL","property_address":"17583 HASKINS RD","property_city":"CHAGRIN FALLS","property_zip":"44023"}},{"type":"Feature","geometry":{"type":"Polygon","coordinates":[[[-81.3244149757754,41.398162939316],[-81.3244675453121,41.3979330353662],[-81.3251646596423,41.398120749161],[-81.3251047242459,41.3982103458566],[-81.3250378804339,41.3982971271539],[-81.324964360544,41.398380791381],[-81.3248844201244,41.3984610477007],[-81.3244149757754,41.398162939316]]]},"properties":{"source_county":"Geauga","jurisdiction":"Bainbridge Township","parcel_id":"02-020490","owner_name":"BELAK JOHN D III & DIANE L & MICHAEL R & LUIZ BRIAN","property_address":"17315 LONG MEADOW TRL","property_city":"CHAGRIN FALLS","property_zip":"44023"}},{"type":"Feature","geometry":{"type":"Polygon","coordinates":[[[-81.3134171957053,41.3767527892502],[-81.3134169317135,41.3772328210894],[-81.3087378954464,41.377229234774],[-81.3087406818965,41.3771431592404],[-81.3087535911026,41.3767490813029],[-81.3134171957053,41.3767527892502]]]},"properties":{"source_county":"Geauga","jurisdiction":"Bainbridge Township","parcel_id":"02-021150","owner_name":"SJE","property_address":"18106 SNYDER RD","property_city":"CHAGRIN FALLS","property_zip":"44023"}},{"type":"Feature","geometry":{"type":"Polygon","coordinates":[[[-81.3248135133707,41.3765935517231],[-81.3253669040252,41.3765870975789],[-81.3253701660012,41.3770359619539],[-81.3242944204002,41.3770241905032],[-81.3242976575286,41.376599781024],[-81.3248135133707,41.3765935517231]]]},"properties":{"source_county":"Geauga","jurisdiction":"Bainbridge Township","parcel_id":"02-028130","owner_name":"SCHULTZ KARL D & JENNIFER D","property_address":"18111 MILLSTONE RD","property_city":"CHAGRIN FALLS","property_zip":"44023"}},{"type":"Feature","geometry":{"type":"Polygon","coordinates":[[[-81.3019834993405,41.3963142790383],[-81.3033771534582,41.3963106645435],[-81.3034691851122,41.3972967217407],[-81.3032939750756,41.3980009644334],[-81.3022501981473,41.3976043273256],[-81.3016990434467,41.397394881208],[-81.3013485253382,41.3972616773314],[-81.3019834993405,41.3963142790383]]]},"properties":{"source_county":"Geauga","jurisdiction":"Bainbridge Township","parcel_id":"02-029700","owner_name":"BEYER SHAN P","property_address":"9551 WASHINGTON ST","property_city":"CHAGRIN FALLS","property_zip":"44023"}},{"type":"Feature","geometry":{"type":"Polygon","coordinates":[[[-81.2994830198395,41.3963063775006],[-81.2999357036043,41.3956307461206],[-81.3015629102347,41.3962486468124],[-81.3015190756661,41.3963140730415],[-81.3015181314756,41.3963154825008],[-81.3019834993405,41.3963142790383],[-81.3013485253382,41.3972616773314],[-81.3011670367449,41.3971927078599],[-81.3006461394072,41.396994752568],[-81.3001427932159,41.3968034641147],[-81.2993514615908,41.3965027253148],[-81.2994823596128,41.3963073630375],[-81.2994830198395,41.3963063775006]]]},"properties":{"source_county":"Geauga","jurisdiction":"Bainbridge Township","parcel_id":"02-029800","owner_name":"FOLTZ RICHILYN TOD","property_address":"9575 WASHINGTON ST","property_city":"CHAGRIN FALLS","property_zip":"44023"}},{"type":"Feature","geometry":{"type":"Polygon","coordinates":[[[-81.3078489260423,41.397534006496],[-81.3094364872398,41.3975173109561],[-81.3094392774548,41.3979289885993],[-81.3078517051264,41.3979456832629],[-81.3078499977674,41.3976928251837],[-81.3078489260423,41.397534006496]]]},"properties":{"source_county":"Geauga","jurisdiction":"Bainbridge Township","parcel_id":"02-033800","owner_name":"CHAGRIN VALLEY ATHLETIC CLUB INC","property_address":"17328 SNYDER RD","property_city":"CHAGRIN FALLS","property_zip":"44023"}},{"type":"Feature","geometry":{"type":"Polygon","coordinates":[[[-81.3087793145396,41.3759421392585],[-81.3143884626341,41.3758942278361],[-81.3143823620664,41.3763114537404],[-81.3087664734822,41.3763541007164],[-81.3087727522483,41.3761620038147],[-81.3087786144418,41.3759826577322],[-81.3087793145396,41.3759421392585]]]},"properties":{"source_county":"Geauga","jurisdiction":"Bainbridge Township","parcel_id":"02-033850","owner_name":"MANKE DEBORAH","property_address":"18136 SNYDER RD","property_city":"CHAGRIN FALLS","property_zip":"44023"}},{"type":"Feature","geometry":{"type":"Polygon","coordinates":[[[-81.3231705661615,41.3991694542156],[-81.3231727598735,41.3988788111229],[-81.323704687285,41.3990210194071],[-81.3242611425405,41.3991697814727],[-81.3241879992008,41.3992956755813],[-81.3241230681872,41.3994240975894],[-81.3231705661615,41.3991694542156]]]},"properties":{"source_county":"Geauga","jurisdiction":"Bainbridge Township","parcel_id":"02-034520","owner_name":"MC IVOR COURTNEY E & MICHAEL A","property_address":"17269 LONG MEADOW TRL","property_city":"CHAGRIN FALLS","property_zip":"44023"}},{"type":"Feature","geometry":{"type":"Polygon","coordinates":[[[-81.3231695802408,41.3993000767456],[-81.3231705661615,41.3991694542156],[-81.3241230681872,41.3994240975894],[-81.3241052539825,41.399462977802],[-81.324088192186,41.3995020493572],[-81.3231695802408,41.3993000767456]]]},"properties":{"source_county":"Geauga","jurisdiction":"Bainbridge Township","parcel_id":"02-034530","owner_name":"MC IVOR COURTNEY E & MICHAEL A","property_address":" LONG MEADOW TRL","property_city":"CHAGRIN FALLS","property_zip":"44023"}},{"type":"Feature","geometry":{"type":"Polygon","coordinates":[[[-81.307824975596,41.3871985869501],[-81.3082722446654,41.3871953003545],[-81.3082303389398,41.3881027379948],[-81.307779419866,41.3881061733225],[-81.307824975596,41.3871985869501]]]},"properties":{"source_county":"Geauga","jurisdiction":"Bainbridge Township","parcel_id":"02-037400","owner_name":"WALTERS DEVIN MICHELLE","property_address":"17695 SNYDER RD","property_city":"CHAGRIN FALLS","property_zip":"44023"}},{"type":"Feature","geometry":{"type":"Polygon","coordinates":[[[-81.3245695020093,41.397487128859],[-81.3246293494469,41.39722539043],[-81.3253812734623,41.3972433586355],[-81.3253791945059,41.3973853366012],[-81.3253708555072,41.3975271842805],[-81.3245695020093,41.397487128859]]]},"properties":{"source_county":"Geauga","jurisdiction":"Bainbridge Township","parcel_id":"02-040550","owner_name":"TISLER ANDREW L & NANCY A","property_address":"17355 LONG MEADOW TRL","property_city":"CHAGRIN FALLS","property_zip":"44023"}},{"type":"Feature","geometry":{"type":"Polygon","coordinates":[[[-81.3245952022404,41.3990421325696],[-81.3251502967326,41.3993446785826],[-81.3250184674169,41.3995657010143],[-81.3243948119661,41.3993499713119],[-81.3244399435682,41.3992712283786],[-81.3244884199249,41.3991936208033],[-81.3245401907253,41.3991172291122],[-81.3245952022404,41.3990421325696]]]},"properties":{"source_county":"Geauga","jurisdiction":"Bainbridge Township","parcel_id":"02-048550","owner_name":"KERSEY JAMES M & JOSEPHINE M","property_address":"17272 LONG MEADOW TRL","property_city":"CHAGRIN FALLS","property_zip":"44023"}},{"type":"Feature","geometry":{"type":"Polygon","coordinates":[[[-81.3127200238173,41.3880684357967],[-81.3131150480027,41.3880654097531],[-81.3131635013953,41.3913711469825],[-81.3127685244334,41.391379126771],[-81.3127200238173,41.3880684357967]]]},"properties":{"source_county":"Geauga","jurisdiction":"Bainbridge Township","parcel_id":"02-049010","owner_name":"BUETTNER RICHARD L & BEVERLY A","property_address":"9228 BAINBRIDGE RD","property_city":"CHAGRIN FALLS","property_zip":"44023"}},{"type":"Feature","geometry":{"type":"Polygon","coordinates":[[[-81.3234810845163,41.3915296501703],[-81.3243023260973,41.3914506431572],[-81.3243195680986,41.3914672803148],[-81.3243389016622,41.3914825581588],[-81.3243601388925,41.3914963282084],[-81.324383073392,41.3915084566367],[-81.3244074822679,41.3915188255708],[-81.3244331282979,41.3915273342381],[-81.3244597622357,41.3915338999452],[-81.3244871252337,41.3915384588818],[-81.3237608254218,41.391958134656],[-81.3234810845163,41.3915296501703]]]},"properties":{"source_county":"Geauga","jurisdiction":"Bainbridge Township","parcel_id":"02-057990","owner_name":"DOTTORE THOMAS F TOD & JENNIFER L TOD","property_address":"8918 SOUTHBROOK TRL","property_city":"CHAGRIN FALLS","property_zip":"44023"}},{"type":"Feature","geometry":{"type":"Polygon","coordinates":[[[-81.3215135408647,41.3816558222368],[-81.3221164898076,41.3816461909173],[-81.322107475096,41.3827348140773],[-81.3215628816131,41.3827435111632],[-81.3215045334769,41.3827440799093],[-81.3215135408647,41.3816558222368]]]},"properties":{"source_county":"Geauga","jurisdiction":"Bainbridge Township","parcel_id":"02-059510","owner_name":"TOKOS JOSEPH & VACCARIELLO TORI","property_address":"8977 OLD MEADOW DR","property_city":"CHAGRIN FALLS","property_zip":"44023"}},{"type":"Feature","geometry":{"type":"Polygon","coordinates":[[[-81.3098565897292,41.3962777690858],[-81.3111210612834,41.3962644517234],[-81.3111298577168,41.3979111854444],[-81.3094392774548,41.3979289885993],[-81.3094364872398,41.3975173109561],[-81.3094336982393,41.3971056341788],[-81.3094281191636,41.3962822795718],[-81.3098565897292,41.3962777690858]]]},"properties":{"source_county":"Geauga","jurisdiction":"Bainbridge Township","parcel_id":"02-061400","owner_name":"FREDERICA HOLDINGS LLC","property_address":" WASHINGTON ST","property_city":"CHAGRIN FALLS","property_zip":"44023"}},{"type":"Feature","geometry":{"type":"Polygon","coordinates":[[[-81.3094392774548,41.3979289885993],[-81.3111298577168,41.3979111854444],[-81.3111462082514,41.4009718488044],[-81.3101563091303,41.4005974210152],[-81.3078637544364,41.3997302175951],[-81.3078592488955,41.3990629677695],[-81.3078517051264,41.3979456832629],[-81.3094392774548,41.3979289885993]]]},"properties":{"source_county":"Geauga","jurisdiction":"Bainbridge Township","parcel_id":"02-061500","owner_name":"FREDERICA HOLDINGS LLC","property_address":"17260 SNYDER RD","property_city":"CHAGRIN FALLS","property_zip":"44023"}},{"type":"Feature","geometry":{"type":"Polygon","coordinates":[[[-81.3112770076407,41.3962628087504],[-81.3118499556317,41.3962567686484],[-81.3118533836566,41.3968972311537],[-81.3118595010273,41.3980399978481],[-81.311864056161,41.3988909665128],[-81.3118668299947,41.3994091603462],[-81.3118687046811,41.3997592539179],[-81.3118766747985,41.401248137995],[-81.3111462082514,41.4009718488044],[-81.3111298577168,41.3979111854444],[-81.3111210612834,41.3962644517234],[-81.3112770076407,41.3962628087504]]]},"properties":{"source_county":"Geauga","jurisdiction":"Bainbridge Township","parcel_id":"02-061600","owner_name":"FREDERICA HOLDINGS LLC","property_address":" WASHINGTON ST","property_city":"CHAGRIN FALLS","property_zip":"44023"}},{"type":"Feature","geometry":{"type":"Polygon","coordinates":[[[-81.3081874187331,41.3890053921716],[-81.3101164431698,41.3890222213055],[-81.3101170189453,41.3894889533328],[-81.3081654156826,41.3894681304735],[-81.3081874187331,41.3890053921716]]]},"properties":{"source_county":"Geauga","jurisdiction":"Bainbridge Township","parcel_id":"02-063570","owner_name":"CRUM JAMES F","property_address":"17650 SNYDER RD","property_city":"CHAGRIN FALLS","property_zip":"44023"}},{"type":"Feature","geometry":{"type":"Polygon","coordinates":[[[-81.3086495647206,41.3791734735264],[-81.308664772463,41.3788685412961],[-81.3134160028952,41.3789245163973],[-81.313415677125,41.3795187614256],[-81.3086329091144,41.3795080605867],[-81.3086495647206,41.3791734735264]]]},"properties":{"source_county":"Geauga","jurisdiction":"Bainbridge Township","parcel_id":"02-064030","owner_name":"MALYSA JOSEPH","property_address":"18020 SNYDER RD","property_city":"CHAGRIN FALLS","property_zip":"44023"}},{"type":"Feature","geometry":{"type":"Polygon","coordinates":[[[-81.3217358252559,41.3868690084809],[-81.3227974618634,41.3868623103902],[-81.3227943355928,41.3873658238735],[-81.3228820908621,41.3879103012072],[-81.3217368542686,41.3879188188141],[-81.3214608016053,41.3879208707247],[-81.321467339374,41.3868707005997],[-81.3217358252559,41.3868690084809]]]},"properties":{"source_county":"Geauga","jurisdiction":"Bainbridge Township","parcel_id":"02-071440","owner_name":"PAPESH RAYMOND P","property_address":"17725 HASKINS RD","property_city":"CHAGRIN FALLS","property_zip":"44023"}},{"type":"Feature","geometry":{"type":"Polygon","coordinates":[[[-81.3205197539591,41.3863157462819],[-81.3214708995295,41.386299125119],[-81.321467339374,41.3868707005997],[-81.3214608016053,41.3879208707247],[-81.3214603934159,41.3880032583844],[-81.3205063081589,41.3880103429097],[-81.3205197539591,41.3863157462819]]]},"properties":{"source_county":"Geauga","jurisdiction":"Bainbridge Township","parcel_id":"02-071450","owner_name":"PELANDER CAROL P & NATIONAL CITY BANK TRUSTEE","property_address":"9011 BAINBRIDGE RD","property_city":"CHAGRIN FALLS","property_zip":"44023"}},{"type":"Feature","geometry":{"type":"Polygon","coordinates":[[[-81.3237091499558,41.3898506338102],[-81.3236919785633,41.3898427400889],[-81.32366773566,41.3898735439403],[-81.3236096476508,41.3898607742725],[-81.3235445694365,41.3898312927585],[-81.3235939909315,41.389768321305],[-81.3236654064019,41.3898000968658],[-81.3236672837649,41.3897970280352],[-81.3236130519467,41.389772460136],[-81.3236308547287,41.3897497757483],[-81.3237460576214,41.3898021317947],[-81.3237324910227,41.3898193056897],[-81.3238138450337,41.3898558144068],[-81.323776543592,41.389903469552],[-81.3236960882877,41.3898676561384],[-81.3237091499558,41.3898506338102]]]},"properties":{"source_county":"Geauga","jurisdiction":"Bainbridge Township","parcel_id":"02-078610","owner_name":"BOWMAN CHER L","property_address":"17613 EAST BROOK TRL","property_city":"CHAGRIN FALLS","property_zip":"44023"}},{"type":"Feature","geometry":{"type":"Polygon","coordinates":[[[-81.3035259250273,41.4020749244255],[-81.3035016088539,41.398079864156],[-81.3039281651318,41.398241350529],[-81.3044164897664,41.3984260995481],[-81.3044220128353,41.3993250891138],[-81.3039763153349,41.3993276854077],[-81.3039931468145,41.4020722043297],[-81.3035259250273,41.4020749244255]]]},"properties":{"source_county":"Geauga","jurisdiction":"Bainbridge Township","parcel_id":"02-080500","owner_name":"GEST JOSHUA W & DANIKA A","property_address":"9490 WASHINGTON ST","property_city":"CHAGRIN FALLS","property_zip":"44023"}},{"type":"Feature","geometry":{"type":"Polygon","coordinates":[[[-81.3010779084509,41.3881590793237],[-81.3016246918339,41.3881546359868],[-81.3016036027933,41.3893487355308],[-81.3016021446158,41.3894312691703],[-81.3010553505375,41.3894357160005],[-81.3010779084509,41.3881590793237]]]},"properties":{"source_county":"Geauga","jurisdiction":"Bainbridge Township","parcel_id":"02-083100","owner_name":"KROTZER PAMELA S","property_address":"9554 BAINBRIDGE RD","property_city":"CHAGRIN FALLS","property_zip":"44023"}},{"type":"Feature","geometry":{"type":"Polygon","coordinates":[[[-81.3081444731632,41.3899085879792],[-81.3101175416359,41.3899124144338],[-81.3101180857828,41.3903531721262],[-81.308124055119,41.3903379869524],[-81.3081397407523,41.3900081195773],[-81.3081444731632,41.3899085879792]]]},"properties":{"source_county":"Geauga","jurisdiction":"Bainbridge Township","parcel_id":"02-087600","owner_name":"HUMMER JOHN A & GAVELDA PAMELA","property_address":"17620 SNYDER RD","property_city":"CHAGRIN FALLS","property_zip":"44023"}},{"type":"Feature","geometry":{"type":"Polygon","coordinates":[[[-81.3242691554836,41.3802192792928],[-81.3242717342962,41.3798932533203],[-81.3248400329186,41.3799053433653],[-81.324834097526,41.3807117161018],[-81.3242657640615,41.3806762678714],[-81.3242691554836,41.3802192792928]]]},"properties":{"source_county":"Geauga","jurisdiction":"Bainbridge Township","parcel_id":"02-090410","owner_name":"JUDD JERRY PAUL III","property_address":"8895 E PILGRIM DR","property_city":"CHAGRIN FALLS","property_zip":"44023"}},{"type":"Feature","geometry":{"type":"Polygon","coordinates":[[[-81.3081444731632,41.3899085879792],[-81.3081654156826,41.3894681304735],[-81.3101170189453,41.3894889533328],[-81.3101175416359,41.3899124144338],[-81.3081444731632,41.3899085879792]]]},"properties":{"source_county":"Geauga","jurisdiction":"Bainbridge Township","parcel_id":"02-093100","owner_name":"DICZHAZY DAVID LEE TRUSTEE","property_address":"17636 SNYDER RD","property_city":"CHAGRIN FALLS","property_zip":"44023"}},{"type":"Feature","geometry":{"type":"Polygon","coordinates":[[[-81.30878659037,41.3755070930266],[-81.3143946909428,41.3754683301902],[-81.3143921423292,41.3756425926447],[-81.3143884626341,41.3758942278361],[-81.3087793145396,41.3759421392585],[-81.3087814589311,41.375818217694],[-81.30878659037,41.3755070930266]]]},"properties":{"source_county":"Geauga","jurisdiction":"Bainbridge Township","parcel_id":"02-093400","owner_name":"PAGONIS MARIOS K & KAREN","property_address":" SNYDER RD","property_city":"CHAGRIN FALLS","property_zip":"44023"}},{"type":"Feature","geometry":{"type":"Polygon","coordinates":[[[-81.3179150874284,41.3880295471527],[-81.3198916706193,41.3880149034225],[-81.3198966699094,41.3904894659276],[-81.3179215230752,41.3905046789777],[-81.3179206074703,41.3901491501545],[-81.3179154173543,41.3881339260262],[-81.3179153457264,41.3881064808545],[-81.3179150874284,41.3880295471527]]]},"properties":{"source_county":"Geauga","jurisdiction":"Bainbridge Township","parcel_id":"02-094100","owner_name":"DITTRICH ROBERT TOD","property_address":"9060 BAINBRIDGE RD","property_city":"CHAGRIN FALLS","property_zip":"44023"}},{"type":"Feature","geometry":{"type":"Polygon","coordinates":[[[-81.3069111261161,41.3967444278032],[-81.3078435772328,41.396741879802],[-81.3078461458135,41.3971223287698],[-81.3078465702043,41.3971851177778],[-81.3069133126668,41.3971876683666],[-81.3069111261161,41.3967444278032]]]},"properties":{"source_county":"Geauga","jurisdiction":"Bainbridge Township","parcel_id":"02-095300","owner_name":"WILSON JARED D","property_address":"17361 SNYDER RD","property_city":"CHAGRIN FALLS","property_zip":"44023"}},{"type":"Feature","geometry":{"type":"Polygon","coordinates":[[[-81.3157855643616,41.3863732316963],[-81.3157879671814,41.3858024004162],[-81.3208917181152,41.3857333042768],[-81.3227409760082,41.3859607336943],[-81.3227569738529,41.3861853371708],[-81.3227644981558,41.3862909652316],[-81.3217447417666,41.3862973992651],[-81.3214708995295,41.386299125119],[-81.3205197539591,41.3863157462819],[-81.319965128245,41.3863254344082],[-81.3185484756455,41.3863501686702],[-81.3185470490931,41.3862988538121],[-81.3185439291003,41.3861865992426],[-81.3169906801723,41.3862110805686],[-81.3169942813804,41.3863406842705],[-81.3169953541035,41.3863793125242],[-81.3157854565109,41.3863988433839],[-81.3157855643616,41.3863732316963]]]},"properties":{"source_county":"Geauga","jurisdiction":"Bainbridge Township","parcel_id":"02-096200","owner_name":"WENNERSTROM TIMOTHY F & JEANNETTE N","property_address":"17765 HASKINS RD","property_city":"CHAGRIN FALLS","property_zip":"44023"}},{"type":"Feature","geometry":{"type":"Polygon","coordinates":[[[-81.3232084077204,41.3789742527618],[-81.3232117036313,41.3785625757243],[-81.3242821774448,41.3785725708283],[-81.3242813982556,41.3786711445902],[-81.3242789217128,41.3789842482351],[-81.3232084077204,41.3789742527618]]]},"properties":{"source_county":"Geauga","jurisdiction":"Bainbridge Township","parcel_id":"02-099895","owner_name":"SPADA DANIEL W & GEMBUS DANIELLE M","property_address":"18030 HASKINS RD","property_city":"CHAGRIN FALLS","property_zip":"44023"}},{"type":"Feature","geometry":{"type":"Polygon","coordinates":[[[-81.3080035928667,41.3761727114788],[-81.3087727522483,41.3761620038147],[-81.3087664734822,41.3763541007164],[-81.3087541343375,41.3767315859846],[-81.3081116102147,41.3767433091159],[-81.3081114236763,41.3767433107977],[-81.3079939087149,41.3767454554769],[-81.3079939491468,41.3767430956028],[-81.3080035928667,41.3761727114788]]]},"properties":{"source_county":"Geauga","jurisdiction":"Bainbridge Township","parcel_id":"02-102100","owner_name":"ZALEWSKI NICHOLAS J & DANIELLE M","property_address":"18121 SNYDER RD","property_city":"CHAGRIN FALLS","property_zip":"44023"}},{"type":"Feature","geometry":{"type":"Polygon","coordinates":[[[-81.3081116102147,41.3767433091159],[-81.3087541343375,41.3767315859846],[-81.3087535911026,41.3767490813029],[-81.3087406818965,41.3771431592404],[-81.3083353300367,41.3771503913517],[-81.3072572444474,41.3771696201894],[-81.3071477759806,41.3771715722476],[-81.3071666970477,41.3767605426049],[-81.3076137945715,41.3767523892393],[-81.3079939087149,41.3767454554769],[-81.3081114236763,41.3767433107977],[-81.3081116102147,41.3767433091159]]]},"properties":{"source_county":"Geauga","jurisdiction":"Bainbridge Township","parcel_id":"02-102122","owner_name":"MUELLER MARK J & DONNA J A","property_address":"18105 SNYDER RD","property_city":"CHAGRIN FALLS","property_zip":"44023"}},{"type":"Feature","geometry":{"type":"Polygon","coordinates":[[[-81.3070344491573,41.3750986579382],[-81.3087937321075,41.3750740958735],[-81.3087928110778,41.3751299634315],[-81.30878659037,41.3755070930266],[-81.3087814589311,41.375818217694],[-81.3070217378062,41.375842373621],[-81.3070344491573,41.3750986579382]]]},"properties":{"source_county":"Geauga","jurisdiction":"Bainbridge Township","parcel_id":"02-102123","owner_name":"MOREY STEVEN C & LISA M","property_address":"18157 SNYDER RD","property_city":"CHAGRIN FALLS","property_zip":"44023"}},{"type":"Feature","geometry":{"type":"Polygon","coordinates":[[[-81.3071477759806,41.3771715722476],[-81.3072572444474,41.3771696201894],[-81.3072352518485,41.377647378075],[-81.3071257825849,41.3776493301122],[-81.3071477759806,41.3771715722476]]]},"properties":{"source_county":"Geauga","jurisdiction":"Bainbridge Township","parcel_id":"02-102125","owner_name":"KLUCHAR RICHARD B & RICHARD","property_address":" SNYDER RD","property_city":"CHAGRIN FALLS","property_zip":"44023"}},{"type":"Feature","geometry":{"type":"Polygon","coordinates":[[[-81.3071794845619,41.3760049147672],[-81.3087786144418,41.3759826577322],[-81.3087727522483,41.3761620038147],[-81.3080035928667,41.3761727114788],[-81.3076235106857,41.3761780012],[-81.3076139638674,41.3767424040991],[-81.3076137945715,41.3767523892393],[-81.3071666970477,41.3767605426049],[-81.3071670173167,41.3767415888346],[-81.3071794845619,41.3760049147672]]]},"properties":{"source_county":"Geauga","jurisdiction":"Bainbridge Township","parcel_id":"02-102126","owner_name":"ZALEWSKI NICHOLAS J & DANIELLE M","property_address":" SNYDER RD","property_city":"CHAGRIN FALLS","property_zip":"44023"}},{"type":"Feature","geometry":{"type":"Polygon","coordinates":[[[-81.3241537464377,41.3904293858121],[-81.3244397708271,41.3900947575954],[-81.3251220879697,41.390364129058],[-81.3252056540223,41.3903971192562],[-81.3251847316852,41.390456804877],[-81.3251702383527,41.3905175625709],[-81.3251622675655,41.3905790002791],[-81.3251608707763,41.390640721554],[-81.3251201781514,41.3906321823907],[-81.3245118438053,41.3905045301109],[-81.3241537464377,41.3904293858121]]]},"properties":{"source_county":"Geauga","jurisdiction":"Bainbridge Township","parcel_id":"02-107693","owner_name":"MULCAHY MARTY J & REBECCA","property_address":"17615 PLUM CREEK TRL","property_city":"CHAGRIN FALLS","property_zip":"44023"}},{"type":"Feature","geometry":{"type":"Polygon","coordinates":[[[-81.3236479280793,41.3899110837424],[-81.3236316554232,41.3899038853418],[-81.323599830088,41.3899443585381],[-81.3234724678619,41.3898854112453],[-81.3235163427925,41.3898301478015],[-81.3236031198841,41.3898691134621],[-81.3236096476508,41.3898607742725],[-81.32366773566,41.3898735439403],[-81.3237418628702,41.3899065482974],[-81.3236961869216,41.3899638971566],[-81.3236292957228,41.3899338821765],[-81.3236479280793,41.3899110837424]]]},"properties":{"source_county":"Geauga","jurisdiction":"Bainbridge Township","parcel_id":"02-107695","owner_name":"ROUBIC ELLEN TRUSTEE","property_address":"17611 EAST BROOK TRL","property_city":"CHAGRIN FALLS","property_zip":"44023"}},{"type":"Feature","geometry":{"type":"Polygon","coordinates":[[[-81.3240634939016,41.380667938936],[-81.3233038398651,41.3806645259839],[-81.3232825258307,41.380662848003],[-81.3232620559574,41.3806580704549],[-81.3232432168707,41.3806503769334],[-81.3232267325268,41.3806400630886],[-81.323213236392,41.3806275252653],[-81.3232032470995,41.3806132452723],[-81.3231971485194,41.3805977718666],[-81.3231951750073,41.380581699666],[-81.3231982651348,41.3802092801119],[-81.3242691554836,41.3802192792928],[-81.3242657640615,41.3806762678714],[-81.3241647458129,41.3806704938233],[-81.3240634939016,41.380667938936]]]},"properties":{"source_county":"Geauga","jurisdiction":"Bainbridge Township","parcel_id":"02-112150","owner_name":"RODENHAUSEN DAVID T & MARILYN K","property_address":"8909 E PILGRIM DR","property_city":"CHAGRIN FALLS","property_zip":"44023"}},{"type":"Feature","geometry":{"type":"Polygon","coordinates":[[[-81.3235180835788,41.390089034934],[-81.3234731401486,41.3900546114332],[-81.3234787446241,41.3900469490709],[-81.323394675894,41.3900093832386],[-81.3234366188984,41.3899569710705],[-81.3235062247021,41.389988043041],[-81.3235649934002,41.3900136863766],[-81.32353515818,41.3900514673904],[-81.3235514308459,41.3900586667046],[-81.3235700847797,41.3900346672018],[-81.3236369791345,41.3900645102463],[-81.3235912999203,41.3901220301302],[-81.3235180835788,41.390089034934]]]},"properties":{"source_county":"Geauga","jurisdiction":"Bainbridge Township","parcel_id":"02-112960","owner_name":"TODD RONALD J & NANCY A","property_address":"17605 EAST BROOK TRL","property_city":"CHAGRIN FALLS","property_zip":"44023"}},{"type":"Feature","geometry":{"type":"Polygon","coordinates":[[[-81.3052565154989,41.3881253627733],[-81.3082303365487,41.3881027379702],[-81.308209596191,41.3885389562379],[-81.3082004240172,41.3887318638108],[-81.3052594472194,41.3887462332574],[-81.3052565154989,41.3881253627733]]]},"properties":{"source_county":"Geauga","jurisdiction":"Bainbridge Township","parcel_id":"02-114220","owner_name":"ZEMLJIC FRANK I","property_address":"9388 BAINBRIDGE RD","property_city":"CHAGRIN FALLS","property_zip":"44023"}},{"type":"Feature","geometry":{"type":"Polygon","coordinates":[[[-81.3047128500377,41.3881294916219],[-81.3052565154989,41.3881253627733],[-81.3052594472194,41.3887462332574],[-81.3045800355666,41.3887495417967],[-81.3045901361373,41.388130492451],[-81.3047128500377,41.3881294916219]]]},"properties":{"source_county":"Geauga","jurisdiction":"Bainbridge Township","parcel_id":"02-114230","owner_name":"ZEMLJIC SUSAN D TOD & RIDENOUR JEFFREY TOD","property_address":"9442 BAINBRIDGE RD","property_city":"CHAGRIN FALLS","property_zip":"44023"}},{"type":"Feature","geometry":{"type":"Polygon","coordinates":[[[-81.3208818653061,41.3763017014296],[-81.3231163177227,41.3762703112477],[-81.3231174396486,41.3766120804012],[-81.3231174459006,41.3766140670304],[-81.3226601082582,41.3766173132501],[-81.3213459100378,41.3766266327578],[-81.3208647495262,41.3766346002867],[-81.3208818653061,41.3763017014296]]]},"properties":{"source_county":"Geauga","jurisdiction":"Bainbridge Township","parcel_id":"02-114250","owner_name":"GARWOOD CHIANELLA GWEN E","property_address":"18125 HASKINS RD","property_city":"CHAGRIN FALLS","property_zip":"44023"}},{"type":"Feature","geometry":{"type":"Polygon","coordinates":[[[-81.3213623691274,41.377029431149],[-81.3231145249393,41.376982834321],[-81.3231111917355,41.3774037703879],[-81.321378991536,41.3774231385189],[-81.3213623691274,41.377029431149]]]},"properties":{"source_county":"Geauga","jurisdiction":"Bainbridge Township","parcel_id":"02-114260","owner_name":"RIDGWAY SCOTT A & MARTINA M","property_address":"18085 HASKINS RD","property_city":"CHAGRIN FALLS","property_zip":"44023"}},{"type":"Feature","geometry":{"type":"Polygon","coordinates":[[[-81.3226601082582,41.3766173132501],[-81.3231174459006,41.3766140670304],[-81.3231174342093,41.3766155203644],[-81.3231145249393,41.376982834321],[-81.3213623691274,41.377029431149],[-81.3213463696051,41.3766378670285],[-81.3213461436172,41.3766323381836],[-81.3213459100378,41.3766266327578],[-81.3226601082582,41.3766173132501]]]},"properties":{"source_county":"Geauga","jurisdiction":"Bainbridge Township","parcel_id":"02-114270","owner_name":"TORONTALI KARL L & CAROL A","property_address":"18105 HASKINS RD","property_city":"CHAGRIN FALLS","property_zip":"44023"}},{"type":"Feature","geometry":{"type":"Polygon","coordinates":[[[-81.3217380730386,41.3891630110225],[-81.3230283421543,41.3891534143278],[-81.3230292377444,41.3896337104973],[-81.3217385441828,41.3896433110828],[-81.3214626911709,41.3896453615],[-81.3214619816701,41.3891650625947],[-81.3217380730386,41.3891630110225]]]},"properties":{"source_county":"Geauga","jurisdiction":"Bainbridge Township","parcel_id":"02-114400","owner_name":"RAUTENBERG KRISTINA L","property_address":"17649 HASKINS RD","property_city":"CHAGRIN FALLS","property_zip":"44023"}},{"type":"Feature","geometry":{"type":"Polygon","coordinates":[[[-81.3242210732453,41.3901147019713],[-81.3241076707192,41.3900615218009],[-81.3240904244571,41.3900831826101],[-81.3240199348733,41.390050558521],[-81.3240665154761,41.3899935627246],[-81.3241324866953,41.3900240823074],[-81.3241157256821,41.3900441550189],[-81.324130188638,41.3900506487748],[-81.3241639791415,41.3900089985925],[-81.3242895230636,41.3900671630087],[-81.3242427600304,41.3901248720569],[-81.3242210732453,41.3901147019713]]]},"properties":{"source_county":"Geauga","jurisdiction":"Bainbridge Township","parcel_id":"02-118220","owner_name":"GLEW LOUISE E TOD","property_address":"17610 EAST BROOK TRL","property_city":"CHAGRIN FALLS","property_zip":"44023"}},{"type":"Feature","geometry":{"type":"Polygon","coordinates":[[[-81.3079437805877,41.394129077037],[-81.3103504969212,41.3941053544464],[-81.3103323548472,41.3945168506939],[-81.3079241509441,41.3945418436997],[-81.3079437805877,41.394129077037]]]},"properties":{"source_county":"Geauga","jurisdiction":"Bainbridge Township","parcel_id":"02-118750","owner_name":"TABOR ANTHONY MICHAEL JR","property_address":"17460 SNYDER RD","property_city":"CHAGRIN FALLS","property_zip":"44023"}},{"type":"Feature","geometry":{"type":"Polygon","coordinates":[[[-81.3226097996107,41.3927250111456],[-81.3238049974379,41.3927161630139],[-81.3244248335736,41.393176436048],[-81.3244297143643,41.3940420053954],[-81.3243389725615,41.3941256389702],[-81.3239383419004,41.3940236708386],[-81.3231953064158,41.3938345503209],[-81.3230666209002,41.3938017963268],[-81.3229585472188,41.3935469428523],[-81.322777484076,41.3931201558431],[-81.3226097996107,41.3927250111456]]]},"properties":{"source_county":"Geauga","jurisdiction":"Bainbridge Township","parcel_id":"02-119600","owner_name":"ZALETEL MICHAEL LEWIS & PENNYLYNN","property_address":"17500 HASKINS RD","property_city":"CHAGRIN FALLS","property_zip":"44023"}},{"type":"Feature","geometry":{"type":"Polygon","coordinates":[[[-81.3233025470567,41.3808291958894],[-81.3235464237642,41.3808302917104],[-81.323877355998,41.3808317787281],[-81.3240621262705,41.3808348242681],[-81.3241933204238,41.3808369868744],[-81.3241988592964,41.3812585420707],[-81.3231898559727,41.3812748598525],[-81.3231925683913,41.3809110464708],[-81.3231947949328,41.3808949913043],[-81.3232011377547,41.3808795718925],[-81.3232113530534,41.3808653809153],[-81.323225048179,41.3808529638347],[-81.323241696727,41.3808427979286],[-81.3232606587729,41.3808352739459],[-81.3232812054685,41.3808306810874],[-81.3233025470567,41.3808291958894]]]},"properties":{"source_county":"Geauga","jurisdiction":"Bainbridge Township","parcel_id":"02-122110","owner_name":"FREDERIC DUANE EUGENE & DAGMARA M TRUSTEES","property_address":"8908 E PILGRIM DR","property_city":"CHAGRIN FALLS","property_zip":"44023"}},{"type":"Feature","geometry":{"type":"Polygon","coordinates":[[[-81.3217376030484,41.3886827136127],[-81.3230278268621,41.3886731165575],[-81.3230283421543,41.3891534143278],[-81.3217380730386,41.3891630110225],[-81.3214619816701,41.3891650625947],[-81.3214612733106,41.3886847672402],[-81.3217376030484,41.3886827136127]]]},"properties":{"source_county":"Geauga","jurisdiction":"Bainbridge Township","parcel_id":"02-122810","owner_name":"HARTMAN SCOTT C TOD","property_address":"17665 HASKINS RD","property_city":"CHAGRIN FALLS","property_zip":"44023"}},{"type":"Feature","geometry":{"type":"Polygon","coordinates":[[[-81.3083230060852,41.380450469934],[-81.3085860682024,41.3804489832799],[-81.308578405071,41.3806029174857],[-81.3085460657937,41.3812651537296],[-81.3083199580071,41.3812664317125],[-81.3069852929108,41.3812739665205],[-81.3069961458927,41.3810527741021],[-81.3070253410162,41.380457796883],[-81.3083230060852,41.380450469934]]]},"properties":{"source_county":"Geauga","jurisdiction":"Bainbridge Township","parcel_id":"02-129000","owner_name":"EHRENBEIT APRIL M","property_address":"17951 SNYDER RD","property_city":"CHAGRIN FALLS","property_zip":"44023"}},{"type":"Feature","geometry":{"type":"Polygon","coordinates":[[[-81.323704687285,41.3990210194071],[-81.3239037917914,41.3986082749441],[-81.3244497734972,41.3989035349066],[-81.3243990916918,41.3989686504866],[-81.3243507365611,41.3990347616366],[-81.3243047425799,41.3991018212322],[-81.3242611425405,41.3991697814727],[-81.323704687285,41.3990210194071]]]},"properties":{"source_county":"Geauga","jurisdiction":"Bainbridge Township","parcel_id":"02-133100","owner_name":"LARKIN ELLEN TTEE","property_address":"17277 LONG MEADOW TRL","property_city":"CHAGRIN FALLS","property_zip":"44023"}},{"type":"Feature","geometry":{"type":"Polygon","coordinates":[[[-81.3101152916961,41.38808835814],[-81.311931854144,41.388074469798],[-81.3119804650736,41.3913950459128],[-81.3101194170447,41.391432616598],[-81.3101188903684,41.3910053482048],[-81.310118410299,41.3906164949137],[-81.3101180857828,41.3903531721262],[-81.3101175416359,41.3899124144338],[-81.3101170189453,41.3894889533328],[-81.3101164431698,41.3890222213055],[-81.3101158552477,41.388545071794],[-81.3101152916961,41.38808835814]]]},"properties":{"source_county":"Geauga","jurisdiction":"Bainbridge Township","parcel_id":"02-135000","owner_name":"ZOUHARY CALEB & CASANDRA L","property_address":"9298 BAINBRIDGE RD","property_city":"CHAGRIN FALLS","property_zip":"44023"}},{"type":"Feature","geometry":{"type":"MultiPolygon","coordinates":[[[[-81.3206002905044,41.3850293106867],[-81.320540098688,41.3848827393349],[-81.3203725221485,41.3849731661266],[-81.3172776700226,41.3845881293953],[-81.3228712910804,41.3845267941815],[-81.3228288281945,41.3851172807662],[-81.3216364612878,41.3851303823222],[-81.3206002905044,41.3850293106867]]],[[[-81.3157905252528,41.385194439192],[-81.315790928879,41.3850985722768],[-81.3164990677398,41.3851866910646],[-81.3157905252528,41.385194439192]]]]},"properties":{"source_county":"Geauga","jurisdiction":"Bainbridge Township","parcel_id":"02-135930","owner_name":"NHAN PHUNG & VU HOANG","property_address":"17805 HASKINS RD","property_city":"CHAGRIN FALLS","property_zip":"44023"}},{"type":"Feature","geometry":{"type":"Polygon","coordinates":[[[-81.3237812825951,41.3897914959666],[-81.3237613934806,41.3897827164512],[-81.3237460576214,41.3898021317947],[-81.3236308547287,41.3897497757483],[-81.3236624733317,41.3897094886523],[-81.3237420204724,41.3897451208682],[-81.3237494684644,41.3897362759174],[-81.3238353590957,41.3897738609011],[-81.3238823641709,41.3897949242998],[-81.3238450566702,41.3898429225055],[-81.323767309925,41.3898085090498],[-81.3237812825951,41.3897914959666]]]},"properties":{"source_county":"Geauga","jurisdiction":"Bainbridge Township","parcel_id":"02-136755","owner_name":"DIEHL BRIAN S & EAGLE DEBBIE L","property_address":"17617 EAST BROOK TRL","property_city":"CHAGRIN FALLS","property_zip":"44023"}},{"type":"Feature","geometry":{"type":"Polygon","coordinates":[[[-81.3134163292124,41.3783303730396],[-81.3134160028952,41.3789245163973],[-81.308664772463,41.3788685412961],[-81.308671226816,41.3787383181397],[-81.3086917440218,41.3783267204933],[-81.3134163292124,41.3783303730396]]]},"properties":{"source_county":"Geauga","jurisdiction":"Bainbridge Township","parcel_id":"02-137350","owner_name":"GREEN ROBERT W JR & DIANE L","property_address":"18040 SNYDER RD","property_city":"CHAGRIN FALLS","property_zip":"44023"}},{"type":"Feature","geometry":{"type":"Polygon","coordinates":[[[-81.3238353590957,41.3897738609011],[-81.3237494684644,41.3897362759174],[-81.3236943225544,41.3897118707713],[-81.3237017766932,41.3897026827857],[-81.3236652121721,41.3896864297102],[-81.3237073319649,41.3896447534994],[-81.3237362927691,41.3896579152712],[-81.3237614588782,41.3896264345817],[-81.3238943451828,41.3896855961582],[-81.3238971550551,41.3896813363945],[-81.3239613388084,41.3897099504274],[-81.3239137938485,41.3897698540924],[-81.3238577460567,41.389744923865],[-81.3238353590957,41.3897738609011]]]},"properties":{"source_county":"Geauga","jurisdiction":"Bainbridge Township","parcel_id":"02-138255","owner_name":"CHITTOCK DAVID JR TRUSTEE","property_address":"17621 EAST BROOK TRL","property_city":"CHAGRIN FALLS","property_zip":"44023"}},{"type":"Feature","geometry":{"type":"Polygon","coordinates":[[[-81.3133744756043,41.3864381178201],[-81.3144623976846,41.3864201856748],[-81.3144637874714,41.3880550662055],[-81.3101209197662,41.3880883151104],[-81.3101004577393,41.3864883202199],[-81.3133744756043,41.3864381178201]]]},"properties":{"source_county":"Geauga","jurisdiction":"Bainbridge Township","parcel_id":"02-139800","owner_name":"CG II DEVELOPERS LLC","property_address":"9191 BAINBRIDGE RD","property_city":"CHAGRIN FALLS","property_zip":"44023"}},{"type":"Feature","geometry":{"type":"MultiPolygon","coordinates":[[[[-81.3133850017111,41.3855284218607],[-81.3133929913426,41.3848379989169],[-81.315790928879,41.3850985722768],[-81.3157905252528,41.385194439192],[-81.3157879671814,41.3858024004162],[-81.3157855643616,41.3863732316963],[-81.3157854565109,41.3863988433839],[-81.3144623976846,41.3864201856748],[-81.3133744756043,41.3864381178201],[-81.3133850017111,41.3855284218607]]],[[[-81.3153636206404,41.384017486673],[-81.3157954975047,41.384012618855],[-81.3157938537302,41.3844032833297],[-81.3134016813257,41.3840870918584],[-81.3134021839698,41.3840437158761],[-81.3134022312811,41.3840395748328],[-81.3140593800995,41.3840321777945],[-81.3147114998533,41.3840248336135],[-81.3153636206404,41.384017486673]]]]},"properties":{"source_county":"Geauga","jurisdiction":"Bainbridge Township","parcel_id":"02-139900","owner_name":"CG II DEVELOPERS LLC","property_address":" BAINBRIDGE RD","property_city":"CHAGRIN FALLS","property_zip":"44023"}},{"type":"Feature","geometry":{"type":"Polygon","coordinates":[[[-81.3234830543639,41.3912140308519],[-81.3236211394655,41.3910524872531],[-81.3242548728134,41.391290024698],[-81.3242513442079,41.391310959689],[-81.3242505699492,41.3913320545891],[-81.3242525575641,41.3913531043967],[-81.3242572877394,41.3913739045478],[-81.3242647145094,41.3913942529048],[-81.3242747657025,41.39141395172],[-81.3242873436425,41.3914328095584],[-81.3243023260973,41.3914506431572],[-81.3234810845163,41.3915296501703],[-81.3234830543639,41.3912140308519]]]},"properties":{"source_county":"Geauga","jurisdiction":"Bainbridge Township","parcel_id":"02-142080","owner_name":"BECKLEY MAUREEN T & JAMES R","property_address":"8915 SOUTHBROOK TRL","property_city":"CHAGRIN FALLS","property_zip":"44023"}},{"type":"Feature","geometry":{"type":"Polygon","coordinates":[[[-81.3239762127002,41.3906370865844],[-81.3241537464377,41.3904293858121],[-81.3245118438053,41.3905045301109],[-81.3245909162121,41.3911002805884],[-81.3244721206279,41.3911186017632],[-81.3244458327731,41.3911240857282],[-81.3244203638446,41.3911314417049],[-81.3243959483158,41.3911406019725],[-81.3243728109627,41.3911514821993],[-81.3239762127002,41.3906370865844]]]},"properties":{"source_county":"Geauga","jurisdiction":"Bainbridge Township","parcel_id":"02-142081","owner_name":"MC CLEERY CALLIE","property_address":"8899 SOUTHBROOK TRL","property_city":"CHAGRIN FALLS","property_zip":"44023"}},{"type":"Feature","geometry":{"type":"Polygon","coordinates":[[[-81.3228087447342,41.3828887972364],[-81.3228377207784,41.3828905184572],[-81.3228656673266,41.3828965354316],[-81.322891473186,41.3829066089166],[-81.3229141122793,41.3829203383765],[-81.3229326844426,41.3829371779091],[-81.3229464512173,41.3829564579508],[-81.322954865212,41.3829774118993],[-81.3229575918687,41.3829992065946],[-81.3229501625991,41.3839317373054],[-81.3229140513672,41.3839321464825],[-81.3222736679603,41.3839394040583],[-81.3222819647261,41.3828972123403],[-81.3228087447342,41.3828887972364]]]},"properties":{"source_county":"Geauga","jurisdiction":"Bainbridge Township","parcel_id":"02-144080","owner_name":"ROMANOWSKI JOSEPH T & MOLLY H","property_address":"8952 OLD MEADOW DR","property_city":"CHAGRIN FALLS","property_zip":"44023"}},{"type":"Feature","geometry":{"type":"Polygon","coordinates":[[[-81.3222736679603,41.3839394040583],[-81.3229140513672,41.3839321464825],[-81.3228712910804,41.3845267941815],[-81.3172776700226,41.3845881293953],[-81.3157938537302,41.3844032833297],[-81.3157954975047,41.384012618855],[-81.316012100864,41.3840101762824],[-81.3166605773568,41.3840028622237],[-81.3173054084748,41.3839955865486],[-81.3179502406616,41.3839883063946],[-81.3185914573796,41.3839810641098],[-81.3192108923949,41.383974063537],[-81.3198121083799,41.3839672665928],[-81.320415510423,41.3839604410698],[-81.3210167261586,41.3839536378715],[-81.3216434116071,41.3839465423224],[-81.3222736679603,41.3839394040583]]]},"properties":{"source_county":"Geauga","jurisdiction":"Bainbridge Township","parcel_id":"02-145800","owner_name":"RIFFLE ROBERT DYKE","property_address":"17833 HASKINS RD","property_city":"CHAGRIN FALLS","property_zip":"44023"}},{"type":"Feature","geometry":{"type":"Polygon","coordinates":[[[-81.3100930445945,41.3928756958984],[-81.3101142654413,41.3924642869586],[-81.3080222226603,41.3924795193084],[-81.3080603593795,41.3916775379946],[-81.3083894458067,41.3916644999026],[-81.3083930224029,41.3915821249931],[-81.3101237096018,41.3915148814828],[-81.3105486961072,41.391506304898],[-81.3104835383196,41.3928725959666],[-81.3100930445945,41.3928756958984]]]},"properties":{"source_county":"Geauga","jurisdiction":"Bainbridge Township","parcel_id":"02-149600","owner_name":"BAUER HAROLD S & HAWK BAUER EMILY R","property_address":" SNYDER RD","property_city":"CHAGRIN FALLS","property_zip":"44023"}},{"type":"Feature","geometry":{"type":"Polygon","coordinates":[[[-81.3080222226603,41.3924795193084],[-81.3101142654413,41.3924642869586],[-81.3100930445945,41.3928756958984],[-81.3080025955415,41.3928922672754],[-81.3080222226603,41.3924795193084]]]},"properties":{"source_county":"Geauga","jurisdiction":"Bainbridge Township","parcel_id":"02-149700","owner_name":"BAUER HAROLD S & HAWK BAUER EMILY R","property_address":"17520 SNYDER RD","property_city":"CHAGRIN FALLS","property_zip":"44023"}},{"type":"Feature","geometry":{"type":"Polygon","coordinates":[[[-81.3045588404122,41.390048524504],[-81.3081397407523,41.3900081195773],[-81.308124055119,41.3903379869524],[-81.3081107706102,41.3906173774506],[-81.3081093974823,41.3906462558296],[-81.3045482423485,41.3906980251377],[-81.3045588404122,41.390048524504]]]},"properties":{"source_county":"Geauga","jurisdiction":"Bainbridge Township","parcel_id":"02-154310","owner_name":"ROSEN ROBERT A","property_address":"17615 SNYDER RD","property_city":"CHAGRIN FALLS","property_zip":"44023"}},{"type":"Feature","geometry":{"type":"Polygon","coordinates":[[[-81.3187105279341,41.3829112420698],[-81.3192200197314,41.3828352318173],[-81.3192108923949,41.383974063537],[-81.3185914573796,41.3839810641098],[-81.3185998805859,41.3829263830458],[-81.3187105279341,41.3829112420698]]]},"properties":{"source_county":"Geauga","jurisdiction":"Bainbridge Township","parcel_id":"02-155460","owner_name":"CANNAVINO MARK & SUSAN SHEEHAN","property_address":"9060 OLD MEADOW DR","property_city":"CHAGRIN FALLS","property_zip":"44023"}},{"type":"Feature","geometry":{"type":"Polygon","coordinates":[[[-81.3173136216246,41.38297596347],[-81.3179584819738,41.382965698409],[-81.3179502406616,41.3839883063946],[-81.3173054084748,41.3839955865486],[-81.3173136216246,41.38297596347]]]},"properties":{"source_county":"Geauga","jurisdiction":"Bainbridge Township","parcel_id":"02-155461","owner_name":"BURELLI ZACHARY & HANNAH MARIE","property_address":"9088 OLD MEADOW DR","property_city":"CHAGRIN FALLS","property_zip":"44023"}},{"type":"Feature","geometry":{"type":"Polygon","coordinates":[[[-81.3160202584403,41.3829965410363],[-81.3166687622694,41.3829862249521],[-81.3166605773568,41.3840028622237],[-81.316012100864,41.3840101762824],[-81.3160202584403,41.3829965410363]]]},"properties":{"source_county":"Geauga","jurisdiction":"Bainbridge Township","parcel_id":"02-155462","owner_name":"MOTYKA GARY W & MICHELLE L","property_address":"9130 OLD MEADOW DR","property_city":"CHAGRIN FALLS","property_zip":"44023"}},{"type":"Feature","geometry":{"type":"Polygon","coordinates":[[[-81.3147196070919,41.3830172204739],[-81.3153717544075,41.3830068534887],[-81.3153636206404,41.384017486673],[-81.3147114998533,41.3840248336135],[-81.3147196070919,41.3830172204739]]]},"properties":{"source_county":"Geauga","jurisdiction":"Bainbridge Township","parcel_id":"02-155463","owner_name":"DOWNS LORI M & CAROLYN J","property_address":"9170 OLD MEADOW DR","property_city":"CHAGRIN FALLS","property_zip":"44023"}},{"type":"Feature","geometry":{"type":"Polygon","coordinates":[[[-81.3134116699734,41.3830380006615],[-81.3140674607822,41.3830275828983],[-81.3140593800995,41.3840321777945],[-81.3134022312811,41.3840395748328],[-81.3134116699734,41.3830380006615]]]},"properties":{"source_county":"Geauga","jurisdiction":"Bainbridge Township","parcel_id":"02-155464","owner_name":"DE BONIS TINA M TOD","property_address":"9200 OLD MEADOW DR","property_city":"CHAGRIN FALLS","property_zip":"44023"}},{"type":"Feature","geometry":{"type":"Polygon","coordinates":[[[-81.3199035253437,41.3938675088393],[-81.323100248542,41.3940024002323],[-81.3230955882309,41.3946199151828],[-81.3199047722219,41.3944850418575],[-81.3199035253437,41.3938675088393]]]},"properties":{"source_county":"Geauga","jurisdiction":"Bainbridge Township","parcel_id":"02-156700","owner_name":"BEGAM WILLIAM S & BARBARA L","property_address":"17465 HASKINS RD","property_city":"CHAGRIN FALLS","property_zip":"44023"}},{"type":"Feature","geometry":{"type":"Polygon","coordinates":[[[-81.312428489753,41.3880706685703],[-81.312720016644,41.3880684357232],[-81.3127685244334,41.391379126771],[-81.3124770291534,41.3913850154492],[-81.312428489753,41.3880706685703]]]},"properties":{"source_county":"Geauga","jurisdiction":"Bainbridge Township","parcel_id":"02-159000","owner_name":"GREGG CURTIS C III & CYNTHIA M","property_address":"9238 BAINBRIDGE RD","property_city":"CHAGRIN FALLS","property_zip":"44023"}},{"type":"Feature","geometry":{"type":"Polygon","coordinates":[[[-81.3119318613173,41.3880744698716],[-81.3124284825797,41.3880706684967],[-81.3124770291534,41.3913850154492],[-81.3119804650736,41.3913950459128],[-81.3119318613173,41.3880744698716]]]},"properties":{"source_county":"Geauga","jurisdiction":"Bainbridge Township","parcel_id":"02-159100","owner_name":"GREGG CURTIS C III & CYNTHIA M","property_address":" BAINBRIDGE RD","property_city":"CHAGRIN FALLS","property_zip":"44023"}},{"type":"Feature","geometry":{"type":"Polygon","coordinates":[[[-81.3231660541263,41.39976723304],[-81.3231695802408,41.3993000767456],[-81.324088192186,41.3995020493572],[-81.3240545768778,41.3995853536257],[-81.3240243865267,41.3996693982488],[-81.3239976498166,41.399754103412],[-81.323974392152,41.3998393886732],[-81.3231660541263,41.39976723304]]]},"properties":{"source_county":"Geauga","jurisdiction":"Bainbridge Township","parcel_id":"02-159140","owner_name":"HUMPAL JAMES & PAMELA M","property_address":"17263 LONG MEADOW TRL","property_city":"CHAGRIN FALLS","property_zip":"44023"}},{"type":"Feature","geometry":{"type":"Polygon","coordinates":[[[-81.3242813982556,41.3786711445902],[-81.3254392945086,41.3786832819026],[-81.3255281881267,41.3790936561996],[-81.3242781562531,41.3790811192277],[-81.3242789217128,41.3789842482351],[-81.3242813982556,41.3786711445902]]]},"properties":{"source_county":"Geauga","jurisdiction":"Bainbridge Township","parcel_id":"02-160350","owner_name":"BETKER JAMES KEITH & KIERSTEN E","property_address":"18029 MILLSTONE RD","property_city":"CHAGRIN FALLS","property_zip":"44023"}},{"type":"Feature","geometry":{"type":"Polygon","coordinates":[[[-81.3232015396056,41.379797605694],[-81.3242724112896,41.3798076047243],[-81.3242717342962,41.3798932533203],[-81.3242691554836,41.3802192792928],[-81.3231982651348,41.3802092801119],[-81.3232015396056,41.379797605694]]]},"properties":{"source_county":"Geauga","jurisdiction":"Bainbridge Township","parcel_id":"02-162445","owner_name":"HICKS LESTER C & RUBY J TRUSTEES","property_address":"17984 HASKINS RD","property_city":"CHAGRIN FALLS","property_zip":"44023"}},{"type":"Feature","geometry":{"type":"Polygon","coordinates":[[[-81.3064766322272,41.4004573602588],[-81.3065020493844,41.3992150957179],[-81.3069241014951,41.3993747567106],[-81.3070518601989,41.3994230872918],[-81.3070510010006,41.4004611540711],[-81.3064766322272,41.4004573602588]]]},"properties":{"source_county":"Geauga","jurisdiction":"Bainbridge Township","parcel_id":"02-163700","owner_name":"K & D LLC","property_address":"9400 WASHINGTON ST","property_city":"CHAGRIN FALLS","property_zip":"44023"}},{"type":"Feature","geometry":{"type":"Polygon","coordinates":[[[-81.3232239649773,41.377024387618],[-81.3242944204002,41.3770241905032],[-81.3242911658208,41.377435812259],[-81.3242890131087,41.3777080506345],[-81.3232184529715,41.3776980545708],[-81.3232239649773,41.377024387618]]]},"properties":{"source_county":"Geauga","jurisdiction":"Bainbridge Township","parcel_id":"02-166900","owner_name":"MOCK GARY T & MARLA G TRUSTEES","property_address":"18090 HASKINS RD","property_city":"CHAGRIN FALLS","property_zip":"44023"}},{"type":"Feature","geometry":{"type":"Polygon","coordinates":[[[-81.3010553505375,41.3894357160005],[-81.3016021446158,41.3894312691703],[-81.3015921570736,41.3899967623874],[-81.3010453582868,41.3900012091698],[-81.3010553505375,41.3894357160005]]]},"properties":{"source_county":"Geauga","jurisdiction":"Bainbridge Township","parcel_id":"02-167600","owner_name":"KROTZER PAMELA S","property_address":" BAINBRIDGE RD","property_city":"CHAGRIN FALLS","property_zip":"44023"}},{"type":"Feature","geometry":{"type":"Polygon","coordinates":[[[-81.302505769252,41.3866129095221],[-81.3025239923771,41.3866127134432],[-81.3025147664244,41.3880650249325],[-81.302514243788,41.3881474016767],[-81.3021315603319,41.3881505147234],[-81.3021338205203,41.3877950274257],[-81.302498279372,41.3877920600289],[-81.302505769252,41.3866129095221]]]},"properties":{"source_county":"Geauga","jurisdiction":"Bainbridge Township","parcel_id":"02-167601","owner_name":"KROTZER PAMELA S","property_address":" SNYDER RD","property_city":"CHAGRIN FALLS","property_zip":"44023"}},{"type":"Feature","geometry":{"type":"Polygon","coordinates":[[[-81.3005817094886,41.3866335284272],[-81.302505769252,41.3866129095221],[-81.302498279372,41.3877920600289],[-81.3021338205203,41.3877950274257],[-81.3021315603319,41.3881505147234],[-81.2977840248077,41.388185793226],[-81.2978067521742,41.386663210644],[-81.2981717424059,41.3866593105824],[-81.2988872848905,41.3866516607323],[-81.3005817094886,41.3866335284272]]]},"properties":{"source_county":"Geauga","jurisdiction":"Bainbridge Township","parcel_id":"02-167900","owner_name":"KROTZER PAMELA S","property_address":"9575 BAINBRIDGE RD","property_city":"CHAGRIN FALLS","property_zip":"44023"}},{"type":"Feature","geometry":{"type":"Polygon","coordinates":[[[-81.3004582210832,41.3881641121103],[-81.3010779084509,41.3881590793237],[-81.3010553505375,41.3894357160005],[-81.3004356510408,41.3894407531665],[-81.3004582210832,41.3881641121103]]]},"properties":{"source_county":"Geauga","jurisdiction":"Bainbridge Township","parcel_id":"02-168100","owner_name":"MCCARLEY MEGHANN LORENE & BROWN PATRICK MICHAEL","property_address":"9574 BAINBRIDGE RD","property_city":"CHAGRIN FALLS","property_zip":"44023"}},{"type":"Feature","geometry":{"type":"Polygon","coordinates":[[[-81.3220254990873,41.3919892021595],[-81.3222828572767,41.3920562485966],[-81.3227427433115,41.3922229712065],[-81.3226033972656,41.3925328965836],[-81.3225647575778,41.3926188415357],[-81.3226097996107,41.3927250111456],[-81.322777484076,41.3931201558431],[-81.3199020741824,41.3931497425224],[-81.3199007381578,41.392488592343],[-81.3210604783538,41.3924800614337],[-81.3211324548278,41.3920424654535],[-81.3220254990873,41.3919892021595]]]},"properties":{"source_county":"Geauga","jurisdiction":"Bainbridge Township","parcel_id":"02-168500","owner_name":"DADDARIO THOMAS A & COLLEEN O","property_address":"17525 HASKINS RD","property_city":"CHAGRIN FALLS","property_zip":"44023"}},{"type":"Feature","geometry":{"type":"Polygon","coordinates":[[[-81.319900409439,41.3923399807557],[-81.3198983635393,41.3913127885083],[-81.323032314597,41.3912913823411],[-81.3230327279708,41.3915779254302],[-81.3228588329963,41.3919647290127],[-81.3227427433115,41.3922229712065],[-81.3222828572767,41.3920562485966],[-81.3220254990873,41.3919892021595],[-81.3211324548278,41.3920424654535],[-81.3210604783538,41.3924800614337],[-81.3199007381578,41.392488592343],[-81.319900409439,41.3923399807557]]]},"properties":{"source_county":"Geauga","jurisdiction":"Bainbridge Township","parcel_id":"02-168600","owner_name":"LI PINGSHA & LIU DANDAN","property_address":"17555 HASKINS RD","property_city":"CHAGRIN FALLS","property_zip":"44023"}},{"type":"Feature","geometry":{"type":"Polygon","coordinates":[[[-81.3079067895141,41.39490692199],[-81.3103269666395,41.3948830679962],[-81.3103243011904,41.3950641975726],[-81.3078981730925,41.3950880893814],[-81.3079067895141,41.39490692199]]]},"properties":{"source_county":"Geauga","jurisdiction":"Bainbridge Township","parcel_id":"02-172600","owner_name":"SANDA BENJAMIN A","property_address":" SNYDER RD","property_city":"CHAGRIN FALLS","property_zip":"44023"}},{"type":"Feature","geometry":{"type":"Polygon","coordinates":[[[-81.3078981730925,41.3950880893814],[-81.3103243011904,41.3950641975726],[-81.3103189889093,41.395425228573],[-81.3078809410898,41.3954504358522],[-81.3078867302108,41.3953287065103],[-81.3078981730925,41.3950880893814]]]},"properties":{"source_county":"Geauga","jurisdiction":"Bainbridge Township","parcel_id":"02-172700","owner_name":"SANDA BENJAMIN A","property_address":"17430 SNYDER RD","property_city":"CHAGRIN FALLS","property_zip":"44023"}},{"type":"Feature","geometry":{"type":"Polygon","coordinates":[[[-81.3232015396056,41.379797605694],[-81.3232048140999,41.3793859276288],[-81.3242756671194,41.3793959265086],[-81.3242748955913,41.3794935367621],[-81.3242724112896,41.3798076047243],[-81.3232015396056,41.379797605694]]]},"properties":{"source_county":"Geauga","jurisdiction":"Bainbridge Township","parcel_id":"02-183750","owner_name":"SPEYER MICHAEL J SR","property_address":"17998 HASKINS RD","property_city":"CHAGRIN FALLS","property_zip":"44023"}},{"type":"Feature","geometry":{"type":"Polygon","coordinates":[[[-81.3001430774574,41.3968957089089],[-81.3001427932159,41.3968034641147],[-81.3006461394072,41.396994752568],[-81.3006499788996,41.3982382680376],[-81.3001471324964,41.3982125845386],[-81.3001469634319,41.398157693004],[-81.3001448926464,41.397485389834],[-81.3001432020676,41.3969364734402],[-81.3001430774574,41.3968957089089]]]},"properties":{"source_county":"Geauga","jurisdiction":"Bainbridge Township","parcel_id":"02-187300","owner_name":"KALEJS ANDRIS GEORGE & MARGARET A","property_address":"9584 WASHINGTON ST","property_city":"CHAGRIN FALLS","property_zip":"44023"}},{"type":"Feature","geometry":{"type":"Polygon","coordinates":[[[-81.3083277455426,41.379181312149],[-81.3086495647206,41.3791734735264],[-81.3086329091144,41.3795080605867],[-81.3086266984753,41.3796328146047],[-81.3083260527779,41.3796345142662],[-81.3070653868329,41.379641632442],[-81.3070445809861,41.3796417494746],[-81.3070655175717,41.3792120476711],[-81.3083277455426,41.379181312149]]]},"properties":{"source_county":"Geauga","jurisdiction":"Bainbridge Township","parcel_id":"02-191500","owner_name":"HUFF ERIK J & WENDY S","property_address":"18003 SNYDER RD","property_city":"CHAGRIN FALLS","property_zip":"44023"}},{"type":"Feature","geometry":{"type":"Polygon","coordinates":[[[-81.3083293641148,41.3787478173115],[-81.308671226816,41.3787383181397],[-81.308664772463,41.3788685412961],[-81.3086495647206,41.3791734735264],[-81.3083277455426,41.379181312149],[-81.3070655175717,41.3792120476711],[-81.3070864550788,41.3787823458266],[-81.3074566011775,41.3787720645996],[-81.3083293641148,41.3787478173115]]]},"properties":{"source_county":"Geauga","jurisdiction":"Bainbridge Township","parcel_id":"02-191600","owner_name":"HUFF ERIK J & WENDY S","property_address":" SNYDER RD","property_city":"CHAGRIN FALLS","property_zip":"44023"}},{"type":"Feature","geometry":{"type":"Polygon","coordinates":[[[-81.3083199580071,41.3812664317125],[-81.3085460657937,41.3812651537296],[-81.3085437164961,41.3813160319751],[-81.3085254049754,41.3817126464612],[-81.308318286963,41.3817138172811],[-81.306963334798,41.3817214664277],[-81.3069852929108,41.3812739665205],[-81.3083199580071,41.3812664317125]]]},"properties":{"source_county":"Geauga","jurisdiction":"Bainbridge Township","parcel_id":"02-193200","owner_name":"KIEVETS CLARA TOD","property_address":"17923 SNYDER RD","property_city":"CHAGRIN FALLS","property_zip":"44023"}},{"type":"Feature","geometry":{"type":"Polygon","coordinates":[[[-81.3083353300367,41.3771503913517],[-81.3087406818965,41.3771431592404],[-81.3087378954464,41.377229234774],[-81.3087250686316,41.3776208028304],[-81.3087248509625,41.3776208068945],[-81.308615600652,41.3776227562885],[-81.3083335475467,41.3776277891387],[-81.3072352518485,41.377647378075],[-81.3072572444474,41.3771696201894],[-81.3083353300367,41.3771503913517]]]},"properties":{"source_county":"Geauga","jurisdiction":"Bainbridge Township","parcel_id":"02-198400","owner_name":"KLUCHAR RICHARD B & RICHARD","property_address":"18101 SNYDER RD","property_city":"CHAGRIN FALLS","property_zip":"44023"}},{"type":"Feature","geometry":{"type":"Polygon","coordinates":[[[-81.3232748754211,41.3867044395004],[-81.3236938187361,41.3867085302529],[-81.3236832637219,41.3879867201868],[-81.3231748833446,41.3879905061444],[-81.3231738016563,41.3879081294747],[-81.3231765734043,41.3875731918032],[-81.3232697965839,41.3873182727638],[-81.3232748754211,41.3867044395004]]]},"properties":{"source_county":"Geauga","jurisdiction":"Bainbridge Township","parcel_id":"02-198700","owner_name":"CUTLIP GARY D TOD & JANET R TOD","property_address":"8915 BAINBRIDGE RD","property_city":"CHAGRIN FALLS","property_zip":"44023"}},{"type":"Feature","geometry":{"type":"Polygon","coordinates":[[[-81.3244675453121,41.3979330353662],[-81.324520113285,41.3977031313659],[-81.3253057515722,41.3978247249503],[-81.3252773423831,41.3979004962983],[-81.3252443085649,41.3979751969707],[-81.32520672083,41.398048667027],[-81.3251646596423,41.398120749161],[-81.3244675453121,41.3979330353662]]]},"properties":{"source_county":"Geauga","jurisdiction":"Bainbridge Township","parcel_id":"02-199300","owner_name":"WENGRYNIUK KYLE MATTHEW & KAITLYN MARIE","property_address":"17329 LONG MEADOW TRL","property_city":"CHAGRIN FALLS","property_zip":"44023"}},{"type":"Feature","geometry":{"type":"Polygon","coordinates":[[[-81.3080914095982,41.391024551406],[-81.3101188903684,41.3910053482048],[-81.3101194170447,41.391432616598],[-81.308068215618,41.391512311839],[-81.3080914095982,41.391024551406]]]},"properties":{"source_county":"Geauga","jurisdiction":"Bainbridge Township","parcel_id":"02-200200","owner_name":"STEVENS DAVID W JR & JULIE A","property_address":"17574 SNYDER RD","property_city":"CHAGRIN FALLS","property_zip":"44023"}},{"type":"Feature","geometry":{"type":"Polygon","coordinates":[[[-81.302446310295,41.3881479536031],[-81.3030476000639,41.3881430604206],[-81.3030640104583,41.3893380248366],[-81.3024637625934,41.3893424291971],[-81.302446310295,41.3881479536031]]]},"properties":{"source_county":"Geauga","jurisdiction":"Bainbridge Township","parcel_id":"02-201000","owner_name":"CONE JEREMY & BURKHART COLLEEN","property_address":"9518 BAINBRIDGE RD","property_city":"CHAGRIN FALLS","property_zip":"44023"}},{"type":"Feature","geometry":{"type":"Polygon","coordinates":[[[-81.3087664734822,41.3763541007164],[-81.3143823620664,41.3763114537404],[-81.3143761307793,41.3767375736912],[-81.3134171805806,41.3767528323207],[-81.3087535911026,41.3767490813029],[-81.3087541343375,41.3767315859846],[-81.3087664734822,41.3763541007164]]]},"properties":{"source_county":"Geauga","jurisdiction":"Bainbridge Township","parcel_id":"02-203100","owner_name":"FOSS RICHARD J & MARY E MALNAR","property_address":"18120 SNYDER RD","property_city":"CHAGRIN FALLS","property_zip":"44023"}},{"type":"Feature","geometry":{"type":"Polygon","coordinates":[[[-81.3242944204002,41.3770241905032],[-81.3253701660012,41.3770359619539],[-81.3253755470462,41.3774476262533],[-81.3242911658208,41.377435812259],[-81.3242944204002,41.3770241905032]]]},"properties":{"source_county":"Geauga","jurisdiction":"Bainbridge Township","parcel_id":"02-212870","owner_name":"POOLE BARTON & SARAH","property_address":"18093 MILLSTONE RD","property_city":"CHAGRIN FALLS","property_zip":"44023"}},{"type":"Feature","geometry":{"type":"Polygon","coordinates":[[[-81.3019003749448,41.3881523942829],[-81.302446309083,41.3881479544911],[-81.3024637625934,41.3893424291971],[-81.3019175203299,41.3893464346315],[-81.3019003749448,41.3881523942829]]]},"properties":{"source_county":"Geauga","jurisdiction":"Bainbridge Township","parcel_id":"02-213200","owner_name":"SCHMIDT STUART D & LINDA S","property_address":"9536 BAINBRIDGE RD","property_city":"CHAGRIN FALLS","property_zip":"44023"}},{"type":"Feature","geometry":{"type":"Polygon","coordinates":[[[-81.3238188118728,41.3904434250033],[-81.3238124867961,41.3904404448629],[-81.3237975845237,41.3904584778064],[-81.3237171469763,41.3904216343996],[-81.3237562800436,41.3903734836811],[-81.3238258710893,41.3904054125996],[-81.3239533615291,41.390460746077],[-81.3239596866141,41.3904637262098],[-81.3239475819941,41.3904781854835],[-81.3239584284961,41.3904830990331],[-81.3239146346719,41.3905370351846],[-81.3237890134655,41.3904791478525],[-81.3238188118728,41.3904434250033]]]},"properties":{"source_county":"Geauga","jurisdiction":"Bainbridge Township","parcel_id":"02-213250","owner_name":"PETRANGELO CHRISTINE TOD","property_address":"17596 EAST BROOK TRL","property_city":"CHAGRIN FALLS","property_zip":"44023"}},{"type":"Feature","geometry":{"type":"Polygon","coordinates":[[[-81.3078434657751,41.3962989433916],[-81.3094281191636,41.3962822795718],[-81.3094336982393,41.3971056341788],[-81.3078461458135,41.3971223287698],[-81.3078435772328,41.396741879802],[-81.3078420813519,41.3965202612502],[-81.3078405866401,41.3962989740903],[-81.3078419765617,41.3962989595807],[-81.3078434657751,41.3962989433916]]]},"properties":{"source_county":"Geauga","jurisdiction":"Bainbridge Township","parcel_id":"02-214750","owner_name":"LAUER CAROL L TRUSTEE","property_address":"17372 SNYDER RD","property_city":"CHAGRIN FALLS","property_zip":"44023"}},{"type":"Feature","geometry":{"type":"Polygon","coordinates":[[[-81.3137747239539,41.3880603523796],[-81.3145687210739,41.3880542610328],[-81.3145697677716,41.3881334073418],[-81.314570130976,41.3881608519124],[-81.3145967244438,41.3899442955203],[-81.3146168268213,41.3913417712127],[-81.313823083711,41.3913578176066],[-81.3137747239539,41.3880603523796]]]},"properties":{"source_county":"Geauga","jurisdiction":"Bainbridge Township","parcel_id":"02-215100","owner_name":"NEAL KEITH D & ANDREA L","property_address":"9188 BAINBRIDGE RD","property_city":"CHAGRIN FALLS","property_zip":"44023"}},{"type":"Feature","geometry":{"type":"Polygon","coordinates":[[[-81.3231863187301,41.3817002581726],[-81.3231898559727,41.3812748598525],[-81.3241988592964,41.3812585420707],[-81.3242094106428,41.3816915055641],[-81.3231863187301,41.3817002581726]]]},"properties":{"source_county":"Geauga","jurisdiction":"Bainbridge Township","parcel_id":"02-215440","owner_name":"CARROLL BRETT W & NICOLE S","property_address":"17924 HASKINS RD","property_city":"CHAGRIN FALLS","property_zip":"44023"}},{"type":"Feature","geometry":{"type":"Polygon","coordinates":[[[-81.3078461458135,41.3971223287698],[-81.3094336982393,41.3971056341788],[-81.3094364872398,41.3975173109561],[-81.3078489260423,41.397534006496],[-81.3078465702043,41.3971851177778],[-81.3078461458135,41.3971223287698]]]},"properties":{"source_county":"Geauga","jurisdiction":"Bainbridge Township","parcel_id":"02-217400","owner_name":"BESSETTE CHERYL ANN TOD","property_address":"17346 SNYDER RD","property_city":"CHAGRIN FALLS","property_zip":"44023"}},{"type":"Feature","geometry":{"type":"Polygon","coordinates":[[[-81.3242486357567,41.3996746478101],[-81.3249154766454,41.3997944325811],[-81.3249138259283,41.4000139929245],[-81.324640452073,41.4000128274134],[-81.3241590599289,41.4000107725426],[-81.3241760480276,41.3999259699734],[-81.3241966549192,41.399841623404],[-81.3242208592058,41.3997578203618],[-81.3242486357567,41.3996746478101]]]},"properties":{"source_county":"Geauga","jurisdiction":"Bainbridge Township","parcel_id":"02-217850","owner_name":"STRECK KEVIN J & LINDSAY A","property_address":"17258 LONG MEADOW TRL","property_city":"CHAGRIN FALLS","property_zip":"44023"}},{"type":"Feature","geometry":{"type":"Polygon","coordinates":[[[-81.3241988592964,41.3812585420707],[-81.3241933204238,41.3808369868744],[-81.3247380510491,41.3808709630558],[-81.3247486884734,41.3816868881947],[-81.3242094106428,41.3816915055641],[-81.3241988592964,41.3812585420707]]]},"properties":{"source_county":"Geauga","jurisdiction":"Bainbridge Township","parcel_id":"02-218850","owner_name":"CAPRIATO BERNADETTE","property_address":"8898 E PILGRIM DR","property_city":"CHAGRIN FALLS","property_zip":"44023"}},{"type":"Feature","geometry":{"type":"MultiPolygon","coordinates":[[[[-81.3217447417666,41.3862973992651],[-81.3227644981558,41.3862909652316],[-81.3227974618634,41.3868623103902],[-81.3217358252559,41.3868690084809],[-81.321467339374,41.3868707005997],[-81.3214708995295,41.386299125119],[-81.3217447417666,41.3862973992651]]],[[[-81.3229314786103,41.3862899115686],[-81.323041221163,41.3862892187719],[-81.3230378527397,41.3867021243414],[-81.3230365589239,41.3868608009727],[-81.3229260189532,41.3868614991768],[-81.3229314786103,41.3862899115686]]]]},"properties":{"source_county":"Geauga","jurisdiction":"Bainbridge Township","parcel_id":"02-220490","owner_name":"PAPESH RAYMOND P","property_address":" HASKINS RD","property_city":"CHAGRIN FALLS","property_zip":"44023"}},{"type":"Feature","geometry":{"type":"Polygon","coordinates":[[[-81.319965128245,41.3863254344082],[-81.3205197539591,41.3863157462819],[-81.3205063081589,41.3880103429097],[-81.3199517108674,41.3880144580467],[-81.319965128245,41.3863254344082]]]},"properties":{"source_county":"Geauga","jurisdiction":"Bainbridge Township","parcel_id":"02-220502","owner_name":"TEWARSON IVAN P & BARBARA A TRUSTEES","property_address":"9021 BAINBRIDGE RD","property_city":"CHAGRIN FALLS","property_zip":"44023"}},{"type":"Feature","geometry":{"type":"Polygon","coordinates":[[[-81.3087378954464,41.377229234774],[-81.3134169317135,41.3772328210894],[-81.3134166298678,41.3777815970988],[-81.3087179236174,41.3777779798926],[-81.3087250686316,41.3776208028304],[-81.3087378954464,41.377229234774]]]},"properties":{"source_county":"Geauga","jurisdiction":"Bainbridge Township","parcel_id":"02-225100","owner_name":"EDGEHOUSE GREGORY J & NANCY L","property_address":"18080 SNYDER RD","property_city":"CHAGRIN FALLS","property_zip":"44023"}},{"type":"Feature","geometry":{"type":"Polygon","coordinates":[[[-81.3230901031411,41.3953465057037],[-81.3230840660211,41.3961424605092],[-81.3217523184277,41.396153703033],[-81.3198946997855,41.3961693590885],[-81.319900867,41.395361395095],[-81.3230901031411,41.3953465057037]]]},"properties":{"source_county":"Geauga","jurisdiction":"Bainbridge Township","parcel_id":"02-225400","owner_name":"KAUFMAN MARYLYN","property_address":"17409 HASKINS RD","property_city":"CHAGRIN FALLS","property_zip":"44023"}},{"type":"Feature","geometry":{"type":"Polygon","coordinates":[[[-81.3175740451871,41.38803206915],[-81.3175435055041,41.3869330654036],[-81.3170109695396,41.386941456617],[-81.3169953541035,41.3863793125242],[-81.3169942813804,41.3863406842705],[-81.3169906801723,41.3862110805686],[-81.3185439291003,41.3861865992426],[-81.3185470490931,41.3862988538121],[-81.3185484756455,41.3863501686702],[-81.3185950263892,41.3880245133781],[-81.3179150874284,41.3880295471527],[-81.3175740451871,41.38803206915]]]},"properties":{"source_county":"Geauga","jurisdiction":"Bainbridge Township","parcel_id":"02-229700","owner_name":"SCHULTZ WAYNE W & BRENDA R","property_address":"9057 BAINBRIDGE RD","property_city":"CHAGRIN FALLS","property_zip":"44023"}},{"type":"Feature","geometry":{"type":"Polygon","coordinates":[[[-81.3210167261586,41.3839536378715],[-81.3210251914685,41.3828876468275],[-81.3211812941636,41.3828996603442],[-81.3213379114816,41.3829069432462],[-81.3214947907845,41.3829094837857],[-81.3216516790115,41.3829072778646],[-81.3216434116071,41.3839465423224],[-81.3210167261586,41.3839536378715]]]},"properties":{"source_county":"Geauga","jurisdiction":"Bainbridge Township","parcel_id":"02-230710","owner_name":"BRANDEWIEDE LOUIS J & DARLENE E","property_address":"8980 OLD MEADOW DR","property_city":"CHAGRIN FALLS","property_zip":"44023"}},{"type":"Feature","geometry":{"type":"Polygon","coordinates":[[[-81.3204246124888,41.3828189904731],[-81.320415510423,41.3839604410698],[-81.3198121083799,41.3839672665928],[-81.3198215553562,41.3827881720073],[-81.3199728384832,41.382788576255],[-81.3201239601045,41.3827938553462],[-81.3202746434342,41.3828039996122],[-81.3204246124888,41.3828189904731]]]},"properties":{"source_county":"Geauga","jurisdiction":"Bainbridge Township","parcel_id":"02-230720","owner_name":"KENNEDY RICHARD L & JANET M","property_address":"9040 OLD MEADOW DR","property_city":"CHAGRIN FALLS","property_zip":"44023"}},{"type":"Feature","geometry":{"type":"Polygon","coordinates":[[[-81.320415510423,41.3839604410698],[-81.3204246124888,41.3828189904731],[-81.320915039701,41.3828760809168],[-81.3210251914685,41.3828876468275],[-81.3210167261586,41.3839536378715],[-81.320415510423,41.3839604410698]]]},"properties":{"source_county":"Geauga","jurisdiction":"Bainbridge Township","parcel_id":"02-230730","owner_name":"SIMS DAVID F & MARRALI PATRICIA A","property_address":"9020 OLD MEADOW DR","property_city":"CHAGRIN FALLS","property_zip":"44023"}},{"type":"Feature","geometry":{"type":"Polygon","coordinates":[[[-81.318234660559,41.3817081379216],[-81.3188540051043,41.3816982649643],[-81.3188459323247,41.3827226579836],[-81.3186680639005,41.3827492136922],[-81.3185583226913,41.3827642470579],[-81.3184480062873,41.3827766650023],[-81.3183372245506,41.3827864551587],[-81.318226087807,41.3827936077772],[-81.318234660559,41.3817081379216]]]},"properties":{"source_county":"Geauga","jurisdiction":"Bainbridge Township","parcel_id":"02-230740","owner_name":"DUBOVEC ROBERT K & KATHLEEN E","property_address":"9067 OLD MEADOW DR","property_city":"CHAGRIN FALLS","property_zip":"44023"}},{"type":"Feature","geometry":{"type":"Polygon","coordinates":[[[-81.3195201037485,41.3826359682102],[-81.319527996809,41.3816875175962],[-81.3195977495632,41.3816864051309],[-81.3202202045374,41.3816764719297],[-81.3202122500812,41.382633423745],[-81.3200393395309,41.382625029662],[-81.3198660988801,41.3826226544772],[-81.3196928972675,41.3826263032515],[-81.3195201037485,41.3826359682102]]]},"properties":{"source_county":"Geauga","jurisdiction":"Bainbridge Township","parcel_id":"02-230750","owner_name":"ROTH MICHAEL D & EGLIT ERICA","property_address":"9041 OLD MEADOW DR","property_city":"CHAGRIN FALLS","property_zip":"44023"}},{"type":"Feature","geometry":{"type":"Polygon","coordinates":[[[-81.3208941970549,41.3816657130203],[-81.3215135408647,41.3816558222368],[-81.3215045334769,41.3827440799093],[-81.3213491222256,41.3827419791109],[-81.321193974021,41.3827348551632],[-81.3210393749617,41.3827227212028],[-81.3208856101333,41.3827055996053],[-81.3208941970549,41.3816657130203]]]},"properties":{"source_county":"Geauga","jurisdiction":"Bainbridge Township","parcel_id":"02-230760","owner_name":"LESHER MICHAEL E & KIMBERLY D","property_address":"8989 OLD MEADOW DR","property_city":"CHAGRIN FALLS","property_zip":"44023"}},{"type":"Feature","geometry":{"type":"Polygon","coordinates":[[[-81.3188540051043,41.3816982649643],[-81.319527996809,41.3816875175962],[-81.3195201037485,41.3826359682102],[-81.3193368098668,41.3826528679405],[-81.3191548414127,41.3826765371859],[-81.3188459323247,41.3827226579836],[-81.3188540051043,41.3816982649643]]]},"properties":{"source_county":"Geauga","jurisdiction":"Bainbridge Township","parcel_id":"02-230770","owner_name":"DIANA M THIMMIG TRUST THE","property_address":"9059 OLD MEADOW DR","property_city":"CHAGRIN FALLS","property_zip":"44023"}},{"type":"Feature","geometry":{"type":"Polygon","coordinates":[[[-81.3164294554146,41.3817368910245],[-81.3170305854253,41.3817273216113],[-81.317018883136,41.3828159609787],[-81.3164177443239,41.3828255321414],[-81.3164294554146,41.3817368910245]]]},"properties":{"source_county":"Geauga","jurisdiction":"Bainbridge Township","parcel_id":"02-230780","owner_name":"PROCH LORI A & RONNE D","property_address":"9129 OLD MEADOW DR","property_city":"CHAGRIN FALLS","property_zip":"44023"}},{"type":"Feature","geometry":{"type":"Polygon","coordinates":[[[-81.3202202045374,41.3816764719297],[-81.3208941970549,41.3816657130203],[-81.3208856101333,41.3827055996053],[-81.3204576671535,41.3826557833358],[-81.3203352031037,41.3826430812892],[-81.3202122500812,41.382633423745],[-81.3202202045374,41.3816764719297]]]},"properties":{"source_county":"Geauga","jurisdiction":"Bainbridge Township","parcel_id":"02-230790","owner_name":"CALLAN MEGAN R & HARRY J","property_address":"9023 OLD MEADOW DR","property_city":"CHAGRIN FALLS","property_zip":"44023"}},{"type":"Feature","geometry":{"type":"Polygon","coordinates":[[[-81.3170305854253,41.3817273216113],[-81.3171010737954,41.3817261992533],[-81.3171276783566,41.3817661794153],[-81.3171509018025,41.3818073374387],[-81.3171706527119,41.3818495113131],[-81.3171868533325,41.381892535029],[-81.3171994398866,41.3819362392315],[-81.317208362822,41.3819804518866],[-81.3172135870078,41.3820249989586],[-81.3172150918721,41.3820697050951],[-81.3172099940333,41.3827061028659],[-81.3172071188587,41.3827271393708],[-81.3171989415634,41.382747370364],[-81.3171857655854,41.3827660451157],[-81.3171680798537,41.3827824706443],[-81.3171465406469,41.382796037432],[-81.3171219472396,41.3828062420426],[-81.317095212243,41.3828127058033],[-81.3170673277396,41.3828151888566],[-81.317018883136,41.3828159609787],[-81.3170305854253,41.3817273216113]]]},"properties":{"source_county":"Geauga","jurisdiction":"Bainbridge Township","parcel_id":"02-230791","owner_name":"PROCH LORI A & RONNE D","property_address":" OLD MEADOW DR","property_city":"CHAGRIN FALLS","property_zip":"44023"}},{"type":"Feature","geometry":{"type":"Polygon","coordinates":[[[-81.3249770649762,41.394157376249],[-81.3246041643092,41.3938812215624],[-81.3244297143643,41.3940420053954],[-81.3244248335736,41.393176436048],[-81.3238049974379,41.3927161630139],[-81.3226097996107,41.3927250111456],[-81.3225647575778,41.3926188415357],[-81.3226033972656,41.3925328965836],[-81.3227192173447,41.3925320397435],[-81.3236375720864,41.3925252406842],[-81.3249677928259,41.3925153800566],[-81.3249770649762,41.394157376249]]]},"properties":{"source_county":"Geauga","jurisdiction":"Bainbridge Township","parcel_id":"02-232970","owner_name":"SIPERKE PAUL J & CHARMAINE M","property_address":"17530 HASKINS RD","property_city":"CHAGRIN FALLS","property_zip":"44023"}},{"type":"Feature","geometry":{"type":"Polygon","coordinates":[[[-81.3239964695332,41.390292377745],[-81.323818611433,41.3902121726588],[-81.3238509933026,41.3901728739391],[-81.3239296208463,41.3902090117756],[-81.323916589879,41.3902243189388],[-81.3239283350892,41.390229927819],[-81.3239525484996,41.390200838216],[-81.3239681778992,41.390182060698],[-81.3240813415891,41.390234226387],[-81.3240244906205,41.3903050138953],[-81.3239964695332,41.390292377745]]]},"properties":{"source_county":"Geauga","jurisdiction":"Bainbridge Township","parcel_id":"02-233390","owner_name":"TORREY BARBARA TOD","property_address":"17604 EAST BROOK TRL","property_city":"CHAGRIN FALLS","property_zip":"44023"}},{"type":"Feature","geometry":{"type":"Polygon","coordinates":[[[-81.3198215553562,41.3827881720073],[-81.3198121083799,41.3839672665928],[-81.3192108923949,41.383974063537],[-81.3192200197314,41.3828352318173],[-81.3193692618303,41.3828161989512],[-81.3195194489135,41.3828019954835],[-81.3196703056187,41.3827926474558],[-81.3198215553562,41.3827881720073]]]},"properties":{"source_county":"Geauga","jurisdiction":"Bainbridge Township","parcel_id":"02-233410","owner_name":"REARDON TIMOTHY J & LINDA L","property_address":"9044 OLD MEADOW DR","property_city":"CHAGRIN FALLS","property_zip":"44023"}},{"type":"Feature","geometry":{"type":"Polygon","coordinates":[[[-81.3185998805859,41.3829263830458],[-81.3185914573796,41.3839810641098],[-81.3179502406616,41.3839883063946],[-81.3179584819738,41.382965698409],[-81.3180599903645,41.3829640816365],[-81.3181955534671,41.3829601771256],[-81.3183308406258,41.382952585109],[-81.3184656750613,41.3829413155071],[-81.3185998805859,41.3829263830458]]]},"properties":{"source_county":"Geauga","jurisdiction":"Bainbridge Township","parcel_id":"02-233411","owner_name":"OROSZ KATHLEEN & PTAK JIMMY H","property_address":"9080 OLD MEADOW DR","property_city":"CHAGRIN FALLS","property_zip":"44023"}},{"type":"Feature","geometry":{"type":"Polygon","coordinates":[[[-81.3166687622694,41.3829862249521],[-81.3173136216246,41.38297596347],[-81.3173054084748,41.3839955865486],[-81.3166605773568,41.3840028622237],[-81.3166687622694,41.3829862249521]]]},"properties":{"source_county":"Geauga","jurisdiction":"Bainbridge Township","parcel_id":"02-233412","owner_name":"CERTO JOSEPH M TOD & KATHLEEN E TOD","property_address":"9120 OLD MEADOW DR","property_city":"CHAGRIN FALLS","property_zip":"44023"}},{"type":"Feature","geometry":{"type":"Polygon","coordinates":[[[-81.3153717544075,41.3830068534887],[-81.3160202584403,41.3829965410363],[-81.316012100864,41.3840101762824],[-81.3157954975047,41.384012618855],[-81.3153636206404,41.384017486673],[-81.3153717544075,41.3830068534887]]]},"properties":{"source_county":"Geauga","jurisdiction":"Bainbridge Township","parcel_id":"02-233413","owner_name":"O DONNELL CYNTHIA G","property_address":"9150 OLD MEADOW DR","property_city":"CHAGRIN FALLS","property_zip":"44023"}},{"type":"Feature","geometry":{"type":"Polygon","coordinates":[[[-81.3140674607822,41.3830275828983],[-81.3147196070919,41.3830172204739],[-81.3147114998533,41.3840248336135],[-81.3140593800995,41.3840321777945],[-81.3140674607822,41.3830275828983]]]},"properties":{"source_county":"Geauga","jurisdiction":"Bainbridge Township","parcel_id":"02-233414","owner_name":"CURRINGTON TODD E TOD & STEFANIE A TOD","property_address":"9180 OLD MEADOW DR","property_city":"CHAGRIN FALLS","property_zip":"44023"}},{"type":"Feature","geometry":{"type":"Polygon","coordinates":[[[-81.3006499788996,41.3982382680376],[-81.3006461394072,41.396994752568],[-81.3011670367449,41.3971927078599],[-81.3011643960696,41.4020886441801],[-81.3006618755819,41.4020915574022],[-81.3006598291361,41.4014288242615],[-81.3006582410417,41.4009141961901],[-81.3006557407873,41.4001045562621],[-81.3006542999858,41.3996379842928],[-81.3006528592047,41.3991714122635],[-81.3006513336921,41.3986773948614],[-81.3006499788996,41.3982382680376]]]},"properties":{"source_county":"Geauga","jurisdiction":"Bainbridge Township","parcel_id":"02-235500","owner_name":"MARSEY EDWARD L","property_address":" WASHINGTON ST","property_city":"CHAGRIN FALLS","property_zip":"44023"}},{"type":"Feature","geometry":{"type":"Polygon","coordinates":[[[-81.3217385441828,41.3896433110828],[-81.3230292377444,41.3896337104973],[-81.3230293817937,41.3897109482099],[-81.3230300161723,41.3900508831035],[-81.3217389520374,41.3900604863133],[-81.3214633065816,41.3900625343587],[-81.3214626911709,41.3896453615],[-81.3217385441828,41.3896433110828]]]},"properties":{"source_county":"Geauga","jurisdiction":"Bainbridge Township","parcel_id":"02-236100","owner_name":"KRUSE TYSON K","property_address":"17633 HASKINS RD","property_city":"CHAGRIN FALLS","property_zip":"44023"}},{"type":"Feature","geometry":{"type":"Polygon","coordinates":[[[-81.3217389520374,41.3900604863133],[-81.3230300161723,41.3900508831035],[-81.3230305084389,41.3903147401634],[-81.323030569927,41.3903476747913],[-81.323030794594,41.3904680565627],[-81.3217393609785,41.3904773346166],[-81.3214639219195,41.3904793118386],[-81.3214633065816,41.3900625343587],[-81.3217389520374,41.3900604863133]]]},"properties":{"source_county":"Geauga","jurisdiction":"Bainbridge Township","parcel_id":"02-236200","owner_name":"BRAUN AARON & DALLENE","property_address":"17615 HASKINS RD","property_city":"CHAGRIN FALLS","property_zip":"44023"}},{"type":"Feature","geometry":{"type":"Polygon","coordinates":[[[-81.3248154806032,41.3913612479359],[-81.325113322548,41.3915942720372],[-81.3253460592515,41.3917763578095],[-81.3253482595623,41.3919465116954],[-81.3251108010195,41.3919482516155],[-81.3247651528765,41.3919507833837],[-81.3247002825769,41.39150146574],[-81.324722280567,41.3914883187406],[-81.3247424486006,41.391473601356],[-81.3247605898464,41.3914574572225],[-81.324776527254,41.3914400439009],[-81.3247901052821,41.3914215313387],[-81.3248011914163,41.3914021002114],[-81.3248096774627,41.3913819401591],[-81.3248154806032,41.3913612479359]]]},"properties":{"source_county":"Geauga","jurisdiction":"Bainbridge Township","parcel_id":"02-236700","owner_name":"USSERY CHARLES & DEBRA A","property_address":"8886 SOUTHBROOK TRL","property_city":"CHAGRIN FALLS","property_zip":"44023"}},{"type":"Feature","geometry":{"type":"Polygon","coordinates":[[[-81.3204398553561,41.3880108367207],[-81.3214603934159,41.3880032583844],[-81.3214612733106,41.3886847672402],[-81.3214619816701,41.3891650625947],[-81.3214626911709,41.3896453615],[-81.3214633065816,41.3900625343587],[-81.3214639219195,41.3904793118386],[-81.320443469635,41.390486630314],[-81.3204398553561,41.3880108367207]]]},"properties":{"source_county":"Geauga","jurisdiction":"Bainbridge Township","parcel_id":"02-237700","owner_name":"SAMSONAS MARK A & KAREN L CO TRUSTEES","property_address":"9010 BAINBRIDGE RD","property_city":"CHAGRIN FALLS","property_zip":"44023"}},{"type":"Feature","geometry":{"type":"Polygon","coordinates":[[[-81.3232264816552,41.3766127510749],[-81.3242976575286,41.376599781024],[-81.3242944204002,41.3770241905032],[-81.3232239649773,41.377024387618],[-81.3232264816552,41.3766127510749]]]},"properties":{"source_county":"Geauga","jurisdiction":"Bainbridge Township","parcel_id":"02-239670","owner_name":"SATCHELL LESLIE & DEJUAII I","property_address":"18110 HASKINS RD","property_city":"CHAGRIN FALLS","property_zip":"44023"}},{"type":"Feature","geometry":{"type":"Polygon","coordinates":[[[-81.3241461142533,41.3901915787427],[-81.324021175369,41.3901339444237],[-81.3239515875794,41.3901018445515],[-81.3239907110785,41.3900542078557],[-81.3240666208114,41.3900894598011],[-81.3240535683938,41.3901059680622],[-81.3240671203204,41.3901124525747],[-81.3240904244571,41.3900831826101],[-81.3241076707192,41.3900615218009],[-81.3242210732453,41.3901147019713],[-81.3241633084141,41.3901856522692],[-81.324154268675,41.390181614383],[-81.3241461142533,41.3901915787427]]]},"properties":{"source_county":"Geauga","jurisdiction":"Bainbridge Township","parcel_id":"02-248910","owner_name":"MULLINS RACHEL","property_address":"17608 EAST BROOK TRL","property_city":"CHAGRIN FALLS","property_zip":"44023"}},{"type":"Feature","geometry":{"type":"Polygon","coordinates":[[[-81.3238897630972,41.3902976418949],[-81.3238834411111,41.3902944897892],[-81.3238704070525,41.3903099680155],[-81.3237917855642,41.3902734871022],[-81.3238253447564,41.3902312835472],[-81.3238090781451,41.3902237421346],[-81.323818611433,41.3902121726588],[-81.3239964695332,41.390292377745],[-81.3239908712238,41.3902996979946],[-81.3240080366291,41.3903079347083],[-81.3239977694923,41.3903215544465],[-81.3240302966519,41.390336981154],[-81.3239883692432,41.3903885354874],[-81.3238655385485,41.3903274166711],[-81.3238897630972,41.3902976418949]]]},"properties":{"source_county":"Geauga","jurisdiction":"Bainbridge Township","parcel_id":"02-249350","owner_name":"WARD ANDREA M TOD","property_address":"17602 EAST BROOK TRL","property_city":"CHAGRIN FALLS","property_zip":"44023"}},{"type":"Feature","geometry":{"type":"Polygon","coordinates":[[[-81.3238529056056,41.3903713771703],[-81.3238393505831,41.3903650637018],[-81.3238225771062,41.3903858224441],[-81.3237566087475,41.3903551307188],[-81.323802272612,41.3902984688175],[-81.3238655385485,41.3903274166711],[-81.3239883692432,41.3903885354874],[-81.3240019273643,41.3903946769694],[-81.3239907399498,41.3904088024617],[-81.3239943534001,41.3904105546563],[-81.3239533615291,41.390460746077],[-81.3238258710893,41.3904054125996],[-81.3238529056056,41.3903713771703]]]},"properties":{"source_county":"Geauga","jurisdiction":"Bainbridge Township","parcel_id":"02-249710","owner_name":"ST JOHN KELLEE","property_address":"17598 EAST BROOK TRL","property_city":"CHAGRIN FALLS","property_zip":"44023"}},{"type":"Feature","geometry":{"type":"Polygon","coordinates":[[[-81.3069241014951,41.3993747567106],[-81.3069213932676,41.3988258064897],[-81.3078592488955,41.3990629677695],[-81.3078637544364,41.3997302175951],[-81.3070518601989,41.3994230872918],[-81.3069241014951,41.3993747567106]]]},"properties":{"source_county":"Geauga","jurisdiction":"Bainbridge Township","parcel_id":"02-250200","owner_name":"CHAGRIN VALLEY ATHLETIC CLUB INC","property_address":"17279 SNYDER RD","property_city":"CHAGRIN FALLS","property_zip":"44023"}},{"type":"Feature","geometry":{"type":"Polygon","coordinates":[[[-81.3131150539967,41.388065408914],[-81.3137747167806,41.3880603523062],[-81.313823083711,41.3913578176066],[-81.3136168272979,41.3913619859767],[-81.3131635013953,41.3913711469825],[-81.3131150539967,41.388065408914]]]},"properties":{"source_county":"Geauga","jurisdiction":"Bainbridge Township","parcel_id":"02-256250","owner_name":"RAYMER RORY L & JERI S","property_address":"9214 BAINBRIDGE RD","property_city":"CHAGRIN FALLS","property_zip":"44023"}},{"type":"Feature","geometry":{"type":"Polygon","coordinates":[[[-81.3079241509441,41.3945418436997],[-81.3103323548472,41.3945168506939],[-81.3103269666395,41.3948830679962],[-81.3079067895141,41.39490692199],[-81.3079241509441,41.3945418436997]]]},"properties":{"source_county":"Geauga","jurisdiction":"Bainbridge Township","parcel_id":"02-261460","owner_name":"NADRATOWSKI MICHAEL D TRUSTEE","property_address":"17446 SNYDER RD","property_city":"CHAGRIN FALLS","property_zip":"44023"}},{"type":"Feature","geometry":{"type":"Polygon","coordinates":[[[-81.3069089411894,41.3963014285432],[-81.3078405866401,41.3962989740903],[-81.3078420813519,41.3965202612502],[-81.3069100340393,41.3965228079637],[-81.3069089411894,41.3963014285432]]]},"properties":{"source_county":"Geauga","jurisdiction":"Bainbridge Township","parcel_id":"02-267830","owner_name":"BLAZEK JACLYNN","property_address":"17383 SNYDER RD","property_city":"CHAGRIN FALLS","property_zip":"44023"}},{"type":"Feature","geometry":{"type":"Polygon","coordinates":[[[-81.3242911658208,41.377435812259],[-81.3253755470462,41.3774476262533],[-81.3253809281587,41.3778592905069],[-81.3242879111846,41.3778474348695],[-81.3242890131087,41.3777080506345],[-81.3242911658208,41.377435812259]]]},"properties":{"source_county":"Geauga","jurisdiction":"Bainbridge Township","parcel_id":"02-270100","owner_name":"MOURITSEN LYNN R","property_address":"18071 MILLSTONE RD","property_city":"CHAGRIN FALLS","property_zip":"44023"}},{"type":"Feature","geometry":{"type":"Polygon","coordinates":[[[-81.3087928110778,41.3751299634315],[-81.3143999953528,41.3751056078218],[-81.3143946909428,41.3754683301902],[-81.30878659037,41.3755070930266],[-81.3087928110778,41.3751299634315]]]},"properties":{"source_county":"Geauga","jurisdiction":"Bainbridge Township","parcel_id":"02-270150","owner_name":"PAGONIS MARIOS K & KAREN","property_address":"18164 SNYDER RD","property_city":"CHAGRIN FALLS","property_zip":"44023"}},{"type":"Feature","geometry":{"type":"Polygon","coordinates":[[[-81.3033771534582,41.3963106645435],[-81.3039656973142,41.3963091326858],[-81.3039281651318,41.398241350529],[-81.3035016088539,41.398079864156],[-81.3032939750756,41.3980009644334],[-81.3034691851122,41.3972967217407],[-81.3033771534582,41.3963106645435]]]},"properties":{"source_county":"Geauga","jurisdiction":"Bainbridge Township","parcel_id":"02-271700","owner_name":"MILLER & SONS ENTERPRISES LLC","property_address":"9519 WASHINGTON ST","property_city":"CHAGRIN FALLS","property_zip":"44023"}},{"type":"Feature","geometry":{"type":"Polygon","coordinates":[[[-81.3066774976217,41.3849540373012],[-81.306696536068,41.3845405846299],[-81.3082861367091,41.3845820923848],[-81.3083075715479,41.3845826515796],[-81.308392785025,41.3845848757033],[-81.3083736939474,41.3849983243949],[-81.3083060258943,41.3849965581927],[-81.3066774976217,41.3849540373012]]]},"properties":{"source_county":"Geauga","jurisdiction":"Bainbridge Township","parcel_id":"02-272810","owner_name":"BURNETT KATHERINE N & BETH A","property_address":"17813 SNYDER RD","property_city":"CHAGRIN FALLS","property_zip":"44023"}},{"type":"Feature","geometry":{"type":"Polygon","coordinates":[[[-81.3066585458393,41.385365470933],[-81.3052283085296,41.3852973763633],[-81.3030097996173,41.3852815276849],[-81.3029981799348,41.3852814444931],[-81.303027064068,41.3835738333598],[-81.303035451896,41.3835748791297],[-81.3054684223598,41.38387819033],[-81.3061785352559,41.3840084385978],[-81.3072408200048,41.3841408499597],[-81.30671557547,41.3841271319217],[-81.306696536068,41.3845405846299],[-81.3066774976217,41.3849540373012],[-81.3083060258943,41.3849965581927],[-81.3083736939474,41.3849983243949],[-81.3083546965559,41.3854097595217],[-81.3083044869105,41.3854084485454],[-81.3066585458393,41.385365470933]]]},"properties":{"source_county":"Geauga","jurisdiction":"Bainbridge Township","parcel_id":"02-272820","owner_name":"GAMBLE WILLIE JR","property_address":"17791 SNYDER RD","property_city":"CHAGRIN FALLS","property_zip":"44023"}},{"type":"Feature","geometry":{"type":"Polygon","coordinates":[[[-81.3080025955415,41.3928922672754],[-81.3100930445945,41.3928756958984],[-81.3100718964914,41.3932856493875],[-81.3079829100973,41.39330623841],[-81.3080025955415,41.3928922672754]]]},"properties":{"source_county":"Geauga","jurisdiction":"Bainbridge Township","parcel_id":"02-281400","owner_name":"PFOUTS SHARON L TOD","property_address":"17504 SNYDER RD","property_city":"CHAGRIN FALLS","property_zip":"44023"}},{"type":"Feature","geometry":{"type":"Polygon","coordinates":[[[-81.3180180146793,41.3931690902249],[-81.3199020741824,41.3931497425224],[-81.319902981687,41.393598624642],[-81.3199035253437,41.3938675088393],[-81.3199047722219,41.3944850418575],[-81.3230955882309,41.3946199151828],[-81.3230901031411,41.3953465057037],[-81.319900867,41.395361395095],[-81.3198946997855,41.3961693590885],[-81.3180967010994,41.3961897208994],[-81.3175715322251,41.3961956628436],[-81.3166889591598,41.396205643587],[-81.3149621021817,41.396223911786],[-81.3132901700638,41.3962415733819],[-81.3132901944261,41.3962412179241],[-81.3132901963051,41.3962411801213],[-81.313462767439,41.3936634115967],[-81.3134927826912,41.3932154347434],[-81.3149793352554,41.3932002301116],[-81.3180180146793,41.3931690902249]]]},"properties":{"source_county":"Geauga","jurisdiction":"Bainbridge Township","parcel_id":"02-281700","owner_name":"PFOUTS DONNA J TRUSTEE","property_address":"17435 HASKINS RD","property_city":"CHAGRIN FALLS","property_zip":"44023"}},{"type":"Feature","geometry":{"type":"Polygon","coordinates":[[[-81.3235062247021,41.389988043041],[-81.3235174213586,41.3899734034875],[-81.3234324416664,41.3899358284264],[-81.3234724678619,41.3898854112453],[-81.323599830088,41.3899443585381],[-81.3235738440631,41.389977407682],[-81.3235828806742,41.3899816166823],[-81.3235968657182,41.3899639175469],[-81.3236773241504,41.3899995599599],[-81.3236400256083,41.3900470430902],[-81.3235649934002,41.3900136863766],[-81.3235062247021,41.389988043041]]]},"properties":{"source_county":"Geauga","jurisdiction":"Bainbridge Township","parcel_id":"02-283810","owner_name":"KROOGLIK CECILIA","property_address":"17609 EAST BROOK TRL","property_city":"CHAGRIN FALLS","property_zip":"44023"}},{"type":"Feature","geometry":{"type":"Polygon","coordinates":[[[-81.3236938187361,41.3867085302529],[-81.3250269359225,41.3867215395819],[-81.325021018747,41.3879767463914],[-81.3236832637219,41.3879867201868],[-81.3236938187361,41.3867085302529]]]},"properties":{"source_county":"Geauga","jurisdiction":"Bainbridge Township","parcel_id":"02-292870","owner_name":"CORDIAK ROBERT P TOD","property_address":"8909 BAINBRIDGE RD","property_city":"CHAGRIN FALLS","property_zip":"44023"}},{"type":"Feature","geometry":{"type":"Polygon","coordinates":[[[-81.3217368697785,41.3880012035781],[-81.3228829951791,41.3879926796824],[-81.3230273002501,41.3879916051637],[-81.3230277396527,41.3885833656984],[-81.3230278268621,41.3886731165575],[-81.3217376030484,41.3886827136127],[-81.3214612733106,41.3886847672402],[-81.3214603934159,41.3880032583844],[-81.3217368697785,41.3880012035781]]]},"properties":{"source_county":"Geauga","jurisdiction":"Bainbridge Township","parcel_id":"02-295200","owner_name":"BOLES STEPHANIE REEVE TOD","property_address":"17675 HASKINS RD","property_city":"CHAGRIN FALLS","property_zip":"44023"}},{"type":"Feature","geometry":{"type":"Polygon","coordinates":[[[-81.3082303365487,41.3881027379702],[-81.3101152916961,41.38808835814],[-81.3101158552477,41.388545071794],[-81.308209596191,41.3885389562379],[-81.3082303365487,41.3881027379702]]]},"properties":{"source_county":"Geauga","jurisdiction":"Bainbridge Township","parcel_id":"02-297320","owner_name":"RENARD DAVID M TOD & CYNTHIA L TOD","property_address":"17686 SNYDER RD","property_city":"CHAGRIN FALLS","property_zip":"44023"}},{"type":"Feature","geometry":{"type":"Polygon","coordinates":[[[-81.3242821774448,41.3785725708283],[-81.3242846565236,41.3782590565341],[-81.3253863081594,41.3782709538023],[-81.3253723755253,41.3783207890416],[-81.3253741205273,41.3783760460124],[-81.3253814606401,41.3784586744779],[-81.3253957727883,41.3785407830662],[-81.3254392945086,41.3786832819026],[-81.3242813982556,41.3786711445902],[-81.3242821774448,41.3785725708283]]]},"properties":{"source_county":"Geauga","jurisdiction":"Bainbridge Township","parcel_id":"02-298150","owner_name":"CHAGRIN VALLEY PROPERTY MANAGEMENT LLC","property_address":"18047 MILLSTONE RD","property_city":"CHAGRIN FALLS","property_zip":"44023"}},{"type":"Feature","geometry":{"type":"Polygon","coordinates":[[[-81.3236621946086,41.3905898823176],[-81.3236549707867,41.3905862059389],[-81.3236419396806,41.3906015130696],[-81.323562419217,41.3905643366739],[-81.3236015248399,41.3905177292285],[-81.3236747140437,41.3905522684874],[-81.3236775055507,41.3905490369424],[-81.3237326275653,41.3905748151416],[-81.3237177252404,41.3905928480742],[-81.3238017672638,41.3906319568852],[-81.3237579958866,41.3906846937064],[-81.3236956468579,41.3906554111129],[-81.3236329871869,41.3906259830466],[-81.3236379667687,41.3906198290128],[-81.3236621946086,41.3905898823176]]]},"properties":{"source_county":"Geauga","jurisdiction":"Bainbridge Township","parcel_id":"02-299710","owner_name":"CAMP & ASSOCIATES LLC","property_address":"17590 EAST BROOK TRL","property_city":"CHAGRIN FALLS","property_zip":"44023"}},{"type":"Feature","geometry":{"type":"Polygon","coordinates":[[[-81.3236226588658,41.3906605024129],[-81.3236091038057,41.390654188918],[-81.3235904742892,41.3906768162727],[-81.3235245088273,41.3906459524486],[-81.3235720013256,41.3905889661156],[-81.3236379667687,41.3906198290128],[-81.3236329871869,41.3906259830466],[-81.3236956468579,41.3906554111129],[-81.3236844808461,41.390668335493],[-81.3237630996675,41.3907049884442],[-81.3237173397704,41.3907605849311],[-81.323590500484,41.3906997204893],[-81.3236226588658,41.3906605024129]]]},"properties":{"source_county":"Geauga","jurisdiction":"Bainbridge Township","parcel_id":"02-299711","owner_name":"ORZECH TIMOTHY J TOD & LIESKE PAMELA J TOD","property_address":"17586 EAST BROOK TRL","property_city":"CHAGRIN FALLS","property_zip":"44023"}},{"type":"Feature","geometry":{"type":"Polygon","coordinates":[[[-81.3236774033856,41.3908091065953],[-81.3235942661268,41.390770349088],[-81.3235830939308,41.3907836164953],[-81.323569538849,41.390777302996],[-81.3234520984562,41.390720527709],[-81.3234902932059,41.3906739110473],[-81.3235689088613,41.3907107351988],[-81.3235558684849,41.3907265573258],[-81.3235649021336,41.3907309373953],[-81.323590500484,41.3906997204893],[-81.3237173397704,41.3907605849311],[-81.3236774033856,41.3908091065953]]]},"properties":{"source_county":"Geauga","jurisdiction":"Bainbridge Township","parcel_id":"02-299712","owner_name":"WORTMANN DAVID ALAN & SHEILA MARY","property_address":"17584 EAST BROOK TRL","property_city":"CHAGRIN FALLS","property_zip":"44023"}},{"type":"Feature","geometry":{"type":"Polygon","coordinates":[[[-81.3235018971475,41.3907891394318],[-81.3234883451532,41.390782653954],[-81.32347622808,41.3907977992522],[-81.3233967044078,41.3907607938134],[-81.323436736666,41.3907133385386],[-81.3234520984562,41.390720527709],[-81.323569538849,41.390777302996],[-81.3235611704433,41.3907866536843],[-81.323632562427,41.3908198014067],[-81.3235813365176,41.3908817252363],[-81.323522597762,41.3908543667273],[-81.3234692016148,41.3908294974852],[-81.3234786017241,41.3908178942658],[-81.3235018971475,41.3907891394318]]]},"properties":{"source_county":"Geauga","jurisdiction":"Bainbridge Township","parcel_id":"02-299713","owner_name":"WITMER ELAINE TRUSTEE","property_address":"17582 EAST BROOK TRL","property_city":"CHAGRIN FALLS","property_zip":"44023"}},{"type":"Feature","geometry":{"type":"Polygon","coordinates":[[[-81.3234569255577,41.390857988746],[-81.3234424686523,41.3908511509695],[-81.323426621329,41.3908710617641],[-81.3233597508322,41.3908398464546],[-81.3234054061655,41.3907836988234],[-81.3234786017241,41.3908178942658],[-81.3234692016148,41.3908294974852],[-81.323522597762,41.3908543667273],[-81.3235160668048,41.3908628778787],[-81.3235946765399,41.3909000459488],[-81.3235533159803,41.3909504243935],[-81.3234280470233,41.390893206648],[-81.3234569255577,41.390857988746]]]},"properties":{"source_county":"Geauga","jurisdiction":"Bainbridge Township","parcel_id":"02-299714","owner_name":"KRUSE LINDA PAAL TRUSTEE","property_address":"17580 EAST BROOK TRL","property_city":"CHAGRIN FALLS","property_zip":"44023"}},{"type":"Feature","geometry":{"type":"Polygon","coordinates":[[[-81.3234176981019,41.391063965291],[-81.3233869743879,41.3910495860398],[-81.3233841644239,41.3910538457895],[-81.3233055441846,41.3910171934728],[-81.3234126821306,41.3908861885432],[-81.3234280470233,41.390893206648],[-81.3235533159803,41.3909504243935],[-81.3234819601529,41.391037341269],[-81.3234693007063,41.3910318950579],[-81.3234581161496,41.3910458485274],[-81.3234400457326,41.39103725854],[-81.3234176981019,41.391063965291]]]},"properties":{"source_county":"Geauga","jurisdiction":"Bainbridge Township","parcel_id":"02-299715","owner_name":"TOMARO MARGARET D TRUSTEE","property_address":"17578 EAST BROOK TRL","property_city":"CHAGRIN FALLS","property_zip":"44023"}},{"type":"Feature","geometry":{"type":"Polygon","coordinates":[[[-81.3231144297748,41.3756856238907],[-81.3248105622114,41.3756749730129],[-81.3248110275974,41.3758198367314],[-81.324812208257,41.3761870832619],[-81.3231161247404,41.3762023400968],[-81.3231149682775,41.3758586290148],[-81.3231144297748,41.3756856238907]]]},"properties":{"source_county":"Geauga","jurisdiction":"Bainbridge Township","parcel_id":"02-305600","owner_name":"LABOUESSE CHRISTOPHE & JOANNA","property_address":"18132 HASKINS RD","property_city":"CHAGRIN FALLS","property_zip":"44023"}},{"type":"Feature","geometry":{"type":"Polygon","coordinates":[[[-81.3231161247404,41.3762023400968],[-81.324812208257,41.3761870832619],[-81.3248135133707,41.3765935517231],[-81.3242976575286,41.376599781024],[-81.3232264816552,41.3766127510749],[-81.3231174459006,41.3766140670304],[-81.3231174396486,41.3766120804012],[-81.3231163177227,41.3762703112477],[-81.3231161247404,41.3762023400968]]]},"properties":{"source_county":"Geauga","jurisdiction":"Bainbridge Township","parcel_id":"02-305610","owner_name":"MATES MICHAEL","property_address":"18122 HASKINS RD","property_city":"CHAGRIN FALLS","property_zip":"44023"}},{"type":"Feature","geometry":{"type":"Polygon","coordinates":[[[-81.3081107706102,41.3906173774506],[-81.310118410299,41.3906164949137],[-81.3101188903684,41.3910053482048],[-81.3080914095982,41.391024551406],[-81.3081093974823,41.3906462558296],[-81.3081107706102,41.3906173774506]]]},"properties":{"source_county":"Geauga","jurisdiction":"Bainbridge Township","parcel_id":"02-308450","owner_name":"ROTH STEVEN BRUCE TRUSTEE","property_address":"17590 SNYDER RD","property_city":"CHAGRIN FALLS","property_zip":"44023"}},{"type":"Feature","geometry":{"type":"Polygon","coordinates":[[[-81.3245321262365,41.3900379714268],[-81.3248293472786,41.3898552168686],[-81.3251244859779,41.3900274750734],[-81.3253610465869,41.3901655424692],[-81.3253125404175,41.3902194991479],[-81.3252702782116,41.3902763563323],[-81.3252345638202,41.3903357052606],[-81.3252056540223,41.3903971192562],[-81.3251220879697,41.390364129058],[-81.3244397708271,41.3900947575954],[-81.3245321262365,41.3900379714268]]]},"properties":{"source_county":"Geauga","jurisdiction":"Bainbridge Township","parcel_id":"02-310767","owner_name":"GAMELLIA ANTHONY J III","property_address":"17619 PLUM CREEK TRL","property_city":"CHAGRIN FALLS","property_zip":"44023"}},{"type":"Feature","geometry":{"type":"Polygon","coordinates":[[[-81.3234334385959,41.3901344934899],[-81.3234408897384,41.3901254774912],[-81.3233613361706,41.3900901872093],[-81.3234107611008,41.3900270447698],[-81.3234731401486,41.3900546114332],[-81.3235180835788,41.390089034934],[-81.3234938404869,41.3901198396473],[-81.323512824776,41.3901282669148],[-81.323525889624,41.3901110726396],[-81.3236045414933,41.3901458385469],[-81.3235653961445,41.3901946761928],[-81.3235156762077,41.3901725557888],[-81.3234334385959,41.3901344934899]]]},"properties":{"source_county":"Geauga","jurisdiction":"Bainbridge Township","parcel_id":"02-311001","owner_name":"SARALLI TAYLOR A","property_address":"17603 EAST BROOK TRL","property_city":"CHAGRIN FALLS","property_zip":"44023"}},{"type":"Feature","geometry":{"type":"Polygon","coordinates":[[[-81.3079829100973,41.39330623841],[-81.3100718964914,41.3932856493875],[-81.3100506734124,41.393697086126],[-81.3079633448672,41.3937176577422],[-81.3079708876327,41.3935590554275],[-81.3079829100973,41.39330623841]]]},"properties":{"source_county":"Geauga","jurisdiction":"Bainbridge Township","parcel_id":"02-311300","owner_name":"RUDNAY RICHARD WILLIAM & DONNA M TRUSTEES","property_address":"17490 SNYDER RD","property_city":"CHAGRIN FALLS","property_zip":"44023"}},{"type":"Feature","geometry":{"type":"Polygon","coordinates":[[[-81.3242855412502,41.3781471713296],[-81.3242879111846,41.3778474348695],[-81.3253809281587,41.3778592905069],[-81.3253863081594,41.3782709538023],[-81.3242846565236,41.3782590565341],[-81.3242855412502,41.3781471713296]]]},"properties":{"source_county":"Geauga","jurisdiction":"Bainbridge Township","parcel_id":"02-311810","owner_name":"SILLA LORENE A","property_address":"18063 MILLSTONE RD","property_city":"CHAGRIN FALLS","property_zip":"44023"}},{"type":"Feature","geometry":{"type":"Polygon","coordinates":[[[-81.3100506734124,41.393697086126],[-81.3103686359249,41.3936939490737],[-81.3103504969212,41.3941053544464],[-81.3079437805877,41.394129077037],[-81.3079633448672,41.3937176577422],[-81.3100506734124,41.393697086126]]]},"properties":{"source_county":"Geauga","jurisdiction":"Bainbridge Township","parcel_id":"02-314100","owner_name":"SOMERS MICHAEL J","property_address":"17476 SNYDER RD","property_city":"CHAGRIN FALLS","property_zip":"44023"}},{"type":"Feature","geometry":{"type":"Polygon","coordinates":[[[-81.3198916706193,41.3880149034225],[-81.3204398553561,41.3880108367207],[-81.320443469635,41.390486630314],[-81.3198966699094,41.3904894659276],[-81.3198916706193,41.3880149034225]]]},"properties":{"source_county":"Geauga","jurisdiction":"Bainbridge Township","parcel_id":"02-318900","owner_name":"MESEC JEFFREY J & SANDRA A","property_address":"9022 BAINBRIDGE RD","property_city":"CHAGRIN FALLS","property_zip":"44023"}},{"type":"Feature","geometry":{"type":"Polygon","coordinates":[[[-81.3134166298678,41.3777815970988],[-81.3134163292124,41.3783303730396],[-81.3086917440218,41.3783267204933],[-81.3087054032553,41.3780517743197],[-81.3087099887361,41.3779512836189],[-81.3087179236174,41.3777779798926],[-81.3134166298678,41.3777815970988]]]},"properties":{"source_county":"Geauga","jurisdiction":"Bainbridge Township","parcel_id":"02-319600","owner_name":"MATIC KRISTINA IVANA & KATHY","property_address":"18060 SNYDER RD","property_city":"CHAGRIN FALLS","property_zip":"44023"}},{"type":"Feature","geometry":{"type":"Polygon","coordinates":[[[-81.3234431403743,41.3902541628741],[-81.3233102521463,41.3901949998765],[-81.3233428925392,41.3901533022222],[-81.3233139655613,41.3901403135998],[-81.3233428573134,41.3901044096561],[-81.3233726879764,41.3901177505533],[-81.323378292469,41.390110088196],[-81.3234334385959,41.3901344934899],[-81.3235156762077,41.3901725557888],[-81.3234895741527,41.3902053993151],[-81.3234986169188,41.3902092661845],[-81.3235014176456,41.3902055196369],[-81.3235502357738,41.3902271166855],[-81.3235017587211,41.3902882111113],[-81.3234384837725,41.3902597771649],[-81.3234431403743,41.3902541628741]]]},"properties":{"source_county":"Geauga","jurisdiction":"Bainbridge Township","parcel_id":"02-320501","owner_name":"PETTI CHRISTINE P TRUSTEE","property_address":"17601 EAST BROOK TRL","property_city":"CHAGRIN FALLS","property_zip":"44023"}},{"type":"Feature","geometry":{"type":"Polygon","coordinates":[[[-81.3066185534696,41.3861836184737],[-81.3066385497708,41.3857745451779],[-81.3083029497742,41.3858199723561],[-81.308335712062,41.385820866042],[-81.308316728526,41.3862319725255],[-81.3083014130791,41.3862315366495],[-81.3066185534696,41.3861836184737]]]},"properties":{"source_county":"Geauga","jurisdiction":"Bainbridge Township","parcel_id":"02-323400","owner_name":"SERSA JAMES V","property_address":"17771 SNYDER RD","property_city":"CHAGRIN FALLS","property_zip":"44023"}},{"type":"Feature","geometry":{"type":"Polygon","coordinates":[[[-81.3052486187011,41.3865670926742],[-81.3052283085296,41.3852973763633],[-81.3066585458393,41.385365470933],[-81.3066385497708,41.3857745451779],[-81.3066185534696,41.3861836184737],[-81.3066004300508,41.3865444877341],[-81.3065907582483,41.3867370740953],[-81.3052514662072,41.3867451394221],[-81.3052486187011,41.3865670926742]]]},"properties":{"source_county":"Geauga","jurisdiction":"Bainbridge Township","parcel_id":"02-323410","owner_name":"SERSA JAMES V","property_address":" SNYDER RD","property_city":"CHAGRIN FALLS","property_zip":"44023"}},{"type":"Feature","geometry":{"type":"Polygon","coordinates":[[[-81.319902981687,41.393598624642],[-81.3219000438097,41.3934881559214],[-81.3229585472188,41.3935469428523],[-81.3230666209002,41.3938017963268],[-81.3231011317771,41.3938830492307],[-81.323100248542,41.3940024002323],[-81.3199035253437,41.3938675088393],[-81.319902981687,41.393598624642]]]},"properties":{"source_county":"Geauga","jurisdiction":"Bainbridge Township","parcel_id":"02-323500","owner_name":"APICELLA ANNETTE","property_address":"17485 HASKINS RD","property_city":"CHAGRIN FALLS","property_zip":"44023"}},{"type":"Feature","geometry":{"type":"Polygon","coordinates":[[[-81.319902981687,41.393598624642],[-81.3199020741824,41.3931497425224],[-81.322777484076,41.3931201558431],[-81.3229585472188,41.3935469428523],[-81.3219000438097,41.3934881559214],[-81.319902981687,41.393598624642]]]},"properties":{"source_county":"Geauga","jurisdiction":"Bainbridge Township","parcel_id":"02-323501","owner_name":"STECH SAMANATHA N","property_address":"17499 HASKINS RD","property_city":"CHAGRIN FALLS","property_zip":"44023"}},{"type":"Feature","geometry":{"type":"Polygon","coordinates":[[[-81.31763353203,41.3817177171993],[-81.318234660559,41.3817081379216],[-81.318226087807,41.3827936077772],[-81.3181645090151,41.382796427408],[-81.3180555376511,41.382799431449],[-81.3176231185325,41.3828063219606],[-81.31763353203,41.3817177171993]]]},"properties":{"source_county":"Geauga","jurisdiction":"Bainbridge Township","parcel_id":"02-326580","owner_name":"KEARES PETER & MEZZOPERA MICHALENA","property_address":"17906 HARVEST DR","property_city":"CHAGRIN FALLS","property_zip":"44023"}},{"type":"Feature","geometry":{"type":"Polygon","coordinates":[[[-81.3216516790115,41.3829072778646],[-81.3222819647261,41.3828972123403],[-81.3222736679603,41.3839394040583],[-81.3216434116071,41.3839465423224],[-81.3216516790115,41.3829072778646]]]},"properties":{"source_county":"Geauga","jurisdiction":"Bainbridge Township","parcel_id":"02-326590","owner_name":"SUSZKOWSKI EDWARD R & NOREEN B","property_address":"8960 OLD MEADOW DR","property_city":"CHAGRIN FALLS","property_zip":"44023"}},{"type":"Feature","geometry":{"type":"Polygon","coordinates":[[[-81.3173410406773,41.3817223764999],[-81.31763353203,41.3817177171993],[-81.3176231185325,41.3828063219606],[-81.3175752576143,41.3828070840661],[-81.317546604826,41.382805058143],[-81.3175190389905,41.382798831836],[-81.3174936346557,41.382788647854],[-81.3174713821109,41.3827749031802],[-81.3174531487835,41.3827581335976],[-81.3174396454254,41.3827389928033],[-81.3174313984078,41.3827182269259],[-81.3174287292031,41.3826966454411],[-81.317433740676,41.3820707046289],[-81.3174325855308,41.3820260018667],[-81.3174284085853,41.3819814014515],[-81.3174212206903,41.3819370191797],[-81.3174110405139,41.3818929702811],[-81.3173978944928,41.3818493691197],[-81.3173818167638,41.381806328897],[-81.3173628490749,41.3817639613577],[-81.3173410406773,41.3817223764999]]]},"properties":{"source_county":"Geauga","jurisdiction":"Bainbridge Township","parcel_id":"02-326591","owner_name":"KEARES PETER & MEZZOPERA MICHALENA","property_address":" HARVEST DR","property_city":"CHAGRIN FALLS","property_zip":"44023"}},{"type":"Feature","geometry":{"type":"Polygon","coordinates":[[[-81.3069100340393,41.3965228079637],[-81.3078420813519,41.3965202612502],[-81.3078435772328,41.396741879802],[-81.3069111261161,41.3967444278032],[-81.3069100340393,41.3965228079637]]]},"properties":{"source_county":"Geauga","jurisdiction":"Bainbridge Township","parcel_id":"02-329200","owner_name":"SKALA DEBRA M TOD","property_address":"17375 SNYDER RD","property_city":"CHAGRIN FALLS","property_zip":"44023"}},{"type":"Feature","geometry":{"type":"MultiPolygon","coordinates":[[[[-81.3157905252528,41.385194439192],[-81.3164990677398,41.3851866910646],[-81.3208917181152,41.3857333042768],[-81.3157879671814,41.3858024004162],[-81.3157905252528,41.385194439192]]],[[[-81.3228288281945,41.3851172807662],[-81.3228671332296,41.3851168596904],[-81.3228173966027,41.3852760255085],[-81.3216364612878,41.3851303823222],[-81.3228288281945,41.3851172807662]]]]},"properties":{"source_county":"Geauga","jurisdiction":"Bainbridge Township","parcel_id":"02-329300","owner_name":"CG II DEVELOPERS LLC","property_address":" HASKINS RD","property_city":"CHAGRIN FALLS","property_zip":"44023"}},{"type":"Feature","geometry":{"type":"Polygon","coordinates":[[[-81.3232151102293,41.37813717662],[-81.3242855412502,41.3781471713296],[-81.3242846565236,41.3782590565341],[-81.3242821774448,41.3785725708283],[-81.3232117036313,41.3785625757243],[-81.3232151102293,41.37813717662]]]},"properties":{"source_county":"Geauga","jurisdiction":"Bainbridge Township","parcel_id":"02-334950","owner_name":"DONNELLY CATHERINE A","property_address":"18048 HASKINS RD","property_city":"CHAGRIN FALLS","property_zip":"44023"}},{"type":"Feature","geometry":{"type":"Polygon","coordinates":[[[-81.3066385497708,41.3857745451779],[-81.3066585458393,41.385365470933],[-81.3083044869105,41.3854084485454],[-81.3083546965559,41.3854097595217],[-81.3083500111071,41.3855112197579],[-81.308335712062,41.385820866042],[-81.3083029497742,41.3858199723561],[-81.3066385497708,41.3857745451779]]]},"properties":{"source_county":"Geauga","jurisdiction":"Bainbridge Township","parcel_id":"02-337700","owner_name":"KDDS PROPERTIES LLC","property_address":"17785 SNYDER RD","property_city":"CHAGRIN FALLS","property_zip":"44023"}},{"type":"Feature","geometry":{"type":"Polygon","coordinates":[[[-81.3221164898076,41.3816461909173],[-81.3229683783517,41.3816325773422],[-81.3229605991272,41.3826144122916],[-81.3229577170244,41.3826354428484],[-81.3229495357555,41.3826556673019],[-81.3229363587533,41.3826743355416],[-81.3229186747398,41.3826907551754],[-81.3228971396003,41.3827043172098],[-81.3228725520577,41.3827145186374],[-81.3228458240476,41.3827209810936],[-81.3228179468955,41.3827234648898],[-81.322107475096,41.3827348140773],[-81.3221164898076,41.3816461909173]]]},"properties":{"source_county":"Geauga","jurisdiction":"Bainbridge Township","parcel_id":"02-340090","owner_name":"GHOLSON TINA PEERY","property_address":"17885 HASKINS RD","property_city":"CHAGRIN FALLS","property_zip":"44023"}},{"type":"Feature","geometry":{"type":"Polygon","coordinates":[[[-81.3083260527779,41.3796345142662],[-81.3086266984753,41.3796328146047],[-81.3086231883718,41.37970333589],[-81.3085860682024,41.3804489832799],[-81.3083230060852,41.380450469934],[-81.3070253410162,41.380457796883],[-81.3070589517316,41.3797727877577],[-81.3070653868329,41.379641632442],[-81.3083260527779,41.3796345142662]]]},"properties":{"source_county":"Geauga","jurisdiction":"Bainbridge Township","parcel_id":"02-342270","owner_name":"ACKER MICHAEL T","property_address":"17981 SNYDER RD","property_city":"CHAGRIN FALLS","property_zip":"44023"}},{"type":"Feature","geometry":{"type":"Polygon","coordinates":[[[-81.3193940955114,41.3754385174412],[-81.3231134177325,41.3753862364509],[-81.3231144297748,41.3756856238907],[-81.3231149682775,41.3758586290148],[-81.3193759402282,41.3759111317271],[-81.3184935708892,41.3759235038688],[-81.3184915776079,41.3754511856413],[-81.3193940955114,41.3754385174412]]]},"properties":{"source_county":"Geauga","jurisdiction":"Bainbridge Township","parcel_id":"02-351400","owner_name":"MORRIS RHONDA JEAN","property_address":"18145 HASKINS RD","property_city":"CHAGRIN FALLS","property_zip":"44023"}},{"type":"Feature","geometry":{"type":"Polygon","coordinates":[[[-81.3194093210274,41.3750421624614],[-81.3231121208811,41.3749907722778],[-81.3231130791903,41.3752739397804],[-81.3231134177325,41.3753862364509],[-81.3193940955114,41.3754385174412],[-81.3184915776079,41.3754511856413],[-81.3178215497779,41.3754605863058],[-81.3178202814091,41.3750641800938],[-81.3194093210274,41.3750421624614]]]},"properties":{"source_county":"Geauga","jurisdiction":"Bainbridge Township","parcel_id":"02-351410","owner_name":"VILICS BRIAN M","property_address":" HASKINS RD","property_city":"CHAGRIN FALLS","property_zip":"44023"}},{"type":"Feature","geometry":{"type":"Polygon","coordinates":[[[-81.3119565442787,41.3962553757347],[-81.3119492778641,41.3953994680904],[-81.3103189889093,41.395425228573],[-81.3103243011904,41.3950641975726],[-81.3103269666395,41.3948830679962],[-81.3103323548472,41.3945168506939],[-81.3103504969212,41.3941053544464],[-81.3103686359249,41.3936939490737],[-81.313462767439,41.3936634115967],[-81.3132901963051,41.3962411801213],[-81.3132901944261,41.3962412179241],[-81.3132901700638,41.3962415733819],[-81.3130946780345,41.3962436368798],[-81.3119565465988,41.396255644115],[-81.3119565454062,41.3962555117255],[-81.3119565442787,41.3962553757347]]]},"properties":{"source_county":"Geauga","jurisdiction":"Bainbridge Township","parcel_id":"02-352600","owner_name":"KOLTAS GREGORY W & LINDA","property_address":" SNYDER RD","property_city":"CHAGRIN FALLS","property_zip":"44023"}},{"type":"Feature","geometry":{"type":"Polygon","coordinates":[[[-81.3098602439277,41.3960992360364],[-81.30986873503,41.3956843638195],[-81.3088480000515,41.3957084376969],[-81.307867571749,41.3957315522889],[-81.3078809410898,41.3954504358522],[-81.3103189889093,41.395425228573],[-81.3119492778641,41.3953994680904],[-81.3119565442787,41.3962553757347],[-81.3119565454062,41.3962555117255],[-81.3119565465988,41.396255644115],[-81.3118499556317,41.3962567686484],[-81.3112770076407,41.3962628087504],[-81.3111210612834,41.3962644517234],[-81.3098565897292,41.3962777690858],[-81.3098565921116,41.3962776376336],[-81.3098602439277,41.3960992360364]]]},"properties":{"source_county":"Geauga","jurisdiction":"Bainbridge Township","parcel_id":"02-352700","owner_name":"KOLTAS GREGORY W & LINDA","property_address":"17410 SNYDER RD","property_city":"CHAGRIN FALLS","property_zip":"44023"}},{"type":"Feature","geometry":{"type":"Polygon","coordinates":[[[-81.3237608254218,41.391958134656],[-81.3244871252337,41.3915384588818],[-81.3245149822441,41.3915409683299],[-81.3245430320666,41.3915413977315],[-81.3245710014914,41.391539742904],[-81.3245986180915,41.3915360199657],[-81.3246256128769,41.3915302651787],[-81.3246517229142,41.3915225345955],[-81.3246766938877,41.3915129035132],[-81.3247002825769,41.39150146574],[-81.3247651528765,41.3919507833837],[-81.3237608254218,41.391958134656]]]},"properties":{"source_county":"Geauga","jurisdiction":"Bainbridge Township","parcel_id":"02-358290","owner_name":"SYSLO JEFFREY C & SUREAU SOPHIE","property_address":"8896 SOUTHBROOK TRL","property_city":"CHAGRIN FALLS","property_zip":"44023"}},{"type":"Feature","geometry":{"type":"Polygon","coordinates":[[[-81.3083036204301,41.3865158344772],[-81.3101004577393,41.3864883202199],[-81.3101209197662,41.3880883151104],[-81.3082303389398,41.3881027379948],[-81.3082722446654,41.3871953003545],[-81.3083036204301,41.3865158344772]]]},"properties":{"source_county":"Geauga","jurisdiction":"Bainbridge Township","parcel_id":"02-359200","owner_name":"AUSTIN ROBERT J & CARMEN M CO TRUSTEES","property_address":" BAINBRIDGE RD","property_city":"CHAGRIN FALLS","property_zip":"44023"}},{"type":"Feature","geometry":{"type":"Polygon","coordinates":[[[-81.308392785025,41.3845848757033],[-81.3084066068536,41.3842855543668],[-81.3089285878828,41.3843506765423],[-81.3091591698467,41.3843098929651],[-81.3105791661332,41.3844870356499],[-81.3107590244246,41.3845929300038],[-81.3110465146415,41.3845453301816],[-81.3133929913426,41.3848379989169],[-81.3133850017111,41.3855284218607],[-81.3083500111071,41.3855112197579],[-81.3083546965559,41.3854097595217],[-81.3083736939474,41.3849983243949],[-81.308392785025,41.3845848757033]]]},"properties":{"source_county":"Geauga","jurisdiction":"Bainbridge Township","parcel_id":"02-359300","owner_name":"AUSTIN ROBERT J & CARMEN M CO TRUSTEES","property_address":"17790 SNYDER RD","property_city":"AUBURN TOWNSHIP","property_zip":"44023"}},{"type":"Feature","geometry":{"type":"Polygon","coordinates":[[[-81.3193206153148,41.3799246639685],[-81.3230916609291,41.3798698944995],[-81.3230842347364,41.3808075851364],[-81.3193649785523,41.3808667840654],[-81.319314421493,41.3806887636905],[-81.3193182933789,41.3802112189505],[-81.3193206153148,41.3799246639685]]]},"properties":{"source_county":"Geauga","jurisdiction":"Bainbridge Township","parcel_id":"02-363300","owner_name":"JUNG PAUL & ALLISON B","property_address":"17969 HASKINS RD","property_city":"CHAGRIN FALLS","property_zip":"44023"}},{"type":"Feature","geometry":{"type":"Polygon","coordinates":[[[-81.3232084077204,41.3789742527618],[-81.3242789217128,41.3789842482351],[-81.3242781562531,41.3790811192277],[-81.3242756671194,41.3793959265086],[-81.3232048140999,41.3793859276288],[-81.3232084077204,41.3789742527618]]]},"properties":{"source_county":"Geauga","jurisdiction":"Bainbridge Township","parcel_id":"02-365000","owner_name":"CREGAR JAMES B & HEIDI HENRY","property_address":"18010 HASKINS RD","property_city":"CHAGRIN FALLS","property_zip":"44023"}},{"type":"Feature","geometry":{"type":"Polygon","coordinates":[[[-81.3243948119661,41.3993499713119],[-81.3250184674169,41.3995657010143],[-81.3249154766454,41.3997944325811],[-81.3242486357567,41.3996746478101],[-81.3242799505107,41.3995921908545],[-81.3243147761645,41.3995105361199],[-81.3243530765681,41.399429768336],[-81.3243948119661,41.3993499713119]]]},"properties":{"source_county":"Geauga","jurisdiction":"Bainbridge Township","parcel_id":"02-371800","owner_name":"MARTIN PAUL GEORGE TOD & DIANE PATRICIA TOD","property_address":"17266 LONG MEADOW TRL","property_city":"CHAGRIN FALLS","property_zip":"44023"}},{"type":"Feature","geometry":{"type":"Polygon","coordinates":[[[-81.3231130791903,41.3752739397804],[-81.3248092571504,41.3752685035513],[-81.3248105622114,41.3756749730129],[-81.3231144297748,41.3756856238907],[-81.3231134177325,41.3753862364509],[-81.3231130791903,41.3752739397804]]]},"properties":{"source_county":"Geauga","jurisdiction":"Bainbridge Township","parcel_id":"02-373200","owner_name":"TRUMBLAK ANDY","property_address":" HASKINS RD","property_city":"CHAGRIN FALLS","property_zip":"44023"}},{"type":"Feature","geometry":{"type":"Polygon","coordinates":[[[-81.3231117296084,41.3748622673417],[-81.3248079508941,41.3748620349335],[-81.3248092571504,41.3752685035513],[-81.3231130791903,41.3752739397804],[-81.3231121208811,41.3749907722778],[-81.3231117296084,41.3748622673417]]]},"properties":{"source_county":"Geauga","jurisdiction":"Bainbridge Township","parcel_id":"02-373300","owner_name":"TRUMBLAK ANDY","property_address":"18166 HASKINS RD","property_city":"CHAGRIN FALLS","property_zip":"44023"}},{"type":"Feature","geometry":{"type":"Polygon","coordinates":[[[-81.3193759402282,41.3759111317271],[-81.3231149682775,41.3758586290148],[-81.3231161247404,41.3762023400968],[-81.3231163177227,41.3762703112477],[-81.3208818653061,41.3763017014296],[-81.3193601287639,41.376322704082],[-81.3193498109685,41.3763228465141],[-81.3178243842388,41.3763444118274],[-81.3178230660719,41.3759329006231],[-81.3184935708892,41.3759235038688],[-81.3193759402282,41.3759111317271]]]},"properties":{"source_county":"Geauga","jurisdiction":"Bainbridge Township","parcel_id":"02-380750","owner_name":"DAVIDSON STUART J TOD & ELIZABETH J TOD","property_address":"18135 HASKINS RD","property_city":"CHAGRIN FALLS","property_zip":"44023"}},{"type":"Feature","geometry":{"type":"Polygon","coordinates":[[[-81.3069133126668,41.3971876683666],[-81.3078465702043,41.3971851177778],[-81.3078489260423,41.397534006496],[-81.3078499977674,41.3976928251837],[-81.3069158176815,41.3976953339516],[-81.3069133126668,41.3971876683666]]]},"properties":{"source_county":"Geauga","jurisdiction":"Bainbridge Township","parcel_id":"02-381200","owner_name":"WILSON LUTHER TOD","property_address":"17339 SNYDER RD","property_city":"CHAGRIN FALLS","property_zip":"44023"}},{"type":"Feature","geometry":{"type":"Polygon","coordinates":[[[-81.3239616878094,41.3906540787716],[-81.3239762127002,41.3906370865844],[-81.3243728109627,41.3911514821993],[-81.3243505934855,41.3911643477103],[-81.3243301662784,41.3911787982056],[-81.3243117278945,41.3911946932269],[-81.324295457556,41.3912118782747],[-81.324281513412,41.3912301863108],[-81.3242700310015,41.3912494393811],[-81.3242611219357,41.3912694503458],[-81.3242548728134,41.391290024698],[-81.3236211394655,41.3910524872531],[-81.3239616878094,41.3906540787716]]]},"properties":{"source_county":"Geauga","jurisdiction":"Bainbridge Township","parcel_id":"02-385608","owner_name":"TAYLOR PAUL E","property_address":"8905 SOUTHBROOK TRL","property_city":"CHAGRIN FALLS","property_zip":"44023"}},{"type":"Feature","geometry":{"type":"Polygon","coordinates":[[[-81.3156494411215,41.3997277178162],[-81.3176056644424,41.399345042881],[-81.3176155996933,41.4002616917168],[-81.3160902609958,41.4002710925655],[-81.3156716651024,41.3997560837336],[-81.3156494411215,41.3997277178162]]]},"properties":{"source_county":"Geauga","jurisdiction":"Bainbridge Township","parcel_id":"02-386724","owner_name":"KALE GREGORY AKA GREGORY A & VICTORIA AKA VICTORIA M","property_address":"17244 BITTERSWEET TRL","property_city":"CHAGRIN FALLS","property_zip":"44023"}},{"type":"Feature","geometry":{"type":"Polygon","coordinates":[[[-81.3153908216668,41.3991914909778],[-81.3175982159104,41.3986578033233],[-81.3176056644424,41.399345042881],[-81.3156494411215,41.3997277178162],[-81.3156166814942,41.3996815830298],[-81.3155871206619,41.3996342391915],[-81.3155608370645,41.3995858119399],[-81.3155379004446,41.3995364297882],[-81.3153908216668,41.3991914909778]]]},"properties":{"source_county":"Geauga","jurisdiction":"Bainbridge Township","parcel_id":"02-386725","owner_name":"SNAVELY STEPHANIE A & CLIFFORD","property_address":"17282 BITTERSWEET TRL","property_city":"CHAGRIN FALLS","property_zip":"44023"}},{"type":"Feature","geometry":{"type":"Polygon","coordinates":[[[-81.315167977537,41.3986688563212],[-81.3175919838242,41.3980828110525],[-81.3175982159104,41.3986578033233],[-81.3153908216668,41.3991914909778],[-81.315167977537,41.3986688563212]]]},"properties":{"source_county":"Geauga","jurisdiction":"Bainbridge Township","parcel_id":"02-386726","owner_name":"ZARANEC JOHN M & SARA E","property_address":"17310 BITTERSWEET TRL","property_city":"CHAGRIN FALLS","property_zip":"44023"}},{"type":"Feature","geometry":{"type":"Polygon","coordinates":[[[-81.3149562792546,41.3981723531145],[-81.3175860644186,41.3975365540023],[-81.3175919838242,41.3980828110525],[-81.315167977537,41.3986688563212],[-81.3149562792546,41.3981723531145]]]},"properties":{"source_county":"Geauga","jurisdiction":"Bainbridge Township","parcel_id":"02-386727","owner_name":"HOLTREY DEBBIE","property_address":"17332 BITTERSWEET TRL","property_city":"CHAGRIN FALLS","property_zip":"44023"}},{"type":"Feature","geometry":{"type":"Polygon","coordinates":[[[-81.3148718747445,41.3979386418026],[-81.3175766262238,41.396665737224],[-81.3175860644186,41.3975365540023],[-81.3149562792546,41.3981723531145],[-81.3148774412596,41.3979874486471],[-81.3148709966059,41.3979632819888],[-81.3148718747445,41.3979386418026]]]},"properties":{"source_county":"Geauga","jurisdiction":"Bainbridge Township","parcel_id":"02-386728","owner_name":"MILNER NANCY TOD","property_address":"17350 BITTERSWEET TRL","property_city":"CHAGRIN FALLS","property_zip":"44023"}},{"type":"Feature","geometry":{"type":"Polygon","coordinates":[[[-81.3166889591598,41.396205643587],[-81.3175715322251,41.3961956628436],[-81.3175766262238,41.396665737224],[-81.3148718747445,41.3979386418026],[-81.3148804627193,41.3979139317306],[-81.3148964013886,41.3978913847083],[-81.3149176818112,41.3978639387517],[-81.3149330977066,41.3978343533142],[-81.3149422815998,41.3978033336517],[-81.314945014575,41.3977716192079],[-81.3149412314931,41.3977399659875],[-81.3149310225439,41.3977091285349],[-81.3149146310952,41.3976798419473],[-81.3148924478905,41.3976528043516],[-81.3166889591598,41.396205643587]]]},"properties":{"source_county":"Geauga","jurisdiction":"Bainbridge Township","parcel_id":"02-386729","owner_name":"TUTOR STEPHEN JAMES JR & PHILLIPS REITHA R","property_address":"17370 BITTERSWEET TRL","property_city":"CHAGRIN FALLS","property_zip":"44023"}},{"type":"Feature","geometry":{"type":"Polygon","coordinates":[[[-81.3149621021817,41.396223911786],[-81.3166889591598,41.396205643587],[-81.3148924478905,41.3976528043516],[-81.3148752514622,41.3976368142422],[-81.3148560209587,41.3976221966912],[-81.3148349485175,41.3976090977462],[-81.3148122446791,41.3975976482815],[-81.3147881362833,41.3975879626912],[-81.3147628642027,41.3975801377462],[-81.3147366809364,41.3975742516272],[-81.3147098480869,41.3975703631434],[-81.3149621021817,41.396223911786]]]},"properties":{"source_county":"Geauga","jurisdiction":"Bainbridge Township","parcel_id":"02-386731","owner_name":"OZSOYOGLU GULTEKIN & ZEHRA MERAL CO TRUSTEES","property_address":"17380 BITTERSWEET TRL","property_city":"CHAGRIN FALLS","property_zip":"44023"}},{"type":"Feature","geometry":{"type":"Polygon","coordinates":[[[-81.3145040877709,41.3976115589242],[-81.314055920008,41.3969518255354],[-81.31329226419,41.3967187811954],[-81.3130946780345,41.3962436368798],[-81.3132901700638,41.3962415733819],[-81.3149621021817,41.396223911786],[-81.3147098480869,41.3975703631434],[-81.3146826334984,41.3975685113722],[-81.3146553093551,41.3975687146489],[-81.3146281486687,41.3975709709423],[-81.3146014228179,41.3975752577087],[-81.3145753988367,41.3975815321163],[-81.3145503367467,41.3975897314737],[-81.3145264869586,41.3975997738561],[-81.3145040877709,41.3976115589242]]]},"properties":{"source_county":"Geauga","jurisdiction":"Bainbridge Township","parcel_id":"02-386732","owner_name":"BEHM DANIEL K & BRITTANY B","property_address":"17390 BITTERSWEET TRL","property_city":"CHAGRIN FALLS","property_zip":"44023"}},{"type":"Feature","geometry":{"type":"Polygon","coordinates":[[[-81.3119565465988,41.396255644115],[-81.3130946780345,41.3962436368798],[-81.31329226419,41.3967187811954],[-81.314055920008,41.3969518255354],[-81.3145040877709,41.3976115589242],[-81.3144833630432,41.3976249687511],[-81.3144645197841,41.3976398695293],[-81.3144477462721,41.3976561123739],[-81.3144332101055,41.3976735349905],[-81.3144210565279,41.3976919632965],[-81.3144114069772,41.3977112131605],[-81.3144043578717,41.3977310922422],[-81.3143999796468,41.3977514019141],[-81.3118533836566,41.3968972311537],[-81.3118499556317,41.3962567686484],[-81.3119565465988,41.396255644115]]]},"properties":{"source_county":"Geauga","jurisdiction":"Bainbridge Township","parcel_id":"02-386733","owner_name":"SHEPHERD JOHN E TOD & KIM M TOD","property_address":"17385 BITTERSWEET TRL","property_city":"CHAGRIN FALLS","property_zip":"44023"}},{"type":"Feature","geometry":{"type":"Polygon","coordinates":[[[-81.3118595010273,41.3980399978481],[-81.3118533836566,41.3968972311537],[-81.3143999796468,41.3977514019141],[-81.3143983159139,41.3977719393035],[-81.3143993834634,41.3977924991576],[-81.314403171631,41.3978128760432],[-81.3144096425679,41.3978328663553],[-81.3144187316191,41.397852270351],[-81.3144303479693,41.3978708941461],[-81.3144443755501,41.3978885516518],[-81.3144606741997,41.3979050664341],[-81.3118595010273,41.3980399978481]]]},"properties":{"source_county":"Geauga","jurisdiction":"Bainbridge Township","parcel_id":"02-386734","owner_name":"COMELLA CHRISTOPHER & CARLY","property_address":"17345 BITTERSWEET TRL","property_city":"CHAGRIN FALLS","property_zip":"44023"}},{"type":"Feature","geometry":{"type":"Polygon","coordinates":[[[-81.3118595010273,41.3980399978481],[-81.3144606741997,41.3979050664341],[-81.3144858848636,41.3979251871156],[-81.314514450836,41.397942580736],[-81.3145458562014,41.3979569331565],[-81.3145795337619,41.3979679851639],[-81.3146094226591,41.3979790882808],[-81.3146351819726,41.3979950122587],[-81.3146554656408,41.3980149249866],[-81.3146692137304,41.3980377859202],[-81.3147369101529,41.398196559466],[-81.311864056161,41.3988909665128],[-81.3118595010273,41.3980399978481]]]},"properties":{"source_county":"Geauga","jurisdiction":"Bainbridge Township","parcel_id":"02-386735","owner_name":"STOVSKY BETSY H TRUSTEE","property_address":"17325 BITTERSWEET TRL","property_city":"CHAGRIN FALLS","property_zip":"44023"}},{"type":"Feature","geometry":{"type":"Polygon","coordinates":[[[-81.311864056161,41.3988909665128],[-81.3147369101529,41.398196559466],[-81.3149374644692,41.3986669311196],[-81.3127580016649,41.399193758476],[-81.3118668299947,41.3994091603462],[-81.311864056161,41.3988909665128]]]},"properties":{"source_county":"Geauga","jurisdiction":"Bainbridge Township","parcel_id":"02-386736","owner_name":"MCHALE SUZANNE L","property_address":"17305 BITTERSWEET TRL","property_city":"CHAGRIN FALLS","property_zip":"44023"}},{"type":"Feature","geometry":{"type":"Polygon","coordinates":[[[-81.3127580016649,41.399193758476],[-81.3149374644692,41.3986669311196],[-81.3151658786362,41.399202632189],[-81.3129037678597,41.3997465607211],[-81.3127580016649,41.399193758476]]]},"properties":{"source_county":"Geauga","jurisdiction":"Bainbridge Township","parcel_id":"02-386737","owner_name":"MC ELLEN JOHN J & KATHLEEN A","property_address":"17293 BITTERSWEET TRL","property_city":"CHAGRIN FALLS","property_zip":"44023"}},{"type":"Feature","geometry":{"type":"Polygon","coordinates":[[[-81.3129037678597,41.3997465607211],[-81.3151658786362,41.399202632189],[-81.3153296696896,41.3995867691399],[-81.3153653400515,41.3996610713402],[-81.3154072569886,41.3997335009235],[-81.3154552484215,41.3998037605135],[-81.3155091173289,41.3998715616423],[-81.3150174107816,41.4000242407719],[-81.313641132693,41.3999990025324],[-81.3129670739005,41.3999866354976],[-81.3129037678597,41.3997465607211]]]},"properties":{"source_county":"Geauga","jurisdiction":"Bainbridge Township","parcel_id":"02-386738","owner_name":"CELLURA RON & JANNINE T","property_address":"17273 BITTERSWEET TRL","property_city":"CHAGRIN FALLS","property_zip":"44023"}},{"type":"Feature","geometry":{"type":"Polygon","coordinates":[[[-81.3143921423292,41.3756425926447],[-81.316386262337,41.3756299598198],[-81.3163806276911,41.3763648045253],[-81.3163779841458,41.3766890725338],[-81.3143761307793,41.3767375736912],[-81.3143823620664,41.3763114537404],[-81.3143884626341,41.3758942278361],[-81.3143921423292,41.3756425926447]]]},"properties":{"source_county":"Geauga","jurisdiction":"Bainbridge Township","parcel_id":"02-391101","owner_name":"SCHNEIDER THEODORE R III & JESSICA","property_address":"18125 HARVEST DR","property_city":"CHAGRIN FALLS","property_zip":"44023"}},{"type":"Feature","geometry":{"type":"Polygon","coordinates":[[[-81.3044220128353,41.3993250891138],[-81.3044164897664,41.3984260995481],[-81.3044220616282,41.3984282075621],[-81.3049465535143,41.3986266356131],[-81.3049676111252,41.4020665248271],[-81.3044388617462,41.4020696079606],[-81.3044220128353,41.3993250891138]]]},"properties":{"source_county":"Geauga","jurisdiction":"Bainbridge Township","parcel_id":"02-392250","owner_name":"PLATFORM PROPERTIES LLC","property_address":"9450 WASHINGTON ST","property_city":"CHAGRIN FALLS","property_zip":"44023"}},{"type":"Feature","geometry":{"type":"Polygon","coordinates":[[[-81.3044422051027,41.3971943844098],[-81.3059006972195,41.3971904261743],[-81.3058712782156,41.3989764720223],[-81.305832318487,41.3989617330719],[-81.3049465535143,41.3986266356131],[-81.3044220616282,41.3984282075621],[-81.3044422051027,41.3971943844098]]]},"properties":{"source_county":"Geauga","jurisdiction":"Bainbridge Township","parcel_id":"02-394100","owner_name":"VORTEX LAND DEVELOPMENT LLC","property_address":"9451 WASHINGTON ST","property_city":"CHAGRIN FALLS","property_zip":"44023"}},{"type":"Feature","geometry":{"type":"Polygon","coordinates":[[[-81.3240070948582,41.3852681113211],[-81.3238632701191,41.3852502439074],[-81.3238092845516,41.3852956602262],[-81.323704811998,41.3853835475868],[-81.3232495868098,41.3853288855505],[-81.3232497717576,41.3852993420635],[-81.3232523414649,41.3848876250279],[-81.3248839701367,41.3848767573249],[-81.3248807180286,41.3852884916832],[-81.3248788149551,41.3855293891969],[-81.3240823439232,41.3854304506049],[-81.3240192140415,41.3852942560032],[-81.3240070948582,41.3852681113211]]]},"properties":{"source_county":"Geauga","jurisdiction":"Bainbridge Township","parcel_id":"02-394140","owner_name":"JEFFERSON RUTH E TRUSTEE","property_address":"17790 HASKINS RD","property_city":"CHAGRIN FALLS","property_zip":"44023"}},{"type":"Feature","geometry":{"type":"Polygon","coordinates":[[[-81.323032314597,41.3912913823411],[-81.323031807463,41.3910114724436],[-81.3234830543639,41.3912140308519],[-81.3234810845163,41.3915296501703],[-81.3237608254218,41.391958134656],[-81.322974647094,41.3919638826727],[-81.3228588329963,41.3919647290127],[-81.3230327279708,41.3915779254302],[-81.323032314597,41.3912913823411]]]},"properties":{"source_county":"Geauga","jurisdiction":"Bainbridge Township","parcel_id":"02-394500","owner_name":"TANGLEWOOD LAKE ASSOCIATION","property_address":" HASKINS RD","property_city":"CHAGRIN FALLS","property_zip":"44023"}},{"type":"Feature","geometry":{"type":"Polygon","coordinates":[[[-81.323297617738,41.3861707487399],[-81.3232977382107,41.3861554815447],[-81.3236564605774,41.3861610632363],[-81.3245990266393,41.386175724289],[-81.3251231259172,41.3862382650415],[-81.326060391778,41.3863501036709],[-81.3260584910781,41.3867315947666],[-81.3251292532383,41.3867225371899],[-81.3250269359225,41.3867215395819],[-81.3236938187361,41.3867085302529],[-81.3232748754211,41.3867044395004],[-81.3232956495844,41.3864190911168],[-81.323297617738,41.3861707487399]]]},"properties":{"source_county":"Geauga","jurisdiction":"Bainbridge Township","parcel_id":"02-395100","owner_name":"STEWART KARMA & MATTHEW D & MELISSA & ROBINS MATTHEW","property_address":"17784 HASKINS RD","property_city":"CHAGRIN FALLS","property_zip":"44023"}},{"type":"Feature","geometry":{"type":"Polygon","coordinates":[[[-81.308318286963,41.3817138172811],[-81.3085254049754,41.3817126464612],[-81.3085120563936,41.3820017581765],[-81.3085047420433,41.3821601742368],[-81.3083166158961,41.3821612027957],[-81.3069413751905,41.3821689662643],[-81.306963334798,41.3817214664277],[-81.308318286963,41.3817138172811]]]},"properties":{"source_county":"Geauga","jurisdiction":"Bainbridge Township","parcel_id":"02-399400","owner_name":"STONEYBROOK FARM 5555 LLC","property_address":"17911 SNYDER RD","property_city":"CHAGRIN FALLS","property_zip":"44023"}},{"type":"Feature","geometry":{"type":"Polygon","coordinates":[[[-81.3163641495496,41.3881464237176],[-81.3179154173543,41.3881339260262],[-81.3179206074703,41.3901491501545],[-81.3169501710938,41.3905693297626],[-81.3166510372988,41.3903959759308],[-81.3165793951419,41.3903517075328],[-81.3165115832432,41.3903041406624],[-81.3164478689174,41.3902534628347],[-81.3163885033249,41.3901998738279],[-81.3163337204808,41.3901435848961],[-81.3162837363328,41.3900848179359],[-81.31623874791,41.3900238046124],[-81.3161989325467,41.3899607854451],[-81.3161644471827,41.3898960088601],[-81.3161354277456,41.3898297302108],[-81.3161119886149,41.3897622107709],[-81.316094222171,41.3896937167046],[-81.3160821984321,41.3896245180172],[-81.3160759647776,41.389554887491],[-81.3160755457622,41.3894850996095],[-81.3160809430191,41.389415429476],[-81.3162205179127,41.3882463692343],[-81.3162253494635,41.3882265502937],[-81.3162349095814,41.3882077302305],[-81.3162488761894,41.3881905430782],[-81.3162667787601,41.3881755678585],[-81.3162880141682,41.3881633090743],[-81.3163118670087,41.3881541797141],[-81.3163375336989,41.3881484873381],[-81.3163641495496,41.3881464237176]]]},"properties":{"source_county":"Geauga","jurisdiction":"Bainbridge Township","parcel_id":"02-399821","owner_name":"TOUZALIN ROBERT H & EATON SUSAN L","property_address":"17675 STOCKTON LN","property_city":"CHAGRIN FALLS","property_zip":"44023"}},{"type":"Feature","geometry":{"type":"Polygon","coordinates":[[[-81.3169501710938,41.3905693297626],[-81.3179206074703,41.3901491501545],[-81.3179215230752,41.3905046789777],[-81.3198966699094,41.3904894659276],[-81.3180237468477,41.3914525710257],[-81.3180051249515,41.3914334312756],[-81.3179836970189,41.3914160358936],[-81.3179597488177,41.3914006168668],[-81.3179335997252,41.3913873798249],[-81.3179055984697,41.3913765012986],[-81.3178761184796,41.3913681263649],[-81.3178455529031,41.3913623667128],[-81.3178143093655,41.3913592991534],[-81.3177751475991,41.3913549976029],[-81.3177372211926,41.3913464824125],[-81.3177013252148,41.3913339320902],[-81.3176682121687,41.3913176097343],[-81.3176385762157,41.3912978575178],[-81.3176130386241,41.3912750895149],[-81.3175921347446,41.3912497830209],[-81.317576302788,41.3912224685457],[-81.3175442608854,41.3911583711822],[-81.3175080023165,41.3910955607801],[-81.3174676178379,41.3910341945357],[-81.3174232085314,41.3909744260307],[-81.3173800116031,41.390921323003],[-81.317333629534,41.3908697660113],[-81.3172841597279,41.3908198633188],[-81.3172317060716,41.3907717197146],[-81.3172100371861,41.3907529007427],[-81.3171496542033,41.3907034472853],[-81.3170861115807,41.3906562923775],[-81.3170195634158,41.3906115503702],[-81.3169501710938,41.3905693297626]]]},"properties":{"source_county":"Geauga","jurisdiction":"Bainbridge Township","parcel_id":"02-399822","owner_name":"ARCH JOHN & RUTLEDGE MELINDA","property_address":"17591 STOCKTON LN","property_city":"CHAGRIN FALLS","property_zip":"44023"}},{"type":"Feature","geometry":{"type":"Polygon","coordinates":[[[-81.3180237468477,41.3914525710257],[-81.3198966699094,41.3904894659276],[-81.3198983635393,41.3913127885083],[-81.319900409439,41.3923399807557],[-81.3180376323796,41.3916585719682],[-81.318051920014,41.391633814245],[-81.3180617692649,41.3916078585837],[-81.3180670097507,41.3915811540034],[-81.3180675508197,41.3915541624785],[-81.3180633831174,41.391527350947],[-81.3180545787483,41.3915011832323],[-81.318041290028,41.3914761120198],[-81.3180237468477,41.3914525710257]]]},"properties":{"source_county":"Geauga","jurisdiction":"Bainbridge Township","parcel_id":"02-399823","owner_name":"LATTIMORE MARSHON DEMOND","property_address":"17565 STOCKTON LN","property_city":"CHAGRIN FALLS","property_zip":"44023"}},{"type":"Feature","geometry":{"type":"Polygon","coordinates":[[[-81.3180376323796,41.3916585719682],[-81.319900409439,41.3923399807557],[-81.3199007381578,41.392488592343],[-81.3199020741824,41.3931497425224],[-81.3180180146793,41.3931690902249],[-81.3178231178427,41.3917692506458],[-81.3178565186391,41.3917650522463],[-81.3178889698505,41.3917577661247],[-81.3179199701741,41.3917475048361],[-81.3179490407207,41.3917344268958],[-81.3179757324131,41.3917187343304],[-81.3179996329231,41.3917006695568],[-81.318020373041,41.3916805116372],[-81.3180376323796,41.3916585719682]]]},"properties":{"source_county":"Geauga","jurisdiction":"Bainbridge Township","parcel_id":"02-399824","owner_name":"CATLIN DONALD R AKA & DONALD ROBERT ETAL TRUSTEES","property_address":"17531 STOCKTON LN","property_city":"CHAGRIN FALLS","property_zip":"44023"}},{"type":"Feature","geometry":{"type":"Polygon","coordinates":[[[-81.3149793352554,41.3932002301116],[-81.3175390259718,41.3916375336993],[-81.3175582505828,41.3916680219147],[-81.3175838441062,41.3916957285961],[-81.3176151158941,41.3917199060633],[-81.3176512220647,41.3917399018732],[-81.3176911882748,41.3917551764268],[-81.3177339360129,41.3917653175305],[-81.3177783117046,41.3917700515201],[-81.3178231178427,41.3917692506458],[-81.3180180146793,41.3931690902249],[-81.3149793352554,41.3932002301116]]]},"properties":{"source_county":"Geauga","jurisdiction":"Bainbridge Township","parcel_id":"02-399825","owner_name":"STOCKTON LANE INVESTMENTS LLC","property_address":"17550 STOCKTON LN","property_city":"CHAGRIN FALLS","property_zip":"44023"}},{"type":"Feature","geometry":{"type":"Polygon","coordinates":[[[-81.3160089186315,41.3915869842926],[-81.3171754082289,41.3909873717538],[-81.3172333244275,41.3910561420159],[-81.3172852210261,41.391127585851],[-81.3173308812538,41.3912014048669],[-81.3173701143843,41.3912772907504],[-81.3175390259718,41.3916375336993],[-81.3149793352554,41.3932002301116],[-81.3134927826912,41.3932154347434],[-81.3135173218234,41.3928484697623],[-81.3135376775412,41.392544390631],[-81.3160089186315,41.3915869842926]]]},"properties":{"source_county":"Geauga","jurisdiction":"Bainbridge Township","parcel_id":"02-399826","owner_name":"REFLECTIONS FARM LLC","property_address":"17568 STOCKTON LN","property_city":"CHAGRIN FALLS","property_zip":"44023"}},{"type":"Feature","geometry":{"type":"Polygon","coordinates":[[[-81.3146168268213,41.3913417712127],[-81.3165233283902,41.3905297542755],[-81.3168113069887,41.3906965872148],[-81.3168632947792,41.3907279559511],[-81.3169135844752,41.3907608571982],[-81.3169620964683,41.3907952388751],[-81.3170087539638,41.3908310465576],[-81.3170534831023,41.3908682235638],[-81.3170962130762,41.3909067110442],[-81.3171368762423,41.3909464480749],[-81.3171754082289,41.3909873717538],[-81.3160089186315,41.3915869842926],[-81.3135376775412,41.392544390631],[-81.3136168272979,41.3913619859767],[-81.313823083711,41.3913578176066],[-81.3146168268213,41.3913417712127]]]},"properties":{"source_county":"Geauga","jurisdiction":"Bainbridge Township","parcel_id":"02-399827","owner_name":"BOWLUS MITCHELL D","property_address":"17596 STOCKTON LN","property_city":"CHAGRIN FALLS","property_zip":"44023"}},{"type":"Feature","geometry":{"type":"Polygon","coordinates":[[[-81.3145967244438,41.3899442955203],[-81.3158876758362,41.389759097042],[-81.3159041055275,41.3898157253997],[-81.3159239331352,41.3898717334546],[-81.3159471177561,41.3899270056411],[-81.3159736115599,41.3899814279119],[-81.3160033598879,41.3900348879728],[-81.3160363013656,41.3900872755149],[-81.3160723680292,41.3901384824421],[-81.3161114854661,41.3901884030942],[-81.3161535729679,41.3902369344646],[-81.3161985436975,41.3902839764134],[-81.3162463048676,41.3903294318736],[-81.3162967579328,41.3903732070516],[-81.3163497987923,41.3904152116209],[-81.3164053180051,41.3904553589081],[-81.3164632010157,41.3904935660723],[-81.3165233283902,41.3905297542755],[-81.3146168268213,41.3913417712127],[-81.3145967244438,41.3899442955203]]]},"properties":{"source_county":"Geauga","jurisdiction":"Bainbridge Township","parcel_id":"02-399828","owner_name":"MCFARLAND BRUCE & KATHLEEN A TRUSTEES","property_address":"17616 STOCKTON LN","property_city":"CHAGRIN FALLS","property_zip":"44023"}},{"type":"Feature","geometry":{"type":"Polygon","coordinates":[[[-81.3158513854702,41.3881505505804],[-81.3158816481519,41.3881526938133],[-81.3159106627777,41.3881595167223],[-81.3159371678493,41.3881707226613],[-81.3159600109775,41.3881858244181],[-81.3159781989853,41.3882041653981],[-81.315990941089,41.388224948171],[-81.3159976832809,41.388247269141],[-81.3159981324167,41.388270157834],[-81.3158631549601,41.3894006827028],[-81.3158566477583,41.3894905520377],[-81.315858578907,41.3895805431275],[-81.31586893881,41.3896702071824],[-81.3158876758362,41.389759097042],[-81.3145967244438,41.3899442955203],[-81.314570130976,41.3881608519124],[-81.3158513854702,41.3881505505804]]]},"properties":{"source_county":"Geauga","jurisdiction":"Bainbridge Township","parcel_id":"02-399829","owner_name":"KU RAYMOND & PANTEL KU MELISSA","property_address":"17666 STOCKTON LN","property_city":"CHAGRIN FALLS","property_zip":"44023"}},{"type":"Feature","geometry":{"type":"Polygon","coordinates":[[[-81.3078405866401,41.3962989740903],[-81.307867571749,41.3957315522889],[-81.3088480000515,41.3957084376969],[-81.3088395025142,41.3961233089359],[-81.3098602439277,41.3960992360364],[-81.3098565921116,41.3962776376336],[-81.3098565897292,41.3962777690858],[-81.3094281191636,41.3962822795718],[-81.3078434657751,41.3962989433916],[-81.3078419765617,41.3962989595807],[-81.3078405866401,41.3962989740903]]]},"properties":{"source_county":"Geauga","jurisdiction":"Bainbridge Township","parcel_id":"02-411550","owner_name":"FEEMAN KEVIN S & MELISSA J","property_address":"17406 SNYDER RD","property_city":"CHAGRIN FALLS","property_zip":"44023"}},{"type":"Feature","geometry":{"type":"Polygon","coordinates":[[[-81.3240813415891,41.390234226387],[-81.3239681778992,41.390182060698],[-81.3239525484996,41.390200838216],[-81.3238811496885,41.3901680337107],[-81.3239277274317,41.3901112090405],[-81.3239946078741,41.3901419090339],[-81.3239769203865,41.3901628305173],[-81.3239922882497,41.3901696765796],[-81.324021175369,41.3901339444237],[-81.3241461142533,41.3901915787427],[-81.324103031455,41.3902442254298],[-81.3240813415891,41.390234226387]]]},"properties":{"source_county":"Geauga","jurisdiction":"Bainbridge Township","parcel_id":"02-413350","owner_name":"MARKS SHELLY","property_address":"17606 EAST BROOK TRL","property_city":"CHAGRIN FALLS","property_zip":"44023"}},{"type":"Feature","geometry":{"type":"Polygon","coordinates":[[[-81.306696536068,41.3845405846299],[-81.30671557547,41.3841271319217],[-81.3072408200048,41.3841408499597],[-81.3082639725328,41.3842678499589],[-81.3082861367091,41.3845820923848],[-81.306696536068,41.3845405846299]]]},"properties":{"source_county":"Geauga","jurisdiction":"Bainbridge Township","parcel_id":"02-415600","owner_name":"COLLINS RANDY E","property_address":"17829 SNYDER RD","property_city":"CHAGRIN FALLS","property_zip":"44023"}},{"type":"Feature","geometry":{"type":"Polygon","coordinates":[[[-81.3134235092772,41.3817846540543],[-81.3140249371913,41.3817751384086],[-81.3140131861454,41.3828637846728],[-81.3134130164906,41.3828733213557],[-81.313410224987,41.3828733656924],[-81.3134221790879,41.3818915124431],[-81.3134235092772,41.3817846540543]]]},"properties":{"source_county":"Geauga","jurisdiction":"Bainbridge Township","parcel_id":"02-416640","owner_name":"KORCYKOSKI JOSEPH R TOD","property_address":"9201 OLD MEADOW DR","property_city":"CHAGRIN FALLS","property_zip":"44023"}},{"type":"Feature","geometry":{"type":"Polygon","coordinates":[[[-81.3140249371913,41.3817751384086],[-81.3146260679021,41.3817655814778],[-81.3146143268532,41.3828542260051],[-81.3140131861454,41.3828637846728],[-81.3140249371913,41.3817751384086]]]},"properties":{"source_county":"Geauga","jurisdiction":"Bainbridge Township","parcel_id":"02-416641","owner_name":"HARRIS PATRICK S & AMANDA S","property_address":"9189 OLD MEADOW DR","property_city":"CHAGRIN FALLS","property_zip":"44023"}},{"type":"Feature","geometry":{"type":"Polygon","coordinates":[[[-81.3146260679021,41.3817655814778],[-81.3152271972426,41.3817560214141],[-81.3152154661906,41.3828446642045],[-81.3146143268532,41.3828542260051],[-81.3146260679021,41.3817655814778]]]},"properties":{"source_county":"Geauga","jurisdiction":"Bainbridge Township","parcel_id":"02-416642","owner_name":"LAZANICH GEORGE W & DONNA M","property_address":"9177 OLD MEADOW DR","property_city":"CHAGRIN FALLS","property_zip":"44023"}},{"type":"Feature","geometry":{"type":"Polygon","coordinates":[[[-81.3152271972426,41.3817560214141],[-81.3158283264242,41.3817464573295],[-81.3158166053529,41.3828350992831],[-81.3152154661906,41.3828446642045],[-81.3152271972426,41.3817560214141]]]},"properties":{"source_county":"Geauga","jurisdiction":"Bainbridge Township","parcel_id":"02-416643","owner_name":"FISHER EMILY SUSANNE TRUSTEE","property_address":"9155 OLD MEADOW DR","property_city":"CHAGRIN FALLS","property_zip":"44023"}},{"type":"Feature","geometry":{"type":"Polygon","coordinates":[[[-81.3158283264242,41.3817464573295],[-81.3164294554146,41.3817368910245],[-81.3164177443239,41.3828255321414],[-81.3158166053529,41.3828350992831],[-81.3158283264242,41.3817464573295]]]},"properties":{"source_county":"Geauga","jurisdiction":"Bainbridge Township","parcel_id":"02-416644","owner_name":"SWOPE CHRISTOPHER P & BARBRA A","property_address":"9133 OLD MEADOW DR","property_city":"CHAGRIN FALLS","property_zip":"44023"}},{"type":"Feature","geometry":{"type":"Polygon","coordinates":[[[-81.3022518175511,41.3989766016652],[-81.3022501981473,41.3976043273256],[-81.3032939750756,41.3980009644334],[-81.3035016088539,41.398079864156],[-81.3035259250273,41.4020749244255],[-81.3022554928951,41.4020823116095],[-81.3022535026258,41.400403765897],[-81.3022518175511,41.3989766016652]]]},"properties":{"source_county":"Geauga","jurisdiction":"Bainbridge Township","parcel_id":"02-417500","owner_name":"FLANAGAN JANET A TRUSTEE","property_address":"9536 WASHINGTON ST","property_city":"CHAGRIN FALLS","property_zip":"44023"}},{"type":"Feature","geometry":{"type":"Polygon","coordinates":[[[-81.324186094467,41.3899817382166],[-81.3241788645249,41.389978405808],[-81.3241648980597,41.3899950759005],[-81.3240862767847,41.389958595184],[-81.3241244860041,41.3899111202591],[-81.3241958834457,41.3899439255048],[-81.32419960436,41.3899396740837],[-81.3242556340402,41.3899656323569],[-81.3242519131281,41.3899698837798],[-81.3243142709734,41.3899986510725],[-81.324304954892,41.3900100507936],[-81.324327552691,41.3900202301127],[-81.3242895230636,41.3900671630087],[-81.3241639791415,41.3900089985925],[-81.324186094467,41.3899817382166]]]},"properties":{"source_county":"Geauga","jurisdiction":"Bainbridge Township","parcel_id":"02-417660","owner_name":"ELIAS FRED B TOD","property_address":"17620 EAST BROOK TRL","property_city":"CHAGRIN FALLS","property_zip":"44023"}},{"type":"Feature","geometry":{"type":"Polygon","coordinates":[[[-81.3231656977476,41.399814412307],[-81.3231660541263,41.39976723304],[-81.323974392152,41.3998393886732],[-81.3239626673909,41.3998883688167],[-81.3231656977476,41.399814412307]]]},"properties":{"source_county":"Geauga","jurisdiction":"Bainbridge Township","parcel_id":"02-419330","owner_name":"HORSCHLER DAVID E & CATHERINE A TRUSTEES","property_address":" LONG MEADOW TRL","property_city":"CHAGRIN FALLS","property_zip":"44023"}},{"type":"Feature","geometry":{"type":"Polygon","coordinates":[[[-81.3242748955913,41.3794935367621],[-81.3255642907681,41.3795062325213],[-81.3255380559746,41.3799201891695],[-81.3248400329186,41.3799053433653],[-81.3242717342962,41.3798932533203],[-81.3242724112896,41.3798076047243],[-81.3242748955913,41.3794935367621]]]},"properties":{"source_county":"Geauga","jurisdiction":"Bainbridge Township","parcel_id":"02-419370","owner_name":"SCHMIDT JOSEPH F & HOLLACE R","property_address":"17991 MILLSTONE RD","property_city":"CHAGRIN FALLS","property_zip":"44023"}},{"type":"Feature","geometry":{"type":"Polygon","coordinates":[[[-81.3134216273764,41.3812402724507],[-81.3165581460197,41.3812549685806],[-81.3166166284544,41.3813122131085],[-81.3166811639489,41.3813656409107],[-81.3169419866457,41.3815644708477],[-81.3169873691792,41.3816016147042],[-81.3170291477097,41.381641084461],[-81.3170671127147,41.3816826821805],[-81.3171010737954,41.3817261992533],[-81.3170305854253,41.3817273216113],[-81.3164294554146,41.3817368910245],[-81.3158283264242,41.3817464573295],[-81.3152271972426,41.3817560214141],[-81.3146260679021,41.3817655814778],[-81.3140249371913,41.3817751384086],[-81.3134235092772,41.3817846540543],[-81.3134216273764,41.3812402724507]]]},"properties":{"source_county":"Geauga","jurisdiction":"Bainbridge Township","parcel_id":"02-419401","owner_name":"HRYB KATHLEEN TOD","property_address":"17931 HARVEST DR","property_city":"CHAGRIN FALLS","property_zip":"44023"}},{"type":"Feature","geometry":{"type":"Polygon","coordinates":[[[-81.3134200617416,41.3807873931332],[-81.3163469703235,41.3808011329661],[-81.3163545712739,41.3808617425691],[-81.3163677344445,41.3809218092518],[-81.3163863964713,41.3809810438003],[-81.3164104675135,41.3810391610065],[-81.3164398316853,41.3810958810416],[-81.3164743476141,41.3811509308031],[-81.3165138491208,41.3812040452304],[-81.3165581460197,41.3812549685806],[-81.3134216273764,41.3812402724507],[-81.3134200617416,41.3807873931332]]]},"properties":{"source_county":"Geauga","jurisdiction":"Bainbridge Township","parcel_id":"02-419402","owner_name":"DI SANTO KATHLEEN A","property_address":"17947 HARVEST DR","property_city":"CHAGRIN FALLS","property_zip":"44023"}},{"type":"Feature","geometry":{"type":"Polygon","coordinates":[[[-81.3134184968197,41.3803345416838],[-81.3163481417567,41.3803503044077],[-81.3163449195705,41.380745678179],[-81.3163469703235,41.3808011329661],[-81.3134200617416,41.3807873931332],[-81.3134184968197,41.3803345416838]]]},"properties":{"source_county":"Geauga","jurisdiction":"Bainbridge Township","parcel_id":"02-419403","owner_name":"WHITELY DANIEL J & KATHLEEN MARY","property_address":"17965 HARVEST DR","property_city":"CHAGRIN FALLS","property_zip":"44023"}},{"type":"Feature","geometry":{"type":"Polygon","coordinates":[[[-81.3134169307239,41.3798816901669],[-81.3163518327984,41.3798974600536],[-81.3163481417567,41.3803503044077],[-81.3134184968197,41.3803345416838],[-81.3134169307239,41.3798816901669]]]},"properties":{"source_county":"Geauga","jurisdiction":"Bainbridge Township","parcel_id":"02-419404","owner_name":"WENGRYNIUK GEORGE & KATHY L","property_address":"17981 HARVEST DR","property_city":"CHAGRIN FALLS","property_zip":"44023"}},{"type":"Feature","geometry":{"type":"Polygon","coordinates":[[[-81.3134157262185,41.3794288774207],[-81.3163555250009,41.3794446147559],[-81.3163518327984,41.3798974600536],[-81.3134169307239,41.3798816901669],[-81.3134157262185,41.3794288774207]]]},"properties":{"source_county":"Geauga","jurisdiction":"Bainbridge Township","parcel_id":"02-419405","owner_name":"BENANDER ALAN C & MARIA P","property_address":"17999 HARVEST DR","property_city":"CHAGRIN FALLS","property_zip":"44023"}},{"type":"Feature","geometry":{"type":"Polygon","coordinates":[[[-81.3134159751268,41.3789760236812],[-81.3163592159408,41.3789917702911],[-81.3163555250009,41.3794446147559],[-81.3134157262185,41.3794288774207],[-81.3134159751268,41.3789760236812]]]},"properties":{"source_county":"Geauga","jurisdiction":"Bainbridge Township","parcel_id":"02-419406","owner_name":"TANNER MARC T & GREEN KIMBERLY N","property_address":"18015 HARVEST DR","property_city":"CHAGRIN FALLS","property_zip":"44023"}},{"type":"Feature","geometry":{"type":"Polygon","coordinates":[[[-81.3134162228199,41.3785231707746],[-81.3163629068298,41.3785389257709],[-81.3163592159408,41.3789917702911],[-81.3134159751268,41.3789760236812],[-81.3134162228199,41.3785231707746]]]},"properties":{"source_county":"Geauga","jurisdiction":"Bainbridge Township","parcel_id":"02-419407","owner_name":"MEASURES WILLIAM D & CHERIANNE","property_address":"18031 HARVEST DR","property_city":"CHAGRIN FALLS","property_zip":"44023"}},{"type":"Feature","geometry":{"type":"Polygon","coordinates":[[[-81.313416471705,41.3780703178251],[-81.3163665976679,41.3780860811955],[-81.3163629068298,41.3785389257709],[-81.3134162228199,41.3785231707746],[-81.313416471705,41.3780703178251]]]},"properties":{"source_county":"Geauga","jurisdiction":"Bainbridge Township","parcel_id":"02-419408","owner_name":"KOSLA CHARLES M","property_address":"18045 HARVEST DR","property_city":"CHAGRIN FALLS","property_zip":"44023"}},{"type":"Feature","geometry":{"type":"Polygon","coordinates":[[[-81.3134166911012,41.3776175086443],[-81.3163702896505,41.3776332365771],[-81.3163665976679,41.3780860811955],[-81.313416471705,41.3780703178251],[-81.3134166911012,41.3776175086443]]]},"properties":{"source_county":"Geauga","jurisdiction":"Bainbridge Township","parcel_id":"02-419409","owner_name":"PRIJATEL GAIL R","property_address":"18063 HARVEST DR","property_city":"CHAGRIN FALLS","property_zip":"44023"}},{"type":"Feature","geometry":{"type":"Polygon","coordinates":[[[-81.3134176752328,41.3771646568161],[-81.3163739803869,41.3771803918913],[-81.3163702896505,41.3776332365771],[-81.3134166911012,41.3776175086443],[-81.3134176752328,41.3771646568161]]]},"properties":{"source_county":"Geauga","jurisdiction":"Bainbridge Township","parcel_id":"02-419410","owner_name":"RUESTER ROBERT D & GAIL D","property_address":"18081 HARVEST DR","property_city":"CHAGRIN FALLS","property_zip":"44023"}},{"type":"Feature","geometry":{"type":"Polygon","coordinates":[[[-81.3163779841458,41.3766890725338],[-81.3163739803869,41.3771803918913],[-81.3134176752003,41.3771646586167],[-81.3134171662202,41.376752833074],[-81.3143761307793,41.3767375736912],[-81.3163779841458,41.3766890725338]]]},"properties":{"source_county":"Geauga","jurisdiction":"Bainbridge Township","parcel_id":"02-419411","owner_name":"MASTROPIERI PAUL P & CAROLYN M","property_address":"18105 HARVEST DR","property_city":"CHAGRIN FALLS","property_zip":"44023"}},{"type":"Feature","geometry":{"type":"Polygon","coordinates":[[[-81.3178243842388,41.3763444118274],[-81.3193498109685,41.3763228465141],[-81.3193471174315,41.3766551682654],[-81.3193470532876,41.3766630607473],[-81.3193470497835,41.3766635217823],[-81.3193453890759,41.3768684012863],[-81.3165951872663,41.3768557312287],[-81.316596560467,41.376687195901],[-81.3165965665744,41.376686525069],[-81.3165992127636,41.3763617185767],[-81.3178243842388,41.3763444118274]]]},"properties":{"source_county":"Geauga","jurisdiction":"Bainbridge Township","parcel_id":"02-419412","owner_name":"RACHOW ROBERT N","property_address":"18120 HARVEST DR","property_city":"CHAGRIN FALLS","property_zip":"44023"}},{"type":"Feature","geometry":{"type":"Polygon","coordinates":[[[-81.3165951872663,41.3768557312287],[-81.3193453890759,41.3768684012863],[-81.3193415187794,41.3773459464688],[-81.3165912969779,41.3773332763206],[-81.3165951872663,41.3768557312287]]]},"properties":{"source_county":"Geauga","jurisdiction":"Bainbridge Township","parcel_id":"02-419413","owner_name":"FLORIAN THOMAS S & KAREN M","property_address":"18088 HARVEST DR","property_city":"CHAGRIN FALLS","property_zip":"44023"}},{"type":"Feature","geometry":{"type":"Polygon","coordinates":[[[-81.3165912969779,41.3773332763206],[-81.3193415187794,41.3773459464688],[-81.3193408712203,41.3774258762],[-81.319337647215,41.3778234924781],[-81.3165874066331,41.3778108213512],[-81.3165912969779,41.3773332763206]]]},"properties":{"source_county":"Geauga","jurisdiction":"Bainbridge Township","parcel_id":"02-419414","owner_name":"WITCZAK KYLE","property_address":"18070 HARVEST DR","property_city":"CHAGRIN FALLS","property_zip":"44023"}},{"type":"Feature","geometry":{"type":"Polygon","coordinates":[[[-81.3165874066331,41.3778108213512],[-81.319337647215,41.3778234924781],[-81.3193343827781,41.3782262827387],[-81.3193337768059,41.3783010375378],[-81.3165835150201,41.3782883672085],[-81.3165874066331,41.3778108213512]]]},"properties":{"source_county":"Geauga","jurisdiction":"Bainbridge Township","parcel_id":"02-419415","owner_name":"HALLISY PAUL C","property_address":"18052 HARVEST DR","property_city":"CHAGRIN FALLS","property_zip":"44023"}},{"type":"Feature","geometry":{"type":"Polygon","coordinates":[[[-81.3165835150201,41.3782883672085],[-81.3193337768059,41.3783010375378],[-81.3193299063405,41.3787785825361],[-81.3165796245621,41.3787659121163],[-81.3165835150201,41.3782883672085]]]},"properties":{"source_county":"Geauga","jurisdiction":"Bainbridge Township","parcel_id":"02-419416","owner_name":"BEAL EDWARD R TOD & CONNIE F TOD","property_address":"18038 HARVEST DR","property_city":"CHAGRIN FALLS","property_zip":"44023"}},{"type":"Feature","geometry":{"type":"Polygon","coordinates":[[[-81.3165796245621,41.3787659121163],[-81.3193299063405,41.3787785825361],[-81.3193282606582,41.3789816222982],[-81.3193260346073,41.379256128361],[-81.3165757340313,41.3792434578629],[-81.3165796245621,41.3787659121163]]]},"properties":{"source_county":"Geauga","jurisdiction":"Bainbridge Township","parcel_id":"02-419417","owner_name":"FLEMING MARK E TOD","property_address":"18024 HARVEST DR","property_city":"CHAGRIN FALLS","property_zip":"44023"}},{"type":"Feature","geometry":{"type":"Polygon","coordinates":[[[-81.3165757340313,41.3792434578629],[-81.3193260346073,41.379256128361],[-81.3193221640293,41.3797336732364],[-81.3165718422648,41.3797210026354],[-81.3165757340313,41.3792434578629]]]},"properties":{"source_county":"Geauga","jurisdiction":"Bainbridge Township","parcel_id":"02-419418","owner_name":"JERSON MARY ANNE & ALLAN S","property_address":"18004 HARVEST DR","property_city":"CHAGRIN FALLS","property_zip":"44023"}},{"type":"Feature","geometry":{"type":"Polygon","coordinates":[[[-81.3165718422648,41.3797210026354],[-81.3193221640293,41.3797336732364],[-81.3193206153148,41.3799246639685],[-81.3193182933789,41.3802112189505],[-81.3165679516371,41.3801985473587],[-81.3165718422648,41.3797210026354]]]},"properties":{"source_county":"Geauga","jurisdiction":"Bainbridge Township","parcel_id":"02-419419","owner_name":"MOTYKA MATTHEW JOSEPH","property_address":"17986 HARVEST DR","property_city":"CHAGRIN FALLS","property_zip":"44023"}},{"type":"Feature","geometry":{"type":"Polygon","coordinates":[[[-81.3165679516371,41.3801985473587],[-81.3193182933789,41.3802112189505],[-81.319314421493,41.3806887636905],[-81.3165640609366,41.3806760929207],[-81.3165679516371,41.3801985473587]]]},"properties":{"source_county":"Geauga","jurisdiction":"Bainbridge Township","parcel_id":"02-419420","owner_name":"MASSEE PATRICK & KELLY J L","property_address":"17970 HARVEST DR","property_city":"CHAGRIN FALLS","property_zip":"44023"}},{"type":"Feature","geometry":{"type":"Polygon","coordinates":[[[-81.3165640609366,41.3806760929207],[-81.319314421493,41.3806887636905],[-81.3193649785523,41.3808667840654],[-81.3194510085861,41.381169709983],[-81.3167340279191,41.3811571865679],[-81.3166944695282,41.3811108185374],[-81.3166597870252,41.3810622866829],[-81.3166301878363,41.3810118812752],[-81.316605848983,41.3809599037898],[-81.3165869160236,41.3809066651045],[-81.3165735021825,41.3808524836393],[-81.3165656876741,41.3807976834524],[-81.3165635192225,41.3807425923015],[-81.3165640609366,41.3806760929207]]]},"properties":{"source_county":"Geauga","jurisdiction":"Bainbridge Township","parcel_id":"02-419421","owner_name":"ORGOVAN TAMAS & GULYAS DOROTTYA ORGOVANNE","property_address":"17950 HARVEST DR","property_city":"CHAGRIN FALLS","property_zip":"44023"}},{"type":"Feature","geometry":{"type":"Polygon","coordinates":[[[-81.3167340279191,41.3811571865679],[-81.3194510085861,41.381169709983],[-81.3195977495632,41.3816864051309],[-81.319527996809,41.3816875175962],[-81.3188540051043,41.3816982649643],[-81.318234660559,41.3817081379216],[-81.31763353203,41.3817177171993],[-81.3173410406773,41.3817223764999],[-81.3173183383091,41.3816846431524],[-81.3172932966688,41.3816477588794],[-81.3172659715745,41.3816118058911],[-81.3172364239339,41.3815768643218],[-81.3172047196081,41.3815430120514],[-81.3171709292647,41.3815103245318],[-81.3171351282204,41.3814788746185],[-81.3170973962731,41.3814487324088],[-81.316836574777,41.3812499019275],[-81.3167826904338,41.3812051823916],[-81.3167340279191,41.3811571865679]]]},"properties":{"source_county":"Geauga","jurisdiction":"Bainbridge Township","parcel_id":"02-419422","owner_name":"FINZEL PETER","property_address":"17934 HARVEST DR","property_city":"CHAGRIN FALLS","property_zip":"44023"}},{"type":"Feature","geometry":{"type":"Polygon","coordinates":[[[-81.3231751305799,41.3985646769609],[-81.323904097028,41.3985677941353],[-81.3239037917914,41.3986082749441],[-81.323704687285,41.3990210194071],[-81.3231727598735,41.3988788111229],[-81.3231751305799,41.3985646769609]]]},"properties":{"source_county":"Geauga","jurisdiction":"Bainbridge Township","parcel_id":"02-419435","owner_name":"MC GURK CLIFFORD E TOD","property_address":"17300 HASKINS RD","property_city":"CHAGRIN FALLS","property_zip":"44023"}},{"type":"Feature","geometry":{"type":"Polygon","coordinates":[[[-81.3231772027022,41.398290225791],[-81.3239061661039,41.3982933429526],[-81.323904097028,41.3985677941353],[-81.3231751305799,41.3985646769609],[-81.3231772027022,41.398290225791]]]},"properties":{"source_county":"Geauga","jurisdiction":"Bainbridge Township","parcel_id":"02-419436","owner_name":"SAPIENZA ANTHONY A & LAURINE L TRUSTEES","property_address":"17310 HASKINS RD","property_city":"CHAGRIN FALLS","property_zip":"44023"}},{"type":"Feature","geometry":{"type":"Polygon","coordinates":[[[-81.3231792735952,41.3980157754886],[-81.3239082339506,41.3980188926374],[-81.3239061661039,41.3982933429526],[-81.3231772027022,41.398290225791],[-81.3231792735952,41.3980157754886]]]},"properties":{"source_county":"Geauga","jurisdiction":"Bainbridge Township","parcel_id":"02-419437","owner_name":"VERMA INDRA","property_address":"17320 HASKINS RD","property_city":"CHAGRIN FALLS","property_zip":"44023"}},{"type":"Feature","geometry":{"type":"Polygon","coordinates":[[[-81.323181344471,41.3977413251654],[-81.3239103029758,41.3977444423136],[-81.3239082339506,41.3980188926374],[-81.3231792735952,41.3980157754886],[-81.323181344471,41.3977413251654]]]},"properties":{"source_county":"Geauga","jurisdiction":"Bainbridge Township","parcel_id":"02-419438","owner_name":"STIEFVATER ROBERT G JR & JANE H TRUSTEES","property_address":"17330 HASKINS RD","property_city":"CHAGRIN FALLS","property_zip":"44023"}},{"type":"Feature","geometry":{"type":"Polygon","coordinates":[[[-81.3231834165413,41.3974668739333],[-81.323912370804,41.3974699910565],[-81.3239103029758,41.3977444423136],[-81.323181344471,41.3977413251654],[-81.3231834165413,41.3974668739333]]]},"properties":{"source_county":"Geauga","jurisdiction":"Bainbridge Township","parcel_id":"02-419439","owner_name":"DIFINI JOSEPH S & MELISSA","property_address":"17340 HASKINS RD","property_city":"CHAGRIN FALLS","property_zip":"44023"}},{"type":"Feature","geometry":{"type":"Polygon","coordinates":[[[-81.3231854873825,41.3971924235687],[-81.3239144385988,41.397195540679],[-81.323912370804,41.3974699910565],[-81.3231834165413,41.3974668739333],[-81.3231854873825,41.3971924235687]]]},"properties":{"source_county":"Geauga","jurisdiction":"Bainbridge Township","parcel_id":"02-419440","owner_name":"HARTMANS JENNIFER","property_address":"17350 HASKINS RD","property_city":"CHAGRIN FALLS","property_zip":"44023"}},{"type":"Feature","geometry":{"type":"Polygon","coordinates":[[[-81.323187559402,41.3969179731955],[-81.3239165075721,41.3969210902931],[-81.3239144385988,41.397195540679],[-81.3231854873825,41.3971924235687],[-81.323187559402,41.3969179731955]]]},"properties":{"source_county":"Geauga","jurisdiction":"Bainbridge Township","parcel_id":"02-419441","owner_name":"KARFES IRENE M A TOD","property_address":"17360 HASKINS RD","property_city":"CHAGRIN FALLS","property_zip":"44023"}},{"type":"Feature","geometry":{"type":"Polygon","coordinates":[[[-81.3231919094055,41.3963416265218],[-81.3239208511785,41.3963447435925],[-81.3239185753485,41.3966466389738],[-81.3231896302085,41.3966435227894],[-81.3231919094055,41.3963416265218]]]},"properties":{"source_county":"Geauga","jurisdiction":"Bainbridge Township","parcel_id":"02-419442","owner_name":"HEITNER NATHAN A TRUSTEE","property_address":"17380 HASKINS RD","property_city":"CHAGRIN FALLS","property_zip":"44023"}},{"type":"Feature","geometry":{"type":"Polygon","coordinates":[[[-81.3232008487003,41.3951570144652],[-81.3239297773252,41.3951601314807],[-81.3239275027569,41.3954620278727],[-81.3235630439426,41.395460469554],[-81.3231975348278,41.3955961356371],[-81.3232008487003,41.3951570144652]]]},"properties":{"source_county":"Geauga","jurisdiction":"Bainbridge Township","parcel_id":"02-419443","owner_name":"TANGLEWOOD LAKE ASSOCIATION","property_address":" HASKINS RD","property_city":"CHAGRIN FALLS","property_zip":"44023"}},{"type":"Feature","geometry":{"type":"Polygon","coordinates":[[[-81.3232033349644,41.3948276740107],[-81.323932259934,41.3948307910109],[-81.3239297773252,41.3951601314807],[-81.3232008487003,41.3951570144652],[-81.3232033349644,41.3948276740107]]]},"properties":{"source_county":"Geauga","jurisdiction":"Bainbridge Township","parcel_id":"02-419444","owner_name":"TANGLEWOOD LAKE ASSOCIATION","property_address":" HASKINS RD","property_city":"CHAGRIN FALLS","property_zip":"44023"}},{"type":"Feature","geometry":{"type":"Polygon","coordinates":[[[-81.3232062026865,41.3944476144861],[-81.323935123438,41.3944507314686],[-81.323932259934,41.3948307910109],[-81.3232033349644,41.3948276740107],[-81.3232062026865,41.3944476144861]]]},"properties":{"source_county":"Geauga","jurisdiction":"Bainbridge Township","parcel_id":"02-419445","owner_name":"TANGLEWOOD LAKE ASSOCIATION","property_address":" HASKINS RD","property_city":"CHAGRIN FALLS","property_zip":"44023"}},{"type":"Feature","geometry":{"type":"Polygon","coordinates":[[[-81.3232105577555,41.3938704993292],[-81.3231953064158,41.3938345503209],[-81.3239383419004,41.3940236708386],[-81.323935123438,41.3944507314686],[-81.3232062026865,41.3944476144861],[-81.3232105577555,41.3938704993292]]]},"properties":{"source_county":"Geauga","jurisdiction":"Bainbridge Township","parcel_id":"02-419446","owner_name":"TANGLEWOOD LAKE ASSOCIATION","property_address":" HASKINS RD","property_city":"CHAGRIN FALLS","property_zip":"44023"}},{"type":"Feature","geometry":{"type":"Polygon","coordinates":[[[-81.322843024381,41.3922566553003],[-81.3236339867651,41.3922507991456],[-81.3236375720864,41.3925252406842],[-81.3227192173447,41.3925320397435],[-81.322843024381,41.3922566553003]]]},"properties":{"source_county":"Geauga","jurisdiction":"Bainbridge Township","parcel_id":"02-419447","owner_name":"MEIER RICHARD J & MELISSA M","property_address":"17540 HASKINS RD","property_city":"CHAGRIN FALLS","property_zip":"44023"}},{"type":"Feature","geometry":{"type":"Polygon","coordinates":[[[-81.322974647094,41.3919638826727],[-81.3237608254218,41.391958134656],[-81.3236339867651,41.3922507991456],[-81.322843024381,41.3922566553003],[-81.322974647094,41.3919638826727]]]},"properties":{"source_county":"Geauga","jurisdiction":"Bainbridge Township","parcel_id":"02-419448","owner_name":"MEIER RICHARD J & MELISSA M","property_address":" HASKINS RD","property_city":"CHAGRIN FALLS","property_zip":"44023"}},{"type":"Feature","geometry":{"type":"Polygon","coordinates":[[[-81.3231896302085,41.3966435227894],[-81.3239185753485,41.3966466389738],[-81.3239165075721,41.3969210902931],[-81.323187559402,41.3969179731955],[-81.3231896302085,41.3966435227894]]]},"properties":{"source_county":"Geauga","jurisdiction":"Bainbridge Township","parcel_id":"02-419470","owner_name":"MC ANDREWS DAVID E & SUSAN J","property_address":"17370 HASKINS RD","property_city":"CHAGRIN FALLS","property_zip":"44023"}},{"type":"Feature","geometry":{"type":"Polygon","coordinates":[[[-81.3231934178527,41.3961417328147],[-81.3231954640712,41.3958705870226],[-81.3235589042961,41.3960093714252],[-81.3239233661726,41.3960109288563],[-81.3239224168636,41.396136855632],[-81.3239224173014,41.3961368979611],[-81.3239208511785,41.3963447435925],[-81.3231919094055,41.3963416265218],[-81.3231934178527,41.3961417328147]]]},"properties":{"source_county":"Geauga","jurisdiction":"Bainbridge Township","parcel_id":"02-419471","owner_name":"KLAIBER PHILIP J & ELLEN R","property_address":"17390 HASKINS RD","property_city":"CHAGRIN FALLS","property_zip":"44023"}},{"type":"Feature","geometry":{"type":"Polygon","coordinates":[[[-81.3193649785523,41.3808667840654],[-81.3230842347364,41.3808075851364],[-81.323077713549,41.3816308295331],[-81.3229683783517,41.3816325773422],[-81.3221164898076,41.3816461909173],[-81.3215135408647,41.3816558222368],[-81.3208941970549,41.3816657130203],[-81.3202202045374,41.3816764719297],[-81.3195977495632,41.3816864051309],[-81.3194510085861,41.381169709983],[-81.3193649785523,41.3808667840654]]]},"properties":{"source_county":"Geauga","jurisdiction":"Bainbridge Township","parcel_id":"02-419489","owner_name":"FALLS DREAM LLC","property_address":"17945 HASKINS RD","property_city":"CHAGRIN FALLS","property_zip":"44023"}},{"type":"Feature","geometry":{"type":"Polygon","coordinates":[[[-81.3244807078491,41.3889979716057],[-81.3245447225654,41.3889341185823],[-81.3246661831172,41.3890038003177],[-81.324602168451,41.3890676534069],[-81.3244807078491,41.3889979716057]]]},"properties":{"source_county":"Geauga","jurisdiction":"Bainbridge Township","parcel_id":"02-419495","owner_name":"SZARAZ DAWN M","property_address":"8747 EAST BROOK CIR","property_city":"CHAGRIN FALLS","property_zip":"44023"}},{"type":"Feature","geometry":{"type":"Polygon","coordinates":[[[-81.324602168451,41.3890676534069],[-81.3246661831172,41.3890038003177],[-81.3247876427472,41.3890734810118],[-81.3247236281152,41.3891373350674],[-81.324602168451,41.3890676534069]]]},"properties":{"source_county":"Geauga","jurisdiction":"Bainbridge Township","parcel_id":"02-419496","owner_name":"WOLFRUM KERRI DAWN TRUSTEE","property_address":"8745 EAST BROOK CIR","property_city":"CHAGRIN FALLS","property_zip":"44023"}},{"type":"Feature","geometry":{"type":"Polygon","coordinates":[[[-81.3247236281152,41.3891373350674],[-81.3247876427472,41.3890734810118],[-81.3249091026189,41.3891431624776],[-81.3248450880531,41.3892070156988],[-81.3247236281152,41.3891373350674]]]},"properties":{"source_county":"Geauga","jurisdiction":"Bainbridge Township","parcel_id":"02-419497","owner_name":"MEDLAR DEBRA S TRUSTEE","property_address":"8743 EAST BROOK CIR","property_city":"CHAGRIN FALLS","property_zip":"44023"}},{"type":"Feature","geometry":{"type":"Polygon","coordinates":[[[-81.324839286173,41.3895774427352],[-81.3248681397079,41.3895482919662],[-81.3248654373108,41.3895465490433],[-81.3249341024693,41.3894774245025],[-81.3250234104957,41.389527737081],[-81.3250215546758,41.3895296057518],[-81.3250603484212,41.3895512715574],[-81.3250241554756,41.3895879591436],[-81.3249862666123,41.3895666456076],[-81.3249272689441,41.3896261056835],[-81.324839286173,41.3895774427352]]]},"properties":{"source_county":"Geauga","jurisdiction":"Bainbridge Township","parcel_id":"02-419498","owner_name":"LOVASZ JUDITH A","property_address":"17636 EAST BROOK TRL","property_city":"CHAGRIN FALLS","property_zip":"44023"}},{"type":"Feature","geometry":{"type":"Polygon","coordinates":[[[-81.3247521432784,41.389665484337],[-81.324839286173,41.3895774427352],[-81.3249272689441,41.3896261056835],[-81.3248396539109,41.3897144064124],[-81.3247521432784,41.389665484337]]]},"properties":{"source_county":"Geauga","jurisdiction":"Bainbridge Township","parcel_id":"02-419499","owner_name":"KASSINGER NANCY L TOD","property_address":"17634 EAST BROOK TRL","property_city":"CHAGRIN FALLS","property_zip":"44023"}},{"type":"Feature","geometry":{"type":"Polygon","coordinates":[[[-81.3248140113773,41.3888559367845],[-81.3248832126206,41.3887907638094],[-81.3250046526445,41.3888615310166],[-81.3249357551045,41.3889267080448],[-81.3248140113773,41.3888559367845]]]},"properties":{"source_county":"Geauga","jurisdiction":"Bainbridge Township","parcel_id":"02-419501","owner_name":"JENKINS MARK & BARBARA","property_address":"8746 EAST BROOK CIR","property_city":"CHAGRIN FALLS","property_zip":"44023"}},{"type":"Feature","geometry":{"type":"Polygon","coordinates":[[[-81.3246922678964,41.3887851662953],[-81.3247617728585,41.3887199964735],[-81.3248832126206,41.3887907638094],[-81.3248140113773,41.3888559367845],[-81.3246922678964,41.3887851662953]]]},"properties":{"source_county":"Geauga","jurisdiction":"Bainbridge Township","parcel_id":"02-419502","owner_name":"DE BACCO TERRY LEE & CHIACCHIARI MICHELLE LEE","property_address":"8748 EAST BROOK CIR","property_city":"CHAGRIN FALLS","property_zip":"44023"}},{"type":"Feature","geometry":{"type":"Polygon","coordinates":[[[-81.3242136512753,41.3895622346551],[-81.3242405409325,41.3895362600634],[-81.3241638382136,41.3894916311061],[-81.3242299937228,41.389427202946],[-81.32434516886,41.389494263695],[-81.3242783988149,41.3895592899324],[-81.3242756933705,41.3895577180644],[-81.3242497301089,41.3895828438693],[-81.3242136512753,41.3895622346551]]]},"properties":{"source_county":"Geauga","jurisdiction":"Bainbridge Township","parcel_id":"02-419503","owner_name":"MORRISON GARY & KATHLEEN E","property_address":"8755 CONCORD CT","property_city":"CHAGRIN FALLS","property_zip":"44023"}},{"type":"Feature","geometry":{"type":"Polygon","coordinates":[[[-81.3241638382136,41.3894916311061],[-81.324069199048,41.3894365656825],[-81.3240432234708,41.3894623775173],[-81.3240107520232,41.3894438634703],[-81.3240367122582,41.3894189087868],[-81.3240321970398,41.3894166332355],[-81.3240998812728,41.3893514453195],[-81.3242299937228,41.389427202946],[-81.3241638382136,41.3894916311061]]]},"properties":{"source_county":"Geauga","jurisdiction":"Bainbridge Township","parcel_id":"02-419504","owner_name":"SILBERMAN DONNA M","property_address":"8757 CONCORD CT","property_city":"CHAGRIN FALLS","property_zip":"44023"}},{"type":"Feature","geometry":{"type":"Polygon","coordinates":[[[-81.3242554515573,41.3892123529758],[-81.324323150702,41.3891463077815],[-81.3244433893924,41.3892163195397],[-81.3243753866053,41.3892823626205],[-81.3242554515573,41.3892123529758]]]},"properties":{"source_county":"Geauga","jurisdiction":"Bainbridge Township","parcel_id":"02-419505","owner_name":"ABAFFY KRISTINA","property_address":"8758 CONCORD CT","property_city":"CHAGRIN FALLS","property_zip":"44023"}},{"type":"Feature","geometry":{"type":"Polygon","coordinates":[[[-81.3243753866053,41.3892823626205],[-81.3244433893924,41.3892163195397],[-81.3245636295186,41.3892863320843],[-81.3244953219089,41.3893523721396],[-81.3243753866053,41.3892823626205]]]},"properties":{"source_county":"Geauga","jurisdiction":"Bainbridge Township","parcel_id":"02-419506","owner_name":"BRADLEY JULIA MAE TOD","property_address":"8756 CONCORD CT","property_city":"CHAGRIN FALLS","property_zip":"44023"}},{"type":"Feature","geometry":{"type":"Polygon","coordinates":[[[-81.3244953219089,41.3893523721396],[-81.3245636295186,41.3892863320843],[-81.3246838687056,41.3893563444905],[-81.3246152586799,41.3894223806451],[-81.3244953219089,41.3893523721396]]]},"properties":{"source_county":"Geauga","jurisdiction":"Bainbridge Township","parcel_id":"02-419507","owner_name":"TAYLOR JEFFREY R TOD","property_address":"8754 CONCORD CT","property_city":"CHAGRIN FALLS","property_zip":"44023"}},{"type":"Feature","geometry":{"type":"Polygon","coordinates":[[[-81.3244549078129,41.38819948588],[-81.3246084572103,41.3881986428103],[-81.3246087989923,41.3882813721418],[-81.3244552500945,41.3882821764965],[-81.3244549078129,41.38819948588]]]},"properties":{"source_county":"Geauga","jurisdiction":"Bainbridge Township","parcel_id":"02-419508","owner_name":"CRAEMER KIMBERLY MAE","property_address":"8758 EAST BROOK CIR","property_city":"CHAGRIN FALLS","property_zip":"44023"}},{"type":"Feature","geometry":{"type":"Polygon","coordinates":[[[-81.3246084572103,41.3881986428103],[-81.3247620054082,41.3881977995249],[-81.3247624184562,41.3882805664988],[-81.3247450327214,41.3882806575113],[-81.3246087989923,41.3882813721418],[-81.3246084572103,41.3881986428103]]]},"properties":{"source_county":"Geauga","jurisdiction":"Bainbridge Township","parcel_id":"02-419509","owner_name":"GILL KATHLEEN A","property_address":"8756 EAST BROOK CIR","property_city":"CHAGRIN FALLS","property_zip":"44023"}},{"type":"Feature","geometry":{"type":"Polygon","coordinates":[[[-81.3247624184562,41.3882805664988],[-81.3248553815657,41.3882800789794],[-81.3248563457504,41.3883943357084],[-81.3247463289818,41.3883949230164],[-81.3247450327214,41.3882806575113],[-81.3247624184562,41.3882805664988]]]},"properties":{"source_county":"Geauga","jurisdiction":"Bainbridge Township","parcel_id":"02-419510","owner_name":"SUFFRON LINDA JANE & JOHN MELVIN","property_address":"8754 EAST BROOK CIR","property_city":"CHAGRIN FALLS","property_zip":"44023"}},{"type":"Feature","geometry":{"type":"Polygon","coordinates":[[[-81.3247463289818,41.3883949230164],[-81.3248563457504,41.3883943357084],[-81.3248573099384,41.3885085924338],[-81.3247476252306,41.3885091894183],[-81.3247463289818,41.3883949230164]]]},"properties":{"source_county":"Geauga","jurisdiction":"Bainbridge Township","parcel_id":"02-419511","owner_name":"MIOZZI MATTHEW & ASHLEY L","property_address":"8752 EAST BROOK CIR","property_city":"CHAGRIN FALLS","property_zip":"44023"}},{"type":"Feature","geometry":{"type":"Polygon","coordinates":[[[-81.3247476252306,41.3885091894183],[-81.3248573099384,41.3885085924338],[-81.3248582741298,41.3886228491557],[-81.3247489215,41.3886234549163],[-81.3247476252306,41.3885091894183]]]},"properties":{"source_county":"Geauga","jurisdiction":"Bainbridge Township","parcel_id":"02-419512","owner_name":"DARRAH MARIANNE C","property_address":"8750 EAST BROOK CIR","property_city":"CHAGRIN FALLS","property_zip":"44023"}},{"type":"Feature","geometry":{"type":"Polygon","coordinates":[[[-81.3245328762562,41.3897996415993],[-81.3246184267953,41.3897035837349],[-81.3247096367556,41.3897494555553],[-81.3246445476766,41.3898223903586],[-81.324672544132,41.3898363985045],[-81.324651511972,41.3898594762205],[-81.3245548160218,41.389810706616],[-81.3245328762562,41.3897996415993]]]},"properties":{"source_county":"Geauga","jurisdiction":"Bainbridge Township","parcel_id":"02-419513","owner_name":"RUDDLE JAQUELINE & CONCILLA CAROLINE R","property_address":"17630 EAST BROOK TRL","property_city":"CHAGRIN FALLS","property_zip":"44023"}},{"type":"Feature","geometry":{"type":"Polygon","coordinates":[[[-81.3244457317824,41.3898829885196],[-81.3244624773115,41.3898637729035],[-81.3243725319234,41.3898184018119],[-81.3244329499059,41.3897492424696],[-81.3245328762562,41.3897996415993],[-81.3245548160218,41.389810706616],[-81.3244941055999,41.3898785041594],[-81.3244922958128,41.3898777995887],[-81.324474626975,41.3898976920365],[-81.3244457317824,41.3898829885196]]]},"properties":{"source_county":"Geauga","jurisdiction":"Bainbridge Township","parcel_id":"02-419514","owner_name":"CRIDER STEFANI L","property_address":"17628 EAST BROOK TRL","property_city":"CHAGRIN FALLS","property_zip":"44023"}},{"type":"Feature","geometry":{"type":"Polygon","coordinates":[[[-81.3243725319234,41.3898184018119],[-81.3242719350136,41.3897676580383],[-81.3242440452017,41.3897985969823],[-81.3242124415735,41.389782493507],[-81.3242384817023,41.3897530792906],[-81.3243104357744,41.3896874510258],[-81.3244329499059,41.3897492424696],[-81.3243725319234,41.3898184018119]]]},"properties":{"source_county":"Geauga","jurisdiction":"Bainbridge Township","parcel_id":"02-419515","owner_name":"TOMARO MARGARET D TRUSTEE","property_address":"17626 EAST BROOK TRL","property_city":"CHAGRIN FALLS","property_zip":"44023"}},{"type":"Feature","geometry":{"type":"Polygon","coordinates":[[[-81.3243913303047,41.3886716333844],[-81.3245007888022,41.3886705292437],[-81.324502738043,41.3887853011634],[-81.3243933759208,41.3887864215952],[-81.3243913303047,41.3886716333844]]]},"properties":{"source_county":"Geauga","jurisdiction":"Bainbridge Township","parcel_id":"02-419516","owner_name":"SMITH ANNLOUISE HOLLY","property_address":"8749 EAST BROOK CIR","property_city":"CHAGRIN FALLS","property_zip":"44023"}},{"type":"Feature","geometry":{"type":"Polygon","coordinates":[[[-81.3244678515254,41.3885560650222],[-81.3244988383888,41.3885557564078],[-81.3245007888022,41.3886705292437],[-81.3243913303047,41.3886716333844],[-81.3243892846957,41.3885568451699],[-81.3244678515254,41.3885560650222]]]},"properties":{"source_county":"Geauga","jurisdiction":"Bainbridge Township","parcel_id":"02-419517","owner_name":"GURD ALAN R TOD & ELIZABETH RUTH KENNEDY AKA IMRIE RUTH TOD","property_address":"8751 EAST BROOK CIR","property_city":"CHAGRIN FALLS","property_zip":"44023"}},{"type":"Feature","geometry":{"type":"Polygon","coordinates":[[[-81.3243119464511,41.3884742310804],[-81.324466418591,41.3884727113604],[-81.3244678515254,41.3885560650222],[-81.3243892846957,41.3885568451699],[-81.3243134327478,41.3885575987957],[-81.3243119464511,41.3884742310804]]]},"properties":{"source_county":"Geauga","jurisdiction":"Bainbridge Township","parcel_id":"02-419518","owner_name":"BLAZEK SUSAN MARIE","property_address":"8759 EAST BROOK CIR","property_city":"CHAGRIN FALLS","property_zip":"44023"}},{"type":"Feature","geometry":{"type":"Polygon","coordinates":[[[-81.324157474304,41.3884757505944],[-81.3243119464511,41.3884742310804],[-81.3243134327478,41.3885575987957],[-81.3241587149446,41.3885591365313],[-81.324157474304,41.3884757505944]]]},"properties":{"source_county":"Geauga","jurisdiction":"Bainbridge Township","parcel_id":"02-419519","owner_name":"STOKES GEORGE G & MCGARRY SHEILA","property_address":"8761 EAST BROOK CIR","property_city":"CHAGRIN FALLS","property_zip":"44023"}},{"type":"Feature","geometry":{"type":"Polygon","coordinates":[[[-81.323732073017,41.3893847647363],[-81.3238373934288,41.3893858344703],[-81.3238384609621,41.3894988963434],[-81.3237291099282,41.3894993300723],[-81.323727888247,41.389414915039],[-81.323731532355,41.3894149520537],[-81.323732073017,41.3893847647363]]]},"properties":{"source_county":"Geauga","jurisdiction":"Bainbridge Township","parcel_id":"02-419520","owner_name":"AMBROSE MICHAEL & DONNA & COMER OKEYLEEN B","property_address":"17645 NORTHAMPTON CT","property_city":"CHAGRIN FALLS","property_zip":"44023"}},{"type":"Feature","geometry":{"type":"Polygon","coordinates":[[[-81.3237998168099,41.3892671904431],[-81.3238362711684,41.389267081619],[-81.3238373934288,41.3893858344703],[-81.323732073017,41.3893847647363],[-81.3237275178842,41.3893847184679],[-81.3237263392306,41.3892979012676],[-81.3237299863959,41.3892977672137],[-81.3237296191127,41.3892673986726],[-81.3237998168099,41.3892671904431]]]},"properties":{"source_county":"Geauga","jurisdiction":"Bainbridge Township","parcel_id":"02-419521","owner_name":"SAMANO MICHAEL S","property_address":"17643 NORTHAMPTON CT","property_city":"CHAGRIN FALLS","property_zip":"44023"}},{"type":"Feature","geometry":{"type":"Polygon","coordinates":[[[-81.323721715018,41.3891540944462],[-81.323799080752,41.3891538518653],[-81.3237998168099,41.3892671904431],[-81.3237296191127,41.3892673986726],[-81.3236904358163,41.3892675157643],[-81.3236901405811,41.3891822519348],[-81.3236928736524,41.3891822796967],[-81.3236925744652,41.3891541856724],[-81.323721715018,41.3891540944462]]]},"properties":{"source_county":"Geauga","jurisdiction":"Bainbridge Township","parcel_id":"02-419522","owner_name":"KELLIS AUGUSTINE MD & GEORGE J MD","property_address":"17641 NORTHAMPTON CT","property_city":"CHAGRIN FALLS","property_zip":"44023"}},{"type":"Feature","geometry":{"type":"Polygon","coordinates":[[[-81.3237659424919,41.3890708281488],[-81.3238789399645,41.3890702603265],[-81.3238787310996,41.3890819236095],[-81.3238765361691,41.3891536092429],[-81.323799080752,41.3891538518653],[-81.323721715018,41.3891540944462],[-81.3237212440444,41.3890736331319],[-81.3237658964224,41.3890734004816],[-81.3237659424919,41.3890708281488]]]},"properties":{"source_county":"Geauga","jurisdiction":"Bainbridge Township","parcel_id":"02-419523","owner_name":"WEISS MONETTE H TOD","property_address":"8780 EAST BROOK CIR","property_city":"CHAGRIN FALLS","property_zip":"44023"}},{"type":"Feature","geometry":{"type":"Polygon","coordinates":[[[-81.3239172649977,41.3891689481909],[-81.3239173387124,41.3891648317381],[-81.323876330367,41.389165101457],[-81.3238765361691,41.3891536092429],[-81.3238787310996,41.3890819236095],[-81.3240318255246,41.3890811622126],[-81.324030355968,41.389163234667],[-81.3240302638334,41.3891683802331],[-81.3239172649977,41.3891689481909]]]},"properties":{"source_county":"Geauga","jurisdiction":"Bainbridge Township","parcel_id":"02-419524","owner_name":"SHAW MARIE R TOD","property_address":"8782 EAST BROOK CIR","property_city":"CHAGRIN FALLS","property_zip":"44023"}},{"type":"Feature","geometry":{"type":"Polygon","coordinates":[[[-81.3240318255246,41.3890811622126],[-81.3241849187506,41.3890804006012],[-81.324185269901,41.3891625770922],[-81.324030355968,41.389163234667],[-81.3240318255246,41.3890811622126]]]},"properties":{"source_county":"Geauga","jurisdiction":"Bainbridge Township","parcel_id":"02-419525","owner_name":"CIN BIL LIMITED PARTNERSHIP","property_address":"8784 EAST BROOK CIR","property_city":"CHAGRIN FALLS","property_zip":"44023"}},{"type":"Feature","geometry":{"type":"Polygon","coordinates":[[[-81.308124055119,41.3903379869524],[-81.3101180857828,41.3903531721262],[-81.310118410299,41.3906164949137],[-81.3081107706102,41.3906173774506],[-81.308124055119,41.3903379869524]]]},"properties":{"source_county":"Geauga","jurisdiction":"Bainbridge Township","parcel_id":"02-419536","owner_name":"ROTH CHRISTINE JANE TRUSTEE","property_address":" SNYDER RD","property_city":"CHAGRIN FALLS","property_zip":"44023"}},{"type":"Feature","geometry":{"type":"Polygon","coordinates":[[[-81.3120682959591,41.3928600034334],[-81.3135173218234,41.3928484697623],[-81.3134927826912,41.3932154347434],[-81.313462767439,41.3936634115967],[-81.3103686359249,41.3936939490737],[-81.3100506734124,41.393697086126],[-81.3100718964914,41.3932856493875],[-81.3100930445945,41.3928756958984],[-81.3104835383196,41.3928725959666],[-81.3120682959591,41.3928600034334]]]},"properties":{"source_county":"Geauga","jurisdiction":"Bainbridge Township","parcel_id":"02-419550","owner_name":"PFOUTS SHARON L TOD","property_address":" SNYDER RD","property_city":"CHAGRIN FALLS","property_zip":"44023"}},{"type":"Feature","geometry":{"type":"Polygon","coordinates":[[[-81.3241982742626,41.3882835136667],[-81.3241983141894,41.3882812834707],[-81.3241563984482,41.38828137297],[-81.3241563510086,41.3881991995428],[-81.3243109559182,41.3881987106852],[-81.3243112673147,41.3882831164912],[-81.3241982742626,41.3882835136667]]]},"properties":{"source_county":"Geauga","jurisdiction":"Bainbridge Township","parcel_id":"02-419552","owner_name":"TOUZALIN ROBERT H","property_address":"8760 EAST BROOK CIR","property_city":"CHAGRIN FALLS","property_zip":"44023"}},{"type":"Feature","geometry":{"type":"Polygon","coordinates":[[[-81.3240451936471,41.3882836747547],[-81.3240452305,41.3882816165278],[-81.3240020617543,41.3882816968493],[-81.3240017460969,41.3881996881939],[-81.3241563510086,41.3881991995428],[-81.3241563984482,41.38828137297],[-81.3241563615988,41.388283431197],[-81.3240451936471,41.3882836747547]]]},"properties":{"source_county":"Geauga","jurisdiction":"Bainbridge Township","parcel_id":"02-419553","owner_name":"HORVATH JILL A","property_address":"8762 EAST BROOK CIR","property_city":"CHAGRIN FALLS","property_zip":"44023"}},{"type":"Feature","geometry":{"type":"Polygon","coordinates":[[[-81.3238471399872,41.3882001766265],[-81.3240017460969,41.3881996881939],[-81.3240020617543,41.3882816968493],[-81.3239595758144,41.3882817759843],[-81.3239595451014,41.3882834911733],[-81.3238474630741,41.3882838963581],[-81.3238471399872,41.3882001766265]]]},"properties":{"source_county":"Geauga","jurisdiction":"Bainbridge Township","parcel_id":"02-419554","owner_name":"SCHULER RONNA G","property_address":"8764 EAST BROOK CIR","property_city":"CHAGRIN FALLS","property_zip":"44023"}},{"type":"Feature","geometry":{"type":"Polygon","coordinates":[[[-81.3235559201707,41.3882057104138],[-81.3237094668667,41.3882049540582],[-81.3237098020659,41.3882879877145],[-81.3235572713958,41.3882887543944],[-81.3235559201707,41.3882057104138]]]},"properties":{"source_county":"Geauga","jurisdiction":"Bainbridge Township","parcel_id":"02-419555","owner_name":"CHEUNG DAVID J & MACH ALEXANDRA L","property_address":"8766 EAST BROOK CIR","property_city":"CHAGRIN FALLS","property_zip":"44023"}},{"type":"Feature","geometry":{"type":"Polygon","coordinates":[[[-81.3234023734712,41.3882064665657],[-81.3235559201707,41.3882057104138],[-81.3235572713958,41.3882887543944],[-81.3234273117336,41.3882894071015],[-81.3234037242441,41.3882895249539],[-81.3234023734712,41.3882064665657]]]},"properties":{"source_county":"Geauga","jurisdiction":"Bainbridge Township","parcel_id":"02-419556","owner_name":"GOGLIN SANDRA L TOD","property_address":"8768 EAST BROOK CIR","property_city":"CHAGRIN FALLS","property_zip":"44023"}},{"type":"Feature","geometry":{"type":"Polygon","coordinates":[[[-81.3234037242441,41.3882895249539],[-81.3234273117336,41.3882894071015],[-81.3234277018849,41.3883693534166],[-81.3234231437581,41.388369478205],[-81.3234234804219,41.3884036169451],[-81.323316861713,41.3884041527709],[-81.3233162098725,41.3882899649144],[-81.3234037242441,41.3882895249539]]]},"properties":{"source_county":"Geauga","jurisdiction":"Bainbridge Township","parcel_id":"02-419557","owner_name":"GRAMPP RICHARD B SR","property_address":"8770 EAST BROOK CIR","property_city":"CHAGRIN FALLS","property_zip":"44023"}},{"type":"Feature","geometry":{"type":"Polygon","coordinates":[[[-81.3233175123603,41.3885183406118],[-81.323316861713,41.3884041527709],[-81.3234234804219,41.3884036169451],[-81.3234237919958,41.3884350178324],[-81.3234274360491,41.3884350548568],[-81.3234286880529,41.388517754727],[-81.3233175123603,41.3885183406118]]]},"properties":{"source_county":"Geauga","jurisdiction":"Bainbridge Township","parcel_id":"02-419558","owner_name":"MCKENNA ERIN","property_address":"8772 EAST BROOK CIR","property_city":"CHAGRIN FALLS","property_zip":"44023"}},{"type":"Feature","geometry":{"type":"Polygon","coordinates":[[[-81.3238691341203,41.3884729935656],[-81.3240217301547,41.3884745432858],[-81.3240202314352,41.3885582445079],[-81.3238676352064,41.3885566947857],[-81.3238691341203,41.3884729935656]]]},"properties":{"source_county":"Geauga","jurisdiction":"Bainbridge Township","parcel_id":"02-419559","owner_name":"MURPHY ROBERT A TOD","property_address":"8763 EAST BROOK CIR","property_city":"CHAGRIN FALLS","property_zip":"44023"}},{"type":"Feature","geometry":{"type":"Polygon","coordinates":[[[-81.3237165392886,41.3884714436564],[-81.3238691341203,41.3884729935656],[-81.3238676352064,41.3885566947857],[-81.3237888324009,41.388555894409],[-81.3237150401803,41.3885551448746],[-81.3237165392886,41.3884714436564]]]},"properties":{"source_county":"Geauga","jurisdiction":"Bainbridge Township","parcel_id":"02-419560","owner_name":"BARBER ELIZABETH D","property_address":"8765 EAST BROOK CIR","property_city":"CHAGRIN FALLS","property_zip":"44023"}},{"type":"Feature","geometry":{"type":"Polygon","coordinates":[[[-81.3237150401803,41.3885551448746],[-81.3237888324009,41.388555894409],[-81.3237868004277,41.3886693543779],[-81.3236820335142,41.3886682902083],[-81.3236840656684,41.3885548302413],[-81.3237150401803,41.3885551448746]]]},"properties":{"source_county":"Geauga","jurisdiction":"Bainbridge Township","parcel_id":"02-419561","owner_name":"LINK JEFFERY A","property_address":"8773 EAST BROOK CIR","property_city":"CHAGRIN FALLS","property_zip":"44023"}},{"type":"Feature","geometry":{"type":"Polygon","coordinates":[[[-81.3236820335142,41.3886682902083],[-81.3237868004277,41.3886693543779],[-81.3237847684474,41.3887828143432],[-81.323680001353,41.3887817501719],[-81.3236820335142,41.3886682902083]]]},"properties":{"source_county":"Geauga","jurisdiction":"Bainbridge Township","parcel_id":"02-419562","owner_name":"DE COURCEY DAVID F","property_address":"8775 EAST BROOK CIR","property_city":"CHAGRIN FALLS","property_zip":"44023"}},{"type":"Feature","geometry":{"type":"Polygon","coordinates":[[[-81.3233099166738,41.3886371481013],[-81.3234210833575,41.3886370763303],[-81.3234212729423,41.388757253374],[-81.3233104970845,41.388757324616],[-81.3233099166738,41.3886371481013]]]},"properties":{"source_county":"Geauga","jurisdiction":"Bainbridge Township","parcel_id":"02-419563","owner_name":"DREES CONNIE K TOD","property_address":"8774 EAST BROOK CIR","property_city":"CHAGRIN FALLS","property_zip":"44023"}},{"type":"Feature","geometry":{"type":"Polygon","coordinates":[[[-81.3233104970845,41.388757324616],[-81.3234212729423,41.388757253374],[-81.3234214533805,41.3888707322131],[-81.3233329450296,41.3888775522233],[-81.3233110774812,41.388877502027],[-81.3233104970845,41.388757324616]]]},"properties":{"source_county":"Geauga","jurisdiction":"Bainbridge Township","parcel_id":"02-419564","owner_name":"LECHNER KAREN","property_address":"8776 EAST BROOK CIR","property_city":"CHAGRIN FALLS","property_zip":"44023"}},{"type":"Feature","geometry":{"type":"Polygon","coordinates":[[[-81.3234214533805,41.3888707322131],[-81.3234387658298,41.3888707361089],[-81.3234393879474,41.3889885977859],[-81.3233327757901,41.3889887149583],[-81.3233329450296,41.3888775522233],[-81.3234214533805,41.3888707322131]]]},"properties":{"source_county":"Geauga","jurisdiction":"Bainbridge Township","parcel_id":"02-419565","owner_name":"KORCYKOSKI MYRTLE PAULINE TOD","property_address":"8778 EAST BROOK CIR","property_city":"CHAGRIN FALLS","property_zip":"44023"}},{"type":"Feature","geometry":{"type":"Polygon","coordinates":[[[-81.3233087431159,41.3891603648407],[-81.3234208186278,41.389160474296],[-81.3234205396914,41.3892777684836],[-81.3233086923336,41.3892776613484],[-81.3233087431159,41.3891603648407]]]},"properties":{"source_county":"Geauga","jurisdiction":"Bainbridge Township","parcel_id":"02-419566","owner_name":"PNC BANK N A TRUSTEE","property_address":"17640 NORTHAMPTON CT","property_city":"CHAGRIN FALLS","property_zip":"44023"}},{"type":"Feature","geometry":{"type":"Polygon","coordinates":[[[-81.3233086923336,41.3892776613484],[-81.3234205396914,41.3892777684836],[-81.323420260738,41.3893950635678],[-81.3233086403392,41.3893949587405],[-81.3233086923336,41.3892776613484]]]},"properties":{"source_county":"Geauga","jurisdiction":"Bainbridge Township","parcel_id":"02-419567","owner_name":"KARIUS DIANA L TOD","property_address":"17642 NORTHAMPTON CT","property_city":"CHAGRIN FALLS","property_zip":"44023"}},{"type":"Feature","geometry":{"type":"Polygon","coordinates":[[[-81.3233086403392,41.3893949587405],[-81.323420260738,41.3893950635678],[-81.3234199817836,41.3895123586483],[-81.3233085895403,41.3895122561411],[-81.3233086403392,41.3893949587405]]]},"properties":{"source_county":"Geauga","jurisdiction":"Bainbridge Township","parcel_id":"02-419568","owner_name":"FRISA LYNDA","property_address":"17644 NORTHAMPTON CT","property_city":"CHAGRIN FALLS","property_zip":"44023"}},{"type":"Feature","geometry":{"type":"Polygon","coordinates":[[[-81.3233085895403,41.3895122561411],[-81.3234199817836,41.3895123586483],[-81.3234197028443,41.3896296528247],[-81.3233085375617,41.3896295526254],[-81.3233085895403,41.3895122561411]]]},"properties":{"source_county":"Geauga","jurisdiction":"Bainbridge Township","parcel_id":"02-419569","owner_name":"HAGERTY JULIE A & CHARLES R","property_address":"17646 NORTHAMPTON CT","property_city":"CHAGRIN FALLS","property_zip":"44023"}},{"type":"Feature","geometry":{"type":"Polygon","coordinates":[[[-81.3238436313881,41.3888031409108],[-81.3239985374794,41.3888029409815],[-81.3239988914583,41.3888849464105],[-81.3238439851898,41.38888514544],[-81.3238436313881,41.3888031409108]]]},"properties":{"source_county":"Geauga","jurisdiction":"Bainbridge Township","parcel_id":"02-419570","owner_name":"IAMEC HOLDINGS LLC","property_address":"8781 EAST BROOK CIR","property_city":"CHAGRIN FALLS","property_zip":"44023"}},{"type":"Feature","geometry":{"type":"Polygon","coordinates":[[[-81.3239985374794,41.3888029409815],[-81.324153442358,41.3888027417332],[-81.3241537965464,41.3888847462613],[-81.3239988914583,41.3888849464105],[-81.3239985374794,41.3888029409815]]]},"properties":{"source_county":"Geauga","jurisdiction":"Bainbridge Township","parcel_id":"02-419571","owner_name":"VECCHIARELLI MARY JOSEPHINE & NANCY ANN","property_address":"8783 EAST BROOK CIR","property_city":"CHAGRIN FALLS","property_zip":"44023"}},{"type":"Feature","geometry":{"type":"Polygon","coordinates":[[[-81.324153442358,41.3888027417332],[-81.3243083472518,41.3888025413773],[-81.3243087016175,41.3888845468053],[-81.3241537965464,41.3888847462613],[-81.324153442358,41.3888027417332]]]},"properties":{"source_county":"Geauga","jurisdiction":"Bainbridge Township","parcel_id":"02-419572","owner_name":"FORSBERG ERIC","property_address":"8785 EAST BROOK CIR","property_city":"CHAGRIN FALLS","property_zip":"44023"}},{"type":"Feature","geometry":{"type":"Polygon","coordinates":[[[-81.3208647495262,41.3766346002867],[-81.3213459100378,41.3766266327578],[-81.3213461436172,41.3766323381836],[-81.3213463696051,41.3766378670285],[-81.3213623691274,41.377029431149],[-81.321378991536,41.3774231385189],[-81.3193408712203,41.3774258762],[-81.3193415187794,41.3773459464688],[-81.3193453890759,41.3768684012863],[-81.3193470497835,41.3766635217823],[-81.3193470532876,41.3766630607473],[-81.320423068893,41.376642885196],[-81.3208647495262,41.3766346002867]]]},"properties":{"source_county":"Geauga","jurisdiction":"Bainbridge Township","parcel_id":"02-419623","owner_name":"RIDGWAY SCOTT A & MARTINA M","property_address":" HASKINS RD","property_city":"CHAGRIN FALLS","property_zip":"44023"}},{"type":"Feature","geometry":{"type":"Polygon","coordinates":[[[-81.3193343827781,41.3782262827387],[-81.3231044590751,41.3782538707316],[-81.3230991297003,41.3789268792391],[-81.3193282606582,41.3789816222982],[-81.3193299063405,41.3787785825361],[-81.3193337768059,41.3783010375378],[-81.3193343827781,41.3782262827387]]]},"properties":{"source_county":"Geauga","jurisdiction":"Bainbridge Township","parcel_id":"02-419638","owner_name":"NORTMANN CHARLES A TOD & MARY ANN TOD","property_address":"18035 HASKINS RD","property_city":"CHAGRIN FALLS","property_zip":"44023"}},{"type":"Feature","geometry":{"type":"Polygon","coordinates":[[[-81.321378991536,41.3774231385189],[-81.3231111917355,41.3774037703879],[-81.3231044590751,41.3782538707316],[-81.3193343827781,41.3782262827387],[-81.319337647215,41.3778234924781],[-81.3193408712203,41.3774258762],[-81.321378991536,41.3774231385189]]]},"properties":{"source_county":"Geauga","jurisdiction":"Bainbridge Township","parcel_id":"02-419645","owner_name":"CARDWELL JOHN G CYNTHIA R","property_address":"18055 HASKINS RD","property_city":"CHAGRIN FALLS","property_zip":"44023"}},{"type":"Feature","geometry":{"type":"Polygon","coordinates":[[[-81.3025344933022,41.3866002578541],[-81.3025716339415,41.3865562035183],[-81.3026202236044,41.3865782196202],[-81.3026701642741,41.3865984485508],[-81.3027207641623,41.3866167740451],[-81.3027724652188,41.386633264396],[-81.303645219075,41.3868937804308],[-81.3037154524768,41.386917172629],[-81.3037830496685,41.3869446185615],[-81.3038475989024,41.3869759510511],[-81.3039087069951,41.387010979247],[-81.3039660017216,41.3870494897869],[-81.3040191340834,41.3870912480964],[-81.3040677804335,41.3871359998181],[-81.3041116444482,41.3871834723608],[-81.3043425676439,41.3874554454186],[-81.3043602814378,41.3874780105677],[-81.3043758568148,41.3875014532666],[-81.3043892175304,41.387525658762],[-81.3044002981805,41.3875505085665],[-81.304409044522,41.3875758810386],[-81.3044154137381,41.3876016519782],[-81.3044193746483,41.3876276952344],[-81.3044209078607,41.3876538833233],[-81.3044243520727,41.3879398645377],[-81.3044218150303,41.3879612764591],[-81.3044137859858,41.3879819055415],[-81.3044005727969,41.3880009607917],[-81.3043826821008,41.388017711562],[-81.3043607998891,41.3880315155668],[-81.3043357652044,41.3880418435095],[-81.3043085379682,41.3880482993785],[-81.3042801621737,41.3880506356318],[-81.3025147664244,41.3880650249325],[-81.3025239923771,41.3866127134432],[-81.3025344933022,41.3866002578541]]]},"properties":{"source_county":"Geauga","jurisdiction":"Bainbridge Township","parcel_id":"02-419758","owner_name":"SPARKS STEVEN L TRUSTEE & MICHELE A TRUSTEE","property_address":"9480 BEECH TREE LN","property_city":"CHAGRIN FALLS","property_zip":"44023"}},{"type":"Feature","geometry":{"type":"Polygon","coordinates":[[[-81.3005823752479,41.3866262752571],[-81.3007332997044,41.3849833755055],[-81.3010677674475,41.3850007954221],[-81.3011512925445,41.3850078560477],[-81.3012337128302,41.3850202594394],[-81.3013144269112,41.3850379150939],[-81.3013928458428,41.3850606941838],[-81.3014683974256,41.3850884304977],[-81.3015405303801,41.3851209216524],[-81.3016087183695,41.3851579305702],[-81.3016724638396,41.3851991872081],[-81.3017313016495,41.3852443905282],[-81.3017848024652,41.3852932106942],[-81.3018325758931,41.385345291478],[-81.301874273328,41.3854002528586],[-81.3019095904975,41.3854576937951],[-81.3019382696825,41.3855171951528],[-81.3019601015981,41.3855783227613],[-81.3019749269212,41.3856406305826],[-81.3020238655604,41.385912822027],[-81.3020344129036,41.3859614838933],[-81.3020484608828,41.3860096413719],[-81.3020659678717,41.3860571517385],[-81.302086881992,41.386103874186],[-81.3021111412675,41.3861496702424],[-81.3021386738072,41.386194404181],[-81.3021693980189,41.3862379434225],[-81.3022032228502,41.3862801589282],[-81.3022400480591,41.3863209255824],[-81.3022797645106,41.386360122563],[-81.3023222544998,41.3863976336999],[-81.3023673921015,41.3864333478195],[-81.3024150435429,41.3864671590735],[-81.3024650675998,41.3864989672534],[-81.3025173160159,41.3865286780871],[-81.3025716339415,41.3865562035183],[-81.3025344933022,41.3866002578541],[-81.3025239923771,41.3866127134432],[-81.302505769252,41.3866129095221],[-81.3005817094886,41.3866335284272],[-81.3005823752479,41.3866262752571]]]},"properties":{"source_county":"Geauga","jurisdiction":"Bainbridge Township","parcel_id":"02-419759","owner_name":"WALTERS CRAIG M & MICHELLE L","property_address":"9550 BEECH TREE LN","property_city":"CHAGRIN FALLS","property_zip":"44023"}},{"type":"Feature","geometry":{"type":"Polygon","coordinates":[[[-81.300286677536,41.3847950455587],[-81.300409003093,41.383205905183],[-81.3021006991101,41.3834436547435],[-81.301415311795,41.3848901125333],[-81.3013343016386,41.384870079717],[-81.3012516103933,41.3848544202805],[-81.3011676537361,41.3848432129414],[-81.301082853704,41.384836514037],[-81.300286677536,41.3847950455587]]]},"properties":{"source_county":"Geauga","jurisdiction":"Bainbridge Township","parcel_id":"02-419764","owner_name":"MEEKS JEFFREY D & CECELIA C","property_address":"9565 BEECH TREE LN","property_city":"CHAGRIN FALLS","property_zip":"44023"}},{"type":"Feature","geometry":{"type":"Polygon","coordinates":[[[-81.301415311795,41.3848901125333],[-81.3021006991101,41.3834436547435],[-81.303027064068,41.3835738333598],[-81.3029981799348,41.3852814444931],[-81.3019763589713,41.3852114099391],[-81.3019215177317,41.3851582417354],[-81.3018615839953,41.3851082884584],[-81.301796888932,41.3850618261206],[-81.3017277900176,41.3850191114453],[-81.3016546690588,41.3849803804479],[-81.3015779300834,41.3849458471317],[-81.3014979971079,41.3849157023065],[-81.301415311795,41.3848901125333]]]},"properties":{"source_county":"Geauga","jurisdiction":"Bainbridge Township","parcel_id":"02-419765","owner_name":"VONHAZ KEVIN & CHRISTINA","property_address":"9535 BEECH TREE LN","property_city":"CHAGRIN FALLS","property_zip":"44023"}},{"type":"Feature","geometry":{"type":"Polygon","coordinates":[[[-81.3019763589713,41.3852114099391],[-81.3029981799348,41.3852814444931],[-81.3030097996173,41.3852815276849],[-81.3052283085296,41.3852973763633],[-81.3052486187011,41.3865670926742],[-81.3052514662072,41.3867451394221],[-81.3046958833788,41.386748481428],[-81.3047034592196,41.3873655206747],[-81.3045267808697,41.3873667271325],[-81.3042958619068,41.387094759887],[-81.3042422503214,41.3870367380641],[-81.3041827936899,41.3869820416969],[-81.3041178541882,41.3869310039516],[-81.3040478273866,41.3868839357085],[-81.3039731398403,41.3868411236679],[-81.303894246491,41.3868028286047],[-81.3038116278961,41.3867692837796],[-81.3037257873014,41.3867406935186],[-81.3032309527348,41.3865929871934],[-81.3029922952893,41.3865217470594],[-81.3028530339807,41.3864801771674],[-81.3027933380223,41.3864606128821],[-81.3027354906572,41.3864381183838],[-81.3026797451356,41.3864127921521],[-81.3026263455056,41.3863847450635],[-81.3025755255438,41.3863540999063],[-81.3025275077326,41.3863209908427],[-81.3024825022858,41.3862855628214],[-81.3024407062282,41.3862479709431],[-81.3024023025334,41.3862083797815],[-81.3023674593225,41.3861669626626],[-81.3023363291285,41.386123900906],[-81.3023090482283,41.3860793830308],[-81.3022857360461,41.3860336039306],[-81.3022664946312,41.38598676402],[-81.3022514082109,41.3859390683574],[-81.3022405428221,41.3858907257469],[-81.3021916033015,41.3856185343925],[-81.3021795291835,41.3855639703208],[-81.3021630547703,41.3855100631269],[-81.3021422415242,41.385457013891],[-81.3021171670913,41.3854050204927],[-81.3020879250117,41.3853542768726],[-81.3020546243707,41.3853049723092],[-81.3020173893913,41.3852572907127],[-81.3019763589713,41.3852114099391]]]},"properties":{"source_county":"Geauga","jurisdiction":"Bainbridge Township","parcel_id":"02-419767","owner_name":"ZAVESON MATTHEW E & BETHANN K","property_address":"9495 BEECH TREE LN","property_city":"CHAGRIN FALLS","property_zip":"44023"}},{"type":"Feature","geometry":{"type":"Polygon","coordinates":[[[-81.3185484756455,41.3863501686702],[-81.319965128245,41.3863254344082],[-81.3199517108674,41.3880144580467],[-81.3185950263892,41.3880245133781],[-81.3185484756455,41.3863501686702]]]},"properties":{"source_county":"Geauga","jurisdiction":"Bainbridge Township","parcel_id":"02-419781","owner_name":"JOHNSON DEMI J & MORAN TIMOTHY M","property_address":"9037 BAINBRIDGE RD","property_city":"CHAGRIN FALLS","property_zip":"44023"}},{"type":"Feature","geometry":{"type":"Polygon","coordinates":[[[-81.3157786235267,41.3880453364235],[-81.3157785290461,41.3880453372584],[-81.3157854565109,41.3863988433839],[-81.3169953541035,41.3863793125242],[-81.3170109695396,41.386941456617],[-81.3175435055041,41.3869330654036],[-81.3175740451709,41.3880320700504],[-81.3157786235267,41.3880453364235]]]},"properties":{"source_county":"Geauga","jurisdiction":"Bainbridge Township","parcel_id":"02-419782","owner_name":"WINTZ MATTHEW & SYBRANDT STEPHANIE","property_address":"9099 BAINBRIDGE RD","property_city":"CHAGRIN FALLS","property_zip":"44023"}},{"type":"Feature","geometry":{"type":"Polygon","coordinates":[[[-81.3144623976846,41.3864201856748],[-81.3157854565109,41.3863988433839],[-81.3157785290461,41.3880453372584],[-81.3145687210739,41.3880542610328],[-81.3144637874714,41.3880550662055],[-81.3144623976846,41.3864201856748]]]},"properties":{"source_county":"Geauga","jurisdiction":"Bainbridge Township","parcel_id":"02-419783","owner_name":"EICHELBERGER GEORGE K & FRANCES M","property_address":"9157 BAINBRIDGE RD","property_city":"CHAGRIN FALLS","property_zip":"44023"}},{"type":"Feature","geometry":{"type":"Polygon","coordinates":[[[-81.3069158176815,41.3976953339516],[-81.3078499977674,41.3976928251837],[-81.3078517051264,41.3979456832629],[-81.3078592488955,41.3990629677695],[-81.3069213932676,41.3988258064897],[-81.3069158176815,41.3976953339516]]]},"properties":{"source_county":"Geauga","jurisdiction":"Bainbridge Township","parcel_id":"02-419830","owner_name":"STEIMLE MICHAEL ANDREW & SARAH CATHERINE TRUSTEES","property_address":"17299 SNYDER RD","property_city":"CHAGRIN FALLS","property_zip":"44023"}},{"type":"Feature","geometry":{"type":"Polygon","coordinates":[[[-81.305938614333,41.3767393395521],[-81.3071794845619,41.3760049147672],[-81.3071670173167,41.3767415888346],[-81.3071666970477,41.3767605426049],[-81.3071477759806,41.3771715722476],[-81.3071257825849,41.3776493301122],[-81.3071179709254,41.3778114702727],[-81.3070032820419,41.3778287652495],[-81.3068894957409,41.3778491641303],[-81.3067767600347,41.3778726403806],[-81.306665221569,41.3778991634627],[-81.3065550254332,41.3779286988758],[-81.3064463149706,41.3779612082007],[-81.3063392315929,41.3779966491493],[-81.3062339145959,41.3780349756204],[-81.3062098931556,41.3780404310297],[-81.3061849854611,41.3780427026177],[-81.3061599295745,41.3780417230731],[-81.3061354679495,41.3780375214217],[-81.3061123254301,41.3780302221662],[-81.3060911877723,41.3780200415975],[-81.3060726813235,41.3780072813848],[-81.3060573544625,41.377992319637],[-81.3057561894698,41.3776165813324],[-81.3057007290296,41.3775529830444],[-81.305641817345,41.3774911704551],[-81.3055795556307,41.3774312497532],[-81.3055140508557,41.3773733238772],[-81.3054454155595,41.3773174923385],[-81.3053737676585,41.3772638510501],[-81.3052992302435,41.3772124921623],[-81.3052219313686,41.3771635039043],[-81.305938614333,41.3767393395521]]]},"properties":{"source_county":"Geauga","jurisdiction":"Bainbridge Township","parcel_id":"02-419868","owner_name":"SHAHIDIAN BAHRAM M TRUSTEE","property_address":"18170 WINDSWEPT CIR","property_city":"CHAGRIN FALLS","property_zip":"44023"}},{"type":"Feature","geometry":{"type":"Polygon","coordinates":[[[-81.3046476855604,41.376736961234],[-81.3068927724263,41.3751006344564],[-81.3070344491573,41.3750986579382],[-81.3070217378062,41.375842373621],[-81.3087814589311,41.375818217694],[-81.3087793145396,41.3759421392585],[-81.3087786144418,41.3759826577322],[-81.3071794845619,41.3760049147672],[-81.305938614333,41.3767393395521],[-81.3052219313686,41.3771635039043],[-81.3051380597123,41.3771147755495],[-81.3050514564627,41.3770688380647],[-81.3049622851905,41.3770257782108],[-81.3048707143155,41.3769856773135],[-81.3047769167886,41.3769486111101],[-81.3046810697649,41.3769146496063],[-81.3045833542699,41.3768838569437],[-81.3044839548567,41.376856291279],[-81.3046476855604,41.376736961234]]]},"properties":{"source_county":"Geauga","jurisdiction":"Bainbridge Township","parcel_id":"02-419869","owner_name":"VEAZIE JOHNITHON G & GERICHELAIN M","property_address":"18180 WINDSWEPT CIR","property_city":"CHAGRIN FALLS","property_zip":"44023"}},{"type":"Feature","geometry":{"type":"Polygon","coordinates":[[[-81.3045117612901,41.3751338316553],[-81.3068927724263,41.3751006344564],[-81.3046476855604,41.376736961234],[-81.3044839548567,41.376856291279],[-81.3043989083418,41.3768355799324],[-81.3043129108341,41.3768172313234],[-81.3042713950196,41.3768090782485],[-81.3042291805941,41.3768033089008],[-81.3042405380684,41.3767362078617],[-81.3045117612901,41.3751338316553]]]},"properties":{"source_county":"Geauga","jurisdiction":"Bainbridge Township","parcel_id":"02-419870","owner_name":"OESTERREICH TYLER & SHARI","property_address":"18190 WINDSWEPT CIR","property_city":"CHAGRIN FALLS","property_zip":"44023"}},{"type":"Feature","geometry":{"type":"Polygon","coordinates":[[[-81.3039459382319,41.3768671891648],[-81.3037959276551,41.3767353838993],[-81.3020128224828,41.3751686198362],[-81.3045117612901,41.3751338316553],[-81.3042405380684,41.3767362078617],[-81.3042291805941,41.3768033089008],[-81.3041912480822,41.376801173073],[-81.3041532266522,41.3768020274992],[-81.3041155306532,41.376805862868],[-81.3040785708879,41.3768126373825],[-81.304042750136,41.3768222772155],[-81.3040084587651,41.376834677314],[-81.3039760704762,41.3768497025444],[-81.3039459382319,41.3768671891648]]]},"properties":{"source_county":"Geauga","jurisdiction":"Bainbridge Township","parcel_id":"02-419871","owner_name":"GROFF TIMOTHY J & LINDA M","property_address":"18195 WINDSWEPT CIR","property_city":"CHAGRIN FALLS","property_zip":"44023"}},{"type":"Feature","geometry":{"type":"Polygon","coordinates":[[[-81.3016286639337,41.3751739629139],[-81.3020128224828,41.3751686198362],[-81.3037959276551,41.3767353838993],[-81.3039459382319,41.3768671891648],[-81.3039192913064,41.3768862320294],[-81.3038953250813,41.3769071988602],[-81.3038742831002,41.3769298765954],[-81.3038563791918,41.3769540347871],[-81.3038417952968,41.376979427943],[-81.303830679619,41.3770057980209],[-81.3038231451188,41.3770328770511],[-81.3038192683655,41.3770603898589],[-81.3031522211983,41.3770326599499],[-81.3019855414024,41.376984150364],[-81.3019360622662,41.3767331826112],[-81.3019358039936,41.3767318732677],[-81.3017207238867,41.3756409273996],[-81.3016286639337,41.3751739629139]]]},"properties":{"source_county":"Geauga","jurisdiction":"Bainbridge Township","parcel_id":"02-419873","owner_name":"PISTILLO WARREN ROCCO & TAMARA LYNN","property_address":"18185 WINDSWEPT CIR","property_city":"CHAGRIN FALLS","property_zip":"44023"}},{"type":"Feature","geometry":{"type":"Polygon","coordinates":[[[-81.3022377729124,41.3775261358339],[-81.3019855414024,41.376984150364],[-81.3031522211983,41.3770326599499],[-81.3038192683655,41.3770603898589],[-81.3038188346005,41.3770827025521],[-81.3038208088147,41.3771049680362],[-81.3038251779596,41.3771270391199],[-81.3038319131541,41.377148769897],[-81.303840969876,41.3771700167107],[-81.3038522882557,41.3771906391036],[-81.3038657934721,41.3772105007459],[-81.3038813962474,41.3772294703369],[-81.3038989934369,41.377247422473],[-81.303918468711,41.3772642384765],[-81.3039396933242,41.3772798071806],[-81.3039625269664,41.3772940256637],[-81.3039868186899,41.3773067999304],[-81.3040124079079,41.3773180455326],[-81.3040391254557,41.3773276881279],[-81.3040667947094,41.377335663971],[-81.304095232753,41.3773419203351],[-81.3041242515883,41.3773464158606],[-81.3041536593773,41.3773491208285],[-81.3041832617107,41.3773500173566],[-81.304212862893,41.3773490995183],[-81.3042422672363,41.3773463733811],[-81.304271280354,41.3773418569671],[-81.3042997104459,41.3773355801334],[-81.3043273695664,41.377327584375],[-81.3043540748665,41.3773179225502],[-81.3043796498033,41.3773066585316],[-81.3044039253065,41.3772938667832],[-81.3044267408964,41.3772796318688],[-81.3044479457448,41.3772640478924],[-81.3044673996723,41.3772472178763],[-81.3044849740743,41.3772292530803],[-81.3045005997705,41.3772135152449],[-81.3045181467437,41.3771989715026],[-81.3045374550588,41.3771857544139],[-81.3045583487271,41.3771739844476],[-81.3045806373102,41.3771637688822],[-81.304604117656,41.3771552008286],[-81.3046285757502,41.377148358381],[-81.3046537886668,41.3771433039057],[-81.3046795266005,41.3771400834721],[-81.3047055549603,41.3771387264332],[-81.3047316365085,41.3771392451578],[-81.3047575335225,41.377141634918],[-81.3047830099617,41.377145873932],[-81.3048078336186,41.377151923563],[-81.3048317782356,41.3771597286711],[-81.3048546255667,41.3771692181158],[-81.3036758769809,41.3782227049328],[-81.3031421387408,41.3784563086464],[-81.3031227692251,41.3784522226323],[-81.3026193506279,41.3783460365996],[-81.3022377729124,41.3775261358339]]]},"properties":{"source_county":"Geauga","jurisdiction":"Bainbridge Township","parcel_id":"02-419874","owner_name":"KNICELY HOWARD V & SUSAN D","property_address":"18105 WINDSWEPT CIR","property_city":"CHAGRIN FALLS","property_zip":"44023"}},{"type":"Feature","geometry":{"type":"Polygon","coordinates":[[[-81.3036758769809,41.3782227049328],[-81.3048546255667,41.3771692181158],[-81.3049650946484,41.3772239110676],[-81.3050710432763,41.3772834624327],[-81.3051720953235,41.3773476608054],[-81.3052678920429,41.377416278283],[-81.3053580933404,41.3774890712741],[-81.3054423789826,41.3775657813635],[-81.3055204497334,41.3776461362293],[-81.3055920284164,41.3777298506098],[-81.3058333912546,41.3780315153915],[-81.3058509059743,41.3780588135858],[-81.3058614795174,41.3780880676607],[-81.3058647534601,41.3781182859827],[-81.3058606168146,41.3781484442316],[-81.3058492097921,41.3781775201223],[-81.305830919052,41.3782045280574],[-81.3058063645957,41.3782285525366],[-81.3057763787514,41.3782487791905],[-81.3056393030005,41.3783297893147],[-81.3055082645979,41.3784162820358],[-81.3053836496063,41.3785080025463],[-81.3052658251697,41.378604680637],[-81.3051833410341,41.3786774352414],[-81.3050563496292,41.3787824649458],[-81.304923030889,41.3788829480834],[-81.3047836713962,41.378978668634],[-81.3046385707239,41.3790694208156],[-81.3036758769809,41.3782227049328]]]},"properties":{"source_county":"Geauga","jurisdiction":"Bainbridge Township","parcel_id":"02-419875","owner_name":"TOMCUFCIK PAUL ANTHONY JR TOD & LAURA DIANE TOD","property_address":"9451 WEATHERVANE DR","property_city":"CHAGRIN FALLS","property_zip":"44023"}},{"type":"Feature","geometry":{"type":"Polygon","coordinates":[[[-81.3019894824341,41.3793822349406],[-81.3026193506279,41.3783460365996],[-81.3031227692251,41.3784522226323],[-81.3031421387408,41.3784563086464],[-81.3036758769809,41.3782227049328],[-81.3046385707239,41.3790694208156],[-81.304507909884,41.3791441780274],[-81.3043733523132,41.3792149053749],[-81.304235116958,41.3792814877675],[-81.3040934287516,41.3793438168588],[-81.3039719805332,41.3793912440423],[-81.3038469447598,41.3794330495012],[-81.303718779622,41.3794690800382],[-81.3035879547805,41.3794992036186],[-81.3034549496448,41.3795233098534],[-81.3033202516159,41.3795413104043],[-81.3031843543001,41.3795531393076],[-81.3030477556992,41.3795587532157],[-81.3029109563859,41.3795581315561],[-81.3027744576684,41.379551276607],[-81.3026387597529,41.3795382134887],[-81.3025043599107,41.3795189900715],[-81.3023717506549,41.3794936768005],[-81.3022414179356,41.3794623664371],[-81.3021138393584,41.3794251737192],[-81.3019894824341,41.3793822349406]]]},"properties":{"source_county":"Geauga","jurisdiction":"Bainbridge Township","parcel_id":"02-419876","owner_name":"KNICELY HOWARD V & SUSAN D","property_address":" WEATHERVANE DR","property_city":"CHAGRIN FALLS","property_zip":"44023"}},{"type":"Feature","geometry":{"type":"Polygon","coordinates":[[[-81.3013824644902,41.3790121454117],[-81.3013330607592,41.3789717917811],[-81.3013062732444,41.3789903976921],[-81.3012544735303,41.3789455481506],[-81.3012053519849,41.3788990205789],[-81.3011466693189,41.3788393013968],[-81.3010915011601,41.3787777110034],[-81.3010399525243,41.3787143666512],[-81.300992121536,41.378649388931],[-81.3009480992415,41.3785829015429],[-81.3009079694356,41.3785150310606],[-81.3008718085018,41.3784459066906],[-81.3008396852678,41.3783756600258],[-81.3006707484271,41.3779536575544],[-81.3007056424876,41.3779457521192],[-81.3006794058345,41.3778800459528],[-81.3022377729124,41.3775261358339],[-81.3026193506279,41.3783460365996],[-81.3019894812551,41.3793822340278],[-81.3019063006506,41.3793495475963],[-81.3018249930331,41.3793142888861],[-81.3017456985397,41.3792765186685],[-81.3016685538372,41.3792363020433],[-81.3015936918863,41.379193708327],[-81.3015212417125,41.3791488109327],[-81.3014513281835,41.3791016872443],[-81.3013840717944,41.3790524184823],[-81.3013556769893,41.3790307504335],[-81.3013824644902,41.3790121454117]]]},"properties":{"source_county":"Geauga","jurisdiction":"Bainbridge Township","parcel_id":"02-419877","owner_name":"FRANK WILLIAM B","property_address":"9541 WEATHERVANE DR","property_city":"CHAGRIN FALLS","property_zip":"44023"}},{"type":"Feature","geometry":{"type":"Polygon","coordinates":[[[-81.3007118877458,41.3767295348108],[-81.3017207238867,41.3756409273996],[-81.3019358039936,41.3767318732677],[-81.3019360622662,41.3767331826112],[-81.3019855414024,41.376984150364],[-81.3022377729124,41.3775261358339],[-81.3006794058345,41.3778800459528],[-81.3006441663964,41.3778870283598],[-81.3004245502502,41.3773370383485],[-81.300414561559,41.3773153550255],[-81.300402202531,41.3772943761435],[-81.3003875595981,41.3772742484126],[-81.3003707351635,41.3772551125908],[-81.3003518468862,41.377237102499],[-81.3003310268576,41.3772203440857],[-81.3003084206779,41.3772049545462],[-81.300284186438,41.3771910415024],[-81.3007094717484,41.3767321411384],[-81.3007118877458,41.3767295348108]]]},"properties":{"source_county":"Geauga","jurisdiction":"Bainbridge Township","parcel_id":"02-419878","owner_name":"NEWMAN BRIGID A TRUSTEE","property_address":"9561 WEATHERVANE DR","property_city":"CHAGRIN FALLS","property_zip":"44023"}},{"type":"Feature","geometry":{"type":"Polygon","coordinates":[[[-81.3000573272896,41.3771419764242],[-81.300029955813,41.3767315591498],[-81.3000297333569,41.3767282257778],[-81.2999276572833,41.375197607294],[-81.3016286639337,41.3751739629139],[-81.3017207238867,41.3756409273996],[-81.3007118877458,41.3767295348108],[-81.3007094717484,41.3767321411384],[-81.300284186438,41.3771910415024],[-81.3002588697177,41.3771788668212],[-81.3002323077503,41.3771683040874],[-81.3002046810283,41.3771594250762],[-81.3001761772793,41.3771522901217],[-81.3001469901902,41.3771469477066],[-81.3001173180908,41.3771434341335],[-81.3000873626069,41.3771417732774],[-81.3000573272896,41.3771419764242]]]},"properties":{"source_county":"Geauga","jurisdiction":"Bainbridge Township","parcel_id":"02-419879","owner_name":"MACKAY GRANT & KATHRYN","property_address":"9601 WEATHERVANE DR","property_city":"CHAGRIN FALLS","property_zip":"44023"}},{"type":"Feature","geometry":{"type":"Polygon","coordinates":[[[-81.2987547787893,41.3790558565062],[-81.2998866097744,41.3776507354189],[-81.2999383289634,41.3776703189555],[-81.2999935129525,41.3776834861887],[-81.3000507689865,41.3776899047983],[-81.3001086520136,41.3776894127887],[-81.300155375095,41.377689229629],[-81.3002014567298,41.3776950439773],[-81.3002455499291,41.3777066858777],[-81.3002863658255,41.3777238150313],[-81.3003227113464,41.3777459307443],[-81.3003535240874,41.3777723865624],[-81.3003779033675,41.3778024091665],[-81.3003951365561,41.3778351209778],[-81.3004347963859,41.3779344435338],[-81.3003999023153,41.3779423479871],[-81.3004261398926,41.3780080551284],[-81.3004610340114,41.3780001497671],[-81.300632530556,41.37842844046],[-81.3006755152799,41.3785206987681],[-81.3007248516486,41.3786111361904],[-81.3007804044594,41.378699504842],[-81.3008420214683,41.3787855625073],[-81.300909533808,41.3788690733043],[-81.3009827564499,41.3789498083308],[-81.3010614887114,41.3790275462924],[-81.3011455148058,41.3791020741087],[-81.3011187272012,41.3791206790753],[-81.301168129717,41.3791610327833],[-81.3011949185195,41.3791424278178],[-81.3012687581648,41.3791985649751],[-81.3013456726522,41.3792523089327],[-81.3013634325843,41.379267114263],[-81.3013773413138,41.3792840962522],[-81.3013869393757,41.3793026939164],[-81.3013919097034,41.379322292899],[-81.3013920881022,41.3793422457653],[-81.3013874686747,41.3793618933895],[-81.3013782040155,41.3793805867289],[-81.3013646001714,41.3793977082641],[-81.3010087634439,41.3797650814423],[-81.3009603007867,41.3798108377128],[-81.300906836759,41.3798533164777],[-81.3008487604275,41.3798922086046],[-81.3007864944269,41.3799272310615],[-81.3007204918836,41.3799581289771],[-81.3006512331185,41.3799846774956],[-81.3005792221511,41.3800066834132],[-81.3005049830315,41.380023986584],[-81.3004290560265,41.3800364610858],[-81.3003519936872,41.3800440161367],[-81.3002743568281,41.3800465967555],[-81.3001967104448,41.3800441841619],[-81.3001196196024,41.3800367959133],[-81.3000436453227,41.3800244857771],[-81.2999693405008,41.3800073433392],[-81.2998972458819,41.3799854933519],[-81.2998478550156,41.3799673146338],[-81.2998000098985,41.3799469251582],[-81.2997538847602,41.3799243991746],[-81.2997096475662,41.3798998187129],[-81.2996674594066,41.379873273284],[-81.2996274739094,41.3798448595547],[-81.2995898366806,41.3798146809947],[-81.2995546847745,41.3797828475006],[-81.2989756127276,41.3792240099348],[-81.2989254105226,41.3791783847365],[-81.2988717460406,41.3791350529461],[-81.2988148036033,41.3790941633899],[-81.2987547787893,41.3790558565062]]]},"properties":{"source_county":"Geauga","jurisdiction":"Bainbridge Township","parcel_id":"02-419883","owner_name":"SCHLEIDER SCOTT & MARLA","property_address":"9600 WEATHERVANE DR","property_city":"CHAGRIN FALLS","property_zip":"44023"}},{"type":"Feature","geometry":{"type":"Polygon","coordinates":[[[-81.2990249483872,41.3820932355317],[-81.3000150111927,41.3813519517203],[-81.3000445842244,41.3813720384055],[-81.3000768908157,41.3813895746726],[-81.3001115451419,41.381404351092],[-81.3001481333396,41.3814161911938],[-81.3001862184487,41.3814249535758],[-81.3002253456316,41.3814305335915],[-81.3002650476051,41.3814328646008],[-81.3003048502209,41.3814319187649],[-81.3003442781291,41.3814277073798],[-81.3003828604547,41.3814202807407],[-81.3004201364217,41.3814097275416],[-81.3004556608561,41.3813961738158],[-81.3004890095026,41.381379781431],[-81.3005197840913,41.3813607461558],[-81.3005476170946,41.3813392953219],[-81.3005721761158,41.3813156851087],[-81.3024176516764,41.3822868617482],[-81.3030415849806,41.3823649088963],[-81.3043019820603,41.382522558795],[-81.3042651194561,41.3826904411896],[-81.3042532266315,41.3827445968961],[-81.3030436386177,41.3825939231471],[-81.3030368983793,41.382593083519],[-81.2990249483872,41.3820932355317]]]},"properties":{"source_county":"Geauga","jurisdiction":"Bainbridge Township","parcel_id":"02-419886","owner_name":"MC FARLAND HEATHER","property_address":"17950 WINDY LAKES CIR","property_city":"CHAGRIN FALLS","property_zip":"44023"}},{"type":"Feature","geometry":{"type":"Polygon","coordinates":[[[-81.3006370630337,41.3811401810608],[-81.3030602627456,41.3814647512385],[-81.3037254697489,41.381553841388],[-81.3040781293964,41.3819303955392],[-81.3043647969267,41.3822364814878],[-81.3043019820603,41.382522558795],[-81.3030415849806,41.3823649088963],[-81.3024176516764,41.3822868617482],[-81.3005721761158,41.3813156851087],[-81.3005887405751,41.3812961179995],[-81.3006030511273,41.3812755668992],[-81.3006150054649,41.381254178733],[-81.3006245181254,41.3812321064104],[-81.3006315211031,41.3812095077319],[-81.3006359643345,41.3811865442609],[-81.3006378160565,41.3811633801688],[-81.3006370630337,41.3811401810608]]]},"properties":{"source_county":"Geauga","jurisdiction":"Bainbridge Township","parcel_id":"02-419887","owner_name":"MC FARLAND HEATHER D & KAUTZMAN SCOTT M","property_address":"17970 WINDY LAKES CIR","property_city":"CHAGRIN FALLS","property_zip":"44023"}},{"type":"Feature","geometry":{"type":"Polygon","coordinates":[[[-81.3002705788168,41.3808840340959],[-81.3002409269675,41.3808829975022],[-81.3002115992844,41.3808795449123],[-81.3001829417465,41.3808737170566],[-81.3001552924271,41.3808655826864],[-81.3001289775052,41.380855237763],[-81.3001043074176,41.3808428043255],[-81.3000815731963,41.3808284290511],[-81.3000610430353,41.380812281525],[-81.3000429591272,41.3807945522392],[-81.3000275348053,41.3807754503457],[-81.3000149520275,41.3807552011889],[-81.3000053592295,41.3807340436474],[-81.2999988695742,41.3807122273155],[-81.2999955596165,41.3806900095589],[-81.2999954684005,41.380667652479],[-81.299998596999,41.3806454198201],[-81.3000121372555,41.3805929493438],[-81.3001017725564,41.3802966653016],[-81.3001093659456,41.3802787882951],[-81.3001208914718,41.3802621467929],[-81.3001360122385,41.38024722723],[-81.3001542862601,41.3802344657084],[-81.3001751793819,41.3802242352497],[-81.3001980808932,41.3802168348922],[-81.3002223213786,41.3802124809494],[-81.3002471922848,41.3802113006877],[-81.3002992878612,41.3802112856961],[-81.3003513271173,41.3802094616123],[-81.3004031993679,41.3802058323161],[-81.3004547942829,41.380200405527],[-81.3005060021222,41.3801931927873],[-81.3005567139691,41.3801842094383],[-81.3006068219621,41.3801734745872],[-81.3006562195239,41.3801610110665],[-81.3007048015889,41.3801468453854],[-81.3007524648257,41.3801310076738],[-81.3007991078577,41.3801135316176],[-81.3008446314784,41.3800944543875],[-81.3008889388625,41.3800738165596],[-81.3009319357718,41.3800516620296],[-81.3009735307557,41.3800280379188],[-81.3010136353456,41.3800029944743],[-81.3030662372074,41.381176851394],[-81.3037254697489,41.381553841388],[-81.3030602627456,41.3814647512385],[-81.3006370630337,41.3811401810608],[-81.3006331478723,41.381114422531],[-81.300626023069,41.3810890571832],[-81.3006157522079,41.3810643113718],[-81.3006024269469,41.3810404059227],[-81.3005861662008,41.3810175541622],[-81.3005671150793,41.3809959600137],[-81.3005454435921,41.3809758161775],[-81.3005213451321,41.3809573024119],[-81.300495034749,41.3809405839284],[-81.3004667472307,41.380925809918],[-81.3004367350079,41.3809131122196],[-81.3004052659016,41.3809026041438],[-81.3003726207331,41.3808943794613],[-81.3003390908182,41.3808885115667],[-81.3003049753676,41.3808850528234],[-81.3002705788168,41.3808840340959]]]},"properties":{"source_county":"Geauga","jurisdiction":"Bainbridge Township","parcel_id":"02-419888","owner_name":"SHRINER RICHARD L III & DAVIS STEPHANIE C TRUSTEES","property_address":"17980 WINDY LAKES CIR","property_city":"CHAGRIN FALLS","property_zip":"44023"}},{"type":"Feature","geometry":{"type":"Polygon","coordinates":[[[-81.3011853734581,41.3798621529684],[-81.3015412097238,41.3794947792571],[-81.3015589342986,41.3794796304335],[-81.3015800426319,41.3794671828429],[-81.3016038206628,41.379457857566],[-81.3016294640204,41.3794519700612],[-81.3016561052336,41.3794497194925],[-81.3016828430765,41.3794511819927],[-81.3017087730539,41.3794563080881],[-81.3017330179994,41.3794649243717],[-81.3018146749731,41.3794996066173],[-81.3018980110985,41.3795319437759],[-81.3019829077133,41.3795618898015],[-81.3020692439327,41.3795894020532],[-81.3021568968215,41.3796144413556],[-81.3022457415691,41.3796369720542],[-81.3023356516676,41.3796569620668],[-81.3024264990915,41.3796743829291],[-81.3025181544803,41.3796892098348],[-81.3026104873228,41.3797014216713],[-81.302703366143,41.3797110010497],[-81.3027966586871,41.3797179343296],[-81.302890232112,41.3797222116383],[-81.3029839531747,41.3797238268853],[-81.3030776884219,41.3797227777706],[-81.3031713043799,41.379719065788],[-81.3037254697489,41.381553841388],[-81.3030662372074,41.381176851394],[-81.3010136353456,41.3800029944743],[-81.3010604536429,41.3799705736979],[-81.3011047750383,41.3799362196163],[-81.301146459025,41.3799000411413],[-81.3011853734581,41.3798621529684]]]},"properties":{"source_county":"Geauga","jurisdiction":"Bainbridge Township","parcel_id":"02-419889","owner_name":"KAPLUN MATTHEW & SAMANTHA","property_address":"9550 WEATHERVANE DR","property_city":"CHAGRIN FALLS","property_zip":"44023"}},{"type":"Feature","geometry":{"type":"Polygon","coordinates":[[[-81.3044564154999,41.3794958026414],[-81.3045206127217,41.3795691860133],[-81.3045819064601,41.3796413966128],[-81.304640536305,41.3797148514065],[-81.3046964577594,41.3797894946573],[-81.3047496283811,41.3798652697263],[-81.3048000078149,41.3799421191155],[-81.3048475578229,41.3800199845116],[-81.304892242314,41.3800988068298],[-81.304934027371,41.3801785262596],[-81.304220441721,41.3808731186037],[-81.3042696597435,41.3818286460482],[-81.3040781293964,41.3819303955392],[-81.3037254697489,41.381553841388],[-81.3031713043799,41.379719065788],[-81.3033162934563,41.3797080208058],[-81.303460173239,41.3796905917499],[-81.303602448643,41.3796668385933],[-81.3037426301055,41.3796368430694],[-81.3038802352708,41.3796007083917],[-81.3040147906501,41.3795585588978],[-81.3041458332514,41.3795105396219],[-81.3042729121726,41.3794568157952],[-81.3042972932514,41.3794501358744],[-81.3043228604413,41.3794468174623],[-81.3043488037125,41.3794469656942],[-81.30437430112,41.3794505758736],[-81.3043985448449,41.3794575336215],[-81.3044207667871,41.3794676184997],[-81.3044402629008,41.3794805109949],[-81.3044564154999,41.3794958026414]]]},"properties":{"source_county":"Geauga","jurisdiction":"Bainbridge Township","parcel_id":"02-419890","owner_name":"ESZTERHAS JOSEPH & NAOMI","property_address":"18011 ISLAND VIEW CIR","property_city":"CHAGRIN FALLS","property_zip":"44023"}},{"type":"Feature","geometry":{"type":"Polygon","coordinates":[[[-81.304220441721,41.3808731186037],[-81.304934027371,41.3801785262596],[-81.3049487978769,41.380203929518],[-81.3049668966486,41.3802280804066],[-81.3049881388991,41.3802507323421],[-81.3050123077456,41.3802716540454],[-81.3050391564235,41.3802906319032],[-81.3050684108061,41.3803074721487],[-81.3050997722033,41.3803220028405],[-81.3051329204116,41.3803340756179],[-81.3051675169831,41.3803435672159],[-81.3052032086814,41.3803503807236],[-81.3052396310882,41.3803544465739],[-81.3052764123244,41.3803557232538],[-81.3053131768469,41.3803541977282],[-81.3053495492835,41.380349885573],[-81.3053851582651,41.380342830816],[-81.305419640218,41.3803331054874],[-81.3061568599327,41.3808619546082],[-81.3048084343184,41.3822654226801],[-81.3043647969267,41.3822364814878],[-81.3040781293964,41.3819303955392],[-81.3042696597435,41.3818286460482],[-81.304220441721,41.3808731186037]]]},"properties":{"source_county":"Geauga","jurisdiction":"Bainbridge Township","parcel_id":"02-419891","owner_name":"SUGLIA TONY & DENISE L","property_address":"17981 ISLAND VIEW CIR","property_city":"CHAGRIN FALLS","property_zip":"44023"}},{"type":"Feature","geometry":{"type":"Polygon","coordinates":[[[-81.3043019820603,41.382522558795],[-81.3043647969267,41.3822364814878],[-81.3048084343184,41.3822654226801],[-81.3061568599327,41.3808619546082],[-81.305419640218,41.3803331054874],[-81.3054687043747,41.3803136301079],[-81.305513276209,41.380288772204],[-81.3055523232458,41.3802591075947],[-81.3055849409918,41.3802253234428],[-81.3068297260518,41.381086651846],[-81.3067784189517,41.3821959203503],[-81.3051938090829,41.3821437453745],[-81.3050242435709,41.382386665844],[-81.305063945706,41.3827899400417],[-81.3042651194561,41.3826904411896],[-81.3043019820603,41.382522558795]]]},"properties":{"source_county":"Geauga","jurisdiction":"Bainbridge Township","parcel_id":"02-419892","owner_name":"DALTON JEFFREY D","property_address":"17970 ISLAND VIEW CIR","property_city":"CHAGRIN FALLS","property_zip":"44023"}},{"type":"Feature","geometry":{"type":"Polygon","coordinates":[[[-81.3083701833024,41.3830005410364],[-81.3083521776263,41.3829982989288],[-81.308341664698,41.3832259597107],[-81.3083126524707,41.3832223471872],[-81.3078903883273,41.3831697638299],[-81.3078963332649,41.3831426866937],[-81.3077165686288,41.383120300185],[-81.3077106247983,41.3831473782249],[-81.3060567986753,41.3829414171219],[-81.3060627431689,41.3829143391655],[-81.305063945706,41.3827899400417],[-81.3050242435709,41.382386665844],[-81.3051938090829,41.3821437453745],[-81.3067784189517,41.3821959203503],[-81.3068297260518,41.381086651846],[-81.3055849409918,41.3802253234428],[-81.3056040527042,41.3801988217949],[-81.30561918868,41.3801709008473],[-81.3056301661824,41.3801418976994],[-81.3056368526819,41.3801121625163],[-81.3069961458927,41.3810527741021],[-81.3069852929108,41.3812739665205],[-81.306963334798,41.3817214664277],[-81.3069413751905,41.3821689662643],[-81.3083166158961,41.3821612027957],[-81.3085047420433,41.3821601742368],[-81.3084941705587,41.3823891222313],[-81.3084548814852,41.3832400572985],[-81.308359792128,41.3832282165801],[-81.3083701833024,41.3830005410364]]]},"properties":{"source_county":"Geauga","jurisdiction":"Bainbridge Township","parcel_id":"02-419893","owner_name":"CVITKOVICH CAROL A","property_address":"17889 SNYDER RD","property_city":"CHAGRIN FALLS","property_zip":"44023"}},{"type":"Feature","geometry":{"type":"Polygon","coordinates":[[[-81.3051917234046,41.3798140368868],[-81.3051478061311,41.3798189890198],[-81.3051034038101,41.3798185187515],[-81.3050596887711,41.3798126384981],[-81.3050178151971,41.3798015035127],[-81.3049788886509,41.3797854077857],[-81.3049439368845,41.3797647762831],[-81.3049138827037,41.3797401537257],[-81.3048895196038,41.3797121902071],[-81.3048296328282,41.3796325141266],[-81.3047672181284,41.3795539464396],[-81.3047023116532,41.3794765326388],[-81.3046349509934,41.3794003175485],[-81.3046236554061,41.3793821961752],[-81.3046169166156,41.379362831138],[-81.3046149586984,41.3793428663695],[-81.3046178467553,41.3793229657441],[-81.3046254847475,41.3793037910026],[-81.3046376186908,41.379285979748],[-81.3046538451014,41.3792701242439],[-81.3046736244128,41.3792567517204],[-81.3047946712223,41.3791862787276],[-81.3049123014928,41.3791125967339],[-81.3050263653519,41.3790357996244],[-81.305136717473,41.3789559852533],[-81.3070589517316,41.3797727877577],[-81.3070253410162,41.380457796883],[-81.3069961458927,41.3810527741021],[-81.3056368526819,41.3801121625163],[-81.3056391598293,41.38007940423],[-81.3056362613251,41.3800466726095],[-81.3056281985852,41.3800144352624],[-81.3056150868022,41.3799831527344],[-81.3055971132991,41.3799532719301],[-81.3055745348526,41.3799252197283],[-81.305547674025,41.3798993968838],[-81.3055169145552,41.3798761723021],[-81.3054826958769,41.3798558777697],[-81.3054455068407,41.379838803214],[-81.3054058787302,41.3798251925618],[-81.3053643776727,41.3798152402545],[-81.3053215965511,41.3798090884702],[-81.3052781465346,41.379806825093],[-81.3052346483482,41.3798084824576],[-81.3051917234046,41.3798140368868]]]},"properties":{"source_county":"Geauga","jurisdiction":"Bainbridge Township","parcel_id":"02-419894","owner_name":"MACSUGA JOSEPH TODD & KATHERINE E","property_address":"18000 ISLAND VIEW CIR","property_city":"CHAGRIN FALLS","property_zip":"44023"}},{"type":"Feature","geometry":{"type":"Polygon","coordinates":[[[-81.3070589517316,41.3797727877577],[-81.305136717473,41.3789559852533],[-81.3052130788703,41.3788971409658],[-81.3052875773561,41.3788369572362],[-81.3053601715321,41.3787754675128],[-81.3054308210583,41.3787127059691],[-81.3054933723722,41.3786601825425],[-81.3055580763994,41.3786091600621],[-81.3056248696857,41.3785596885611],[-81.3056936867285,41.3785118165515],[-81.3057644600413,41.378465590977],[-81.3058371202195,41.3784210571665],[-81.3059115960088,41.3783782587898],[-81.305987814375,41.3783372378151],[-81.3060081656033,41.3783600041687],[-81.3060686160696,41.3783293467091],[-81.3060482648299,41.3783065803659],[-81.3061284802404,41.3782683243322],[-81.3062102669806,41.3782320048802],[-81.3062935426683,41.3781976585926],[-81.3063782234221,41.3781653200647],[-81.3064642239456,41.3781350218694],[-81.3065514576137,41.3781067945243],[-81.3066398365593,41.3780806664614],[-81.3067292717622,41.378056663998],[-81.3068196731386,41.3780348113102],[-81.3069109496318,41.3780151304091],[-81.3070030093038,41.377997641118],[-81.3070957594282,41.3779823610528],[-81.3071891065832,41.3779693056042],[-81.3072829567458,41.3779584879221],[-81.3073772153868,41.3779499189024],[-81.3074717875652,41.3779436071763],[-81.3074690591244,41.3780861249097],[-81.3074566011775,41.3787720645996],[-81.3070864550788,41.3787823458266],[-81.3070655175717,41.3792120476711],[-81.3070445809861,41.3796417494746],[-81.3070653868329,41.379641632442],[-81.3070589517316,41.3797727877577]]]},"properties":{"source_county":"Geauga","jurisdiction":"Bainbridge Township","parcel_id":"02-419895","owner_name":"WAWZENEK JOHN & NAUDIA JEAN","property_address":"9410 WEATHERVANE DR","property_city":"CHAGRIN FALLS","property_zip":"44023"}},{"type":"Feature","geometry":{"type":"Polygon","coordinates":[[[-81.3074690591244,41.3780861249097],[-81.3074717875652,41.3779436071763],[-81.3075656935029,41.3779395295668],[-81.3076178733649,41.3779382262637],[-81.3082260490928,41.3779273769278],[-81.3082269118548,41.3779548150569],[-81.3082997669007,41.3779535153341],[-81.3082989041082,41.3779260772056],[-81.3083324355769,41.3779254785684],[-81.3084238401016,41.3779238482749],[-81.3084579152176,41.377925857321],[-81.3084907471522,41.377933014521],[-81.3085209795588,41.3779450241981],[-81.3085473634801,41.3779613902108],[-81.3085688089448,41.3779814364491],[-81.3085844299958,41.3780043347652],[-81.3085935812914,41.3780291391862],[-81.3085958847661,41.3780548249928],[-81.3083319251394,41.3780621575811],[-81.3074690591244,41.3780861249097]]]},"properties":{"source_county":"Geauga","jurisdiction":"Bainbridge Township","parcel_id":"02-419896","owner_name":"WEATHERVANE SUBDIVISION HOMEOWNERS ASSOC INC","property_address":" WEATHERVANE DR","property_city":"CHAGRIN FALLS","property_zip":"44023"}},{"type":"Feature","geometry":{"type":"Polygon","coordinates":[[[-81.3071179709254,41.3778114702727],[-81.3071257825849,41.3776493301122],[-81.3072352518485,41.377647378075],[-81.3083335475467,41.3776277891387],[-81.308615600652,41.3776227562885],[-81.3086110547091,41.377649174097],[-81.3085999976183,41.3776744775157],[-81.3085828234944,41.3776977646227],[-81.3085601444909,41.3777182053652],[-81.3085327689813,41.3777350711467],[-81.3085016727452,41.3777477607968],[-81.3084679641873,41.3777558220008],[-81.3084328448286,41.3777589674218],[-81.3083330507979,41.377760748213],[-81.3082937273519,41.3777614493307],[-81.3082928645643,41.3777340112007],[-81.3082200085664,41.377735310907],[-81.3082208713235,41.3777627490374],[-81.3076127103006,41.3777735966813],[-81.3074883872458,41.3777776388471],[-81.3073643655608,41.377785307087],[-81.3072408315851,41.3777965898795],[-81.3071179709254,41.3778114702727]]]},"properties":{"source_county":"Geauga","jurisdiction":"Bainbridge Township","parcel_id":"02-419897","owner_name":"WEATHERVANE SUBDIVISION HOMEOWNERS ASSOC INC","property_address":" WEATHERVANE DR","property_city":"CHAGRIN FALLS","property_zip":"44023"}},{"type":"Feature","geometry":{"type":"Polygon","coordinates":[[[-81.3088480000515,41.3957084376969],[-81.30986873503,41.3956843638195],[-81.3098602439277,41.3960992360364],[-81.3088395025142,41.3961233089359],[-81.3088480000515,41.3957084376969]]]},"properties":{"source_county":"Geauga","jurisdiction":"Bainbridge Township","parcel_id":"02-420064","owner_name":"FEEMAN KEVIN S & MELISSA J","property_address":" SNYDER RD","property_city":"CHAGRIN FALLS","property_zip":"44023"}},{"type":"Feature","geometry":{"type":"Polygon","coordinates":[[[-81.3193601287639,41.376322704082],[-81.3208818653061,41.3763017014296],[-81.3208647495262,41.3766346002867],[-81.320423068893,41.376642885196],[-81.3193470532876,41.3766630607473],[-81.3193471174315,41.3766551682654],[-81.3193498109685,41.3763228465141],[-81.3193601287639,41.376322704082]]]},"properties":{"source_county":"Geauga","jurisdiction":"Bainbridge Township","parcel_id":"02-420068","owner_name":"GARWOOD CHIANELLA GWEN E","property_address":" HASKINS RD","property_city":"CHAGRIN FALLS","property_zip":"44023"}},{"type":"Feature","geometry":{"type":"Polygon","coordinates":[[[-81.3076235106857,41.3761780012],[-81.3080035928667,41.3761727114788],[-81.3079939491468,41.3767430956028],[-81.3079939087149,41.3767454554769],[-81.3076137945715,41.3767523892393],[-81.3076139638674,41.3767424040991],[-81.3076235106857,41.3761780012]]]},"properties":{"source_county":"Geauga","jurisdiction":"Bainbridge Township","parcel_id":"02-420104","owner_name":"ZALEWSKI NICHOLAS J & DANIELLE M","property_address":" SNYDER RD","property_city":"CHAGRIN FALLS","property_zip":"44023"}},{"type":"Feature","geometry":{"type":"Polygon","coordinates":[[[-81.323030794594,41.3904680565627],[-81.323030569927,41.3903476747913],[-81.3233446788083,41.3903474078347],[-81.3235978897282,41.3904701220708],[-81.3235683047124,41.3905047393863],[-81.3234365214216,41.3904408690176],[-81.3233357741703,41.3905587534244],[-81.323030963187,41.3905590050006],[-81.323030794594,41.3904680565627]]]},"properties":{"source_county":"Geauga","jurisdiction":"Bainbridge Township","parcel_id":"02-420206","owner_name":"TANGLEWOOD LAKE ASSOC","property_address":" HASKINS RD","property_city":"CHAGRIN FALLS","property_zip":"44023"}},{"type":"Feature","geometry":{"type":"Polygon","coordinates":[[[-81.3016246918339,41.3881546359868],[-81.3019003749448,41.3881523942829],[-81.3019175203299,41.3893464346315],[-81.3016036027933,41.3893487355308],[-81.3016246918339,41.3881546359868]]]},"properties":{"source_county":"Geauga","jurisdiction":"Bainbridge Township","parcel_id":"02-420645","owner_name":"KROTZER PAMELA S","property_address":" BAINBRIDGE RD","property_city":"CHAGRIN FALLS","property_zip":"44023"}},{"type":"Feature","geometry":{"type":"Polygon","coordinates":[[[-81.3118173686482,41.3818831650707],[-81.3134221790879,41.3818915124431],[-81.313410224987,41.3828733656924],[-81.3134115595972,41.3830254461672],[-81.3134116699734,41.3830380006615],[-81.3134022312811,41.3840395748328],[-81.3134021839698,41.3840437158761],[-81.3134016813257,41.3840870918584],[-81.3117279940633,41.383820663402],[-81.311767804914,41.3829575291828],[-81.3118079199119,41.3820880329436],[-81.3118173686482,41.3818831650707]]]},"properties":{"source_county":"Geauga","jurisdiction":"Bainbridge Township","parcel_id":"02-420759","owner_name":"BELL MARYBETH P","property_address":"9210 OLD MEADOW DR","property_city":"CHAGRIN FALLS","property_zip":"44023"}},{"type":"Feature","geometry":{"type":"Polygon","coordinates":[[[-81.3086485601622,41.3825991211443],[-81.3086237561073,41.3824852723105],[-81.3096917074076,41.382513236791],[-81.3103181146199,41.3829195920081],[-81.311767804914,41.3829575291828],[-81.3117279940633,41.383820663402],[-81.3114036036839,41.3837690216235],[-81.3099500415649,41.383657323022],[-81.3086091435034,41.3834529086593],[-81.3086485601622,41.3825991211443]]]},"properties":{"source_county":"Geauga","jurisdiction":"Bainbridge Township","parcel_id":"02-420765","owner_name":"PETRASH JENNIFER & JENNIFER LYNN","property_address":"17888 SNYDER RD","property_city":"CHAGRIN FALLS","property_zip":"44023"}},{"type":"Feature","geometry":{"type":"Polygon","coordinates":[[[-81.3085254049754,41.3817126464612],[-81.3085437164961,41.3813160319751],[-81.3118395468453,41.3814023058699],[-81.3118173686482,41.3818831650707],[-81.3118079199119,41.3820880329436],[-81.3085120563936,41.3820017581765],[-81.3085254049754,41.3817126464612]]]},"properties":{"source_county":"Geauga","jurisdiction":"Bainbridge Township","parcel_id":"02-420766","owner_name":"DICKINSON ANN C R AKA RODEWIG ANN C","property_address":"17920 SNYDER RD","property_city":"CHAGRIN FALLS","property_zip":"44023"}},{"type":"Feature","geometry":{"type":"Polygon","coordinates":[[[-81.3085460657937,41.3812651537296],[-81.308578405071,41.3806029174857],[-81.3116179435045,41.3806824857381],[-81.3118395468453,41.3814023058699],[-81.3085437164961,41.3813160319751],[-81.3085460657937,41.3812651537296]]]},"properties":{"source_county":"Geauga","jurisdiction":"Bainbridge Township","parcel_id":"02-420767","owner_name":"REYES CARLOS A TOD & CHRISTINA M TOD","property_address":"17940 SNYDER RD","property_city":"CHAGRIN FALLS","property_zip":"44023"}},{"type":"Feature","geometry":{"type":"Polygon","coordinates":[[[-81.3085860682024,41.3804489832799],[-81.3086231883718,41.37970333589],[-81.3107145204787,41.3797580876661],[-81.3116179435045,41.3806824857381],[-81.308578405071,41.3806029174857],[-81.3085860682024,41.3804489832799]]]},"properties":{"source_county":"Geauga","jurisdiction":"Bainbridge Township","parcel_id":"02-420768","owner_name":"PARSONS ROGER L & DENISE","property_address":"17960 SNYDER RD","property_city":"CHAGRIN FALLS","property_zip":"44023"}},{"type":"Feature","geometry":{"type":"Polygon","coordinates":[[[-81.3020695687772,41.3989767231902],[-81.3022518175511,41.3989766016652],[-81.3022535026258,41.400403765897],[-81.3020712498747,41.4004038883248],[-81.3020695687772,41.3989767231902]]]},"properties":{"source_county":"Geauga","jurisdiction":"Bainbridge Township","parcel_id":"02-420770","owner_name":"FLANAGAN JANET A TRUSTEE","property_address":" WASHINGTON ST","property_city":"CHAGRIN FALLS","property_zip":"44023"}},{"type":"Feature","geometry":{"type":"Polygon","coordinates":[[[-81.3085047420433,41.3821601742368],[-81.3085120563936,41.3820017581765],[-81.3118079199119,41.3820880329436],[-81.311767804914,41.3829575291828],[-81.3103181146199,41.3829195920081],[-81.3096917074076,41.382513236791],[-81.3086237561073,41.3824852723105],[-81.3086034312002,41.3823919845058],[-81.3084941705587,41.3823891222313],[-81.3085047420433,41.3821601742368]]]},"properties":{"source_county":"Geauga","jurisdiction":"Bainbridge Township","parcel_id":"02-420806","owner_name":"SELL NICOLE & MICHAEL","property_address":"17910 SNYDER RD","property_city":"CHAGRIN FALLS","property_zip":"44023"}},{"type":"Feature","geometry":{"type":"Polygon","coordinates":[[[-81.316386262337,41.3756299598198],[-81.3163937360472,41.375083927129],[-81.3178202814091,41.3750641800938],[-81.3178215497779,41.3754605863058],[-81.3184915776079,41.3754511856413],[-81.3184935708892,41.3759235038688],[-81.3178230660719,41.3759329006231],[-81.3178243842388,41.3763444118274],[-81.3165992127636,41.3763617185767],[-81.3163806276911,41.3763648045253],[-81.316386262337,41.3756299598198]]]},"properties":{"source_county":"Geauga","jurisdiction":"Bainbridge Township","parcel_id":"02-420839","owner_name":"VILICS JOHN J & ALICIA M","property_address":"18130 HARVEST DR","property_city":"CHAGRIN FALLS","property_zip":"44023"}},{"type":"Feature","geometry":{"type":"Polygon","coordinates":[[[-81.3086329091144,41.3795080605867],[-81.313415677125,41.3795187614256],[-81.3134169307239,41.3798816901669],[-81.3134184968197,41.3803345416838],[-81.3134200617416,41.3807873931332],[-81.3134216273764,41.3812402724507],[-81.3134233946704,41.3817844457583],[-81.3134222085753,41.3818914686194],[-81.3118160658719,41.3818791722659],[-81.3118380540401,41.3813991684182],[-81.3116166204536,41.380680672902],[-81.3107145204787,41.3797580876661],[-81.3086231883718,41.37970333589],[-81.3086266984753,41.3796328146047],[-81.3086329091144,41.3795080605867]]]},"properties":{"source_county":"Geauga","jurisdiction":"Bainbridge Township","parcel_id":"02-420840","owner_name":"CZERWINSKI JAKE R","property_address":"17990 SNYDER RD","property_city":"CHAGRIN FALLS","property_zip":"44023"}},{"type":"Feature","geometry":{"type":"Polygon","coordinates":[[[-81.3217523184277,41.396153703033],[-81.3230840660211,41.3961424605092],[-81.3230463924931,41.4011312760015],[-81.3230481070607,41.4014014807537],[-81.3230489460087,41.4016572142003],[-81.3176294586719,41.4015284812432],[-81.3176155996933,41.4002616917168],[-81.3176056644424,41.399345042881],[-81.3175982159104,41.3986578033233],[-81.3175919838242,41.3980828110525],[-81.3175860644186,41.3975365540023],[-81.3175766262238,41.396665737224],[-81.3175715322251,41.3961956628436],[-81.3180967010994,41.3961897208994],[-81.3198946997855,41.3961693590885],[-81.3217523184277,41.396153703033]]]},"properties":{"source_county":"Geauga","jurisdiction":"Bainbridge Township","parcel_id":"02-421157","owner_name":"COOK CURTIS R & DEBORAH E","property_address":"17199 HASKINS RD","property_city":"CHAGRIN FALLS","property_zip":"44023"}},{"type":"Feature","geometry":{"type":"Polygon","coordinates":[[[-81.3083500111071,41.3855112197579],[-81.3133850017111,41.3855284218607],[-81.3133744756043,41.3864381178201],[-81.3101004577393,41.3864883202199],[-81.3083036204301,41.3865158344772],[-81.308316728526,41.3862319725255],[-81.308335712062,41.385820866042],[-81.3083500111071,41.3855112197579]]]},"properties":{"source_county":"Geauga","jurisdiction":"Bainbridge Township","parcel_id":"02-421516","owner_name":"AUSTIN NICHOLAS & CHELSEA","property_address":"17788 SNYDER RD","property_city":"CHAGRIN FALLS","property_zip":"44023"}},{"type":"Feature","geometry":{"type":"Polygon","coordinates":[[[-81.3193282606582,41.3789816222982],[-81.3230991297003,41.3789268792391],[-81.3230916609291,41.3798698944995],[-81.3193206153148,41.3799246639685],[-81.3193221640293,41.3797336732364],[-81.3193260346073,41.379256128361],[-81.3193282606582,41.3789816222982]]]},"properties":{"source_county":"Geauga","jurisdiction":"Bainbridge Township","parcel_id":"02-421560","owner_name":"COSTELLO RICHARD & EMILY","property_address":" HASKINS RD","property_city":"CHAGRIN FALLS","property_zip":"44023"}},{"type":"Feature","geometry":{"type":"Polygon","coordinates":[[[-81.301542569461,41.3928041805573],[-81.3045141145387,41.3927893663858],[-81.3045014360992,41.3935660390844],[-81.3034018365312,41.3935682304257],[-81.3033771534582,41.3963106645435],[-81.3019834993405,41.3963142790383],[-81.3015181314756,41.3963154825008],[-81.3015190756661,41.3963140730415],[-81.3015629102347,41.3962486468124],[-81.2999357036043,41.3956307461206],[-81.2995287140143,41.3954759825961],[-81.2991222029973,41.395321507144],[-81.2983097645759,41.3950100544698],[-81.2977212132948,41.3947844245402],[-81.2977175325594,41.3944063988783],[-81.2977175323198,41.3944063466453],[-81.2977269752498,41.3935474861926],[-81.2977346601163,41.3928230534241],[-81.301542569461,41.3928041805573]]]},"properties":{"source_county":"Geauga","jurisdiction":"Bainbridge Township","parcel_id":"02-711700","owner_name":"BOARD OF EDUCATION OF KENSTON LOCAL SCHOOL DISTRICT","property_address":"9595 WASHINGTON ST","property_city":"CHAGRIN FALLS","property_zip":"44023"}},{"type":"Feature","geometry":{"type":"Polygon","coordinates":[[[-81.3039656973142,41.3963091326858],[-81.3044566781331,41.3963078523957],[-81.3044422051027,41.3971943844098],[-81.3044220616282,41.3984282075621],[-81.3044164897664,41.3984260995481],[-81.3039281651318,41.398241350529],[-81.3039656973142,41.3963091326858]]]},"properties":{"source_county":"Geauga","jurisdiction":"Bainbridge Township","parcel_id":"02-711800","owner_name":"KENSTON LOCAL SCHOOL DISTRICT","property_address":" WASHINGTON ST","property_city":"CHAGRIN FALLS","property_zip":"44023"}},{"type":"Feature","geometry":{"type":"Polygon","coordinates":[[[-81.3045014360992,41.3935660390844],[-81.3079708876327,41.3935590554275],[-81.3079633448672,41.3937176577422],[-81.3079437805877,41.394129077037],[-81.3079241509441,41.3945418436997],[-81.3079067895141,41.39490692199],[-81.3078981730925,41.3950880893814],[-81.3078867302108,41.3953287065103],[-81.3044725329138,41.3953366633337],[-81.3045014360992,41.3935660390844]]]},"properties":{"source_county":"Geauga","jurisdiction":"Bainbridge Township","parcel_id":"02-711900","owner_name":"BOARD OF EDUCATION KENSTON LOCAL SCHOOL DISTRICT THE","property_address":"17425 SNYDER RD","property_city":"CHAGRIN FALLS","property_zip":"44023"}},{"type":"Feature","geometry":{"type":"Polygon","coordinates":[[[-81.3066004300508,41.3865444877341],[-81.3066185534696,41.3861836184737],[-81.3083014130791,41.3862315366495],[-81.308316728526,41.3862319725255],[-81.3083036204301,41.3865158344772],[-81.3082722446654,41.3871953003545],[-81.307824975596,41.3871985869501],[-81.307779419866,41.3881061733225],[-81.3047128500377,41.3881294916219],[-81.3047118262057,41.3880471133419],[-81.3047034592196,41.3873655206747],[-81.3046958833788,41.386748481428],[-81.3052514662072,41.3867451394221],[-81.3065907582483,41.3867370740953],[-81.3066004300508,41.3865444877341]]]},"properties":{"source_county":"Geauga","jurisdiction":"Bainbridge Township","parcel_id":"02-712000","owner_name":"KENSTON LOCAL SCHOOL DISTRICT AKA BOARD OF EDUCATION KENSTON LOCAL SCHOOL DISTRICT THE","property_address":"9421 BAINBRIDGE RD","property_city":"CHAGRIN FALLS","property_zip":"44023"}},{"type":"Feature","geometry":{"type":"Polygon","coordinates":[[[-81.3044566781331,41.3963078523957],[-81.3059152974358,41.3963040377746],[-81.3059006972195,41.3971904261743],[-81.3044422051027,41.3971943844098],[-81.3044566781331,41.3963078523957]]]},"properties":{"source_county":"Geauga","jurisdiction":"Bainbridge Township","parcel_id":"02-714200","owner_name":"KENSTON BOARD OF EDUCATION","property_address":"17419 SNYDER RD","property_city":"CHAGRIN FALLS","property_zip":"44023"}},{"type":"Feature","geometry":{"type":"Polygon","coordinates":[[[-81.3059152974358,41.3963040377746],[-81.3069089411894,41.3963014285432],[-81.3069100340393,41.3965228079637],[-81.3069111261161,41.3967444278032],[-81.3069133126668,41.3971876683666],[-81.3059006972195,41.3971904261743],[-81.3059152974358,41.3963040377746]]]},"properties":{"source_county":"Geauga","jurisdiction":"Bainbridge Township","parcel_id":"02-714300","owner_name":"KENSTON BOARD OF EDUCATION","property_address":" SNYDER RD","property_city":"CHAGRIN FALLS","property_zip":"44023"}},{"type":"Feature","geometry":{"type":"Polygon","coordinates":[[[-81.2978701265103,41.3824894436132],[-81.2978757819651,41.3821169357163],[-81.3030367169889,41.3827607674888],[-81.3030408076498,41.3827612780501],[-81.3030364369443,41.3830196848944],[-81.303034508211,41.3831337233417],[-81.3030335693432,41.3831892447967],[-81.303027064068,41.3835738333598],[-81.3021006991101,41.3834436547435],[-81.300409003093,41.383205905183],[-81.2981689699213,41.3828910530143],[-81.2978646798971,41.3828481854312],[-81.297869283506,41.3825449768827],[-81.2978701265103,41.3824894436132]]]},"properties":{"source_county":"Geauga","jurisdiction":"Bainbridge Township","parcel_id":"02-716200","owner_name":"STATE OF OHIO","property_address":" RT 422 ","property_city":"CHAGRIN FALLS","property_zip":"44023"}},{"type":"Feature","geometry":{"type":"Polygon","coordinates":[[[-81.3030364369443,41.3830196848944],[-81.3030408076498,41.3827612780501],[-81.3083119195142,41.3834186036039],[-81.3084458656368,41.3834353036339],[-81.3084287305532,41.3838064189177],[-81.3084261761688,41.3838617373254],[-81.3084118758949,41.3841714251615],[-81.3083091172146,41.3841687431194],[-81.3072408200048,41.3841408499597],[-81.3061785352559,41.3840084385978],[-81.3054684223598,41.38387819033],[-81.303035451896,41.3835748791297],[-81.303027064068,41.3835738333598],[-81.3030335693432,41.3831892447967],[-81.303034508211,41.3831337233417],[-81.3030364369443,41.3830196848944]]]},"properties":{"source_county":"Geauga","jurisdiction":"Bainbridge Township","parcel_id":"02-716300","owner_name":"STATE OF OHIO","property_address":" RT 422 ","property_city":"CHAGRIN FALLS","property_zip":"44023"}},{"type":"Feature","geometry":{"type":"Polygon","coordinates":[[[-81.2978757819651,41.3821169357163],[-81.297878311889,41.3819503494038],[-81.2990249483872,41.3820932355317],[-81.3030368983793,41.382593083519],[-81.3030436386177,41.3825939231471],[-81.3030408076498,41.3827612780501],[-81.3030367169889,41.3827607674888],[-81.2978757819651,41.3821169357163]]]},"properties":{"source_county":"Geauga","jurisdiction":"Bainbridge Township","parcel_id":"02-716400","owner_name":"STATE OF OHIO","property_address":" RT 422 ","property_city":"CHAGRIN FALLS","property_zip":"44023"}},{"type":"Feature","geometry":{"type":"Polygon","coordinates":[[[-81.319294560185,41.3851560794342],[-81.3216364612878,41.3851303823222],[-81.3228173966027,41.3852760255085],[-81.3229393929074,41.3852911814858],[-81.3229368804024,41.3856082555651],[-81.3229364404029,41.3856638324725],[-81.3229356646357,41.3857616973785],[-81.3208917181152,41.3857333042768],[-81.3164990677398,41.3851866910646],[-81.3188828496131,41.385160591535],[-81.319294560185,41.3851560794342]]]},"properties":{"source_county":"Geauga","jurisdiction":"Bainbridge Township","parcel_id":"02-716500","owner_name":"STATE OF OHIO","property_address":" HASKINS RD","property_city":"CHAGRIN FALLS","property_zip":"44023"}},{"type":"Feature","geometry":{"type":"Polygon","coordinates":[[[-81.3228671332296,41.3851168596904],[-81.322940779748,41.385116049513],[-81.3229393929074,41.3852911814858],[-81.3228173966027,41.3852760255085],[-81.3228671332296,41.3851168596904]]]},"properties":{"source_county":"Geauga","jurisdiction":"Bainbridge Township","parcel_id":"02-716600","owner_name":"STATE OF OHIO","property_address":" HASKINS RD","property_city":"CHAGRIN FALLS","property_zip":"44023"}},{"type":"Feature","geometry":{"type":"Polygon","coordinates":[[[-81.3227409760082,41.3859607336943],[-81.3208917181152,41.3857333042768],[-81.3229356646357,41.3857616973785],[-81.3229339000791,41.3859844588127],[-81.3227409760082,41.3859607336943]]]},"properties":{"source_county":"Geauga","jurisdiction":"Bainbridge Township","parcel_id":"02-716700","owner_name":"STATE OF OHIO","property_address":" RT 422 ","property_city":"CHAGRIN FALLS","property_zip":"44023"}},{"type":"Feature","geometry":{"type":"Polygon","coordinates":[[[-81.315790928879,41.3850985722768],[-81.3157922822321,41.3847768069625],[-81.3157925171076,41.3847212035953],[-81.3157930083158,41.3846043633779],[-81.3172776700226,41.3845881293953],[-81.3203725221485,41.3849731661266],[-81.320540098688,41.3848827393349],[-81.3206002905044,41.3850293106867],[-81.3216364612878,41.3851303823222],[-81.319294560185,41.3851560794342],[-81.3188828496131,41.385160591535],[-81.3164990677398,41.3851866910646],[-81.315790928879,41.3850985722768]]]},"properties":{"source_county":"Geauga","jurisdiction":"Bainbridge Township","parcel_id":"02-716800","owner_name":"STATE OF OHIO","property_address":" RT 422 ","property_city":"CHAGRIN FALLS","property_zip":"44023"}},{"type":"Feature","geometry":{"type":"Polygon","coordinates":[[[-81.3157930083158,41.3846043633779],[-81.3157938537302,41.3844032833297],[-81.3172776700226,41.3845881293953],[-81.3157930083158,41.3846043633779]]]},"properties":{"source_county":"Geauga","jurisdiction":"Bainbridge Township","parcel_id":"02-716900","owner_name":"STATE OF OHIO","property_address":" RT 422 ","property_city":"CHAGRIN FALLS","property_zip":"44023"}},{"type":"Feature","geometry":{"type":"Polygon","coordinates":[[[-81.3082639725328,41.3842678499589],[-81.3072408200048,41.3841408499597],[-81.3083091172146,41.3841687431194],[-81.3084118758949,41.3841714251615],[-81.3084066068536,41.3842855543668],[-81.3083087272422,41.3842734048476],[-81.3082639725328,41.3842678499589]]]},"properties":{"source_county":"Geauga","jurisdiction":"Bainbridge Township","parcel_id":"02-722400","owner_name":"STATE OF OHIO","property_address":" RT 422 ","property_city":"CHAGRIN FALLS","property_zip":"44023"}},{"type":"Feature","geometry":{"type":"Polygon","coordinates":[[[-81.3133977858492,41.3844237665292],[-81.3134016813257,41.3840870918584],[-81.3157938537302,41.3844032833297],[-81.3157930083158,41.3846043633779],[-81.3157925171076,41.3847212035953],[-81.3157922822321,41.3847768069625],[-81.315790928879,41.3850985722768],[-81.3133929913426,41.3848379989169],[-81.3133971421179,41.3844793198],[-81.3133977858492,41.3844237665292]]]},"properties":{"source_county":"Geauga","jurisdiction":"Bainbridge Township","parcel_id":"02-724100","owner_name":"STATE OF OHIO","property_address":" RT 422 ","property_city":"CHAGRIN FALLS","property_zip":"44023"}},{"type":"Feature","geometry":{"type":"Polygon","coordinates":[[[-81.3133929913426,41.3848379989169],[-81.3110465146415,41.3845453301816],[-81.3107590244246,41.3845929300038],[-81.3105791661332,41.3844870356499],[-81.3091591698467,41.3843098929651],[-81.3089285878828,41.3843506765423],[-81.3084066068536,41.3842855543668],[-81.3084118758949,41.3841714251615],[-81.3084261761688,41.3838617373254],[-81.3084287305532,41.3838064189177],[-81.3084458656368,41.3834353036339],[-81.3084462001723,41.3834280677253],[-81.3086091435034,41.3834529086593],[-81.3099500415649,41.383657323022],[-81.3114036036839,41.3837690216235],[-81.3117279940633,41.383820663402],[-81.3134016813257,41.3840870918584],[-81.3133977858492,41.3844237665292],[-81.3133971421179,41.3844793198],[-81.3133929913426,41.3848379989169]]]},"properties":{"source_county":"Geauga","jurisdiction":"Bainbridge Township","parcel_id":"02-726100","owner_name":"STATE OF OHIO","property_address":" RT 422 ","property_city":"CHAGRIN FALLS","property_zip":"44023"}},{"type":"Feature","geometry":{"type":"Polygon","coordinates":[[[-81.3083119195142,41.3834186036039],[-81.3030408076498,41.3827612780501],[-81.3030436386177,41.3825939231471],[-81.3042532266315,41.3827445968961],[-81.3042651194561,41.3826904411896],[-81.305063945706,41.3827899400417],[-81.3060627431689,41.3829143391655],[-81.3060567986753,41.3829414171219],[-81.3077106247983,41.3831473782249],[-81.3077165686288,41.383120300185],[-81.3078963332649,41.3831426866937],[-81.3078903883273,41.3831697638299],[-81.3083126524707,41.3832223471872],[-81.308341664698,41.3832259597107],[-81.308359792128,41.3832282165801],[-81.3084548814852,41.3832400572985],[-81.3084462001723,41.3834280677253],[-81.3084458656368,41.3834353036339],[-81.3083119195142,41.3834186036039]]]},"properties":{"source_county":"Geauga","jurisdiction":"Bainbridge Township","parcel_id":"02-726200","owner_name":"STATE OF OHIO","property_address":" RT 422 ","property_city":"CHAGRIN FALLS","property_zip":"44023"}},{"type":"Feature","geometry":{"type":"Polygon","coordinates":[[[-81.3239275027569,41.3954620278727],[-81.3239821739719,41.3954622615459],[-81.3239780378445,41.3960111625314],[-81.3239233661726,41.3960109288563],[-81.3235589042961,41.3960093714252],[-81.3231954640712,41.3958705870226],[-81.3231975348278,41.3955961356371],[-81.3235630439426,41.395460469554],[-81.3239275027569,41.3954620278727]]]},"properties":{"source_county":"Geauga","jurisdiction":"Bainbridge Township","parcel_id":"02-726500","owner_name":"TANGLEWOOD LAKE ASSOCIATION","property_address":"17400 HASKINS RD","property_city":"CHAGRIN FALLS","property_zip":"44023"}},{"type":"Feature","geometry":{"type":"Polygon","coordinates":[[[-81.3084548814852,41.3832400572985],[-81.3084941705587,41.3823891222313],[-81.3086034312002,41.3823919845058],[-81.3086237561073,41.3824852723105],[-81.3086485601622,41.3825991211443],[-81.3086091435034,41.3834529086593],[-81.3084462001723,41.3834280677253],[-81.3084548814852,41.3832400572985]]]},"properties":{"source_county":"Geauga","jurisdiction":"Bainbridge Township","parcel_id":"02-729264","owner_name":"STATE OF OHIO","property_address":" SNYDER RD","property_city":"CHAGRIN FALLS","property_zip":"44023"}},{"type":"Feature","geometry":{"type":"Polygon","coordinates":[[[-81.3231612403266,41.3848882309944],[-81.3232523414649,41.3848876250279],[-81.3232497717576,41.3852993420635],[-81.3231606476186,41.3849631523676],[-81.3231612403266,41.3848882309944]]]},"properties":{"source_county":"Geauga","jurisdiction":"Bainbridge Township","parcel_id":"02-729265","owner_name":"STATE OF OHIO","property_address":" HASKINS RD","property_city":"CHAGRIN FALLS","property_zip":"44023"}},{"type":"Feature","geometry":{"type":"Polygon","coordinates":[[[-81.3227569738529,41.3861853371708],[-81.3227409760082,41.3859607336943],[-81.3228185455671,41.386183676677],[-81.3228556748329,41.3862903900428],[-81.3227644981558,41.3862909652316],[-81.3227569738529,41.3861853371708]]]},"properties":{"source_county":"Geauga","jurisdiction":"Bainbridge Township","parcel_id":"02-729266","owner_name":"STATE OF OHIO","property_address":" HASKINS RD","property_city":"CHAGRIN FALLS","property_zip":"44023"}},{"type":"Feature","geometry":{"type":"Polygon","coordinates":[[[-81.3229140513672,41.3839321464825],[-81.3229501625991,41.3839317373054],[-81.3229454547594,41.3845259793591],[-81.3228712910804,41.3845267941815],[-81.3229140513672,41.3839321464825]]]},"properties":{"source_county":"Geauga","jurisdiction":"Bainbridge Township","parcel_id":"02-729267","owner_name":"STATE OF OHIO","property_address":" HASKINS RD","property_city":"CHAGRIN FALLS","property_zip":"44023"}},{"type":"Feature","geometry":{"type":"Polygon","coordinates":[[[-81.3232482017514,41.3861720818529],[-81.3232539919442,41.3861544372513],[-81.3232977382107,41.3861554815447],[-81.323297617738,41.3861707487399],[-81.3232956495844,41.3864190911168],[-81.3232748754211,41.3867044395004],[-81.3231468661733,41.3867031890579],[-81.3231486707421,41.3864754193521],[-81.3232482017514,41.3861720818529]]]},"properties":{"source_county":"Geauga","jurisdiction":"Bainbridge Township","parcel_id":"02-729269","owner_name":"STATE OF OHIO","property_address":" HASKINS RD","property_city":"CHAGRIN FALLS","property_zip":"44023"}},{"type":"Feature","geometry":{"type":"Polygon","coordinates":[[[-81.3231468661733,41.3867031890579],[-81.3232748754211,41.3867044395004],[-81.3232697965839,41.3873182727638],[-81.3231765734043,41.3875731918032],[-81.3231738016563,41.3879081294747],[-81.3231748833446,41.3879905061444],[-81.3230273002501,41.3879916051637],[-81.3230365589239,41.3868608009727],[-81.3230378527397,41.3867021243414],[-81.3231468661733,41.3867031890579]]]},"properties":{"source_county":"Geauga","jurisdiction":"Bainbridge Township","parcel_id":"02-729270","owner_name":"STATE OF OHIO","property_address":" HASKINS RD","property_city":"CHAGRIN FALLS","property_zip":"44023"}},{"type":"Feature","geometry":{"type":"Polygon","coordinates":[[[-81.3228712910804,41.3845267941815],[-81.3229454547594,41.3845259793591],[-81.3229426891721,41.3848750601429],[-81.3228671332296,41.3851168596904],[-81.3228288281945,41.3851172807662],[-81.3228712910804,41.3845267941815]]]},"properties":{"source_county":"Geauga","jurisdiction":"Bainbridge Township","parcel_id":"02-729272","owner_name":"STATE OF OHIO","property_address":" HASKINS RD","property_city":"CHAGRIN FALLS","property_zip":"44023"}},{"type":"Feature","geometry":{"type":"Polygon","coordinates":[[[-81.3231579790034,41.3853000103454],[-81.3232497717576,41.3852993420635],[-81.3232495868098,41.3853288855505],[-81.3231578383876,41.3853178681536],[-81.3231579790034,41.3853000103454]]]},"properties":{"source_county":"Geauga","jurisdiction":"Bainbridge Township","parcel_id":"02-729273","owner_name":"STATE OF OHIO","property_address":" HASKINS RD","property_city":"CHAGRIN FALLS","property_zip":"44023"}},{"type":"Feature","geometry":{"type":"Polygon","coordinates":[[[-81.3229260189532,41.3868614991768],[-81.3230365589239,41.3868608009727],[-81.3230273002501,41.3879916051637],[-81.3228829951791,41.3879926796824],[-81.3228820908621,41.3879103012072],[-81.3227943355928,41.3873658238735],[-81.3227974618634,41.3868623103902],[-81.32289984951,41.3868616645196],[-81.3229260189532,41.3868614991768]]]},"properties":{"source_county":"Geauga","jurisdiction":"Bainbridge Township","parcel_id":"02-729278","owner_name":"STATE OF OHIO","property_address":" HASKINS RD","property_city":"CHAGRIN FALLS","property_zip":"44023"}},{"type":"Feature","geometry":{"type":"Polygon","coordinates":[[[-81.3227644981558,41.3862909652316],[-81.3228556748329,41.3862903900428],[-81.32289984951,41.3868616645196],[-81.3227974618634,41.3868623103902],[-81.3227644981558,41.3862909652316]]]},"properties":{"source_county":"Geauga","jurisdiction":"Bainbridge Township","parcel_id":"02-729279","owner_name":"STATE OF OHIO","property_address":" HASKINS RD","property_city":"CHAGRIN FALLS","property_zip":"44023"}},{"type":"Feature","geometry":{"type":"Polygon","coordinates":[[[-81.3044725329138,41.3953366633337],[-81.3078867302108,41.3953287065103],[-81.3078809410898,41.3954504358522],[-81.307867571749,41.3957315522889],[-81.3078405866401,41.3962989740903],[-81.3069089411894,41.3963014285432],[-81.3059152974358,41.3963040377746],[-81.3044566781331,41.3963078523957],[-81.3044725329138,41.3953366633337]]]},"properties":{"source_county":"Geauga","jurisdiction":"Bainbridge Township","parcel_id":"02-729293","owner_name":"BOARD OF EDUCATION KENSTON LOCAL SCHOOL DISTRICT THE","property_address":" SNYDER RD","property_city":"CHAGRIN FALLS","property_zip":"44023"}},{"type":"Feature","geometry":{"type":"Polygon","coordinates":[[[-81.3034018365312,41.3935682304257],[-81.3045014360992,41.3935660390844],[-81.3044725329138,41.3953366633337],[-81.3044566781331,41.3963078523957],[-81.3039656973142,41.3963091326858],[-81.3033771534582,41.3963106645435],[-81.3034018365312,41.3935682304257]]]},"properties":{"source_county":"Geauga","jurisdiction":"Bainbridge Township","parcel_id":"02-729294","owner_name":"BOARD OF EDUCATION KENSTON LOCAL SCHOOL DISTRICT THE","property_address":" SNYDER RD","property_city":"CHAGRIN FALLS","property_zip":"44023"}},{"type":"Feature","geometry":{"type":"Polygon","coordinates":[[[-81.3030475964773,41.3881430603836],[-81.3045901361536,41.3881304915507],[-81.3045800355666,41.3887495417967],[-81.3045588404122,41.390048524504],[-81.3045482423485,41.3906980251377],[-81.3045141145387,41.3927893663858],[-81.301542569461,41.3928041805573],[-81.3015921570736,41.3899967623874],[-81.3016021446158,41.3894312691703],[-81.3016036027933,41.3893487355308],[-81.3019175203299,41.3893464346315],[-81.3024637625934,41.3893424291971],[-81.3030640104583,41.3893380248366],[-81.3030475964773,41.3881430603836]]]},"properties":{"source_county":"Geauga","jurisdiction":"Bainbridge Township","parcel_id":"02-729355","owner_name":"KENSTON BOARD OF EDUCATION","property_address":"9500 BAINBRIDGE RD","property_city":"CHAGRIN FALLS","property_zip":"44023"}},{"type":"Feature","geometry":{"type":"Polygon","coordinates":[[[-81.3052594472194,41.3887462332574],[-81.3082004240172,41.3887318638108],[-81.3081874187331,41.3890053921716],[-81.3081654156826,41.3894681304735],[-81.3081444731632,41.3899085879792],[-81.3081397407523,41.3900081195773],[-81.3045588404122,41.390048524504],[-81.3045800355666,41.3887495417967],[-81.3052594472194,41.3887462332574]]]},"properties":{"source_county":"Geauga","jurisdiction":"Bainbridge Township","parcel_id":"02-729356","owner_name":"KENSTON BOARD OF EDUCATION","property_address":" SNYDER RD","property_city":"CHAGRIN FALLS","property_zip":"44023"}},{"type":"Feature","geometry":{"type":"Polygon","coordinates":[[[-81.3045482423485,41.3906980251377],[-81.3081093974823,41.3906462558296],[-81.3080914095982,41.391024551406],[-81.308068215618,41.391512311839],[-81.3080603593795,41.3916775379946],[-81.3080222226603,41.3924795193084],[-81.3080025955415,41.3928922672754],[-81.3079829100973,41.39330623841],[-81.3079708876327,41.3935590554275],[-81.3045014360992,41.3935660390844],[-81.3045141145387,41.3927893663858],[-81.3045482423485,41.3906980251377]]]},"properties":{"source_county":"Geauga","jurisdiction":"Bainbridge Township","parcel_id":"02-729357","owner_name":"KENSTON BOARD OF EDUCATION","property_address":" SNYDER RD","property_city":"CHAGRIN FALLS","property_zip":"44023"}},{"type":"Feature","geometry":{"type":"Polygon","coordinates":[[[-81.3231510517624,41.3861747038738],[-81.3231512250455,41.3861528876891],[-81.3232539919442,41.3861544372513],[-81.3232482017514,41.3861720818529],[-81.3231486707421,41.3864754193521],[-81.3231510517624,41.3861747038738]]]},"properties":{"source_county":"Geauga","jurisdiction":"Bainbridge Township","parcel_id":"02-729381","owner_name":"STATE OF OHIO","property_address":" HASKINS RD","property_city":"CHAGRIN FALLS","property_zip":"44023"}},{"type":"Feature","geometry":{"type":"Polygon","coordinates":[[[-81.3231512250455,41.3861528876891],[-81.323152353223,41.3860103791926],[-81.3232958780272,41.3860267837695],[-81.3232539919442,41.3861544372513],[-81.3231512250455,41.3861528876891]]]},"properties":{"source_county":"Geauga","jurisdiction":"Bainbridge Township","parcel_id":"02-729383","owner_name":"STATE OF OHIO","property_address":" HASKINS RD","property_city":"CHAGRIN FALLS","property_zip":"44023"}},{"type":"Feature","geometry":{"type":"Polygon","coordinates":[[[-81.3231579790034,41.3853000103454],[-81.3231606476186,41.3849631523676],[-81.3232497717576,41.3852993420635],[-81.3231579790034,41.3853000103454]]]},"properties":{"source_county":"Geauga","jurisdiction":"Bainbridge Township","parcel_id":"02-729384","owner_name":"STATE OF OHIO","property_address":" HASKINS RD","property_city":"CHAGRIN FALLS","property_zip":"44023"}},{"type":"Feature","geometry":{"type":"Polygon","coordinates":[[[-81.3238092845516,41.3852956602262],[-81.3238632701191,41.3852502439074],[-81.3240070948582,41.3852681113211],[-81.3240192140415,41.3852942560032],[-81.3238092845516,41.3852956602262]]]},"properties":{"source_county":"Geauga","jurisdiction":"Bainbridge Township","parcel_id":"02-729385","owner_name":"STATE OF OHIO","property_address":" HASKINS RD","property_city":"CHAGRIN FALLS","property_zip":"44023"}},{"type":"Feature","geometry":{"type":"Polygon","coordinates":[[[-81.3231672106046,41.3841343330791],[-81.3232047144546,41.3841340838602],[-81.3232523414649,41.3848876250279],[-81.3231612403266,41.3848882309944],[-81.3231672106046,41.3841343330791]]]},"properties":{"source_county":"Geauga","jurisdiction":"Bainbridge Township","parcel_id":"02-729386","owner_name":"STATE OF OHIO","property_address":" HASKINS RD","property_city":"CHAGRIN FALLS","property_zip":"44023"}},{"type":"Feature","geometry":{"type":"Polygon","coordinates":[[[-81.3228185455671,41.386183676677],[-81.3227409760082,41.3859607336943],[-81.3229339000791,41.3859844588127],[-81.3229323446428,41.3861806055093],[-81.3229314786103,41.3862899115686],[-81.3228556748329,41.3862903900428],[-81.3228185455671,41.386183676677]]]},"properties":{"source_county":"Geauga","jurisdiction":"Bainbridge Township","parcel_id":"02-729387","owner_name":"STATE OF OHIO","property_address":" HASKINS RD","property_city":"CHAGRIN FALLS","property_zip":"44023"}},{"type":"Feature","geometry":{"type":"Polygon","coordinates":[[[-81.3228556748329,41.3862903900428],[-81.3229314786103,41.3862899115686],[-81.3229260189532,41.3868614991768],[-81.32289984951,41.3868616645196],[-81.3228556748329,41.3862903900428]]]},"properties":{"source_county":"Geauga","jurisdiction":"Bainbridge Township","parcel_id":"02-729388","owner_name":"STATE OF OHIO","property_address":" HASKINS RD","property_city":"CHAGRIN FALLS","property_zip":"44023"}},{"type":"Feature","geometry":{"type":"Polygon","coordinates":[[[-81.3228671332296,41.3851168596904],[-81.3229426891721,41.3848750601429],[-81.322940779748,41.385116049513],[-81.3228671332296,41.3851168596904]]]},"properties":{"source_county":"Geauga","jurisdiction":"Bainbridge Township","parcel_id":"02-729389","owner_name":"STATE OF OHIO","property_address":" HASKINS RD","property_city":"CHAGRIN FALLS","property_zip":"44023"}},{"type":"Feature","geometry":{"type":"Polygon","coordinates":[[[-81.3082861367091,41.3845820923848],[-81.3082639725328,41.3842678499589],[-81.3083087272422,41.3842734048476],[-81.3084066068536,41.3842855543668],[-81.308392785025,41.3845848757033],[-81.3083075715479,41.3845826515796],[-81.3082861367091,41.3845820923848]]]},"properties":{"source_county":"Geauga","jurisdiction":"Bainbridge Township","parcel_id":"02-729390","owner_name":"STATE OF OHIO","property_address":" SNYDER RD","property_city":"CHAGRIN FALLS","property_zip":"44023"}},{"type":"Feature","geometry":{"type":"Polygon","coordinates":[[[-81.308341664698,41.3832259597107],[-81.3083521776263,41.3829982989288],[-81.3083701833024,41.3830005410364],[-81.308359792128,41.3832282165801],[-81.308341664698,41.3832259597107]]]},"properties":{"source_county":"Geauga","jurisdiction":"Bainbridge Township","parcel_id":"02-729391","owner_name":"STATE OF OHIO","property_address":" SNYDER RD","property_city":"CHAGRIN FALLS","property_zip":"44023"}},{"type":"Feature","geometry":{"type":"Polygon","coordinates":[[[-81.3230666548236,41.3830366010081],[-81.3255403402082,41.3830231983663],[-81.3255316786988,41.3841219120907],[-81.3232047144546,41.3841340838602],[-81.323058170535,41.3841348592974],[-81.3230666548236,41.3830366010081]]]},"properties":{"source_county":"Geauga","jurisdiction":"Bainbridge Township","parcel_id":"02-729415","owner_name":"BAINBRIDGE TOWNSHIP BOARD OF TRUSTEES","property_address":"17864 HASKINS RD","property_city":"CHAGRIN FALLS","property_zip":"44023"}},{"type":"Feature","geometry":{"type":"Polygon","coordinates":[[[-81.3059006972195,41.3971904261743],[-81.3069133126668,41.3971876683666],[-81.3069158176815,41.3976953339516],[-81.3069213932676,41.3988258064897],[-81.3069241014951,41.3993747567106],[-81.3065020493844,41.3992150957179],[-81.3058712782156,41.3989764720223],[-81.3059006972195,41.3971904261743]]]},"properties":{"source_county":"Geauga","jurisdiction":"Bainbridge Township","parcel_id":"02-729446","owner_name":"KENSTON LOCAL SCHOOL DISTRICT","property_address":"9413 WASHINGTON ST","property_city":"CHAGRIN FALLS","property_zip":"44023"}},{"type":"Feature","geometry":{"type":"Polygon","coordinates":[[[-81.3104835383196,41.3928725959666],[-81.3105486961072,41.391506304898],[-81.3101237096018,41.3915148814828],[-81.3083930224029,41.3915821249931],[-81.3083894458067,41.3916644999026],[-81.3080603593795,41.3916775379946],[-81.308068215618,41.391512311839],[-81.3101194170447,41.391432616598],[-81.3119804650736,41.3913950459128],[-81.3124770291534,41.3913850154492],[-81.3127685244334,41.391379126771],[-81.3131635013953,41.3913711469825],[-81.3136168272979,41.3913619859767],[-81.3135376775412,41.392544390631],[-81.3135173218234,41.3928484697623],[-81.3120682959591,41.3928600034334],[-81.3104835383196,41.3928725959666]]]},"properties":{"source_county":"Geauga","jurisdiction":"Bainbridge Township","parcel_id":"02-419737","owner_name":"GREENE RANDALL ASHTON & AMY SLENKER","property_address":"17570 SNYDER RD","property_city":"CHAGRIN FALLS","property_zip":"44023"}},{"type":"Feature","geometry":{"type":"Polygon","coordinates":[[[-81.3245201132867,41.3977031313688],[-81.324569502011,41.3974871288618],[-81.3253708555089,41.3975271842833],[-81.3253569626929,41.397627273766],[-81.3253352360603,41.3977265697657],[-81.3253057515738,41.3978247249531],[-81.3245201132867,41.3977031313688]]]},"properties":{"source_county":"Geauga","jurisdiction":"Bainbridge Township","parcel_id":"02-007400","owner_name":"ROLF SCOTT A & CAROLYN J","property_address":"17339 LONG MEADOW TRL","property_city":"CHAGRIN FALLS","property_zip":"44023"}},{"type":"Feature","geometry":{"type":"Polygon","coordinates":[[[-81.323215110231,41.3781371766228],[-81.3232184529732,41.3776980545736],[-81.3242890131103,41.3777080506373],[-81.3242879111862,41.3778474348723],[-81.3242855412519,41.3781471713325],[-81.323215110231,41.3781371766228]]]},"properties":{"source_county":"Geauga","jurisdiction":"Bainbridge Township","parcel_id":"02-008300","owner_name":"HOCH DANIEL A","property_address":"18066 HASKINS RD","property_city":"CHAGRIN FALLS","property_zip":"44023"}},{"type":"Feature","geometry":{"type":"Polygon","coordinates":[[[-81.3085958847679,41.3780548249956],[-81.308705403257,41.3780517743225],[-81.3086917440234,41.3783267204961],[-81.3086712268177,41.3787383181425],[-81.3083293641164,41.3787478173143],[-81.3074566011792,41.3787720646024],[-81.307469059126,41.3780861249125],[-81.308331925141,41.3780621575839],[-81.3085958847679,41.3780548249956]]]},"properties":{"source_county":"Geauga","jurisdiction":"Bainbridge Township","parcel_id":"02-015800","owner_name":"RODGERS YOUNG S","property_address":"18059 SNYDER RD","property_city":"CHAGRIN FALLS","property_zip":"44023"}},{"type":"Feature","geometry":{"type":"Polygon","coordinates":[[[-81.3082095961927,41.3885389562407],[-81.3101158552494,41.3885450717968],[-81.3101164431714,41.3890222213083],[-81.3081874187347,41.3890053921744],[-81.3082004240189,41.3887318638136],[-81.3082095961927,41.3885389562407]]]},"properties":{"source_county":"Geauga","jurisdiction":"Bainbridge Township","parcel_id":"02-020200","owner_name":"FENNER NELSON C & NANCY C","property_address":"17666 SNYDER RD","property_city":"CHAGRIN FALLS","property_zip":"44023"}},{"type":"Feature","geometry":{"type":"Polygon","coordinates":[[[-81.3217393609802,41.3904773346195],[-81.3230307945956,41.3904680565656],[-81.3230309631887,41.3905590050034],[-81.3230318074647,41.3910114724464],[-81.3230323145987,41.3912913823439],[-81.3198983635409,41.3913127885111],[-81.3198966699111,41.3904894659304],[-81.3204434696367,41.3904866303168],[-81.3214639219211,41.3904793118414],[-81.3217393609802,41.3904773346195]]]},"properties":{"source_county":"Geauga","jurisdiction":"Bainbridge Township","parcel_id":"02-020400","owner_name":"GORDON SUSAN CAROL","property_address":"17583 HASKINS RD","property_city":"CHAGRIN FALLS","property_zip":"44023"}},{"type":"Feature","geometry":{"type":"Polygon","coordinates":[[[-81.3244149757771,41.3981629393188],[-81.3244675453137,41.3979330353691],[-81.3251646596439,41.3981207491639],[-81.3251047242475,41.3982103458595],[-81.3250378804355,41.3982971271567],[-81.3249643605456,41.3983807913838],[-81.324884420126,41.3984610477035],[-81.3244149757771,41.3981629393188]]]},"properties":{"source_county":"Geauga","jurisdiction":"Bainbridge Township","parcel_id":"02-020490","owner_name":"BELAK JOHN D III & DIANE L & MICHAEL R & LUIZ BRIAN","property_address":"17315 LONG MEADOW TRL","property_city":"CHAGRIN FALLS","property_zip":"44023"}},{"type":"Feature","geometry":{"type":"Polygon","coordinates":[[[-81.313417195707,41.3767527892531],[-81.3134169317152,41.3772328210922],[-81.3087378954482,41.3772292347768],[-81.3087406818981,41.3771431592432],[-81.3087535911043,41.3767490813058],[-81.313417195707,41.3767527892531]]]},"properties":{"source_county":"Geauga","jurisdiction":"Bainbridge Township","parcel_id":"02-021150","owner_name":"SJE","property_address":"18106 SNYDER RD","property_city":"CHAGRIN FALLS","property_zip":"44023"}},{"type":"Feature","geometry":{"type":"Polygon","coordinates":[[[-81.3248135133723,41.3765935517259],[-81.3253669040269,41.3765870975818],[-81.3253701660028,41.3770359619567],[-81.3242944204019,41.377024190506],[-81.3242976575304,41.3765997810268],[-81.3248135133723,41.3765935517259]]]},"properties":{"source_county":"Geauga","jurisdiction":"Bainbridge Township","parcel_id":"02-028130","owner_name":"SCHULTZ KARL D & JENNIFER D","property_address":"18111 MILLSTONE RD","property_city":"CHAGRIN FALLS","property_zip":"44023"}},{"type":"Feature","geometry":{"type":"Polygon","coordinates":[[[-81.3019834993422,41.3963142790411],[-81.3033771534599,41.3963106645464],[-81.3034691851139,41.3972967217435],[-81.3032939750773,41.3980009644362],[-81.302250198149,41.3976043273284],[-81.3016990434484,41.3973948812108],[-81.3013485253399,41.3972616773343],[-81.3019834993422,41.3963142790411]]]},"properties":{"source_county":"Geauga","jurisdiction":"Bainbridge Township","parcel_id":"02-029700","owner_name":"BEYER SHAN P","property_address":"9551 WASHINGTON ST","property_city":"CHAGRIN FALLS","property_zip":"44023"}},{"type":"Feature","geometry":{"type":"Polygon","coordinates":[[[-81.2994830198412,41.3963063775034],[-81.299935703606,41.3956307461234],[-81.3015629102363,41.3962486468153],[-81.3015190756678,41.3963140730443],[-81.3015181314774,41.3963154825037],[-81.3019834993422,41.3963142790411],[-81.3013485253399,41.3972616773343],[-81.3011670367466,41.3971927078627],[-81.3006461394088,41.3969947525709],[-81.3001427932176,41.3968034641176],[-81.2993514615924,41.3965027253176],[-81.2994823596145,41.3963073630403],[-81.2994830198412,41.3963063775034]]]},"properties":{"source_county":"Geauga","jurisdiction":"Bainbridge Township","parcel_id":"02-029800","owner_name":"FOLTZ RICHILYN TOD","property_address":"9575 WASHINGTON ST","property_city":"CHAGRIN FALLS","property_zip":"44023"}},{"type":"Feature","geometry":{"type":"Polygon","coordinates":[[[-81.3078489260439,41.3975340064989],[-81.3094364872415,41.3975173109589],[-81.3094392774564,41.3979289886021],[-81.3078517051281,41.3979456832657],[-81.3078499977691,41.3976928251865],[-81.3078489260439,41.3975340064989]]]},"properties":{"source_county":"Geauga","jurisdiction":"Bainbridge Township","parcel_id":"02-033800","owner_name":"CHAGRIN VALLEY ATHLETIC CLUB INC","property_address":"17328 SNYDER RD","property_city":"CHAGRIN FALLS","property_zip":"44023"}},{"type":"Feature","geometry":{"type":"Polygon","coordinates":[[[-81.3087793145413,41.3759421392613],[-81.3143884626358,41.3758942278389],[-81.3143823620681,41.3763114537432],[-81.3087664734839,41.3763541007192],[-81.3087727522499,41.3761620038175],[-81.3087786144435,41.375982657735],[-81.3087793145413,41.3759421392613]]]},"properties":{"source_county":"Geauga","jurisdiction":"Bainbridge Township","parcel_id":"02-033850","owner_name":"MANKE DEBORAH","property_address":"18136 SNYDER RD","property_city":"CHAGRIN FALLS","property_zip":"44023"}},{"type":"Feature","geometry":{"type":"Polygon","coordinates":[[[-81.3231705661631,41.3991694542185],[-81.3231727598752,41.3988788111258],[-81.3237046872868,41.39902101941],[-81.3242611425421,41.3991697814755],[-81.3241879992024,41.3992956755841],[-81.3241230681888,41.3994240975922],[-81.3231705661631,41.3991694542185]]]},"properties":{"source_county":"Geauga","jurisdiction":"Bainbridge Township","parcel_id":"02-034520","owner_name":"MC IVOR COURTNEY E & MICHAEL A","property_address":"17269 LONG MEADOW TRL","property_city":"CHAGRIN FALLS","property_zip":"44023"}},{"type":"Feature","geometry":{"type":"Polygon","coordinates":[[[-81.3231695802425,41.3993000767485],[-81.3231705661631,41.3991694542185],[-81.3241230681888,41.3994240975922],[-81.3241052539841,41.3994629778048],[-81.3240881921877,41.3995020493601],[-81.3231695802425,41.3993000767485]]]},"properties":{"source_county":"Geauga","jurisdiction":"Bainbridge Township","parcel_id":"02-034530","owner_name":"MC IVOR COURTNEY E & MICHAEL A","property_address":" LONG MEADOW TRL","property_city":"CHAGRIN FALLS","property_zip":"44023"}},{"type":"Feature","geometry":{"type":"Polygon","coordinates":[[[-81.3078249755977,41.3871985869529],[-81.3082722446671,41.3871953003573],[-81.3082303389415,41.3881027379976],[-81.3077794198677,41.3881061733253],[-81.3078249755977,41.3871985869529]]]},"properties":{"source_county":"Geauga","jurisdiction":"Bainbridge Township","parcel_id":"02-037400","owner_name":"WALTERS DEVIN MICHELLE","property_address":"17695 SNYDER RD","property_city":"CHAGRIN FALLS","property_zip":"44023"}},{"type":"Feature","geometry":{"type":"Polygon","coordinates":[[[-81.324569502011,41.3974871288618],[-81.3246293494486,41.3972253904329],[-81.325381273464,41.3972433586384],[-81.3253791945076,41.3973853366041],[-81.3253708555089,41.3975271842833],[-81.324569502011,41.3974871288618]]]},"properties":{"source_county":"Geauga","jurisdiction":"Bainbridge Township","parcel_id":"02-040550","owner_name":"TISLER ANDREW L & NANCY A","property_address":"17355 LONG MEADOW TRL","property_city":"CHAGRIN FALLS","property_zip":"44023"}},{"type":"Feature","geometry":{"type":"Polygon","coordinates":[[[-81.324595202242,41.3990421325724],[-81.3251502967343,41.3993446785855],[-81.3250184674185,41.3995657010172],[-81.3243948119678,41.3993499713147],[-81.3244557331296,41.3992452290371],[-81.3245225709911,41.3991425529941],[-81.324595202242,41.3990421325724]]]},"properties":{"source_county":"Geauga","jurisdiction":"Bainbridge Township","parcel_id":"02-048550","owner_name":"KERSEY JAMES M & JOSEPHINE M","property_address":"17272 LONG MEADOW TRL","property_city":"CHAGRIN FALLS","property_zip":"44023"}},{"type":"Feature","geometry":{"type":"Polygon","coordinates":[[[-81.312720023819,41.3880684357996],[-81.3131150480044,41.3880654097559],[-81.3131635013969,41.3913711469853],[-81.3127685244351,41.3913791267739],[-81.312720023819,41.3880684357996]]]},"properties":{"source_county":"Geauga","jurisdiction":"Bainbridge Township","parcel_id":"02-049010","owner_name":"BUETTNER RICHARD L & BEVERLY A","property_address":"9228 BAINBRIDGE RD","property_city":"CHAGRIN FALLS","property_zip":"44023"}},{"type":"Feature","geometry":{"type":"Polygon","coordinates":[[[-81.323481084518,41.3915296501731],[-81.3243023260991,41.39145064316],[-81.3243309288414,41.3914766199577],[-81.3243645969208,41.391498889236],[-81.3244024937429,41.3915168976381],[-81.3244436776329,41.3915301976829],[-81.3244871252354,41.3915384588846],[-81.3237608254235,41.3919581346588],[-81.323481084518,41.3915296501731]]]},"properties":{"source_county":"Geauga","jurisdiction":"Bainbridge Township","parcel_id":"02-057990","owner_name":"DOTTORE THOMAS F TOD & JENNIFER L TOD","property_address":"8918 SOUTHBROOK TRL","property_city":"CHAGRIN FALLS","property_zip":"44023"}},{"type":"Feature","geometry":{"type":"Polygon","coordinates":[[[-81.3215135408664,41.3816558222397],[-81.3221164898093,41.3816461909201],[-81.3221074750977,41.3827348140802],[-81.3215628816148,41.382743511166],[-81.3215045334786,41.3827440799121],[-81.3215135408664,41.3816558222397]]]},"properties":{"source_county":"Geauga","jurisdiction":"Bainbridge Township","parcel_id":"02-059510","owner_name":"TOKOS JOSEPH & VACCARIELLO TORI","property_address":"8977 OLD MEADOW DR","property_city":"CHAGRIN FALLS","property_zip":"44023"}},{"type":"Feature","geometry":{"type":"Polygon","coordinates":[[[-81.309856589731,41.3962777690886],[-81.3111210612851,41.3962644517262],[-81.3111298577185,41.3979111854473],[-81.3094392774564,41.3979289886021],[-81.3094364872415,41.3975173109589],[-81.3094336982409,41.3971056341816],[-81.3094281191653,41.3962822795746],[-81.309856589731,41.3962777690886]]]},"properties":{"source_county":"Geauga","jurisdiction":"Bainbridge Township","parcel_id":"02-061400","owner_name":"FREDERICA HOLDINGS LLC","property_address":" WASHINGTON ST","property_city":"CHAGRIN FALLS","property_zip":"44023"}},{"type":"Feature","geometry":{"type":"Polygon","coordinates":[[[-81.3094392774564,41.3979289886021],[-81.3111298577185,41.3979111854473],[-81.3111462082531,41.4009718488072],[-81.310156309132,41.400597421018],[-81.3078637544381,41.3997302175979],[-81.3078592488972,41.3990629677724],[-81.3078517051281,41.3979456832657],[-81.3094392774564,41.3979289886021]]]},"properties":{"source_county":"Geauga","jurisdiction":"Bainbridge Township","parcel_id":"02-061500","owner_name":"FREDERICA HOLDINGS LLC","property_address":"17260 SNYDER RD","property_city":"CHAGRIN FALLS","property_zip":"44023"}},{"type":"Feature","geometry":{"type":"Polygon","coordinates":[[[-81.3112770076424,41.3962628087532],[-81.3118499556333,41.3962567686512],[-81.3118533836583,41.3968972311565],[-81.311859501029,41.3980399978509],[-81.3118640561627,41.3988909665157],[-81.3118668299963,41.3994091603491],[-81.3118687046828,41.3997592539208],[-81.3118766748002,41.4012481379979],[-81.3111462082531,41.4009718488072],[-81.3111298577185,41.3979111854473],[-81.3111210612851,41.3962644517262],[-81.3112770076424,41.3962628087532]]]},"properties":{"source_county":"Geauga","jurisdiction":"Bainbridge Township","parcel_id":"02-061600","owner_name":"FREDERICA HOLDINGS LLC","property_address":" WASHINGTON ST","property_city":"CHAGRIN FALLS","property_zip":"44023"}},{"type":"Feature","geometry":{"type":"Polygon","coordinates":[[[-81.3081874187347,41.3890053921744],[-81.3101164431714,41.3890222213083],[-81.310117018947,41.3894889533357],[-81.3081654156842,41.3894681304764],[-81.3081874187347,41.3890053921744]]]},"properties":{"source_county":"Geauga","jurisdiction":"Bainbridge Township","parcel_id":"02-063570","owner_name":"CRUM JAMES F","property_address":"17650 SNYDER RD","property_city":"CHAGRIN FALLS","property_zip":"44023"}},{"type":"Feature","geometry":{"type":"Polygon","coordinates":[[[-81.3086495647223,41.3791734735292],[-81.3086647724646,41.378868541299],[-81.3134160028969,41.3789245164002],[-81.3134156771268,41.3795187614285],[-81.3086329091161,41.3795080605895],[-81.3086495647223,41.3791734735292]]]},"properties":{"source_county":"Geauga","jurisdiction":"Bainbridge Township","parcel_id":"02-064030","owner_name":"MALYSA JOSEPH","property_address":"18020 SNYDER RD","property_city":"CHAGRIN FALLS","property_zip":"44023"}},{"type":"Feature","geometry":{"type":"Polygon","coordinates":[[[-81.3217358252575,41.3868690084837],[-81.3227974618651,41.386862310393],[-81.3227943355945,41.3873658238763],[-81.3228820908638,41.38791030121],[-81.3217368542703,41.3879188188169],[-81.3214608016069,41.3879208707275],[-81.3214673393757,41.3868707006026],[-81.3217358252575,41.3868690084837]]]},"properties":{"source_county":"Geauga","jurisdiction":"Bainbridge Township","parcel_id":"02-071440","owner_name":"PAPESH RAYMOND P","property_address":"17725 HASKINS RD","property_city":"CHAGRIN FALLS","property_zip":"44023"}},{"type":"Feature","geometry":{"type":"Polygon","coordinates":[[[-81.3205197539608,41.3863157462848],[-81.3214708995312,41.3862991251218],[-81.3214673393757,41.3868707006026],[-81.3214608016069,41.3879208707275],[-81.3214603934177,41.3880032583872],[-81.3205063081605,41.3880103429125],[-81.3205197539608,41.3863157462848]]]},"properties":{"source_county":"Geauga","jurisdiction":"Bainbridge Township","parcel_id":"02-071450","owner_name":"PELANDER CAROL P & NATIONAL CITY BANK TRUSTEE","property_address":"9011 BAINBRIDGE RD","property_city":"CHAGRIN FALLS","property_zip":"44023"}},{"type":"Feature","geometry":{"type":"Polygon","coordinates":[[[-81.3237091499575,41.3898506338131],[-81.323691978565,41.3898427400917],[-81.3236677356616,41.3898735439431],[-81.3236096476524,41.3898607742753],[-81.3235445694382,41.3898312927614],[-81.3235939909332,41.3897683213078],[-81.3236654064036,41.3898000968686],[-81.3236672837666,41.389797028038],[-81.3236130519483,41.3897724601389],[-81.3236308547304,41.3897497757511],[-81.323746057623,41.3898021317976],[-81.3237324910243,41.3898193056925],[-81.3238138450354,41.3898558144097],[-81.3237765435937,41.3899034695548],[-81.3236960882894,41.3898676561412],[-81.3237091499575,41.3898506338131]]]},"properties":{"source_county":"Geauga","jurisdiction":"Bainbridge Township","parcel_id":"02-078610","owner_name":"BOWMAN CHER L","property_address":"17613 EAST BROOK TRL","property_city":"CHAGRIN FALLS","property_zip":"44023"}},{"type":"Feature","geometry":{"type":"Polygon","coordinates":[[[-81.303525925029,41.4020749244283],[-81.3035016088556,41.3980798641589],[-81.3039281651334,41.3982413505318],[-81.3044164897681,41.398426099551],[-81.3044220128369,41.3993250891167],[-81.3039763153365,41.3993276854105],[-81.3039931468162,41.4020722043326],[-81.303525925029,41.4020749244283]]]},"properties":{"source_county":"Geauga","jurisdiction":"Bainbridge Township","parcel_id":"02-080500","owner_name":"GEST JOSHUA W & DANIKA A","property_address":"9490 WASHINGTON ST","property_city":"CHAGRIN FALLS","property_zip":"44023"}},{"type":"Feature","geometry":{"type":"Polygon","coordinates":[[[-81.3010779084526,41.3881590793265],[-81.3016246918356,41.3881546359897],[-81.301603602795,41.3893487355337],[-81.3016021446175,41.3894312691732],[-81.3010553505392,41.3894357160034],[-81.3010779084526,41.3881590793265]]]},"properties":{"source_county":"Geauga","jurisdiction":"Bainbridge Township","parcel_id":"02-083100","owner_name":"KROTZER PAMELA S","property_address":"9554 BAINBRIDGE RD","property_city":"CHAGRIN FALLS","property_zip":"44023"}},{"type":"Feature","geometry":{"type":"Polygon","coordinates":[[[-81.308144473165,41.389908587982],[-81.3101175416376,41.3899124144366],[-81.3101180857845,41.390353172129],[-81.3081240551207,41.3903379869552],[-81.3081397407539,41.3900081195802],[-81.308144473165,41.389908587982]]]},"properties":{"source_county":"Geauga","jurisdiction":"Bainbridge Township","parcel_id":"02-087600","owner_name":"HUMMER JOHN A & GAVELDA PAMELA","property_address":"17620 SNYDER RD","property_city":"CHAGRIN FALLS","property_zip":"44023"}},{"type":"Feature","geometry":{"type":"Polygon","coordinates":[[[-81.3242691554853,41.3802192792956],[-81.3242717342979,41.3798932533231],[-81.3248400329202,41.3799053433682],[-81.3248340975277,41.3807117161047],[-81.3242657640632,41.3806762678742],[-81.3242691554853,41.3802192792956]]]},"properties":{"source_county":"Geauga","jurisdiction":"Bainbridge Township","parcel_id":"02-090410","owner_name":"JUDD JERRY PAUL III","property_address":"8895 E PILGRIM DR","property_city":"CHAGRIN FALLS","property_zip":"44023"}},{"type":"Feature","geometry":{"type":"Polygon","coordinates":[[[-81.308144473165,41.389908587982],[-81.3081654156842,41.3894681304764],[-81.310117018947,41.3894889533357],[-81.3101175416376,41.3899124144366],[-81.308144473165,41.389908587982]]]},"properties":{"source_county":"Geauga","jurisdiction":"Bainbridge Township","parcel_id":"02-093100","owner_name":"DICZHAZY DAVID LEE TRUSTEE","property_address":"17636 SNYDER RD","property_city":"CHAGRIN FALLS","property_zip":"44023"}},{"type":"Feature","geometry":{"type":"Polygon","coordinates":[[[-81.3087865903716,41.3755070930294],[-81.3143946909445,41.3754683301931],[-81.3143921423308,41.3756425926476],[-81.3143884626358,41.3758942278389],[-81.3087793145413,41.3759421392613],[-81.3087814589328,41.3758182176969],[-81.3087865903716,41.3755070930294]]]},"properties":{"source_county":"Geauga","jurisdiction":"Bainbridge Township","parcel_id":"02-093400","owner_name":"PAGONIS MARIOS K & KAREN","property_address":" SNYDER RD","property_city":"CHAGRIN FALLS","property_zip":"44023"}},{"type":"Feature","geometry":{"type":"Polygon","coordinates":[[[-81.3179150874301,41.3880295471556],[-81.319891670621,41.3880149034253],[-81.3198966699111,41.3904894659304],[-81.3179215230768,41.3905046789805],[-81.317920607472,41.3901491501573],[-81.3179154173559,41.388133926029],[-81.317915345728,41.3881064808574],[-81.3179150874301,41.3880295471556]]]},"properties":{"source_county":"Geauga","jurisdiction":"Bainbridge Township","parcel_id":"02-094100","owner_name":"DITTRICH ROBERT TOD","property_address":"9060 BAINBRIDGE RD","property_city":"CHAGRIN FALLS","property_zip":"44023"}},{"type":"Feature","geometry":{"type":"Polygon","coordinates":[[[-81.3069111261178,41.396744427806],[-81.3078435772345,41.3967418798048],[-81.3078461458153,41.3971223287727],[-81.307846570206,41.3971851177807],[-81.3069133126685,41.3971876683694],[-81.3069111261178,41.396744427806]]]},"properties":{"source_county":"Geauga","jurisdiction":"Bainbridge Township","parcel_id":"02-095300","owner_name":"WILSON JARED D","property_address":"17361 SNYDER RD","property_city":"CHAGRIN FALLS","property_zip":"44023"}},{"type":"Feature","geometry":{"type":"Polygon","coordinates":[[[-81.3157855643633,41.3863732316991],[-81.3157879671831,41.385802400419],[-81.3208917181169,41.3857333042796],[-81.32274097601,41.3859607336972],[-81.3227569738546,41.3861853371737],[-81.3227644981575,41.3862909652345],[-81.3217447417683,41.386297399268],[-81.3214708995312,41.3862991251218],[-81.3205197539608,41.3863157462848],[-81.3199651282466,41.386325434411],[-81.3185484756472,41.3863501686731],[-81.3185470490948,41.3862988538149],[-81.318543929102,41.3861865992454],[-81.3169906801739,41.3862110805714],[-81.3169942813821,41.3863406842733],[-81.3169953541052,41.3863793125271],[-81.3157854565126,41.3863988433867],[-81.3157855643633,41.3863732316991]]]},"properties":{"source_county":"Geauga","jurisdiction":"Bainbridge Township","parcel_id":"02-096200","owner_name":"WENNERSTROM TIMOTHY F & JEANNETTE N","property_address":"17765 HASKINS RD","property_city":"CHAGRIN FALLS","property_zip":"44023"}},{"type":"Feature","geometry":{"type":"Polygon","coordinates":[[[-81.3232084077221,41.3789742527646],[-81.3232117036329,41.3785625757271],[-81.3242821774465,41.3785725708311],[-81.3242813982572,41.378671144593],[-81.3242789217145,41.3789842482379],[-81.3232084077221,41.3789742527646]]]},"properties":{"source_county":"Geauga","jurisdiction":"Bainbridge Township","parcel_id":"02-099895","owner_name":"SPADA DANIEL W & GEMBUS DANIELLE M","property_address":"18030 HASKINS RD","property_city":"CHAGRIN FALLS","property_zip":"44023"}},{"type":"Feature","geometry":{"type":"Polygon","coordinates":[[[-81.3080035928683,41.3761727114815],[-81.3087727522499,41.3761620038175],[-81.3087664734839,41.3763541007192],[-81.3087541343392,41.3767315859875],[-81.3081116102164,41.3767433091187],[-81.308111423678,41.3767433108005],[-81.3079939087166,41.3767454554798],[-81.3079939491485,41.3767430956056],[-81.3080035928683,41.3761727114815]]]},"properties":{"source_county":"Geauga","jurisdiction":"Bainbridge Township","parcel_id":"02-102100","owner_name":"ZALEWSKI NICHOLAS J & DANIELLE M","property_address":"18121 SNYDER RD","property_city":"CHAGRIN FALLS","property_zip":"44023"}},{"type":"Feature","geometry":{"type":"Polygon","coordinates":[[[-81.3081116102164,41.3767433091187],[-81.3087541343392,41.3767315859875],[-81.3087535911043,41.3767490813058],[-81.3087406818981,41.3771431592432],[-81.3083353300384,41.3771503913545],[-81.3072572444491,41.3771696201922],[-81.3071477759823,41.3771715722505],[-81.3071666970494,41.3767605426077],[-81.3076137945732,41.3767523892422],[-81.3079939087166,41.3767454554798],[-81.308111423678,41.3767433108005],[-81.3081116102164,41.3767433091187]]]},"properties":{"source_county":"Geauga","jurisdiction":"Bainbridge Township","parcel_id":"02-102122","owner_name":"MUELLER MARK J & DONNA J A","property_address":"18105 SNYDER RD","property_city":"CHAGRIN FALLS","property_zip":"44023"}},{"type":"Feature","geometry":{"type":"Polygon","coordinates":[[[-81.307034449159,41.375098657941],[-81.3087937321092,41.3750740958763],[-81.3087928110794,41.3751299634343],[-81.3087865903716,41.3755070930294],[-81.3087814589328,41.3758182176969],[-81.3070217378078,41.3758423736238],[-81.307034449159,41.375098657941]]]},"properties":{"source_county":"Geauga","jurisdiction":"Bainbridge Township","parcel_id":"02-102123","owner_name":"MOREY STEVEN C & LISA M","property_address":"18157 SNYDER RD","property_city":"CHAGRIN FALLS","property_zip":"44023"}},{"type":"Feature","geometry":{"type":"Polygon","coordinates":[[[-81.3071477759823,41.3771715722505],[-81.3072572444491,41.3771696201922],[-81.3072352518501,41.3776473780778],[-81.3071257825866,41.3776493301151],[-81.3071477759823,41.3771715722505]]]},"properties":{"source_county":"Geauga","jurisdiction":"Bainbridge Township","parcel_id":"02-102125","owner_name":"KLUCHAR RICHARD B & RICHARD","property_address":" SNYDER RD","property_city":"CHAGRIN FALLS","property_zip":"44023"}},{"type":"Feature","geometry":{"type":"Polygon","coordinates":[[[-81.3071794845636,41.3760049147701],[-81.3087786144435,41.375982657735],[-81.3087727522499,41.3761620038175],[-81.3080035928683,41.3761727114815],[-81.3076235106874,41.3761780012029],[-81.3076139638691,41.3767424041019],[-81.3076137945732,41.3767523892422],[-81.3071666970494,41.3767605426077],[-81.3071670173184,41.3767415888375],[-81.3071794845636,41.3760049147701]]]},"properties":{"source_county":"Geauga","jurisdiction":"Bainbridge Township","parcel_id":"02-102126","owner_name":"ZALEWSKI NICHOLAS J & DANIELLE M","property_address":" SNYDER RD","property_city":"CHAGRIN FALLS","property_zip":"44023"}},{"type":"Feature","geometry":{"type":"Polygon","coordinates":[[[-81.3241537464394,41.3904293858149],[-81.3244397708288,41.3900947575983],[-81.3251220879714,41.3903641290608],[-81.325205654024,41.390397119259],[-81.3251847316869,41.3904568048798],[-81.3251702383544,41.3905175625737],[-81.3251622675673,41.390579000282],[-81.325160870778,41.3906407215569],[-81.3251201781531,41.3906321823935],[-81.324511843807,41.3905045301137],[-81.3241537464394,41.3904293858149]]]},"properties":{"source_county":"Geauga","jurisdiction":"Bainbridge Township","parcel_id":"02-107693","owner_name":"MULCAHY MARTY J & REBECCA","property_address":"17615 PLUM CREEK TRL","property_city":"CHAGRIN FALLS","property_zip":"44023"}},{"type":"Feature","geometry":{"type":"Polygon","coordinates":[[[-81.323647928081,41.3899110837452],[-81.3236316554249,41.3899038853446],[-81.3235998300896,41.3899443585409],[-81.3234724678636,41.3898854112481],[-81.3235163427942,41.3898301478043],[-81.3236031198857,41.389869113465],[-81.3236096476524,41.3898607742753],[-81.3236677356616,41.3898735439431],[-81.3237418628718,41.3899065483002],[-81.3236961869233,41.3899638971595],[-81.3236292957245,41.3899338821794],[-81.323647928081,41.3899110837452]]]},"properties":{"source_county":"Geauga","jurisdiction":"Bainbridge Township","parcel_id":"02-107695","owner_name":"ROUBIC ELLEN TRUSTEE","property_address":"17611 EAST BROOK TRL","property_city":"CHAGRIN FALLS","property_zip":"44023"}},{"type":"Feature","geometry":{"type":"Polygon","coordinates":[[[-81.3240634939032,41.3806679389389],[-81.3233038398668,41.3806645259868],[-81.3232848671854,41.3806631897386],[-81.3232664908067,41.3806593924137],[-81.3232492690732,41.380653249389],[-81.3232337252449,41.3806449473123],[-81.3232203316,41.3806347384316],[-81.3232094950859,41.3806229329303],[-81.3232015449542,41.3806098895028],[-81.3231967227573,41.3805960044562],[-81.323195175009,41.3805816996688],[-81.3231982651365,41.3802092801148],[-81.3242691554853,41.3802192792956],[-81.3242657640632,41.3806762678742],[-81.3241647458146,41.3806704938262],[-81.3240634939032,41.3806679389389]]]},"properties":{"source_county":"Geauga","jurisdiction":"Bainbridge Township","parcel_id":"02-112150","owner_name":"RODENHAUSEN DAVID T & MARILYN K","property_address":"8909 E PILGRIM DR","property_city":"CHAGRIN FALLS","property_zip":"44023"}},{"type":"Feature","geometry":{"type":"Polygon","coordinates":[[[-81.3235180835806,41.3900890349368],[-81.3234731401503,41.390054611436],[-81.3234787446257,41.3900469490738],[-81.3233946758957,41.3900093832414],[-81.3234366189001,41.3899569710734],[-81.3235062247038,41.3899880430438],[-81.3235649934019,41.3900136863795],[-81.3235351581817,41.3900514673932],[-81.3235514308476,41.3900586667074],[-81.3235700847815,41.3900346672046],[-81.3236369791362,41.3900645102491],[-81.323591299922,41.390122030133],[-81.3235180835806,41.3900890349368]]]},"properties":{"source_county":"Geauga","jurisdiction":"Bainbridge Township","parcel_id":"02-112960","owner_name":"TODD RONALD J & NANCY A","property_address":"17605 EAST BROOK TRL","property_city":"CHAGRIN FALLS","property_zip":"44023"}},{"type":"Feature","geometry":{"type":"Polygon","coordinates":[[[-81.3052565155006,41.3881253627762],[-81.3082303365504,41.388102737973],[-81.3082095961927,41.3885389562407],[-81.3082004240189,41.3887318638136],[-81.3052594472212,41.3887462332602],[-81.3052565155006,41.3881253627762]]]},"properties":{"source_county":"Geauga","jurisdiction":"Bainbridge Township","parcel_id":"02-114220","owner_name":"ZEMLJIC FRANK I","property_address":"9388 BAINBRIDGE RD","property_city":"CHAGRIN FALLS","property_zip":"44023"}},{"type":"Feature","geometry":{"type":"Polygon","coordinates":[[[-81.3047128500395,41.3881294916248],[-81.3052565155006,41.3881253627762],[-81.3052594472212,41.3887462332602],[-81.3045800355683,41.3887495417995],[-81.3045901361389,41.3881304924539],[-81.3047128500395,41.3881294916248]]]},"properties":{"source_county":"Geauga","jurisdiction":"Bainbridge Township","parcel_id":"02-114230","owner_name":"ZEMLJIC SUSAN D TOD & RIDENOUR JEFFREY TOD","property_address":"9442 BAINBRIDGE RD","property_city":"CHAGRIN FALLS","property_zip":"44023"}},{"type":"Feature","geometry":{"type":"Polygon","coordinates":[[[-81.3208818653078,41.3763017014324],[-81.3231163177244,41.3762703112505],[-81.3231174396503,41.376612080404],[-81.3231174459023,41.3766140670333],[-81.3226601082599,41.376617313253],[-81.3213459100395,41.3766266327606],[-81.3208647495279,41.3766346002895],[-81.3208818653078,41.3763017014324]]]},"properties":{"source_county":"Geauga","jurisdiction":"Bainbridge Township","parcel_id":"02-114250","owner_name":"GARWOOD CHIANELLA GWEN E","property_address":"18125 HASKINS RD","property_city":"CHAGRIN FALLS","property_zip":"44023"}},{"type":"Feature","geometry":{"type":"Polygon","coordinates":[[[-81.3213623691292,41.3770294311518],[-81.3231145249409,41.3769828343238],[-81.3231111917372,41.3774037703907],[-81.3213789915376,41.3774231385218],[-81.3213623691292,41.3770294311518]]]},"properties":{"source_county":"Geauga","jurisdiction":"Bainbridge Township","parcel_id":"02-114260","owner_name":"RIDGWAY SCOTT A & MARTINA M","property_address":"18085 HASKINS RD","property_city":"CHAGRIN FALLS","property_zip":"44023"}},{"type":"Feature","geometry":{"type":"Polygon","coordinates":[[[-81.3226601082599,41.376617313253],[-81.3231174459023,41.3766140670333],[-81.323117434211,41.3766155203673],[-81.3231145249409,41.3769828343238],[-81.3213623691292,41.3770294311518],[-81.3213463696068,41.3766378670313],[-81.3213461436189,41.3766323381865],[-81.3213459100395,41.3766266327606],[-81.3226601082599,41.376617313253]]]},"properties":{"source_county":"Geauga","jurisdiction":"Bainbridge Township","parcel_id":"02-114270","owner_name":"TORONTALI KARL L & CAROL A","property_address":"18105 HASKINS RD","property_city":"CHAGRIN FALLS","property_zip":"44023"}},{"type":"Feature","geometry":{"type":"Polygon","coordinates":[[[-81.3217380730403,41.3891630110253],[-81.323028342156,41.3891534143307],[-81.3230292377461,41.3896337105001],[-81.3217385441845,41.3896433110856],[-81.3214626911726,41.3896453615028],[-81.3214619816718,41.3891650625975],[-81.3217380730403,41.3891630110253]]]},"properties":{"source_county":"Geauga","jurisdiction":"Bainbridge Township","parcel_id":"02-114400","owner_name":"RAUTENBERG KRISTINA L","property_address":"17649 HASKINS RD","property_city":"CHAGRIN FALLS","property_zip":"44023"}},{"type":"Feature","geometry":{"type":"Polygon","coordinates":[[[-81.324221073247,41.3901147019741],[-81.3241076707208,41.3900615218037],[-81.3240904244588,41.390083182613],[-81.324019934875,41.3900505585238],[-81.3240665154778,41.3899935627274],[-81.3241324866971,41.3900240823102],[-81.3241157256838,41.3900441550217],[-81.3241301886397,41.3900506487776],[-81.3241639791432,41.3900089985953],[-81.3242895230652,41.3900671630115],[-81.3242427600321,41.3901248720597],[-81.324221073247,41.3901147019741]]]},"properties":{"source_county":"Geauga","jurisdiction":"Bainbridge Township","parcel_id":"02-118220","owner_name":"GLEW LOUISE E TOD","property_address":"17610 EAST BROOK TRL","property_city":"CHAGRIN FALLS","property_zip":"44023"}},{"type":"Feature","geometry":{"type":"Polygon","coordinates":[[[-81.3079437805894,41.3941290770399],[-81.3103504969229,41.3941053544492],[-81.3103323548488,41.3945168506967],[-81.3079241509457,41.3945418437025],[-81.3079437805894,41.3941290770399]]]},"properties":{"source_county":"Geauga","jurisdiction":"Bainbridge Township","parcel_id":"02-118750","owner_name":"TABOR ANTHONY MICHAEL JR","property_address":"17460 SNYDER RD","property_city":"CHAGRIN FALLS","property_zip":"44023"}},{"type":"Feature","geometry":{"type":"Polygon","coordinates":[[[-81.3226097996124,41.3927250111484],[-81.3238049974396,41.3927161630167],[-81.3244248335753,41.3931764360509],[-81.3244297143659,41.3940420053982],[-81.3243389725631,41.394125638973],[-81.3239383419021,41.3940236708414],[-81.3231953064174,41.3938345503237],[-81.3230666209018,41.3938017963296],[-81.3229585472205,41.3935469428551],[-81.3227774840776,41.3931201558459],[-81.3226097996124,41.3927250111484]]]},"properties":{"source_county":"Geauga","jurisdiction":"Bainbridge Township","parcel_id":"02-119600","owner_name":"ZALETEL MICHAEL LEWIS & PENNYLYNN","property_address":"17500 HASKINS RD","property_city":"CHAGRIN FALLS","property_zip":"44023"}},{"type":"Feature","geometry":{"type":"Polygon","coordinates":[[[-81.3233025470584,41.3808291958922],[-81.3235464237659,41.3808302917132],[-81.3238773559997,41.380831778731],[-81.3240621262722,41.380834824271],[-81.3241933204254,41.3808369868772],[-81.3241988592981,41.3812585420736],[-81.3231898559744,41.3812748598554],[-81.3231925683931,41.3809110464736],[-81.3231940152675,41.3808981710247],[-81.3231981188148,41.3808856246187],[-81.3232047779696,41.380873716253],[-81.3232138287269,41.3808627392105],[-81.3232250481807,41.3808529638375],[-81.3232381600139,41.3808446308847],[-81.3232528413038,41.3808379455786],[-81.323268730475,41.3808330725668],[-81.3232854362043,41.3808301318632],[-81.3233025470584,41.3808291958922]]]},"properties":{"source_county":"Geauga","jurisdiction":"Bainbridge Township","parcel_id":"02-122110","owner_name":"FREDERIC DUANE EUGENE & DAGMARA M TRUSTEES","property_address":"8908 E PILGRIM DR","property_city":"CHAGRIN FALLS","property_zip":"44023"}},{"type":"Feature","geometry":{"type":"Polygon","coordinates":[[[-81.3217376030501,41.3886827136155],[-81.3230278268638,41.3886731165604],[-81.323028342156,41.3891534143307],[-81.3217380730403,41.3891630110253],[-81.3214619816718,41.3891650625975],[-81.3214612733122,41.3886847672431],[-81.3217376030501,41.3886827136155]]]},"properties":{"source_county":"Geauga","jurisdiction":"Bainbridge Township","parcel_id":"02-122810","owner_name":"HARTMAN SCOTT C TOD","property_address":"17665 HASKINS RD","property_city":"CHAGRIN FALLS","property_zip":"44023"}},{"type":"Feature","geometry":{"type":"Polygon","coordinates":[[[-81.3083230060869,41.3804504699368],[-81.3085860682041,41.3804489832827],[-81.3085784050727,41.3806029174885],[-81.3085460657953,41.3812651537324],[-81.3083199580088,41.3812664317153],[-81.3069852929125,41.3812739665233],[-81.3069961458943,41.3810527741049],[-81.3070253410179,41.3804577968858],[-81.3083230060869,41.3804504699368]]]},"properties":{"source_county":"Geauga","jurisdiction":"Bainbridge Township","parcel_id":"02-129000","owner_name":"EHRENBEIT APRIL M","property_address":"17951 SNYDER RD","property_city":"CHAGRIN FALLS","property_zip":"44023"}},{"type":"Feature","geometry":{"type":"Polygon","coordinates":[[[-81.3237046872868,41.39902101941],[-81.323903791793,41.3986082749469],[-81.3244497734989,41.3989035349094],[-81.3243827130604,41.3989905792334],[-81.3243198094996,41.3990793655908],[-81.3242611425421,41.3991697814755],[-81.3237046872868,41.39902101941]]]},"properties":{"source_county":"Geauga","jurisdiction":"Bainbridge Township","parcel_id":"02-133100","owner_name":"LARKIN ELLEN TTEE","property_address":"17277 LONG MEADOW TRL","property_city":"CHAGRIN FALLS","property_zip":"44023"}},{"type":"Feature","geometry":{"type":"Polygon","coordinates":[[[-81.3101152916978,41.3880883581428],[-81.3119318541457,41.3880744698008],[-81.3119804650753,41.3913950459156],[-81.3101194170463,41.3914326166008],[-81.3101188903701,41.3910053482076],[-81.3101184103007,41.3906164949166],[-81.3101180857845,41.390353172129],[-81.3101175416376,41.3899124144366],[-81.310117018947,41.3894889533357],[-81.3101164431714,41.3890222213083],[-81.3101158552494,41.3885450717968],[-81.3101152916978,41.3880883581428]]]},"properties":{"source_county":"Geauga","jurisdiction":"Bainbridge Township","parcel_id":"02-135000","owner_name":"ZOUHARY CALEB & CASANDRA L","property_address":"9298 BAINBRIDGE RD","property_city":"CHAGRIN FALLS","property_zip":"44023"}},{"type":"Feature","geometry":{"type":"MultiPolygon","coordinates":[[[[-81.3206002905061,41.3850293106895],[-81.3205400986897,41.3848827393377],[-81.3203725221502,41.3849731661294],[-81.3172776700242,41.3845881293982],[-81.3228712910821,41.3845267941844],[-81.3228288281962,41.3851172807691],[-81.3216364612895,41.3851303823251],[-81.3206002905061,41.3850293106895]]],[[[-81.3157905252545,41.3851944391948],[-81.3157909288807,41.3850985722796],[-81.3164990677415,41.3851866910674],[-81.3157905252545,41.3851944391948]]]]},"properties":{"source_county":"Geauga","jurisdiction":"Bainbridge Township","parcel_id":"02-135930","owner_name":"NHAN PHUNG & VU HOANG","property_address":"17805 HASKINS RD","property_city":"CHAGRIN FALLS","property_zip":"44023"}},{"type":"Feature","geometry":{"type":"Polygon","coordinates":[[[-81.3237812825968,41.3897914959694],[-81.3237613934822,41.3897827164541],[-81.323746057623,41.3898021317976],[-81.3236308547304,41.3897497757511],[-81.3236624733334,41.3897094886551],[-81.323742020474,41.389745120871],[-81.3237494684661,41.3897362759202],[-81.3238353590973,41.389773860904],[-81.3238823641726,41.3897949243026],[-81.3238450566719,41.3898429225084],[-81.3237673099267,41.3898085090526],[-81.3237812825968,41.3897914959694]]]},"properties":{"source_county":"Geauga","jurisdiction":"Bainbridge Township","parcel_id":"02-136755","owner_name":"DIEHL BRIAN S & EAGLE DEBBIE L","property_address":"17617 EAST BROOK TRL","property_city":"CHAGRIN FALLS","property_zip":"44023"}},{"type":"Feature","geometry":{"type":"Polygon","coordinates":[[[-81.313416329214,41.3783303730424],[-81.3134160028969,41.3789245164002],[-81.3086647724646,41.378868541299],[-81.3086712268177,41.3787383181425],[-81.3086917440234,41.3783267204961],[-81.313416329214,41.3783303730424]]]},"properties":{"source_county":"Geauga","jurisdiction":"Bainbridge Township","parcel_id":"02-137350","owner_name":"GREEN ROBERT W JR & DIANE L","property_address":"18040 SNYDER RD","property_city":"CHAGRIN FALLS","property_zip":"44023"}},{"type":"Feature","geometry":{"type":"Polygon","coordinates":[[[-81.3238353590973,41.389773860904],[-81.3237494684661,41.3897362759202],[-81.3236943225561,41.3897118707741],[-81.3237017766948,41.3897026827886],[-81.3236652121737,41.389686429713],[-81.3237073319666,41.3896447535023],[-81.3237362927708,41.389657915274],[-81.3237614588799,41.3896264345846],[-81.3238943451844,41.389685596161],[-81.3238971550567,41.3896813363973],[-81.32396133881,41.3897099504303],[-81.3239137938502,41.3897698540952],[-81.3238577460585,41.3897449238679],[-81.3238353590973,41.389773860904]]]},"properties":{"source_county":"Geauga","jurisdiction":"Bainbridge Township","parcel_id":"02-138255","owner_name":"CHITTOCK DAVID JR TRUSTEE","property_address":"17621 EAST BROOK TRL","property_city":"CHAGRIN FALLS","property_zip":"44023"}},{"type":"Feature","geometry":{"type":"Polygon","coordinates":[[[-81.3133744756059,41.386438117823],[-81.3144623976863,41.3864201856776],[-81.3144637874731,41.3880550662083],[-81.310120919768,41.3880883151132],[-81.310100457741,41.3864883202227],[-81.3133744756059,41.386438117823]]]},"properties":{"source_county":"Geauga","jurisdiction":"Bainbridge Township","parcel_id":"02-139800","owner_name":"CG II DEVELOPERS LLC","property_address":"9191 BAINBRIDGE RD","property_city":"CHAGRIN FALLS","property_zip":"44023"}},{"type":"Feature","geometry":{"type":"MultiPolygon","coordinates":[[[[-81.3133850017127,41.3855284218636],[-81.3133929913442,41.3848379989197],[-81.3157909288807,41.3850985722796],[-81.3157905252545,41.3851944391948],[-81.3157879671831,41.385802400419],[-81.3157855643633,41.3863732316991],[-81.3157854565126,41.3863988433867],[-81.3144623976863,41.3864201856776],[-81.3133744756059,41.386438117823],[-81.3133850017127,41.3855284218636]]],[[[-81.3153636206421,41.3840174866758],[-81.3157954975064,41.3840126188578],[-81.3157938537319,41.3844032833325],[-81.3134016813274,41.3840870918612],[-81.3134021839714,41.3840437158789],[-81.3134022312827,41.3840395748356],[-81.3140593801012,41.3840321777973],[-81.314711499855,41.3840248336164],[-81.3153636206421,41.3840174866758]]]]},"properties":{"source_county":"Geauga","jurisdiction":"Bainbridge Township","parcel_id":"02-139900","owner_name":"CG II DEVELOPERS LLC","property_address":" BAINBRIDGE RD","property_city":"CHAGRIN FALLS","property_zip":"44023"}},{"type":"Feature","geometry":{"type":"Polygon","coordinates":[[[-81.3234830543656,41.3912140308548],[-81.3236211394671,41.391052487256],[-81.324254872815,41.3912900247009],[-81.3242505480493,41.3913236105513],[-81.3242532852851,41.3913572909182],[-81.3242630165213,41.3913902289505],[-81.3242794999772,41.3914216062408],[-81.3243023260991,41.39145064316],[-81.323481084518,41.3915296501731],[-81.3234830543656,41.3912140308548]]]},"properties":{"source_county":"Geauga","jurisdiction":"Bainbridge Township","parcel_id":"02-142080","owner_name":"BECKLEY MAUREEN T & JAMES R","property_address":"8915 SOUTHBROOK TRL","property_city":"CHAGRIN FALLS","property_zip":"44023"}},{"type":"Feature","geometry":{"type":"Polygon","coordinates":[[[-81.3239762127019,41.3906370865873],[-81.3241537464394,41.3904293858149],[-81.324511843807,41.3905045301137],[-81.3245909162138,41.3911002805913],[-81.3244721206296,41.391118601766],[-81.324437240385,41.3911263327169],[-81.324403955685,41.3911373529478],[-81.3243728109644,41.3911514822021],[-81.3239762127019,41.3906370865873]]]},"properties":{"source_county":"Geauga","jurisdiction":"Bainbridge Township","parcel_id":"02-142081","owner_name":"MC CLEERY CALLIE","property_address":"8899 SOUTHBROOK TRL","property_city":"CHAGRIN FALLS","property_zip":"44023"}},{"type":"Feature","geometry":{"type":"Polygon","coordinates":[[[-81.3228087447358,41.3828887972392],[-81.3228319713644,41.3828898258684],[-81.3228546848083,41.3828936247196],[-81.3228763063798,41.3829000970068],[-81.3228962852097,41.3829090778304],[-81.322914112281,41.3829203383793],[-81.3229293333985,41.3829335917597],[-81.32294156076,41.3829485003046],[-81.3229504828372,41.382964684177],[-81.3229558723123,41.3829817310472],[-81.3229575918704,41.3829992065975],[-81.3229501626007,41.3839317373082],[-81.3229140513689,41.3839321464854],[-81.322273667962,41.3839394040611],[-81.3222819647278,41.3828972123431],[-81.3228087447358,41.3828887972392]]]},"properties":{"source_county":"Geauga","jurisdiction":"Bainbridge Township","parcel_id":"02-144080","owner_name":"ROMANOWSKI JOSEPH T & MOLLY H","property_address":"8952 OLD MEADOW DR","property_city":"CHAGRIN FALLS","property_zip":"44023"}},{"type":"Feature","geometry":{"type":"Polygon","coordinates":[[[-81.322273667962,41.3839394040611],[-81.3229140513689,41.3839321464854],[-81.3228712910821,41.3845267941844],[-81.3172776700242,41.3845881293982],[-81.3157938537319,41.3844032833325],[-81.3157954975064,41.3840126188578],[-81.3160121008657,41.3840101762852],[-81.3166605773585,41.3840028622265],[-81.3173054084765,41.3839955865514],[-81.3179502406632,41.3839883063974],[-81.3185914573814,41.3839810641127],[-81.3192108923967,41.3839740635398],[-81.3198121083816,41.3839672665957],[-81.3204155104247,41.3839604410726],[-81.3210167261602,41.3839536378743],[-81.3216434116087,41.3839465423252],[-81.322273667962,41.3839394040611]]]},"properties":{"source_county":"Geauga","jurisdiction":"Bainbridge Township","parcel_id":"02-145800","owner_name":"RIFFLE ROBERT DYKE","property_address":"17833 HASKINS RD","property_city":"CHAGRIN FALLS","property_zip":"44023"}},{"type":"Feature","geometry":{"type":"Polygon","coordinates":[[[-81.3100930445962,41.3928756959012],[-81.3101142654429,41.3924642869614],[-81.308022222662,41.3924795193113],[-81.3080603593812,41.3916775379975],[-81.3083894458084,41.3916644999055],[-81.3083930224046,41.3915821249959],[-81.3101237096034,41.3915148814857],[-81.3105486961089,41.3915063049009],[-81.3104835383212,41.3928725959694],[-81.3100930445962,41.3928756959012]]]},"properties":{"source_county":"Geauga","jurisdiction":"Bainbridge Township","parcel_id":"02-149600","owner_name":"BAUER HAROLD S & HAWK BAUER EMILY R","property_address":" SNYDER RD","property_city":"CHAGRIN FALLS","property_zip":"44023"}},{"type":"Feature","geometry":{"type":"Polygon","coordinates":[[[-81.308022222662,41.3924795193113],[-81.3101142654429,41.3924642869614],[-81.3100930445962,41.3928756959012],[-81.3080025955432,41.3928922672782],[-81.308022222662,41.3924795193113]]]},"properties":{"source_county":"Geauga","jurisdiction":"Bainbridge Township","parcel_id":"02-149700","owner_name":"BAUER HAROLD S & HAWK BAUER EMILY R","property_address":"17520 SNYDER RD","property_city":"CHAGRIN FALLS","property_zip":"44023"}},{"type":"Feature","geometry":{"type":"Polygon","coordinates":[[[-81.3045588404139,41.3900485245068],[-81.3081397407539,41.3900081195802],[-81.3081240551207,41.3903379869552],[-81.3081107706119,41.3906173774535],[-81.308109397484,41.3906462558324],[-81.3045482423502,41.3906980251405],[-81.3045588404139,41.3900485245068]]]},"properties":{"source_county":"Geauga","jurisdiction":"Bainbridge Township","parcel_id":"02-154310","owner_name":"ROSEN ROBERT A","property_address":"17615 SNYDER RD","property_city":"CHAGRIN FALLS","property_zip":"44023"}},{"type":"Feature","geometry":{"type":"Polygon","coordinates":[[[-81.3187105279357,41.3829112420726],[-81.3192200197331,41.3828352318202],[-81.3192108923967,41.3839740635398],[-81.3185914573814,41.3839810641127],[-81.3185998805875,41.3829263830487],[-81.3187105279357,41.3829112420726]]]},"properties":{"source_county":"Geauga","jurisdiction":"Bainbridge Township","parcel_id":"02-155460","owner_name":"CANNAVINO MARK & SUSAN SHEEHAN","property_address":"9060 OLD MEADOW DR","property_city":"CHAGRIN FALLS","property_zip":"44023"}},{"type":"Feature","geometry":{"type":"Polygon","coordinates":[[[-81.3173136216263,41.3829759634728],[-81.3179584819755,41.3829656984118],[-81.3179502406632,41.3839883063974],[-81.3173054084765,41.3839955865514],[-81.3173136216263,41.3829759634728]]]},"properties":{"source_county":"Geauga","jurisdiction":"Bainbridge Township","parcel_id":"02-155461","owner_name":"BURELLI ZACHARY & HANNAH MARIE","property_address":"9088 OLD MEADOW DR","property_city":"CHAGRIN FALLS","property_zip":"44023"}},{"type":"Feature","geometry":{"type":"Polygon","coordinates":[[[-81.316020258442,41.3829965410392],[-81.3166687622711,41.3829862249549],[-81.3166605773585,41.3840028622265],[-81.3160121008657,41.3840101762852],[-81.316020258442,41.3829965410392]]]},"properties":{"source_county":"Geauga","jurisdiction":"Bainbridge Township","parcel_id":"02-155462","owner_name":"MOTYKA GARY W & MICHELLE L","property_address":"9130 OLD MEADOW DR","property_city":"CHAGRIN FALLS","property_zip":"44023"}},{"type":"Feature","geometry":{"type":"Polygon","coordinates":[[[-81.3147196070936,41.3830172204767],[-81.3153717544092,41.3830068534916],[-81.3153636206421,41.3840174866758],[-81.314711499855,41.3840248336164],[-81.3147196070936,41.3830172204767]]]},"properties":{"source_county":"Geauga","jurisdiction":"Bainbridge Township","parcel_id":"02-155463","owner_name":"DOWNS LORI M & CAROLYN J","property_address":"9170 OLD MEADOW DR","property_city":"CHAGRIN FALLS","property_zip":"44023"}},{"type":"Feature","geometry":{"type":"Polygon","coordinates":[[[-81.3134116699751,41.3830380006643],[-81.3140674607838,41.3830275829011],[-81.3140593801012,41.3840321777973],[-81.3134022312827,41.3840395748356],[-81.3134116699751,41.3830380006643]]]},"properties":{"source_county":"Geauga","jurisdiction":"Bainbridge Township","parcel_id":"02-155464","owner_name":"DE BONIS TINA M TOD","property_address":"9200 OLD MEADOW DR","property_city":"CHAGRIN FALLS","property_zip":"44023"}},{"type":"Feature","geometry":{"type":"Polygon","coordinates":[[[-81.3199035253454,41.3938675088422],[-81.3231002485437,41.3940024002351],[-81.3230955882326,41.3946199151856],[-81.3199047722236,41.3944850418603],[-81.3199035253454,41.3938675088422]]]},"properties":{"source_county":"Geauga","jurisdiction":"Bainbridge Township","parcel_id":"02-156700","owner_name":"BEGAM WILLIAM S & BARBARA L","property_address":"17465 HASKINS RD","property_city":"CHAGRIN FALLS","property_zip":"44023"}},{"type":"Feature","geometry":{"type":"Polygon","coordinates":[[[-81.3124284897547,41.3880706685731],[-81.3127200166456,41.388068435726],[-81.3127685244351,41.3913791267739],[-81.3124770291551,41.391385015452],[-81.3124284897547,41.3880706685731]]]},"properties":{"source_county":"Geauga","jurisdiction":"Bainbridge Township","parcel_id":"02-159000","owner_name":"GREGG CURTIS C III & CYNTHIA M","property_address":"9238 BAINBRIDGE RD","property_city":"CHAGRIN FALLS","property_zip":"44023"}},{"type":"Feature","geometry":{"type":"Polygon","coordinates":[[[-81.311931861319,41.3880744698744],[-81.3124284825814,41.3880706684995],[-81.3124770291551,41.391385015452],[-81.3119804650753,41.3913950459156],[-81.311931861319,41.3880744698744]]]},"properties":{"source_county":"Geauga","jurisdiction":"Bainbridge Township","parcel_id":"02-159100","owner_name":"GREGG CURTIS C III & CYNTHIA M","property_address":" BAINBRIDGE RD","property_city":"CHAGRIN FALLS","property_zip":"44023"}},{"type":"Feature","geometry":{"type":"Polygon","coordinates":[[[-81.323166054128,41.3997672330428],[-81.3231695802425,41.3993000767485],[-81.3240881921877,41.3995020493601],[-81.3240441313947,41.399613290169],[-81.3240061766811,41.3997257999206],[-81.3239743921537,41.3998393886761],[-81.323166054128,41.3997672330428]]]},"properties":{"source_county":"Geauga","jurisdiction":"Bainbridge Township","parcel_id":"02-159140","owner_name":"HUMPAL JAMES & PAMELA M","property_address":"17263 LONG MEADOW TRL","property_city":"CHAGRIN FALLS","property_zip":"44023"}},{"type":"Feature","geometry":{"type":"Polygon","coordinates":[[[-81.3242813982572,41.378671144593],[-81.3254392945104,41.3786832819054],[-81.3255281881284,41.3790936562025],[-81.3242781562548,41.3790811192305],[-81.3242789217145,41.3789842482379],[-81.3242813982572,41.378671144593]]]},"properties":{"source_county":"Geauga","jurisdiction":"Bainbridge Township","parcel_id":"02-160350","owner_name":"BETKER JAMES KEITH & KIERSTEN E","property_address":"18029 MILLSTONE RD","property_city":"CHAGRIN FALLS","property_zip":"44023"}},{"type":"Feature","geometry":{"type":"Polygon","coordinates":[[[-81.3232015396073,41.3797976056968],[-81.3242724112913,41.3798076047271],[-81.3242717342979,41.3798932533231],[-81.3242691554853,41.3802192792956],[-81.3231982651365,41.3802092801148],[-81.3232015396073,41.3797976056968]]]},"properties":{"source_county":"Geauga","jurisdiction":"Bainbridge Township","parcel_id":"02-162445","owner_name":"HICKS LESTER C & RUBY J TRUSTEES","property_address":"17984 HASKINS RD","property_city":"CHAGRIN FALLS","property_zip":"44023"}},{"type":"Feature","geometry":{"type":"Polygon","coordinates":[[[-81.3064766322289,41.4004573602616],[-81.306502049386,41.3992150957208],[-81.3069241014967,41.3993747567133],[-81.3070518602006,41.3994230872946],[-81.3070510010023,41.4004611540739],[-81.3064766322289,41.4004573602616]]]},"properties":{"source_county":"Geauga","jurisdiction":"Bainbridge Township","parcel_id":"02-163700","owner_name":"K & D LLC","property_address":"9400 WASHINGTON ST","property_city":"CHAGRIN FALLS","property_zip":"44023"}},{"type":"Feature","geometry":{"type":"Polygon","coordinates":[[[-81.323223964979,41.3770243876208],[-81.3242944204019,41.377024190506],[-81.3242911658225,41.3774358122618],[-81.3242890131103,41.3777080506373],[-81.3232184529732,41.3776980545736],[-81.323223964979,41.3770243876208]]]},"properties":{"source_county":"Geauga","jurisdiction":"Bainbridge Township","parcel_id":"02-166900","owner_name":"MOCK GARY T & MARLA G TRUSTEES","property_address":"18090 HASKINS RD","property_city":"CHAGRIN FALLS","property_zip":"44023"}},{"type":"Feature","geometry":{"type":"Polygon","coordinates":[[[-81.3010553505392,41.3894357160034],[-81.3016021446175,41.3894312691732],[-81.3015921570753,41.3899967623903],[-81.3010453582885,41.3900012091726],[-81.3010553505392,41.3894357160034]]]},"properties":{"source_county":"Geauga","jurisdiction":"Bainbridge Township","parcel_id":"02-167600","owner_name":"KROTZER PAMELA S","property_address":" BAINBRIDGE RD","property_city":"CHAGRIN FALLS","property_zip":"44023"}},{"type":"Feature","geometry":{"type":"Polygon","coordinates":[[[-81.3025057692537,41.3866129095249],[-81.3025239923788,41.386612713446],[-81.302514766426,41.3880650249354],[-81.3025142437897,41.3881474016796],[-81.3021315603336,41.3881505147262],[-81.3021338205219,41.3877950274285],[-81.3024982793737,41.3877920600318],[-81.3025057692537,41.3866129095249]]]},"properties":{"source_county":"Geauga","jurisdiction":"Bainbridge Township","parcel_id":"02-167601","owner_name":"KROTZER PAMELA S","property_address":" SNYDER RD","property_city":"CHAGRIN FALLS","property_zip":"44023"}},{"type":"Feature","geometry":{"type":"Polygon","coordinates":[[[-81.3005817094902,41.38663352843],[-81.3025057692537,41.3866129095249],[-81.3024982793737,41.3877920600318],[-81.3021338205219,41.3877950274285],[-81.3021315603336,41.3881505147262],[-81.2977840248093,41.3881857932288],[-81.2978067521759,41.3866632106468],[-81.2981717424075,41.3866593105852],[-81.2988872848922,41.3866516607351],[-81.3005817094902,41.38663352843]]]},"properties":{"source_county":"Geauga","jurisdiction":"Bainbridge Township","parcel_id":"02-167900","owner_name":"KROTZER PAMELA S","property_address":"9575 BAINBRIDGE RD","property_city":"CHAGRIN FALLS","property_zip":"44023"}},{"type":"Feature","geometry":{"type":"Polygon","coordinates":[[[-81.3004582210849,41.3881641121131],[-81.3010779084526,41.3881590793265],[-81.3010553505392,41.3894357160034],[-81.3004356510424,41.3894407531693],[-81.3004582210849,41.3881641121131]]]},"properties":{"source_county":"Geauga","jurisdiction":"Bainbridge Township","parcel_id":"02-168100","owner_name":"MCCARLEY MEGHANN LORENE & BROWN PATRICK MICHAEL","property_address":"9574 BAINBRIDGE RD","property_city":"CHAGRIN FALLS","property_zip":"44023"}},{"type":"Feature","geometry":{"type":"Polygon","coordinates":[[[-81.3220254990891,41.3919892021623],[-81.3222828572783,41.3920562485994],[-81.3227427433132,41.3922229712093],[-81.3226033972673,41.3925328965864],[-81.3225647575795,41.3926188415385],[-81.3226097996124,41.3927250111484],[-81.3227774840776,41.3931201558459],[-81.3199020741841,41.3931497425252],[-81.3199007381595,41.3924885923458],[-81.3210604783555,41.3924800614366],[-81.3211324548295,41.3920424654564],[-81.3220254990891,41.3919892021623]]]},"properties":{"source_county":"Geauga","jurisdiction":"Bainbridge Township","parcel_id":"02-168500","owner_name":"DADDARIO THOMAS A & COLLEEN O","property_address":"17525 HASKINS RD","property_city":"CHAGRIN FALLS","property_zip":"44023"}},{"type":"Feature","geometry":{"type":"Polygon","coordinates":[[[-81.3199004094407,41.3923399807586],[-81.3198983635409,41.3913127885111],[-81.3230323145987,41.3912913823439],[-81.3230327279725,41.3915779254331],[-81.322858832998,41.3919647290156],[-81.3227427433132,41.3922229712093],[-81.3222828572783,41.3920562485994],[-81.3220254990891,41.3919892021623],[-81.3211324548295,41.3920424654564],[-81.3210604783555,41.3924800614366],[-81.3199007381595,41.3924885923458],[-81.3199004094407,41.3923399807586]]]},"properties":{"source_county":"Geauga","jurisdiction":"Bainbridge Township","parcel_id":"02-168600","owner_name":"LI PINGSHA & LIU DANDAN","property_address":"17555 HASKINS RD","property_city":"CHAGRIN FALLS","property_zip":"44023"}},{"type":"Feature","geometry":{"type":"Polygon","coordinates":[[[-81.3079067895158,41.3949069219929],[-81.3103269666412,41.3948830679991],[-81.3103243011921,41.3950641975754],[-81.3078981730942,41.3950880893842],[-81.3079067895158,41.3949069219929]]]},"properties":{"source_county":"Geauga","jurisdiction":"Bainbridge Township","parcel_id":"02-172600","owner_name":"SANDA BENJAMIN A","property_address":" SNYDER RD","property_city":"CHAGRIN FALLS","property_zip":"44023"}},{"type":"Feature","geometry":{"type":"Polygon","coordinates":[[[-81.3078981730942,41.3950880893842],[-81.3103243011921,41.3950641975754],[-81.310318988911,41.3954252285759],[-81.3078809410916,41.3954504358551],[-81.3078867302125,41.3953287065131],[-81.3078981730942,41.3950880893842]]]},"properties":{"source_county":"Geauga","jurisdiction":"Bainbridge Township","parcel_id":"02-172700","owner_name":"SANDA BENJAMIN A","property_address":"17430 SNYDER RD","property_city":"CHAGRIN FALLS","property_zip":"44023"}},{"type":"Feature","geometry":{"type":"Polygon","coordinates":[[[-81.3232015396073,41.3797976056968],[-81.3232048141015,41.3793859276316],[-81.324275667121,41.3793959265114],[-81.324274895593,41.3794935367649],[-81.3242724112913,41.3798076047271],[-81.3232015396073,41.3797976056968]]]},"properties":{"source_county":"Geauga","jurisdiction":"Bainbridge Township","parcel_id":"02-183750","owner_name":"SPEYER MICHAEL J SR","property_address":"17998 HASKINS RD","property_city":"CHAGRIN FALLS","property_zip":"44023"}},{"type":"Feature","geometry":{"type":"Polygon","coordinates":[[[-81.300143077459,41.3968957089117],[-81.3001427932176,41.3968034641176],[-81.3006461394088,41.3969947525709],[-81.3006499789013,41.3982382680404],[-81.3001471324982,41.3982125845415],[-81.3001469634336,41.3981576930068],[-81.3001448926481,41.3974853898368],[-81.3001432020693,41.3969364734431],[-81.300143077459,41.3968957089117]]]},"properties":{"source_county":"Geauga","jurisdiction":"Bainbridge Township","parcel_id":"02-187300","owner_name":"KALEJS ANDRIS GEORGE & MARGARET A","property_address":"9584 WASHINGTON ST","property_city":"CHAGRIN FALLS","property_zip":"44023"}},{"type":"Feature","geometry":{"type":"Polygon","coordinates":[[[-81.3083277455443,41.3791813121518],[-81.3086495647223,41.3791734735292],[-81.3086329091161,41.3795080605895],[-81.308626698477,41.3796328146075],[-81.3083260527796,41.379634514269],[-81.3070653868346,41.3796416324448],[-81.3070445809878,41.3796417494774],[-81.3070655175734,41.379212047674],[-81.3083277455443,41.3791813121518]]]},"properties":{"source_county":"Geauga","jurisdiction":"Bainbridge Township","parcel_id":"02-191500","owner_name":"HUFF ERIK J & WENDY S","property_address":"18003 SNYDER RD","property_city":"CHAGRIN FALLS","property_zip":"44023"}},{"type":"Feature","geometry":{"type":"Polygon","coordinates":[[[-81.3083293641164,41.3787478173143],[-81.3086712268177,41.3787383181425],[-81.3086647724646,41.378868541299],[-81.3086495647223,41.3791734735292],[-81.3083277455443,41.3791813121518],[-81.3070655175734,41.379212047674],[-81.3070864550805,41.3787823458294],[-81.3074566011792,41.3787720646024],[-81.3083293641164,41.3787478173143]]]},"properties":{"source_county":"Geauga","jurisdiction":"Bainbridge Township","parcel_id":"02-191600","owner_name":"HUFF ERIK J & WENDY S","property_address":" SNYDER RD","property_city":"CHAGRIN FALLS","property_zip":"44023"}},{"type":"Feature","geometry":{"type":"Polygon","coordinates":[[[-81.3083199580088,41.3812664317153],[-81.3085460657953,41.3812651537324],[-81.3085437164978,41.3813160319779],[-81.3085254049771,41.381712646464],[-81.3083182869647,41.381713817284],[-81.3069633347996,41.3817214664305],[-81.3069852929125,41.3812739665233],[-81.3083199580088,41.3812664317153]]]},"properties":{"source_county":"Geauga","jurisdiction":"Bainbridge Township","parcel_id":"02-193200","owner_name":"KIEVETS CLARA TOD","property_address":"17923 SNYDER RD","property_city":"CHAGRIN FALLS","property_zip":"44023"}},{"type":"Feature","geometry":{"type":"Polygon","coordinates":[[[-81.3083353300384,41.3771503913545],[-81.3087406818981,41.3771431592432],[-81.3087378954482,41.3772292347768],[-81.3087250686333,41.3776208028332],[-81.3087248509642,41.3776208068974],[-81.3086156006537,41.3776227562913],[-81.3083335475483,41.3776277891416],[-81.3072352518501,41.3776473780778],[-81.3072572444491,41.3771696201922],[-81.3083353300384,41.3771503913545]]]},"properties":{"source_county":"Geauga","jurisdiction":"Bainbridge Township","parcel_id":"02-198400","owner_name":"KLUCHAR RICHARD B & RICHARD","property_address":"18101 SNYDER RD","property_city":"CHAGRIN FALLS","property_zip":"44023"}},{"type":"Feature","geometry":{"type":"Polygon","coordinates":[[[-81.3232748754228,41.3867044395032],[-81.3236938187377,41.3867085302558],[-81.3236832637235,41.3879867201896],[-81.3231748833463,41.3879905061472],[-81.323173801658,41.3879081294776],[-81.323176573406,41.387573191806],[-81.3232697965856,41.3873182727666],[-81.3232748754228,41.3867044395032]]]},"properties":{"source_county":"Geauga","jurisdiction":"Bainbridge Township","parcel_id":"02-198700","owner_name":"CUTLIP GARY D TOD & JANET R TOD","property_address":"8915 BAINBRIDGE RD","property_city":"CHAGRIN FALLS","property_zip":"44023"}},{"type":"Feature","geometry":{"type":"Polygon","coordinates":[[[-81.3244675453137,41.3979330353691],[-81.3245201132867,41.3977031313688],[-81.3253057515738,41.3978247249531],[-81.3252668416701,41.397925523438],[-81.3252197512993,41.3980243235144],[-81.3251646596439,41.3981207491639],[-81.3244675453137,41.3979330353691]]]},"properties":{"source_county":"Geauga","jurisdiction":"Bainbridge Township","parcel_id":"02-199300","owner_name":"WENGRYNIUK KYLE MATTHEW & KAITLYN MARIE","property_address":"17329 LONG MEADOW TRL","property_city":"CHAGRIN FALLS","property_zip":"44023"}},{"type":"Feature","geometry":{"type":"Polygon","coordinates":[[[-81.3080914096,41.3910245514088],[-81.3101188903701,41.3910053482076],[-81.3101194170463,41.3914326166008],[-81.3080682156196,41.3915123118419],[-81.3080914096,41.3910245514088]]]},"properties":{"source_county":"Geauga","jurisdiction":"Bainbridge Township","parcel_id":"02-200200","owner_name":"STEVENS DAVID W JR & JULIE A","property_address":"17574 SNYDER RD","property_city":"CHAGRIN FALLS","property_zip":"44023"}},{"type":"Feature","geometry":{"type":"Polygon","coordinates":[[[-81.3024463102967,41.388147953606],[-81.3030476000656,41.3881430604235],[-81.30306401046,41.3893380248394],[-81.3024637625952,41.3893424291999],[-81.3024463102967,41.388147953606]]]},"properties":{"source_county":"Geauga","jurisdiction":"Bainbridge Township","parcel_id":"02-201000","owner_name":"CONE JEREMY & BURKHART COLLEEN","property_address":"9518 BAINBRIDGE RD","property_city":"CHAGRIN FALLS","property_zip":"44023"}},{"type":"Feature","geometry":{"type":"Polygon","coordinates":[[[-81.3087664734839,41.3763541007192],[-81.3143823620681,41.3763114537432],[-81.314376130781,41.376737573694],[-81.3134171805823,41.3767528323235],[-81.3087535911043,41.3767490813058],[-81.3087541343392,41.3767315859875],[-81.3087664734839,41.3763541007192]]]},"properties":{"source_county":"Geauga","jurisdiction":"Bainbridge Township","parcel_id":"02-203100","owner_name":"FOSS RICHARD J & MARY E MALNAR","property_address":"18120 SNYDER RD","property_city":"CHAGRIN FALLS","property_zip":"44023"}},{"type":"Feature","geometry":{"type":"Polygon","coordinates":[[[-81.3242944204019,41.377024190506],[-81.3253701660028,41.3770359619567],[-81.3253755470479,41.3774476262561],[-81.3242911658225,41.3774358122618],[-81.3242944204019,41.377024190506]]]},"properties":{"source_county":"Geauga","jurisdiction":"Bainbridge Township","parcel_id":"02-212870","owner_name":"POOLE BARTON & SARAH","property_address":"18093 MILLSTONE RD","property_city":"CHAGRIN FALLS","property_zip":"44023"}},{"type":"Feature","geometry":{"type":"Polygon","coordinates":[[[-81.3019003749465,41.3881523942858],[-81.3024463090847,41.3881479544939],[-81.3024637625952,41.3893424291999],[-81.3019175203316,41.3893464346343],[-81.3019003749465,41.3881523942858]]]},"properties":{"source_county":"Geauga","jurisdiction":"Bainbridge Township","parcel_id":"02-213200","owner_name":"SCHMIDT STUART D & LINDA S","property_address":"9536 BAINBRIDGE RD","property_city":"CHAGRIN FALLS","property_zip":"44023"}},{"type":"Feature","geometry":{"type":"Polygon","coordinates":[[[-81.3238188118745,41.3904434250062],[-81.3238124867978,41.3904404448657],[-81.3237975845254,41.3904584778093],[-81.323717146978,41.3904216344025],[-81.3237562800454,41.3903734836839],[-81.323825871091,41.3904054126025],[-81.3239533615307,41.3904607460799],[-81.3239596866157,41.3904637262127],[-81.3239475819958,41.3904781854864],[-81.3239584284978,41.3904830990359],[-81.3239146346736,41.3905370351875],[-81.3237890134672,41.3904791478553],[-81.3238188118745,41.3904434250062]]]},"properties":{"source_county":"Geauga","jurisdiction":"Bainbridge Township","parcel_id":"02-213250","owner_name":"PETRANGELO CHRISTINE TOD","property_address":"17596 EAST BROOK TRL","property_city":"CHAGRIN FALLS","property_zip":"44023"}},{"type":"Feature","geometry":{"type":"Polygon","coordinates":[[[-81.3078434657768,41.3962989433944],[-81.3094281191653,41.3962822795746],[-81.3094336982409,41.3971056341816],[-81.3078461458153,41.3971223287727],[-81.3078435772345,41.3967418798048],[-81.3078420813535,41.396520261253],[-81.3078405866418,41.3962989740931],[-81.3078419765634,41.3962989595835],[-81.3078434657768,41.3962989433944]]]},"properties":{"source_county":"Geauga","jurisdiction":"Bainbridge Township","parcel_id":"02-214750","owner_name":"LAUER CAROL L TRUSTEE","property_address":"17372 SNYDER RD","property_city":"CHAGRIN FALLS","property_zip":"44023"}},{"type":"Feature","geometry":{"type":"Polygon","coordinates":[[[-81.3137747239556,41.3880603523825],[-81.3145687210755,41.3880542610357],[-81.3145697677732,41.3881334073447],[-81.3145701309776,41.3881608519152],[-81.3145967244455,41.3899442955231],[-81.314616826823,41.3913417712155],[-81.3138230837127,41.3913578176094],[-81.3137747239556,41.3880603523825]]]},"properties":{"source_county":"Geauga","jurisdiction":"Bainbridge Township","parcel_id":"02-215100","owner_name":"NEAL KEITH D & ANDREA L","property_address":"9188 BAINBRIDGE RD","property_city":"CHAGRIN FALLS","property_zip":"44023"}},{"type":"Feature","geometry":{"type":"Polygon","coordinates":[[[-81.3231863187318,41.3817002581755],[-81.3231898559744,41.3812748598554],[-81.3241988592981,41.3812585420736],[-81.3242094106445,41.381691505567],[-81.3231863187318,41.3817002581755]]]},"properties":{"source_county":"Geauga","jurisdiction":"Bainbridge Township","parcel_id":"02-215440","owner_name":"CARROLL BRETT W & NICOLE S","property_address":"17924 HASKINS RD","property_city":"CHAGRIN FALLS","property_zip":"44023"}},{"type":"Feature","geometry":{"type":"Polygon","coordinates":[[[-81.3078461458153,41.3971223287727],[-81.3094336982409,41.3971056341816],[-81.3094364872415,41.3975173109589],[-81.3078489260439,41.3975340064989],[-81.307846570206,41.3971851177807],[-81.3078461458153,41.3971223287727]]]},"properties":{"source_county":"Geauga","jurisdiction":"Bainbridge Township","parcel_id":"02-217400","owner_name":"BESSETTE CHERYL ANN TOD","property_address":"17346 SNYDER RD","property_city":"CHAGRIN FALLS","property_zip":"44023"}},{"type":"Feature","geometry":{"type":"Polygon","coordinates":[[[-81.3242486357583,41.399674647813],[-81.3249154766471,41.3997944325839],[-81.32491382593,41.4000139929273],[-81.3246404520748,41.4000128274162],[-81.3241590599306,41.4000107725455],[-81.3241825158847,41.3998977994535],[-81.3242123928761,41.3997856889394],[-81.3242486357583,41.399674647813]]]},"properties":{"source_county":"Geauga","jurisdiction":"Bainbridge Township","parcel_id":"02-217850","owner_name":"STRECK KEVIN J & LINDSAY A","property_address":"17258 LONG MEADOW TRL","property_city":"CHAGRIN FALLS","property_zip":"44023"}},{"type":"Feature","geometry":{"type":"Polygon","coordinates":[[[-81.3241988592981,41.3812585420736],[-81.3241933204254,41.3808369868772],[-81.3247380510508,41.3808709630586],[-81.3247486884751,41.3816868881976],[-81.3242094106445,41.381691505567],[-81.3241988592981,41.3812585420736]]]},"properties":{"source_county":"Geauga","jurisdiction":"Bainbridge Township","parcel_id":"02-218850","owner_name":"CAPRIATO BERNADETTE & NICOLE & LAUTZENHEISER RACHEL & BALCERZAK SAMANTHA","property_address":"8898 E PILGRIM DR","property_city":"CHAGRIN FALLS","property_zip":"44023"}},{"type":"Feature","geometry":{"type":"MultiPolygon","coordinates":[[[[-81.3217447417683,41.386297399268],[-81.3227644981575,41.3862909652345],[-81.3227974618651,41.386862310393],[-81.3217358252575,41.3868690084837],[-81.3214673393757,41.3868707006026],[-81.3214708995312,41.3862991251218],[-81.3217447417683,41.386297399268]]],[[[-81.3229314786119,41.3862899115714],[-81.3230412211647,41.3862892187748],[-81.3230378527414,41.3867021243442],[-81.3230365589256,41.3868608009755],[-81.3229260189549,41.3868614991797],[-81.3229314786119,41.3862899115714]]]]},"properties":{"source_county":"Geauga","jurisdiction":"Bainbridge Township","parcel_id":"02-220490","owner_name":"PAPESH RAYMOND P","property_address":" HASKINS RD","property_city":"CHAGRIN FALLS","property_zip":"44023"}},{"type":"Feature","geometry":{"type":"Polygon","coordinates":[[[-81.3199651282466,41.386325434411],[-81.3205197539608,41.3863157462848],[-81.3205063081605,41.3880103429125],[-81.3199517108691,41.3880144580495],[-81.3199651282466,41.386325434411]]]},"properties":{"source_county":"Geauga","jurisdiction":"Bainbridge Township","parcel_id":"02-220502","owner_name":"TEWARSON IVAN P & BARBARA A TRUSTEES","property_address":"9021 BAINBRIDGE RD","property_city":"CHAGRIN FALLS","property_zip":"44023"}},{"type":"Feature","geometry":{"type":"Polygon","coordinates":[[[-81.3087378954482,41.3772292347768],[-81.3134169317152,41.3772328210922],[-81.3134166298695,41.3777815971017],[-81.3087179236191,41.3777779798954],[-81.3087250686333,41.3776208028332],[-81.3087378954482,41.3772292347768]]]},"properties":{"source_county":"Geauga","jurisdiction":"Bainbridge Township","parcel_id":"02-225100","owner_name":"EDGEHOUSE GREGORY J & NANCY L","property_address":"18080 SNYDER RD","property_city":"CHAGRIN FALLS","property_zip":"44023"}},{"type":"Feature","geometry":{"type":"Polygon","coordinates":[[[-81.3230901031428,41.3953465057065],[-81.3230840660228,41.3961424605121],[-81.3217523184294,41.3961537030358],[-81.3198946997871,41.3961693590913],[-81.3199008670018,41.3953613950979],[-81.3230901031428,41.3953465057065]]]},"properties":{"source_county":"Geauga","jurisdiction":"Bainbridge Township","parcel_id":"02-225400","owner_name":"KAUFMAN MARYLYN","property_address":"17409 HASKINS RD","property_city":"CHAGRIN FALLS","property_zip":"44023"}},{"type":"Feature","geometry":{"type":"Polygon","coordinates":[[[-81.3175740451888,41.3880320691529],[-81.3175435055058,41.3869330654065],[-81.3170109695412,41.3869414566198],[-81.3169953541052,41.3863793125271],[-81.3169942813821,41.3863406842733],[-81.3169906801739,41.3862110805714],[-81.318543929102,41.3861865992454],[-81.3185470490948,41.3862988538149],[-81.3185484756472,41.3863501686731],[-81.3185950263909,41.3880245133809],[-81.3179150874301,41.3880295471556],[-81.3175740451888,41.3880320691529]]]},"properties":{"source_county":"Geauga","jurisdiction":"Bainbridge Township","parcel_id":"02-229700","owner_name":"SCHULTZ WAYNE W & BRENDA R","property_address":"9057 BAINBRIDGE RD","property_city":"CHAGRIN FALLS","property_zip":"44023"}},{"type":"Feature","geometry":{"type":"Polygon","coordinates":[[[-81.3210167261602,41.3839536378743],[-81.3210251914701,41.3828876468304],[-81.3211812941653,41.382899660347],[-81.3213379114833,41.3829069432491],[-81.3214947907862,41.3829094837886],[-81.3216516790131,41.3829072778675],[-81.3216434116087,41.3839465423252],[-81.3210167261602,41.3839536378743]]]},"properties":{"source_county":"Geauga","jurisdiction":"Bainbridge Township","parcel_id":"02-230710","owner_name":"BRANDEWIEDE LOUIS J & DARLENE E","property_address":"8980 OLD MEADOW DR","property_city":"CHAGRIN FALLS","property_zip":"44023"}},{"type":"Feature","geometry":{"type":"Polygon","coordinates":[[[-81.3204246124905,41.3828189904759],[-81.3204155104247,41.3839604410726],[-81.3198121083816,41.3839672665957],[-81.3198215553579,41.3827881720102],[-81.3199728384848,41.3827885762578],[-81.3201239601061,41.3827938553491],[-81.3202746434359,41.382803999615],[-81.3204246124905,41.3828189904759]]]},"properties":{"source_county":"Geauga","jurisdiction":"Bainbridge Township","parcel_id":"02-230720","owner_name":"KENNEDY RICHARD L & JANET M","property_address":"9040 OLD MEADOW DR","property_city":"CHAGRIN FALLS","property_zip":"44023"}},{"type":"Feature","geometry":{"type":"Polygon","coordinates":[[[-81.3204155104247,41.3839604410726],[-81.3204246124905,41.3828189904759],[-81.3209150397027,41.3828760809197],[-81.3210251914701,41.3828876468304],[-81.3210167261602,41.3839536378743],[-81.3204155104247,41.3839604410726]]]},"properties":{"source_county":"Geauga","jurisdiction":"Bainbridge Township","parcel_id":"02-230730","owner_name":"SIMS DAVID F & MARRALI PATRICIA A","property_address":"9020 OLD MEADOW DR","property_city":"CHAGRIN FALLS","property_zip":"44023"}},{"type":"Feature","geometry":{"type":"Polygon","coordinates":[[[-81.3182346605607,41.3817081379245],[-81.318854005106,41.3816982649672],[-81.3188459323263,41.3827226579865],[-81.3186680639022,41.382749213695],[-81.3185216090543,41.3827686776423],[-81.3183741966996,41.3827834844083],[-81.3182260878086,41.38279360778],[-81.3182346605607,41.3817081379245]]]},"properties":{"source_county":"Geauga","jurisdiction":"Bainbridge Township","parcel_id":"02-230740","owner_name":"DUBOVEC ROBERT K & KATHLEEN E","property_address":"9067 OLD MEADOW DR","property_city":"CHAGRIN FALLS","property_zip":"44023"}},{"type":"Feature","geometry":{"type":"Polygon","coordinates":[[[-81.3195201037502,41.382635968213],[-81.3195279968107,41.381687517599],[-81.3195977495649,41.3816864051337],[-81.320220204539,41.3816764719325],[-81.3202122500828,41.3826334237478],[-81.3200393395325,41.3826250296649],[-81.3198660988818,41.3826226544801],[-81.3196928972692,41.3826263032543],[-81.3195201037502,41.382635968213]]]},"properties":{"source_county":"Geauga","jurisdiction":"Bainbridge Township","parcel_id":"02-230750","owner_name":"ROTH MICHAEL D & EGLIT ERICA","property_address":"9041 OLD MEADOW DR","property_city":"CHAGRIN FALLS","property_zip":"44023"}},{"type":"Feature","geometry":{"type":"Polygon","coordinates":[[[-81.3208941970566,41.3816657130231],[-81.3215135408664,41.3816558222397],[-81.3215045334786,41.3827440799121],[-81.3213491222273,41.3827419791138],[-81.3211939740227,41.382734855166],[-81.3210393749633,41.3827227212056],[-81.3208856101349,41.3827055996082],[-81.3208941970566,41.3816657130231]]]},"properties":{"source_county":"Geauga","jurisdiction":"Bainbridge Township","parcel_id":"02-230760","owner_name":"LESHER MICHAEL E & KIMBERLY D","property_address":"8989 OLD MEADOW DR","property_city":"CHAGRIN FALLS","property_zip":"44023"}},{"type":"Feature","geometry":{"type":"Polygon","coordinates":[[[-81.318854005106,41.3816982649672],[-81.3195279968107,41.381687517599],[-81.3195201037502,41.382635968213],[-81.3193368098685,41.3826528679434],[-81.3191548414144,41.3826765371888],[-81.3188459323263,41.3827226579865],[-81.318854005106,41.3816982649672]]]},"properties":{"source_county":"Geauga","jurisdiction":"Bainbridge Township","parcel_id":"02-230770","owner_name":"DIANA M THIMMIG TRUST THE","property_address":"9059 OLD MEADOW DR","property_city":"CHAGRIN FALLS","property_zip":"44023"}},{"type":"Feature","geometry":{"type":"Polygon","coordinates":[[[-81.3164294554163,41.3817368910273],[-81.3170305854269,41.3817273216141],[-81.3170188831377,41.3828159609816],[-81.3164177443256,41.3828255321442],[-81.3164294554163,41.3817368910273]]]},"properties":{"source_county":"Geauga","jurisdiction":"Bainbridge Township","parcel_id":"02-230780","owner_name":"PROCH LORI A & RONNE D","property_address":"9129 OLD MEADOW DR","property_city":"CHAGRIN FALLS","property_zip":"44023"}},{"type":"Feature","geometry":{"type":"Polygon","coordinates":[[[-81.320220204539,41.3816764719325],[-81.3208941970566,41.3816657130231],[-81.3208856101349,41.3827055996082],[-81.3204576671552,41.3826557833386],[-81.3203352031053,41.382643081292],[-81.3202122500828,41.3826334237478],[-81.320220204539,41.3816764719325]]]},"properties":{"source_county":"Geauga","jurisdiction":"Bainbridge Township","parcel_id":"02-230790","owner_name":"CALLAN MEGAN R & HARRY J","property_address":"9023 OLD MEADOW DR","property_city":"CHAGRIN FALLS","property_zip":"44023"}},{"type":"Feature","geometry":{"type":"Polygon","coordinates":[[[-81.3170305854269,41.3817273216141],[-81.317101073797,41.3817261992562],[-81.3171420243131,41.381790743161],[-81.3171741791047,41.3818580534471],[-81.3171972142878,41.3819274521794],[-81.3172108978272,41.3819982403858],[-81.3172150918738,41.3820697050979],[-81.317209994035,41.3827061028687],[-81.3172077038353,41.3827248276388],[-81.3172012044141,41.3827429833642],[-81.3171906864538,41.3827600373754],[-81.3171764585375,41.3827754893259],[-81.3171589380951,41.382788885871],[-81.3171386391569,41.3827998339699],[-81.3171161572723,41.3828080124162],[-81.3170921520371,41.3828131812624],[-81.3170673277413,41.3828151888594],[-81.3170188831377,41.3828159609816],[-81.3170305854269,41.3817273216141]]]},"properties":{"source_county":"Geauga","jurisdiction":"Bainbridge Township","parcel_id":"02-230791","owner_name":"PROCH LORI A & RONNE D","property_address":" OLD MEADOW DR","property_city":"CHAGRIN FALLS","property_zip":"44023"}},{"type":"Feature","geometry":{"type":"Polygon","coordinates":[[[-81.3249770649779,41.3941573762519],[-81.3246041643109,41.3938812215653],[-81.3244297143659,41.3940420053982],[-81.3244248335753,41.3931764360509],[-81.3238049974396,41.3927161630167],[-81.3226097996124,41.3927250111484],[-81.3225647575795,41.3926188415385],[-81.3226033972673,41.3925328965864],[-81.3227192173464,41.3925320397462],[-81.3236375720881,41.392525240687],[-81.3249677928276,41.3925153800594],[-81.3249770649779,41.3941573762519]]]},"properties":{"source_county":"Geauga","jurisdiction":"Bainbridge Township","parcel_id":"02-232970","owner_name":"SIPERKE PAUL J & CHARMAINE M","property_address":"17530 HASKINS RD","property_city":"CHAGRIN FALLS","property_zip":"44023"}},{"type":"Feature","geometry":{"type":"Polygon","coordinates":[[[-81.3239964695349,41.3902923777479],[-81.3238186114346,41.3902121726616],[-81.3238509933042,41.390172873942],[-81.323929620848,41.3902090117785],[-81.3239165898808,41.3902243189416],[-81.3239283350909,41.3902299278218],[-81.3239525485013,41.3902008382188],[-81.3239681779009,41.3901820607009],[-81.3240813415908,41.3902342263899],[-81.3240244906223,41.3903050138982],[-81.3239964695349,41.3902923777479]]]},"properties":{"source_county":"Geauga","jurisdiction":"Bainbridge Township","parcel_id":"02-233390","owner_name":"TORREY BARBARA TOD","property_address":"17604 EAST BROOK TRL","property_city":"CHAGRIN FALLS","property_zip":"44023"}},{"type":"Feature","geometry":{"type":"Polygon","coordinates":[[[-81.3198215553579,41.3827881720102],[-81.3198121083816,41.3839672665957],[-81.3192108923967,41.3839740635398],[-81.3192200197331,41.3828352318202],[-81.3193692618319,41.382816198954],[-81.3195194489151,41.3828019954864],[-81.3196703056203,41.3827926474586],[-81.3198215553579,41.3827881720102]]]},"properties":{"source_county":"Geauga","jurisdiction":"Bainbridge Township","parcel_id":"02-233410","owner_name":"REARDON TIMOTHY J & LINDA L","property_address":"9044 OLD MEADOW DR","property_city":"CHAGRIN FALLS","property_zip":"44023"}},{"type":"Feature","geometry":{"type":"Polygon","coordinates":[[[-81.3185998805875,41.3829263830487],[-81.3185914573814,41.3839810641127],[-81.3179502406632,41.3839883063974],[-81.3179584819755,41.3829656984118],[-81.3180599903662,41.3829640816393],[-81.3182406885883,41.3829580557882],[-81.3184207914442,41.3829454798542],[-81.3185998805875,41.3829263830487]]]},"properties":{"source_county":"Geauga","jurisdiction":"Bainbridge Township","parcel_id":"02-233411","owner_name":"OROSZ KATHLEEN & PTAK JIMMY H","property_address":"9080 OLD MEADOW DR","property_city":"CHAGRIN FALLS","property_zip":"44023"}},{"type":"Feature","geometry":{"type":"Polygon","coordinates":[[[-81.3166687622711,41.3829862249549],[-81.3173136216263,41.3829759634728],[-81.3173054084765,41.3839955865514],[-81.3166605773585,41.3840028622265],[-81.3166687622711,41.3829862249549]]]},"properties":{"source_county":"Geauga","jurisdiction":"Bainbridge Township","parcel_id":"02-233412","owner_name":"CERTO JOSEPH M TOD & KATHLEEN E TOD","property_address":"9120 OLD MEADOW DR","property_city":"CHAGRIN FALLS","property_zip":"44023"}},{"type":"Feature","geometry":{"type":"Polygon","coordinates":[[[-81.3153717544092,41.3830068534916],[-81.316020258442,41.3829965410392],[-81.3160121008657,41.3840101762852],[-81.3157954975064,41.3840126188578],[-81.3153636206421,41.3840174866758],[-81.3153717544092,41.3830068534916]]]},"properties":{"source_county":"Geauga","jurisdiction":"Bainbridge Township","parcel_id":"02-233413","owner_name":"O DONNELL CYNTHIA G","property_address":"9150 OLD MEADOW DR","property_city":"CHAGRIN FALLS","property_zip":"44023"}},{"type":"Feature","geometry":{"type":"Polygon","coordinates":[[[-81.3140674607838,41.3830275829011],[-81.3147196070936,41.3830172204767],[-81.314711499855,41.3840248336164],[-81.3140593801012,41.3840321777973],[-81.3140674607838,41.3830275829011]]]},"properties":{"source_county":"Geauga","jurisdiction":"Bainbridge Township","parcel_id":"02-233414","owner_name":"CURRINGTON TODD E TOD & STEFANIE A TOD","property_address":"9180 OLD MEADOW DR","property_city":"CHAGRIN FALLS","property_zip":"44023"}},{"type":"Feature","geometry":{"type":"Polygon","coordinates":[[[-81.3006499789013,41.3982382680404],[-81.3006461394088,41.3969947525709],[-81.3011670367466,41.3971927078627],[-81.3011643960713,41.4020886441829],[-81.3006618755836,41.402091557405],[-81.3006598291378,41.4014288242643],[-81.3006582410433,41.4009141961929],[-81.300655740789,41.4001045562649],[-81.3006542999874,41.3996379842956],[-81.3006528592063,41.3991714122664],[-81.3006513336938,41.3986773948642],[-81.3006499789013,41.3982382680404]]]},"properties":{"source_county":"Geauga","jurisdiction":"Bainbridge Township","parcel_id":"02-235500","owner_name":"MARSEY EDWARD L","property_address":" WASHINGTON ST","property_city":"CHAGRIN FALLS","property_zip":"44023"}},{"type":"Feature","geometry":{"type":"Polygon","coordinates":[[[-81.3217385441845,41.3896433110856],[-81.3230292377461,41.3896337105001],[-81.3230293817954,41.3897109482127],[-81.323030016174,41.3900508831063],[-81.3217389520391,41.3900604863161],[-81.3214633065833,41.3900625343616],[-81.3214626911726,41.3896453615028],[-81.3217385441845,41.3896433110856]]]},"properties":{"source_county":"Geauga","jurisdiction":"Bainbridge Township","parcel_id":"02-236100","owner_name":"KRUSE TYSON K & FRANCIS ALEXIS","property_address":"17633 HASKINS RD","property_city":"CHAGRIN FALLS","property_zip":"44023"}},{"type":"Feature","geometry":{"type":"Polygon","coordinates":[[[-81.3217389520391,41.3900604863161],[-81.323030016174,41.3900508831063],[-81.3230305084406,41.3903147401662],[-81.3230305699286,41.3903476747942],[-81.3230307945956,41.3904680565656],[-81.3217393609802,41.3904773346195],[-81.3214639219211,41.3904793118414],[-81.3214633065833,41.3900625343616],[-81.3217389520391,41.3900604863161]]]},"properties":{"source_county":"Geauga","jurisdiction":"Bainbridge Township","parcel_id":"02-236200","owner_name":"BRAUN AARON & DALLENE","property_address":"17615 HASKINS RD","property_city":"CHAGRIN FALLS","property_zip":"44023"}},{"type":"Feature","geometry":{"type":"Polygon","coordinates":[[[-81.3248154806049,41.3913612479388],[-81.3251133225497,41.3915942720401],[-81.3253460592532,41.3917763578123],[-81.3253482595639,41.3919465116982],[-81.3251108010212,41.3919482516183],[-81.3247651528781,41.3919507833865],[-81.3247002825786,41.3915014657429],[-81.3247346140041,41.3914796678939],[-81.324763958934,41.391454070826],[-81.3247875851319,41.3914253132614],[-81.3248049030632,41.3913941127851],[-81.3248154806049,41.3913612479388]]]},"properties":{"source_county":"Geauga","jurisdiction":"Bainbridge Township","parcel_id":"02-236700","owner_name":"USSERY CHARLES & DEBRA A","property_address":"8886 SOUTHBROOK TRL","property_city":"CHAGRIN FALLS","property_zip":"44023"}},{"type":"Feature","geometry":{"type":"Polygon","coordinates":[[[-81.3204398553578,41.3880108367235],[-81.3214603934177,41.3880032583872],[-81.3214612733122,41.3886847672431],[-81.3214619816718,41.3891650625975],[-81.3214626911726,41.3896453615028],[-81.3214633065833,41.3900625343616],[-81.3214639219211,41.3904793118414],[-81.3204434696367,41.3904866303168],[-81.3204398553578,41.3880108367235]]]},"properties":{"source_county":"Geauga","jurisdiction":"Bainbridge Township","parcel_id":"02-237700","owner_name":"SAMSONAS MARK A & KAREN L CO TRUSTEES","property_address":"9010 BAINBRIDGE RD","property_city":"CHAGRIN FALLS","property_zip":"44023"}},{"type":"Feature","geometry":{"type":"Polygon","coordinates":[[[-81.3232264816569,41.3766127510777],[-81.3242976575304,41.3765997810268],[-81.3242944204019,41.377024190506],[-81.323223964979,41.3770243876208],[-81.3232264816569,41.3766127510777]]]},"properties":{"source_county":"Geauga","jurisdiction":"Bainbridge Township","parcel_id":"02-239670","owner_name":"SATCHELL LESLIE & DEJUAII I","property_address":"18110 HASKINS RD","property_city":"CHAGRIN FALLS","property_zip":"44023"}},{"type":"Feature","geometry":{"type":"Polygon","coordinates":[[[-81.3241461142549,41.3901915787455],[-81.3240211753707,41.3901339444265],[-81.323951587581,41.3901018445543],[-81.3239907110802,41.3900542078586],[-81.324066620813,41.390089459804],[-81.3240535683955,41.390105968065],[-81.3240671203221,41.3901124525776],[-81.3240904244588,41.390083182613],[-81.3241076707208,41.3900615218037],[-81.324221073247,41.3901147019741],[-81.3241633084158,41.390185652272],[-81.3241542686767,41.3901816143858],[-81.3241461142549,41.3901915787455]]]},"properties":{"source_county":"Geauga","jurisdiction":"Bainbridge Township","parcel_id":"02-248910","owner_name":"MULLINS RACHEL","property_address":"17608 EAST BROOK TRL","property_city":"CHAGRIN FALLS","property_zip":"44023"}},{"type":"Feature","geometry":{"type":"Polygon","coordinates":[[[-81.3238897630989,41.3902976418978],[-81.3238834411127,41.390294489792],[-81.3238704070542,41.3903099680183],[-81.3237917855659,41.390273487105],[-81.323825344758,41.3902312835501],[-81.3238090781467,41.3902237421374],[-81.3238186114346,41.3902121726616],[-81.3239964695349,41.3902923777479],[-81.3239908712254,41.3902996979974],[-81.3240080366307,41.3903079347112],[-81.323997769494,41.3903215544493],[-81.3240302966536,41.3903369811569],[-81.3239883692449,41.3903885354902],[-81.3238655385502,41.3903274166739],[-81.3238897630989,41.3902976418978]]]},"properties":{"source_county":"Geauga","jurisdiction":"Bainbridge Township","parcel_id":"02-249350","owner_name":"WARD ANDREA M TOD","property_address":"17602 EAST BROOK TRL","property_city":"CHAGRIN FALLS","property_zip":"44023"}},{"type":"Feature","geometry":{"type":"Polygon","coordinates":[[[-81.3238529056073,41.3903713771731],[-81.3238393505847,41.3903650637046],[-81.3238225771078,41.390385822447],[-81.3237566087492,41.3903551307216],[-81.3238022726137,41.3902984688203],[-81.3238655385502,41.3903274166739],[-81.3239883692449,41.3903885354902],[-81.324001927366,41.3903946769722],[-81.3239907399516,41.3904088024646],[-81.3239943534018,41.3904105546591],[-81.3239533615307,41.3904607460799],[-81.323825871091,41.3904054126025],[-81.3238529056073,41.3903713771731]]]},"properties":{"source_county":"Geauga","jurisdiction":"Bainbridge Township","parcel_id":"02-249710","owner_name":"ST JOHN KELLEE","property_address":"17598 EAST BROOK TRL","property_city":"CHAGRIN FALLS","property_zip":"44023"}},{"type":"Feature","geometry":{"type":"Polygon","coordinates":[[[-81.3069241014967,41.3993747567133],[-81.3069213932693,41.3988258064926],[-81.3078592488972,41.3990629677724],[-81.3078637544381,41.3997302175979],[-81.3070518602006,41.3994230872946],[-81.3069241014967,41.3993747567133]]]},"properties":{"source_county":"Geauga","jurisdiction":"Bainbridge Township","parcel_id":"02-250200","owner_name":"CHAGRIN VALLEY ATHLETIC CLUB INC","property_address":"17279 SNYDER RD","property_city":"CHAGRIN FALLS","property_zip":"44023"}},{"type":"Feature","geometry":{"type":"Polygon","coordinates":[[[-81.3131150539984,41.3880654089168],[-81.3137747167823,41.388060352309],[-81.3138230837127,41.3913578176094],[-81.3136168272996,41.3913619859795],[-81.3131635013969,41.3913711469853],[-81.3131150539984,41.3880654089168]]]},"properties":{"source_county":"Geauga","jurisdiction":"Bainbridge Township","parcel_id":"02-256250","owner_name":"RAYMER RORY L & JERI S","property_address":"9214 BAINBRIDGE RD","property_city":"CHAGRIN FALLS","property_zip":"44023"}},{"type":"Feature","geometry":{"type":"Polygon","coordinates":[[[-81.3079241509457,41.3945418437025],[-81.3103323548488,41.3945168506967],[-81.3103269666412,41.3948830679991],[-81.3079067895158,41.3949069219929],[-81.3079241509457,41.3945418437025]]]},"properties":{"source_county":"Geauga","jurisdiction":"Bainbridge Township","parcel_id":"02-261460","owner_name":"NADRATOWSKI MICHAEL D TRUSTEE","property_address":"17446 SNYDER RD","property_city":"CHAGRIN FALLS","property_zip":"44023"}},{"type":"Feature","geometry":{"type":"Polygon","coordinates":[[[-81.3069089411911,41.396301428546],[-81.3078405866418,41.3962989740931],[-81.3078420813535,41.396520261253],[-81.306910034041,41.3965228079665],[-81.3069089411911,41.396301428546]]]},"properties":{"source_county":"Geauga","jurisdiction":"Bainbridge Township","parcel_id":"02-267830","owner_name":"BLAZEK JACLYNN","property_address":"17383 SNYDER RD","property_city":"CHAGRIN FALLS","property_zip":"44023"}},{"type":"Feature","geometry":{"type":"Polygon","coordinates":[[[-81.3242911658225,41.3774358122618],[-81.3253755470479,41.3774476262561],[-81.3253809281604,41.3778592905097],[-81.3242879111862,41.3778474348723],[-81.3242890131103,41.3777080506373],[-81.3242911658225,41.3774358122618]]]},"properties":{"source_county":"Geauga","jurisdiction":"Bainbridge Township","parcel_id":"02-270100","owner_name":"MOURITSEN LYNN R","property_address":"18071 MILLSTONE RD","property_city":"CHAGRIN FALLS","property_zip":"44023"}},{"type":"Feature","geometry":{"type":"Polygon","coordinates":[[[-81.3087928110794,41.3751299634343],[-81.3143999953545,41.3751056078247],[-81.3143946909445,41.3754683301931],[-81.3087865903716,41.3755070930294],[-81.3087928110794,41.3751299634343]]]},"properties":{"source_county":"Geauga","jurisdiction":"Bainbridge Township","parcel_id":"02-270150","owner_name":"PAGONIS MARIOS K & KAREN","property_address":"18164 SNYDER RD","property_city":"CHAGRIN FALLS","property_zip":"44023"}},{"type":"Feature","geometry":{"type":"Polygon","coordinates":[[[-81.3033771534599,41.3963106645464],[-81.3039656973159,41.3963091326886],[-81.3039281651334,41.3982413505318],[-81.3035016088556,41.3980798641589],[-81.3032939750773,41.3980009644362],[-81.3034691851139,41.3972967217435],[-81.3033771534599,41.3963106645464]]]},"properties":{"source_county":"Geauga","jurisdiction":"Bainbridge Township","parcel_id":"02-271700","owner_name":"MILLER & SONS ENTERPRISES LLC","property_address":"9519 WASHINGTON ST","property_city":"CHAGRIN FALLS","property_zip":"44023"}},{"type":"Feature","geometry":{"type":"Polygon","coordinates":[[[-81.3066774976234,41.384954037304],[-81.3066965360696,41.3845405846328],[-81.3082861367107,41.3845820923876],[-81.3083075715496,41.3845826515825],[-81.3083927850268,41.3845848757061],[-81.3083736939492,41.3849983243977],[-81.308306025896,41.3849965581956],[-81.3066774976234,41.384954037304]]]},"properties":{"source_county":"Geauga","jurisdiction":"Bainbridge Township","parcel_id":"02-272810","owner_name":"BURNETT KATHERINE N & BETH A","property_address":"17813 SNYDER RD","property_city":"CHAGRIN FALLS","property_zip":"44023"}},{"type":"Feature","geometry":{"type":"Polygon","coordinates":[[[-81.306658545841,41.3853654709359],[-81.3052283085313,41.3852973763661],[-81.303009799619,41.3852815276878],[-81.3029981799364,41.3852814444959],[-81.3030270640696,41.3835738333626],[-81.3030354518976,41.3835748791325],[-81.3054684223615,41.3838781903328],[-81.3061785352576,41.3840084386007],[-81.3072408200064,41.3841408499625],[-81.3067155754717,41.3841271319245],[-81.3066965360696,41.3845405846328],[-81.3066774976234,41.384954037304],[-81.308306025896,41.3849965581956],[-81.3083736939492,41.3849983243977],[-81.3083546965576,41.3854097595246],[-81.3083044869122,41.3854084485482],[-81.306658545841,41.3853654709359]]]},"properties":{"source_county":"Geauga","jurisdiction":"Bainbridge Township","parcel_id":"02-272820","owner_name":"GAMBLE WILLIE JR","property_address":"17791 SNYDER RD","property_city":"CHAGRIN FALLS","property_zip":"44023"}},{"type":"Feature","geometry":{"type":"Polygon","coordinates":[[[-81.3080025955432,41.3928922672782],[-81.3100930445962,41.3928756959012],[-81.3100718964931,41.3932856493903],[-81.3079829100989,41.3933062384129],[-81.3080025955432,41.3928922672782]]]},"properties":{"source_county":"Geauga","jurisdiction":"Bainbridge Township","parcel_id":"02-281400","owner_name":"PFOUTS SHARON L TOD","property_address":"17504 SNYDER RD","property_city":"CHAGRIN FALLS","property_zip":"44023"}},{"type":"Feature","geometry":{"type":"Polygon","coordinates":[[[-81.3180180146809,41.3931690902278],[-81.3199020741841,41.3931497425252],[-81.3199029816887,41.3935986246448],[-81.3199035253454,41.3938675088422],[-81.3199047722236,41.3944850418603],[-81.3230955882326,41.3946199151856],[-81.3230901031428,41.3953465057065],[-81.3199008670018,41.3953613950979],[-81.3198946997871,41.3961693590913],[-81.3180967011012,41.3961897209022],[-81.3175715322267,41.3961956628465],[-81.3166889591615,41.3962056435898],[-81.3149621021834,41.3962239117888],[-81.3132901700655,41.3962415733847],[-81.3132901944277,41.396241217927],[-81.3132901963068,41.3962411801242],[-81.3134627674407,41.3936634115995],[-81.3134927826928,41.3932154347462],[-81.3149793352571,41.3932002301144],[-81.3180180146809,41.3931690902278]]]},"properties":{"source_county":"Geauga","jurisdiction":"Bainbridge Township","parcel_id":"02-281700","owner_name":"PFOUTS DONNA J TRUSTEE","property_address":"17435 HASKINS RD","property_city":"CHAGRIN FALLS","property_zip":"44023"}},{"type":"Feature","geometry":{"type":"Polygon","coordinates":[[[-81.3235062247038,41.3899880430438],[-81.3235174213603,41.3899734034904],[-81.3234324416681,41.3899358284293],[-81.3234724678636,41.3898854112481],[-81.3235998300896,41.3899443585409],[-81.3235738440648,41.3899774076848],[-81.3235828806758,41.3899816166851],[-81.3235968657198,41.3899639175498],[-81.3236773241521,41.3899995599627],[-81.3236400256099,41.390047043093],[-81.3235649934019,41.3900136863795],[-81.3235062247038,41.3899880430438]]]},"properties":{"source_county":"Geauga","jurisdiction":"Bainbridge Township","parcel_id":"02-283810","owner_name":"KROOGLIK CECILIA","property_address":"17609 EAST BROOK TRL","property_city":"CHAGRIN FALLS","property_zip":"44023"}},{"type":"Feature","geometry":{"type":"Polygon","coordinates":[[[-81.3236938187377,41.3867085302558],[-81.3250269359242,41.3867215395847],[-81.3250210187486,41.3879767463942],[-81.3236832637235,41.3879867201896],[-81.3236938187377,41.3867085302558]]]},"properties":{"source_county":"Geauga","jurisdiction":"Bainbridge Township","parcel_id":"02-292870","owner_name":"CORDIAK ROBERT P TOD","property_address":"8909 BAINBRIDGE RD","property_city":"CHAGRIN FALLS","property_zip":"44023"}},{"type":"Feature","geometry":{"type":"Polygon","coordinates":[[[-81.3217368697803,41.3880012035809],[-81.3228829951807,41.3879926796852],[-81.3230273002519,41.3879916051665],[-81.3230277396544,41.3885833657012],[-81.3230278268638,41.3886731165604],[-81.3217376030501,41.3886827136155],[-81.3214612733122,41.3886847672431],[-81.3214603934177,41.3880032583872],[-81.3217368697803,41.3880012035809]]]},"properties":{"source_county":"Geauga","jurisdiction":"Bainbridge Township","parcel_id":"02-295200","owner_name":"BOLES STEPHANIE REEVE TOD","property_address":"17675 HASKINS RD","property_city":"CHAGRIN FALLS","property_zip":"44023"}},{"type":"Feature","geometry":{"type":"Polygon","coordinates":[[[-81.3082303365504,41.388102737973],[-81.3101152916978,41.3880883581428],[-81.3101158552494,41.3885450717968],[-81.3082095961927,41.3885389562407],[-81.3082303365504,41.388102737973]]]},"properties":{"source_county":"Geauga","jurisdiction":"Bainbridge Township","parcel_id":"02-297320","owner_name":"RENARD DAVID M TOD & CYNTHIA L TOD","property_address":"17686 SNYDER RD","property_city":"CHAGRIN FALLS","property_zip":"44023"}},{"type":"Feature","geometry":{"type":"Polygon","coordinates":[[[-81.3242821774465,41.3785725708311],[-81.3242846565253,41.3782590565369],[-81.3253863081611,41.3782709538051],[-81.325372375527,41.3783207890444],[-81.325374120529,41.3783760460152],[-81.3253814606418,41.3784586744808],[-81.32539577279,41.378540783069],[-81.3254392945104,41.3786832819054],[-81.3242813982572,41.378671144593],[-81.3242821774465,41.3785725708311]]]},"properties":{"source_county":"Geauga","jurisdiction":"Bainbridge Township","parcel_id":"02-298150","owner_name":"CHAGRIN VALLEY PROPERTY MANAGEMENT LLC","property_address":"18047 MILLSTONE RD","property_city":"CHAGRIN FALLS","property_zip":"44023"}},{"type":"Feature","geometry":{"type":"Polygon","coordinates":[[[-81.3236621946103,41.3905898823204],[-81.3236549707883,41.3905862059417],[-81.3236419396823,41.3906015130724],[-81.3235624192187,41.3905643366768],[-81.3236015248415,41.3905177292313],[-81.3236747140454,41.3905522684902],[-81.3236775055524,41.3905490369452],[-81.323732627567,41.3905748151445],[-81.3237177252421,41.3905928480771],[-81.3238017672654,41.390631956888],[-81.3237579958883,41.3906846937093],[-81.3236956468595,41.3906554111158],[-81.3236329871885,41.3906259830494],[-81.3236379667703,41.3906198290156],[-81.3236621946103,41.3905898823204]]]},"properties":{"source_county":"Geauga","jurisdiction":"Bainbridge Township","parcel_id":"02-299710","owner_name":"CAMP & ASSOCIATES LLC","property_address":"17590 EAST BROOK TRL","property_city":"CHAGRIN FALLS","property_zip":"44023"}},{"type":"Feature","geometry":{"type":"Polygon","coordinates":[[[-81.3236226588675,41.3906605024157],[-81.3236091038074,41.3906541889208],[-81.3235904742909,41.3906768162755],[-81.323524508829,41.3906459524514],[-81.3235720013273,41.3905889661184],[-81.3236379667703,41.3906198290156],[-81.3236329871885,41.3906259830494],[-81.3236956468595,41.3906554111158],[-81.3236844808478,41.3906683354958],[-81.3237630996692,41.390704988447],[-81.323717339772,41.3907605849339],[-81.3235905004857,41.3906997204921],[-81.3236226588675,41.3906605024157]]]},"properties":{"source_county":"Geauga","jurisdiction":"Bainbridge Township","parcel_id":"02-299711","owner_name":"ORZECH TIMOTHY J TOD & LIESKE PAMELA J TOD","property_address":"17586 EAST BROOK TRL","property_city":"CHAGRIN FALLS","property_zip":"44023"}},{"type":"Feature","geometry":{"type":"Polygon","coordinates":[[[-81.3236774033873,41.3908091065981],[-81.3235942661285,41.3907703490908],[-81.3235830939325,41.3907836164982],[-81.3235695388507,41.3907773029988],[-81.3234520984579,41.3907205277119],[-81.3234902932076,41.3906739110501],[-81.323568908863,41.3907107352016],[-81.3235558684867,41.3907265573286],[-81.3235649021352,41.3907309373981],[-81.3235905004857,41.3906997204921],[-81.323717339772,41.3907605849339],[-81.3236774033873,41.3908091065981]]]},"properties":{"source_county":"Geauga","jurisdiction":"Bainbridge Township","parcel_id":"02-299712","owner_name":"WORTMANN DAVID ALAN & SHEILA MARY","property_address":"17584 EAST BROOK TRL","property_city":"CHAGRIN FALLS","property_zip":"44023"}},{"type":"Feature","geometry":{"type":"Polygon","coordinates":[[[-81.3235018971492,41.3907891394347],[-81.3234883451548,41.3907826539568],[-81.3234762280817,41.3907977992551],[-81.3233967044094,41.3907607938162],[-81.3234367366676,41.3907133385414],[-81.3234520984579,41.3907205277119],[-81.3235695388507,41.3907773029988],[-81.323561170445,41.3907866536872],[-81.3236325624287,41.3908198014096],[-81.3235813365193,41.3908817252391],[-81.3235225977637,41.3908543667302],[-81.3234692016165,41.390829497488],[-81.3234786017258,41.3908178942686],[-81.3235018971492,41.3907891394347]]]},"properties":{"source_county":"Geauga","jurisdiction":"Bainbridge Township","parcel_id":"02-299713","owner_name":"WITMER ELAINE TRUSTEE","property_address":"17582 EAST BROOK TRL","property_city":"CHAGRIN FALLS","property_zip":"44023"}},{"type":"Feature","geometry":{"type":"Polygon","coordinates":[[[-81.3234569255594,41.3908579887489],[-81.323442468654,41.3908511509724],[-81.3234266213307,41.390871061767],[-81.3233597508339,41.3908398464574],[-81.3234054061672,41.3907836988263],[-81.3234786017258,41.3908178942686],[-81.3234692016165,41.390829497488],[-81.3235225977637,41.3908543667302],[-81.3235160668064,41.3908628778815],[-81.3235946765415,41.3909000459516],[-81.3235533159819,41.3909504243963],[-81.323428047025,41.3908932066508],[-81.3234569255594,41.3908579887489]]]},"properties":{"source_county":"Geauga","jurisdiction":"Bainbridge Township","parcel_id":"02-299714","owner_name":"KRUSE LINDA PAAL TRUSTEE","property_address":"17580 EAST BROOK TRL","property_city":"CHAGRIN FALLS","property_zip":"44023"}},{"type":"Feature","geometry":{"type":"Polygon","coordinates":[[[-81.3234176981036,41.3910639652938],[-81.3233869743895,41.3910495860426],[-81.3233841644256,41.3910538457923],[-81.3233055441863,41.3910171934756],[-81.3234126821322,41.3908861885461],[-81.323428047025,41.3908932066508],[-81.3235533159819,41.3909504243963],[-81.3234819601546,41.3910373412718],[-81.323469300708,41.3910318950607],[-81.3234581161513,41.3910458485302],[-81.3234400457343,41.3910372585429],[-81.3234176981036,41.3910639652938]]]},"properties":{"source_county":"Geauga","jurisdiction":"Bainbridge Township","parcel_id":"02-299715","owner_name":"TOMARO MARGARET D TRUSTEE","property_address":"17578 EAST BROOK TRL","property_city":"CHAGRIN FALLS","property_zip":"44023"}},{"type":"Feature","geometry":{"type":"Polygon","coordinates":[[[-81.3231144297764,41.3756856238935],[-81.3248105622131,41.3756749730157],[-81.3248110275991,41.3758198367343],[-81.3248122082587,41.3761870832648],[-81.3231161247421,41.3762023400996],[-81.3231149682792,41.3758586290176],[-81.3231144297764,41.3756856238935]]]},"properties":{"source_county":"Geauga","jurisdiction":"Bainbridge Township","parcel_id":"02-305600","owner_name":"LABOUESSE CHRISTOPHE & JOANNA","property_address":"18132 HASKINS RD","property_city":"CHAGRIN FALLS","property_zip":"44023"}},{"type":"Feature","geometry":{"type":"Polygon","coordinates":[[[-81.3231161247421,41.3762023400996],[-81.3248122082587,41.3761870832648],[-81.3248135133723,41.3765935517259],[-81.3242976575304,41.3765997810268],[-81.3232264816569,41.3766127510777],[-81.3231174459023,41.3766140670333],[-81.3231174396503,41.376612080404],[-81.3231163177244,41.3762703112505],[-81.3231161247421,41.3762023400996]]]},"properties":{"source_county":"Geauga","jurisdiction":"Bainbridge Township","parcel_id":"02-305610","owner_name":"MATES MICHAEL","property_address":"18122 HASKINS RD","property_city":"CHAGRIN FALLS","property_zip":"44023"}},{"type":"Feature","geometry":{"type":"Polygon","coordinates":[[[-81.3081107706119,41.3906173774535],[-81.3101184103007,41.3906164949166],[-81.3101188903701,41.3910053482076],[-81.3080914096,41.3910245514088],[-81.308109397484,41.3906462558324],[-81.3081107706119,41.3906173774535]]]},"properties":{"source_county":"Geauga","jurisdiction":"Bainbridge Township","parcel_id":"02-308450","owner_name":"ROTH STEVEN BRUCE TRUSTEE","property_address":"17590 SNYDER RD","property_city":"CHAGRIN FALLS","property_zip":"44023"}},{"type":"Feature","geometry":{"type":"Polygon","coordinates":[[[-81.3245321262381,41.3900379714297],[-81.3248293472802,41.3898552168714],[-81.3251244859795,41.3900274750763],[-81.3253610465885,41.390165542472],[-81.3253125404192,41.3902194991507],[-81.3252702782133,41.3902763563351],[-81.3252345638219,41.3903357052635],[-81.325205654024,41.390397119259],[-81.3251220879714,41.3903641290608],[-81.3244397708288,41.3900947575983],[-81.3245321262381,41.3900379714297]]]},"properties":{"source_county":"Geauga","jurisdiction":"Bainbridge Township","parcel_id":"02-310767","owner_name":"GAMELLIA ANTHONY J III","property_address":"17619 PLUM CREEK TRL","property_city":"CHAGRIN FALLS","property_zip":"44023"}},{"type":"Feature","geometry":{"type":"Polygon","coordinates":[[[-81.3234334385976,41.3901344934927],[-81.32344088974,41.390125477494],[-81.3233613361723,41.3900901872122],[-81.3234107611025,41.3900270447727],[-81.3234731401503,41.390054611436],[-81.3235180835806,41.3900890349368],[-81.3234938404886,41.3901198396502],[-81.3235128247777,41.3901282669177],[-81.3235258896257,41.3901110726424],[-81.3236045414949,41.3901458385498],[-81.3235653961463,41.3901946761956],[-81.3235156762093,41.3901725557917],[-81.3234334385976,41.3901344934927]]]},"properties":{"source_county":"Geauga","jurisdiction":"Bainbridge Township","parcel_id":"02-311001","owner_name":"SARALLI TAYLOR A","property_address":"17603 EAST BROOK TRL","property_city":"CHAGRIN FALLS","property_zip":"44023"}},{"type":"Feature","geometry":{"type":"Polygon","coordinates":[[[-81.3079829100989,41.3933062384129],[-81.3100718964931,41.3932856493903],[-81.3100506734142,41.3936970861288],[-81.3079633448689,41.393717657745],[-81.3079708876344,41.3935590554303],[-81.3079829100989,41.3933062384129]]]},"properties":{"source_county":"Geauga","jurisdiction":"Bainbridge Township","parcel_id":"02-311300","owner_name":"RUDNAY RICHARD WILLIAM & DONNA M TRUSTEES","property_address":"17490 SNYDER RD","property_city":"CHAGRIN FALLS","property_zip":"44023"}},{"type":"Feature","geometry":{"type":"Polygon","coordinates":[[[-81.3242855412519,41.3781471713325],[-81.3242879111862,41.3778474348723],[-81.3253809281604,41.3778592905097],[-81.3253863081611,41.3782709538051],[-81.3242846565253,41.3782590565369],[-81.3242855412519,41.3781471713325]]]},"properties":{"source_county":"Geauga","jurisdiction":"Bainbridge Township","parcel_id":"02-311810","owner_name":"SILLA LORENE A","property_address":"18063 MILLSTONE RD","property_city":"CHAGRIN FALLS","property_zip":"44023"}},{"type":"Feature","geometry":{"type":"Polygon","coordinates":[[[-81.3100506734142,41.3936970861288],[-81.3103686359266,41.3936939490765],[-81.3103504969229,41.3941053544492],[-81.3079437805894,41.3941290770399],[-81.3079633448689,41.393717657745],[-81.3100506734142,41.3936970861288]]]},"properties":{"source_county":"Geauga","jurisdiction":"Bainbridge Township","parcel_id":"02-314100","owner_name":"SOMERS MICHAEL J","property_address":"17476 SNYDER RD","property_city":"CHAGRIN FALLS","property_zip":"44023"}},{"type":"Feature","geometry":{"type":"Polygon","coordinates":[[[-81.319891670621,41.3880149034253],[-81.3204398553578,41.3880108367235],[-81.3204434696367,41.3904866303168],[-81.3198966699111,41.3904894659304],[-81.319891670621,41.3880149034253]]]},"properties":{"source_county":"Geauga","jurisdiction":"Bainbridge Township","parcel_id":"02-318900","owner_name":"MESEC JEFFREY J & SANDRA A","property_address":"9022 BAINBRIDGE RD","property_city":"CHAGRIN FALLS","property_zip":"44023"}},{"type":"Feature","geometry":{"type":"Polygon","coordinates":[[[-81.3134166298695,41.3777815971017],[-81.313416329214,41.3783303730424],[-81.3086917440234,41.3783267204961],[-81.308705403257,41.3780517743225],[-81.3087099887378,41.3779512836218],[-81.3087179236191,41.3777779798954],[-81.3134166298695,41.3777815971017]]]},"properties":{"source_county":"Geauga","jurisdiction":"Bainbridge Township","parcel_id":"02-319600","owner_name":"MATIC KRISTINA IVANA & KATHY","property_address":"18060 SNYDER RD","property_city":"CHAGRIN FALLS","property_zip":"44023"}},{"type":"Feature","geometry":{"type":"Polygon","coordinates":[[[-81.3234431403759,41.3902541628769],[-81.323310252148,41.3901949998794],[-81.3233428925409,41.3901533022251],[-81.323313965563,41.3901403136027],[-81.3233428573151,41.3901044096589],[-81.3233726879781,41.3901177505561],[-81.3233782924707,41.3901100881989],[-81.3234334385976,41.3901344934927],[-81.3235156762093,41.3901725557917],[-81.3234895741544,41.3902053993179],[-81.3234986169205,41.3902092661873],[-81.3235014176473,41.3902055196397],[-81.3235502357755,41.3902271166883],[-81.3235017587228,41.3902882111141],[-81.3234384837742,41.3902597771678],[-81.3234431403759,41.3902541628769]]]},"properties":{"source_county":"Geauga","jurisdiction":"Bainbridge Township","parcel_id":"02-320501","owner_name":"PETTI CHRISTINE P TRUSTEE","property_address":"17601 EAST BROOK TRL","property_city":"CHAGRIN FALLS","property_zip":"44023"}},{"type":"Feature","geometry":{"type":"Polygon","coordinates":[[[-81.3066185534712,41.3861836184765],[-81.3066385497725,41.3857745451807],[-81.3083029497759,41.385819972359],[-81.3083357120637,41.3858208660448],[-81.3083167285276,41.3862319725283],[-81.3083014130807,41.3862315366523],[-81.3066185534712,41.3861836184765]]]},"properties":{"source_county":"Geauga","jurisdiction":"Bainbridge Township","parcel_id":"02-323400","owner_name":"SERSA JAMES V","property_address":"17771 SNYDER RD","property_city":"CHAGRIN FALLS","property_zip":"44023"}},{"type":"Feature","geometry":{"type":"Polygon","coordinates":[[[-81.3052486187028,41.386567092677],[-81.3052283085313,41.3852973763661],[-81.306658545841,41.3853654709359],[-81.3066385497725,41.3857745451807],[-81.3066185534712,41.3861836184765],[-81.3066004300525,41.3865444877369],[-81.30659075825,41.3867370740982],[-81.3052514662089,41.386745139425],[-81.3052486187028,41.386567092677]]]},"properties":{"source_county":"Geauga","jurisdiction":"Bainbridge Township","parcel_id":"02-323410","owner_name":"SERSA JAMES V","property_address":" SNYDER RD","property_city":"CHAGRIN FALLS","property_zip":"44023"}},{"type":"Feature","geometry":{"type":"Polygon","coordinates":[[[-81.3199029816887,41.3935986246448],[-81.3219000438114,41.3934881559243],[-81.3229585472205,41.3935469428551],[-81.3230666209018,41.3938017963296],[-81.3231011317787,41.3938830492335],[-81.3231002485437,41.3940024002351],[-81.3199035253454,41.3938675088422],[-81.3199029816887,41.3935986246448]]]},"properties":{"source_county":"Geauga","jurisdiction":"Bainbridge Township","parcel_id":"02-323500","owner_name":"APICELLA ANNETTE","property_address":"17485 HASKINS RD","property_city":"CHAGRIN FALLS","property_zip":"44023"}},{"type":"Feature","geometry":{"type":"Polygon","coordinates":[[[-81.3199029816887,41.3935986246448],[-81.3199020741841,41.3931497425252],[-81.3227774840776,41.3931201558459],[-81.3229585472205,41.3935469428551],[-81.3219000438114,41.3934881559243],[-81.3199029816887,41.3935986246448]]]},"properties":{"source_county":"Geauga","jurisdiction":"Bainbridge Township","parcel_id":"02-323501","owner_name":"STECH SAMANATHA N","property_address":"17499 HASKINS RD","property_city":"CHAGRIN FALLS","property_zip":"44023"}},{"type":"Feature","geometry":{"type":"Polygon","coordinates":[[[-81.3176335320316,41.3817177172021],[-81.3182346605607,41.3817081379245],[-81.3182260878086,41.38279360778],[-81.3181645090167,41.3827964274108],[-81.3180555376528,41.3827994314519],[-81.3176231185342,41.3828063219635],[-81.3176335320316,41.3817177172021]]]},"properties":{"source_county":"Geauga","jurisdiction":"Bainbridge Township","parcel_id":"02-326580","owner_name":"KEARES PETER & MEZZOPERA MICHALENA","property_address":"17906 HARVEST DR","property_city":"CHAGRIN FALLS","property_zip":"44023"}},{"type":"Feature","geometry":{"type":"Polygon","coordinates":[[[-81.3216516790131,41.3829072778675],[-81.3222819647278,41.3828972123431],[-81.322273667962,41.3839394040611],[-81.3216434116087,41.3839465423252],[-81.3216516790131,41.3829072778675]]]},"properties":{"source_county":"Geauga","jurisdiction":"Bainbridge Township","parcel_id":"02-326590","owner_name":"SUSZKOWSKI EDWARD R & NOREEN B","property_address":"8960 OLD MEADOW DR","property_city":"CHAGRIN FALLS","property_zip":"44023"}},{"type":"Feature","geometry":{"type":"Polygon","coordinates":[[[-81.3173410406789,41.3817223765028],[-81.3176335320316,41.3817177172021],[-81.3176231185342,41.3828063219635],[-81.317575257616,41.382807084069],[-81.3175522838337,41.3828058042848],[-81.3175298646723,41.382801814461],[-81.3175085601006,41.3827952142523],[-81.3174889022481,41.3827861685138],[-81.3174713821126,41.382774903183],[-81.3174564372976,41.3827616996368],[-81.3174444410814,41.3827468876629],[-81.3174356930936,41.382730837223],[-81.317430411832,41.3827139492117],[-81.3174287292047,41.3826966454439],[-81.3174337406776,41.3820707046317],[-81.3174304414622,41.3819992219184],[-81.3174194233047,41.3819281790589],[-81.3174007594379,41.3818580480831],[-81.3173745738938,41.3817892949601],[-81.3173410406789,41.3817223765028]]]},"properties":{"source_county":"Geauga","jurisdiction":"Bainbridge Township","parcel_id":"02-326591","owner_name":"KEARES PETER & MEZZOPERA MICHALENA","property_address":" HARVEST DR","property_city":"CHAGRIN FALLS","property_zip":"44023"}},{"type":"Feature","geometry":{"type":"Polygon","coordinates":[[[-81.306910034041,41.3965228079665],[-81.3078420813535,41.396520261253],[-81.3078435772345,41.3967418798048],[-81.3069111261178,41.396744427806],[-81.306910034041,41.3965228079665]]]},"properties":{"source_county":"Geauga","jurisdiction":"Bainbridge Township","parcel_id":"02-329200","owner_name":"SKALA DEBRA M TOD","property_address":"17375 SNYDER RD","property_city":"CHAGRIN FALLS","property_zip":"44023"}},{"type":"Feature","geometry":{"type":"MultiPolygon","coordinates":[[[[-81.3157905252545,41.3851944391948],[-81.3164990677415,41.3851866910674],[-81.3208917181169,41.3857333042796],[-81.3157879671831,41.385802400419],[-81.3157905252545,41.3851944391948]]],[[[-81.3228288281962,41.3851172807691],[-81.3228671332312,41.3851168596933],[-81.3228173966043,41.3852760255113],[-81.3216364612895,41.3851303823251],[-81.3228288281962,41.3851172807691]]]]},"properties":{"source_county":"Geauga","jurisdiction":"Bainbridge Township","parcel_id":"02-329300","owner_name":"CG II DEVELOPERS LLC","property_address":" HASKINS RD","property_city":"CHAGRIN FALLS","property_zip":"44023"}},{"type":"Feature","geometry":{"type":"Polygon","coordinates":[[[-81.323215110231,41.3781371766228],[-81.3242855412519,41.3781471713325],[-81.3242846565253,41.3782590565369],[-81.3242821774465,41.3785725708311],[-81.3232117036329,41.3785625757271],[-81.323215110231,41.3781371766228]]]},"properties":{"source_county":"Geauga","jurisdiction":"Bainbridge Township","parcel_id":"02-334950","owner_name":"DONNELLY CATHERINE A","property_address":"18048 HASKINS RD","property_city":"CHAGRIN FALLS","property_zip":"44023"}},{"type":"Feature","geometry":{"type":"Polygon","coordinates":[[[-81.3066385497725,41.3857745451807],[-81.306658545841,41.3853654709359],[-81.3083044869122,41.3854084485482],[-81.3083546965576,41.3854097595246],[-81.3083500111088,41.3855112197607],[-81.3083357120637,41.3858208660448],[-81.3083029497759,41.385819972359],[-81.3066385497725,41.3857745451807]]]},"properties":{"source_county":"Geauga","jurisdiction":"Bainbridge Township","parcel_id":"02-337700","owner_name":"KDDS PROPERTIES LLC","property_address":"17785 SNYDER RD","property_city":"CHAGRIN FALLS","property_zip":"44023"}},{"type":"Feature","geometry":{"type":"Polygon","coordinates":[[[-81.3221164898093,41.3816461909201],[-81.3229683783535,41.381632577345],[-81.3229605991289,41.3826144122945],[-81.3229583026269,41.3826331318178],[-81.3229517992309,41.3826512817744],[-81.3229412796442,41.3826683299316],[-81.3229270523426,41.3826837763652],[-81.3229095345284,41.3826971681205],[-81.3228892398968,41.3827081124943],[-81.3228667635717,41.3827162885506],[-81.3228427646548,41.3827214565326],[-81.3228179468972,41.3827234648926],[-81.3221074750977,41.3827348140802],[-81.3221164898093,41.3816461909201]]]},"properties":{"source_county":"Geauga","jurisdiction":"Bainbridge Township","parcel_id":"02-340090","owner_name":"GHOLSON TINA PEERY","property_address":"17885 HASKINS RD","property_city":"CHAGRIN FALLS","property_zip":"44023"}},{"type":"Feature","geometry":{"type":"Polygon","coordinates":[[[-81.3083260527796,41.379634514269],[-81.308626698477,41.3796328146075],[-81.3086231883734,41.3797033358929],[-81.3085860682041,41.3804489832827],[-81.3083230060869,41.3804504699368],[-81.3070253410179,41.3804577968858],[-81.3070589517332,41.3797727877605],[-81.3070653868346,41.3796416324448],[-81.3083260527796,41.379634514269]]]},"properties":{"source_county":"Geauga","jurisdiction":"Bainbridge Township","parcel_id":"02-342270","owner_name":"ACKER MICHAEL T","property_address":"17981 SNYDER RD","property_city":"CHAGRIN FALLS","property_zip":"44023"}},{"type":"Feature","geometry":{"type":"Polygon","coordinates":[[[-81.3193940955131,41.375438517444],[-81.3231134177342,41.3753862364537],[-81.3231144297764,41.3756856238935],[-81.3231149682792,41.3758586290176],[-81.3193759402299,41.3759111317299],[-81.3184935708909,41.3759235038717],[-81.3184915776096,41.3754511856441],[-81.3193940955131,41.375438517444]]]},"properties":{"source_county":"Geauga","jurisdiction":"Bainbridge Township","parcel_id":"02-351400","owner_name":"MORRIS RHONDA JEAN","property_address":"18145 HASKINS RD","property_city":"CHAGRIN FALLS","property_zip":"44023"}},{"type":"Feature","geometry":{"type":"Polygon","coordinates":[[[-81.3194093210291,41.3750421624642],[-81.3231121208828,41.3749907722806],[-81.323113079192,41.3752739397833],[-81.3231134177342,41.3753862364537],[-81.3193940955131,41.375438517444],[-81.3184915776096,41.3754511856441],[-81.3178215497796,41.3754605863087],[-81.3178202814108,41.3750641800966],[-81.3194093210291,41.3750421624642]]]},"properties":{"source_county":"Geauga","jurisdiction":"Bainbridge Township","parcel_id":"02-351410","owner_name":"VILICS BRIAN M","property_address":" HASKINS RD","property_city":"CHAGRIN FALLS","property_zip":"44023"}},{"type":"Feature","geometry":{"type":"Polygon","coordinates":[[[-81.3119565442804,41.3962553757375],[-81.3119492778658,41.3953994680932],[-81.310318988911,41.3954252285759],[-81.3103243011921,41.3950641975754],[-81.3103269666412,41.3948830679991],[-81.3103323548488,41.3945168506967],[-81.3103504969229,41.3941053544492],[-81.3103686359266,41.3936939490765],[-81.3134627674407,41.3936634115995],[-81.3132901963068,41.3962411801242],[-81.3132901944277,41.396241217927],[-81.3132901700655,41.3962415733847],[-81.3130946780363,41.3962436368826],[-81.3119565466005,41.3962556441178],[-81.3119565454079,41.3962555117284],[-81.3119565442804,41.3962553757375]]]},"properties":{"source_county":"Geauga","jurisdiction":"Bainbridge Township","parcel_id":"02-352600","owner_name":"KOLTAS GREGORY W & LINDA","property_address":" SNYDER RD","property_city":"CHAGRIN FALLS","property_zip":"44023"}},{"type":"Feature","geometry":{"type":"Polygon","coordinates":[[[-81.3098602439294,41.3960992360392],[-81.3098687350317,41.3956843638223],[-81.3088480000532,41.3957084376998],[-81.3078675717507,41.3957315522917],[-81.3078809410916,41.3954504358551],[-81.310318988911,41.3954252285759],[-81.3119492778658,41.3953994680932],[-81.3119565442804,41.3962553757375],[-81.3119565454079,41.3962555117284],[-81.3119565466005,41.3962556441178],[-81.3118499556333,41.3962567686512],[-81.3112770076424,41.3962628087532],[-81.3111210612851,41.3962644517262],[-81.309856589731,41.3962777690886],[-81.3098565921133,41.3962776376364],[-81.3098602439294,41.3960992360392]]]},"properties":{"source_county":"Geauga","jurisdiction":"Bainbridge Township","parcel_id":"02-352700","owner_name":"KOLTAS GREGORY W & LINDA","property_address":"17410 SNYDER RD","property_city":"CHAGRIN FALLS","property_zip":"44023"}},{"type":"Feature","geometry":{"type":"Polygon","coordinates":[[[-81.3237608254235,41.3919581346588],[-81.3244871252354,41.3915384588846],[-81.3245318064762,41.3915414763023],[-81.3245765617129,41.3915391628961],[-81.3246202763955,41.3915315762775],[-81.3246618618878,41.3915189053777],[-81.3247002825786,41.3915014657429],[-81.3247651528781,41.3919507833865],[-81.3237608254235,41.3919581346588]]]},"properties":{"source_county":"Geauga","jurisdiction":"Bainbridge Township","parcel_id":"02-358290","owner_name":"SYSLO JEFFREY C & SUREAU SOPHIE","property_address":"8896 SOUTHBROOK TRL","property_city":"CHAGRIN FALLS","property_zip":"44023"}},{"type":"Feature","geometry":{"type":"Polygon","coordinates":[[[-81.3083036204318,41.3865158344801],[-81.310100457741,41.3864883202227],[-81.310120919768,41.3880883151132],[-81.3082303389415,41.3881027379976],[-81.3082722446671,41.3871953003573],[-81.3083036204318,41.3865158344801]]]},"properties":{"source_county":"Geauga","jurisdiction":"Bainbridge Township","parcel_id":"02-359200","owner_name":"AUSTIN ROBERT J & CARMEN M CO TRUSTEES","property_address":" BAINBRIDGE RD","property_city":"CHAGRIN FALLS","property_zip":"44023"}},{"type":"Feature","geometry":{"type":"Polygon","coordinates":[[[-81.3083927850268,41.3845848757061],[-81.3084066068553,41.3842855543697],[-81.3089285878845,41.3843506765452],[-81.3091591698483,41.384309892968],[-81.3105791661349,41.3844870356527],[-81.3107590244263,41.3845929300066],[-81.3110465146433,41.3845453301844],[-81.3133929913442,41.3848379989197],[-81.3133850017127,41.3855284218636],[-81.3083500111088,41.3855112197607],[-81.3083546965576,41.3854097595246],[-81.3083736939492,41.3849983243977],[-81.3083927850268,41.3845848757061]]]},"properties":{"source_county":"Geauga","jurisdiction":"Bainbridge Township","parcel_id":"02-359300","owner_name":"AUSTIN ROBERT J & CARMEN M CO TRUSTEES","property_address":"17790 SNYDER RD","property_city":"AUBURN TOWNSHIP","property_zip":"44023"}},{"type":"Feature","geometry":{"type":"Polygon","coordinates":[[[-81.3193206153165,41.3799246639713],[-81.3230916609308,41.3798698945023],[-81.323084234738,41.3808075851392],[-81.319364978554,41.3808667840683],[-81.3193144214947,41.3806887636933],[-81.3193182933806,41.3802112189533],[-81.3193206153165,41.3799246639713]]]},"properties":{"source_county":"Geauga","jurisdiction":"Bainbridge Township","parcel_id":"02-363300","owner_name":"JUNG PAUL & ALLISON B","property_address":"17969 HASKINS RD","property_city":"CHAGRIN FALLS","property_zip":"44023"}},{"type":"Feature","geometry":{"type":"Polygon","coordinates":[[[-81.3232084077221,41.3789742527646],[-81.3242789217145,41.3789842482379],[-81.3242781562548,41.3790811192305],[-81.324275667121,41.3793959265114],[-81.3232048141015,41.3793859276316],[-81.3232084077221,41.3789742527646]]]},"properties":{"source_county":"Geauga","jurisdiction":"Bainbridge Township","parcel_id":"02-365000","owner_name":"CREGAR JAMES B & HEIDI HENRY","property_address":"18010 HASKINS RD","property_city":"CHAGRIN FALLS","property_zip":"44023"}},{"type":"Feature","geometry":{"type":"Polygon","coordinates":[[[-81.3243948119678,41.3993499713147],[-81.3250184674185,41.3995657010172],[-81.3249154766471,41.3997944325839],[-81.3242486357583,41.399674647813],[-81.3242911706742,41.3995648792746],[-81.3243399260655,41.3994565871901],[-81.3243948119678,41.3993499713147]]]},"properties":{"source_county":"Geauga","jurisdiction":"Bainbridge Township","parcel_id":"02-371800","owner_name":"MARTIN PAUL GEORGE TOD & DIANE PATRICIA TOD","property_address":"17266 LONG MEADOW TRL","property_city":"CHAGRIN FALLS","property_zip":"44023"}},{"type":"Feature","geometry":{"type":"Polygon","coordinates":[[[-81.323113079192,41.3752739397833],[-81.3248092571521,41.3752685035541],[-81.3248105622131,41.3756749730157],[-81.3231144297764,41.3756856238935],[-81.3231134177342,41.3753862364537],[-81.323113079192,41.3752739397833]]]},"properties":{"source_county":"Geauga","jurisdiction":"Bainbridge Township","parcel_id":"02-373200","owner_name":"TRUMBLAK ANDY","property_address":" HASKINS RD","property_city":"CHAGRIN FALLS","property_zip":"44023"}},{"type":"Feature","geometry":{"type":"Polygon","coordinates":[[[-81.32311172961,41.3748622673445],[-81.3248079508959,41.3748620349364],[-81.3248092571521,41.3752685035541],[-81.323113079192,41.3752739397833],[-81.3231121208828,41.3749907722806],[-81.32311172961,41.3748622673445]]]},"properties":{"source_county":"Geauga","jurisdiction":"Bainbridge Township","parcel_id":"02-373300","owner_name":"TRUMBLAK ANDY","property_address":"18166 HASKINS RD","property_city":"CHAGRIN FALLS","property_zip":"44023"}},{"type":"Feature","geometry":{"type":"Polygon","coordinates":[[[-81.3193759402299,41.3759111317299],[-81.3231149682792,41.3758586290176],[-81.3231161247421,41.3762023400996],[-81.3231163177244,41.3762703112505],[-81.3208818653078,41.3763017014324],[-81.3193601287656,41.3763227040848],[-81.3193498109703,41.3763228465169],[-81.3178243842405,41.3763444118302],[-81.3178230660735,41.375932900626],[-81.3184935708909,41.3759235038717],[-81.3193759402299,41.3759111317299]]]},"properties":{"source_county":"Geauga","jurisdiction":"Bainbridge Township","parcel_id":"02-380750","owner_name":"DAVIDSON STUART J TOD & ELIZABETH J TOD","property_address":"18135 HASKINS RD","property_city":"CHAGRIN FALLS","property_zip":"44023"}},{"type":"Feature","geometry":{"type":"Polygon","coordinates":[[[-81.3069133126685,41.3971876683694],[-81.307846570206,41.3971851177807],[-81.3078489260439,41.3975340064989],[-81.3078499977691,41.3976928251865],[-81.3069158176833,41.3976953339544],[-81.3069133126685,41.3971876683694]]]},"properties":{"source_county":"Geauga","jurisdiction":"Bainbridge Township","parcel_id":"02-381200","owner_name":"WILSON LUTHER TOD","property_address":"17339 SNYDER RD","property_city":"CHAGRIN FALLS","property_zip":"44023"}},{"type":"Feature","geometry":{"type":"Polygon","coordinates":[[[-81.3239616878111,41.3906540787745],[-81.3239762127019,41.3906370865873],[-81.3243728109644,41.3911514822021],[-81.32433810921,41.3911728364717],[-81.3243082950103,41.3911980322118],[-81.3242841093041,41.3912264432656],[-81.3242661531555,41.3912573635698],[-81.324254872815,41.3912900247009],[-81.3236211394671,41.391052487256],[-81.3239616878111,41.3906540787745]]]},"properties":{"source_county":"Geauga","jurisdiction":"Bainbridge Township","parcel_id":"02-385608","owner_name":"TAYLOR PAUL E","property_address":"8905 SOUTHBROOK TRL","property_city":"CHAGRIN FALLS","property_zip":"44023"}},{"type":"Feature","geometry":{"type":"Polygon","coordinates":[[[-81.3156494411231,41.3997277178191],[-81.3176056644441,41.3993450428838],[-81.317615599695,41.4002616917196],[-81.3160902609975,41.4002710925684],[-81.3156716651041,41.3997560837364],[-81.3156494411231,41.3997277178191]]]},"properties":{"source_county":"Geauga","jurisdiction":"Bainbridge Township","parcel_id":"02-386724","owner_name":"KALE GREGORY AKA GREGORY A & VICTORIA AKA VICTORIA M","property_address":"17244 BITTERSWEET TRL","property_city":"CHAGRIN FALLS","property_zip":"44023"}},{"type":"Feature","geometry":{"type":"Polygon","coordinates":[[[-81.3153908216685,41.3991914909806],[-81.3175982159122,41.3986578033262],[-81.3176056644441,41.3993450428838],[-81.3156494411231,41.3997277178191],[-81.3156064684131,41.3996659299508],[-81.3155692296419,41.3996020668617],[-81.3155379004463,41.3995364297911],[-81.3153908216685,41.3991914909806]]]},"properties":{"source_county":"Geauga","jurisdiction":"Bainbridge Township","parcel_id":"02-386725","owner_name":"SNAVELY STEPHANIE A & CLIFFORD","property_address":"17282 BITTERSWEET TRL","property_city":"CHAGRIN FALLS","property_zip":"44023"}},{"type":"Feature","geometry":{"type":"Polygon","coordinates":[[[-81.3151679775387,41.398668856324],[-81.3175919838259,41.3980828110553],[-81.3175982159122,41.3986578033262],[-81.3153908216685,41.3991914909806],[-81.3151679775387,41.398668856324]]]},"properties":{"source_county":"Geauga","jurisdiction":"Bainbridge Township","parcel_id":"02-386726","owner_name":"ZARANEC JOHN M & SARA E","property_address":"17310 BITTERSWEET TRL","property_city":"CHAGRIN FALLS","property_zip":"44023"}},{"type":"Feature","geometry":{"type":"Polygon","coordinates":[[[-81.3149562792562,41.3981723531173],[-81.3175860644203,41.3975365540052],[-81.3175919838259,41.3980828110553],[-81.3151679775387,41.398668856324],[-81.3149562792562,41.3981723531173]]]},"properties":{"source_county":"Geauga","jurisdiction":"Bainbridge Township","parcel_id":"02-386727","owner_name":"HOLTREY DEBBIE","property_address":"17332 BITTERSWEET TRL","property_city":"CHAGRIN FALLS","property_zip":"44023"}},{"type":"Feature","geometry":{"type":"Polygon","coordinates":[[[-81.3148718747462,41.3979386418055],[-81.3175766262255,41.3966657372269],[-81.3175860644203,41.3975365540052],[-81.3149562792562,41.3981723531173],[-81.3148774412613,41.3979874486499],[-81.3148723397077,41.3979714514101],[-81.3148704702092,41.3979550597611],[-81.3148718747462,41.3979386418055]]]},"properties":{"source_county":"Geauga","jurisdiction":"Bainbridge Township","parcel_id":"02-386728","owner_name":"MILNER NANCY TOD","property_address":"17350 BITTERSWEET TRL","property_city":"CHAGRIN FALLS","property_zip":"44023"}},{"type":"Feature","geometry":{"type":"Polygon","coordinates":[[[-81.3166889591615,41.3962056435898],[-81.3175715322267,41.3961956628465],[-81.3175766262255,41.3966657372269],[-81.3148718747462,41.3979386418055],[-81.314876751838,41.3979219924033],[-81.3148849936458,41.3979061123728],[-81.3148964013902,41.3978913847111],[-81.3149176818128,41.3978639387545],[-81.3149330977082,41.3978343533171],[-81.3149422816015,41.3978033336545],[-81.3149450145767,41.3977716192108],[-81.3149412314948,41.3977399659903],[-81.3149310225457,41.3977091285378],[-81.3149146310969,41.3976798419501],[-81.3148924478922,41.3976528043545],[-81.3166889591615,41.3962056435898]]]},"properties":{"source_county":"Geauga","jurisdiction":"Bainbridge Township","parcel_id":"02-386729","owner_name":"TUTOR STEPHEN JAMES JR & PHILLIPS REITHA R","property_address":"17370 BITTERSWEET TRL","property_city":"CHAGRIN FALLS","property_zip":"44023"}},{"type":"Feature","geometry":{"type":"Polygon","coordinates":[[[-81.3149621021834,41.3962239117888],[-81.3166889591615,41.3962056435898],[-81.3148924478922,41.3976528043545],[-81.3148639453878,41.3976278693355],[-81.3148305312252,41.397606671992],[-81.3147930589499,41.397589753795],[-81.3147524857666,41.3975775469079],[-81.3147098480886,41.3975703631463],[-81.3149621021834,41.3962239117888]]]},"properties":{"source_county":"Geauga","jurisdiction":"Bainbridge Township","parcel_id":"02-386731","owner_name":"OZSOYOGLU GULTEKIN & ZEHRA MERAL CO TRUSTEES","property_address":"17380 BITTERSWEET TRL","property_city":"CHAGRIN FALLS","property_zip":"44023"}},{"type":"Feature","geometry":{"type":"Polygon","coordinates":[[[-81.3145040877726,41.397611558927],[-81.3140559200097,41.3969518255383],[-81.3132922641917,41.3967187811982],[-81.3130946780363,41.3962436368826],[-81.3132901700655,41.3962415733847],[-81.3149621021834,41.3962239117888],[-81.3147098480886,41.3975703631463],[-81.3146662346807,41.3975683864046],[-81.3146227600887,41.3975716669412],[-81.3145805348819,41.397580120954],[-81.3145406377147,41.3975935324829],[-81.3145040877726,41.397611558927]]]},"properties":{"source_county":"Geauga","jurisdiction":"Bainbridge Township","parcel_id":"02-386732","owner_name":"BEHM DANIEL K & BRITTANY B","property_address":"17390 BITTERSWEET TRL","property_city":"CHAGRIN FALLS","property_zip":"44023"}},{"type":"Feature","geometry":{"type":"Polygon","coordinates":[[[-81.3119565466005,41.3962556441178],[-81.3130946780363,41.3962436368826],[-81.3132922641917,41.3967187811982],[-81.3140559200097,41.3969518255383],[-81.3145040877726,41.397611558927],[-81.3144718188195,41.3976337395183],[-81.3144446550733,41.3976595079299],[-81.3144232904557,41.3976882058911],[-81.3144082707481,41.3977191002933],[-81.3143999796485,41.397751401917],[-81.3118533836583,41.3968972311565],[-81.3118499556333,41.3962567686512],[-81.3119565466005,41.3962556441178]]]},"properties":{"source_county":"Geauga","jurisdiction":"Bainbridge Township","parcel_id":"02-386733","owner_name":"SHEPHERD JOHN E TOD & KIM M TOD","property_address":"17385 BITTERSWEET TRL","property_city":"CHAGRIN FALLS","property_zip":"44023"}},{"type":"Feature","geometry":{"type":"Polygon","coordinates":[[[-81.311859501029,41.3980399978509],[-81.3118533836583,41.3968972311565],[-81.3143999796485,41.397751401917],[-81.3143986287626,41.3977842856896],[-81.3144042528847,41.3978169114946],[-81.3144167083504,41.3978484458666],[-81.3144356769789,41.3978780832219],[-81.3144606742014,41.397905066437],[-81.311859501029,41.3980399978509]]]},"properties":{"source_county":"Geauga","jurisdiction":"Bainbridge Township","parcel_id":"02-386734","owner_name":"COMELLA CHRISTOPHER & CARLY","property_address":"17345 BITTERSWEET TRL","property_city":"CHAGRIN FALLS","property_zip":"44023"}},{"type":"Feature","geometry":{"type":"Polygon","coordinates":[[[-81.311859501029,41.3980399978509],[-81.3144606742014,41.397905066437],[-81.3144858848653,41.3979251871185],[-81.3145144508377,41.3979425807388],[-81.314545856203,41.3979569331593],[-81.3145795337636,41.3979679851667],[-81.3145998451056,41.3979748174072],[-81.3146185395852,41.3979838968989],[-81.3146351819743,41.3979950122615],[-81.3146493848191,41.3980079047175],[-81.3146608174605,41.3980222741165],[-81.3146692137321,41.3980377859231],[-81.3147369101546,41.3981965594689],[-81.3118640561627,41.3988909665157],[-81.311859501029,41.3980399978509]]]},"properties":{"source_county":"Geauga","jurisdiction":"Bainbridge Township","parcel_id":"02-386735","owner_name":"STOVSKY BETSY H TRUSTEE","property_address":"17325 BITTERSWEET TRL","property_city":"CHAGRIN FALLS","property_zip":"44023"}},{"type":"Feature","geometry":{"type":"Polygon","coordinates":[[[-81.3118640561627,41.3988909665157],[-81.3147369101546,41.3981965594689],[-81.3149374644708,41.3986669311225],[-81.3127580016666,41.3991937584789],[-81.3118668299963,41.3994091603491],[-81.3118640561627,41.3988909665157]]]},"properties":{"source_county":"Geauga","jurisdiction":"Bainbridge Township","parcel_id":"02-386736","owner_name":"MCHALE SUZANNE L","property_address":"17305 BITTERSWEET TRL","property_city":"CHAGRIN FALLS","property_zip":"44023"}},{"type":"Feature","geometry":{"type":"Polygon","coordinates":[[[-81.3127580016666,41.3991937584789],[-81.3149374644708,41.3986669311225],[-81.3151658786378,41.3992026321919],[-81.3129037678613,41.3997465607239],[-81.3127580016666,41.3991937584789]]]},"properties":{"source_county":"Geauga","jurisdiction":"Bainbridge Township","parcel_id":"02-386737","owner_name":"MC ELLEN JOHN J & KATHLEEN A","property_address":"17293 BITTERSWEET TRL","property_city":"CHAGRIN FALLS","property_zip":"44023"}},{"type":"Feature","geometry":{"type":"Polygon","coordinates":[[[-81.3129037678613,41.3997465607239],[-81.3151658786378,41.3992026321919],[-81.3153296696913,41.3995867691427],[-81.3153653400532,41.3996610713431],[-81.3154072569902,41.3997335009264],[-81.3154552484232,41.3998037605163],[-81.3155091173306,41.3998715616452],[-81.3150174107834,41.4000242407748],[-81.3136411326946,41.3999990025353],[-81.3129670739022,41.3999866355005],[-81.3129037678613,41.3997465607239]]]},"properties":{"source_county":"Geauga","jurisdiction":"Bainbridge Township","parcel_id":"02-386738","owner_name":"CELLURA RON & JANNINE T","property_address":"17273 BITTERSWEET TRL","property_city":"CHAGRIN FALLS","property_zip":"44023"}},{"type":"Feature","geometry":{"type":"Polygon","coordinates":[[[-81.3143921423308,41.3756425926476],[-81.3163862623387,41.3756299598226],[-81.3163806276927,41.3763648045281],[-81.3163779841475,41.3766890725366],[-81.314376130781,41.376737573694],[-81.3143823620681,41.3763114537432],[-81.3143884626358,41.3758942278389],[-81.3143921423308,41.3756425926476]]]},"properties":{"source_county":"Geauga","jurisdiction":"Bainbridge Township","parcel_id":"02-391101","owner_name":"SCHNEIDER THEODORE R III & JESSICA","property_address":"18125 HARVEST DR","property_city":"CHAGRIN FALLS","property_zip":"44023"}},{"type":"Feature","geometry":{"type":"Polygon","coordinates":[[[-81.3044220128369,41.3993250891167],[-81.3044164897681,41.398426099551],[-81.3044220616298,41.398428207565],[-81.304946553516,41.398626635616],[-81.3049676111269,41.4020665248299],[-81.3044388617479,41.4020696079635],[-81.3044220128369,41.3993250891167]]]},"properties":{"source_county":"Geauga","jurisdiction":"Bainbridge Township","parcel_id":"02-392250","owner_name":"PLATFORM PROPERTIES LLC","property_address":"9450 WASHINGTON ST","property_city":"CHAGRIN FALLS","property_zip":"44023"}},{"type":"Feature","geometry":{"type":"Polygon","coordinates":[[[-81.3044422051044,41.3971943844126],[-81.3059006972212,41.3971904261772],[-81.3058712782173,41.3989764720251],[-81.3058323184887,41.3989617330747],[-81.304946553516,41.398626635616],[-81.3044220616298,41.398428207565],[-81.3044422051044,41.3971943844126]]]},"properties":{"source_county":"Geauga","jurisdiction":"Bainbridge Township","parcel_id":"02-394100","owner_name":"VORTEX LAND DEVELOPMENT LLC","property_address":"9451 WASHINGTON ST","property_city":"CHAGRIN FALLS","property_zip":"44023"}},{"type":"Feature","geometry":{"type":"Polygon","coordinates":[[[-81.3240070948599,41.3852681113239],[-81.3238632701208,41.3852502439102],[-81.3238092845533,41.385295660229],[-81.3237048119997,41.3853835475896],[-81.3232495868114,41.3853288855534],[-81.3232497717593,41.3852993420663],[-81.3232523414666,41.3848876250307],[-81.3248839701384,41.3848767573278],[-81.3248807180303,41.3852884916861],[-81.3248788149568,41.3855293891998],[-81.3240823439248,41.3854304506077],[-81.3240192140432,41.3852942560061],[-81.3240070948599,41.3852681113239]]]},"properties":{"source_county":"Geauga","jurisdiction":"Bainbridge Township","parcel_id":"02-394140","owner_name":"JEFFERSON RUTH E TRUSTEE","property_address":"17790 HASKINS RD","property_city":"CHAGRIN FALLS","property_zip":"44023"}},{"type":"Feature","geometry":{"type":"Polygon","coordinates":[[[-81.3230323145987,41.3912913823439],[-81.3230318074647,41.3910114724464],[-81.3234830543656,41.3912140308548],[-81.323481084518,41.3915296501731],[-81.3237608254235,41.3919581346588],[-81.3229746470957,41.3919638826756],[-81.322858832998,41.3919647290156],[-81.3230327279725,41.3915779254331],[-81.3230323145987,41.3912913823439]]]},"properties":{"source_county":"Geauga","jurisdiction":"Bainbridge Township","parcel_id":"02-394500","owner_name":"TANGLEWOOD LAKE ASSOCIATION","property_address":" HASKINS RD","property_city":"CHAGRIN FALLS","property_zip":"44023"}},{"type":"Feature","geometry":{"type":"Polygon","coordinates":[[[-81.3232976177397,41.3861707487427],[-81.3232977382123,41.3861554815475],[-81.3236564605791,41.3861610632391],[-81.324599026641,41.3861757242918],[-81.3251231259188,41.3862382650443],[-81.3260603917797,41.3863501036737],[-81.3260584910798,41.3867315947694],[-81.32512925324,41.3867225371927],[-81.3250269359242,41.3867215395847],[-81.3236938187377,41.3867085302558],[-81.3232748754228,41.3867044395032],[-81.3232956495861,41.3864190911196],[-81.3232976177397,41.3861707487427]]]},"properties":{"source_county":"Geauga","jurisdiction":"Bainbridge Township","parcel_id":"02-395100","owner_name":"STEWART KARMA & MATTHEW D & MELISSA & ROBINS MATTHEW","property_address":"17784 HASKINS RD","property_city":"CHAGRIN FALLS","property_zip":"44023"}},{"type":"Feature","geometry":{"type":"Polygon","coordinates":[[[-81.3083182869647,41.381713817284],[-81.3085254049771,41.381712646464],[-81.3085120563953,41.3820017581793],[-81.308504742045,41.3821601742396],[-81.3083166158978,41.3821612027985],[-81.3069413751922,41.3821689662671],[-81.3069633347996,41.3817214664305],[-81.3083182869647,41.381713817284]]]},"properties":{"source_county":"Geauga","jurisdiction":"Bainbridge Township","parcel_id":"02-399400","owner_name":"STONEYBROOK FARM 5555 LLC","property_address":"17911 SNYDER RD","property_city":"CHAGRIN FALLS","property_zip":"44023"}},{"type":"Feature","geometry":{"type":"Polygon","coordinates":[[[-81.3163641495513,41.3881464237204],[-81.3179154173559,41.388133926029],[-81.317920607472,41.3901491501573],[-81.3169501710955,41.3905693297654],[-81.3166510373005,41.3903959759337],[-81.3165633962953,41.3903410167055],[-81.3164816518748,41.39028112565],[-81.3164062920772,41.3902166603466],[-81.3163377668178,41.3901480056842],[-81.3162764852025,41.3900755715631],[-81.3162228130853,41.3899997904471],[-81.316177070885,41.3899211147819],[-81.3161395316722,41.3898400142929],[-81.3161104195397,41.3897569731812],[-81.3160899082653,41.3896724872324],[-81.3160781202749,41.389587060856],[-81.3160751259125,41.3895012040748],[-81.3160809430208,41.3894154294788],[-81.3162205179143,41.3882463692371],[-81.3162245747341,41.3882287150756],[-81.3162323905498,41.3882117929597],[-81.3162437571891,41.3881960535997],[-81.3162583719061,41.3881819162039],[-81.3162758454452,41.3881697573127],[-81.3162957124087,41.3881599007704],[-81.3163174436521,41.3881526090995],[-81.3163404603779,41.3881480765087],[-81.3163641495513,41.3881464237204]]]},"properties":{"source_county":"Geauga","jurisdiction":"Bainbridge Township","parcel_id":"02-399821","owner_name":"TOUZALIN ROBERT H & EATON SUSAN L","property_address":"17675 STOCKTON LN","property_city":"CHAGRIN FALLS","property_zip":"44023"}},{"type":"Feature","geometry":{"type":"Polygon","coordinates":[[[-81.3169501710955,41.3905693297654],[-81.317920607472,41.3901491501573],[-81.3179215230768,41.3905046789805],[-81.3198966699111,41.3904894659304],[-81.3180237468494,41.3914525710286],[-81.3179982807142,41.3914274270332],[-81.3179679925149,41.391405523683],[-81.3179335997269,41.3913873798277],[-81.3178959170536,41.3913734252611],[-81.3178558371278,41.3913639905404],[-81.3178143093672,41.3913592991563],[-81.3177696350052,41.3913540359077],[-81.3177267241687,41.3913432983962],[-81.317686751163,41.3913273804667],[-81.3176508098943,41.3913067177321],[-81.3176198839326,41.3912818756519],[-81.317594819596,41.3912535340579],[-81.3175763027896,41.3912224685485],[-81.3175326389492,41.3911372835558],[-81.317481531737,41.3910544799324],[-81.3174232085331,41.3909744260335],[-81.3173649001453,41.3909039601448],[-81.3173009864651,41.3908363071991],[-81.3172317060733,41.3907717197174],[-81.3172100371878,41.3907529007456],[-81.3171288169462,41.3906874678268],[-81.317042070272,41.3906261894546],[-81.3169501710955,41.3905693297654]]]},"properties":{"source_county":"Geauga","jurisdiction":"Bainbridge Township","parcel_id":"02-399822","owner_name":"ARCH JOHN & RUTLEDGE MELINDA","property_address":"17591 STOCKTON LN","property_city":"CHAGRIN FALLS","property_zip":"44023"}},{"type":"Feature","geometry":{"type":"Polygon","coordinates":[[[-81.3180237468494,41.3914525710286],[-81.3198966699111,41.3904894659304],[-81.3198983635409,41.3913127885111],[-81.3199004094407,41.3923399807586],[-81.3180376323813,41.3916585719711],[-81.3180536036114,41.3916301693557],[-81.3180637423079,41.3916002850987],[-81.3180678194942,41.3915695941431],[-81.3180657430947,41.3915387896501],[-81.3180575600138,41.3915085673443],[-81.3180434550756,41.3914796098007],[-81.3180237468494,41.3914525710286]]]},"properties":{"source_county":"Geauga","jurisdiction":"Bainbridge Township","parcel_id":"02-399823","owner_name":"LATTIMORE MARSHON DEMOND","property_address":"17565 STOCKTON LN","property_city":"CHAGRIN FALLS","property_zip":"44023"}},{"type":"Feature","geometry":{"type":"Polygon","coordinates":[[[-81.3180376323813,41.3916585719711],[-81.3199004094407,41.3923399807586],[-81.3199007381595,41.3924885923458],[-81.3199020741841,41.3931497425252],[-81.3180180146809,41.3931690902278],[-81.3178231178444,41.3917692506486],[-81.3178674663538,41.3917629620318],[-81.3179098280495,41.3917512469794],[-81.3179490407224,41.3917344268986],[-81.3179840285604,41.3917129632548],[-81.318013831664,41.3916874449109],[-81.3180376323813,41.3916585719711]]]},"properties":{"source_county":"Geauga","jurisdiction":"Bainbridge Township","parcel_id":"02-399824","owner_name":"CATLIN DONALD R AKA & DONALD ROBERT ETAL TRUSTEES","property_address":"17531 STOCKTON LN","property_city":"CHAGRIN FALLS","property_zip":"44023"}},{"type":"Feature","geometry":{"type":"Polygon","coordinates":[[[-81.3149793352571,41.3932002301144],[-81.3175390259734,41.3916375337021],[-81.3175582505844,41.3916680219175],[-81.3175838441079,41.3916957285989],[-81.3176151158958,41.3917199060661],[-81.3176512220664,41.391739901876],[-81.3176911882765,41.3917551764296],[-81.3177339360146,41.3917653175334],[-81.3177783117063,41.3917700515229],[-81.3178231178444,41.3917692506486],[-81.3180180146809,41.3931690902278],[-81.3149793352571,41.3932002301144]]]},"properties":{"source_county":"Geauga","jurisdiction":"Bainbridge Township","parcel_id":"02-399825","owner_name":"STOCKTON LANE INVESTMENTS LLC","property_address":"17550 STOCKTON LN","property_city":"CHAGRIN FALLS","property_zip":"44023"}},{"type":"Feature","geometry":{"type":"Polygon","coordinates":[[[-81.3160089186332,41.3915869842954],[-81.3171754082306,41.3909873717567],[-81.3172333244292,41.3910561420188],[-81.3172852210278,41.3911275858538],[-81.3173308812554,41.3912014048697],[-81.317370114386,41.3912772907533],[-81.3175390259734,41.3916375337021],[-81.3149793352571,41.3932002301144],[-81.3134927826928,41.3932154347462],[-81.3135173218251,41.3928484697652],[-81.3135376775429,41.3925443906338],[-81.3160089186332,41.3915869842954]]]},"properties":{"source_county":"Geauga","jurisdiction":"Bainbridge Township","parcel_id":"02-399826","owner_name":"REFLECTIONS FARM LLC","property_address":"17568 STOCKTON LN","property_city":"CHAGRIN FALLS","property_zip":"44023"}},{"type":"Feature","geometry":{"type":"Polygon","coordinates":[[[-81.314616826823,41.3913417712155],[-81.3165233283918,41.3905297542783],[-81.3168113069904,41.3906965872176],[-81.3168936775264,41.3907475160807],[-81.3169715787355,41.3908022881159],[-81.3170446949885,41.3908606814138],[-81.3171127300405,41.3909224593926],[-81.3171754082306,41.3909873717567],[-81.3160089186332,41.3915869842954],[-81.3135376775429,41.3925443906338],[-81.3136168272996,41.3913619859795],[-81.3138230837127,41.3913578176094],[-81.314616826823,41.3913417712155]]]},"properties":{"source_county":"Geauga","jurisdiction":"Bainbridge Township","parcel_id":"02-399827","owner_name":"BOWLUS MITCHELL D","property_address":"17596 STOCKTON LN","property_city":"CHAGRIN FALLS","property_zip":"44023"}},{"type":"Feature","geometry":{"type":"Polygon","coordinates":[[[-81.3145967244455,41.3899442955231],[-81.3158876758379,41.3897590970449],[-81.3159155968055,41.3898494120994],[-81.3159521534353,41.3899379617115],[-81.3159971527123,41.3900242782655],[-81.3160503570347,41.3901079059363],[-81.3161114854678,41.3901884030971],[-81.3161802152273,41.3902653446508],[-81.3162561833833,41.3903383242762],[-81.3163389887766,41.3904069565729],[-81.3164281941369,41.3904708790978],[-81.3165233283918,41.3905297542783],[-81.314616826823,41.3913417712155],[-81.3145967244455,41.3899442955231]]]},"properties":{"source_county":"Geauga","jurisdiction":"Bainbridge Township","parcel_id":"02-399828","owner_name":"MCFARLAND KATHLEEN A TRUSTEE","property_address":"17616 STOCKTON LN","property_city":"CHAGRIN FALLS","property_zip":"44023"}},{"type":"Feature","geometry":{"type":"Polygon","coordinates":[[[-81.3158513854718,41.3881505505832],[-81.31587565378,41.3881518848313],[-81.3158992893029,41.3881562405382],[-81.3159216334984,41.3881634963432],[-81.3159420638033,41.3881734500825],[-81.3159600109792,41.3881858244209],[-81.3159749749731,41.3882002745795],[-81.3159865388496,41.3882163979415],[-81.315994380408,41.3882337452708],[-81.3159982811602,41.3882518332278],[-81.3159981324184,41.3882701578368],[-81.3158631549618,41.3894006827056],[-81.31585664776,41.3894905520406],[-81.3158585789087,41.3895805431304],[-81.3158689388117,41.3896702071853],[-81.3158876758379,41.3897590970449],[-81.3145967244455,41.3899442955231],[-81.3145701309776,41.3881608519152],[-81.3158513854718,41.3881505505832]]]},"properties":{"source_county":"Geauga","jurisdiction":"Bainbridge Township","parcel_id":"02-399829","owner_name":"KU RAYMOND & PANTEL KU MELISSA","property_address":"17666 STOCKTON LN","property_city":"CHAGRIN FALLS","property_zip":"44023"}},{"type":"Feature","geometry":{"type":"Polygon","coordinates":[[[-81.3078405866418,41.3962989740931],[-81.3078675717507,41.3957315522917],[-81.3088480000532,41.3957084376998],[-81.3088395025159,41.3961233089387],[-81.3098602439294,41.3960992360392],[-81.3098565921133,41.3962776376364],[-81.309856589731,41.3962777690886],[-81.3094281191653,41.3962822795746],[-81.3078434657768,41.3962989433944],[-81.3078419765634,41.3962989595835],[-81.3078405866418,41.3962989740931]]]},"properties":{"source_county":"Geauga","jurisdiction":"Bainbridge Township","parcel_id":"02-411550","owner_name":"FEEMAN KEVIN S & MELISSA J","property_address":"17406 SNYDER RD","property_city":"CHAGRIN FALLS","property_zip":"44023"}},{"type":"Feature","geometry":{"type":"Polygon","coordinates":[[[-81.3240813415908,41.3902342263899],[-81.3239681779009,41.3901820607009],[-81.3239525485013,41.3902008382188],[-81.3238811496902,41.3901680337136],[-81.3239277274333,41.3901112090434],[-81.3239946078757,41.3901419090367],[-81.3239769203881,41.3901628305201],[-81.3239922882514,41.3901696765824],[-81.3240211753707,41.3901339444265],[-81.3241461142549,41.3901915787455],[-81.3241030314567,41.3902442254326],[-81.3240813415908,41.3902342263899]]]},"properties":{"source_county":"Geauga","jurisdiction":"Bainbridge Township","parcel_id":"02-413350","owner_name":"MARKS SHELLY","property_address":"17606 EAST BROOK TRL","property_city":"CHAGRIN FALLS","property_zip":"44023"}},{"type":"Feature","geometry":{"type":"Polygon","coordinates":[[[-81.3066965360696,41.3845405846328],[-81.3067155754717,41.3841271319245],[-81.3072408200064,41.3841408499625],[-81.3082639725345,41.3842678499618],[-81.3082861367107,41.3845820923876],[-81.3066965360696,41.3845405846328]]]},"properties":{"source_county":"Geauga","jurisdiction":"Bainbridge Township","parcel_id":"02-415600","owner_name":"COLLINS RANDY E","property_address":"17829 SNYDER RD","property_city":"CHAGRIN FALLS","property_zip":"44023"}},{"type":"Feature","geometry":{"type":"Polygon","coordinates":[[[-81.3134235092789,41.3817846540572],[-81.314024937193,41.3817751384114],[-81.3140131861471,41.3828637846757],[-81.3134130164923,41.3828733213585],[-81.3134102249887,41.3828733656952],[-81.3134221790896,41.381891512446],[-81.3134235092789,41.3817846540572]]]},"properties":{"source_county":"Geauga","jurisdiction":"Bainbridge Township","parcel_id":"02-416640","owner_name":"ZHAO YANPING & XIE XU","property_address":"9201 OLD MEADOW DR","property_city":"CHAGRIN FALLS","property_zip":"44023"}},{"type":"Feature","geometry":{"type":"Polygon","coordinates":[[[-81.314024937193,41.3817751384114],[-81.3146260679038,41.3817655814806],[-81.3146143268549,41.3828542260079],[-81.3140131861471,41.3828637846757],[-81.314024937193,41.3817751384114]]]},"properties":{"source_county":"Geauga","jurisdiction":"Bainbridge Township","parcel_id":"02-416641","owner_name":"HARRIS PATRICK S & AMANDA S","property_address":"9189 OLD MEADOW DR","property_city":"CHAGRIN FALLS","property_zip":"44023"}},{"type":"Feature","geometry":{"type":"Polygon","coordinates":[[[-81.3146260679038,41.3817655814806],[-81.3152271972442,41.3817560214169],[-81.3152154661922,41.3828446642073],[-81.3146143268549,41.3828542260079],[-81.3146260679038,41.3817655814806]]]},"properties":{"source_county":"Geauga","jurisdiction":"Bainbridge Township","parcel_id":"02-416642","owner_name":"LAZANICH GEORGE W & DONNA M","property_address":"9177 OLD MEADOW DR","property_city":"CHAGRIN FALLS","property_zip":"44023"}},{"type":"Feature","geometry":{"type":"Polygon","coordinates":[[[-81.3152271972442,41.3817560214169],[-81.3158283264259,41.3817464573323],[-81.3158166053546,41.3828350992859],[-81.3152154661922,41.3828446642073],[-81.3152271972442,41.3817560214169]]]},"properties":{"source_county":"Geauga","jurisdiction":"Bainbridge Township","parcel_id":"02-416643","owner_name":"FISHER EMILY SUSANNE TRUSTEE","property_address":"9155 OLD MEADOW DR","property_city":"CHAGRIN FALLS","property_zip":"44023"}},{"type":"Feature","geometry":{"type":"Polygon","coordinates":[[[-81.3158283264259,41.3817464573323],[-81.3164294554163,41.3817368910273],[-81.3164177443256,41.3828255321442],[-81.3158166053546,41.3828350992859],[-81.3158283264259,41.3817464573323]]]},"properties":{"source_county":"Geauga","jurisdiction":"Bainbridge Township","parcel_id":"02-416644","owner_name":"SWOPE CHRISTOPHER P & BARBRA A","property_address":"9133 OLD MEADOW DR","property_city":"CHAGRIN FALLS","property_zip":"44023"}},{"type":"Feature","geometry":{"type":"Polygon","coordinates":[[[-81.3022518175528,41.3989766016681],[-81.302250198149,41.3976043273284],[-81.3032939750773,41.3980009644362],[-81.3035016088556,41.3980798641589],[-81.303525925029,41.4020749244283],[-81.3022554928968,41.4020823116123],[-81.3022535026275,41.4004037658998],[-81.3022518175528,41.3989766016681]]]},"properties":{"source_county":"Geauga","jurisdiction":"Bainbridge Township","parcel_id":"02-417500","owner_name":"FLANAGAN JANET A TRUSTEE","property_address":"9536 WASHINGTON ST","property_city":"CHAGRIN FALLS","property_zip":"44023"}},{"type":"Feature","geometry":{"type":"Polygon","coordinates":[[[-81.3241860944687,41.3899817382194],[-81.3241788645266,41.3899784058108],[-81.3241648980614,41.3899950759034],[-81.3240862767864,41.3899585951869],[-81.3241244860057,41.3899111202619],[-81.3241958834474,41.3899439255077],[-81.3241996043617,41.3899396740865],[-81.3242556340419,41.3899656323597],[-81.3242519131298,41.3899698837826],[-81.3243142709752,41.3899986510754],[-81.3243049548936,41.3900100507964],[-81.3243275526927,41.3900202301155],[-81.3242895230652,41.3900671630115],[-81.3241639791432,41.3900089985953],[-81.3241860944687,41.3899817382194]]]},"properties":{"source_county":"Geauga","jurisdiction":"Bainbridge Township","parcel_id":"02-417660","owner_name":"ELIAS FRED B TOD","property_address":"17620 EAST BROOK TRL","property_city":"CHAGRIN FALLS","property_zip":"44023"}},{"type":"Feature","geometry":{"type":"Polygon","coordinates":[[[-81.3231656977493,41.3998144123098],[-81.323166054128,41.3997672330428],[-81.3239743921537,41.3998393886761],[-81.3239626673926,41.3998883688195],[-81.3231656977493,41.3998144123098]]]},"properties":{"source_county":"Geauga","jurisdiction":"Bainbridge Township","parcel_id":"02-419330","owner_name":"HORSCHLER DAVID E & CATHERINE A TRUSTEES","property_address":" LONG MEADOW TRL","property_city":"CHAGRIN FALLS","property_zip":"44023"}},{"type":"Feature","geometry":{"type":"Polygon","coordinates":[[[-81.324274895593,41.3794935367649],[-81.3255642907697,41.3795062325242],[-81.3255380559763,41.3799201891723],[-81.3248400329202,41.3799053433682],[-81.3242717342979,41.3798932533231],[-81.3242724112913,41.3798076047271],[-81.324274895593,41.3794935367649]]]},"properties":{"source_county":"Geauga","jurisdiction":"Bainbridge Township","parcel_id":"02-419370","owner_name":"SCHMIDT JOSEPH F & HOLLACE R","property_address":"17991 MILLSTONE RD","property_city":"CHAGRIN FALLS","property_zip":"44023"}},{"type":"Feature","geometry":{"type":"Polygon","coordinates":[[[-81.3134216273781,41.3812402724536],[-81.3165581460214,41.3812549685834],[-81.3166166284561,41.3813122131113],[-81.3166811639505,41.3813656409135],[-81.3169419866474,41.3815644708505],[-81.3170017065316,41.3816145224033],[-81.3170548935971,41.3816685925053],[-81.317101073797,41.3817261992562],[-81.3170305854269,41.3817273216141],[-81.3164294554163,41.3817368910273],[-81.3158283264259,41.3817464573323],[-81.3152271972442,41.3817560214169],[-81.3146260679038,41.3817655814806],[-81.314024937193,41.3817751384114],[-81.3134235092789,41.3817846540572],[-81.3134216273781,41.3812402724536]]]},"properties":{"source_county":"Geauga","jurisdiction":"Bainbridge Township","parcel_id":"02-419401","owner_name":"HRYB KATHLEEN TOD","property_address":"17931 HARVEST DR","property_city":"CHAGRIN FALLS","property_zip":"44023"}},{"type":"Feature","geometry":{"type":"Polygon","coordinates":[[[-81.3134200617433,41.380787393136],[-81.3163469703252,41.3808011329689],[-81.3163561123734,41.380870363547],[-81.316372508782,41.3809388308826],[-81.3163960564717,41.3810061044495],[-81.3164266073948,41.3810717612267],[-81.3164639694648,41.381135388358],[-81.3165079077643,41.3811965857493],[-81.3165581460214,41.3812549685834],[-81.3134216273781,41.3812402724536],[-81.3134200617433,41.380787393136]]]},"properties":{"source_county":"Geauga","jurisdiction":"Bainbridge Township","parcel_id":"02-419402","owner_name":"DI SANTO KATHLEEN A","property_address":"17947 HARVEST DR","property_city":"CHAGRIN FALLS","property_zip":"44023"}},{"type":"Feature","geometry":{"type":"Polygon","coordinates":[[[-81.3134184968214,41.3803345416867],[-81.3163481417584,41.3803503044106],[-81.3163449195721,41.3807456781819],[-81.3163469703252,41.3808011329689],[-81.3134200617433,41.380787393136],[-81.3134184968214,41.3803345416867]]]},"properties":{"source_county":"Geauga","jurisdiction":"Bainbridge Township","parcel_id":"02-419403","owner_name":"WHITELY DANIEL J & KATHLEEN MARY","property_address":"17965 HARVEST DR","property_city":"CHAGRIN FALLS","property_zip":"44023"}},{"type":"Feature","geometry":{"type":"Polygon","coordinates":[[[-81.3134169307256,41.3798816901697],[-81.3163518328001,41.3798974600564],[-81.3163481417584,41.3803503044106],[-81.3134184968214,41.3803345416867],[-81.3134169307256,41.3798816901697]]]},"properties":{"source_county":"Geauga","jurisdiction":"Bainbridge Township","parcel_id":"02-419404","owner_name":"WENGRYNIUK GEORGE & KATHY L","property_address":"17981 HARVEST DR","property_city":"CHAGRIN FALLS","property_zip":"44023"}},{"type":"Feature","geometry":{"type":"Polygon","coordinates":[[[-81.3134157262202,41.3794288774235],[-81.3163555250026,41.3794446147587],[-81.3163518328001,41.3798974600564],[-81.3134169307256,41.3798816901697],[-81.3134157262202,41.3794288774235]]]},"properties":{"source_county":"Geauga","jurisdiction":"Bainbridge Township","parcel_id":"02-419405","owner_name":"BENANDER ALAN C & MARIA P","property_address":"17999 HARVEST DR","property_city":"CHAGRIN FALLS","property_zip":"44023"}},{"type":"Feature","geometry":{"type":"Polygon","coordinates":[[[-81.3134159751284,41.3789760236841],[-81.3163592159425,41.3789917702939],[-81.3163555250026,41.3794446147587],[-81.3134157262202,41.3794288774235],[-81.3134159751284,41.3789760236841]]]},"properties":{"source_county":"Geauga","jurisdiction":"Bainbridge Township","parcel_id":"02-419406","owner_name":"TANNER MARC T & GREEN KIMBERLY N","property_address":"18015 HARVEST DR","property_city":"CHAGRIN FALLS","property_zip":"44023"}},{"type":"Feature","geometry":{"type":"Polygon","coordinates":[[[-81.3134162228215,41.3785231707775],[-81.3163629068315,41.3785389257738],[-81.3163592159425,41.3789917702939],[-81.3134159751284,41.3789760236841],[-81.3134162228215,41.3785231707775]]]},"properties":{"source_county":"Geauga","jurisdiction":"Bainbridge Township","parcel_id":"02-419407","owner_name":"MEASURES WILLIAM D & CHERIANNE","property_address":"18031 HARVEST DR","property_city":"CHAGRIN FALLS","property_zip":"44023"}},{"type":"Feature","geometry":{"type":"Polygon","coordinates":[[[-81.3134164717067,41.378070317828],[-81.3163665976696,41.3780860811984],[-81.3163629068315,41.3785389257738],[-81.3134162228215,41.3785231707775],[-81.3134164717067,41.378070317828]]]},"properties":{"source_county":"Geauga","jurisdiction":"Bainbridge Township","parcel_id":"02-419408","owner_name":"KOSLA CHARLES M","property_address":"18045 HARVEST DR","property_city":"CHAGRIN FALLS","property_zip":"44023"}},{"type":"Feature","geometry":{"type":"Polygon","coordinates":[[[-81.3134166911028,41.3776175086471],[-81.3163702896522,41.3776332365799],[-81.3163665976696,41.3780860811984],[-81.3134164717067,41.378070317828],[-81.3134166911028,41.3776175086471]]]},"properties":{"source_county":"Geauga","jurisdiction":"Bainbridge Township","parcel_id":"02-419409","owner_name":"PRIJATEL GAIL R","property_address":"18063 HARVEST DR","property_city":"CHAGRIN FALLS","property_zip":"44023"}},{"type":"Feature","geometry":{"type":"Polygon","coordinates":[[[-81.3134176752345,41.3771646568189],[-81.3163739803886,41.3771803918941],[-81.3163702896522,41.3776332365799],[-81.3134166911028,41.3776175086471],[-81.3134176752345,41.3771646568189]]]},"properties":{"source_county":"Geauga","jurisdiction":"Bainbridge Township","parcel_id":"02-419410","owner_name":"RUESTER ROBERT D & GAIL D","property_address":"18081 HARVEST DR","property_city":"CHAGRIN FALLS","property_zip":"44023"}},{"type":"Feature","geometry":{"type":"Polygon","coordinates":[[[-81.3163779841475,41.3766890725366],[-81.3163739803886,41.3771803918941],[-81.313417675202,41.3771646586196],[-81.313417166222,41.3767528330768],[-81.314376130781,41.376737573694],[-81.3163779841475,41.3766890725366]]]},"properties":{"source_county":"Geauga","jurisdiction":"Bainbridge Township","parcel_id":"02-419411","owner_name":"MASTROPIERI PAUL P & CAROLYN M","property_address":"18105 HARVEST DR","property_city":"CHAGRIN FALLS","property_zip":"44023"}},{"type":"Feature","geometry":{"type":"Polygon","coordinates":[[[-81.3178243842405,41.3763444118302],[-81.3193498109703,41.3763228465169],[-81.3193471174331,41.3766551682682],[-81.3193470532893,41.3766630607501],[-81.3193470497852,41.3766635217852],[-81.3193453890776,41.3768684012891],[-81.3165951872679,41.3768557312315],[-81.3165965604686,41.3766871959038],[-81.3165965665761,41.3766865250719],[-81.3165992127654,41.3763617185795],[-81.3178243842405,41.3763444118302]]]},"properties":{"source_county":"Geauga","jurisdiction":"Bainbridge Township","parcel_id":"02-419412","owner_name":"RACHOW ROBERT N","property_address":"18120 HARVEST DR","property_city":"CHAGRIN FALLS","property_zip":"44023"}},{"type":"Feature","geometry":{"type":"Polygon","coordinates":[[[-81.3165951872679,41.3768557312315],[-81.3193453890776,41.3768684012891],[-81.3193415187811,41.3773459464716],[-81.3165912969797,41.3773332763235],[-81.3165951872679,41.3768557312315]]]},"properties":{"source_county":"Geauga","jurisdiction":"Bainbridge Township","parcel_id":"02-419413","owner_name":"FLORIAN THOMAS S & KAREN M","property_address":"18088 HARVEST DR","property_city":"CHAGRIN FALLS","property_zip":"44023"}},{"type":"Feature","geometry":{"type":"Polygon","coordinates":[[[-81.3165912969797,41.3773332763235],[-81.3193415187811,41.3773459464716],[-81.3193408712221,41.3774258762028],[-81.3193376472166,41.3778234924809],[-81.3165874066348,41.3778108213541],[-81.3165912969797,41.3773332763235]]]},"properties":{"source_county":"Geauga","jurisdiction":"Bainbridge Township","parcel_id":"02-419414","owner_name":"WITCZAK KYLE","property_address":"18070 HARVEST DR","property_city":"CHAGRIN FALLS","property_zip":"44023"}},{"type":"Feature","geometry":{"type":"Polygon","coordinates":[[[-81.3165874066348,41.3778108213541],[-81.3193376472166,41.3778234924809],[-81.3193343827798,41.3782262827415],[-81.3193337768076,41.3783010375407],[-81.3165835150217,41.3782883672114],[-81.3165874066348,41.3778108213541]]]},"properties":{"source_county":"Geauga","jurisdiction":"Bainbridge Township","parcel_id":"02-419415","owner_name":"HALLISY PAUL C","property_address":"18052 HARVEST DR","property_city":"CHAGRIN FALLS","property_zip":"44023"}},{"type":"Feature","geometry":{"type":"Polygon","coordinates":[[[-81.3165835150217,41.3782883672114],[-81.3193337768076,41.3783010375407],[-81.3193299063422,41.3787785825389],[-81.3165796245638,41.3787659121191],[-81.3165835150217,41.3782883672114]]]},"properties":{"source_county":"Geauga","jurisdiction":"Bainbridge Township","parcel_id":"02-419416","owner_name":"BEAL EDWARD R TOD & CONNIE F TOD","property_address":"18038 HARVEST DR","property_city":"CHAGRIN FALLS","property_zip":"44023"}},{"type":"Feature","geometry":{"type":"Polygon","coordinates":[[[-81.3165796245638,41.3787659121191],[-81.3193299063422,41.3787785825389],[-81.3193282606598,41.3789816223011],[-81.3193260346089,41.3792561283639],[-81.316575734033,41.3792434578658],[-81.3165796245638,41.3787659121191]]]},"properties":{"source_county":"Geauga","jurisdiction":"Bainbridge Township","parcel_id":"02-419417","owner_name":"FLEMING MARK E TOD","property_address":"18024 HARVEST DR","property_city":"CHAGRIN FALLS","property_zip":"44023"}},{"type":"Feature","geometry":{"type":"Polygon","coordinates":[[[-81.316575734033,41.3792434578658],[-81.3193260346089,41.3792561283639],[-81.319322164031,41.3797336732392],[-81.3165718422664,41.3797210026383],[-81.316575734033,41.3792434578658]]]},"properties":{"source_county":"Geauga","jurisdiction":"Bainbridge Township","parcel_id":"02-419418","owner_name":"JERSON MARY ANNE & ALLAN S","property_address":"18004 HARVEST DR","property_city":"CHAGRIN FALLS","property_zip":"44023"}},{"type":"Feature","geometry":{"type":"Polygon","coordinates":[[[-81.3165718422664,41.3797210026383],[-81.319322164031,41.3797336732392],[-81.3193206153165,41.3799246639713],[-81.3193182933806,41.3802112189533],[-81.3165679516387,41.3801985473615],[-81.3165718422664,41.3797210026383]]]},"properties":{"source_county":"Geauga","jurisdiction":"Bainbridge Township","parcel_id":"02-419419","owner_name":"MOTYKA MATTHEW JOSEPH","property_address":"17986 HARVEST DR","property_city":"CHAGRIN FALLS","property_zip":"44023"}},{"type":"Feature","geometry":{"type":"Polygon","coordinates":[[[-81.3165679516387,41.3801985473615],[-81.3193182933806,41.3802112189533],[-81.3193144214947,41.3806887636933],[-81.3165640609382,41.3806760929235],[-81.3165679516387,41.3801985473615]]]},"properties":{"source_county":"Geauga","jurisdiction":"Bainbridge Township","parcel_id":"02-419420","owner_name":"MASSEE PATRICK & KELLY J L","property_address":"17970 HARVEST DR","property_city":"CHAGRIN FALLS","property_zip":"44023"}},{"type":"Feature","geometry":{"type":"Polygon","coordinates":[[[-81.3165640609382,41.3806760929235],[-81.3193144214947,41.3806887636933],[-81.319364978554,41.3808667840683],[-81.3194510085878,41.3811697099858],[-81.3167340279207,41.3811571865707],[-81.3166892112029,41.3811040112593],[-81.3166508030892,41.3810480633303],[-81.3166191035595,41.3809897797801],[-81.3165943601928,41.3809296158465],[-81.3165767662333,41.3808680414533],[-81.3165664590822,41.3808055375399],[-81.3165635192242,41.3807425923043],[-81.3165640609382,41.3806760929235]]]},"properties":{"source_county":"Geauga","jurisdiction":"Bainbridge Township","parcel_id":"02-419421","owner_name":"ORGOVAN TAMAS & GULYAS DOROTTYA ORGOVANNE","property_address":"17950 HARVEST DR","property_city":"CHAGRIN FALLS","property_zip":"44023"}},{"type":"Feature","geometry":{"type":"Polygon","coordinates":[[[-81.3167340279207,41.3811571865707],[-81.3194510085878,41.3811697099858],[-81.3195977495649,41.3816864051337],[-81.3195279968107,41.381687517599],[-81.318854005106,41.3816982649672],[-81.3182346605607,41.3817081379245],[-81.3176335320316,41.3817177172021],[-81.3173410406789,41.3817223765028],[-81.3173035905822,41.3816624053965],[-81.3172602378146,41.3816047341409],[-81.3172112296857,41.3815496917064],[-81.3171568457626,41.3814975920676],[-81.3170973962748,41.3814487324116],[-81.3168365747787,41.3812499019303],[-81.3167826904355,41.3812051823945],[-81.3167340279207,41.3811571865707]]]},"properties":{"source_county":"Geauga","jurisdiction":"Bainbridge Township","parcel_id":"02-419422","owner_name":"FINZEL PETER","property_address":"17934 HARVEST DR","property_city":"CHAGRIN FALLS","property_zip":"44023"}},{"type":"Feature","geometry":{"type":"Polygon","coordinates":[[[-81.3231751305816,41.3985646769637],[-81.3239040970298,41.3985677941381],[-81.323903791793,41.3986082749469],[-81.3237046872868,41.39902101941],[-81.3231727598752,41.3988788111258],[-81.3231751305816,41.3985646769637]]]},"properties":{"source_county":"Geauga","jurisdiction":"Bainbridge Township","parcel_id":"02-419435","owner_name":"MC GURK CLIFFORD E TOD","property_address":"17300 HASKINS RD","property_city":"CHAGRIN FALLS","property_zip":"44023"}},{"type":"Feature","geometry":{"type":"Polygon","coordinates":[[[-81.3231772027039,41.3982902257938],[-81.3239061661056,41.3982933429554],[-81.3239040970298,41.3985677941381],[-81.3231751305816,41.3985646769637],[-81.3231772027039,41.3982902257938]]]},"properties":{"source_county":"Geauga","jurisdiction":"Bainbridge Township","parcel_id":"02-419436","owner_name":"SAPIENZA ANTHONY A & LAURINE L TRUSTEES","property_address":"17310 HASKINS RD","property_city":"CHAGRIN FALLS","property_zip":"44023"}},{"type":"Feature","geometry":{"type":"Polygon","coordinates":[[[-81.3231792735969,41.3980157754914],[-81.3239082339523,41.3980188926402],[-81.3239061661056,41.3982933429554],[-81.3231772027039,41.3982902257938],[-81.3231792735969,41.3980157754914]]]},"properties":{"source_county":"Geauga","jurisdiction":"Bainbridge Township","parcel_id":"02-419437","owner_name":"VERMA INDRA","property_address":"17320 HASKINS RD","property_city":"CHAGRIN FALLS","property_zip":"44023"}},{"type":"Feature","geometry":{"type":"Polygon","coordinates":[[[-81.3231813444727,41.3977413251683],[-81.3239103029774,41.3977444423164],[-81.3239082339523,41.3980188926402],[-81.3231792735969,41.3980157754914],[-81.3231813444727,41.3977413251683]]]},"properties":{"source_county":"Geauga","jurisdiction":"Bainbridge Township","parcel_id":"02-419438","owner_name":"STIEFVATER ROBERT G JR & JANE H TRUSTEES","property_address":"17330 HASKINS RD","property_city":"CHAGRIN FALLS","property_zip":"44023"}},{"type":"Feature","geometry":{"type":"Polygon","coordinates":[[[-81.323183416543,41.3974668739362],[-81.3239123708057,41.3974699910593],[-81.3239103029774,41.3977444423164],[-81.3231813444727,41.3977413251683],[-81.323183416543,41.3974668739362]]]},"properties":{"source_county":"Geauga","jurisdiction":"Bainbridge Township","parcel_id":"02-419439","owner_name":"DIFINI JOSEPH S & MELISSA","property_address":"17340 HASKINS RD","property_city":"CHAGRIN FALLS","property_zip":"44023"}},{"type":"Feature","geometry":{"type":"Polygon","coordinates":[[[-81.3231854873841,41.3971924235715],[-81.3239144386005,41.3971955406819],[-81.3239123708057,41.3974699910593],[-81.323183416543,41.3974668739362],[-81.3231854873841,41.3971924235715]]]},"properties":{"source_county":"Geauga","jurisdiction":"Bainbridge Township","parcel_id":"02-419440","owner_name":"HARTMANS JENNIFER","property_address":"17350 HASKINS RD","property_city":"CHAGRIN FALLS","property_zip":"44023"}},{"type":"Feature","geometry":{"type":"Polygon","coordinates":[[[-81.3231875594037,41.3969179731983],[-81.3239165075738,41.3969210902959],[-81.3239144386005,41.3971955406819],[-81.3231854873841,41.3971924235715],[-81.3231875594037,41.3969179731983]]]},"properties":{"source_county":"Geauga","jurisdiction":"Bainbridge Township","parcel_id":"02-419441","owner_name":"KARFES IRENE M A TOD","property_address":"17360 HASKINS RD","property_city":"CHAGRIN FALLS","property_zip":"44023"}},{"type":"Feature","geometry":{"type":"Polygon","coordinates":[[[-81.3231919094071,41.3963416265246],[-81.3239208511801,41.3963447435954],[-81.3239185753502,41.3966466389766],[-81.3231896302102,41.3966435227922],[-81.3231919094071,41.3963416265246]]]},"properties":{"source_county":"Geauga","jurisdiction":"Bainbridge Township","parcel_id":"02-419442","owner_name":"HEITNER NATHAN A TRUSTEE","property_address":"17380 HASKINS RD","property_city":"CHAGRIN FALLS","property_zip":"44023"}},{"type":"Feature","geometry":{"type":"Polygon","coordinates":[[[-81.323200848702,41.395157014468],[-81.3239297773269,41.3951601314835],[-81.3239275027586,41.3954620278756],[-81.3235630439443,41.3954604695569],[-81.3231975348294,41.39559613564],[-81.323200848702,41.395157014468]]]},"properties":{"source_county":"Geauga","jurisdiction":"Bainbridge Township","parcel_id":"02-419443","owner_name":"TANGLEWOOD LAKE ASSOCIATION","property_address":" HASKINS RD","property_city":"CHAGRIN FALLS","property_zip":"44023"}},{"type":"Feature","geometry":{"type":"Polygon","coordinates":[[[-81.3232033349661,41.3948276740135],[-81.3239322599357,41.3948307910137],[-81.3239297773269,41.3951601314835],[-81.323200848702,41.395157014468],[-81.3232033349661,41.3948276740135]]]},"properties":{"source_county":"Geauga","jurisdiction":"Bainbridge Township","parcel_id":"02-419444","owner_name":"TANGLEWOOD LAKE ASSOCIATION","property_address":" HASKINS RD","property_city":"CHAGRIN FALLS","property_zip":"44023"}},{"type":"Feature","geometry":{"type":"Polygon","coordinates":[[[-81.3232062026883,41.3944476144889],[-81.3239351234397,41.3944507314714],[-81.3239322599357,41.3948307910137],[-81.3232033349661,41.3948276740135],[-81.3232062026883,41.3944476144889]]]},"properties":{"source_county":"Geauga","jurisdiction":"Bainbridge Township","parcel_id":"02-419445","owner_name":"TANGLEWOOD LAKE ASSOCIATION","property_address":" HASKINS RD","property_city":"CHAGRIN FALLS","property_zip":"44023"}},{"type":"Feature","geometry":{"type":"Polygon","coordinates":[[[-81.3232105577571,41.3938704993321],[-81.3231953064174,41.3938345503237],[-81.3239383419021,41.3940236708414],[-81.3239351234397,41.3944507314714],[-81.3232062026883,41.3944476144889],[-81.3232105577571,41.3938704993321]]]},"properties":{"source_county":"Geauga","jurisdiction":"Bainbridge Township","parcel_id":"02-419446","owner_name":"TANGLEWOOD LAKE ASSOCIATION","property_address":" HASKINS RD","property_city":"CHAGRIN FALLS","property_zip":"44023"}},{"type":"Feature","geometry":{"type":"Polygon","coordinates":[[[-81.3228430243827,41.3922566553032],[-81.3236339867667,41.3922507991484],[-81.3236375720881,41.392525240687],[-81.3227192173464,41.3925320397462],[-81.3228430243827,41.3922566553032]]]},"properties":{"source_county":"Geauga","jurisdiction":"Bainbridge Township","parcel_id":"02-419447","owner_name":"MEIER RICHARD J & MELISSA M","property_address":"17540 HASKINS RD","property_city":"CHAGRIN FALLS","property_zip":"44023"}},{"type":"Feature","geometry":{"type":"Polygon","coordinates":[[[-81.3229746470957,41.3919638826756],[-81.3237608254235,41.3919581346588],[-81.3236339867667,41.3922507991484],[-81.3228430243827,41.3922566553032],[-81.3229746470957,41.3919638826756]]]},"properties":{"source_county":"Geauga","jurisdiction":"Bainbridge Township","parcel_id":"02-419448","owner_name":"MEIER RICHARD J & MELISSA M","property_address":" HASKINS RD","property_city":"CHAGRIN FALLS","property_zip":"44023"}},{"type":"Feature","geometry":{"type":"Polygon","coordinates":[[[-81.3231896302102,41.3966435227922],[-81.3239185753502,41.3966466389766],[-81.3239165075738,41.3969210902959],[-81.3231875594037,41.3969179731983],[-81.3231896302102,41.3966435227922]]]},"properties":{"source_county":"Geauga","jurisdiction":"Bainbridge Township","parcel_id":"02-419470","owner_name":"MC ANDREWS DAVID E & SUSAN J","property_address":"17370 HASKINS RD","property_city":"CHAGRIN FALLS","property_zip":"44023"}},{"type":"Feature","geometry":{"type":"Polygon","coordinates":[[[-81.3231934178543,41.3961417328175],[-81.3231954640728,41.3958705870254],[-81.3235589042978,41.396009371428],[-81.3239233661743,41.3960109288592],[-81.3239224168653,41.3961368556349],[-81.3239224173031,41.3961368979639],[-81.3239208511801,41.3963447435954],[-81.3231919094071,41.3963416265246],[-81.3231934178543,41.3961417328175]]]},"properties":{"source_county":"Geauga","jurisdiction":"Bainbridge Township","parcel_id":"02-419471","owner_name":"KLAIBER PHILIP J & ELLEN R","property_address":"17390 HASKINS RD","property_city":"CHAGRIN FALLS","property_zip":"44023"}},{"type":"Feature","geometry":{"type":"Polygon","coordinates":[[[-81.319364978554,41.3808667840683],[-81.323084234738,41.3808075851392],[-81.3230777135507,41.3816308295359],[-81.3229683783535,41.381632577345],[-81.3221164898093,41.3816461909201],[-81.3215135408664,41.3816558222397],[-81.3208941970566,41.3816657130231],[-81.320220204539,41.3816764719325],[-81.3195977495649,41.3816864051337],[-81.3194510085878,41.3811697099858],[-81.319364978554,41.3808667840683]]]},"properties":{"source_county":"Geauga","jurisdiction":"Bainbridge Township","parcel_id":"02-419489","owner_name":"FALLS DREAM LLC","property_address":"17945 HASKINS RD","property_city":"CHAGRIN FALLS","property_zip":"44023"}},{"type":"Feature","geometry":{"type":"Polygon","coordinates":[[[-81.3244807078508,41.3889979716085],[-81.3245447225671,41.3889341185852],[-81.3246661831188,41.3890038003205],[-81.3246021684527,41.3890676534098],[-81.3244807078508,41.3889979716085]]]},"properties":{"source_county":"Geauga","jurisdiction":"Bainbridge Township","parcel_id":"02-419495","owner_name":"SZARAZ DAWN M","property_address":"8747 EAST BROOK CIR","property_city":"CHAGRIN FALLS","property_zip":"44023"}},{"type":"Feature","geometry":{"type":"Polygon","coordinates":[[[-81.3246021684527,41.3890676534098],[-81.3246661831188,41.3890038003205],[-81.3247876427489,41.3890734810147],[-81.3247236281168,41.3891373350703],[-81.3246021684527,41.3890676534098]]]},"properties":{"source_county":"Geauga","jurisdiction":"Bainbridge Township","parcel_id":"02-419496","owner_name":"WOLFRUM KERRI DAWN TRUSTEE","property_address":"8745 EAST BROOK CIR","property_city":"CHAGRIN FALLS","property_zip":"44023"}},{"type":"Feature","geometry":{"type":"Polygon","coordinates":[[[-81.3247236281168,41.3891373350703],[-81.3247876427489,41.3890734810147],[-81.3249091026205,41.3891431624805],[-81.3248450880547,41.3892070157016],[-81.3247236281168,41.3891373350703]]]},"properties":{"source_county":"Geauga","jurisdiction":"Bainbridge Township","parcel_id":"02-419497","owner_name":"MEDLAR DEBRA S TRUSTEE","property_address":"8743 EAST BROOK CIR","property_city":"CHAGRIN FALLS","property_zip":"44023"}},{"type":"Feature","geometry":{"type":"Polygon","coordinates":[[[-81.3248392861747,41.3895774427381],[-81.3248681397096,41.389548291969],[-81.3248654373125,41.3895465490461],[-81.324934102471,41.3894774245054],[-81.3250234104973,41.3895277370838],[-81.3250215546775,41.3895296057546],[-81.3250603484229,41.3895512715602],[-81.3250241554773,41.3895879591464],[-81.324986266614,41.3895666456105],[-81.3249272689458,41.3896261056863],[-81.3248392861747,41.3895774427381]]]},"properties":{"source_county":"Geauga","jurisdiction":"Bainbridge Township","parcel_id":"02-419498","owner_name":"LOVASZ JUDITH A","property_address":"17636 EAST BROOK TRL","property_city":"CHAGRIN FALLS","property_zip":"44023"}},{"type":"Feature","geometry":{"type":"Polygon","coordinates":[[[-81.32475214328,41.3896654843398],[-81.3248392861747,41.3895774427381],[-81.3249272689458,41.3896261056863],[-81.3248396539126,41.3897144064152],[-81.32475214328,41.3896654843398]]]},"properties":{"source_county":"Geauga","jurisdiction":"Bainbridge Township","parcel_id":"02-419499","owner_name":"KASSINGER NANCY L TOD","property_address":"17634 EAST BROOK TRL","property_city":"CHAGRIN FALLS","property_zip":"44023"}},{"type":"Feature","geometry":{"type":"Polygon","coordinates":[[[-81.324814011379,41.3888559367873],[-81.3248832126223,41.3887907638122],[-81.3250046526461,41.3888615310195],[-81.3249357551061,41.3889267080476],[-81.324814011379,41.3888559367873]]]},"properties":{"source_county":"Geauga","jurisdiction":"Bainbridge Township","parcel_id":"02-419501","owner_name":"JENKINS MARK & BARBARA","property_address":"8746 EAST BROOK CIR","property_city":"CHAGRIN FALLS","property_zip":"44023"}},{"type":"Feature","geometry":{"type":"Polygon","coordinates":[[[-81.3246922678981,41.3887851662981],[-81.3247617728601,41.3887199964763],[-81.3248832126223,41.3887907638122],[-81.324814011379,41.3888559367873],[-81.3246922678981,41.3887851662981]]]},"properties":{"source_county":"Geauga","jurisdiction":"Bainbridge Township","parcel_id":"02-419502","owner_name":"DE BACCO TERRY LEE & CHIACCHIARI MICHELLE LEE","property_address":"8748 EAST BROOK CIR","property_city":"CHAGRIN FALLS","property_zip":"44023"}},{"type":"Feature","geometry":{"type":"Polygon","coordinates":[[[-81.324213651277,41.3895622346579],[-81.3242405409342,41.3895362600662],[-81.3241638382152,41.3894916311089],[-81.3242299937245,41.3894272029488],[-81.3243451688617,41.3894942636979],[-81.3242783988166,41.3895592899353],[-81.3242756933722,41.3895577180672],[-81.3242497301106,41.3895828438721],[-81.324213651277,41.3895622346579]]]},"properties":{"source_county":"Geauga","jurisdiction":"Bainbridge Township","parcel_id":"02-419503","owner_name":"MORRISON GARY & KATHLEEN E","property_address":"8755 CONCORD CT","property_city":"CHAGRIN FALLS","property_zip":"44023"}},{"type":"Feature","geometry":{"type":"Polygon","coordinates":[[[-81.3241638382152,41.3894916311089],[-81.3240691990498,41.3894365656853],[-81.3240432234724,41.3894623775201],[-81.3240107520249,41.3894438634732],[-81.3240367122599,41.3894189087896],[-81.3240321970415,41.3894166332383],[-81.3240998812744,41.3893514453224],[-81.3242299937245,41.3894272029488],[-81.3241638382152,41.3894916311089]]]},"properties":{"source_county":"Geauga","jurisdiction":"Bainbridge Township","parcel_id":"02-419504","owner_name":"SILBERMAN DONNA M","property_address":"8757 CONCORD CT","property_city":"CHAGRIN FALLS","property_zip":"44023"}},{"type":"Feature","geometry":{"type":"Polygon","coordinates":[[[-81.324255451559,41.3892123529786],[-81.3243231507037,41.3891463077844],[-81.3244433893941,41.3892163195426],[-81.3243753866069,41.3892823626233],[-81.324255451559,41.3892123529786]]]},"properties":{"source_county":"Geauga","jurisdiction":"Bainbridge Township","parcel_id":"02-419505","owner_name":"ABAFFY KRISTINA","property_address":"8758 CONCORD CT","property_city":"CHAGRIN FALLS","property_zip":"44023"}},{"type":"Feature","geometry":{"type":"Polygon","coordinates":[[[-81.3243753866069,41.3892823626233],[-81.3244433893941,41.3892163195426],[-81.3245636295203,41.3892863320871],[-81.3244953219106,41.3893523721425],[-81.3243753866069,41.3892823626233]]]},"properties":{"source_county":"Geauga","jurisdiction":"Bainbridge Township","parcel_id":"02-419506","owner_name":"MCELHINNY MARY K","property_address":"8756 CONCORD CT","property_city":"CHAGRIN FALLS","property_zip":"44023"}},{"type":"Feature","geometry":{"type":"Polygon","coordinates":[[[-81.3244953219106,41.3893523721425],[-81.3245636295203,41.3892863320871],[-81.3246838687073,41.3893563444933],[-81.3246152586816,41.389422380648],[-81.3244953219106,41.3893523721425]]]},"properties":{"source_county":"Geauga","jurisdiction":"Bainbridge Township","parcel_id":"02-419507","owner_name":"TAYLOR JEFFREY R TOD","property_address":"8754 CONCORD CT","property_city":"CHAGRIN FALLS","property_zip":"44023"}},{"type":"Feature","geometry":{"type":"Polygon","coordinates":[[[-81.3244549078146,41.3881994858829],[-81.324608457212,41.3881986428131],[-81.324608798994,41.3882813721447],[-81.3244552500961,41.3882821764993],[-81.3244549078146,41.3881994858829]]]},"properties":{"source_county":"Geauga","jurisdiction":"Bainbridge Township","parcel_id":"02-419508","owner_name":"CRAEMER KIMBERLY MAE","property_address":"8758 EAST BROOK CIR","property_city":"CHAGRIN FALLS","property_zip":"44023"}},{"type":"Feature","geometry":{"type":"Polygon","coordinates":[[[-81.324608457212,41.3881986428131],[-81.3247620054099,41.3881977995277],[-81.3247624184579,41.3882805665016],[-81.3247450327231,41.3882806575141],[-81.324608798994,41.3882813721447],[-81.324608457212,41.3881986428131]]]},"properties":{"source_county":"Geauga","jurisdiction":"Bainbridge Township","parcel_id":"02-419509","owner_name":"GILL KATHLEEN A","property_address":"8756 EAST BROOK CIR","property_city":"CHAGRIN FALLS","property_zip":"44023"}},{"type":"Feature","geometry":{"type":"Polygon","coordinates":[[[-81.3247624184579,41.3882805665016],[-81.3248553815674,41.3882800789823],[-81.324856345752,41.3883943357112],[-81.3247463289835,41.3883949230192],[-81.3247450327231,41.3882806575141],[-81.3247624184579,41.3882805665016]]]},"properties":{"source_county":"Geauga","jurisdiction":"Bainbridge Township","parcel_id":"02-419510","owner_name":"SUFFRON LINDA JANE & JOHN MELVIN","property_address":"8754 EAST BROOK CIR","property_city":"CHAGRIN FALLS","property_zip":"44023"}},{"type":"Feature","geometry":{"type":"Polygon","coordinates":[[[-81.3247463289835,41.3883949230192],[-81.324856345752,41.3883943357112],[-81.3248573099401,41.3885085924366],[-81.3247476252323,41.3885091894212],[-81.3247463289835,41.3883949230192]]]},"properties":{"source_county":"Geauga","jurisdiction":"Bainbridge Township","parcel_id":"02-419511","owner_name":"MIOZZI MATTHEW & ASHLEY L","property_address":"8752 EAST BROOK CIR","property_city":"CHAGRIN FALLS","property_zip":"44023"}},{"type":"Feature","geometry":{"type":"Polygon","coordinates":[[[-81.3247476252323,41.3885091894212],[-81.3248573099401,41.3885085924366],[-81.3248582741315,41.3886228491585],[-81.3247489215017,41.3886234549191],[-81.3247476252323,41.3885091894212]]]},"properties":{"source_county":"Geauga","jurisdiction":"Bainbridge Township","parcel_id":"02-419512","owner_name":"DARRAH MARIANNE C","property_address":"8750 EAST BROOK CIR","property_city":"CHAGRIN FALLS","property_zip":"44023"}},{"type":"Feature","geometry":{"type":"Polygon","coordinates":[[[-81.3245328762579,41.3897996416022],[-81.324618426797,41.3897035837377],[-81.3247096367572,41.3897494555581],[-81.3246445476783,41.3898223903614],[-81.3246725441337,41.3898363985073],[-81.3246515119736,41.3898594762234],[-81.3245548160235,41.3898107066189],[-81.3245328762579,41.3897996416022]]]},"properties":{"source_county":"Geauga","jurisdiction":"Bainbridge Township","parcel_id":"02-419513","owner_name":"RUDDLE JAQUELINE & CONCILLA CAROLINE R","property_address":"17630 EAST BROOK TRL","property_city":"CHAGRIN FALLS","property_zip":"44023"}},{"type":"Feature","geometry":{"type":"Polygon","coordinates":[[[-81.3244457317841,41.3898829885224],[-81.3244624773132,41.3898637729064],[-81.324372531925,41.3898184018148],[-81.3244329499075,41.3897492424724],[-81.3245328762579,41.3897996416022],[-81.3245548160235,41.3898107066189],[-81.3244941056015,41.3898785041622],[-81.3244922958145,41.3898777995915],[-81.3244746269767,41.3898976920394],[-81.3244457317841,41.3898829885224]]]},"properties":{"source_county":"Geauga","jurisdiction":"Bainbridge Township","parcel_id":"02-419514","owner_name":"CRIDER STEFANI L","property_address":"17628 EAST BROOK TRL","property_city":"CHAGRIN FALLS","property_zip":"44023"}},{"type":"Feature","geometry":{"type":"Polygon","coordinates":[[[-81.324372531925,41.3898184018148],[-81.3242719350153,41.3897676580411],[-81.3242440452034,41.3897985969851],[-81.3242124415752,41.3897824935099],[-81.324238481704,41.3897530792934],[-81.3243104357761,41.3896874510286],[-81.3244329499075,41.3897492424724],[-81.324372531925,41.3898184018148]]]},"properties":{"source_county":"Geauga","jurisdiction":"Bainbridge Township","parcel_id":"02-419515","owner_name":"TOMARO MARGARET D TRUSTEE","property_address":"17626 EAST BROOK TRL","property_city":"CHAGRIN FALLS","property_zip":"44023"}},{"type":"Feature","geometry":{"type":"Polygon","coordinates":[[[-81.3243913303064,41.3886716333872],[-81.3245007888038,41.3886705292465],[-81.3245027380446,41.3887853011663],[-81.3243933759225,41.388786421598],[-81.3243913303064,41.3886716333872]]]},"properties":{"source_county":"Geauga","jurisdiction":"Bainbridge Township","parcel_id":"02-419516","owner_name":"SMITH ANNLOUISE HOLLY","property_address":"8749 EAST BROOK CIR","property_city":"CHAGRIN FALLS","property_zip":"44023"}},{"type":"Feature","geometry":{"type":"Polygon","coordinates":[[[-81.3244678515271,41.388556065025],[-81.3244988383904,41.3885557564106],[-81.3245007888038,41.3886705292465],[-81.3243913303064,41.3886716333872],[-81.3243892846974,41.3885568451728],[-81.3244678515271,41.388556065025]]]},"properties":{"source_county":"Geauga","jurisdiction":"Bainbridge Township","parcel_id":"02-419517","owner_name":"GURD ALAN R TOD & ELIZABETH RUTH KENNEDY AKA IMRIE RUTH TOD","property_address":"8751 EAST BROOK CIR","property_city":"CHAGRIN FALLS","property_zip":"44023"}},{"type":"Feature","geometry":{"type":"Polygon","coordinates":[[[-81.3243119464528,41.3884742310833],[-81.3244664185927,41.3884727113632],[-81.3244678515271,41.388556065025],[-81.3243892846974,41.3885568451728],[-81.3243134327495,41.3885575987985],[-81.3243119464528,41.3884742310833]]]},"properties":{"source_county":"Geauga","jurisdiction":"Bainbridge Township","parcel_id":"02-419518","owner_name":"BLAZEK SUSAN MARIE","property_address":"8759 EAST BROOK CIR","property_city":"CHAGRIN FALLS","property_zip":"44023"}},{"type":"Feature","geometry":{"type":"Polygon","coordinates":[[[-81.3241574743057,41.3884757505972],[-81.3243119464528,41.3884742310833],[-81.3243134327495,41.3885575987985],[-81.3241587149462,41.3885591365341],[-81.3241574743057,41.3884757505972]]]},"properties":{"source_county":"Geauga","jurisdiction":"Bainbridge Township","parcel_id":"02-419519","owner_name":"STOKES GEORGE G & MCGARRY SHEILA","property_address":"8761 EAST BROOK CIR","property_city":"CHAGRIN FALLS","property_zip":"44023"}},{"type":"Feature","geometry":{"type":"Polygon","coordinates":[[[-81.3237320730187,41.3893847647391],[-81.3238373934305,41.3893858344731],[-81.3238384609638,41.3894988963462],[-81.3237291099299,41.3894993300751],[-81.3237278882487,41.3894149150418],[-81.3237315323567,41.3894149520565],[-81.3237320730187,41.3893847647391]]]},"properties":{"source_county":"Geauga","jurisdiction":"Bainbridge Township","parcel_id":"02-419520","owner_name":"AMBROSE MICHAEL & DONNA & COMER OKEYLEEN B","property_address":"17645 NORTHAMPTON CT","property_city":"CHAGRIN FALLS","property_zip":"44023"}},{"type":"Feature","geometry":{"type":"Polygon","coordinates":[[[-81.3237998168116,41.389267190446],[-81.3238362711701,41.3892670816218],[-81.3238373934305,41.3893858344731],[-81.3237320730187,41.3893847647391],[-81.3237275178858,41.3893847184707],[-81.3237263392323,41.3892979012704],[-81.3237299863976,41.3892977672165],[-81.3237296191144,41.3892673986755],[-81.3237998168116,41.389267190446]]]},"properties":{"source_county":"Geauga","jurisdiction":"Bainbridge Township","parcel_id":"02-419521","owner_name":"SAMANO MICHAEL S","property_address":"17643 NORTHAMPTON CT","property_city":"CHAGRIN FALLS","property_zip":"44023"}},{"type":"Feature","geometry":{"type":"Polygon","coordinates":[[[-81.3237217150197,41.3891540944491],[-81.3237990807537,41.3891538518681],[-81.3237998168116,41.389267190446],[-81.3237296191144,41.3892673986755],[-81.323690435818,41.3892675157672],[-81.3236901405828,41.3891822519376],[-81.3236928736541,41.3891822796995],[-81.3236925744669,41.3891541856752],[-81.3237217150197,41.3891540944491]]]},"properties":{"source_county":"Geauga","jurisdiction":"Bainbridge Township","parcel_id":"02-419522","owner_name":"KELLIS AUGUSTINE MD & GEORGE J MD","property_address":"17641 NORTHAMPTON CT","property_city":"CHAGRIN FALLS","property_zip":"44023"}},{"type":"Feature","geometry":{"type":"Polygon","coordinates":[[[-81.3237659424936,41.3890708281516],[-81.3238789399662,41.3890702603293],[-81.3238787311012,41.3890819236123],[-81.3238765361708,41.3891536092458],[-81.3237990807537,41.3891538518681],[-81.3237217150197,41.3891540944491],[-81.3237212440461,41.3890736331347],[-81.3237658964241,41.3890734004844],[-81.3237659424936,41.3890708281516]]]},"properties":{"source_county":"Geauga","jurisdiction":"Bainbridge Township","parcel_id":"02-419523","owner_name":"WEISS MONETTE H TOD","property_address":"8780 EAST BROOK CIR","property_city":"CHAGRIN FALLS","property_zip":"44023"}},{"type":"Feature","geometry":{"type":"Polygon","coordinates":[[[-81.3239172649994,41.3891689481937],[-81.3239173387142,41.3891648317409],[-81.3238763303687,41.3891651014598],[-81.3238765361708,41.3891536092458],[-81.3238787311012,41.3890819236123],[-81.3240318255263,41.3890811622154],[-81.3240303559696,41.3891632346699],[-81.324030263835,41.389168380236],[-81.3239172649994,41.3891689481937]]]},"properties":{"source_county":"Geauga","jurisdiction":"Bainbridge Township","parcel_id":"02-419524","owner_name":"SHAW MARIE R TOD","property_address":"8782 EAST BROOK CIR","property_city":"CHAGRIN FALLS","property_zip":"44023"}},{"type":"Feature","geometry":{"type":"Polygon","coordinates":[[[-81.3240318255263,41.3890811622154],[-81.3241849187523,41.389080400604],[-81.3241852699027,41.389162577095],[-81.3240303559696,41.3891632346699],[-81.3240318255263,41.3890811622154]]]},"properties":{"source_county":"Geauga","jurisdiction":"Bainbridge Township","parcel_id":"02-419525","owner_name":"CIN BIL LIMITED PARTNERSHIP","property_address":"8784 EAST BROOK CIR","property_city":"CHAGRIN FALLS","property_zip":"44023"}},{"type":"Feature","geometry":{"type":"Polygon","coordinates":[[[-81.3081240551207,41.3903379869552],[-81.3101180857845,41.390353172129],[-81.3101184103007,41.3906164949166],[-81.3081107706119,41.3906173774535],[-81.3081240551207,41.3903379869552]]]},"properties":{"source_county":"Geauga","jurisdiction":"Bainbridge Township","parcel_id":"02-419536","owner_name":"ROTH CHRISTINE JANE TRUSTEE","property_address":" SNYDER RD","property_city":"CHAGRIN FALLS","property_zip":"44023"}},{"type":"Feature","geometry":{"type":"Polygon","coordinates":[[[-81.3120682959608,41.3928600034363],[-81.3135173218251,41.3928484697652],[-81.3134927826928,41.3932154347462],[-81.3134627674407,41.3936634115995],[-81.3103686359266,41.3936939490765],[-81.3100506734142,41.3936970861288],[-81.3100718964931,41.3932856493903],[-81.3100930445962,41.3928756959012],[-81.3104835383212,41.3928725959694],[-81.3120682959608,41.3928600034363]]]},"properties":{"source_county":"Geauga","jurisdiction":"Bainbridge Township","parcel_id":"02-419550","owner_name":"PFOUTS SHARON L TOD","property_address":" SNYDER RD","property_city":"CHAGRIN FALLS","property_zip":"44023"}},{"type":"Feature","geometry":{"type":"Polygon","coordinates":[[[-81.3241982742643,41.3882835136696],[-81.3241983141912,41.3882812834735],[-81.3241563984498,41.3882813729729],[-81.3241563510104,41.3881991995456],[-81.3243109559198,41.388198710688],[-81.3243112673164,41.3882831164941],[-81.3241982742643,41.3882835136696]]]},"properties":{"source_county":"Geauga","jurisdiction":"Bainbridge Township","parcel_id":"02-419552","owner_name":"TOUZALIN ROBERT H","property_address":"8760 EAST BROOK CIR","property_city":"CHAGRIN FALLS","property_zip":"44023"}},{"type":"Feature","geometry":{"type":"Polygon","coordinates":[[[-81.3240451936488,41.3882836747576],[-81.3240452305017,41.3882816165306],[-81.324002061756,41.3882816968522],[-81.3240017460985,41.3881996881967],[-81.3241563510104,41.3881991995456],[-81.3241563984498,41.3882813729729],[-81.3241563616005,41.3882834311998],[-81.3240451936488,41.3882836747576]]]},"properties":{"source_county":"Geauga","jurisdiction":"Bainbridge Township","parcel_id":"02-419553","owner_name":"HORVATH JILL A","property_address":"8762 EAST BROOK CIR","property_city":"CHAGRIN FALLS","property_zip":"44023"}},{"type":"Feature","geometry":{"type":"Polygon","coordinates":[[[-81.3238471399889,41.3882001766293],[-81.3240017460985,41.3881996881967],[-81.324002061756,41.3882816968522],[-81.3239595758161,41.3882817759871],[-81.3239595451032,41.3882834911762],[-81.3238474630758,41.3882838963609],[-81.3238471399889,41.3882001766293]]]},"properties":{"source_county":"Geauga","jurisdiction":"Bainbridge Township","parcel_id":"02-419554","owner_name":"SCHULER RONNA G","property_address":"8764 EAST BROOK CIR","property_city":"CHAGRIN FALLS","property_zip":"44023"}},{"type":"Feature","geometry":{"type":"Polygon","coordinates":[[[-81.3235559201724,41.3882057104166],[-81.3237094668684,41.388204954061],[-81.3237098020677,41.3882879877173],[-81.3235572713975,41.3882887543972],[-81.3235559201724,41.3882057104166]]]},"properties":{"source_county":"Geauga","jurisdiction":"Bainbridge Township","parcel_id":"02-419555","owner_name":"CHEUNG DAVID J & MACH ALEXANDRA L","property_address":"8766 EAST BROOK CIR","property_city":"CHAGRIN FALLS","property_zip":"44023"}},{"type":"Feature","geometry":{"type":"Polygon","coordinates":[[[-81.3234023734729,41.3882064665686],[-81.3235559201724,41.3882057104166],[-81.3235572713975,41.3882887543972],[-81.3234273117353,41.3882894071043],[-81.3234037242458,41.3882895249567],[-81.3234023734729,41.3882064665686]]]},"properties":{"source_county":"Geauga","jurisdiction":"Bainbridge Township","parcel_id":"02-419556","owner_name":"GOGLIN SANDRA L TOD","property_address":"8768 EAST BROOK CIR","property_city":"CHAGRIN FALLS","property_zip":"44023"}},{"type":"Feature","geometry":{"type":"Polygon","coordinates":[[[-81.3234037242458,41.3882895249567],[-81.3234273117353,41.3882894071043],[-81.3234277018866,41.3883693534195],[-81.3234231437597,41.3883694782078],[-81.3234234804235,41.3884036169479],[-81.3233168617148,41.3884041527738],[-81.3233162098741,41.3882899649172],[-81.3234037242458,41.3882895249567]]]},"properties":{"source_county":"Geauga","jurisdiction":"Bainbridge Township","parcel_id":"02-419557","owner_name":"GRAMPP RICHARD B SR","property_address":"8770 EAST BROOK CIR","property_city":"CHAGRIN FALLS","property_zip":"44023"}},{"type":"Feature","geometry":{"type":"Polygon","coordinates":[[[-81.323317512362,41.3885183406146],[-81.3233168617148,41.3884041527738],[-81.3234234804235,41.3884036169479],[-81.3234237919974,41.3884350178352],[-81.3234274360508,41.3884350548596],[-81.3234286880545,41.3885177547298],[-81.323317512362,41.3885183406146]]]},"properties":{"source_county":"Geauga","jurisdiction":"Bainbridge Township","parcel_id":"02-419558","owner_name":"MCKENNA ERIN","property_address":"8772 EAST BROOK CIR","property_city":"CHAGRIN FALLS","property_zip":"44023"}},{"type":"Feature","geometry":{"type":"Polygon","coordinates":[[[-81.3238691341219,41.3884729935684],[-81.3240217301564,41.3884745432886],[-81.3240202314368,41.3885582445107],[-81.323867635208,41.3885566947886],[-81.3238691341219,41.3884729935684]]]},"properties":{"source_county":"Geauga","jurisdiction":"Bainbridge Township","parcel_id":"02-419559","owner_name":"MURPHY ROBERT A TOD","property_address":"8763 EAST BROOK CIR","property_city":"CHAGRIN FALLS","property_zip":"44023"}},{"type":"Feature","geometry":{"type":"Polygon","coordinates":[[[-81.3237165392903,41.3884714436593],[-81.3238691341219,41.3884729935684],[-81.323867635208,41.3885566947886],[-81.3237888324026,41.3885558944118],[-81.323715040182,41.3885551448775],[-81.3237165392903,41.3884714436593]]]},"properties":{"source_county":"Geauga","jurisdiction":"Bainbridge Township","parcel_id":"02-419560","owner_name":"BARBER ELIZABETH D","property_address":"8765 EAST BROOK CIR","property_city":"CHAGRIN FALLS","property_zip":"44023"}},{"type":"Feature","geometry":{"type":"Polygon","coordinates":[[[-81.323715040182,41.3885551448775],[-81.3237888324026,41.3885558944118],[-81.3237868004294,41.3886693543807],[-81.3236820335159,41.3886682902112],[-81.3236840656701,41.3885548302441],[-81.323715040182,41.3885551448775]]]},"properties":{"source_county":"Geauga","jurisdiction":"Bainbridge Township","parcel_id":"02-419561","owner_name":"LINK JEFFERY A","property_address":"8773 EAST BROOK CIR","property_city":"CHAGRIN FALLS","property_zip":"44023"}},{"type":"Feature","geometry":{"type":"Polygon","coordinates":[[[-81.3236820335159,41.3886682902112],[-81.3237868004294,41.3886693543807],[-81.3237847684492,41.3887828143461],[-81.3236800013547,41.3887817501748],[-81.3236820335159,41.3886682902112]]]},"properties":{"source_county":"Geauga","jurisdiction":"Bainbridge Township","parcel_id":"02-419562","owner_name":"DE COURCEY DAVID F","property_address":"8775 EAST BROOK CIR","property_city":"CHAGRIN FALLS","property_zip":"44023"}},{"type":"Feature","geometry":{"type":"Polygon","coordinates":[[[-81.3233099166756,41.3886371481042],[-81.3234210833592,41.3886370763331],[-81.323421272944,41.3887572533769],[-81.3233104970862,41.3887573246188],[-81.3233099166756,41.3886371481042]]]},"properties":{"source_county":"Geauga","jurisdiction":"Bainbridge Township","parcel_id":"02-419563","owner_name":"DREES CONNIE K TOD","property_address":"8774 EAST BROOK CIR","property_city":"CHAGRIN FALLS","property_zip":"44023"}},{"type":"Feature","geometry":{"type":"Polygon","coordinates":[[[-81.3233104970862,41.3887573246188],[-81.323421272944,41.3887572533769],[-81.3234214533822,41.388870732216],[-81.3233329450313,41.3888775522262],[-81.3233110774829,41.3888775020298],[-81.3233104970862,41.3887573246188]]]},"properties":{"source_county":"Geauga","jurisdiction":"Bainbridge Township","parcel_id":"02-419564","owner_name":"LECHNER KAREN","property_address":"8776 EAST BROOK CIR","property_city":"CHAGRIN FALLS","property_zip":"44023"}},{"type":"Feature","geometry":{"type":"Polygon","coordinates":[[[-81.3234214533822,41.388870732216],[-81.3234387658315,41.3888707361117],[-81.3234393879492,41.3889885977888],[-81.3233327757918,41.3889887149611],[-81.3233329450313,41.3888775522262],[-81.3234214533822,41.388870732216]]]},"properties":{"source_county":"Geauga","jurisdiction":"Bainbridge Township","parcel_id":"02-419565","owner_name":"KORCYKOSKI MYRTLE PAULINE TOD","property_address":"8778 EAST BROOK CIR","property_city":"CHAGRIN FALLS","property_zip":"44023"}},{"type":"Feature","geometry":{"type":"Polygon","coordinates":[[[-81.3233087431176,41.3891603648435],[-81.3234208186294,41.3891604742988],[-81.3234205396931,41.3892777684865],[-81.3233086923352,41.3892776613512],[-81.3233087431176,41.3891603648435]]]},"properties":{"source_county":"Geauga","jurisdiction":"Bainbridge Township","parcel_id":"02-419566","owner_name":"PNC BANK N A TRUSTEE","property_address":"17640 NORTHAMPTON CT","property_city":"CHAGRIN FALLS","property_zip":"44023"}},{"type":"Feature","geometry":{"type":"Polygon","coordinates":[[[-81.3233086923352,41.3892776613512],[-81.3234205396931,41.3892777684865],[-81.3234202607397,41.3893950635707],[-81.3233086403409,41.3893949587434],[-81.3233086923352,41.3892776613512]]]},"properties":{"source_county":"Geauga","jurisdiction":"Bainbridge Township","parcel_id":"02-419567","owner_name":"KARIUS DIANA L TOD","property_address":"17642 NORTHAMPTON CT","property_city":"CHAGRIN FALLS","property_zip":"44023"}},{"type":"Feature","geometry":{"type":"Polygon","coordinates":[[[-81.3233086403409,41.3893949587434],[-81.3234202607397,41.3893950635707],[-81.3234199817853,41.3895123586512],[-81.323308589542,41.3895122561439],[-81.3233086403409,41.3893949587434]]]},"properties":{"source_county":"Geauga","jurisdiction":"Bainbridge Township","parcel_id":"02-419568","owner_name":"FRISA LYNDA","property_address":"17644 NORTHAMPTON CT","property_city":"CHAGRIN FALLS","property_zip":"44023"}},{"type":"Feature","geometry":{"type":"Polygon","coordinates":[[[-81.323308589542,41.3895122561439],[-81.3234199817853,41.3895123586512],[-81.323419702846,41.3896296528276],[-81.3233085375634,41.3896295526283],[-81.323308589542,41.3895122561439]]]},"properties":{"source_county":"Geauga","jurisdiction":"Bainbridge Township","parcel_id":"02-419569","owner_name":"HAGERTY JULIE A & CHARLES R","property_address":"17646 NORTHAMPTON CT","property_city":"CHAGRIN FALLS","property_zip":"44023"}},{"type":"Feature","geometry":{"type":"Polygon","coordinates":[[[-81.3238436313899,41.3888031409137],[-81.3239985374811,41.3888029409843],[-81.32399889146,41.3888849464133],[-81.3238439851915,41.3888851454428],[-81.3238436313899,41.3888031409137]]]},"properties":{"source_county":"Geauga","jurisdiction":"Bainbridge Township","parcel_id":"02-419570","owner_name":"IAMEC HOLDINGS LLC","property_address":"8781 EAST BROOK CIR","property_city":"CHAGRIN FALLS","property_zip":"44023"}},{"type":"Feature","geometry":{"type":"Polygon","coordinates":[[[-81.3239985374811,41.3888029409843],[-81.3241534423596,41.388802741736],[-81.3241537965481,41.3888847462642],[-81.32399889146,41.3888849464133],[-81.3239985374811,41.3888029409843]]]},"properties":{"source_county":"Geauga","jurisdiction":"Bainbridge Township","parcel_id":"02-419571","owner_name":"VECCHIARELLI MARY JOSEPHINE & NANCY ANN","property_address":"8783 EAST BROOK CIR","property_city":"CHAGRIN FALLS","property_zip":"44023"}},{"type":"Feature","geometry":{"type":"Polygon","coordinates":[[[-81.3241534423596,41.388802741736],[-81.3243083472534,41.3888025413801],[-81.3243087016191,41.3888845468082],[-81.3241537965481,41.3888847462642],[-81.3241534423596,41.388802741736]]]},"properties":{"source_county":"Geauga","jurisdiction":"Bainbridge Township","parcel_id":"02-419572","owner_name":"FORSBERG ERIC","property_address":"8785 EAST BROOK CIR","property_city":"CHAGRIN FALLS","property_zip":"44023"}},{"type":"Feature","geometry":{"type":"Polygon","coordinates":[[[-81.3208647495279,41.3766346002895],[-81.3213459100395,41.3766266327606],[-81.3213461436189,41.3766323381865],[-81.3213463696068,41.3766378670313],[-81.3213623691292,41.3770294311518],[-81.3213789915376,41.3774231385218],[-81.3193408712221,41.3774258762028],[-81.3193415187811,41.3773459464716],[-81.3193453890776,41.3768684012891],[-81.3193470497852,41.3766635217852],[-81.3193470532893,41.3766630607501],[-81.3204230688947,41.3766428851989],[-81.3208647495279,41.3766346002895]]]},"properties":{"source_county":"Geauga","jurisdiction":"Bainbridge Township","parcel_id":"02-419623","owner_name":"RIDGWAY SCOTT A & MARTINA M","property_address":" HASKINS RD","property_city":"CHAGRIN FALLS","property_zip":"44023"}},{"type":"Feature","geometry":{"type":"Polygon","coordinates":[[[-81.3193343827798,41.3782262827415],[-81.3231044590767,41.3782538707344],[-81.323099129702,41.3789268792419],[-81.3193282606598,41.3789816223011],[-81.3193299063422,41.3787785825389],[-81.3193337768076,41.3783010375407],[-81.3193343827798,41.3782262827415]]]},"properties":{"source_county":"Geauga","jurisdiction":"Bainbridge Township","parcel_id":"02-419638","owner_name":"NORTMANN CHARLES A TOD & MARY ANN TOD","property_address":"18035 HASKINS RD","property_city":"CHAGRIN FALLS","property_zip":"44023"}},{"type":"Feature","geometry":{"type":"Polygon","coordinates":[[[-81.3213789915376,41.3774231385218],[-81.3231111917372,41.3774037703907],[-81.3231044590767,41.3782538707344],[-81.3193343827798,41.3782262827415],[-81.3193376472166,41.3778234924809],[-81.3193408712221,41.3774258762028],[-81.3213789915376,41.3774231385218]]]},"properties":{"source_county":"Geauga","jurisdiction":"Bainbridge Township","parcel_id":"02-419645","owner_name":"CARDWELL JOHN G CYNTHIA R","property_address":"18055 HASKINS RD","property_city":"CHAGRIN FALLS","property_zip":"44023"}},{"type":"Feature","geometry":{"type":"Polygon","coordinates":[[[-81.3025344933039,41.3866002578569],[-81.3025716339431,41.3865562035212],[-81.3026202236061,41.386578219623],[-81.3026701642758,41.3865984485537],[-81.302720764164,41.3866167740479],[-81.3027724652205,41.3866332643988],[-81.3036452190767,41.3868937804337],[-81.30372528041,41.3869208489277],[-81.3038018208881,41.3869531820287],[-81.3038742316609,41.3869905225416],[-81.3039419367258,41.3870325734391],[-81.3040043975088,41.3870790002245],[-81.3040611171487,41.3871294335918],[-81.3041116444498,41.3871834723636],[-81.3043425676456,41.3874554454215],[-81.3043698883944,41.3874919781383],[-81.3043916179657,41.3875305810318],[-81.3044074842217,41.3875707706632],[-81.3044172884519,41.3876120437214],[-81.3044209078624,41.3876538833262],[-81.3044243520744,41.3879398645406],[-81.3044223717615,41.3879589211476],[-81.3044160322892,41.3879774302038],[-81.3044055258451,41.3879948305778],[-81.3043911709456,41.3880105947498],[-81.3043734027802,41.388024244803],[-81.304352760018,41.388035366914],[-81.3043298684773,41.3880436238974],[-81.3043054221528,41.388048765429],[-81.3042801621754,41.3880506356346],[-81.302514766426,41.3880650249354],[-81.3025239923788,41.386612713446],[-81.3025344933039,41.3866002578569]]]},"properties":{"source_county":"Geauga","jurisdiction":"Bainbridge Township","parcel_id":"02-419758","owner_name":"SPARKS STEVEN L TRUSTEE & MICHELE A TRUSTEE","property_address":"9480 BEECH TREE LN","property_city":"CHAGRIN FALLS","property_zip":"44023"}},{"type":"Feature","geometry":{"type":"Polygon","coordinates":[[[-81.3005823752496,41.3866262752599],[-81.300733299706,41.3849833755083],[-81.3010677674492,41.3850007954249],[-81.3011631486487,41.3850093025466],[-81.3012569741264,41.3850247728923],[-81.3013483498602,41.3850470590519],[-81.3014364051679,41.3850759486703],[-81.3015203010033,41.3851111664705],[-81.3015992379507,41.3851523768766],[-81.3016724638413,41.3851991872109],[-81.3017392809205,41.3852511514353],[-81.3017990524964,41.385307774401],[-81.3018512090068,41.3853685165668],[-81.3018952534466,41.3854327991388],[-81.3019307661045,41.3855000095867],[-81.3019574085628,41.3855695074789],[-81.3019749269228,41.3856406305855],[-81.302023865562,41.3859128220298],[-81.3020424240494,41.3859904480826],[-81.3020698799658,41.3860665637318],[-81.3021060251113,41.386140591703],[-81.3021505853827,41.3862119705538],[-81.3022032228519,41.3862801589311],[-81.3022635383277,41.3863446396776],[-81.302331074383,41.386404923754],[-81.3024053188239,41.3864605539485],[-81.3024857085736,41.3865111083446],[-81.3025716339431,41.3865562035212],[-81.3025344933039,41.3866002578569],[-81.3025239923788,41.386612713446],[-81.3025057692537,41.3866129095249],[-81.3005817094902,41.38663352843],[-81.3005823752496,41.3866262752599]]]},"properties":{"source_county":"Geauga","jurisdiction":"Bainbridge Township","parcel_id":"02-419759","owner_name":"WALTERS CRAIG M & MICHELLE L","property_address":"9550 BEECH TREE LN","property_city":"CHAGRIN FALLS","property_zip":"44023"}},{"type":"Feature","geometry":{"type":"Polygon","coordinates":[[[-81.3002866775377,41.3847950455616],[-81.3004090030946,41.3832059051858],[-81.3021006991117,41.3834436547463],[-81.3014153117967,41.3848901125361],[-81.3013343016403,41.3848700797198],[-81.301251610395,41.3848544202833],[-81.3011676537378,41.3848432129442],[-81.3010828537057,41.3848365140399],[-81.3002866775377,41.3847950455616]]]},"properties":{"source_county":"Geauga","jurisdiction":"Bainbridge Township","parcel_id":"02-419764","owner_name":"MEEKS JEFFREY D & CECELIA C","property_address":"9565 BEECH TREE LN","property_city":"CHAGRIN FALLS","property_zip":"44023"}},{"type":"Feature","geometry":{"type":"Polygon","coordinates":[[[-81.3014153117967,41.3848901125361],[-81.3021006991117,41.3834436547463],[-81.3030270640696,41.3835738333626],[-81.3029981799364,41.3852814444959],[-81.301976358973,41.385211409942],[-81.301913260129,41.3851509020863],[-81.3018435703864,41.3850946456882],[-81.301767792632,41.3850430466853],[-81.3016864736784,41.3849964774074],[-81.3016002003192,41.3849552738896],[-81.3015095950939,41.3849197334485],[-81.3014153117967,41.3848901125361]]]},"properties":{"source_county":"Geauga","jurisdiction":"Bainbridge Township","parcel_id":"02-419765","owner_name":"VONHAZ KEVIN & CHRISTINA","property_address":"9535 BEECH TREE LN","property_city":"CHAGRIN FALLS","property_zip":"44023"}},{"type":"Feature","geometry":{"type":"Polygon","coordinates":[[[-81.301976358973,41.385211409942],[-81.3029981799364,41.3852814444959],[-81.303009799619,41.3852815276878],[-81.3052283085313,41.3852973763661],[-81.3052486187028,41.386567092677],[-81.3052514662089,41.386745139425],[-81.3046958833805,41.3867484814308],[-81.3047034592213,41.3873655206775],[-81.3045267808714,41.3873667271354],[-81.3042958619085,41.3870947598899],[-81.304242250323,41.3870367380669],[-81.3041827936916,41.3869820416997],[-81.3041178541899,41.3869310039545],[-81.3040478273883,41.3868839357113],[-81.303973139842,41.3868411236708],[-81.3038942464927,41.3868028286076],[-81.3038116278978,41.3867692837824],[-81.3037257873031,41.3867406935214],[-81.3032309527365,41.3865929871962],[-81.302992295291,41.3865217470623],[-81.3028530339823,41.3864801771702],[-81.3027667991802,41.3864507457366],[-81.3026847195709,41.3864152087247],[-81.3026075550932,41.3863738951589],[-81.3025360201744,41.3863271875459],[-81.3024707771157,41.3862755183332],[-81.3024124299603,41.3862193659046],[-81.3023615189009,41.3861592501509],[-81.3023185152787,41.3860957276561],[-81.3022838172201,41.3860293865442],[-81.3022577459509,41.3859608410335],[-81.3022405428238,41.3858907257497],[-81.3021916033032,41.3856185343954],[-81.3021745239364,41.385545918285],[-81.3021496569042,41.385474589355],[-81.3021171670929,41.3854050204955],[-81.3020772699238,41.3853376729267],[-81.302030229924,41.3852729931407],[-81.301976358973,41.385211409942]]]},"properties":{"source_county":"Geauga","jurisdiction":"Bainbridge Township","parcel_id":"02-419767","owner_name":"ZAVESON MATTHEW E & BETHANN K","property_address":"9495 BEECH TREE LN","property_city":"CHAGRIN FALLS","property_zip":"44023"}},{"type":"Feature","geometry":{"type":"Polygon","coordinates":[[[-81.3185484756472,41.3863501686731],[-81.3199651282466,41.386325434411],[-81.3199517108691,41.3880144580495],[-81.3185950263909,41.3880245133809],[-81.3185484756472,41.3863501686731]]]},"properties":{"source_county":"Geauga","jurisdiction":"Bainbridge Township","parcel_id":"02-419781","owner_name":"JOHNSON DEMI J & MORAN TIMOTHY M","property_address":"9037 BAINBRIDGE RD","property_city":"CHAGRIN FALLS","property_zip":"44023"}},{"type":"Feature","geometry":{"type":"Polygon","coordinates":[[[-81.3157786235284,41.3880453364264],[-81.3157785290477,41.3880453372612],[-81.3157854565126,41.3863988433867],[-81.3169953541052,41.3863793125271],[-81.3170109695412,41.3869414566198],[-81.3175435055058,41.3869330654065],[-81.3175740451726,41.3880320700532],[-81.3157786235284,41.3880453364264]]]},"properties":{"source_county":"Geauga","jurisdiction":"Bainbridge Township","parcel_id":"02-419782","owner_name":"WINTZ MATTHEW & SYBRANDT STEPHANIE","property_address":"9099 BAINBRIDGE RD","property_city":"CHAGRIN FALLS","property_zip":"44023"}},{"type":"Feature","geometry":{"type":"Polygon","coordinates":[[[-81.3144623976863,41.3864201856776],[-81.3157854565126,41.3863988433867],[-81.3157785290477,41.3880453372612],[-81.3145687210755,41.3880542610357],[-81.3144637874731,41.3880550662083],[-81.3144623976863,41.3864201856776]]]},"properties":{"source_county":"Geauga","jurisdiction":"Bainbridge Township","parcel_id":"02-419783","owner_name":"EICHELBERGER GEORGE K & FRANCES M","property_address":"9157 BAINBRIDGE RD","property_city":"CHAGRIN FALLS","property_zip":"44023"}},{"type":"Feature","geometry":{"type":"Polygon","coordinates":[[[-81.3069158176833,41.3976953339544],[-81.3078499977691,41.3976928251865],[-81.3078517051281,41.3979456832657],[-81.3078592488972,41.3990629677724],[-81.3069213932693,41.3988258064926],[-81.3069158176833,41.3976953339544]]]},"properties":{"source_county":"Geauga","jurisdiction":"Bainbridge Township","parcel_id":"02-419830","owner_name":"STEIMLE MICHAEL ANDREW & SARAH CATHERINE TRUSTEES","property_address":"17299 SNYDER RD","property_city":"CHAGRIN FALLS","property_zip":"44023"}},{"type":"Feature","geometry":{"type":"Polygon","coordinates":[[[-81.3059386143347,41.3767393395549],[-81.3071794845636,41.3760049147701],[-81.3071670173184,41.3767415888375],[-81.3071666970494,41.3767605426077],[-81.3071477759823,41.3771715722505],[-81.3071257825866,41.3776493301151],[-81.3071179709271,41.3778114702756],[-81.3069652456544,41.3778352212286],[-81.3068142127899,41.3778644748398],[-81.3066652215707,41.3778991634655],[-81.3065186165144,41.3779392068948],[-81.3063747366226,41.3779845125345],[-81.3062339145976,41.3780349756233],[-81.3062098931573,41.3780404310325],[-81.3061849854628,41.3780427026206],[-81.3061599295762,41.378041723076],[-81.3061354679512,41.3780375214246],[-81.3061123254318,41.3780302221691],[-81.306091187774,41.3780200416004],[-81.3060726813252,41.3780072813877],[-81.3060573544642,41.3779923196399],[-81.3057561894714,41.3776165813353],[-81.3056814703968,41.3775321751311],[-81.3056006752761,41.3774510066905],[-81.3055140508574,41.37737332388],[-81.3054218616873,41.3772993639211],[-81.3053243893025,41.3772293526657],[-81.3052219313703,41.3771635039071],[-81.3059386143347,41.3767393395549]]]},"properties":{"source_county":"Geauga","jurisdiction":"Bainbridge Township","parcel_id":"02-419868","owner_name":"SHAHIDIAN BAHRAM M TRUSTEE","property_address":"18170 WINDSWEPT CIR","property_city":"CHAGRIN FALLS","property_zip":"44023"}},{"type":"Feature","geometry":{"type":"Polygon","coordinates":[[[-81.3046476855621,41.3767369612368],[-81.306892772428,41.3751006344592],[-81.307034449159,41.375098657941],[-81.3070217378078,41.3758423736238],[-81.3087814589328,41.3758182176969],[-81.3087793145413,41.3759421392613],[-81.3087786144435,41.375982657735],[-81.3071794845636,41.3760049147701],[-81.3059386143347,41.3767393395549],[-81.3052219313703,41.3771635039071],[-81.3051094875001,41.3770991485662],[-81.3049922839855,41.3770398066278],[-81.3048707143172,41.3769856773163],[-81.3047451866411,41.3769369423557],[-81.3046161223878,41.3768937653595],[-81.3044839548584,41.3768562912818],[-81.3046476855621,41.3767369612368]]]},"properties":{"source_county":"Geauga","jurisdiction":"Bainbridge Township","parcel_id":"02-419869","owner_name":"VEAZIE JOHNITHON G & GERICHELAIN M","property_address":"18180 WINDSWEPT CIR","property_city":"CHAGRIN FALLS","property_zip":"44023"}},{"type":"Feature","geometry":{"type":"Polygon","coordinates":[[[-81.3045117612918,41.3751338316581],[-81.306892772428,41.3751006344592],[-81.3046476855621,41.3767369612368],[-81.3044839548584,41.3768562912818],[-81.3043989083435,41.3768355799353],[-81.3043129108358,41.3768172313262],[-81.3042713950213,41.3768090782514],[-81.3042291805959,41.3768033089036],[-81.30424053807,41.3767362078646],[-81.3045117612918,41.3751338316581]]]},"properties":{"source_county":"Geauga","jurisdiction":"Bainbridge Township","parcel_id":"02-419870","owner_name":"OESTERREICH TYLER & SHARI","property_address":"18190 WINDSWEPT CIR","property_city":"CHAGRIN FALLS","property_zip":"44023"}},{"type":"Feature","geometry":{"type":"Polygon","coordinates":[[[-81.3039459382335,41.3768671891676],[-81.3037959276568,41.3767353839021],[-81.3020128224845,41.3751686198391],[-81.3045117612918,41.3751338316581],[-81.30424053807,41.3767362078646],[-81.3042291805959,41.3768033089036],[-81.3041785636686,41.3768011254228],[-81.3041280343483,41.3768042551138],[-81.3040785708896,41.3768126373853],[-81.3040311309122,41.3768261099554],[-81.3039866328628,41.376844411993],[-81.3039459382335,41.3768671891676]]]},"properties":{"source_county":"Geauga","jurisdiction":"Bainbridge Township","parcel_id":"02-419871","owner_name":"GROFF TIMOTHY J & LINDA M","property_address":"18195 WINDSWEPT CIR","property_city":"CHAGRIN FALLS","property_zip":"44023"}},{"type":"Feature","geometry":{"type":"Polygon","coordinates":[[[-81.3016286639354,41.3751739629168],[-81.3020128224845,41.3751686198391],[-81.3037959276568,41.3767353839021],[-81.3039459382335,41.3768671891676],[-81.3039045736618,41.3768985944772],[-81.3038704449803,41.3769345974546],[-81.3038444388637,41.3769742627436],[-81.3038272309661,41.3770165598397],[-81.3038192683671,41.3770603898617],[-81.3031522212,41.3770326599527],[-81.3019855414042,41.3769841503668],[-81.3019360622679,41.3767331826141],[-81.3019358039953,41.3767318732705],[-81.3017207238884,41.3756409274024],[-81.3016286639354,41.3751739629168]]]},"properties":{"source_county":"Geauga","jurisdiction":"Bainbridge Township","parcel_id":"02-419873","owner_name":"PISTILLO WARREN ROCCO & TAMARA LYNN","property_address":"18185 WINDSWEPT CIR","property_city":"CHAGRIN FALLS","property_zip":"44023"}},{"type":"Feature","geometry":{"type":"Polygon","coordinates":[[[-81.3022377729141,41.3775261358368],[-81.3019855414042,41.3769841503668],[-81.3031522212,41.3770326599527],[-81.3038192683671,41.3770603898617],[-81.3038204518546,41.3771023558221],[-81.3038301176443,41.3771436950395],[-81.3038480396622,41.3771834405599],[-81.303873798713,41.3772206627054],[-81.3039067922847,41.3772544908203],[-81.3039462486404,41.3772841336367],[-81.3039912448695,41.3773088977834],[-81.3040407284753,41.3773282040046],[-81.3040935419939,41.3773416007101],[-81.3041484500689,41.3773487745384],[-81.3042041683485,41.3773495576869],[-81.3042593935289,41.3773439318369],[-81.3043128338405,41.3773320285825],[-81.3043632392654,41.3773141263519],[-81.3044094307765,41.377290643895],[-81.3044503279176,41.3772621304875],[-81.304484974076,41.3772292530831],[-81.3045140893104,41.3772020932851],[-81.3045488788081,41.377179029705],[-81.3045883420392,41.3771607256374],[-81.3046313440631,41.3771477074954],[-81.3046766481683,41.3771403496723],[-81.304722951439,41.3771388637741],[-81.3047689222245,41.3771432925344],[-81.3048132384362,41.3771535085849],[-81.3048546255684,41.3771692181187],[-81.3036758769826,41.3782227049356],[-81.3031421387425,41.3784563086492],[-81.3031227692268,41.3784522226351],[-81.3026193506296,41.3783460366025],[-81.3022377729141,41.3775261358368]]]},"properties":{"source_county":"Geauga","jurisdiction":"Bainbridge Township","parcel_id":"02-419874","owner_name":"KNICELY HOWARD V & SUSAN D","property_address":"18105 WINDSWEPT CIR","property_city":"CHAGRIN FALLS","property_zip":"44023"}},{"type":"Feature","geometry":{"type":"Polygon","coordinates":[[[-81.3036758769826,41.3782227049356],[-81.3048546255684,41.3771692181187],[-81.3049650946501,41.3772239110705],[-81.305071043278,41.3772834624355],[-81.3051720953252,41.3773476608083],[-81.3052678920446,41.3774162782859],[-81.3053580933421,41.3774890712769],[-81.3054423789843,41.3775657813663],[-81.305520449735,41.3776461362321],[-81.3055920284181,41.3777298506127],[-81.3058333912562,41.3780315153943],[-81.3058492937836,41.3780556662531],[-81.3058597518671,41.3780814477639],[-81.3058644852343,41.3781081690089],[-81.3058633670288,41.3781351138856],[-81.3058564272104,41.3781615602975],[-81.3058438517526,41.3781867995056],[-81.3058259776601,41.3782101551223],[-81.3058032839376,41.3782310012376],[-81.3057763787531,41.3782487791933],[-81.3056393030022,41.3783297893176],[-81.3055082645996,41.3784162820386],[-81.305383649608,41.3785080025491],[-81.3052658251714,41.3786046806398],[-81.3051833410357,41.3786774352443],[-81.3050563496309,41.3787824649486],[-81.3049230308907,41.3788829480862],[-81.3047836713979,41.3789786686369],[-81.3046385707256,41.3790694208184],[-81.3036758769826,41.3782227049356]]]},"properties":{"source_county":"Geauga","jurisdiction":"Bainbridge Township","parcel_id":"02-419875","owner_name":"TOMCUFCIK PAUL ANTHONY JR TOD & LAURA DIANE TOD","property_address":"9451 WEATHERVANE DR","property_city":"CHAGRIN FALLS","property_zip":"44023"}},{"type":"Feature","geometry":{"type":"Polygon","coordinates":[[[-81.3019894824358,41.3793822349433],[-81.3026193506296,41.3783460366025],[-81.3031227692268,41.3784522226351],[-81.3031421387425,41.3784563086492],[-81.3036758769826,41.3782227049356],[-81.3046385707256,41.3790694208184],[-81.3045079098857,41.3791441780302],[-81.3043733523149,41.3792149053778],[-81.3042351169597,41.3792814877703],[-81.3040934287532,41.3793438168616],[-81.3039637514278,41.3793942077799],[-81.3038300267422,41.3794381903375],[-81.3036928122199,41.3794755811606],[-81.303552679937,41.3795062243578],[-81.3034102141375,41.3795299921697],[-81.3032660087965,41.3795467855024],[-81.3031206651433,41.3795565343399],[-81.3029747891544,41.3795591980369],[-81.3028289890263,41.3795547654875],[-81.3026838726389,41.3795432551725],[-81.3025400450208,41.3795247150812],[-81.3023981058263,41.3794992225122],[-81.3022586468344,41.3794668837504],[-81.3021222494814,41.3794278336243],[-81.3019894824358,41.3793822349433]]]},"properties":{"source_county":"Geauga","jurisdiction":"Bainbridge Township","parcel_id":"02-419876","owner_name":"KNICELY HOWARD V & SUSAN D","property_address":" WEATHERVANE DR","property_city":"CHAGRIN FALLS","property_zip":"44023"}},{"type":"Feature","geometry":{"type":"Polygon","coordinates":[[[-81.3013824644918,41.3790121454145],[-81.3013330607609,41.378971791784],[-81.3013062732461,41.378990397695],[-81.301254473532,41.3789455481534],[-81.3012053519866,41.3788990205818],[-81.3011278841079,41.3788189734618],[-81.3010567270344,41.3787356689447],[-81.3009921215377,41.3786493889338],[-81.3009342862165,41.3785604254],[-81.3008834167567,41.3784690793943],[-81.3008396852695,41.3783756600286],[-81.3006707484288,41.3779536575572],[-81.3007056424893,41.377945752122],[-81.3006794058362,41.3778800459556],[-81.3022377729141,41.3775261358368],[-81.3026193506296,41.3783460366025],[-81.3019894812568,41.3793822340307],[-81.3018789830143,41.3793380775936],[-81.3017718978485,41.3792893838696],[-81.3016685538389,41.3792363020461],[-81.3015692676009,41.379178994755],[-81.3014743433152,41.3791176375731],[-81.3013840717961,41.3790524184851],[-81.301355676991,41.3790307504364],[-81.3013824644918,41.3790121454145]]]},"properties":{"source_county":"Geauga","jurisdiction":"Bainbridge Township","parcel_id":"02-419877","owner_name":"FRANK WILLIAM B","property_address":"9541 WEATHERVANE DR","property_city":"CHAGRIN FALLS","property_zip":"44023"}},{"type":"Feature","geometry":{"type":"Polygon","coordinates":[[[-81.3007118877475,41.3767295348136],[-81.3017207238884,41.3756409274024],[-81.3019358039953,41.3767318732705],[-81.3019360622679,41.3767331826141],[-81.3019855414042,41.3769841503668],[-81.3022377729141,41.3775261358368],[-81.3006794058362,41.3778800459556],[-81.3006441663981,41.3778870283627],[-81.3004245502519,41.3773370383513],[-81.3004074254175,41.3773026736543],[-81.3003843656826,41.3772703375102],[-81.3003557835111,41.3772406082957],[-81.3003221901408,41.3772140177582],[-81.3002841864397,41.3771910415052],[-81.3007094717502,41.3767321411412],[-81.3007118877475,41.3767295348136]]]},"properties":{"source_county":"Geauga","jurisdiction":"Bainbridge Township","parcel_id":"02-419878","owner_name":"NEWMAN BRIGID A TRUSTEE","property_address":"9561 WEATHERVANE DR","property_city":"CHAGRIN FALLS","property_zip":"44023"}},{"type":"Feature","geometry":{"type":"Polygon","coordinates":[[[-81.3000573272913,41.377141976427],[-81.3000299558147,41.3767315591526],[-81.3000297333586,41.3767282257806],[-81.299927657285,41.3751976072968],[-81.3016286639354,41.3751739629168],[-81.3017207238884,41.3756409274024],[-81.3007118877475,41.3767295348136],[-81.3007094717502,41.3767321411412],[-81.3002841864397,41.3771910415052],[-81.3002430705926,41.3771723309051],[-81.300199044322,41.3771578568392],[-81.3001528728132,41.3771478708691],[-81.3001053585346,41.3771425465526],[-81.3000573272913,41.377141976427]]]},"properties":{"source_county":"Geauga","jurisdiction":"Bainbridge Township","parcel_id":"02-419879","owner_name":"MACKAY GRANT & KATHRYN","property_address":"9601 WEATHERVANE DR","property_city":"CHAGRIN FALLS","property_zip":"44023"}},{"type":"Feature","geometry":{"type":"Polygon","coordinates":[[[-81.298754778791,41.379055856509],[-81.2998866097762,41.3776507354217],[-81.2999383289651,41.3776703189583],[-81.2999935129541,41.3776834861915],[-81.3000507689882,41.3776899048011],[-81.3001086520152,41.3776894127916],[-81.3001553750967,41.3776892296318],[-81.3002014567315,41.3776950439802],[-81.3002455499308,41.3777066858805],[-81.3002863658272,41.3777238150342],[-81.300322711348,41.3777459307471],[-81.3003535240891,41.3777723865651],[-81.3003779033692,41.3778024091693],[-81.3003951365578,41.3778351209807],[-81.3004347963876,41.3779344435367],[-81.300399902317,41.3779423479899],[-81.3004261398943,41.3780080551312],[-81.300461034013,41.3780001497699],[-81.3006325305577,41.3784284404628],[-81.3006821774245,41.3785337357243],[-81.300740095893,41.378636606183],[-81.3008060786663,41.3787366835857],[-81.3008798895759,41.3788336096761],[-81.3009612644265,41.3789270374774],[-81.3010499119421,41.3790166325345],[-81.3011455148075,41.3791020741115],[-81.3011187272029,41.3791206790781],[-81.3011681297187,41.3791610327862],[-81.3011949185212,41.3791424278206],[-81.3012687581665,41.3791985649779],[-81.3013456726538,41.3792523089355],[-81.3013616397477,41.37926535211],[-81.3013746089738,41.3792801621316],[-81.3013842416245,41.3792963522201],[-81.3013902861295,41.3793134995532],[-81.301392584627,41.3793311563086],[-81.301391077086,41.3793488613597],[-81.3013858028745,41.379366152318],[-81.3013768997323,41.3793825776093],[-81.3013646001731,41.3793977082669],[-81.3010087634455,41.3797650814451],[-81.3009529605836,41.3798171142534],[-81.3008906962874,41.3798648073854],[-81.3008225622625,41.3799077075969],[-81.3007492060002,41.3799454071921],[-81.3006713246248,41.3799775478975],[-81.3005896582676,41.3800038242673],[-81.3005049830332,41.3800239865868],[-81.3004181036232,41.380037843245],[-81.3003298456886,41.3800452625563],[-81.3002410479819,41.3800461740119],[-81.3001525543863,41.3800405689497],[-81.3000652058941,41.3800285006371],[-81.2999798326145,41.3800100837644],[-81.2998972458836,41.3799854933547],[-81.2998189511729,41.3799553416674],[-81.2997448810298,41.3799196446847],[-81.2996757256313,41.3798787350303],[-81.2996121293552,41.3798329938988],[-81.2995546847763,41.3797828475034],[-81.2989756127293,41.3792240099376],[-81.2989078981975,41.3791636784696],[-81.2988341367864,41.3791075130384],[-81.298754778791,41.379055856509]]]},"properties":{"source_county":"Geauga","jurisdiction":"Bainbridge Township","parcel_id":"02-419883","owner_name":"SCHLEIDER SCOTT & MARLA","property_address":"9600 WEATHERVANE DR","property_city":"CHAGRIN FALLS","property_zip":"44023"}},{"type":"Feature","geometry":{"type":"Polygon","coordinates":[[[-81.2990249483888,41.3820932355346],[-81.3000150111944,41.3813519517231],[-81.300058952652,41.3813803389319],[-81.3001083084385,41.3814031267135],[-81.3001618328661,41.3814197399263],[-81.3002181750309,41.3814297592685],[-81.3002759129094,41.3814329318611],[-81.3003335892503,41.3814291776308],[-81.3003897483555,41.3814185913309],[-81.300442972822,41.3814014401499],[-81.3004919193169,41.3813781569674],[-81.3005353524828,41.3813493294285],[-81.3005721761175,41.3813156851115],[-81.3024176516781,41.3822868617511],[-81.3030415849823,41.3823649088991],[-81.304301982062,41.3825225587978],[-81.3042651194578,41.3826904411925],[-81.3042532266332,41.382744596899],[-81.3030436386194,41.38259392315],[-81.303036898381,41.3825930835219],[-81.2990249483888,41.3820932355346]]]},"properties":{"source_county":"Geauga","jurisdiction":"Bainbridge Township","parcel_id":"02-419886","owner_name":"MC FARLAND HEATHER","property_address":"17950 WINDY LAKES CIR","property_city":"CHAGRIN FALLS","property_zip":"44023"}},{"type":"Feature","geometry":{"type":"Polygon","coordinates":[[[-81.3006370630354,41.3811401810637],[-81.3030602627473,41.3814647512414],[-81.3037254697505,41.3815538413909],[-81.3040781293981,41.381930395542],[-81.3043647969284,41.3822364814906],[-81.304301982062,41.3825225587978],[-81.3030415849823,41.3823649088991],[-81.3024176516781,41.3822868617511],[-81.3005721761175,41.3813156851115],[-81.3005976042946,41.3812838961635],[-81.3006171057638,41.3812498140176],[-81.3006303239485,41.3812140618688],[-81.300637017164,41.381177293447],[-81.3006370630354,41.3811401810637]]]},"properties":{"source_county":"Geauga","jurisdiction":"Bainbridge Township","parcel_id":"02-419887","owner_name":"MC FARLAND HEATHER D & KAUTZMAN SCOTT M","property_address":"17970 WINDY LAKES CIR","property_city":"CHAGRIN FALLS","property_zip":"44023"}},{"type":"Feature","geometry":{"type":"Polygon","coordinates":[[[-81.3002705788185,41.3808840340988],[-81.3002232691832,41.3808812138983],[-81.3001773205929,41.3808722720214],[-81.3001341185817,41.3808574781017],[-81.300094965861,41.380837278235],[-81.300061043037,41.3808122815278],[-81.3000333730105,41.3807832417294],[-81.3000127901323,41.3807510345032],[-81.2999999150451,41.380716631022],[-81.2999951359699,41.3806810686822],[-81.2999985970006,41.3806454198229],[-81.3000121372572,41.3805929493467],[-81.3001017725581,41.3802966653045],[-81.3001093659473,41.3802787882979],[-81.3001208914735,41.3802621467957],[-81.3001360122401,41.3802472272328],[-81.3001542862617,41.3802344657112],[-81.3001751793836,41.3802242352525],[-81.3001980808949,41.380216834895],[-81.3002223213803,41.3802124809522],[-81.3002471922865,41.3802113006906],[-81.3003397733794,41.3802100231698],[-81.3004319044916,41.3802030386981],[-81.3005229665335,41.3801903942085],[-81.3006123476003,41.3801721746675],[-81.3006994470838,41.3801485025043],[-81.300783679709,41.3801195367872],[-81.3008644794673,41.3800854721552],[-81.3009413034201,41.38004653751],[-81.3010136353473,41.3800029944771],[-81.3030662372091,41.3811768513968],[-81.3037254697505,41.3815538413909],[-81.3030602627473,41.3814647512414],[-81.3006370630354,41.3811401810637],[-81.3006292547158,41.3810991415544],[-81.3006133280906,41.3810594561091],[-81.3005896465928,41.3810220302834],[-81.3005587506062,41.3809877180704],[-81.3005213451338,41.3809573024147],[-81.30047828371,41.3809314773474],[-81.3004305489244,41.3809108321496],[-81.3003792300007,41.3808958379069],[-81.3003254979435,41.3808868367602],[-81.3002705788185,41.3808840340988]]]},"properties":{"source_county":"Geauga","jurisdiction":"Bainbridge Township","parcel_id":"02-419888","owner_name":"SHRINER RICHARD L III & DAVIS STEPHANIE C TRUSTEES","property_address":"17980 WINDY LAKES CIR","property_city":"CHAGRIN FALLS","property_zip":"44023"}},{"type":"Feature","geometry":{"type":"Polygon","coordinates":[[[-81.3011853734598,41.3798621529712],[-81.3015412097255,41.3794947792599],[-81.3015567857674,41.3794811888865],[-81.3015750944453,41.3794696924082],[-81.301595646103,41.3794605972914],[-81.301617891098,41.3794541467795],[-81.3016412345012,41.3794505133878],[-81.3016650520076,41.3794497942887],[-81.3016887066327,41.3794520087144],[-81.3017115657483,41.3794570974413],[-81.3017330180011,41.3794649243745],[-81.3018644826946,41.3795192933483],[-81.302000063696,41.3795675882606],[-81.3021392668772,41.3796096330965],[-81.3022815849055,41.3796452746199],[-81.3024264990931,41.379674382932],[-81.3025734812881,41.3796968519445],[-81.3027219957993,41.3797125997667],[-81.3028715013497,41.379721569004],[-81.3030214530493,41.379723726967],[-81.3031713043816,41.3797190657908],[-81.3037254697505,41.3815538413909],[-81.3030662372091,41.3811768513968],[-81.3010136353473,41.3800029944771],[-81.3010755119825,41.3799593318964],[-81.3011328657438,41.3799122963814],[-81.3011853734598,41.3798621529712]]]},"properties":{"source_county":"Geauga","jurisdiction":"Bainbridge Township","parcel_id":"02-419889","owner_name":"KAPLUN MATTHEW & SAMANTHA","property_address":"9550 WEATHERVANE DR","property_city":"CHAGRIN FALLS","property_zip":"44023"}},{"type":"Feature","geometry":{"type":"Polygon","coordinates":[[[-81.3044564155016,41.3794958026442],[-81.3045206127234,41.3795691860161],[-81.3046174069294,41.379685323735],[-81.3047073132736,41.3798045609563],[-81.304790157091,41.3799266660826],[-81.3048657774315,41.3800514019447],[-81.3049340273727,41.3801785262624],[-81.3042204417227,41.3808731186065],[-81.3042696597452,41.3818286460511],[-81.3040781293981,41.381930395542],[-81.3037254697505,41.3815538413909],[-81.3031713043816,41.3797190657908],[-81.3033162934581,41.3797080208086],[-81.3034601732407,41.3796905917528],[-81.3036024486447,41.3796668385961],[-81.3037426301072,41.3796368430723],[-81.3038802352725,41.3796007083946],[-81.3040147906518,41.3795585589007],[-81.304145833253,41.3795105396247],[-81.3042729121743,41.379456815798],[-81.3042945111263,41.3794507150599],[-81.3043171174574,41.3794472572986],[-81.3043401649484,41.3794465291204],[-81.3043630763307,41.379448548764],[-81.3043852777448,41.3794532656436],[-81.3044062131132,41.3794605616157],[-81.3044253580686,41.3794702539387],[-81.3044422330878,41.3794820998496],[-81.3044564155016,41.3794958026442]]]},"properties":{"source_county":"Geauga","jurisdiction":"Bainbridge Township","parcel_id":"02-419890","owner_name":"ESZTERHAS JOSEPH & NAOMI","property_address":"18011 ISLAND VIEW CIR","property_city":"CHAGRIN FALLS","property_zip":"44023"}},{"type":"Feature","geometry":{"type":"Polygon","coordinates":[[[-81.3042204417227,41.3808731186065],[-81.3049340273727,41.3801785262624],[-81.3049592688353,41.3802185864361],[-81.3049927460237,41.3802550622086],[-81.305033585089,41.3802870014453],[-81.3050807200086,41.3803135704285],[-81.3051329204133,41.3803340756208],[-81.3051888237037,41.3803479817686],[-81.3052469706196,41.3803549258753],[-81.3053058433325,41.3803547266766],[-81.3053639050676,41.3803473893722],[-81.3054196402198,41.3803331054902],[-81.3061568599344,41.380861954611],[-81.3048084343201,41.382265422683],[-81.3043647969284,41.3822364814906],[-81.3040781293981,41.381930395542],[-81.3042696597452,41.3818286460511],[-81.3042204417227,41.3808731186065]]]},"properties":{"source_county":"Geauga","jurisdiction":"Bainbridge Township","parcel_id":"02-419891","owner_name":"SUGLIA TONY & DENISE L","property_address":"17981 ISLAND VIEW CIR","property_city":"CHAGRIN FALLS","property_zip":"44023"}},{"type":"Feature","geometry":{"type":"Polygon","coordinates":[[[-81.304301982062,41.3825225587978],[-81.3043647969284,41.3822364814906],[-81.3048084343201,41.382265422683],[-81.3061568599344,41.380861954611],[-81.3054196402198,41.3803331054902],[-81.3054687043764,41.3803136301107],[-81.3055132762107,41.3802887722068],[-81.3055523232475,41.3802591075975],[-81.3055849409935,41.3802253234457],[-81.3068297260535,41.3810866518489],[-81.3067784189534,41.3821959203531],[-81.3051938090845,41.3821437453773],[-81.3050242435726,41.3823866658468],[-81.3050639457077,41.3827899400445],[-81.3042651194578,41.3826904411925],[-81.304301982062,41.3825225587978]]]},"properties":{"source_county":"Geauga","jurisdiction":"Bainbridge Township","parcel_id":"02-419892","owner_name":"DALTON JEFFREY D","property_address":"17970 ISLAND VIEW CIR","property_city":"CHAGRIN FALLS","property_zip":"44023"}},{"type":"Feature","geometry":{"type":"Polygon","coordinates":[[[-81.3083701833041,41.3830005410392],[-81.308352177628,41.3829982989316],[-81.3083416646997,41.3832259597136],[-81.3083126524724,41.3832223471901],[-81.307890388329,41.3831697638328],[-81.3078963332665,41.3831426866965],[-81.3077165686305,41.3831203001879],[-81.3077106248,41.3831473782277],[-81.3060567986769,41.3829414171248],[-81.3060627431706,41.3829143391683],[-81.3050639457077,41.3827899400445],[-81.3050242435726,41.3823866658468],[-81.3051938090845,41.3821437453773],[-81.3067784189534,41.3821959203531],[-81.3068297260535,41.3810866518489],[-81.3055849409935,41.3802253234457],[-81.3056095498151,41.3801896561826],[-81.3056269783033,41.3801516642706],[-81.3056368526835,41.3801121625191],[-81.3069961458943,41.3810527741049],[-81.3069852929125,41.3812739665233],[-81.3069633347996,41.3817214664305],[-81.3069413751922,41.3821689662671],[-81.3083166158978,41.3821612027985],[-81.308504742045,41.3821601742396],[-81.3084941705604,41.3823891222342],[-81.3084548814869,41.3832400573014],[-81.3083597921296,41.3832282165829],[-81.3083701833041,41.3830005410392]]]},"properties":{"source_county":"Geauga","jurisdiction":"Bainbridge Township","parcel_id":"02-419893","owner_name":"CVITKOVICH CAROL A","property_address":"17889 SNYDER RD","property_city":"CHAGRIN FALLS","property_zip":"44023"}},{"type":"Feature","geometry":{"type":"Polygon","coordinates":[[[-81.3051917234063,41.3798140368896],[-81.3051478061328,41.3798189890226],[-81.3051034038118,41.3798185187543],[-81.3050596887727,41.3798126385009],[-81.3050178151988,41.3798015035155],[-81.3049788886526,41.3797854077886],[-81.3049439368861,41.379764776286],[-81.3049138827053,41.3797401537286],[-81.3048895196055,41.3797121902099],[-81.3048091070552,41.3796061994856],[-81.3047242217196,41.3795022062514],[-81.3046349509951,41.3794003175514],[-81.304624691044,41.3793842825337],[-81.3046180064011,41.3793672094468],[-81.3046150727947,41.3793495471214],[-81.3046159673427,41.379331759878],[-81.3046206665253,41.3793143153207],[-81.3046290468043,41.3792976720446],[-81.3046408878702,41.3792822675799],[-81.3046558784349,41.3792685068893],[-81.3046736244145,41.3792567517232],[-81.304794671224,41.3791862787305],[-81.3049123014945,41.3791125967367],[-81.3050263653536,41.3790357996273],[-81.3051367174748,41.3789559852562],[-81.3070589517332,41.3797727877605],[-81.3070253410179,41.3804577968858],[-81.3069961458943,41.3810527741049],[-81.3056368526835,41.3801121625191],[-81.3056387715525,41.3800684675659],[-81.3056314543645,41.3800250974814],[-81.3056150868038,41.3799831527373],[-81.3055900841965,41.3799436976363],[-81.3055570809705,41.3799077333079],[-81.3055169145568,41.3798761723049],[-81.3054706041393,41.3798498154501],[-81.3054193247942,41.3798293315162],[-81.3053643776743,41.3798152402573],[-81.3053071569943,41.3798078992211],[-81.3052491146552,41.3798074946769],[-81.3051917234063,41.3798140368896]]]},"properties":{"source_county":"Geauga","jurisdiction":"Bainbridge Township","parcel_id":"02-419894","owner_name":"MACSUGA JOSEPH TODD & KATHERINE E","property_address":"18000 ISLAND VIEW CIR","property_city":"CHAGRIN FALLS","property_zip":"44023"}},{"type":"Feature","geometry":{"type":"Polygon","coordinates":[[[-81.3070589517332,41.3797727877605],[-81.3051367174748,41.3789559852562],[-81.3052381207567,41.3788772269157],[-81.3053361875773,41.3787961071058],[-81.30543082106,41.378712705972],[-81.3055319404791,41.3786293857079],[-81.3056384733269,41.3785499846776],[-81.3057501521832,41.3784747021805],[-81.3058666967144,41.3784037271778],[-81.3059878143767,41.3783372378179],[-81.306008165605,41.3783600041715],[-81.3060686160713,41.3783293467119],[-81.3060482648315,41.3783065803687],[-81.3061919605521,41.3782399066091],[-81.3063404194967,41.3781794427427],[-81.306493169135,41.3781253812155],[-81.3066497232837,41.3780778940953],[-81.3068095836539,41.3780371325245],[-81.3069722414369,41.3780032262393],[-81.3071371789229,41.3779762831564],[-81.3073038711485,41.3779563890301],[-81.3074717875669,41.3779436071792],[-81.307469059126,41.3780861249125],[-81.3074566011792,41.3787720646024],[-81.3070864550805,41.3787823458294],[-81.3070655175734,41.379212047674],[-81.3070445809878,41.3796417494774],[-81.3070653868346,41.3796416324448],[-81.3070589517332,41.3797727877605]]]},"properties":{"source_county":"Geauga","jurisdiction":"Bainbridge Township","parcel_id":"02-419895","owner_name":"WAWZENEK JOHN & NAUDIA JEAN","property_address":"9410 WEATHERVANE DR","property_city":"CHAGRIN FALLS","property_zip":"44023"}},{"type":"Feature","geometry":{"type":"Polygon","coordinates":[[[-81.307469059126,41.3780861249125],[-81.3074717875669,41.3779436071792],[-81.3075656935045,41.3779395295697],[-81.3076178733666,41.3779382262666],[-81.3082260490944,41.3779273769307],[-81.3082269118565,41.3779548150597],[-81.3082997669024,41.3779535153369],[-81.3082989041098,41.3779260772085],[-81.3083324355785,41.3779254785712],[-81.3084238401032,41.3779238482777],[-81.3084511549782,41.3779250378957],[-81.3084778521866,41.3779295481268],[-81.3085032249875,41.3779372595743],[-81.3085266016994,41.3779479680969],[-81.3085473634818,41.3779613902136],[-81.3085649607166,41.3779771706074],[-81.3085789275584,41.3779948915315],[-81.3085888942664,41.3780140838681],[-81.3085945969928,41.3780342395471],[-81.3085958847679,41.3780548249956],[-81.308331925141,41.3780621575839],[-81.307469059126,41.3780861249125]]]},"properties":{"source_county":"Geauga","jurisdiction":"Bainbridge Township","parcel_id":"02-419896","owner_name":"WEATHERVANE SUBDIVISION HOMEOWNERS ASSOC INC","property_address":" WEATHERVANE DR","property_city":"CHAGRIN FALLS","property_zip":"44023"}},{"type":"Feature","geometry":{"type":"Polygon","coordinates":[[[-81.3071179709271,41.3778114702756],[-81.3071257825866,41.3776493301151],[-81.3072352518501,41.3776473780778],[-81.3083335475483,41.3776277891416],[-81.3086156006537,41.3776227562913],[-81.3086118863575,41.3776462768191],[-81.3086030007953,41.3776689979385],[-81.3085891943657,41.3776902793459],[-81.3085708561435,41.3777095213095],[-81.3085485029152,41.3777261815707],[-81.3085227646159,41.3777397906257],[-81.3084943665769,41.3777499649565],[-81.3084641090852,41.3777564178393],[-81.3084328448303,41.3777589674246],[-81.3083330507996,41.3777607482158],[-81.3082937273535,41.3777614493335],[-81.308292864566,41.3777340112036],[-81.3082200085681,41.3777353109098],[-81.3082208713252,41.3777627490403],[-81.3076127103023,41.3777735966841],[-81.3074470039863,41.3777797924898],[-81.3072819439134,41.3777924282695],[-81.3071179709271,41.3778114702756]]]},"properties":{"source_county":"Geauga","jurisdiction":"Bainbridge Township","parcel_id":"02-419897","owner_name":"WEATHERVANE SUBDIVISION HOMEOWNERS ASSOC INC","property_address":" WEATHERVANE DR","property_city":"CHAGRIN FALLS","property_zip":"44023"}},{"type":"Feature","geometry":{"type":"Polygon","coordinates":[[[-81.3088480000532,41.3957084376998],[-81.3098687350317,41.3956843638223],[-81.3098602439294,41.3960992360392],[-81.3088395025159,41.3961233089387],[-81.3088480000532,41.3957084376998]]]},"properties":{"source_county":"Geauga","jurisdiction":"Bainbridge Township","parcel_id":"02-420064","owner_name":"FEEMAN KEVIN S & MELISSA J","property_address":" SNYDER RD","property_city":"CHAGRIN FALLS","property_zip":"44023"}},{"type":"Feature","geometry":{"type":"Polygon","coordinates":[[[-81.3193601287656,41.3763227040848],[-81.3208818653078,41.3763017014324],[-81.3208647495279,41.3766346002895],[-81.3204230688947,41.3766428851989],[-81.3193470532893,41.3766630607501],[-81.3193471174331,41.3766551682682],[-81.3193498109703,41.3763228465169],[-81.3193601287656,41.3763227040848]]]},"properties":{"source_county":"Geauga","jurisdiction":"Bainbridge Township","parcel_id":"02-420068","owner_name":"GARWOOD CHIANELLA GWEN E","property_address":" HASKINS RD","property_city":"CHAGRIN FALLS","property_zip":"44023"}},{"type":"Feature","geometry":{"type":"Polygon","coordinates":[[[-81.3076235106874,41.3761780012029],[-81.3080035928683,41.3761727114815],[-81.3079939491485,41.3767430956056],[-81.3079939087166,41.3767454554798],[-81.3076137945732,41.3767523892422],[-81.3076139638691,41.3767424041019],[-81.3076235106874,41.3761780012029]]]},"properties":{"source_county":"Geauga","jurisdiction":"Bainbridge Township","parcel_id":"02-420104","owner_name":"ZALEWSKI NICHOLAS J & DANIELLE M","property_address":" SNYDER RD","property_city":"CHAGRIN FALLS","property_zip":"44023"}},{"type":"Feature","geometry":{"type":"Polygon","coordinates":[[[-81.3230307945956,41.3904680565656],[-81.3230305699286,41.3903476747942],[-81.3233446788099,41.3903474078375],[-81.3235978897299,41.3904701220737],[-81.3235683047141,41.3905047393891],[-81.3234365214233,41.3904408690205],[-81.323335774172,41.3905587534272],[-81.3230309631887,41.3905590050034],[-81.3230307945956,41.3904680565656]]]},"properties":{"source_county":"Geauga","jurisdiction":"Bainbridge Township","parcel_id":"02-420206","owner_name":"TANGLEWOOD LAKE ASSOC","property_address":" HASKINS RD","property_city":"CHAGRIN FALLS","property_zip":"44023"}},{"type":"Feature","geometry":{"type":"Polygon","coordinates":[[[-81.3016246918356,41.3881546359897],[-81.3019003749465,41.3881523942858],[-81.3019175203316,41.3893464346343],[-81.301603602795,41.3893487355337],[-81.3016246918356,41.3881546359897]]]},"properties":{"source_county":"Geauga","jurisdiction":"Bainbridge Township","parcel_id":"02-420645","owner_name":"KROTZER PAMELA S","property_address":" BAINBRIDGE RD","property_city":"CHAGRIN FALLS","property_zip":"44023"}},{"type":"Feature","geometry":{"type":"Polygon","coordinates":[[[-81.3118173686499,41.3818831650736],[-81.3134221790896,41.381891512446],[-81.3134102249887,41.3828733656952],[-81.3134115595988,41.38302544617],[-81.3134116699751,41.3830380006643],[-81.3134022312827,41.3840395748356],[-81.3134021839714,41.3840437158789],[-81.3134016813274,41.3840870918612],[-81.311727994065,41.3838206634048],[-81.3117678049157,41.3829575291856],[-81.3118079199136,41.3820880329465],[-81.3118173686499,41.3818831650736]]]},"properties":{"source_county":"Geauga","jurisdiction":"Bainbridge Township","parcel_id":"02-420759","owner_name":"BELL MARYBETH P","property_address":"9210 OLD MEADOW DR","property_city":"CHAGRIN FALLS","property_zip":"44023"}},{"type":"Feature","geometry":{"type":"Polygon","coordinates":[[[-81.3086485601638,41.3825991211471],[-81.308623756109,41.3824852723133],[-81.3096917074092,41.3825132367938],[-81.3103181146216,41.382919592011],[-81.3117678049157,41.3829575291856],[-81.311727994065,41.3838206634048],[-81.3114036036856,41.3837690216263],[-81.3099500415666,41.3836573230249],[-81.3086091435051,41.3834529086621],[-81.3086485601638,41.3825991211471]]]},"properties":{"source_county":"Geauga","jurisdiction":"Bainbridge Township","parcel_id":"02-420765","owner_name":"PETRASH JENNIFER & JENNIFER LYNN","property_address":"17888 SNYDER RD","property_city":"CHAGRIN FALLS","property_zip":"44023"}},{"type":"Feature","geometry":{"type":"Polygon","coordinates":[[[-81.3085254049771,41.381712646464],[-81.3085437164978,41.3813160319779],[-81.311839546847,41.3814023058727],[-81.3118173686499,41.3818831650736],[-81.3118079199136,41.3820880329465],[-81.3085120563953,41.3820017581793],[-81.3085254049771,41.381712646464]]]},"properties":{"source_county":"Geauga","jurisdiction":"Bainbridge Township","parcel_id":"02-420766","owner_name":"DICKINSON ANN C R AKA RODEWIG ANN C","property_address":"17920 SNYDER RD","property_city":"CHAGRIN FALLS","property_zip":"44023"}},{"type":"Feature","geometry":{"type":"Polygon","coordinates":[[[-81.3085460657953,41.3812651537324],[-81.3085784050727,41.3806029174885],[-81.3116179435062,41.3806824857409],[-81.311839546847,41.3814023058727],[-81.3085437164978,41.3813160319779],[-81.3085460657953,41.3812651537324]]]},"properties":{"source_county":"Geauga","jurisdiction":"Bainbridge Township","parcel_id":"02-420767","owner_name":"REYES CARLOS A TOD & CHRISTINA M TOD","property_address":"17940 SNYDER RD","property_city":"CHAGRIN FALLS","property_zip":"44023"}},{"type":"Feature","geometry":{"type":"Polygon","coordinates":[[[-81.3085860682041,41.3804489832827],[-81.3086231883734,41.3797033358929],[-81.3107145204804,41.3797580876689],[-81.3116179435062,41.3806824857409],[-81.3085784050727,41.3806029174885],[-81.3085860682041,41.3804489832827]]]},"properties":{"source_county":"Geauga","jurisdiction":"Bainbridge Township","parcel_id":"02-420768","owner_name":"PARSONS ROGER L & DENISE","property_address":"17960 SNYDER RD","property_city":"CHAGRIN FALLS","property_zip":"44023"}},{"type":"Feature","geometry":{"type":"Polygon","coordinates":[[[-81.3020695687789,41.398976723193],[-81.3022518175528,41.3989766016681],[-81.3022535026275,41.4004037658998],[-81.3020712498764,41.4004038883276],[-81.3020695687789,41.398976723193]]]},"properties":{"source_county":"Geauga","jurisdiction":"Bainbridge Township","parcel_id":"02-420770","owner_name":"FLANAGAN JANET A TRUSTEE","property_address":" WASHINGTON ST","property_city":"CHAGRIN FALLS","property_zip":"44023"}},{"type":"Feature","geometry":{"type":"Polygon","coordinates":[[[-81.308504742045,41.3821601742396],[-81.3085120563953,41.3820017581793],[-81.3118079199136,41.3820880329465],[-81.3117678049157,41.3829575291856],[-81.3103181146216,41.382919592011],[-81.3096917074092,41.3825132367938],[-81.308623756109,41.3824852723133],[-81.3086034312018,41.3823919845087],[-81.3084941705604,41.3823891222342],[-81.308504742045,41.3821601742396]]]},"properties":{"source_county":"Geauga","jurisdiction":"Bainbridge Township","parcel_id":"02-420806","owner_name":"SELL NICOLE & MICHAEL","property_address":"17910 SNYDER RD","property_city":"CHAGRIN FALLS","property_zip":"44023"}},{"type":"Feature","geometry":{"type":"Polygon","coordinates":[[[-81.3163862623387,41.3756299598226],[-81.3163937360488,41.3750839271318],[-81.3178202814108,41.3750641800966],[-81.3178215497796,41.3754605863087],[-81.3184915776096,41.3754511856441],[-81.3184935708909,41.3759235038717],[-81.3178230660735,41.375932900626],[-81.3178243842405,41.3763444118302],[-81.3165992127654,41.3763617185795],[-81.3163806276927,41.3763648045281],[-81.3163862623387,41.3756299598226]]]},"properties":{"source_county":"Geauga","jurisdiction":"Bainbridge Township","parcel_id":"02-420839","owner_name":"VILICS JOHN J & ALICIA M","property_address":"18130 HARVEST DR","property_city":"CHAGRIN FALLS","property_zip":"44023"}},{"type":"Feature","geometry":{"type":"Polygon","coordinates":[[[-81.3086329091161,41.3795080605895],[-81.3134156771268,41.3795187614285],[-81.3134169307256,41.3798816901697],[-81.3134184968214,41.3803345416867],[-81.3134200617433,41.380787393136],[-81.3134216273781,41.3812402724536],[-81.3134233946721,41.3817844457611],[-81.313422208577,41.3818914686223],[-81.3118160658736,41.3818791722688],[-81.3118380540418,41.3813991684211],[-81.3116166204553,41.3806806729049],[-81.3107145204804,41.3797580876689],[-81.3086231883734,41.3797033358929],[-81.308626698477,41.3796328146075],[-81.3086329091161,41.3795080605895]]]},"properties":{"source_county":"Geauga","jurisdiction":"Bainbridge Township","parcel_id":"02-420840","owner_name":"CZERWINSKI JAKE R","property_address":"17990 SNYDER RD","property_city":"CHAGRIN FALLS","property_zip":"44023"}},{"type":"Feature","geometry":{"type":"Polygon","coordinates":[[[-81.3217523184294,41.3961537030358],[-81.3230840660228,41.3961424605121],[-81.3230463924948,41.4011312760044],[-81.3230481070624,41.4014014807565],[-81.3230489460104,41.4016572142032],[-81.3176294586737,41.4015284812461],[-81.317615599695,41.4002616917196],[-81.3176056644441,41.3993450428838],[-81.3175982159122,41.3986578033262],[-81.3175919838259,41.3980828110553],[-81.3175860644203,41.3975365540052],[-81.3175766262255,41.3966657372269],[-81.3175715322267,41.3961956628465],[-81.3180967011012,41.3961897209022],[-81.3198946997871,41.3961693590913],[-81.3217523184294,41.3961537030358]]]},"properties":{"source_county":"Geauga","jurisdiction":"Bainbridge Township","parcel_id":"02-421157","owner_name":"COOK CURTIS R & DEBORAH E","property_address":"17199 HASKINS RD","property_city":"CHAGRIN FALLS","property_zip":"44023"}},{"type":"Feature","geometry":{"type":"Polygon","coordinates":[[[-81.3083500111088,41.3855112197607],[-81.3133850017127,41.3855284218636],[-81.3133744756059,41.386438117823],[-81.310100457741,41.3864883202227],[-81.3083036204318,41.3865158344801],[-81.3083167285276,41.3862319725283],[-81.3083357120637,41.3858208660448],[-81.3083500111088,41.3855112197607]]]},"properties":{"source_county":"Geauga","jurisdiction":"Bainbridge Township","parcel_id":"02-421516","owner_name":"AUSTIN NICHOLAS & CHELSEA","property_address":"17788 SNYDER RD","property_city":"CHAGRIN FALLS","property_zip":"44023"}},{"type":"Feature","geometry":{"type":"Polygon","coordinates":[[[-81.3193282606598,41.3789816223011],[-81.323099129702,41.3789268792419],[-81.3230916609308,41.3798698945023],[-81.3193206153165,41.3799246639713],[-81.319322164031,41.3797336732392],[-81.3193260346089,41.3792561283639],[-81.3193282606598,41.3789816223011]]]},"properties":{"source_county":"Geauga","jurisdiction":"Bainbridge Township","parcel_id":"02-421560","owner_name":"COSTELLO RICHARD & EMILY","property_address":" HASKINS RD","property_city":"CHAGRIN FALLS","property_zip":"44023"}},{"type":"Feature","geometry":{"type":"Polygon","coordinates":[[[-81.3015425694627,41.3928041805602],[-81.3045141145405,41.3927893663887],[-81.3045014361009,41.3935660390872],[-81.3034018365329,41.3935682304286],[-81.3033771534599,41.3963106645464],[-81.3019834993422,41.3963142790411],[-81.3015181314774,41.3963154825037],[-81.3015190756678,41.3963140730443],[-81.3015629102363,41.3962486468153],[-81.299935703606,41.3956307461234],[-81.2995287140159,41.3954759825989],[-81.2991222029989,41.3953215071469],[-81.2983097645776,41.3950100544726],[-81.2977212132964,41.394784424543],[-81.2977175325612,41.3944063988811],[-81.2977175323215,41.3944063466481],[-81.2977269752515,41.3935474861955],[-81.2977346601181,41.3928230534269],[-81.3015425694627,41.3928041805602]]]},"properties":{"source_county":"Geauga","jurisdiction":"Bainbridge Township","parcel_id":"02-711700","owner_name":"BOARD OF EDUCATION OF KENSTON LOCAL SCHOOL DISTRICT","property_address":"9595 WASHINGTON ST","property_city":"CHAGRIN FALLS","property_zip":"44023"}},{"type":"Feature","geometry":{"type":"Polygon","coordinates":[[[-81.3039656973159,41.3963091326886],[-81.3044566781348,41.3963078523985],[-81.3044422051044,41.3971943844126],[-81.3044220616298,41.398428207565],[-81.3044164897681,41.398426099551],[-81.3039281651334,41.3982413505318],[-81.3039656973159,41.3963091326886]]]},"properties":{"source_county":"Geauga","jurisdiction":"Bainbridge Township","parcel_id":"02-711800","owner_name":"KENSTON LOCAL SCHOOL DISTRICT","property_address":" WASHINGTON ST","property_city":"CHAGRIN FALLS","property_zip":"44023"}},{"type":"Feature","geometry":{"type":"Polygon","coordinates":[[[-81.3045014361009,41.3935660390872],[-81.3079708876344,41.3935590554303],[-81.3079633448689,41.393717657745],[-81.3079437805894,41.3941290770399],[-81.3079241509457,41.3945418437025],[-81.3079067895158,41.3949069219929],[-81.3078981730942,41.3950880893842],[-81.3078867302125,41.3953287065131],[-81.3044725329155,41.3953366633366],[-81.3045014361009,41.3935660390872]]]},"properties":{"source_county":"Geauga","jurisdiction":"Bainbridge Township","parcel_id":"02-711900","owner_name":"BOARD OF EDUCATION KENSTON LOCAL SCHOOL DISTRICT THE","property_address":"17425 SNYDER RD","property_city":"CHAGRIN FALLS","property_zip":"44023"}},{"type":"Feature","geometry":{"type":"Polygon","coordinates":[[[-81.3066004300525,41.3865444877369],[-81.3066185534712,41.3861836184765],[-81.3083014130807,41.3862315366523],[-81.3083167285276,41.3862319725283],[-81.3083036204318,41.3865158344801],[-81.3082722446671,41.3871953003573],[-81.3078249755977,41.3871985869529],[-81.3077794198677,41.3881061733253],[-81.3047128500395,41.3881294916248],[-81.3047118262074,41.3880471133448],[-81.3047034592213,41.3873655206775],[-81.3046958833805,41.3867484814308],[-81.3052514662089,41.386745139425],[-81.30659075825,41.3867370740982],[-81.3066004300525,41.3865444877369]]]},"properties":{"source_county":"Geauga","jurisdiction":"Bainbridge Township","parcel_id":"02-712000","owner_name":"KENSTON LOCAL SCHOOL DISTRICT AKA BOARD OF EDUCATION KENSTON LOCAL SCHOOL DISTRICT THE","property_address":"9421 BAINBRIDGE RD","property_city":"CHAGRIN FALLS","property_zip":"44023"}},{"type":"Feature","geometry":{"type":"Polygon","coordinates":[[[-81.3044566781348,41.3963078523985],[-81.3059152974375,41.3963040377774],[-81.3059006972212,41.3971904261772],[-81.3044422051044,41.3971943844126],[-81.3044566781348,41.3963078523985]]]},"properties":{"source_county":"Geauga","jurisdiction":"Bainbridge Township","parcel_id":"02-714200","owner_name":"KENSTON BOARD OF EDUCATION","property_address":"17419 SNYDER RD","property_city":"CHAGRIN FALLS","property_zip":"44023"}},{"type":"Feature","geometry":{"type":"Polygon","coordinates":[[[-81.3059152974375,41.3963040377774],[-81.3069089411911,41.396301428546],[-81.306910034041,41.3965228079665],[-81.3069111261178,41.396744427806],[-81.3069133126685,41.3971876683694],[-81.3059006972212,41.3971904261772],[-81.3059152974375,41.3963040377774]]]},"properties":{"source_county":"Geauga","jurisdiction":"Bainbridge Township","parcel_id":"02-714300","owner_name":"KENSTON BOARD OF EDUCATION","property_address":" SNYDER RD","property_city":"CHAGRIN FALLS","property_zip":"44023"}},{"type":"Feature","geometry":{"type":"Polygon","coordinates":[[[-81.297870126512,41.382489443616],[-81.2978757819668,41.3821169357192],[-81.3030367169906,41.3827607674916],[-81.3030408076515,41.382761278053],[-81.303036436946,41.3830196848972],[-81.3030345082127,41.3831337233446],[-81.3030335693449,41.3831892447995],[-81.3030270640696,41.3835738333626],[-81.3021006991117,41.3834436547463],[-81.3004090030946,41.3832059051858],[-81.298168969923,41.3828910530171],[-81.2978646798987,41.382848185434],[-81.2978692835077,41.3825449768855],[-81.297870126512,41.382489443616]]]},"properties":{"source_county":"Geauga","jurisdiction":"Bainbridge Township","parcel_id":"02-716200","owner_name":"STATE OF OHIO","property_address":" RT 422","property_city":"CHAGRIN FALLS","property_zip":"44023"}},{"type":"Feature","geometry":{"type":"Polygon","coordinates":[[[-81.303036436946,41.3830196848972],[-81.3030408076515,41.382761278053],[-81.3083119195158,41.3834186036067],[-81.3084458656385,41.3834353036367],[-81.3084287305549,41.3838064189205],[-81.3084261761705,41.3838617373283],[-81.3084118758967,41.3841714251644],[-81.3083091172163,41.3841687431222],[-81.3072408200064,41.3841408499625],[-81.3061785352576,41.3840084386007],[-81.3054684223615,41.3838781903328],[-81.3030354518976,41.3835748791325],[-81.3030270640696,41.3835738333626],[-81.3030335693449,41.3831892447995],[-81.3030345082127,41.3831337233446],[-81.303036436946,41.3830196848972]]]},"properties":{"source_county":"Geauga","jurisdiction":"Bainbridge Township","parcel_id":"02-716300","owner_name":"STATE OF OHIO","property_address":" RT 422","property_city":"CHAGRIN FALLS","property_zip":"44023"}},{"type":"Feature","geometry":{"type":"Polygon","coordinates":[[[-81.2978757819668,41.3821169357192],[-81.2978783118906,41.3819503494067],[-81.2990249483888,41.3820932355346],[-81.303036898381,41.3825930835219],[-81.3030436386194,41.38259392315],[-81.3030408076515,41.382761278053],[-81.3030367169906,41.3827607674916],[-81.2978757819668,41.3821169357192]]]},"properties":{"source_county":"Geauga","jurisdiction":"Bainbridge Township","parcel_id":"02-716400","owner_name":"STATE OF OHIO","property_address":" RT 422","property_city":"CHAGRIN FALLS","property_zip":"44023"}},{"type":"Feature","geometry":{"type":"Polygon","coordinates":[[[-81.3192945601867,41.385156079437],[-81.3216364612895,41.3851303823251],[-81.3228173966043,41.3852760255113],[-81.3229393929091,41.3852911814886],[-81.3229368804041,41.3856082555679],[-81.3229364404046,41.3856638324753],[-81.3229356646374,41.3857616973813],[-81.3208917181169,41.3857333042796],[-81.3164990677415,41.3851866910674],[-81.3188828496147,41.3851605915378],[-81.3192945601867,41.385156079437]]]},"properties":{"source_county":"Geauga","jurisdiction":"Bainbridge Township","parcel_id":"02-716500","owner_name":"STATE OF OHIO","property_address":" HASKINS RD","property_city":"CHAGRIN FALLS","property_zip":"44023"}},{"type":"Feature","geometry":{"type":"Polygon","coordinates":[[[-81.3228671332312,41.3851168596933],[-81.3229407797497,41.3851160495158],[-81.3229393929091,41.3852911814886],[-81.3228173966043,41.3852760255113],[-81.3228671332312,41.3851168596933]]]},"properties":{"source_county":"Geauga","jurisdiction":"Bainbridge Township","parcel_id":"02-716600","owner_name":"STATE OF OHIO","property_address":" HASKINS RD","property_city":"CHAGRIN FALLS","property_zip":"44023"}},{"type":"Feature","geometry":{"type":"Polygon","coordinates":[[[-81.32274097601,41.3859607336972],[-81.3208917181169,41.3857333042796],[-81.3229356646374,41.3857616973813],[-81.3229339000807,41.3859844588156],[-81.32274097601,41.3859607336972]]]},"properties":{"source_county":"Geauga","jurisdiction":"Bainbridge Township","parcel_id":"02-716700","owner_name":"STATE OF OHIO","property_address":" RT 422","property_city":"CHAGRIN FALLS","property_zip":"44023"}},{"type":"Feature","geometry":{"type":"Polygon","coordinates":[[[-81.3157909288807,41.3850985722796],[-81.3157922822338,41.3847768069653],[-81.3157925171093,41.3847212035981],[-81.3157930083175,41.3846043633808],[-81.3172776700242,41.3845881293982],[-81.3203725221502,41.3849731661294],[-81.3205400986897,41.3848827393377],[-81.3206002905061,41.3850293106895],[-81.3216364612895,41.3851303823251],[-81.3192945601867,41.385156079437],[-81.3188828496147,41.3851605915378],[-81.3164990677415,41.3851866910674],[-81.3157909288807,41.3850985722796]]]},"properties":{"source_county":"Geauga","jurisdiction":"Bainbridge Township","parcel_id":"02-716800","owner_name":"STATE OF OHIO","property_address":" RT 422","property_city":"CHAGRIN FALLS","property_zip":"44023"}},{"type":"Feature","geometry":{"type":"Polygon","coordinates":[[[-81.3157930083175,41.3846043633808],[-81.3157938537319,41.3844032833325],[-81.3172776700242,41.3845881293982],[-81.3157930083175,41.3846043633808]]]},"properties":{"source_county":"Geauga","jurisdiction":"Bainbridge Township","parcel_id":"02-716900","owner_name":"STATE OF OHIO","property_address":" RT 422","property_city":"CHAGRIN FALLS","property_zip":"44023"}},{"type":"Feature","geometry":{"type":"Polygon","coordinates":[[[-81.3082639725345,41.3842678499618],[-81.3072408200064,41.3841408499625],[-81.3083091172163,41.3841687431222],[-81.3084118758967,41.3841714251644],[-81.3084066068553,41.3842855543697],[-81.3083087272438,41.3842734048504],[-81.3082639725345,41.3842678499618]]]},"properties":{"source_county":"Geauga","jurisdiction":"Bainbridge Township","parcel_id":"02-722400","owner_name":"STATE OF OHIO","property_address":" RT 422","property_city":"CHAGRIN FALLS","property_zip":"44023"}},{"type":"Feature","geometry":{"type":"Polygon","coordinates":[[[-81.3133977858509,41.384423766532],[-81.3134016813274,41.3840870918612],[-81.3157938537319,41.3844032833325],[-81.3157930083175,41.3846043633808],[-81.3157925171093,41.3847212035981],[-81.3157922822338,41.3847768069653],[-81.3157909288807,41.3850985722796],[-81.3133929913442,41.3848379989197],[-81.3133971421195,41.3844793198029],[-81.3133977858509,41.384423766532]]]},"properties":{"source_county":"Geauga","jurisdiction":"Bainbridge Township","parcel_id":"02-724100","owner_name":"STATE OF OHIO","property_address":" RT 422","property_city":"CHAGRIN FALLS","property_zip":"44023"}},{"type":"Feature","geometry":{"type":"Polygon","coordinates":[[[-81.3133929913442,41.3848379989197],[-81.3110465146433,41.3845453301844],[-81.3107590244263,41.3845929300066],[-81.3105791661349,41.3844870356527],[-81.3091591698483,41.384309892968],[-81.3089285878845,41.3843506765452],[-81.3084066068553,41.3842855543697],[-81.3084118758967,41.3841714251644],[-81.3084261761705,41.3838617373283],[-81.3084287305549,41.3838064189205],[-81.3084458656385,41.3834353036367],[-81.308446200174,41.3834280677282],[-81.3086091435051,41.3834529086621],[-81.3099500415666,41.3836573230249],[-81.3114036036856,41.3837690216263],[-81.311727994065,41.3838206634048],[-81.3134016813274,41.3840870918612],[-81.3133977858509,41.384423766532],[-81.3133971421195,41.3844793198029],[-81.3133929913442,41.3848379989197]]]},"properties":{"source_county":"Geauga","jurisdiction":"Bainbridge Township","parcel_id":"02-726100","owner_name":"STATE OF OHIO","property_address":" RT 422","property_city":"CHAGRIN FALLS","property_zip":"44023"}},{"type":"Feature","geometry":{"type":"Polygon","coordinates":[[[-81.3083119195158,41.3834186036067],[-81.3030408076515,41.382761278053],[-81.3030436386194,41.38259392315],[-81.3042532266332,41.382744596899],[-81.3042651194578,41.3826904411925],[-81.3050639457077,41.3827899400445],[-81.3060627431706,41.3829143391683],[-81.3060567986769,41.3829414171248],[-81.3077106248,41.3831473782277],[-81.3077165686305,41.3831203001879],[-81.3078963332665,41.3831426866965],[-81.307890388329,41.3831697638328],[-81.3083126524724,41.3832223471901],[-81.3083416646997,41.3832259597136],[-81.3083597921296,41.3832282165829],[-81.3084548814869,41.3832400573014],[-81.308446200174,41.3834280677282],[-81.3084458656385,41.3834353036367],[-81.3083119195158,41.3834186036067]]]},"properties":{"source_county":"Geauga","jurisdiction":"Bainbridge Township","parcel_id":"02-726200","owner_name":"STATE OF OHIO","property_address":" RT 422","property_city":"CHAGRIN FALLS","property_zip":"44023"}},{"type":"Feature","geometry":{"type":"Polygon","coordinates":[[[-81.3239275027586,41.3954620278756],[-81.3239821739736,41.3954622615487],[-81.3239780378462,41.3960111625343],[-81.3239233661743,41.3960109288592],[-81.3235589042978,41.396009371428],[-81.3231954640728,41.3958705870254],[-81.3231975348294,41.39559613564],[-81.3235630439443,41.3954604695569],[-81.3239275027586,41.3954620278756]]]},"properties":{"source_county":"Geauga","jurisdiction":"Bainbridge Township","parcel_id":"02-726500","owner_name":"TANGLEWOOD LAKE ASSOCIATION","property_address":"17400 HASKINS RD","property_city":"CHAGRIN FALLS","property_zip":"44023"}},{"type":"Feature","geometry":{"type":"Polygon","coordinates":[[[-81.3084548814869,41.3832400573014],[-81.3084941705604,41.3823891222342],[-81.3086034312018,41.3823919845087],[-81.308623756109,41.3824852723133],[-81.3086485601638,41.3825991211471],[-81.3086091435051,41.3834529086621],[-81.308446200174,41.3834280677282],[-81.3084548814869,41.3832400573014]]]},"properties":{"source_county":"Geauga","jurisdiction":"Bainbridge Township","parcel_id":"02-729264","owner_name":"STATE OF OHIO","property_address":" SNYDER RD","property_city":"CHAGRIN FALLS","property_zip":"44023"}},{"type":"Feature","geometry":{"type":"Polygon","coordinates":[[[-81.3231612403282,41.3848882309972],[-81.3232523414666,41.3848876250307],[-81.3232497717593,41.3852993420663],[-81.3231606476204,41.3849631523704],[-81.3231612403282,41.3848882309972]]]},"properties":{"source_county":"Geauga","jurisdiction":"Bainbridge Township","parcel_id":"02-729265","owner_name":"STATE OF OHIO","property_address":" HASKINS RD","property_city":"CHAGRIN FALLS","property_zip":"44023"}},{"type":"Feature","geometry":{"type":"Polygon","coordinates":[[[-81.3227569738546,41.3861853371737],[-81.32274097601,41.3859607336972],[-81.3228185455687,41.3861836766798],[-81.3228556748346,41.3862903900456],[-81.3227644981575,41.3862909652345],[-81.3227569738546,41.3861853371737]]]},"properties":{"source_county":"Geauga","jurisdiction":"Bainbridge Township","parcel_id":"02-729266","owner_name":"STATE OF OHIO","property_address":" HASKINS RD","property_city":"CHAGRIN FALLS","property_zip":"44023"}},{"type":"Feature","geometry":{"type":"Polygon","coordinates":[[[-81.3229140513689,41.3839321464854],[-81.3229501626007,41.3839317373082],[-81.3229454547611,41.384525979362],[-81.3228712910821,41.3845267941844],[-81.3229140513689,41.3839321464854]]]},"properties":{"source_county":"Geauga","jurisdiction":"Bainbridge Township","parcel_id":"02-729267","owner_name":"STATE OF OHIO","property_address":" HASKINS RD","property_city":"CHAGRIN FALLS","property_zip":"44023"}},{"type":"Feature","geometry":{"type":"Polygon","coordinates":[[[-81.3232482017531,41.3861720818557],[-81.3232539919458,41.3861544372541],[-81.3232977382123,41.3861554815475],[-81.3232976177397,41.3861707487427],[-81.3232956495861,41.3864190911196],[-81.3232748754228,41.3867044395032],[-81.323146866175,41.3867031890608],[-81.3231486707438,41.3864754193549],[-81.3232482017531,41.3861720818557]]]},"properties":{"source_county":"Geauga","jurisdiction":"Bainbridge Township","parcel_id":"02-729269","owner_name":"STATE OF OHIO","property_address":" HASKINS RD","property_city":"CHAGRIN FALLS","property_zip":"44023"}},{"type":"Feature","geometry":{"type":"Polygon","coordinates":[[[-81.323146866175,41.3867031890608],[-81.3232748754228,41.3867044395032],[-81.3232697965856,41.3873182727666],[-81.323176573406,41.387573191806],[-81.323173801658,41.3879081294776],[-81.3231748833463,41.3879905061472],[-81.3230273002519,41.3879916051665],[-81.3230365589256,41.3868608009755],[-81.3230378527414,41.3867021243442],[-81.323146866175,41.3867031890608]]]},"properties":{"source_county":"Geauga","jurisdiction":"Bainbridge Township","parcel_id":"02-729270","owner_name":"STATE OF OHIO","property_address":" HASKINS RD","property_city":"CHAGRIN FALLS","property_zip":"44023"}},{"type":"Feature","geometry":{"type":"Polygon","coordinates":[[[-81.3228712910821,41.3845267941844],[-81.3229454547611,41.384525979362],[-81.3229426891738,41.3848750601457],[-81.3228671332312,41.3851168596933],[-81.3228288281962,41.3851172807691],[-81.3228712910821,41.3845267941844]]]},"properties":{"source_county":"Geauga","jurisdiction":"Bainbridge Township","parcel_id":"02-729272","owner_name":"STATE OF OHIO","property_address":" HASKINS RD","property_city":"CHAGRIN FALLS","property_zip":"44023"}},{"type":"Feature","geometry":{"type":"Polygon","coordinates":[[[-81.3231579790051,41.3853000103483],[-81.3232497717593,41.3852993420663],[-81.3232495868114,41.3853288855534],[-81.3231578383892,41.3853178681565],[-81.3231579790051,41.3853000103483]]]},"properties":{"source_county":"Geauga","jurisdiction":"Bainbridge Township","parcel_id":"02-729273","owner_name":"STATE OF OHIO","property_address":" HASKINS RD","property_city":"CHAGRIN FALLS","property_zip":"44023"}},{"type":"Feature","geometry":{"type":"Polygon","coordinates":[[[-81.3229260189549,41.3868614991797],[-81.3230365589256,41.3868608009755],[-81.3230273002519,41.3879916051665],[-81.3228829951807,41.3879926796852],[-81.3228820908638,41.38791030121],[-81.3227943355945,41.3873658238763],[-81.3227974618651,41.386862310393],[-81.3228998495116,41.3868616645225],[-81.3229260189549,41.3868614991797]]]},"properties":{"source_county":"Geauga","jurisdiction":"Bainbridge Township","parcel_id":"02-729278","owner_name":"STATE OF OHIO","property_address":" HASKINS RD","property_city":"CHAGRIN FALLS","property_zip":"44023"}},{"type":"Feature","geometry":{"type":"Polygon","coordinates":[[[-81.3227644981575,41.3862909652345],[-81.3228556748346,41.3862903900456],[-81.3228998495116,41.3868616645225],[-81.3227974618651,41.386862310393],[-81.3227644981575,41.3862909652345]]]},"properties":{"source_county":"Geauga","jurisdiction":"Bainbridge Township","parcel_id":"02-729279","owner_name":"STATE OF OHIO","property_address":" HASKINS RD","property_city":"CHAGRIN FALLS","property_zip":"44023"}},{"type":"Feature","geometry":{"type":"Polygon","coordinates":[[[-81.3044725329155,41.3953366633366],[-81.3078867302125,41.3953287065131],[-81.3078809410916,41.3954504358551],[-81.3078675717507,41.3957315522917],[-81.3078405866418,41.3962989740931],[-81.3069089411911,41.396301428546],[-81.3059152974375,41.3963040377774],[-81.3044566781348,41.3963078523985],[-81.3044725329155,41.3953366633366]]]},"properties":{"source_county":"Geauga","jurisdiction":"Bainbridge Township","parcel_id":"02-729293","owner_name":"BOARD OF EDUCATION KENSTON LOCAL SCHOOL DISTRICT THE","property_address":" SNYDER RD","property_city":"CHAGRIN FALLS","property_zip":"44023"}},{"type":"Feature","geometry":{"type":"Polygon","coordinates":[[[-81.3034018365329,41.3935682304286],[-81.3045014361009,41.3935660390872],[-81.3044725329155,41.3953366633366],[-81.3044566781348,41.3963078523985],[-81.3039656973159,41.3963091326886],[-81.3033771534599,41.3963106645464],[-81.3034018365329,41.3935682304286]]]},"properties":{"source_county":"Geauga","jurisdiction":"Bainbridge Township","parcel_id":"02-729294","owner_name":"BOARD OF EDUCATION KENSTON LOCAL SCHOOL DISTRICT THE","property_address":" SNYDER RD","property_city":"CHAGRIN FALLS","property_zip":"44023"}},{"type":"Feature","geometry":{"type":"Polygon","coordinates":[[[-81.3030475964789,41.3881430603864],[-81.3045901361553,41.3881304915535],[-81.3045800355683,41.3887495417995],[-81.3045588404139,41.3900485245068],[-81.3045482423502,41.3906980251405],[-81.3045141145405,41.3927893663887],[-81.3015425694627,41.3928041805602],[-81.3015921570753,41.3899967623903],[-81.3016021446175,41.3894312691732],[-81.301603602795,41.3893487355337],[-81.3019175203316,41.3893464346343],[-81.3024637625952,41.3893424291999],[-81.30306401046,41.3893380248394],[-81.3030475964789,41.3881430603864]]]},"properties":{"source_county":"Geauga","jurisdiction":"Bainbridge Township","parcel_id":"02-729355","owner_name":"KENSTON BOARD OF EDUCATION","property_address":"9500 BAINBRIDGE RD","property_city":"CHAGRIN FALLS","property_zip":"44023"}},{"type":"Feature","geometry":{"type":"Polygon","coordinates":[[[-81.3052594472212,41.3887462332602],[-81.3082004240189,41.3887318638136],[-81.3081874187347,41.3890053921744],[-81.3081654156842,41.3894681304764],[-81.308144473165,41.389908587982],[-81.3081397407539,41.3900081195802],[-81.3045588404139,41.3900485245068],[-81.3045800355683,41.3887495417995],[-81.3052594472212,41.3887462332602]]]},"properties":{"source_county":"Geauga","jurisdiction":"Bainbridge Township","parcel_id":"02-729356","owner_name":"KENSTON BOARD OF EDUCATION","property_address":" SNYDER RD","property_city":"CHAGRIN FALLS","property_zip":"44023"}},{"type":"Feature","geometry":{"type":"Polygon","coordinates":[[[-81.3045482423502,41.3906980251405],[-81.308109397484,41.3906462558324],[-81.3080914096,41.3910245514088],[-81.3080682156196,41.3915123118419],[-81.3080603593812,41.3916775379975],[-81.308022222662,41.3924795193113],[-81.3080025955432,41.3928922672782],[-81.3079829100989,41.3933062384129],[-81.3079708876344,41.3935590554303],[-81.3045014361009,41.3935660390872],[-81.3045141145405,41.3927893663887],[-81.3045482423502,41.3906980251405]]]},"properties":{"source_county":"Geauga","jurisdiction":"Bainbridge Township","parcel_id":"02-729357","owner_name":"KENSTON BOARD OF EDUCATION","property_address":" SNYDER RD","property_city":"CHAGRIN FALLS","property_zip":"44023"}},{"type":"Feature","geometry":{"type":"Polygon","coordinates":[[[-81.3231510517641,41.3861747038767],[-81.3231512250472,41.3861528876919],[-81.3232539919458,41.3861544372541],[-81.3232482017531,41.3861720818557],[-81.3231486707438,41.3864754193549],[-81.3231510517641,41.3861747038767]]]},"properties":{"source_county":"Geauga","jurisdiction":"Bainbridge Township","parcel_id":"02-729381","owner_name":"STATE OF OHIO","property_address":" HASKINS RD","property_city":"CHAGRIN FALLS","property_zip":"44023"}},{"type":"Feature","geometry":{"type":"Polygon","coordinates":[[[-81.3231512250472,41.3861528876919],[-81.3231523532248,41.3860103791955],[-81.3232958780289,41.3860267837723],[-81.3232539919458,41.3861544372541],[-81.3231512250472,41.3861528876919]]]},"properties":{"source_county":"Geauga","jurisdiction":"Bainbridge Township","parcel_id":"02-729383","owner_name":"STATE OF OHIO","property_address":" HASKINS RD","property_city":"CHAGRIN FALLS","property_zip":"44023"}},{"type":"Feature","geometry":{"type":"Polygon","coordinates":[[[-81.3231579790051,41.3853000103483],[-81.3231606476204,41.3849631523704],[-81.3232497717593,41.3852993420663],[-81.3231579790051,41.3853000103483]]]},"properties":{"source_county":"Geauga","jurisdiction":"Bainbridge Township","parcel_id":"02-729384","owner_name":"STATE OF OHIO","property_address":" HASKINS RD","property_city":"CHAGRIN FALLS","property_zip":"44023"}},{"type":"Feature","geometry":{"type":"Polygon","coordinates":[[[-81.3238092845533,41.385295660229],[-81.3238632701208,41.3852502439102],[-81.3240070948599,41.3852681113239],[-81.3240192140432,41.3852942560061],[-81.3238092845533,41.385295660229]]]},"properties":{"source_county":"Geauga","jurisdiction":"Bainbridge Township","parcel_id":"02-729385","owner_name":"STATE OF OHIO","property_address":" HASKINS RD","property_city":"CHAGRIN FALLS","property_zip":"44023"}},{"type":"Feature","geometry":{"type":"Polygon","coordinates":[[[-81.3231672106063,41.384134333082],[-81.3232047144563,41.384134083863],[-81.3232523414666,41.3848876250307],[-81.3231612403282,41.3848882309972],[-81.3231672106063,41.384134333082]]]},"properties":{"source_county":"Geauga","jurisdiction":"Bainbridge Township","parcel_id":"02-729386","owner_name":"STATE OF OHIO","property_address":" HASKINS RD","property_city":"CHAGRIN FALLS","property_zip":"44023"}},{"type":"Feature","geometry":{"type":"Polygon","coordinates":[[[-81.3228185455687,41.3861836766798],[-81.32274097601,41.3859607336972],[-81.3229339000807,41.3859844588156],[-81.3229323446444,41.3861806055121],[-81.3229314786119,41.3862899115714],[-81.3228556748346,41.3862903900456],[-81.3228185455687,41.3861836766798]]]},"properties":{"source_county":"Geauga","jurisdiction":"Bainbridge Township","parcel_id":"02-729387","owner_name":"STATE OF OHIO","property_address":" HASKINS RD","property_city":"CHAGRIN FALLS","property_zip":"44023"}},{"type":"Feature","geometry":{"type":"Polygon","coordinates":[[[-81.3228556748346,41.3862903900456],[-81.3229314786119,41.3862899115714],[-81.3229260189549,41.3868614991797],[-81.3228998495116,41.3868616645225],[-81.3228556748346,41.3862903900456]]]},"properties":{"source_county":"Geauga","jurisdiction":"Bainbridge Township","parcel_id":"02-729388","owner_name":"STATE OF OHIO","property_address":" HASKINS RD","property_city":"CHAGRIN FALLS","property_zip":"44023"}},{"type":"Feature","geometry":{"type":"Polygon","coordinates":[[[-81.3228671332312,41.3851168596933],[-81.3229426891738,41.3848750601457],[-81.3229407797497,41.3851160495158],[-81.3228671332312,41.3851168596933]]]},"properties":{"source_county":"Geauga","jurisdiction":"Bainbridge Township","parcel_id":"02-729389","owner_name":"STATE OF OHIO","property_address":" HASKINS RD","property_city":"CHAGRIN FALLS","property_zip":"44023"}},{"type":"Feature","geometry":{"type":"Polygon","coordinates":[[[-81.3082861367107,41.3845820923876],[-81.3082639725345,41.3842678499618],[-81.3083087272438,41.3842734048504],[-81.3084066068553,41.3842855543697],[-81.3083927850268,41.3845848757061],[-81.3083075715496,41.3845826515825],[-81.3082861367107,41.3845820923876]]]},"properties":{"source_county":"Geauga","jurisdiction":"Bainbridge Township","parcel_id":"02-729390","owner_name":"STATE OF OHIO","property_address":" SNYDER RD","property_city":"CHAGRIN FALLS","property_zip":"44023"}},{"type":"Feature","geometry":{"type":"Polygon","coordinates":[[[-81.3083416646997,41.3832259597136],[-81.308352177628,41.3829982989316],[-81.3083701833041,41.3830005410392],[-81.3083597921296,41.3832282165829],[-81.3083416646997,41.3832259597136]]]},"properties":{"source_county":"Geauga","jurisdiction":"Bainbridge Township","parcel_id":"02-729391","owner_name":"STATE OF OHIO","property_address":" SNYDER RD","property_city":"CHAGRIN FALLS","property_zip":"44023"}},{"type":"Feature","geometry":{"type":"Polygon","coordinates":[[[-81.3230666548253,41.383036601011],[-81.3255403402099,41.3830231983691],[-81.3255316787005,41.3841219120935],[-81.3232047144563,41.384134083863],[-81.3230581705367,41.3841348593003],[-81.3230666548253,41.383036601011]]]},"properties":{"source_county":"Geauga","jurisdiction":"Bainbridge Township","parcel_id":"02-729415","owner_name":"BAINBRIDGE TOWNSHIP BOARD OF TRUSTEES","property_address":"17864 HASKINS RD","property_city":"CHAGRIN FALLS","property_zip":"44023"}},{"type":"Feature","geometry":{"type":"Polygon","coordinates":[[[-81.3059006972212,41.3971904261772],[-81.3069133126685,41.3971876683694],[-81.3069158176833,41.3976953339544],[-81.3069213932693,41.3988258064926],[-81.3069241014967,41.3993747567133],[-81.306502049386,41.3992150957208],[-81.3058712782173,41.3989764720251],[-81.3059006972212,41.3971904261772]]]},"properties":{"source_county":"Geauga","jurisdiction":"Bainbridge Township","parcel_id":"02-729446","owner_name":"KENSTON LOCAL SCHOOL DISTRICT","property_address":"9413 WASHINGTON ST","property_city":"CHAGRIN FALLS","property_zip":"44023"}},{"type":"Feature","geometry":{"type":"Polygon","coordinates":[[[-81.3104835383212,41.3928725959694],[-81.3105486961089,41.3915063049009],[-81.3101237096034,41.3915148814857],[-81.3083930224046,41.3915821249959],[-81.3083894458084,41.3916644999055],[-81.3080603593812,41.3916775379975],[-81.3080682156196,41.3915123118419],[-81.3101194170463,41.3914326166008],[-81.3119804650753,41.3913950459156],[-81.3124770291551,41.391385015452],[-81.3127685244351,41.3913791267739],[-81.3131635013969,41.3913711469853],[-81.3136168272996,41.3913619859795],[-81.3135376775429,41.3925443906338],[-81.3135173218251,41.3928484697652],[-81.3120682959608,41.3928600034363],[-81.3104835383212,41.3928725959694]]]},"properties":{"source_county":"Geauga","jurisdiction":"Bainbridge Township","parcel_id":"02-419737","owner_name":"GREENE RANDALL ASHTON & AMY SLENKER","property_address":"17570 SNYDER RD","property_city":"CHAGRIN FALLS","property_zip":"44023"}}]}