{"type":"FeatureCollection","features":[{"type":"Feature","geometry":{"type":"Polygon","coordinates":[[[-81.2460672868581,41.6069621947344],[-81.246250957249,41.6068260408813],[-81.246564472488,41.607077888153],[-81.2460630552753,41.6074386541899],[-81.2449320467036,41.6082523819673],[-81.2448867871185,41.6078372759668],[-81.2460672868581,41.6069621947344]]]},"properties":{"source_county":"Geauga","jurisdiction":"Chardon Township","parcel_id":"06-002200","owner_name":"RUPLE DAILA","property_address":"9703 MENTOR RD","property_city":"CHARDON","property_zip":"44024"}},{"type":"Feature","geometry":{"type":"Polygon","coordinates":[[[-81.2487023474967,41.6104118907571],[-81.2500984361264,41.6099041154268],[-81.2506817801694,41.6103688419908],[-81.2487023474967,41.6104118907571]]]},"properties":{"source_county":"Geauga","jurisdiction":"Chardon Township","parcel_id":"06-002500","owner_name":"MC LARTY COLIN S & PRINCEHOUSE PATRICIA","property_address":" MENTOR RD","property_city":"CHARDON","property_zip":"44024"}},{"type":"Feature","geometry":{"type":"Polygon","coordinates":[[[-81.2487023474967,41.6104118907571],[-81.2506817801694,41.6103688419908],[-81.2510359548179,41.6106509932112],[-81.2479134526729,41.6106789816403],[-81.2476097978711,41.610435740815],[-81.2487023474967,41.6104118907571]]]},"properties":{"source_county":"Geauga","jurisdiction":"Chardon Township","parcel_id":"06-002600","owner_name":"MC LARTY COLIN S & PRINCEHOUSE PATRICIA","property_address":"9573 MENTOR RD","property_city":"CHARDON","property_zip":"44024"}},{"type":"Feature","geometry":{"type":"Polygon","coordinates":[[[-81.22235250701,41.6167472840343],[-81.2294762524344,41.6167875181874],[-81.229475556213,41.6170550383771],[-81.2294741286699,41.6176039384222],[-81.2224993851209,41.6176412524305],[-81.2226170528892,41.617210479955],[-81.22235250701,41.6167472840343]]]},"properties":{"source_county":"Geauga","jurisdiction":"Chardon Township","parcel_id":"06-002800","owner_name":"LARKINS THOMAS A & ALICIA M","property_address":"9306 RAVENNA RD","property_city":"CHARDON","property_zip":"44024"}},{"type":"Feature","geometry":{"type":"Polygon","coordinates":[[[-81.2338896016384,41.6217662028061],[-81.2344930669459,41.6217646971562],[-81.2344934248282,41.6217755427563],[-81.234596282911,41.6248904972085],[-81.2346497213817,41.626508683209],[-81.2346414686715,41.6265087113273],[-81.2340462303793,41.6265107454577],[-81.2338899133018,41.6217756485694],[-81.2338896016384,41.6217662028061]]]},"properties":{"source_county":"Geauga","jurisdiction":"Chardon Township","parcel_id":"06-003000","owner_name":"ECHOLS ROBERT LEWIS III","property_address":"11347 CLARK RD","property_city":"CHARDON","property_zip":"44024"}},{"type":"Feature","geometry":{"type":"Polygon","coordinates":[[[-81.227457012771,41.6102304441321],[-81.2281636138295,41.6102298858],[-81.2281653848435,41.6114867662677],[-81.2281626797121,41.611507950458],[-81.2281545791047,41.6115283448904],[-81.2281413874392,41.6115471831367],[-81.2281236004583,41.6115637572499],[-81.2281018865995,41.6115774443696],[-81.228077061875,41.6115877301288],[-81.2280500592061,41.6115942279849],[-81.2280218933632,41.6115966937461],[-81.2280192568856,41.6115967126123],[-81.2276599201516,41.6115975827643],[-81.2274660786506,41.6115980319563],[-81.227457012771,41.6102304441321]]]},"properties":{"source_county":"Geauga","jurisdiction":"Chardon Township","parcel_id":"06-003920","owner_name":"DI SANTO ANTHONY & DINA","property_address":"11501 HOSFORD RD","property_city":"CHARDON","property_zip":"44024"}},{"type":"Feature","geometry":{"type":"Polygon","coordinates":[[[-81.2427943189165,41.6044650175498],[-81.2431407349261,41.6043274452331],[-81.243479878125,41.6045999086008],[-81.2437548070876,41.6048207816793],[-81.242806420915,41.6055376389287],[-81.2427990966078,41.6048885044762],[-81.2427957571281,41.6045925200494],[-81.2427943189165,41.6044650175498]]]},"properties":{"source_county":"Geauga","jurisdiction":"Chardon Township","parcel_id":"06-005100","owner_name":"SAHLANI MICHEL N","property_address":"9797 MENTOR RD","property_city":"CHARDON","property_zip":"44024"}},{"type":"Feature","geometry":{"type":"Polygon","coordinates":[[[-81.2428452071273,41.608929644549],[-81.2450074231845,41.6089436956322],[-81.2450450079459,41.6092883976574],[-81.2450599499016,41.6093812315108],[-81.2428502663262,41.6093741771008],[-81.2428452071273,41.608929644549]]]},"properties":{"source_county":"Geauga","jurisdiction":"Chardon Township","parcel_id":"06-005200","owner_name":"BEAL MARY A TRUSTEE","property_address":"9624 AUBURN RD","property_city":"CHARDON","property_zip":"44024"}},{"type":"Feature","geometry":{"type":"Polygon","coordinates":[[[-81.2408954657436,41.611571769161],[-81.2410992892451,41.6115713967067],[-81.2411118769196,41.6125631198001],[-81.2411223618892,41.6133891422316],[-81.2408442382231,41.613389658838],[-81.2402903991789,41.6133906846436],[-81.2402673501072,41.6115729146468],[-81.2408954657436,41.611571769161]]]},"properties":{"source_county":"Geauga","jurisdiction":"Chardon Township","parcel_id":"06-006300","owner_name":"BENEDICT JAMES A TOD & PATRICIA A TOD","property_address":"11160 HOSFORD RD","property_city":"CHARDON","property_zip":"44024"}},{"type":"Feature","geometry":{"type":"Polygon","coordinates":[[[-81.2460732662528,41.6062890341249],[-81.2472525206947,41.6060533658483],[-81.2474183588215,41.6064642798253],[-81.2460714942893,41.6064886209695],[-81.2458362108935,41.60649287124],[-81.2456802385699,41.606367575584],[-81.2460732662528,41.6062890341249]]]},"properties":{"source_county":"Geauga","jurisdiction":"Chardon Township","parcel_id":"06-009300","owner_name":"CALVELAGE ANTHONY J & ELIZABETH N","property_address":"9730 MENTOR RD","property_city":"CHARDON","property_zip":"44024"}},{"type":"Feature","geometry":{"type":"Polygon","coordinates":[[[-81.2385751220611,41.6093793634926],[-81.2395810121911,41.6093787643222],[-81.2396076060951,41.6115741135001],[-81.2386062423383,41.6115759258155],[-81.2385751220611,41.6093793634926]]]},"properties":{"source_county":"Geauga","jurisdiction":"Chardon Township","parcel_id":"06-010900","owner_name":"DORSETT TERRY E TOD & DANFORTH CLAUDIA L AKA DORSETT CLAUDIA L TOD","property_address":"11205 HOSFORD RD","property_city":"CHARDON","property_zip":"44024"}},{"type":"Feature","geometry":{"type":"Polygon","coordinates":[[[-81.2374837130855,41.609685361699],[-81.2382150510634,41.6096840592743],[-81.2382302121172,41.610781993229],[-81.2380583224649,41.6115769141226],[-81.2375098254214,41.6115779007797],[-81.2374948635191,41.6104935851711],[-81.2374837130855,41.609685361699]]]},"properties":{"source_county":"Geauga","jurisdiction":"Chardon Township","parcel_id":"06-011100","owner_name":"BURT NEIL TOD & LUCIA L TOD","property_address":"11225 HOSFORD RD","property_city":"CHARDON","property_zip":"44024"}},{"type":"Feature","geometry":{"type":"Polygon","coordinates":[[[-81.247285835102,41.6101762292497],[-81.2489569654472,41.609005473159],[-81.2492404417351,41.6092241976774],[-81.2493849284602,41.6093356801491],[-81.2494896448122,41.6094191060604],[-81.2497620326583,41.6096361124639],[-81.2500984361264,41.6099041154268],[-81.2487023474967,41.6104118907571],[-81.2476097978711,41.610435740815],[-81.247285835102,41.6101762292497]]]},"properties":{"source_county":"Geauga","jurisdiction":"Chardon Township","parcel_id":"06-011200","owner_name":"CARPENTER ROBERT TOD","property_address":"9595 MENTOR RD","property_city":"CHARDON","property_zip":"44024"}},{"type":"Feature","geometry":{"type":"Polygon","coordinates":[[[-81.2428714364219,41.6112334973098],[-81.2447154651164,41.6112320205131],[-81.2447189677982,41.6115656961785],[-81.2428752471269,41.6115681381723],[-81.2428714364219,41.6112334973098]]]},"properties":{"source_county":"Geauga","jurisdiction":"Chardon Township","parcel_id":"06-011300","owner_name":"LEWIS ERIC SHERRIE","property_address":"9540 AUBURN RD","property_city":"CHARDON","property_zip":"44024"}},{"type":"Feature","geometry":{"type":"Polygon","coordinates":[[[-81.2460897644134,41.6045140298358],[-81.2461304540909,41.6018089495757],[-81.2482918598642,41.6018037387806],[-81.2479673845214,41.6027585598065],[-81.2464504040291,41.6027298520954],[-81.2464195111837,41.6045957385378],[-81.2460885284056,41.6045962120603],[-81.2460897644134,41.6045140298358]]]},"properties":{"source_county":"Geauga","jurisdiction":"Chardon Township","parcel_id":"06-012100","owner_name":"LOVE GAIL JOANNE TRUSTEE","property_address":" MITCHELLS MILL RD","property_city":"CHARDON","property_zip":"44024"}},{"type":"Feature","geometry":{"type":"Polygon","coordinates":[[[-81.2344930669459,41.6217646971562],[-81.2355958349951,41.6217619381348],[-81.235601771891,41.6217753414376],[-81.2364380006099,41.6236631055191],[-81.2365716536767,41.6239713830126],[-81.2367001887722,41.6242808835166],[-81.2368235859551,41.6245915591896],[-81.2369418260777,41.6249033620077],[-81.2362828765845,41.6248997525583],[-81.2359714100227,41.6248980450293],[-81.2355243645309,41.6248955929298],[-81.2350449591147,41.6248929616212],[-81.234596282911,41.6248904972085],[-81.2344934248282,41.6217755427563],[-81.2344930669459,41.6217646971562]]]},"properties":{"source_county":"Geauga","jurisdiction":"Chardon Township","parcel_id":"06-012580","owner_name":"BANKS BRYON L & KERRY A","property_address":" CLARK RD","property_city":"CHARDON","property_zip":"44024"}},{"type":"Feature","geometry":{"type":"Polygon","coordinates":[[[-81.2428544627094,41.6097428234295],[-81.2446998688718,41.6097465985032],[-81.2447033891008,41.6100817909301],[-81.2428583441754,41.6100838910267],[-81.2428544627094,41.6097428234295]]]},"properties":{"source_county":"Geauga","jurisdiction":"Chardon Township","parcel_id":"06-013150","owner_name":"FERRON GEOFFREY & BRANKICA","property_address":"9600 AUBURN RD","property_city":"CHARDON","property_zip":"44024"}},{"type":"Feature","geometry":{"type":"Polygon","coordinates":[[[-81.2283822505955,41.6096861835645],[-81.2302794515798,41.6096846591226],[-81.2303057320359,41.6097438222411],[-81.2304866180019,41.6101510235717],[-81.2302002953066,41.6101512565912],[-81.2295945001861,41.610151746205],[-81.2289887050566,41.6101522326608],[-81.2283829087184,41.6101527159456],[-81.2283822505955,41.6096861835645]]]},"properties":{"source_county":"Geauga","jurisdiction":"Chardon Township","parcel_id":"06-016400","owner_name":"CARPENTER KIM HOWARD JR & JILL MARIE","property_address":"9580 FOX MEADOW LN","property_city":"CHARDON","property_zip":"44024"}},{"type":"Feature","geometry":{"type":"Polygon","coordinates":[[[-81.2298437560374,41.6217762741461],[-81.2333592831021,41.6217675237156],[-81.2333595537214,41.6217757380861],[-81.2335158903312,41.6265125562206],[-81.2323587940716,41.6265164976155],[-81.2310754777039,41.6265208550315],[-81.2310584224092,41.6254119327468],[-81.2298518771628,41.625395781439],[-81.2298338815811,41.6247150664348],[-81.2298200807382,41.6241930551645],[-81.2298062940112,41.6236715644244],[-81.2297935334251,41.6231888448028],[-81.2297800838891,41.6226801127761],[-81.2297592436059,41.621891746726],[-81.2297561970435,41.6217764905274],[-81.2297563482533,41.6217764903791],[-81.2298437560374,41.6217762741461]]]},"properties":{"source_county":"Geauga","jurisdiction":"Chardon Township","parcel_id":"06-027100","owner_name":"ECHOLS SELLIE TOD","property_address":"11389 CLARK RD","property_city":"CHARDON","property_zip":"44024"}},{"type":"Feature","geometry":{"type":"Polygon","coordinates":[[[-81.2287327804746,41.6161596538286],[-81.2294778954057,41.6161563159225],[-81.2294769849144,41.6165061391425],[-81.2294762524344,41.6167875181874],[-81.22235250701,41.6167472840343],[-81.222042054784,41.6162037012459],[-81.2220066221271,41.6161416604173],[-81.2263909782052,41.6161701129017],[-81.2271584384188,41.6161666907692],[-81.227909953419,41.6161633339595],[-81.2287327804746,41.6161596538286]]]},"properties":{"source_county":"Geauga","jurisdiction":"Chardon Township","parcel_id":"06-028400","owner_name":"BYSTROM ALLEN P & KAREN A","property_address":"9338 RAVENNA RD","property_city":"CHARDON","property_zip":"44024"}},{"type":"Feature","geometry":{"type":"Polygon","coordinates":[[[-81.2514022176197,41.6064342523411],[-81.2524403223,41.6064272186886],[-81.2524389964978,41.6070460482354],[-81.2467146984797,41.6071985641656],[-81.246564472488,41.607077888153],[-81.246250957249,41.6068260408813],[-81.2460697894461,41.6066805076492],[-81.2459719148515,41.6066018843287],[-81.2460705708276,41.6065924998951],[-81.2474183588215,41.6064642798253],[-81.2477566224845,41.6064643230145],[-81.2490632849866,41.6064521524236],[-81.2499822415612,41.606443857932],[-81.2502519740812,41.6064419562489],[-81.2514022176197,41.6064342523411]]]},"properties":{"source_county":"Geauga","jurisdiction":"Chardon Township","parcel_id":"06-029000","owner_name":"MEEK LOLA YANIC DENNIS P","property_address":"9700 MENTOR RD","property_city":"CHARDON","property_zip":"44024"}},{"type":"Feature","geometry":{"type":"Polygon","coordinates":[[[-81.2280218933632,41.6115966937461],[-81.228096215525,41.6115965131322],[-81.2280962155349,41.6115965743648],[-81.2281018739879,41.6128924829804],[-81.2277812977359,41.6129366711613],[-81.2269625320732,41.6130495255855],[-81.2269562244021,41.6115993307398],[-81.2272782755003,41.6115985109411],[-81.2272839547574,41.6115984966024],[-81.2274660786506,41.6115980319563],[-81.2276599201516,41.6115975827643],[-81.2280192568856,41.6115967126123],[-81.2280218933632,41.6115966937461]]]},"properties":{"source_county":"Geauga","jurisdiction":"Chardon Township","parcel_id":"06-029800","owner_name":"VERCH MICHAEL J","property_address":"11500 HOSFORD RD","property_city":"CHARDON","property_zip":"44024"}},{"type":"Feature","geometry":{"type":"Polygon","coordinates":[[[-81.2268562091837,41.6115995857205],[-81.2269562244021,41.6115993307398],[-81.2269625320732,41.6130495255855],[-81.2264862918368,41.6131151650953],[-81.2262348750374,41.6131498162739],[-81.2262281561459,41.6116010504263],[-81.2262281559976,41.611600996396],[-81.2262454289294,41.6116009543096],[-81.2265524011612,41.6116002665929],[-81.2265553277706,41.6116002599443],[-81.2268562091837,41.6115995857205]]]},"properties":{"source_county":"Geauga","jurisdiction":"Chardon Township","parcel_id":"06-029820","owner_name":"LONGO KAREN D","property_address":"11548 HOSFORD RD","property_city":"CHARDON","property_zip":"44024"}},{"type":"Feature","geometry":{"type":"Polygon","coordinates":[[[-81.2356292962074,41.6115812650728],[-81.234536265807,41.6087122841844],[-81.234240523279,41.6079359748556],[-81.2345260116124,41.6079369313417],[-81.2365511503352,41.6079436995404],[-81.2374597242948,41.6079467243552],[-81.2374783565667,41.6092971303669],[-81.2365639668156,41.6092968764699],[-81.2354149854918,41.6091523301453],[-81.2355330927575,41.6098498725947],[-81.2357563438811,41.610083477635],[-81.2357743330465,41.6108140952596],[-81.2358634030475,41.6115808476955],[-81.2356292962074,41.6115812650728]]]},"properties":{"source_county":"Geauga","jurisdiction":"Chardon Township","parcel_id":"06-032000","owner_name":"JORDAN JEFFREY S & KAREN L","property_address":"11299 HOSFORD RD","property_city":"CHARDON","property_zip":"44024"}},{"type":"Feature","geometry":{"type":"Polygon","coordinates":[[[-81.2302002953066,41.6101512565912],[-81.2304866180019,41.6101510235717],[-81.2305948630192,41.6103946966837],[-81.2311254011119,41.6115889782979],[-81.2303993765591,41.6115907806488],[-81.230387263351,41.6115908085887],[-81.2302023691716,41.611591269152],[-81.2302023691772,41.6115912070191],[-81.2302002953066,41.6101512565912]]]},"properties":{"source_county":"Geauga","jurisdiction":"Chardon Township","parcel_id":"06-033650","owner_name":"LAZZARA SARAH","property_address":"11431 HOSFORD RD","property_city":"CHARDON","property_zip":"44024"}},{"type":"Feature","geometry":{"type":"Polygon","coordinates":[[[-81.2261135610799,41.6093258529626],[-81.2281623377234,41.609324245463],[-81.2281629725211,41.60977448531],[-81.2262431972437,41.6097759925176],[-81.2262431061925,41.6097100179523],[-81.2262428693158,41.6095382202339],[-81.2261135610799,41.6093258529626]]]},"properties":{"source_county":"Geauga","jurisdiction":"Chardon Township","parcel_id":"06-034450","owner_name":"GERMOVSEK DANIEL L TOD & CAROL M TOD","property_address":"9615 FOX MEADOW LN","property_city":"CHARDON","property_zip":"44024"}},{"type":"Feature","geometry":{"type":"Polygon","coordinates":[[[-81.2255923823666,41.608469890587],[-81.2280796185149,41.6084766425187],[-81.2280986556853,41.608522172971],[-81.2281152279934,41.6085682431599],[-81.2281293084081,41.6086147779552],[-81.2281408739622,41.608661701469],[-81.2281499057893,41.608708937179],[-81.2281563891549,41.6087564080539],[-81.2281603134805,41.6088040366788],[-81.2281616723607,41.6088517453811],[-81.2281623377234,41.609324245463],[-81.2261135610799,41.6093258529626],[-81.2257224778213,41.608683556656],[-81.2255923823666,41.608469890587]]]},"properties":{"source_county":"Geauga","jurisdiction":"Chardon Township","parcel_id":"06-035670","owner_name":"NIETO JENNIFER TRUSTEE","property_address":"9635 FOX MEADOW LN","property_city":"CHARDON","property_zip":"44024"}},{"type":"Feature","geometry":{"type":"Polygon","coordinates":[[[-81.242807081948,41.6055962320429],[-81.2436361022929,41.6053739554854],[-81.243841905079,41.6058448312875],[-81.2438413830439,41.6059673067477],[-81.242811218987,41.6059628836514],[-81.2428081537242,41.6056912196927],[-81.242807081948,41.6055962320429]]]},"properties":{"source_county":"Geauga","jurisdiction":"Chardon Township","parcel_id":"06-035870","owner_name":"GRACE TIMOTHY ALLEN TOD","property_address":"9760 AUBURN RD","property_city":"CHARDON","property_zip":"44024"}},{"type":"Feature","geometry":{"type":"Polygon","coordinates":[[[-81.2462200823466,41.610418980628],[-81.2485944662122,41.6087257712454],[-81.2489569654472,41.609005473159],[-81.247285835102,41.6101762292497],[-81.2468965793724,41.6104489229875],[-81.2463216731026,41.6104987188333],[-81.2462200823466,41.610418980628]]]},"properties":{"source_county":"Geauga","jurisdiction":"Chardon Township","parcel_id":"06-036200","owner_name":"PECK DANIEL A","property_address":" MENTOR RD","property_city":"CHARDON","property_zip":"44024"}},{"type":"Feature","geometry":{"type":"Polygon","coordinates":[[[-81.2460406783181,41.6099575510239],[-81.2482153265466,41.6084181416182],[-81.24850781641,41.6086589124153],[-81.2485944662122,41.6087257712454],[-81.2462200823466,41.610418980628],[-81.2460378500855,41.6102759484716],[-81.2458258969439,41.6101095862848],[-81.2460406783181,41.6099575510239]]]},"properties":{"source_county":"Geauga","jurisdiction":"Chardon Township","parcel_id":"06-036300","owner_name":"PECK DANIEL A","property_address":"9645 MENTOR RD","property_city":"CHARDON","property_zip":"44024"}},{"type":"Feature","geometry":{"type":"Polygon","coordinates":[[[-81.2447117548425,41.6108787040963],[-81.2447069777014,41.6104236799938],[-81.2447033891008,41.6100817909301],[-81.2446998688718,41.6097465985032],[-81.2446969816917,41.6094715502634],[-81.2450743064435,41.6094704328201],[-81.2450833743946,41.6095267699724],[-81.2454620844756,41.6098240262706],[-81.2458258969439,41.6101095862848],[-81.2460378500855,41.6102759484716],[-81.2462200823466,41.610418980628],[-81.2463216731026,41.6104987188333],[-81.2468965793724,41.6104489229875],[-81.247285835102,41.6101762292497],[-81.2476097978711,41.610435740815],[-81.2479134526729,41.6106789816403],[-81.247912671825,41.6110086812687],[-81.2479113632265,41.6115613984866],[-81.2460264083933,41.6115639468337],[-81.2447189677982,41.6115656961785],[-81.2447154651164,41.6112320205131],[-81.2447117548425,41.6108787040963]]]},"properties":{"source_county":"Geauga","jurisdiction":"Chardon Township","parcel_id":"06-036400","owner_name":"MOORE GEAUGA LLC","property_address":" MENTOR RD","property_city":"CHARDON","property_zip":"44024"}},{"type":"Feature","geometry":{"type":"Polygon","coordinates":[[[-81.2437825259765,41.604599482849],[-81.2452303153743,41.6045974342049],[-81.2452003423945,41.6052581247659],[-81.2451979949994,41.6053098543403],[-81.2446199384679,41.6055157969309],[-81.2442430817242,41.6052130462523],[-81.2437548070876,41.6048207816793],[-81.243479878125,41.6045999086008],[-81.2437825259765,41.604599482849]]]},"properties":{"source_county":"Geauga","jurisdiction":"Chardon Township","parcel_id":"06-036550","owner_name":"ALLEN JODI L & DAVID E TRUSTEES","property_address":"9780 MENTOR RD","property_city":"CHARDON","property_zip":"44024"}},{"type":"Feature","geometry":{"type":"Polygon","coordinates":[[[-81.2365639668156,41.6092968764699],[-81.2374783565667,41.6092971303669],[-81.2374837130855,41.609685361699],[-81.2374948635191,41.6104935851711],[-81.2365801906914,41.6104933312095],[-81.2365639668156,41.6092968764699]]]},"properties":{"source_county":"Geauga","jurisdiction":"Chardon Township","parcel_id":"06-037200","owner_name":"CHONGRIS ADAM J & KATHERINE CO TRUSTEES","property_address":" HOSFORD RD","property_city":"CHARDON","property_zip":"44024"}},{"type":"Feature","geometry":{"type":"Polygon","coordinates":[[[-81.2365801906914,41.6104933312095],[-81.2374948635191,41.6104935851711],[-81.2375098254214,41.6115779007797],[-81.2365947157124,41.6115795414557],[-81.2365920329979,41.6113796353098],[-81.2365847973845,41.610832991619],[-81.2365801906914,41.6104933312095]]]},"properties":{"source_county":"Geauga","jurisdiction":"Chardon Township","parcel_id":"06-037300","owner_name":"CHONGRIS ADAM J & KATHERINE CO TRUSTEES","property_address":"11289 HOSFORD RD","property_city":"CHARDON","property_zip":"44024"}},{"type":"Feature","geometry":{"type":"Polygon","coordinates":[[[-81.2362969777342,41.6107312732331],[-81.2363780768696,41.6106982107854],[-81.2365847973845,41.610832991619],[-81.2365920329979,41.6113796353098],[-81.2364926341631,41.6113683134461],[-81.2364732225089,41.6113332746435],[-81.2364845500797,41.6112106664496],[-81.2364604900076,41.6110909277888],[-81.2364325591657,41.611047825321],[-81.2363229937017,41.6108154986021],[-81.2362969777342,41.6107312732331]]]},"properties":{"source_county":"Geauga","jurisdiction":"Chardon Township","parcel_id":"06-037310","owner_name":"CHONGRIS ADAM J & KATHERINE CO TRUSTEES","property_address":" HOSFORD RD","property_city":"CHARDON","property_zip":"44024"}},{"type":"Feature","geometry":{"type":"Polygon","coordinates":[[[-81.2484073393249,41.6045928776999],[-81.2490065988704,41.6045920076913],[-81.2490632849866,41.6064521524236],[-81.2477566224845,41.6064643230145],[-81.2477324959722,41.6059573306531],[-81.2476992157692,41.6052598283246],[-81.2479226785335,41.604956264433],[-81.2479174183574,41.6045935856977],[-81.2479443423731,41.6045935471546],[-81.2484073393249,41.6045928776999]]]},"properties":{"source_county":"Geauga","jurisdiction":"Chardon Township","parcel_id":"06-040800","owner_name":"HENDERSON WILLIAM R","property_address":"10940 MITCHELLS MILL RD","property_city":"CHARDON","property_zip":"44024"}},{"type":"Feature","geometry":{"type":"Polygon","coordinates":[[[-81.2411628787782,41.6217863804274],[-81.2429917645731,41.6217976972362],[-81.2430009322839,41.6226023296621],[-81.2430020345633,41.6226991315343],[-81.2428922661202,41.6226954734096],[-81.2389513560677,41.6225640688993],[-81.2383482625176,41.6225439472389],[-81.2382024845289,41.6217748266856],[-81.2382011894113,41.6217679942422],[-81.2387912194912,41.6217716629202],[-81.2389227967193,41.6217724810593],[-81.2411628787782,41.6217863804274]]]},"properties":{"source_county":"Geauga","jurisdiction":"Chardon Township","parcel_id":"06-042000","owner_name":"LONG ABBEY & DYLAN","property_address":"9111 AUBURN RD","property_city":"CHARDON","property_zip":"44024"}},{"type":"Feature","geometry":{"type":"Polygon","coordinates":[[[-81.2419734566499,41.6198799360437],[-81.2429698458172,41.6198735488813],[-81.2429771749314,41.6205169827335],[-81.2429917645731,41.6217976972362],[-81.2411628787782,41.6217863804274],[-81.2411615527812,41.6216697224319],[-81.2411430574368,41.620042263865],[-81.2411412739199,41.619885265043],[-81.2419734566499,41.6198799360437]]]},"properties":{"source_county":"Geauga","jurisdiction":"Chardon Township","parcel_id":"06-047900","owner_name":"SZEREDY STEVEN C & MALONE SALLY M","property_address":"9201 AUBURN RD","property_city":"CHARDON","property_zip":"44024"}},{"type":"Feature","geometry":{"type":"Polygon","coordinates":[[[-81.2368758333676,41.6154697042513],[-81.2367816453409,41.6151365465134],[-81.2366843320323,41.6148038950395],[-81.2365838983199,41.6144717663428],[-81.2364803492368,41.6141401769097],[-81.2375519634239,41.614138226298],[-81.2376858088466,41.6141379819723],[-81.2388955367495,41.6136399010983],[-81.2394972533593,41.6133921486938],[-81.2402903991789,41.6133906846436],[-81.2408442382231,41.613389658838],[-81.2409698603678,41.614140756487],[-81.2410837960938,41.6148219700923],[-81.2429122871558,41.6148203425877],[-81.2429195571027,41.6154586154091],[-81.2388472212342,41.6154661673365],[-81.236875852459,41.6154697719944],[-81.2368758333676,41.6154697042513]]]},"properties":{"source_county":"Geauga","jurisdiction":"Chardon Township","parcel_id":"06-048000","owner_name":"DANZIG AUDREY H TRUSTEE","property_address":"9415 AUBURN RD","property_city":"CHARDON","property_zip":"44024"}},{"type":"Feature","geometry":{"type":"Polygon","coordinates":[[[-81.247912671825,41.6110086812687],[-81.2514905589784,41.6110131462595],[-81.2520655028632,41.6114711585525],[-81.252171411499,41.6115555267082],[-81.2488237514287,41.6115601535721],[-81.2479113632265,41.6115613984866],[-81.247912671825,41.6110086812687]]]},"properties":{"source_county":"Geauga","jurisdiction":"Chardon Township","parcel_id":"06-048100","owner_name":"MOORE GEAUGA LLC","property_address":"9543 MENTOR RD","property_city":"CHARDON","property_zip":"44024"}},{"type":"Feature","geometry":{"type":"Polygon","coordinates":[[[-81.235059299296,41.6115826428679],[-81.2350972114536,41.6115822100078],[-81.235572246605,41.6115813656055],[-81.2357066434571,41.6119348617827],[-81.2358383590523,41.612288926025],[-81.2359673890846,41.6126435468751],[-81.2360937293352,41.612998712857],[-81.2361222826249,41.6130674613978],[-81.2361972818449,41.6132863216959],[-81.2362691201131,41.6135057784029],[-81.2364803492368,41.6141401769097],[-81.2365856822886,41.6144775726577],[-81.2366877899113,41.6148155264058],[-81.2367866668074,41.6151540207861],[-81.2368823078452,41.6154930384025],[-81.2368892192039,41.6155163052636],[-81.2370883505035,41.6160504260698],[-81.2374150212004,41.6174118421312],[-81.2374485118534,41.6177121072262],[-81.2374766676959,41.6179645396519],[-81.237575747493,41.6184679879046],[-81.2375879893911,41.6185325795316],[-81.2376852648731,41.6190458582608],[-81.2372601665963,41.619045400401],[-81.2372160277934,41.6190453530381],[-81.2371862695415,41.6190453205433],[-81.2367615480632,41.6190448613522],[-81.236670553494,41.6185645839971],[-81.2364266144476,41.6178100051741],[-81.2361158131443,41.6164699912105],[-81.2360666049858,41.6159224497774],[-81.2359447832357,41.6154797574779],[-81.2358173277831,41.6150379593934],[-81.2356842503912,41.614597095904],[-81.2355455633362,41.6141572073034],[-81.2354012794065,41.6137183337955],[-81.2352514119009,41.6132805154908],[-81.2350959746279,41.6128437924023],[-81.2349349819041,41.6124082044425],[-81.234622314772,41.6115828405633],[-81.235059299296,41.6115826428679]]]},"properties":{"source_county":"Geauga","jurisdiction":"Chardon Township","parcel_id":"06-048200","owner_name":"JANET W HAVENER TRUSTEE FBO KIMBERLY M HOSMER ETAL","property_address":" SR 44 ","property_city":"CHARDON","property_zip":"44024"}},{"type":"Feature","geometry":{"type":"Polygon","coordinates":[[[-81.2255923823666,41.608469890587],[-81.2276239900082,41.6077127567268],[-81.2280192218751,41.6083618376048],[-81.2280514181977,41.6084186479923],[-81.2280796185149,41.6084766425187],[-81.2255923823666,41.608469890587]]]},"properties":{"source_county":"Geauga","jurisdiction":"Chardon Township","parcel_id":"06-048844","owner_name":"BAUCCO VICTOR & JULIA","property_address":"9655 FOX MEADOW LN","property_city":"CHARDON","property_zip":"44024"}},{"type":"Feature","geometry":{"type":"Polygon","coordinates":[[[-81.2252428308335,41.6078957864254],[-81.227304820088,41.6071885772456],[-81.2276239900082,41.6077127567268],[-81.2255923823666,41.608469890587],[-81.2252428308335,41.6078957864254]]]},"properties":{"source_county":"Geauga","jurisdiction":"Chardon Township","parcel_id":"06-048845","owner_name":"KADIS LINDA M TRUSTEE","property_address":"9685 FOX MEADOW LN","property_city":"CHARDON","property_zip":"44024"}},{"type":"Feature","geometry":{"type":"Polygon","coordinates":[[[-81.2250148649091,41.6075213701493],[-81.227076844832,41.606814164925],[-81.227304820088,41.6071885772456],[-81.2252428308335,41.6078957864254],[-81.2251112177868,41.6076796240574],[-81.2250148649091,41.6075213701493]]]},"properties":{"source_county":"Geauga","jurisdiction":"Chardon Township","parcel_id":"06-048846","owner_name":"RAISCHEL DAVID G & PENNY A","property_address":"9695 FOX MEADOW LN","property_city":"CHARDON","property_zip":"44024"}},{"type":"Feature","geometry":{"type":"Polygon","coordinates":[[[-81.224786902792,41.6071469533918],[-81.2268488733836,41.6064397521228],[-81.227076844832,41.606814164925],[-81.2250148649091,41.6075213701493],[-81.224786902792,41.6071469533918]]]},"properties":{"source_county":"Geauga","jurisdiction":"Chardon Township","parcel_id":"06-048847","owner_name":"BARNI MARIE T","property_address":"9715 FOX MEADOW LN","property_city":"CHARDON","property_zip":"44024"}},{"type":"Feature","geometry":{"type":"Polygon","coordinates":[[[-81.2254810002418,41.6060540241401],[-81.2265926133825,41.6059865591734],[-81.2266307081254,41.606073351137],[-81.226677203257,41.6061578056231],[-81.2268488733836,41.6064397521228],[-81.224786902792,41.6071469533918],[-81.2246197319,41.6068723813251],[-81.2254810002418,41.6060540241401]]]},"properties":{"source_county":"Geauga","jurisdiction":"Chardon Township","parcel_id":"06-048848","owner_name":"BAILEY ALEXANDER & MARTIN SOFIA","property_address":"9735 FOX MEADOW LN","property_city":"CHARDON","property_zip":"44024"}},{"type":"Feature","geometry":{"type":"Polygon","coordinates":[[[-81.2252041780529,41.6046851021952],[-81.2253161958637,41.6046857044136],[-81.226432440423,41.6054294201234],[-81.2264078924587,41.6054448244564],[-81.2263859022186,41.6054622700218],[-81.2263667690773,41.6054815193177],[-81.2263507535141,41.6055023102861],[-81.2263380735665,41.6055243598806],[-81.2263289018616,41.6055473679199],[-81.2263233632663,41.6055710211739],[-81.2263215331867,41.6055949976284],[-81.2237219062428,41.6055810220225],[-81.2241635429959,41.6046795657162],[-81.2241635717598,41.6046795056999],[-81.2244768600253,41.6046811920998],[-81.2252041780529,41.6046851021952]]]},"properties":{"source_county":"Geauga","jurisdiction":"Chardon Township","parcel_id":"06-048852","owner_name":"DAVIES GEOFFREY L & PATRICIA A","property_address":"9765 FOX MEADOW LN","property_city":"CHARDON","property_zip":"44024"}},{"type":"Feature","geometry":{"type":"Polygon","coordinates":[[[-81.226432440423,41.6054294201234],[-81.2253161958637,41.6046857044136],[-81.2276013966979,41.6046979614595],[-81.2268218592314,41.6054754484775],[-81.2268049512498,41.6054591884899],[-81.2267859599559,41.6054442802344],[-81.2267650760595,41.6054308734178],[-81.2267425092752,41.6054191026697],[-81.2267184862166,41.6054090861906],[-81.2266932481206,41.6054009245645],[-81.226667048425,41.6053946997494],[-81.2266401502238,41.605390474254],[-81.2266128236248,41.6053882905102],[-81.2265853430379,41.6053881704467],[-81.2265579844191,41.6053901152693],[-81.2265310224996,41.6053941054483],[-81.2265047280273,41.6054001009149],[-81.2264793650477,41.6054080414635],[-81.2264551882527,41.6054178473561],[-81.226432440423,41.6054294201234]]]},"properties":{"source_county":"Geauga","jurisdiction":"Chardon Township","parcel_id":"06-048853","owner_name":"BARKER ALAN J & BONNY TOD","property_address":"9770 FOX MEADOW LN","property_city":"CHARDON","property_zip":"44024"}},{"type":"Feature","geometry":{"type":"Polygon","coordinates":[[[-81.2278319415427,41.6046991955147],[-81.228058436491,41.6047004072904],[-81.2280584733176,41.6047004878362],[-81.2282066647772,41.6050196939149],[-81.2282345101934,41.605080800892],[-81.2283578413729,41.6053584809374],[-81.2282176604972,41.6053920311646],[-81.2268013310596,41.6057310021288],[-81.2268290556664,41.6057034876247],[-81.2268502683728,41.6056728842743],[-81.2268643733213,41.6056400517291],[-81.2268709743136,41.6056059122572],[-81.2268698859396,41.6055714248372],[-81.2268611387837,41.6055375582202],[-81.2268449785645,41.6055052637171],[-81.2268218592314,41.6054754484775],[-81.2276013966979,41.6046979614595],[-81.2278319415427,41.6046991955147]]]},"properties":{"source_county":"Geauga","jurisdiction":"Chardon Township","parcel_id":"06-048854","owner_name":"HOMOLISH DONALD C & JUDITH A TRUSTEES","property_address":"9760 FOX MEADOW LN","property_city":"CHARDON","property_zip":"44024"}},{"type":"Feature","geometry":{"type":"Polygon","coordinates":[[[-81.2282176604972,41.6053920311646],[-81.2283578413729,41.6053584809374],[-81.2285079888077,41.6056965333601],[-81.2285440160289,41.6057776483818],[-81.2282322031077,41.605884393383],[-81.2270072640416,41.606303724047],[-81.226876745914,41.6060893648395],[-81.226843896392,41.6060309191284],[-81.226815688239,41.6059711233099],[-81.2267922192921,41.6059101848069],[-81.2267735709482,41.6058483150058],[-81.2267674241337,41.6058247145122],[-81.2267648042745,41.6057996994735],[-81.226769821104,41.6057748913984],[-81.2267822125029,41.6057515864175],[-81.2268013310596,41.6057310021288],[-81.2282176604972,41.6053920311646]]]},"properties":{"source_county":"Geauga","jurisdiction":"Chardon Township","parcel_id":"06-048855","owner_name":"GRANGER TYLER D & ROYLE ANN E","property_address":"9750 FOX MEADOW LN","property_city":"CHARDON","property_zip":"44024"}},{"type":"Feature","geometry":{"type":"Polygon","coordinates":[[[-81.2282322031077,41.605884393383],[-81.2285440160289,41.6057776483818],[-81.2287664392723,41.606278420857],[-81.2287706659833,41.6062879383411],[-81.228249270398,41.6064622710551],[-81.227297550484,41.6067804778352],[-81.2270072640416,41.606303724047],[-81.2282322031077,41.605884393383]]]},"properties":{"source_county":"Geauga","jurisdiction":"Chardon Township","parcel_id":"06-048856","owner_name":"BLAZEY JOHN R TOD & DEBRA L TOD","property_address":"9730 FOX MEADOW LN","property_city":"CHARDON","property_zip":"44024"}},{"type":"Feature","geometry":{"type":"Polygon","coordinates":[[[-81.228267800118,41.6070896315358],[-81.2290944593148,41.6070169225799],[-81.2291301856582,41.6070973569165],[-81.2293141791578,41.6075115904058],[-81.2282905263271,41.607859058639],[-81.2280118860528,41.6079536377737],[-81.2275255396598,41.6071549114785],[-81.228267800118,41.6070896315358]]]},"properties":{"source_county":"Geauga","jurisdiction":"Chardon Township","parcel_id":"06-048858","owner_name":"SWITALSKI ANTHONY M","property_address":"9680 FOX MEADOW LN","property_city":"CHARDON","property_zip":"44024"}},{"type":"Feature","geometry":{"type":"Polygon","coordinates":[[[-81.2282905263271,41.607859058639],[-81.2293141791578,41.6075115904058],[-81.2294019464262,41.6077091823214],[-81.2296997330233,41.6083795857103],[-81.2297131543728,41.6084098012134],[-81.2283691613637,41.6086985486055],[-81.2283588370478,41.6086419068018],[-81.2283453028106,41.6085856470812],[-81.2283285832985,41.6085298718598],[-81.2283087089558,41.6084746826716],[-81.2282681121759,41.6083828168986],[-81.2282187686308,41.6082933954549],[-81.2280118860528,41.6079536377737],[-81.2282905263271,41.607859058639]]]},"properties":{"source_county":"Geauga","jurisdiction":"Chardon Township","parcel_id":"06-048859","owner_name":"PILARCZYK JERI LYNN","property_address":"9650 FOX MEADOW LN","property_city":"CHARDON","property_zip":"44024"}},{"type":"Feature","geometry":{"type":"Polygon","coordinates":[[[-81.2283815523103,41.6091921995836],[-81.2300600976277,41.6091908521986],[-81.2302794515798,41.6096846591226],[-81.2283822505955,41.6096861835645],[-81.2283815523103,41.6091921995836]]]},"properties":{"source_county":"Geauga","jurisdiction":"Chardon Township","parcel_id":"06-048862","owner_name":"TILTON JAMES E & ELIZABETH W","property_address":"9610 FOX MEADOW LN","property_city":"CHARDON","property_zip":"44024"}},{"type":"Feature","geometry":{"type":"Polygon","coordinates":[[[-81.2428622340785,41.6104254584392],[-81.2447069777014,41.6104236799938],[-81.2447117548425,41.6108787040963],[-81.2428672761131,41.6108682103356],[-81.2428622340785,41.6104254584392]]]},"properties":{"source_county":"Geauga","jurisdiction":"Chardon Township","parcel_id":"06-049600","owner_name":"TERESI ANTHONY G TOD","property_address":"9568 AUBURN RD","property_city":"CHARDON","property_zip":"44024"}},{"type":"Feature","geometry":{"type":"Polygon","coordinates":[[[-81.2283691613637,41.6086985486055],[-81.2297131543728,41.6084098012134],[-81.2300096677946,41.6090773252393],[-81.2300600976277,41.6091908521986],[-81.2283815523103,41.6091921995836],[-81.2283810720803,41.6088515712139],[-81.2283780205194,41.6087749325996],[-81.2283691613637,41.6086985486055]]]},"properties":{"source_county":"Geauga","jurisdiction":"Chardon Township","parcel_id":"06-049740","owner_name":"FLEMING ANDREW D & MANDY L","property_address":"9630 FOX MEADOW LN","property_city":"CHARDON","property_zip":"44024"}},{"type":"Feature","geometry":{"type":"Polygon","coordinates":[[[-81.2442672495446,41.6057374131128],[-81.2447452761566,41.6056164871804],[-81.2450438366054,41.6058563341499],[-81.2450995956752,41.6059011281745],[-81.2445073371987,41.6060417484185],[-81.2438419768272,41.6060316405526],[-81.2438413830439,41.6059673067477],[-81.243841905079,41.6058448312875],[-81.2442672495446,41.6057374131128]]]},"properties":{"source_county":"Geauga","jurisdiction":"Chardon Township","parcel_id":"06-051600","owner_name":"MC BRIDE ALLAN & DYAN","property_address":"9753 MENTOR RD","property_city":"CHARDON","property_zip":"44024"}},{"type":"Feature","geometry":{"type":"Polygon","coordinates":[[[-81.2438405726859,41.606200079426],[-81.2438419768272,41.6060316405526],[-81.2445073371987,41.6060417484185],[-81.2438405726859,41.606200079426]]]},"properties":{"source_county":"Geauga","jurisdiction":"Chardon Township","parcel_id":"06-051700","owner_name":"MC BRIDE ALLAN & DYAN","property_address":" MENTOR RD","property_city":"CHARDON","property_zip":"44024"}},{"type":"Feature","geometry":{"type":"Polygon","coordinates":[[[-81.2491752564131,41.6045917631565],[-81.2499274097068,41.6045906666431],[-81.2499822415612,41.606443857932],[-81.2490632849866,41.6064521524236],[-81.2490065988704,41.6045920076913],[-81.2491752564131,41.6045917631565]]]},"properties":{"source_county":"Geauga","jurisdiction":"Chardon Township","parcel_id":"06-056400","owner_name":"KANE ELIZABETH FKA SCHOFIELD ELIZABETH ANN & KANE JAMES","property_address":"10900 MITCHELLS MILL RD","property_city":"CHARDON","property_zip":"44024"}},{"type":"Feature","geometry":{"type":"Polygon","coordinates":[[[-81.241775717651,41.6102447091572],[-81.2428601587037,41.6102432868081],[-81.2428622340785,41.6104254584392],[-81.2428672761131,41.6108682103356],[-81.2428714364219,41.6112334973098],[-81.2428752471269,41.6115681381723],[-81.2417907899457,41.6115701316262],[-81.241775717651,41.6102447091572]]]},"properties":{"source_county":"Geauga","jurisdiction":"Chardon Township","parcel_id":"06-056500","owner_name":"BEEBE KENNETH A & MARY L","property_address":"11121 HOSFORD RD","property_city":"CHARDON","property_zip":"44024"}},{"type":"Feature","geometry":{"type":"Polygon","coordinates":[[[-81.2283829087184,41.6101527159456],[-81.2289887050566,41.6101522326608],[-81.2289907550541,41.6115942641441],[-81.2285315446779,41.6115953961716],[-81.2285029592656,41.6115933515009],[-81.2284754569467,41.6115871551056],[-81.2284500976282,41.6115770457876],[-81.2284278586271,41.6115634131479],[-81.2284095970056,41.611546782572],[-81.2283960165408,41.611527794982],[-81.2283876406026,41.6115071821356],[-81.2283847919839,41.6114857384253],[-81.2283829087184,41.6101527159456]]]},"properties":{"source_county":"Geauga","jurisdiction":"Chardon Township","parcel_id":"06-058331","owner_name":"DEATSCH KRISTEN E & JEFFREY W","property_address":"11481 HOSFORD RD","property_city":"CHARDON","property_zip":"44024"}},{"type":"Feature","geometry":{"type":"Polygon","coordinates":[[[-81.2436361022929,41.6053739554854],[-81.2440110084261,41.6052745699184],[-81.2442672495446,41.6057374131128],[-81.243841905079,41.6058448312875],[-81.2436361022929,41.6053739554854]]]},"properties":{"source_county":"Geauga","jurisdiction":"Chardon Township","parcel_id":"06-062000","owner_name":"REED SANDRA L TOD","property_address":" MENTOR RD","property_city":"CHARDON","property_zip":"44024"}},{"type":"Feature","geometry":{"type":"Polygon","coordinates":[[[-81.2440110084261,41.6052745699184],[-81.2442430817242,41.6052130462523],[-81.2446199384679,41.6055157969309],[-81.2447452761566,41.6056164871804],[-81.2442672495446,41.6057374131128],[-81.2440110084261,41.6052745699184]]]},"properties":{"source_county":"Geauga","jurisdiction":"Chardon Township","parcel_id":"06-062100","owner_name":"REED SANDRA L TOD","property_address":"9769 MENTOR RD","property_city":"CHARDON","property_zip":"44024"}},{"type":"Feature","geometry":{"type":"Polygon","coordinates":[[[-81.2428583441754,41.6100838910267],[-81.2447033891008,41.6100817909301],[-81.2447069777014,41.6104236799938],[-81.2428622340785,41.6104254584392],[-81.2428601587037,41.6102432868081],[-81.2428583441754,41.6100838910267]]]},"properties":{"source_county":"Geauga","jurisdiction":"Chardon Township","parcel_id":"06-062550","owner_name":"MCKONE SHAWN & AMBER","property_address":"9584 AUBURN RD","property_city":"CHARDON","property_zip":"44024"}},{"type":"Feature","geometry":{"type":"Polygon","coordinates":[[[-81.2484073393249,41.6045928776999],[-81.2483871712884,41.6032173932849],[-81.249162120593,41.6032395681556],[-81.2491752564131,41.6045917631565],[-81.2490065988704,41.6045920076913],[-81.2484073393249,41.6045928776999]]]},"properties":{"source_county":"Geauga","jurisdiction":"Chardon Township","parcel_id":"06-062570","owner_name":"LANE MICHELLE D","property_address":"10919 MITCHELLS MILL RD","property_city":"CHARDON","property_zip":"44024"}},{"type":"Feature","geometry":{"type":"Polygon","coordinates":[[[-81.2460775526283,41.605806575199],[-81.2476992157692,41.6052598283246],[-81.2477324959722,41.6059573306531],[-81.2472525206947,41.6060533658483],[-81.2460732662528,41.6062890341249],[-81.2456802385699,41.606367575584],[-81.2454664417887,41.6061958274314],[-81.2453057847906,41.6060667661977],[-81.2460775526283,41.605806575199]]]},"properties":{"source_county":"Geauga","jurisdiction":"Chardon Township","parcel_id":"06-063000","owner_name":"DEMICHELE MARIO & LAURA","property_address":"9752 MENTOR RD","property_city":"CHARDON","property_zip":"44024"}},{"type":"Feature","geometry":{"type":"Polygon","coordinates":[[[-81.2479443423731,41.6045935471546],[-81.2479290341616,41.6032042817916],[-81.2483871712884,41.6032173932849],[-81.2484073393249,41.6045928776999],[-81.2479443423731,41.6045935471546]]]},"properties":{"source_county":"Geauga","jurisdiction":"Chardon Township","parcel_id":"06-065500","owner_name":"STEFANKO PAUL J & SANDRA L","property_address":"10937 MITCHELLS MILL RD","property_city":"CHARDON","property_zip":"44024"}},{"type":"Feature","geometry":{"type":"Polygon","coordinates":[[[-81.2262438251952,41.6102313930177],[-81.2268618044785,41.6102309111806],[-81.2268562090174,41.6115995325905],[-81.2268562091837,41.6115995857205],[-81.2265553277706,41.6116002599443],[-81.2265524011612,41.6116002665929],[-81.2262454289294,41.6116009543096],[-81.2262439608522,41.6103297240523],[-81.2262438251952,41.6102313930177]]]},"properties":{"source_county":"Geauga","jurisdiction":"Chardon Township","parcel_id":"06-065700","owner_name":"NOVAK MICHAEL R & KIMBERLY A","property_address":"11531 HOSFORD RD","property_city":"CHARDON","property_zip":"44024"}},{"type":"Feature","geometry":{"type":"Polygon","coordinates":[[[-81.2256419614721,41.6116024007861],[-81.2262281559976,41.611600996396],[-81.2262281561459,41.6116010504263],[-81.2262348750374,41.6131498162739],[-81.2255510721926,41.6132440585265],[-81.2255439695351,41.6116027002384],[-81.2255439690192,41.6116026651141],[-81.2256419614721,41.6116024007861]]]},"properties":{"source_county":"Geauga","jurisdiction":"Chardon Township","parcel_id":"06-068050","owner_name":"MC MASTER DANIEL TOD & KATHLEEN A TOD","property_address":"11544 HOSFORD RD","property_city":"CHARDON","property_zip":"44024"}},{"type":"Feature","geometry":{"type":"Polygon","coordinates":[[[-81.2466621861247,41.6045953912157],[-81.2467075086101,41.6045953262998],[-81.2467127620828,41.6049580050896],[-81.246715670377,41.6051588212195],[-81.2460809533709,41.6054236390616],[-81.2450438366054,41.6058563341499],[-81.2447452761566,41.6056164871804],[-81.2456187606629,41.6053834650547],[-81.2455694134503,41.6052527656417],[-81.2458710158075,41.6052483853445],[-81.2459003541718,41.6045964809923],[-81.24608830285,41.6045962123276],[-81.2460885284056,41.6045962120603],[-81.2464195111837,41.6045957385378],[-81.2466621861247,41.6045953912157]]]},"properties":{"source_county":"Geauga","jurisdiction":"Chardon Township","parcel_id":"06-070800","owner_name":"STEVENSON LEE C","property_address":"9760 MENTOR RD","property_city":"CHARDON","property_zip":"44024"}},{"type":"Feature","geometry":{"type":"Polygon","coordinates":[[[-81.2452003423945,41.6052581247659],[-81.2455694134503,41.6052527656417],[-81.2456187606629,41.6053834650547],[-81.2447452761566,41.6056164871804],[-81.2446199384679,41.6055157969309],[-81.2451979949994,41.6053098543403],[-81.2452003423945,41.6052581247659]]]},"properties":{"source_county":"Geauga","jurisdiction":"Chardon Township","parcel_id":"06-070900","owner_name":"STEVENSON LEE C","property_address":" MENTOR RD","property_city":"CHARDON","property_zip":"44024"}},{"type":"Feature","geometry":{"type":"Polygon","coordinates":[[[-81.24098927033,41.6064938244259],[-81.2428172110801,41.60649393379],[-81.2428215631742,41.6068724441932],[-81.2428245577793,41.6071328008887],[-81.2406656677816,41.6071326794621],[-81.239983159456,41.6071326328112],[-81.2399784586432,41.6064937525027],[-81.2406641168567,41.6064938018756],[-81.24098927033,41.6064938244259]]]},"properties":{"source_county":"Geauga","jurisdiction":"Chardon Township","parcel_id":"06-071800","owner_name":"SWEENEY G MERLE TOD & DONNA M TOD","property_address":"9725 AUBURN RD","property_city":"CHARDON","property_zip":"44024"}},{"type":"Feature","geometry":{"type":"Polygon","coordinates":[[[-81.2475960383327,41.6049567359361],[-81.2479226785335,41.604956264433],[-81.2476992157692,41.6052598283246],[-81.2460775526283,41.605806575199],[-81.2453057847906,41.6060667661977],[-81.2450995956752,41.6059011281745],[-81.2450438366054,41.6058563341499],[-81.2460809533709,41.6054236390616],[-81.246715670377,41.6051588212195],[-81.2467127620828,41.6049580050896],[-81.2475960383327,41.6049567359361]]]},"properties":{"source_county":"Geauga","jurisdiction":"Chardon Township","parcel_id":"06-071900","owner_name":"CHONGRIS THEODORE J & JESSICA L","property_address":"9740 MENTOR RD","property_city":"CHARDON","property_zip":"44024"}},{"type":"Feature","geometry":{"type":"Polygon","coordinates":[[[-81.2250372350805,41.6103306555533],[-81.2256405985792,41.6103301909255],[-81.2256419614721,41.6116024007861],[-81.2255439690192,41.6116026651141],[-81.2254225058965,41.6116029924949],[-81.2254217451315,41.6116029949562],[-81.225039404761,41.6116040252124],[-81.225039404519,41.6116039144509],[-81.2250372350805,41.6103306555533]]]},"properties":{"source_county":"Geauga","jurisdiction":"Chardon Township","parcel_id":"06-072250","owner_name":"GEORGE THOMAS R & LISA M","property_address":"11561 HOSFORD RD","property_city":"CHARDON","property_zip":"44024"}},{"type":"Feature","geometry":{"type":"Polygon","coordinates":[[[-81.2454864901296,41.6045970703366],[-81.2459003541718,41.6045964809923],[-81.2458710158075,41.6052483853445],[-81.2455694134503,41.6052527656417],[-81.2452003423945,41.6052581247659],[-81.2452303153743,41.6045974342049],[-81.2454864901296,41.6045970703366]]]},"properties":{"source_county":"Geauga","jurisdiction":"Chardon Township","parcel_id":"06-075000","owner_name":"KREUZ ETHAN G & KIAH J","property_address":"11014 MITCHELLS MILL RD","property_city":"CHARDON","property_zip":"44024"}},{"type":"Feature","geometry":{"type":"Polygon","coordinates":[[[-81.242811218987,41.6059628836514],[-81.2438413830439,41.6059673067477],[-81.2438419768272,41.6060316405526],[-81.2438405726859,41.606200079426],[-81.2438402441986,41.6065030170605],[-81.2428172110801,41.60649393379],[-81.242811218987,41.6059628836514]]]},"properties":{"source_county":"Geauga","jurisdiction":"Chardon Township","parcel_id":"06-075600","owner_name":"DRAIN BRANDON A & SARA A","property_address":"9750 AUBURN RD","property_city":"CHARDON","property_zip":"44024"}},{"type":"Feature","geometry":{"type":"Polygon","coordinates":[[[-81.2268618044785,41.6102309111806],[-81.227457012771,41.6102304441321],[-81.2274660786506,41.6115980319563],[-81.2272839547574,41.6115984966024],[-81.2272782755003,41.6115985109411],[-81.2269562244021,41.6115993307398],[-81.2268562091837,41.6115995857205],[-81.2268562090174,41.6115995325905],[-81.2268618044785,41.6102309111806]]]},"properties":{"source_county":"Geauga","jurisdiction":"Chardon Township","parcel_id":"06-076530","owner_name":"RATAY SUSAN M","property_address":"11515 HOSFORD RD","property_city":"CHARDON","property_zip":"44024"}},{"type":"Feature","geometry":{"type":"Polygon","coordinates":[[[-81.228249270398,41.6064622710551],[-81.2287706659833,41.6062879383411],[-81.2290944593148,41.6070169225799],[-81.228267800118,41.6070896315358],[-81.2275255396598,41.6071549114785],[-81.227297550484,41.6067804778352],[-81.228249270398,41.6064622710551]]]},"properties":{"source_county":"Geauga","jurisdiction":"Chardon Township","parcel_id":"06-076630","owner_name":"STILLISANO GERALD A & EDITH R TRUSTEES","property_address":"9710 FOX MEADOW LN","property_city":"CHARDON","property_zip":"44024"}},{"type":"Feature","geometry":{"type":"Polygon","coordinates":[[[-81.2429002333921,41.6233949949432],[-81.2430099549849,41.6233944059144],[-81.2430166612833,41.6239830259304],[-81.2430180756878,41.6241071262298],[-81.2429083527617,41.6241077224684],[-81.241790914161,41.6241137845543],[-81.2417875135601,41.6237573805699],[-81.2417841297593,41.6234009785241],[-81.2429002333921,41.6233949949432]]]},"properties":{"source_county":"Geauga","jurisdiction":"Chardon Township","parcel_id":"06-080100","owner_name":"NOLAN MICHAEL D & HANRATTY KATHRYN A","property_address":"9059 AUBURN RD","property_city":"CHARDON","property_zip":"44024"}},{"type":"Feature","geometry":{"type":"Polygon","coordinates":[[[-81.2213725630013,41.6217661761302],[-81.2217599723786,41.6203480594798],[-81.2220194797307,41.6193980925393],[-81.2220591513158,41.6192528677278],[-81.2297679078609,41.6192455549644],[-81.231079438742,41.6192442599384],[-81.2318108864138,41.6192450851524],[-81.234479980239,41.6192480843698],[-81.234518043669,41.6192481260478],[-81.2356323762484,41.6217638826814],[-81.2355958349951,41.6217619381348],[-81.2344930669459,41.6217646971562],[-81.2338896016384,41.6217662028061],[-81.2333592831021,41.6217675237156],[-81.2298437560374,41.6217762741461],[-81.2297563482533,41.6217764903791],[-81.2297561970435,41.6217764905274],[-81.2288345362646,41.621775474221],[-81.226720569874,41.6217731140359],[-81.225884930867,41.6217721711776],[-81.2252448894164,41.621771444424],[-81.2246048479801,41.621770714146],[-81.2239648053583,41.6217699803303],[-81.2233247639331,41.6217692439036],[-81.2226664353114,41.6217684812634],[-81.2219898194419,41.6217676948],[-81.2213723458143,41.6217669733632],[-81.2213725630013,41.6217661761302]]]},"properties":{"source_county":"Geauga","jurisdiction":"Chardon Township","parcel_id":"06-083700","owner_name":"PRITT ARTIE P JR TOD & MARY J","property_address":"9188 RAVENNA RD","property_city":"CHARDON","property_zip":"44024"}},{"type":"Feature","geometry":{"type":"Polygon","coordinates":[[[-81.242806420915,41.6055376389287],[-81.2437548070876,41.6048207816793],[-81.2442430817242,41.6052130462523],[-81.2440110084261,41.6052745699184],[-81.2436361022929,41.6053739554854],[-81.242807081948,41.6055962320429],[-81.242806420915,41.6055376389287]]]},"properties":{"source_county":"Geauga","jurisdiction":"Chardon Township","parcel_id":"06-086700","owner_name":"HEINO MICHAEL W","property_address":"9785 MENTOR RD","property_city":"CHARDON","property_zip":"44024"}},{"type":"Feature","geometry":{"type":"Polygon","coordinates":[[[-81.2479134526729,41.6106789816403],[-81.2510359548179,41.6106509932112],[-81.2514905589784,41.6110131462595],[-81.247912671825,41.6110086812687],[-81.2479134526729,41.6106789816403]]]},"properties":{"source_county":"Geauga","jurisdiction":"Chardon Township","parcel_id":"06-088100","owner_name":"ZOVACK DAVID J & GERALDINE M AKA GERALDINE","property_address":"9559 MENTOR RD","property_city":"CHARDON","property_zip":"44024"}},{"type":"Feature","geometry":{"type":"Polygon","coordinates":[[[-81.2442681903359,41.6218015299162],[-81.245572993473,41.6218054324499],[-81.2455979766721,41.6239898691208],[-81.2430166612833,41.6239830259304],[-81.2430099549849,41.6233944059144],[-81.2430020345633,41.6226991315343],[-81.2430009322839,41.6226023296621],[-81.2442773678089,41.6226057209449],[-81.2442681903359,41.6218015299162]]]},"properties":{"source_county":"Geauga","jurisdiction":"Chardon Township","parcel_id":"06-089600","owner_name":"DAGG SHANNON R","property_address":"9074 AUBURN RD","property_city":"CHARDON","property_zip":"44024"}},{"type":"Feature","geometry":{"type":"Polygon","coordinates":[[[-81.2442992875876,41.624526299165],[-81.2448844833832,41.6245281996249],[-81.2448892582555,41.6249466056165],[-81.2444377709646,41.6249441632519],[-81.2437977120144,41.6249406987249],[-81.2431372630045,41.6249371191385],[-81.2430275243721,41.6249365240109],[-81.2430236165037,41.6245934921563],[-81.2431333423108,41.6245938503312],[-81.2442992875876,41.624526299165]]]},"properties":{"source_county":"Geauga","jurisdiction":"Chardon Township","parcel_id":"06-089700","owner_name":"KUTH NORMAN D & KATHLEEN M","property_address":"9030 AUBURN RD","property_city":"CHARDON","property_zip":"44024"}},{"type":"Feature","geometry":{"type":"Polygon","coordinates":[[[-81.2460579541911,41.6080127887459],[-81.2469470401908,41.6073852011512],[-81.2473013339642,41.607669798758],[-81.2460530467869,41.6085652859416],[-81.2450450079459,41.6092883976574],[-81.2450074231845,41.6089436956322],[-81.2449882504854,41.6087678470935],[-81.2460579541911,41.6080127887459]]]},"properties":{"source_county":"Geauga","jurisdiction":"Chardon Township","parcel_id":"06-089800","owner_name":"KENDALL ARTHUR D TOD & MARGARET J TOD","property_address":"9691 MENTOR RD","property_city":"CHARDON","property_zip":"44024"}},{"type":"Feature","geometry":{"type":"Polygon","coordinates":[[[-81.2460455826148,41.6094055403111],[-81.2478460714906,41.6081141749813],[-81.2482153265466,41.6084181416182],[-81.2460406783181,41.6099575510239],[-81.2458258969439,41.6101095862848],[-81.2454620844756,41.6098240262706],[-81.2460455826148,41.6094055403111]]]},"properties":{"source_county":"Geauga","jurisdiction":"Chardon Township","parcel_id":"06-094600","owner_name":"WILSON COURTNEY K","property_address":"9661 MENTOR RD","property_city":"CHARDON","property_zip":"44024"}},{"type":"Feature","geometry":{"type":"Polygon","coordinates":[[[-81.2467146984797,41.6071985641656],[-81.2524389964978,41.6070460482354],[-81.2524370866596,41.6079368536489],[-81.2521389968438,41.6079351106734],[-81.2515924269191,41.607931912309],[-81.2510320753048,41.6079286316755],[-81.2475961672542,41.6079084541142],[-81.2475046403911,41.6078331089704],[-81.2473013339642,41.607669798758],[-81.2469470401908,41.6073852011512],[-81.2467146984797,41.6071985641656]]]},"properties":{"source_county":"Geauga","jurisdiction":"Chardon Township","parcel_id":"06-094700","owner_name":"THOMAS BRET A TRUSTEE","property_address":"9692 MENTOR RD","property_city":"CHARDON","property_zip":"44024"}},{"type":"Feature","geometry":{"type":"Polygon","coordinates":[[[-81.2460630552753,41.6074386541899],[-81.246564472488,41.607077888153],[-81.2467146984797,41.6071985641656],[-81.2469470401908,41.6073852011512],[-81.2460579541911,41.6080127887459],[-81.2449882504854,41.6087678470935],[-81.2449622769861,41.6085296346454],[-81.2449474255727,41.6083934275875],[-81.2449320467036,41.6082523819673],[-81.2460630552753,41.6074386541899]]]},"properties":{"source_county":"Geauga","jurisdiction":"Chardon Township","parcel_id":"06-094800","owner_name":"DAGG TIMOTHY J TRUSTEE & SANDRA J TRUSTEE","property_address":"9699 MENTOR RD","property_city":"CHARDON","property_zip":"44024"}},{"type":"Feature","geometry":{"type":"Polygon","coordinates":[[[-81.2256405985792,41.6103301909255],[-81.2262439608522,41.6103297240523],[-81.2262454289294,41.6116009543096],[-81.2262281559976,41.611600996396],[-81.2256419614721,41.6116024007861],[-81.2256405985792,41.6103301909255]]]},"properties":{"source_county":"Geauga","jurisdiction":"Chardon Township","parcel_id":"06-096600","owner_name":"SEACRIST GARY & CONNIE K","property_address":"11545 HOSFORD RD","property_city":"CHARDON","property_zip":"44024"}},{"type":"Feature","geometry":{"type":"Polygon","coordinates":[[[-81.2379976664026,41.6001440534593],[-81.2391799678598,41.5993189447839],[-81.2403543825231,41.6002670721943],[-81.2391495398267,41.6011079215669],[-81.2386423908124,41.6006986373331],[-81.238358258832,41.6004542327669],[-81.2379976664026,41.6001440534593]]]},"properties":{"source_county":"Geauga","jurisdiction":"Chardon Township","parcel_id":"06-097700","owner_name":"SHANOWER GARY L TOD & GALE A TOD","property_address":"9944 MENTOR RD","property_city":"CHARDON","property_zip":"44024"}},{"type":"Feature","geometry":{"type":"Polygon","coordinates":[[[-81.2309800270577,41.6103939996345],[-81.2313457013009,41.6103933370587],[-81.2318759575281,41.6115875732997],[-81.2315830383381,41.6115880853915],[-81.2315102243065,41.6115882126599],[-81.2309800270577,41.6103939996345]]]},"properties":{"source_county":"Geauga","jurisdiction":"Chardon Township","parcel_id":"06-098300","owner_name":"ARENDT KENNETH A & NORMA JEAN","property_address":"11415 HOSFORD RD","property_city":"CHARDON","property_zip":"44024"}},{"type":"Feature","geometry":{"type":"Polygon","coordinates":[[[-81.2448239295096,41.6072607584602],[-81.2458362108935,41.60649287124],[-81.2459719148515,41.6066018843287],[-81.2460697894461,41.6066805076492],[-81.246250957249,41.6068260408813],[-81.2460672868581,41.6069621947344],[-81.2448867871185,41.6078372759668],[-81.2448239295096,41.6072607584602]]]},"properties":{"source_county":"Geauga","jurisdiction":"Chardon Township","parcel_id":"06-098800","owner_name":"TRYKOWSKI TY J TOD & DIANE TOD","property_address":"9737 MENTOR RD","property_city":"CHARDON","property_zip":"44024"}},{"type":"Feature","geometry":{"type":"Polygon","coordinates":[[[-81.2262431972437,41.6097759925176],[-81.2281629725211,41.60977448531],[-81.2281636138295,41.6102298858],[-81.227457012771,41.6102304441321],[-81.2268618044785,41.6102309111806],[-81.2262438251952,41.6102313930177],[-81.2262431972437,41.6097759925176]]]},"properties":{"source_county":"Geauga","jurisdiction":"Chardon Township","parcel_id":"06-098940","owner_name":"SHIEFF JOSEPH R & SANDRA M","property_address":"9585 FOX MEADOW LN","property_city":"CHARDON","property_zip":"44024"}},{"type":"Feature","geometry":{"type":"Polygon","coordinates":[[[-81.2357743330465,41.6108140952596],[-81.2357563438811,41.610083477635],[-81.2355330927575,41.6098498725947],[-81.2354149854918,41.6091523301453],[-81.2365639668156,41.6092968764699],[-81.2365801906914,41.6104933312095],[-81.2365847973845,41.610832991619],[-81.2363780768696,41.6106982107854],[-81.2362969777342,41.6107312732331],[-81.2363229937017,41.6108154986021],[-81.2364325591657,41.611047825321],[-81.2364604900076,41.6110909277888],[-81.2364845500797,41.6112106664496],[-81.2364732225089,41.6113332746435],[-81.2364926341631,41.6113683134461],[-81.2365920329979,41.6113796353098],[-81.2365947157124,41.6115795414557],[-81.2358634030475,41.6115808476955],[-81.2357743330465,41.6108140952596]]]},"properties":{"source_county":"Geauga","jurisdiction":"Chardon Township","parcel_id":"06-098980","owner_name":"JORDAN JEFFREY S & KAREN L","property_address":"11287 HOSFORD RD","property_city":"CHARDON","property_zip":"44024"}},{"type":"Feature","geometry":{"type":"Polygon","coordinates":[[[-81.2475961672542,41.6079084541142],[-81.2510320753048,41.6079286316755],[-81.2492404417351,41.6092241976774],[-81.2489569654472,41.609005473159],[-81.2485944662122,41.6087257712454],[-81.24850781641,41.6086589124153],[-81.2482153265466,41.6084181416182],[-81.2478460714906,41.6081141749813],[-81.2475961672542,41.6079084541142]]]},"properties":{"source_county":"Geauga","jurisdiction":"Chardon Township","parcel_id":"06-100500","owner_name":"QUINN DANIEL J & MARKOPOULOS KRISTAN","property_address":"9642 MENTOR RD","property_city":"CHARDON","property_zip":"44024"}},{"type":"Feature","geometry":{"type":"Polygon","coordinates":[[[-81.2475642818721,41.6045940948354],[-81.2479174183574,41.6045935856977],[-81.2479226785335,41.604956264433],[-81.2475960383327,41.6049567359361],[-81.2475642818721,41.6045940948354]]]},"properties":{"source_county":"Geauga","jurisdiction":"Chardon Township","parcel_id":"06-100900","owner_name":"KUCZER DENNIS M & CAROL A","property_address":"10956 MITCHELLS MILL RD","property_city":"CHARDON","property_zip":"44024"}},{"type":"Feature","geometry":{"type":"Polygon","coordinates":[[[-81.2467075086101,41.6045953262998],[-81.2475642818721,41.6045940948354],[-81.2475960383327,41.6049567359361],[-81.2467127620828,41.6049580050896],[-81.2467075086101,41.6045953262998]]]},"properties":{"source_county":"Geauga","jurisdiction":"Chardon Township","parcel_id":"06-101000","owner_name":"COATES RICHARD A & ELLIS COATES JEAN M","property_address":"10970 MITCHELLS MILL RD","property_city":"CHARDON","property_zip":"44024"}},{"type":"Feature","geometry":{"type":"Polygon","coordinates":[[[-81.2333592831021,41.6217675237156],[-81.2338896016384,41.6217662028061],[-81.2338899133018,41.6217756485694],[-81.2340462303793,41.6265107454577],[-81.2335158903312,41.6265125562206],[-81.2333595537214,41.6217757380861],[-81.2333592831021,41.6217675237156]]]},"properties":{"source_county":"Geauga","jurisdiction":"Chardon Township","parcel_id":"06-102725","owner_name":"SPIKES WILLIE A JR & NELL O","property_address":" CLARK RD","property_city":"CHARDON","property_zip":"44024"}},{"type":"Feature","geometry":{"type":"Polygon","coordinates":[[[-81.2237219062428,41.6055810220225],[-81.2263215331867,41.6055949976284],[-81.22632420393,41.6056234184891],[-81.2263320781727,41.6056512902519],[-81.2263450050416,41.6056780788606],[-81.2263627368481,41.6057032710131],[-81.2263849338341,41.6057263839964],[-81.2264111706819,41.6057469749368],[-81.2264409446637,41.6057646492857],[-81.2264736852738,41.6057790683797],[-81.2265044539565,41.6057944380522],[-81.2265290688993,41.6058151314517],[-81.2265459411681,41.6058398127914],[-81.2265539816251,41.605866888856],[-81.2265575157671,41.6058780692253],[-81.2265735930467,41.6059325823698],[-81.2265926133825,41.6059865591734],[-81.2254810002418,41.6060540241401],[-81.2246197319,41.6068723813251],[-81.224786902792,41.6071469533918],[-81.2250148649091,41.6075213701493],[-81.2251112177868,41.6076796240574],[-81.2243205887761,41.6076802279732],[-81.2239549294959,41.6076805055492],[-81.2226266968621,41.6076815034196],[-81.2221696416496,41.6076818430797],[-81.2231366427521,41.6067756064929],[-81.2237219062428,41.6055810220225]]]},"properties":{"source_county":"Geauga","jurisdiction":"Chardon Township","parcel_id":"06-102727","owner_name":"VAN OSTRAND CARY A TOD","property_address":"9755 FOX MEADOW LN","property_city":"CHARDON","property_zip":"44024"}},{"type":"Feature","geometry":{"type":"Polygon","coordinates":[[[-81.2295945001861,41.610151746205],[-81.2302002953066,41.6101512565912],[-81.2302023691772,41.6115912070191],[-81.2302023691716,41.611591269152],[-81.2298028755372,41.6115922582072],[-81.2296949398397,41.6115925245042],[-81.2296939234875,41.6115925278014],[-81.2295965615269,41.6115927682205],[-81.2295945001861,41.610151746205]]]},"properties":{"source_county":"Geauga","jurisdiction":"Chardon Township","parcel_id":"06-103520","owner_name":"MILLER JOSHUA G & SUNSHINE","property_address":"11445 HOSFORD RD","property_city":"CHARDON","property_zip":"44024"}},{"type":"Feature","geometry":{"type":"Polygon","coordinates":[[[-81.2297704092119,41.6186979618708],[-81.2310808535157,41.6186953881038],[-81.231079438742,41.6192442599384],[-81.2297679078609,41.6192455549644],[-81.2220591513158,41.6192528677278],[-81.2222067538827,41.6187125308573],[-81.2297704092119,41.6186979618708]]]},"properties":{"source_county":"Geauga","jurisdiction":"Chardon Township","parcel_id":"06-104200","owner_name":"FLICK JONATHAN W & SHANNA L","property_address":"9244 RAVENNA RD","property_city":"CHARDON","property_zip":"44024"}},{"type":"Feature","geometry":{"type":"Polygon","coordinates":[[[-81.2403211261814,41.6101998311074],[-81.240690700293,41.6101991823155],[-81.240691271753,41.6102461213345],[-81.2406993281254,41.6109085341105],[-81.2407073994165,41.6115721130129],[-81.2403380630582,41.6115727861302],[-81.2403211261814,41.6101998311074]]]},"properties":{"source_county":"Geauga","jurisdiction":"Chardon Township","parcel_id":"06-107200","owner_name":"DORSETT CLAIRE","property_address":"11175 HOSFORD RD","property_city":"CHARDON","property_zip":"44024"}},{"type":"Feature","geometry":{"type":"Polygon","coordinates":[[[-81.2399560169079,41.609949492307],[-81.2406876450989,41.6099482080532],[-81.240690700293,41.6101991823155],[-81.2403211261814,41.6101998311074],[-81.2403380630582,41.6115727861302],[-81.239976041332,41.6115734446392],[-81.2399560169079,41.609949492307]]]},"properties":{"source_county":"Geauga","jurisdiction":"Chardon Township","parcel_id":"06-107300","owner_name":"DORSETT CLAIRE","property_address":" HOSFORD RD","property_city":"CHARDON","property_zip":"44024"}},{"type":"Feature","geometry":{"type":"Polygon","coordinates":[[[-81.2429917645731,41.6217976972362],[-81.2442681903359,41.6218015299162],[-81.2442773678089,41.6226057209449],[-81.2430009322839,41.6226023296621],[-81.2429917645731,41.6217976972362]]]},"properties":{"source_county":"Geauga","jurisdiction":"Chardon Township","parcel_id":"06-110500","owner_name":"VAUGHN ARBIN TOD & LORETTA TOD","property_address":"9120 AUBURN RD","property_city":"CHARDON","property_zip":"44024"}},{"type":"Feature","geometry":{"type":"Polygon","coordinates":[[[-81.2438402441986,41.6065030170605],[-81.2447408424604,41.6064986834153],[-81.2447823055907,41.6068789893671],[-81.2428215631742,41.6068724441932],[-81.2428172110801,41.60649393379],[-81.2438402441986,41.6065030170605]]]},"properties":{"source_county":"Geauga","jurisdiction":"Chardon Township","parcel_id":"06-110600","owner_name":"DEHNERT LOVINA","property_address":"9720 AUBURN RD","property_city":"CHARDON","property_zip":"44024"}},{"type":"Feature","geometry":{"type":"Polygon","coordinates":[[[-81.2428215631742,41.6068724441932],[-81.2447823055907,41.6068789893671],[-81.2448239295096,41.6072607584602],[-81.2448867871185,41.6078372759668],[-81.2449320467036,41.6082523819673],[-81.2449474255727,41.6083934275875],[-81.2428384553447,41.6083412388853],[-81.2428313370637,41.6077716707127],[-81.2428245577793,41.6071328008887],[-81.2428215631742,41.6068724441932]]]},"properties":{"source_county":"Geauga","jurisdiction":"Chardon Township","parcel_id":"06-110650","owner_name":"YATES ROBERT H TOD","property_address":" AUBURN RD","property_city":"CHARDON","property_zip":"44024"}},{"type":"Feature","geometry":{"type":"Polygon","coordinates":[[[-81.2445073371987,41.6060417484185],[-81.2450995956752,41.6059011281745],[-81.2453057847906,41.6060667661977],[-81.2454664417887,41.6061958274314],[-81.2447408424604,41.6064986834153],[-81.2438402441986,41.6065030170605],[-81.2438405726859,41.606200079426],[-81.2445073371987,41.6060417484185]]]},"properties":{"source_county":"Geauga","jurisdiction":"Chardon Township","parcel_id":"06-110700","owner_name":"COVELL THOMAS TOD","property_address":"9745 MENTOR RD","property_city":"CHARDON","property_zip":"44024"}},{"type":"Feature","geometry":{"type":"Polygon","coordinates":[[[-81.2406656677816,41.6071326794621],[-81.2428245577793,41.6071328008887],[-81.2428313370637,41.6077716707127],[-81.2406672187368,41.6077715569101],[-81.2399878603606,41.6077715129812],[-81.239983159456,41.6071326328112],[-81.2406656677816,41.6071326794621]]]},"properties":{"source_county":"Geauga","jurisdiction":"Chardon Township","parcel_id":"06-111150","owner_name":"OLSON ELIZABETH M","property_address":"9695 AUBURN RD","property_city":"CHARDON","property_zip":"44024"}},{"type":"Feature","geometry":{"type":"Polygon","coordinates":[[[-81.2289887050566,41.6101522326608],[-81.2295945001861,41.610151746205],[-81.2295965615269,41.6115927682205],[-81.2291633943644,41.6115938380748],[-81.2289907550541,41.6115942641441],[-81.2289887050566,41.6101522326608]]]},"properties":{"source_county":"Geauga","jurisdiction":"Chardon Township","parcel_id":"06-114480","owner_name":"WICHMAN KEITH","property_address":"11461 HOSFORD RD","property_city":"CHARDON","property_zip":"44024"}},{"type":"Feature","geometry":{"type":"Polygon","coordinates":[[[-81.2438120599239,41.6025302599384],[-81.2455159464406,41.6025294630928],[-81.2454864901296,41.6045970703366],[-81.2452303153743,41.6045974342049],[-81.2437825259765,41.604599482849],[-81.2437960408272,41.603652538917],[-81.2438120599239,41.6025302599384]]]},"properties":{"source_county":"Geauga","jurisdiction":"Chardon Township","parcel_id":"06-114600","owner_name":"WICK HELGA TRUSTEE","property_address":"11049 MITCHELLS MILL RD","property_city":"CHARDON","property_zip":"44024"}},{"type":"Feature","geometry":{"type":"Polygon","coordinates":[[[-81.2428502663262,41.6093741771008],[-81.2450599499016,41.6093812315108],[-81.2450743064435,41.6094704328201],[-81.2446969816917,41.6094715502634],[-81.2446998688718,41.6097465985032],[-81.2428544627094,41.6097428234295],[-81.2428531308469,41.609625826361],[-81.2428502663262,41.6093741771008]]]},"properties":{"source_county":"Geauga","jurisdiction":"Chardon Township","parcel_id":"06-115700","owner_name":"WILLIAMS DAVID A & JANET M TRUSTEES","property_address":"9610 AUBURN RD","property_city":"CHARDON","property_zip":"44024"}},{"type":"Feature","geometry":{"type":"Polygon","coordinates":[[[-81.2427382334611,41.6005675338199],[-81.2427363581681,41.6003377518091],[-81.2441947435704,41.6004198203044],[-81.2461578395306,41.599988247367],[-81.2461420736286,41.6010364349662],[-81.2427397574017,41.6007542105883],[-81.2427382334611,41.6005675338199]]]},"properties":{"source_county":"Geauga","jurisdiction":"Chardon Township","parcel_id":"06-117400","owner_name":"NOWICKI JOHN J TOD","property_address":"9960 AUBURN RD","property_city":"CHARDON","property_zip":"44024"}},{"type":"Feature","geometry":{"type":"Polygon","coordinates":[[[-81.2455280383003,41.6016806049079],[-81.2461323852298,41.6016805766473],[-81.2461304540909,41.6018089495757],[-81.2460897644134,41.6045140298358],[-81.2460885284056,41.6045962120603],[-81.24608830285,41.6045962123276],[-81.2459003541718,41.6045964809923],[-81.2454864901296,41.6045970703366],[-81.2455159464406,41.6025294630928],[-81.2455189106372,41.6023213964369],[-81.2455280383003,41.6016806049079]]]},"properties":{"source_county":"Geauga","jurisdiction":"Chardon Township","parcel_id":"06-117500","owner_name":"POE DONALD L & CAROL A TRUSTEES","property_address":"11001 MITCHELLS MILL RD","property_city":"CHARDON","property_zip":"44024"}},{"type":"Feature","geometry":{"type":"Polygon","coordinates":[[[-81.2254225058965,41.6116029924949],[-81.2255439690192,41.6116026651141],[-81.2255439695351,41.6116027002384],[-81.2255510721926,41.6132440585265],[-81.2249016227874,41.613333562616],[-81.2248941556863,41.6116043386963],[-81.225039404761,41.6116040252124],[-81.2254217451315,41.6116029949562],[-81.2254225058965,41.6116029924949]]]},"properties":{"source_county":"Geauga","jurisdiction":"Chardon Township","parcel_id":"06-117750","owner_name":"HOLTMAN THOMAS J & CATHERINE","property_address":"11560 HOSFORD RD","property_city":"CHARDON","property_zip":"44024"}},{"type":"Feature","geometry":{"type":"Polygon","coordinates":[[[-81.2460530467869,41.6085652859416],[-81.2473013339642,41.607669798758],[-81.2475046403911,41.6078331089704],[-81.2475961672542,41.6079084541142],[-81.2478460714906,41.6081141749813],[-81.2460455826148,41.6094055403111],[-81.2454620844756,41.6098240262706],[-81.2450833743946,41.6095267699724],[-81.2450743064435,41.6094704328201],[-81.2450599499016,41.6093812315108],[-81.2450450079459,41.6092883976574],[-81.2460530467869,41.6085652859416]]]},"properties":{"source_county":"Geauga","jurisdiction":"Chardon Township","parcel_id":"06-119100","owner_name":"AYLWARD STEVEN","property_address":"9673 MENTOR RD","property_city":"CHARDON","property_zip":"44024"}},{"type":"Feature","geometry":{"type":"Polygon","coordinates":[[[-81.2428390755137,41.6083909059772],[-81.2428384553447,41.6083412388853],[-81.2449474255727,41.6083934275875],[-81.2449622769861,41.6085296346454],[-81.2428404373478,41.6085105877403],[-81.2428390755137,41.6083909059772]]]},"properties":{"source_county":"Geauga","jurisdiction":"Chardon Township","parcel_id":"06-119300","owner_name":"YATES ROBERT H TOD","property_address":" AUBURN RD","property_city":"CHARDON","property_zip":"44024"}},{"type":"Feature","geometry":{"type":"Polygon","coordinates":[[[-81.2428404373478,41.6085105877403],[-81.2449622769861,41.6085296346454],[-81.2449882504854,41.6087678470935],[-81.2450074231845,41.6089436956322],[-81.2428452071273,41.608929644549],[-81.2428404373478,41.6085105877403]]]},"properties":{"source_county":"Geauga","jurisdiction":"Chardon Township","parcel_id":"06-119400","owner_name":"GERLICA MICHAEL STEVEN & DAWN MARIE","property_address":"9650 AUBURN RD","property_city":"CHARDON","property_zip":"44024"}},{"type":"Feature","geometry":{"type":"Polygon","coordinates":[[[-81.2429448247755,41.6176769859095],[-81.2429195571027,41.6154586154091],[-81.2429122871558,41.6148203425877],[-81.2429093443925,41.614561998804],[-81.2431242039799,41.6144166945236],[-81.2439681308367,41.6144170700521],[-81.2448448560056,41.6160922028937],[-81.2488319150353,41.6166296827442],[-81.2490163962123,41.6166545488692],[-81.2497695051066,41.6164326175639],[-81.2496266466001,41.6183768257939],[-81.2496192342722,41.6185489722088],[-81.2487984233001,41.6185495291981],[-81.248429196664,41.6185497775956],[-81.2455415482695,41.6185516803614],[-81.2429548063673,41.6185533239868],[-81.2429538891113,41.6184728225457],[-81.2429501384419,41.6181435112344],[-81.2429448247755,41.6176769859095]]]},"properties":{"source_county":"Geauga","jurisdiction":"Chardon Township","parcel_id":"06-120114","owner_name":"MOORE GEAUGA LLC","property_address":"9420 AUBURN RD","property_city":"CHARDON","property_zip":"44024"}},{"type":"Feature","geometry":{"type":"Polygon","coordinates":[[[-81.2302023691716,41.611591269152],[-81.230387263351,41.6115908085887],[-81.2303888392007,41.6125772212402],[-81.2297980039699,41.6126586727235],[-81.2296576314763,41.6126780239482],[-81.2291684415539,41.612745460756],[-81.2291633945676,41.6115938894042],[-81.2291633943644,41.6115938380748],[-81.2295965615269,41.6115927682205],[-81.2296939234875,41.6115925278014],[-81.2296949398397,41.6115925245042],[-81.2298028755372,41.6115922582072],[-81.2302023691716,41.611591269152]]]},"properties":{"source_county":"Geauga","jurisdiction":"Chardon Township","parcel_id":"06-120119","owner_name":"ST CLAIR SCOTT N & MARIANNE W","property_address":"11450 HOSFORD RD","property_city":"CHARDON","property_zip":"44024"}},{"type":"Feature","geometry":{"type":"Polygon","coordinates":[[[-81.2305948630192,41.6103946966837],[-81.2309800270577,41.6103939996345],[-81.2315102243065,41.6115882126599],[-81.2311254011119,41.6115889782979],[-81.2305948630192,41.6103946966837]]]},"properties":{"source_county":"Geauga","jurisdiction":"Chardon Township","parcel_id":"06-120133","owner_name":"ARENDT KENNETH A & NORMA JEAN","property_address":" HOSFORD RD","property_city":"CHARDON","property_zip":"44024"}},{"type":"Feature","geometry":{"type":"Polygon","coordinates":[[[-81.2428752471269,41.6115681381723],[-81.2447189677982,41.6115656961785],[-81.2447375377309,41.6133342910758],[-81.2442283304167,41.6137700861104],[-81.2429003441437,41.6137718140634],[-81.242895948616,41.6133858355508],[-81.2428865404051,41.6125598107615],[-81.2428752471269,41.6115681381723]]]},"properties":{"source_county":"Geauga","jurisdiction":"Chardon Township","parcel_id":"06-120141","owner_name":"MOORE GEAUGA LLC","property_address":" AUBURN RD","property_city":"CHARDON","property_zip":"44024"}},{"type":"Feature","geometry":{"type":"Polygon","coordinates":[[[-81.2448892582555,41.6249466056165],[-81.2448844833832,41.6245281996249],[-81.2442992875876,41.624526299165],[-81.2431333423108,41.6245938503312],[-81.2430236165037,41.6245934921563],[-81.2430180756878,41.6241071262298],[-81.2430166612833,41.6239830259304],[-81.2455979766721,41.6239898691208],[-81.245572993473,41.6218054324499],[-81.246650200669,41.621808643684],[-81.2482888035416,41.6218135098927],[-81.2487406298379,41.6218148471095],[-81.2487366846675,41.6220565668317],[-81.2487258518115,41.6227201813577],[-81.2486891716793,41.6249670890725],[-81.2456405103692,41.6249506653907],[-81.2448892582555,41.6249466056165]]]},"properties":{"source_county":"Geauga","jurisdiction":"Chardon Township","parcel_id":"06-120168","owner_name":"LANGEL JOHN WILLIAM & STEPHANIE MARY NEAL","property_address":"9038 AUBURN RD","property_city":"CHARDON","property_zip":"44024"}},{"type":"Feature","geometry":{"type":"Polygon","coordinates":[[[-81.2330366236266,41.6107341593153],[-81.2342060878475,41.6104845663748],[-81.2345951442474,41.6115112629468],[-81.2345963030208,41.611514319177],[-81.2345952100849,41.6115143739108],[-81.2331858866044,41.6115853904448],[-81.2331573459494,41.6115833312108],[-81.2331298888747,41.6115771331833],[-81.2331045703757,41.6115670345121],[-81.2330823632749,41.6115534232226],[-81.233064120843,41.6115368223071],[-81.2330505440129,41.6115178696293],[-81.2330421544479,41.6114972934146],[-81.233039274498,41.6114758842697],[-81.2330366236266,41.6107341593153]]]},"properties":{"source_county":"Geauga","jurisdiction":"Chardon Township","parcel_id":"06-120170","owner_name":"QUIN LORI A TOD","property_address":"9550 CAMPTON RIDGE DR","property_city":"CHARDON","property_zip":"44024"}},{"type":"Feature","geometry":{"type":"Polygon","coordinates":[[[-81.2313457013009,41.6103933370587],[-81.2326691069217,41.6101109068274],[-81.2327036583465,41.6101897841013],[-81.2327337270089,41.6102696889475],[-81.2327592589202,41.6103504779397],[-81.2327802082344,41.6104320060639],[-81.2327965373311,41.6105141269789],[-81.232808216882,41.6105966932789],[-81.2328152259051,41.6106795567583],[-81.2328175518013,41.6107625686771],[-81.2328198674809,41.6114762383383],[-81.2328171257573,41.611497661056],[-81.232808867412,41.6115182706334],[-81.2327954098498,41.6115372749409],[-81.2327772703086,41.6115539435469],[-81.2327551459799,41.6115676357922],[-81.2327298872126,41.6115778254138],[-81.2327024648296,41.6115841207723],[-81.2326739328139,41.6115862799046],[-81.2318759575281,41.6115875732997],[-81.2313457013009,41.6103933370587]]]},"properties":{"source_county":"Geauga","jurisdiction":"Chardon Township","parcel_id":"06-120171","owner_name":"KIEBLER PAUL E IV TRUSTEE","property_address":" HOSFORD RD","property_city":"CHARDON","property_zip":"44024"}},{"type":"Feature","geometry":{"type":"Polygon","coordinates":[[[-81.2406837662965,41.6096295405277],[-81.2428531308469,41.609625826361],[-81.2428544627094,41.6097428234295],[-81.2428583441754,41.6100838910267],[-81.2428601587037,41.6102432868081],[-81.241775717651,41.6102447091572],[-81.240691271753,41.6102461213345],[-81.240690700293,41.6101991823155],[-81.2406876450989,41.6099482080532],[-81.2406837662965,41.6096295405277]]]},"properties":{"source_county":"Geauga","jurisdiction":"Chardon Township","parcel_id":"06-120174","owner_name":"DEBEVEC JEREMY E & AMY H","property_address":"9595 AUBURN RD","property_city":"CHARDON","property_zip":"44024"}},{"type":"Feature","geometry":{"type":"Polygon","coordinates":[[[-81.2406687308076,41.6083946223244],[-81.2428390755137,41.6083909059772],[-81.2428404373478,41.6085105877403],[-81.2428452071273,41.608929644549],[-81.2428502663262,41.6093741771008],[-81.2428531308469,41.609625826361],[-81.2406837662965,41.6096295405277],[-81.2406740266845,41.6088295758043],[-81.2406687308076,41.6083946223244]]]},"properties":{"source_county":"Geauga","jurisdiction":"Chardon Township","parcel_id":"06-120175","owner_name":"OZINGA JOHN G IV & SARAH J","property_address":"9655 AUBURN RD","property_city":"CHARDON","property_zip":"44024"}},{"type":"Feature","geometry":{"type":"Polygon","coordinates":[[[-81.2408954669431,41.611571769174],[-81.2408873966214,41.6109082902686],[-81.2406993281254,41.6109085341105],[-81.240691271753,41.6102461213345],[-81.241775717651,41.6102447091572],[-81.2417907899457,41.6115701316262],[-81.2408954669431,41.611571769174]]]},"properties":{"source_county":"Geauga","jurisdiction":"Chardon Township","parcel_id":"06-120176","owner_name":"DORSETT CLAIRE","property_address":" HOSFORD RD","property_city":"CHARDON","property_zip":"44024"}},{"type":"Feature","geometry":{"type":"Polygon","coordinates":[[[-81.249162120593,41.6032395681556],[-81.2508756562711,41.6032338158578],[-81.2508906395651,41.6045892547546],[-81.2501943079538,41.6045902762976],[-81.2499274097068,41.6045906666431],[-81.2491752564131,41.6045917631565],[-81.249162120593,41.6032395681556]]]},"properties":{"source_county":"Geauga","jurisdiction":"Chardon Township","parcel_id":"06-120179","owner_name":"LANE MICHELLE D","property_address":"10909 MITCHELLS MILL RD","property_city":"CHARDON","property_zip":"44024"}},{"type":"Feature","geometry":{"type":"Polygon","coordinates":[[[-81.2466974459524,41.6029522031],[-81.2479262368251,41.6029504349754],[-81.2479290341616,41.6032042817916],[-81.2479443423731,41.6045935471546],[-81.2479174183574,41.6045935856977],[-81.2475642818721,41.6045940948354],[-81.2467075086101,41.6045953262998],[-81.2466621861247,41.6045953912157],[-81.2466974459524,41.6029522031]]]},"properties":{"source_county":"Geauga","jurisdiction":"Chardon Township","parcel_id":"06-120183","owner_name":"LOVE GAIL JOANNE TRUSTEE","property_address":" MITCHELLS MILL RD","property_city":"CHARDON","property_zip":"44024"}},{"type":"Feature","geometry":{"type":"Polygon","coordinates":[[[-81.2464195111837,41.6045957385378],[-81.2464504040291,41.6027298520954],[-81.2479673845214,41.6027585598065],[-81.248065164516,41.6027604706888],[-81.2483984136261,41.6018034801192],[-81.249144129073,41.6018016722254],[-81.249162120593,41.6032395681556],[-81.2483871712884,41.6032173932849],[-81.2479290341616,41.6032042817916],[-81.2479262368251,41.6029504349754],[-81.2466974459524,41.6029522031],[-81.2466621861247,41.6045953912157],[-81.2464195111837,41.6045957385378]]]},"properties":{"source_county":"Geauga","jurisdiction":"Chardon Township","parcel_id":"06-120185","owner_name":"LOVE GAIL JOANNE TRUSTEE","property_address":" MITCHELLS MILL RD","property_city":"CHARDON","property_zip":"44024"}},{"type":"Feature","geometry":{"type":"Polygon","coordinates":[[[-81.2482918598642,41.6018037387806],[-81.2483984136261,41.6018034801192],[-81.248065164516,41.6027604706888],[-81.2479673845214,41.6027585598065],[-81.2482918598642,41.6018037387806]]]},"properties":{"source_county":"Geauga","jurisdiction":"Chardon Township","parcel_id":"06-120186","owner_name":"LOVE GAIL JOANNE TRUSTEE","property_address":" MITCHELLS MILL RD","property_city":"CHARDON","property_zip":"44024"}},{"type":"Feature","geometry":{"type":"Polygon","coordinates":[[[-81.2303057320359,41.6097438222411],[-81.2321773352596,41.6093444090346],[-81.2325338064564,41.6098738184458],[-81.2325715147259,41.6099318043187],[-81.2326066591579,41.6099906903775],[-81.2326392016505,41.6100504127926],[-81.2326691069217,41.6101109068274],[-81.2313457013009,41.6103933370587],[-81.2309800270577,41.6103939996345],[-81.2305948630192,41.6103946966837],[-81.2304866180019,41.6101510235717],[-81.2303057320359,41.6097438222411]]]},"properties":{"source_county":"Geauga","jurisdiction":"Chardon Township","parcel_id":"06-120189","owner_name":"RILEY FREDERICK H N & IRENE TRUSTEES","property_address":"9595 CAMPTON RIDGE DR","property_city":"CHARDON","property_zip":"44024"}},{"type":"Feature","geometry":{"type":"Polygon","coordinates":[[[-81.2300096677946,41.6090773252393],[-81.2317545862863,41.60870494976],[-81.2318309705389,41.6088285879285],[-81.2318741047547,41.6088940641889],[-81.2321773352596,41.6093444090346],[-81.2303057320359,41.6097438222411],[-81.2302794515798,41.6096846591226],[-81.2300600976277,41.6091908521986],[-81.2300096677946,41.6090773252393]]]},"properties":{"source_county":"Geauga","jurisdiction":"Chardon Township","parcel_id":"06-120190","owner_name":"CAMINO MICHAEL C & STACIA C","property_address":"9635 CAMPTON RIDGE DR","property_city":"CHARDON","property_zip":"44024"}},{"type":"Feature","geometry":{"type":"Polygon","coordinates":[[[-81.2296997330233,41.6083795857103],[-81.2314017443167,41.6080163681559],[-81.2313950881051,41.608066865451],[-81.2314583562729,41.6080715624026],[-81.2315196444031,41.608233129752],[-81.2315895227469,41.6083927209261],[-81.2316678787726,41.6085500787786],[-81.2317545862863,41.60870494976],[-81.2300096677946,41.6090773252393],[-81.2297131543728,41.6084098012134],[-81.2296997330233,41.6083795857103]]]},"properties":{"source_county":"Geauga","jurisdiction":"Chardon Township","parcel_id":"06-120191","owner_name":"IGREC JOHN N & PERRI JENNIFER R","property_address":"9665 CAMPTON RIDGE DR","property_city":"CHARDON","property_zip":"44024"}},{"type":"Feature","geometry":{"type":"Polygon","coordinates":[[[-81.2296997330233,41.6083795857103],[-81.2294019464262,41.6077091823214],[-81.2312869916366,41.6073069042321],[-81.2313026786758,41.6074243349363],[-81.2313248731841,41.6075660692205],[-81.2313534937255,41.6077071531322],[-81.2313885070591,41.6078474226075],[-81.2314298725093,41.6079867145283],[-81.2314058869825,41.6079849344603],[-81.2314017443167,41.6080163681559],[-81.2296997330233,41.6083795857103]]]},"properties":{"source_county":"Geauga","jurisdiction":"Chardon Township","parcel_id":"06-120192","owner_name":"NAVATSYK ANNA & KALINGO VANCE EZRA","property_address":"9685 CAMPTON RIDGE DR","property_city":"CHARDON","property_zip":"44024"}},{"type":"Feature","geometry":{"type":"Polygon","coordinates":[[[-81.2291301856582,41.6070973569165],[-81.2311646259237,41.6066631962752],[-81.2311990069092,41.6068014874067],[-81.2312289273986,41.606940361461],[-81.2312543699049,41.6070797374056],[-81.2312753195539,41.6072195339147],[-81.2312869916366,41.6073069042321],[-81.2294019464262,41.6077091823214],[-81.2293141791578,41.6075115904058],[-81.2291301856582,41.6070973569165]]]},"properties":{"source_county":"Geauga","jurisdiction":"Chardon Township","parcel_id":"06-120193","owner_name":"VANEK DOUGLAS J & DIANE L","property_address":"9699 CAMPTON RIDGE DR","property_city":"CHARDON","property_zip":"44024"}},{"type":"Feature","geometry":{"type":"Polygon","coordinates":[[[-81.2287664392723,41.606278420857],[-81.2308574242282,41.6058321938958],[-81.2309027782814,41.6059296990271],[-81.2309458219826,41.606027792351],[-81.2309865417905,41.6061264430314],[-81.2310249248939,41.6062256200568],[-81.2308490051399,41.6061558223672],[-81.2308148282311,41.6062043477715],[-81.2310514193025,41.6062982169648],[-81.231111934856,41.6064800230504],[-81.2311646259237,41.6066631962752],[-81.2291301856582,41.6070973569165],[-81.2290944593148,41.6070169225799],[-81.2287706659833,41.6062879383411],[-81.2287664392723,41.606278420857]]]},"properties":{"source_county":"Geauga","jurisdiction":"Chardon Township","parcel_id":"06-120194","owner_name":"MAKEE JACK W & JESSICA A","property_address":"9729 CAMPTON RIDGE DR","property_city":"CHARDON","property_zip":"44024"}},{"type":"Feature","geometry":{"type":"Polygon","coordinates":[[[-81.2285079888077,41.6056965333601],[-81.2305388609867,41.6052631363752],[-81.2306013375773,41.6053623908175],[-81.23050185006,41.6053981010653],[-81.2305334006565,41.6054476173498],[-81.2306316438247,41.6054123536258],[-81.2306921558395,41.6055160585487],[-81.2307499709772,41.6056206266232],[-81.2308050673829,41.6057260183444],[-81.2308574242282,41.6058321938958],[-81.2287664392723,41.606278420857],[-81.2285440160289,41.6057776483818],[-81.2285079888077,41.6056965333601]]]},"properties":{"source_county":"Geauga","jurisdiction":"Chardon Township","parcel_id":"06-120195","owner_name":"VESPA JOHN A & JACQUELINE M","property_address":"9759 CAMPTON RIDGE DR","property_city":"CHARDON","property_zip":"44024"}},{"type":"Feature","geometry":{"type":"Polygon","coordinates":[[[-81.2282345101934,41.605080800892],[-81.2301071830125,41.6046811659802],[-81.2302233774357,41.6048231226911],[-81.230334114912,41.6049675157404],[-81.2304393047978,41.6051142269827],[-81.2305388609867,41.6052631363752],[-81.2285079888077,41.6056965333601],[-81.2283578413729,41.6053584809374],[-81.2282345101934,41.605080800892]]]},"properties":{"source_county":"Geauga","jurisdiction":"Chardon Township","parcel_id":"06-120196","owner_name":"MELCHREIT RONALD A & BARBARA J","property_address":"9779 CAMPTON RIDGE DR","property_city":"CHARDON","property_zip":"44024"}},{"type":"Feature","geometry":{"type":"Polygon","coordinates":[[[-81.2281870432357,41.6043535580594],[-81.2296901131626,41.6040327522043],[-81.229709639972,41.6040969380447],[-81.2297334154352,41.6041603113738],[-81.2297613801659,41.6042227138653],[-81.229793464311,41.6042839896178],[-81.2298295877254,41.6043439855444],[-81.2298696601716,41.6044025517553],[-81.2299135815454,41.6044595419323],[-81.2299612421259,41.6045148136941],[-81.2301014338236,41.6046746124883],[-81.2301071830125,41.6046811659802],[-81.2282345101934,41.605080800892],[-81.2282066647772,41.6050196939149],[-81.2280584733176,41.6047004878362],[-81.228058436491,41.6047004072904],[-81.2279154085589,41.6044115316421],[-81.2281870432357,41.6043535580594]]]},"properties":{"source_county":"Geauga","jurisdiction":"Chardon Township","parcel_id":"06-120197","owner_name":"PERO HELEN V","property_address":"9799 CAMPTON RIDGE DR","property_city":"CHARDON","property_zip":"44024"}},{"type":"Feature","geometry":{"type":"Polygon","coordinates":[[[-81.2281670889814,41.6036744343803],[-81.2297537322607,41.6033358360102],[-81.2297291559672,41.6033929633888],[-81.2297080416782,41.6034508654739],[-81.2296904324798,41.6035094241346],[-81.2296763643077,41.6035685199004],[-81.2296658658731,41.6036280322046],[-81.2296589586048,41.6036878396303],[-81.2296556566047,41.6037478201582],[-81.2296559666197,41.6038078514156],[-81.2296596596215,41.6038644381738],[-81.2296665912511,41.6039208533884],[-81.2296767486928,41.6039769926862],[-81.2296901131626,41.6040327522043],[-81.2281870432357,41.6043535580594],[-81.2279154085589,41.6044115316421],[-81.2277206811699,41.604051709053],[-81.227583864418,41.6037988913086],[-81.2281670889814,41.6036744343803]]]},"properties":{"source_county":"Geauga","jurisdiction":"Chardon Township","parcel_id":"06-120198","owner_name":"EZZO MICHAEL J","property_address":"9815 CAMPTON RIDGE DR","property_city":"CHARDON","property_zip":"44024"}},{"type":"Feature","geometry":{"type":"Polygon","coordinates":[[[-81.2326213323237,41.6096387218892],[-81.2337909809732,41.6093890893164],[-81.2342060878475,41.6104845663748],[-81.2330366236266,41.6107341593153],[-81.2330299924136,41.6106176054093],[-81.2330149309749,41.610501494203],[-81.2329914838708,41.6103861688756],[-81.2329597204455,41.6102719702818],[-81.2329197346214,41.6101592359443],[-81.2328716446212,41.6100482990566],[-81.2328155926179,41.6099394874978],[-81.2327517443141,41.6098331228641],[-81.2326213323237,41.6096387218892]]]},"properties":{"source_county":"Geauga","jurisdiction":"Chardon Township","parcel_id":"06-120199","owner_name":"CAMPTON RIDGE LAND TRUST","property_address":"9590 CAMPTON RIDGE DR","property_city":"CHARDON","property_zip":"44024"}},{"type":"Feature","geometry":{"type":"Polygon","coordinates":[[[-81.231681541879,41.6080605707988],[-81.2317043233594,41.6080622620272],[-81.2317115223613,41.6080076410477],[-81.2316616343915,41.6080039367338],[-81.2316392424137,41.6079358349666],[-81.2331205379086,41.6076196912566],[-81.2334346506337,41.6084486927769],[-81.2320239088805,41.6087497791984],[-81.2319719877325,41.6086663616963],[-81.2319226254625,41.6085820737331],[-81.2318758479493,41.6084969595145],[-81.2318316797157,41.6084110636795],[-81.2317901439159,41.6083244312768],[-81.231751262323,41.6082371077413],[-81.231715055318,41.6081491388702],[-81.231681541879,41.6080605707988]]]},"properties":{"source_county":"Geauga","jurisdiction":"Chardon Township","parcel_id":"06-120201","owner_name":"BEGOVIC JOHN M & KIMBERLY","property_address":"9660 CAMPTON RIDGE DR","property_city":"CHARDON","property_zip":"44024"}},{"type":"Feature","geometry":{"type":"Polygon","coordinates":[[[-81.2314698592018,41.6070461302978],[-81.2327959820138,41.6067631037771],[-81.2331205379086,41.6076196912566],[-81.2316392424137,41.6079358349666],[-81.2316009032222,41.6078050356567],[-81.23156838993,41.6076733505334],[-81.23154173858,41.6075409257197],[-81.2315209787098,41.6074079081584],[-81.2314936201113,41.6072031072002],[-81.2314698592018,41.6070461302978]]]},"properties":{"source_county":"Geauga","jurisdiction":"Chardon Township","parcel_id":"06-120202","owner_name":"LARICCIA JOAN W TRUSTEE","property_address":"9690 CAMPTON RIDGE DR","property_city":"CHARDON","property_zip":"44024"}},{"type":"Feature","geometry":{"type":"Polygon","coordinates":[[[-81.2313132785803,41.6064035202978],[-81.2313379736653,41.6064190485469],[-81.2313849395751,41.6063769758843],[-81.2312833928075,41.6063131217777],[-81.2312303816044,41.606165778378],[-81.2311911990195,41.6060654792957],[-81.2324313798646,41.6058007950963],[-81.2327959820138,41.6067631037771],[-81.2314698592018,41.6070461302978],[-81.2314394903674,41.6068843349946],[-81.2314032519158,41.6067232217082],[-81.2313611708646,41.606562910366],[-81.2313132785803,41.6064035202978]]]},"properties":{"source_county":"Geauga","jurisdiction":"Chardon Township","parcel_id":"06-120203","owner_name":"WRIGHT DAVID L & SHARON L","property_address":"9720 CAMPTON RIDGE DR","property_city":"CHARDON","property_zip":"44024"}},{"type":"Feature","geometry":{"type":"Polygon","coordinates":[[[-81.2308896689742,41.6053197258828],[-81.2308581181698,41.6052702096929],[-81.2307992698746,41.6052913323775],[-81.2307067472477,41.6051460090708],[-81.2320728377365,41.6048544543345],[-81.2324313798646,41.6058007950963],[-81.2311911990195,41.6060654792957],[-81.2311125410285,41.6058812361457],[-81.2310259954671,41.6056989959681],[-81.2309316527111,41.6055189489307],[-81.23082961127,41.6053412829112],[-81.2308896689742,41.6053197258828]]]},"properties":{"source_county":"Geauga","jurisdiction":"Chardon Township","parcel_id":"06-120204","owner_name":"PARKER ANDREW J & PAMELA J","property_address":"9750 CAMPTON RIDGE DR","property_city":"CHARDON","property_zip":"44024"}},{"type":"Feature","geometry":{"type":"Polygon","coordinates":[[[-81.2301152361838,41.6043910483174],[-81.2317639607222,41.6040391741758],[-81.2319955969654,41.6046505776609],[-81.2320728377365,41.6048544543345],[-81.2307067472477,41.6051460090708],[-81.2306248603468,41.6050251269218],[-81.2305393063838,41.6049056841198],[-81.2304501302601,41.6047877433243],[-81.2303573787765,41.6046713664067],[-81.2302386079975,41.6045300878124],[-81.2301152361838,41.6043910483174]]]},"properties":{"source_county":"Geauga","jurisdiction":"Chardon Township","parcel_id":"06-120205","owner_name":"HARTOG ERIC W & GIBB LAURA R","property_address":"9780 CAMPTON RIDGE DR","property_city":"CHARDON","property_zip":"44024"}},{"type":"Feature","geometry":{"type":"Polygon","coordinates":[[[-81.2298817758804,41.6036611033233],[-81.2314906426827,41.6033177365116],[-81.2317639607222,41.6040391741758],[-81.2301152361838,41.6043910483174],[-81.23006254144,41.6043240944111],[-81.2300159819119,41.6042546259138],[-81.2299757695307,41.6041829590639],[-81.2299420873316,41.604109420106],[-81.2299150886215,41.6040343438062],[-81.229894896281,41.6039580719275],[-81.2298816022058,41.6038809516743],[-81.2298752668884,41.603803334112],[-81.229875593772,41.6037321432406],[-81.2298817758804,41.6036611033233]]]},"properties":{"source_county":"Geauga","jurisdiction":"Chardon Township","parcel_id":"06-120206","owner_name":"SCHOTT WILFRIED & LORI J","property_address":"9810 CAMPTON RIDGE DR","property_city":"CHARDON","property_zip":"44024"}},{"type":"Feature","geometry":{"type":"Polygon","coordinates":[[[-81.2320239088805,41.6087497791984],[-81.2334346506337,41.6084486927769],[-81.2337909809732,41.6093890893164],[-81.2326213323237,41.6096387218892],[-81.2320699223802,41.6088197982004],[-81.2320239088805,41.6087497791984]]]},"properties":{"source_county":"Geauga","jurisdiction":"Chardon Township","parcel_id":"06-120207","owner_name":"MC GRAW SHAWN M & TINA L","property_address":"9630 CAMPTON RIDGE DR","property_city":"CHARDON","property_zip":"44024"}},{"type":"Feature","geometry":{"type":"Polygon","coordinates":[[[-81.2399760401324,41.6115734446262],[-81.2402673501072,41.6115729146468],[-81.2402903991789,41.6133906846436],[-81.2394972533593,41.6133921486938],[-81.2394742267654,41.6115743551331],[-81.2399760401324,41.6115734446262]]]},"properties":{"source_county":"Geauga","jurisdiction":"Chardon Township","parcel_id":"06-120213","owner_name":"JORDAN GEORGE R JR & KELLY A","property_address":"11188 HOSFORD RD","property_city":"CHARDON","property_zip":"44024"}},{"type":"Feature","geometry":{"type":"Polygon","coordinates":[[[-81.2417907887461,41.6115701316132],[-81.2428752471269,41.6115681381723],[-81.2428865404051,41.6125598107615],[-81.2411118769196,41.6125631198001],[-81.2410992892451,41.6115713967067],[-81.2417907887461,41.6115701316132]]]},"properties":{"source_county":"Geauga","jurisdiction":"Chardon Township","parcel_id":"06-120223","owner_name":"STRASHENSKY RONALD J & RENEE M","property_address":"11120 HOSFORD RD","property_city":"CHARDON","property_zip":"44024"}},{"type":"Feature","geometry":{"type":"Polygon","coordinates":[[[-81.2411118769196,41.6125631198001],[-81.2428865404051,41.6125598107615],[-81.242895948616,41.6133858355508],[-81.2411223618892,41.6133891422316],[-81.2411118769196,41.6125631198001]]]},"properties":{"source_county":"Geauga","jurisdiction":"Chardon Township","parcel_id":"06-120224","owner_name":"NGUYEN LINH TOD & TRUONG DEENA TOD","property_address":"9483 AUBURN RD","property_city":"CHARDON","property_zip":"44024"}},{"type":"Feature","geometry":{"type":"Polygon","coordinates":[[[-81.2301599421225,41.6027344719449],[-81.2301540667712,41.6026797620914],[-81.2299989440534,41.6026891461193],[-81.2299765721273,41.602624531723],[-81.2299498664016,41.6025608513244],[-81.2310355035135,41.6023291506275],[-81.2310658083979,41.6025475211642],[-81.2313889069263,41.6030491967401],[-81.2314906426827,41.6033177365116],[-81.2298817758804,41.6036611033233],[-81.229892581444,41.6035962770536],[-81.2299082634347,41.6035320144765],[-81.2299287714501,41.6034685220742],[-81.2299540395824,41.603406003854],[-81.2299861213594,41.6033256100639],[-81.2300113172286,41.6032438460301],[-81.2300295249379,41.6031610436589],[-81.2300406706031,41.6030775390706],[-81.2300447090079,41.6029936712346],[-81.2300416237865,41.6029097805934],[-81.23003142749,41.6028262076811],[-81.2300141615348,41.6027432917407],[-81.2301599421225,41.6027344719449]]]},"properties":{"source_county":"Geauga","jurisdiction":"Chardon Township","parcel_id":"06-120227","owner_name":"LITTLEFIELD THOMAS W & SUSAN J","property_address":"9830 CAMPTON RIDGE DR","property_city":"CHARDON","property_zip":"44024"}},{"type":"Feature","geometry":{"type":"Polygon","coordinates":[[[-81.2295170639718,41.6018180155259],[-81.2294745997306,41.6017733303762],[-81.2293257684179,41.6018530134663],[-81.229252230581,41.6017706158141],[-81.2291828921143,41.6016861919014],[-81.2307461632378,41.6013525564852],[-81.230988895457,41.6019933027388],[-81.2310355035135,41.6023291506275],[-81.2299498664016,41.6025608513244],[-81.2299205646819,41.6025014043341],[-81.2298874868404,41.6024430842017],[-81.229850709481,41.6023860259713],[-81.2298103177734,41.6023303617648],[-81.2297664052559,41.6022762204758],[-81.2297190736187,41.6022237274709],[-81.2296684324682,41.6021730043002],[-81.2296145990734,41.602124168415],[-81.2295500130113,41.6020694197153],[-81.2294873938324,41.6020133985143],[-81.2294267860153,41.6019561446083],[-81.2293682326092,41.6018976986691],[-81.2295170639718,41.6018180155259]]]},"properties":{"source_county":"Geauga","jurisdiction":"Chardon Township","parcel_id":"06-120228","owner_name":"GARLOCK ROBERT M & PATRICIA E","property_address":"9860 CAMPTON RIDGE DR","property_city":"CHARDON","property_zip":"44024"}},{"type":"Feature","geometry":{"type":"Polygon","coordinates":[[[-81.2289119600051,41.600784412349],[-81.2304098394314,41.6004647322827],[-81.2304908684462,41.6006786327282],[-81.2307461632378,41.6013525564852],[-81.2291828921143,41.6016861919014],[-81.2291081881349,41.601586352239],[-81.2290393576495,41.6014841616275],[-81.228976531669,41.601379814616],[-81.2289198297711,41.6012735098579],[-81.2288693598731,41.6011654497329],[-81.2288252180268,41.6010558399615],[-81.2287874882351,41.6009448892132],[-81.228756242293,41.6008328087095],[-81.2289182867266,41.6008114284576],[-81.2289119600051,41.600784412349]]]},"properties":{"source_county":"Geauga","jurisdiction":"Chardon Township","parcel_id":"06-120229","owner_name":"MIDYETTE JAMES EMERY III & RACHEL ANNE","property_address":"9900 CAMPTON RIDGE DR","property_city":"CHARDON","property_zip":"44024"}},{"type":"Feature","geometry":{"type":"Polygon","coordinates":[[[-81.2289119600051,41.600784412349],[-81.2289056277986,41.6007573700659],[-81.2287435822953,41.6007787502874],[-81.2287286220309,41.6007040184729],[-81.2287165344753,41.6006289943329],[-81.2287073296405,41.6005537400701],[-81.2287010151484,41.6004783180778],[-81.2286932597888,41.6004044901798],[-81.2286797503847,41.6003311306561],[-81.228660533445,41.6002584919583],[-81.2286356751197,41.6001868240569],[-81.2286052609714,41.6001163735809],[-81.2285693956807,41.6000473829688],[-81.2285282026863,41.5999800896347],[-81.2284818237593,41.5999147251512],[-81.2300240918838,41.5995855730247],[-81.2300739917817,41.5998290016343],[-81.2303619020136,41.6003381852426],[-81.2304098394314,41.6004647322827],[-81.2289119600051,41.600784412349]]]},"properties":{"source_county":"Geauga","jurisdiction":"Chardon Township","parcel_id":"06-120230","owner_name":"BRANDES THOMAS A & PATRICIA B","property_address":"9910 CAMPTON RIDGE DR","property_city":"CHARDON","property_zip":"44024"}},{"type":"Feature","geometry":{"type":"Polygon","coordinates":[[[-81.224656920457,41.6001690955673],[-81.2264061822616,41.5997956263703],[-81.2264250761906,41.5998342322119],[-81.2264514441337,41.5998702850969],[-81.226484693893,41.5999029752973],[-81.2265240787057,41.5999315686078],[-81.225811122635,41.6013483413291],[-81.2256748973859,41.6011966030268],[-81.2255363339504,41.6010460624189],[-81.2253954510305,41.6008967398068],[-81.2252522676406,41.6007486553272],[-81.2251068031049,41.60060182895],[-81.2249590770547,41.6004562804752],[-81.2248091094261,41.6003120295301],[-81.224656920457,41.6001690955673]]]},"properties":{"source_county":"Geauga","jurisdiction":"Chardon Township","parcel_id":"06-120237","owner_name":"STARKE MICHAEL F","property_address":"9965 CAMPTON RIDGE DR","property_city":"CHARDON","property_zip":"44024"}},{"type":"Feature","geometry":{"type":"Polygon","coordinates":[[[-81.2258111813445,41.6013484068077],[-81.225811122635,41.6013483413291],[-81.2265240787057,41.5999315686078],[-81.2265687060652,41.5999554188694],[-81.2266175799864,41.5999739963438],[-81.2266696032282,41.5999868839574],[-81.2267236078437,41.5999937923768],[-81.2273215206107,41.6015724044966],[-81.2262056892677,41.6018106597278],[-81.2260111174252,41.6015782434685],[-81.2258111813445,41.6013484068077]]]},"properties":{"source_county":"Geauga","jurisdiction":"Chardon Township","parcel_id":"06-120238","owner_name":"MARTONCHIK JOHN","property_address":"9955 CAMPTON RIDGE DR","property_city":"CHARDON","property_zip":"44024"}},{"type":"Feature","geometry":{"type":"Polygon","coordinates":[[[-81.2280284137319,41.6014215537449],[-81.2272878196187,41.5994662769552],[-81.227371744878,41.5994745342992],[-81.227454049635,41.5994893653746],[-81.2275373533161,41.5995108262775],[-81.2276187833965,41.5995360150482],[-81.2276980441018,41.5995648401954],[-81.2277748475365,41.5995971970196],[-81.2278489147291,41.5996329679935],[-81.2279199766453,41.5996720231881],[-81.2279877751658,41.5997142207457],[-81.2280520640229,41.5997594073941],[-81.2280990026004,41.5997960819708],[-81.2281436271442,41.5998343495186],[-81.2281858418132,41.599874127853],[-81.2282255559416,41.5999153315451],[-81.2282626842333,41.5999578721042],[-81.2282971469452,41.6000016581688],[-81.2283288700582,41.6000465957021],[-81.2283577854368,41.6000925881942],[-81.2283838309748,41.6001395368692],[-81.2284069507293,41.6001873408978],[-81.2284270950404,41.6002358976131],[-81.2284442206382,41.6002851027315],[-81.228458290736,41.6003348505769],[-81.2284692751086,41.6003850343072],[-81.2284771501581,41.6004355461437],[-81.2284818989641,41.6004862776032],[-81.228488653864,41.6005668619817],[-81.2284985136964,41.600647265816],[-81.2285114702087,41.600727421717],[-81.2285275125532,41.6008072625032],[-81.2282752614615,41.6008405434518],[-81.228287919885,41.6008946019108],[-81.2285401723605,41.6008613218487],[-81.2285693773414,41.6009676576369],[-81.22860407416,41.6010730596271],[-81.2286442102597,41.6011773680833],[-81.2286897248402,41.6012804249262],[-81.2281004449904,41.6014061822746],[-81.2280284137319,41.6014215537449]]]},"properties":{"source_county":"Geauga","jurisdiction":"Chardon Township","parcel_id":"06-120240","owner_name":"BACHNICKI DANIEL & SHELBY K","property_address":"9935 CAMPTON RIDGE DR","property_city":"CHARDON","property_zip":"44024"}},{"type":"Feature","geometry":{"type":"Polygon","coordinates":[[[-81.2281004449904,41.6014061822746],[-81.2286897248402,41.6012804249262],[-81.2287558699228,41.601410536832],[-81.2288305853724,41.6015380082646],[-81.2289136849552,41.6016625214078],[-81.2290049615303,41.6017837658192],[-81.228117106534,41.6019732722674],[-81.2264810120623,41.6023224640136],[-81.2261714405587,41.6019263112232],[-81.2262651778588,41.601883554802],[-81.2262056892677,41.6018106597278],[-81.2273215206107,41.6015724044966],[-81.2280284137319,41.6014215537449],[-81.2281004449904,41.6014061822746]]]},"properties":{"source_county":"Geauga","jurisdiction":"Chardon Township","parcel_id":"06-120241","owner_name":"MILLER NICHOLAS ALLAN & CRYSTAL BELIT","property_address":"9895 CAMPTON RIDGE DR","property_city":"CHARDON","property_zip":"44024"}},{"type":"Feature","geometry":{"type":"Polygon","coordinates":[[[-81.2269471162879,41.6027935779959],[-81.2267195013268,41.6024733239903],[-81.2266233681788,41.6025129712716],[-81.2264810120623,41.6023224640136],[-81.228117106534,41.6019732722674],[-81.2290049615303,41.6017837658192],[-81.229074135669,41.6018671519406],[-81.2291471792375,41.6019486578703],[-81.2289386657766,41.6020602940489],[-81.228981129838,41.6021049793901],[-81.2291896445684,41.60199334315],[-81.2292512749516,41.6020549733738],[-81.2293150732543,41.6021153479728],[-81.2293809940963,41.6021744239967],[-81.2294489905874,41.602232159419],[-81.229473956305,41.6022542852859],[-81.2281337667022,41.6025403243109],[-81.2269471162879,41.6027935779959]]]},"properties":{"source_county":"Geauga","jurisdiction":"Chardon Township","parcel_id":"06-120242","owner_name":"CSEPEGI CHRISTOPHER J & NIKKI M","property_address":"9875 CAMPTON RIDGE DR","property_city":"CHARDON","property_zip":"44024"}},{"type":"Feature","geometry":{"type":"Polygon","coordinates":[[[-81.2269471162879,41.6027935779959],[-81.2281337667022,41.6025403243109],[-81.229473956305,41.6022542852859],[-81.2295258840452,41.6023042333189],[-81.2295740768471,41.6023562475701],[-81.2296183890851,41.6024101708759],[-81.2296586868574,41.602465840304],[-81.2296948483915,41.6025230876457],[-81.2297267644119,41.6025817399241],[-81.2297543384702,41.6026416199167],[-81.229777487237,41.6027025466909],[-81.2295330770575,41.6027173329307],[-81.2295389518932,41.6027720428149],[-81.2297940678201,41.6027566090925],[-81.228150428201,41.6031073843592],[-81.2272784470948,41.6032934662826],[-81.2269471162879,41.6027935779959]]]},"properties":{"source_county":"Geauga","jurisdiction":"Chardon Township","parcel_id":"06-120243","owner_name":"ADAIR RITA & TIMOTHY","property_address":"9855 CAMPTON RIDGE DR","property_city":"CHARDON","property_zip":"44024"}},{"type":"Feature","geometry":{"type":"Polygon","coordinates":[[[-81.228150428201,41.6031073843592],[-81.2297940678201,41.6027566090925],[-81.2298106266249,41.6028288256083],[-81.2298210353829,41.6029016861731],[-81.2298252519642,41.6029748960247],[-81.2298232592896,41.6030481589868],[-81.2298150653997,41.6031211786674],[-81.2298007034232,41.6031936596577],[-81.2297802314428,41.6032653087272],[-81.2297537322607,41.6033358360102],[-81.2281670889814,41.6036744343803],[-81.227583864418,41.6037988913086],[-81.2272784470948,41.6032934662826],[-81.228150428201,41.6031073843592]]]},"properties":{"source_county":"Geauga","jurisdiction":"Chardon Township","parcel_id":"06-120244","owner_name":"GODEK AIMEE & BRIAN C CO TRUSTEES","property_address":"9835 CAMPTON RIDGE DR","property_city":"CHARDON","property_zip":"44024"}},{"type":"Feature","geometry":{"type":"Polygon","coordinates":[[[-81.2460714942893,41.6064886209695],[-81.2474183588215,41.6064642798253],[-81.2460705708276,41.6065924998951],[-81.2459719148515,41.6066018843287],[-81.2458362108935,41.60649287124],[-81.2460714942893,41.6064886209695]]]},"properties":{"source_county":"Geauga","jurisdiction":"Chardon Township","parcel_id":"06-120258","owner_name":"CALVELAGE ANTHONY J & ELIZABETH N","property_address":" MENTOR RD","property_city":"CHARDON","property_zip":"44024"}},{"type":"Feature","geometry":{"type":"Polygon","coordinates":[[[-81.2472525206947,41.6060533658483],[-81.2477324959722,41.6059573306531],[-81.2477566224845,41.6064643230145],[-81.2474183588215,41.6064642798253],[-81.2472525206947,41.6060533658483]]]},"properties":{"source_county":"Geauga","jurisdiction":"Chardon Township","parcel_id":"06-120259","owner_name":"CALVELAGE ANTHONY J & ELIZABETH N","property_address":" MENTOR RD","property_city":"CHARDON","property_zip":"44024"}},{"type":"Feature","geometry":{"type":"Polygon","coordinates":[[[-81.2389500722876,41.6115753046788],[-81.2394742255657,41.6115743551201],[-81.2394972533593,41.6133921486938],[-81.2388955367495,41.6136399010983],[-81.2376858088466,41.6141379819723],[-81.2375519634239,41.614138226298],[-81.2373215106704,41.6130145193881],[-81.2372005210493,41.6125380261588],[-81.2370536213816,41.611742950732],[-81.2370529713126,41.6115787210799],[-81.2389500722876,41.6115753046788]]]},"properties":{"source_county":"Geauga","jurisdiction":"Chardon Township","parcel_id":"06-120284","owner_name":"SMITH TIMOTHY J & SANDRA A","property_address":"11230 HOSFORD RD","property_city":"CHARDON","property_zip":"44024"}},{"type":"Feature","geometry":{"type":"Polygon","coordinates":[[[-81.2382302121172,41.610781993229],[-81.2382150510634,41.6096840592743],[-81.2374837130855,41.609685361699],[-81.2374783565667,41.6092971303669],[-81.2374597242948,41.6079467243552],[-81.238489136806,41.607950143644],[-81.2385548780272,41.60795036119],[-81.2385751220611,41.6093793634926],[-81.2386062423383,41.6115759258155],[-81.2380583224649,41.6115769141226],[-81.2382302121172,41.610781993229]]]},"properties":{"source_county":"Geauga","jurisdiction":"Chardon Township","parcel_id":"06-120413","owner_name":"DORSETT TERRY E TOD & DANFORTH CLAUDIA L AKA DORSETT CLAUDIA L TOD","property_address":" HOSFORD RD","property_city":"CHARDON","property_zip":"44024"}},{"type":"Feature","geometry":{"type":"Polygon","coordinates":[[[-81.234622314772,41.6115828405633],[-81.2349349819041,41.6124082044425],[-81.2330429270014,41.6124115079253],[-81.2330420159711,41.6123540664825],[-81.2330404918009,41.6118600815614],[-81.2330432361956,41.6118386607252],[-81.2330514962953,41.6118180532908],[-81.2330649546657,41.6117990511865],[-81.2330830941081,41.6117823846481],[-81.2331052175352,41.6117686941571],[-81.2331304747603,41.6117585058274],[-81.2331578951689,41.6117522111879],[-81.2331864250185,41.611750052136],[-81.233186155801,41.6116677528081],[-81.2331858940481,41.6115876714343],[-81.2331858866044,41.6115853904448],[-81.234622314772,41.6115828405633]]]},"properties":{"source_county":"Geauga","jurisdiction":"Chardon Township","parcel_id":"06-120417","owner_name":"SORINE ANTHONY P TOD & CATHY M TOD","property_address":"9500 RORYANNA DR","property_city":"CHARDON","property_zip":"44024"}},{"type":"Feature","geometry":{"type":"Polygon","coordinates":[[[-81.2315848105281,41.612685157785],[-81.2315830383121,41.6115882105575],[-81.2315830383381,41.6115880853915],[-81.2318759575281,41.6115875732997],[-81.2326739328139,41.6115862799046],[-81.2326739344484,41.6115869390717],[-81.2326742022205,41.611668598155],[-81.2326744711396,41.6117509416112],[-81.2327021919376,41.611752882051],[-81.2327289207158,41.6117587290688],[-81.2327536891633,41.611768270843],[-81.2327755999861,41.6117811617013],[-81.2327938594124,41.6117969346426],[-81.2328078059496,41.6118150182559],[-81.2328169343478,41.6118347574197],[-81.2328209139048,41.611855437036],[-81.2328231617119,41.6124047956882],[-81.2328288924928,41.612543999829],[-81.2328407725213,41.6126829847202],[-81.2315848105281,41.612685157785]]]},"properties":{"source_county":"Geauga","jurisdiction":"Chardon Township","parcel_id":"06-120418","owner_name":"SZALAY ROBERT N & TAMMY J","property_address":"9505 RORYANNA DR","property_city":"CHARDON","property_zip":"44024"}},{"type":"Feature","geometry":{"type":"Polygon","coordinates":[[[-81.2315102243065,41.6115882126599],[-81.2315830383381,41.6115880853915],[-81.2315830383121,41.6115882105575],[-81.2315848105281,41.612685157785],[-81.2303890152259,41.6126872146434],[-81.2303888392007,41.6125772212402],[-81.230387263351,41.6115908085887],[-81.2303993765591,41.6115907806488],[-81.2311254011119,41.6115889782979],[-81.2315102243065,41.6115882126599]]]},"properties":{"source_county":"Geauga","jurisdiction":"Chardon Township","parcel_id":"06-120419","owner_name":"MULLINS JOSHUA & LAUREN","property_address":"11420 HOSFORD RD","property_city":"CHARDON","property_zip":"44024"}},{"type":"Feature","geometry":{"type":"Polygon","coordinates":[[[-81.2330429270014,41.6124115079253],[-81.2349349819041,41.6124082044425],[-81.235061495605,41.6127491306574],[-81.2351846060813,41.6130907579437],[-81.2331358235106,41.6130943382413],[-81.2331156439617,41.6130097813621],[-81.2330978986272,41.6129249175982],[-81.2330825957493,41.6128397864106],[-81.233069742434,41.612754427385],[-81.2330593446486,41.6126688802125],[-81.2330514072182,41.6125831846717],[-81.233045933824,41.6124973806101],[-81.2330429270014,41.6124115079253]]]},"properties":{"source_county":"Geauga","jurisdiction":"Chardon Township","parcel_id":"06-120451","owner_name":"CARDINA PHILIP M &KRISTEN MICHELLE","property_address":"9480 RORYANNA DR","property_city":"CHARDON","property_zip":"44024"}},{"type":"Feature","geometry":{"type":"Polygon","coordinates":[[[-81.2331358235106,41.6130943382413],[-81.2351846060813,41.6130907579437],[-81.2353174807388,41.6134713909368],[-81.2354461305459,41.6138528405628],[-81.2334269748934,41.6138563731442],[-81.2333419796258,41.6136735289026],[-81.233279616873,41.6135310101366],[-81.2332244198977,41.6133868365448],[-81.2331764663056,41.6132412109562],[-81.2331358235106,41.6130943382413]]]},"properties":{"source_county":"Geauga","jurisdiction":"Chardon Township","parcel_id":"06-120452","owner_name":"LEININGER NEIL J & KIMBERLY A","property_address":"9460 RORYANNA DR","property_city":"CHARDON","property_zip":"44024"}},{"type":"Feature","geometry":{"type":"Polygon","coordinates":[[[-81.2334269748934,41.6138563731442],[-81.2354461305459,41.6138528405628],[-81.2355519242572,41.614176979683],[-81.2356546669874,41.6145016711086],[-81.233566559556,41.6145053277834],[-81.2335704531919,41.6144291948005],[-81.2335690322902,41.6143530132262],[-81.2335623007636,41.6142769918458],[-81.2335502770789,41.614201339005],[-81.2335329942067,41.6141262620384],[-81.2335104995305,41.614051966702],[-81.2334828547165,41.6139786566088],[-81.2334501355446,41.6139065326711],[-81.2334269748934,41.6138563731442]]]},"properties":{"source_county":"Geauga","jurisdiction":"Chardon Township","parcel_id":"06-120453","owner_name":"SWOPE CORTNEY & STEVEN","property_address":"9430 RORYANNA DR","property_city":"CHARDON","property_zip":"44024"}},{"type":"Feature","geometry":{"type":"Polygon","coordinates":[[[-81.233566559556,41.6145053277834],[-81.2356546669874,41.6145016711086],[-81.235743963214,41.6147925016567],[-81.2358308112837,41.6150837494594],[-81.2333482509546,41.6150880967041],[-81.233393100176,41.6150197129075],[-81.2334331171739,41.6149496608576],[-81.2334681922072,41.6148781326896],[-81.2334982290904,41.6148053245869],[-81.2335231454573,41.6147314362427],[-81.2335428729866,41.6146566703123],[-81.2335573575891,41.6145812318574],[-81.233566559556,41.6145053277834]]]},"properties":{"source_county":"Geauga","jurisdiction":"Chardon Township","parcel_id":"06-120454","owner_name":"ZEIGER SCOTT CHARLES & ALLISON","property_address":"9400 RORYANNA DR","property_city":"CHARDON","property_zip":"44024"}},{"type":"Feature","geometry":{"type":"Polygon","coordinates":[[[-81.2333482558056,41.6150880940555],[-81.2358308112837,41.6150837494594],[-81.235986885973,41.6156303590927],[-81.2352550075421,41.6156316468362],[-81.2328167453389,41.6156359040518],[-81.2331583677013,41.6153085326861],[-81.2332107671131,41.6152558930244],[-81.2332599472864,41.615201532295],[-81.2333058080018,41.6151455612831],[-81.2333482558056,41.6150880940555]]]},"properties":{"source_county":"Geauga","jurisdiction":"Chardon Township","parcel_id":"06-120455","owner_name":"STILLIANA JOHN J & CARLA M","property_address":"9380 RORYANNA DR","property_city":"CHARDON","property_zip":"44024"}},{"type":"Feature","geometry":{"type":"Polygon","coordinates":[[[-81.2328167453389,41.6156359040518],[-81.2352550075421,41.6156316468362],[-81.2352567201254,41.6161805187316],[-81.2323092064875,41.6161856587973],[-81.2323551507203,41.6161139644825],[-81.2324069056835,41.6160445355644],[-81.2324642738972,41.6159776369366],[-81.2325270364674,41.6159135238379],[-81.2328167453389,41.6156359040518]]]},"properties":{"source_county":"Geauga","jurisdiction":"Chardon Township","parcel_id":"06-120456","owner_name":"GRECO VICTOR S & PATRICIA","property_address":"9360 RORYANNA DR","property_city":"CHARDON","property_zip":"44024"}},{"type":"Feature","geometry":{"type":"Polygon","coordinates":[[[-81.2323092064875,41.6161856587973],[-81.2352567201254,41.6161805187316],[-81.2352584327549,41.6167293896238],[-81.2321618481292,41.6167347884895],[-81.2321625038308,41.6166642163243],[-81.2321683081007,41.6165937769802],[-81.2321792435059,41.6165236818174],[-81.2321952772174,41.6164541411624],[-81.2322163611086,41.6163853636773],[-81.2322424319002,41.6163175557336],[-81.2322734113499,41.6162509207932],[-81.2323092064875,41.6161856587973]]]},"properties":{"source_county":"Geauga","jurisdiction":"Chardon Township","parcel_id":"06-120457","owner_name":"PENNELL ERIN & RICHARD","property_address":"9340 RORYANNA DR","property_city":"CHARDON","property_zip":"44024"}},{"type":"Feature","geometry":{"type":"Polygon","coordinates":[[[-81.2321618481292,41.6167347884895],[-81.2352584327549,41.6167293896238],[-81.2352601441959,41.6172782613002],[-81.2344738627698,41.6172796402162],[-81.2326777015794,41.617282769646],[-81.232405776734,41.6172420281293],[-81.2324151388131,41.6172231944844],[-81.2324220080895,41.6172037653578],[-81.2324263190477,41.6171839260607],[-81.232428030573,41.6171638658159],[-81.2324271263436,41.6171437759537],[-81.2324236149863,41.6171238480864],[-81.2324175299939,41.6171042722814],[-81.2324089294058,41.6170852352477],[-81.2323978952544,41.6170669185558],[-81.2323845327826,41.6170494969054],[-81.2323689694396,41.6170331364596],[-81.232351353666,41.6170179932595],[-81.2323318534772,41.6170042117368],[-81.2323106548615,41.6169919233357],[-81.2322879600058,41.6169812452591],[-81.2322639853675,41.6169722793515],[-81.2322321452151,41.6169579191244],[-81.2322061520079,41.6169380033949],[-81.2321876820145,41.6169138165075],[-81.2321779263354,41.6168869182474],[-81.232166882708,41.6168110321855],[-81.2321618481292,41.6167347884895]]]},"properties":{"source_county":"Geauga","jurisdiction":"Chardon Township","parcel_id":"06-120458","owner_name":"PATERNITI CARMEN J TRUSTEE","property_address":"9320 RORYANNA DR","property_city":"CHARDON","property_zip":"44024"}},{"type":"Feature","geometry":{"type":"Polygon","coordinates":[[[-81.232405776734,41.6172420281293],[-81.2326777015794,41.617282769646],[-81.2344738627698,41.6172796402162],[-81.2344769879104,41.61828530934],[-81.2344776194471,41.6184886389115],[-81.2337055138813,41.6184899870577],[-81.2333870381562,41.6190117634563],[-81.2322516692114,41.6173530335082],[-81.2322767587326,41.617344739811],[-81.2323006195317,41.6173346079351],[-81.2323230131999,41.617322739115],[-81.2323437159877,41.6173092519398],[-81.2323625210409,41.6172942811691],[-81.2323792404671,41.6172779763858],[-81.232393707213,41.6172605005016],[-81.232405776734,41.6172420281293]]]},"properties":{"source_county":"Geauga","jurisdiction":"Chardon Township","parcel_id":"06-120459","owner_name":"POHL ERIC J TOD & ANGELA TOD","property_address":"9310 RORYANNA DR","property_city":"CHARDON","property_zip":"44024"}},{"type":"Feature","geometry":{"type":"Polygon","coordinates":[[[-81.2318275864834,41.6191056568569],[-81.2320381769015,41.6173474122486],[-81.2320635861989,41.617355140781],[-81.2320898967817,41.6173609270426],[-81.2321168457386,41.6173647132138],[-81.2321441637795,41.6173664614608],[-81.2321715779256,41.6173661543141],[-81.2321988142381,41.6173637948428],[-81.2322256005551,41.6173594066243],[-81.2322516692114,41.6173530335082],[-81.2333870381562,41.6190117634563],[-81.2330179933379,41.619136686061],[-81.2319208230318,41.6191354579023],[-81.2318275864834,41.6191056568569]]]},"properties":{"source_county":"Geauga","jurisdiction":"Chardon Township","parcel_id":"06-120460","owner_name":"DOYLE KRISTIN A","property_address":"9300 RORYANNA DR","property_city":"CHARDON","property_zip":"44024"}},{"type":"Feature","geometry":{"type":"Polygon","coordinates":[[[-81.2310828085902,41.617937012066],[-81.2318948045677,41.6172285519552],[-81.231905117879,41.6172476173866],[-81.2319179164644,41.6172658147862],[-81.2319330724073,41.6172829622756],[-81.2319504342294,41.6172988884697],[-81.2319698284049,41.61731343419],[-81.2319910610946,41.6173264540552],[-81.2320139200835,41.6173378179346],[-81.2320381769015,41.6173474122486],[-81.2318275864834,41.6191056568569],[-81.2318108864138,41.6192450851524],[-81.231079438742,41.6192442599384],[-81.2310808535157,41.6186953881038],[-81.2310828085902,41.617937012066]]]},"properties":{"source_county":"Geauga","jurisdiction":"Chardon Township","parcel_id":"06-120461","owner_name":"CORMIEA SCOTT C & SHARON L","property_address":"9305 RORYANNA DR","property_city":"CHARDON","property_zip":"44024"}},{"type":"Feature","geometry":{"type":"Polygon","coordinates":[[[-81.2310828085902,41.617937012066],[-81.23108368548,41.6175967112598],[-81.2297754154406,41.6176025872161],[-81.2294741286699,41.6176039384222],[-81.229475556213,41.6170550383771],[-81.229777922913,41.6170536827899],[-81.2319278899118,41.6170440192351],[-81.2319112250804,41.6170646655743],[-81.2318978972669,41.617086634468],[-81.2318880899233,41.6171096235286],[-81.2318819380454,41.6171333163263],[-81.2318795263139,41.6171573867446],[-81.2318808879289,41.6171815034685],[-81.2318860041528,41.6172053345457],[-81.2318948045677,41.6172285519552],[-81.2310828085902,41.617937012066]]]},"properties":{"source_county":"Geauga","jurisdiction":"Chardon Township","parcel_id":"06-120462","owner_name":"SCIPIONE ADAM & KERCHANSKY ALICIA","property_address":"9315 RORYANNA DR","property_city":"CHARDON","property_zip":"44024"}},{"type":"Feature","geometry":{"type":"Polygon","coordinates":[[[-81.2311768806027,41.6164985064615],[-81.2319631146,41.6164949675818],[-81.2319535023606,41.6165509317086],[-81.2319467893735,41.616607133462],[-81.2319429857452,41.6166634882927],[-81.2319420972055,41.6167199114209],[-81.2319441250985,41.6167763179638],[-81.231949066381,41.6168326230632],[-81.2319569136268,41.6168887420136],[-81.231967655038,41.6169445903891],[-81.2319704035185,41.6169714684074],[-81.2319643668085,41.6169980420865],[-81.2319499067149,41.6170227187033],[-81.2319278899118,41.6170440192351],[-81.229777922913,41.6170536827899],[-81.229475556213,41.6170550383771],[-81.2294762524344,41.6167875181874],[-81.2294769849144,41.6165061391425],[-81.2297804315431,41.6165047782736],[-81.2303650203989,41.6165021544659],[-81.2311768806027,41.6164985064615]]]},"properties":{"source_county":"Geauga","jurisdiction":"Chardon Township","parcel_id":"06-120463","owner_name":"TIERNEY JAMES L II & KATHERINE S","property_address":"9335 RORYANNA DR","property_city":"CHARDON","property_zip":"44024"}},{"type":"Feature","geometry":{"type":"Polygon","coordinates":[[[-81.2311768806027,41.6164985064615],[-81.2311807930933,41.6149797135196],[-81.2312736336935,41.6150106095698],[-81.2313650674675,41.6150437843423],[-81.2314549951342,41.6150792018161],[-81.2315433190479,41.6151168235346],[-81.2316299433033,41.615156608648],[-81.2317147738404,41.6151985139575],[-81.231797718546,41.6152424939619],[-81.2318786873544,41.6152885009073],[-81.2323969462418,41.6155930717289],[-81.2324174335389,41.6156077202048],[-81.2324337791013,41.615625054783],[-81.2324453712415,41.6156444267683],[-81.2324517761531,41.6156651112207],[-81.232452754146,41.6156863340846],[-81.2324482686162,41.615707301155],[-81.2324384874171,41.6157272277985],[-81.232423776578,41.6157453683162],[-81.2323336590917,41.6158321222901],[-81.2322638045953,41.6159062328743],[-81.2322002451375,41.6159834684833],[-81.2321432281967,41.6160635284161],[-81.2320929757817,41.6161461009744],[-81.2320496835673,41.6162308646763],[-81.2320135201322,41.616317489508],[-81.2319846263018,41.6164056382083],[-81.2319631146,41.6164949675818],[-81.2311768806027,41.6164985064615]]]},"properties":{"source_county":"Geauga","jurisdiction":"Chardon Township","parcel_id":"06-120464","owner_name":"MC GILL PAUL E & ECKART KATHRYN E","property_address":"9355 RORYANNA DR","property_city":"CHARDON","property_zip":"44024"}},{"type":"Feature","geometry":{"type":"Polygon","coordinates":[[[-81.2303650203989,41.6165021544659],[-81.2303693899605,41.6148144918914],[-81.2304736967575,41.6148259393812],[-81.2305774207442,41.6148400576959],[-81.230680440526,41.6148568303119],[-81.2307826355323,41.6148762375991],[-81.2308838861574,41.614898256844],[-81.2309840739006,41.6149228622761],[-81.2310830815047,41.6149500250981],[-81.2311807930933,41.6149797135196],[-81.2311768806027,41.6164985064615],[-81.2303650203989,41.6165021544659]]]},"properties":{"source_county":"Geauga","jurisdiction":"Chardon Township","parcel_id":"06-120465","owner_name":"JECKERING SCOTT A","property_address":"11420 GLENMORA DR","property_city":"CHARDON","property_zip":"44024"}},{"type":"Feature","geometry":{"type":"Polygon","coordinates":[[[-81.2296314894063,41.6161556267786],[-81.2296351423502,41.6147508956546],[-81.2297883740948,41.6147663515257],[-81.2300116169221,41.6147863777396],[-81.2303138129918,41.6148094795499],[-81.2303693899605,41.6148144918914],[-81.2303650203989,41.6165021544659],[-81.2297804315431,41.6165047782736],[-81.2294769849144,41.6165061391425],[-81.2294778954057,41.6161563159225],[-81.2296314894063,41.6161556267786]]]},"properties":{"source_county":"Geauga","jurisdiction":"Chardon Township","parcel_id":"06-120466","owner_name":"SANBORN COREY M","property_address":"11440 GLENMORA DR","property_city":"CHARDON","property_zip":"44024"}},{"type":"Feature","geometry":{"type":"Polygon","coordinates":[[[-81.2287327804746,41.6161596538286],[-81.2287367621687,41.6146363252291],[-81.2289603442011,41.6146692910971],[-81.2291846454172,41.6146993805268],[-81.2294096001024,41.6147265847027],[-81.2296351423502,41.6147508956546],[-81.2296314894063,41.6161556267786],[-81.2294778954057,41.6161563159225],[-81.2287327804746,41.6161596538286]]]},"properties":{"source_county":"Geauga","jurisdiction":"Chardon Township","parcel_id":"06-120467","owner_name":"WILKINSON MATTHEW W & TRACEY A","property_address":"11460 GLENMORA DR","property_city":"CHARDON","property_zip":"44024"}},{"type":"Feature","geometry":{"type":"Polygon","coordinates":[[[-81.227909953419,41.6161633339595],[-81.2279143420415,41.6144922683894],[-81.2281188547307,41.6145317171375],[-81.2283241258803,41.6145688815781],[-81.2285301101818,41.6146037535077],[-81.2287367621687,41.6146363252291],[-81.2287327804746,41.6161596538286],[-81.227909953419,41.6161633339595]]]},"properties":{"source_county":"Geauga","jurisdiction":"Chardon Township","parcel_id":"06-120468","owner_name":"HALLAM BRAD & KATIE","property_address":"11480 GLENMORA DR","property_city":"CHARDON","property_zip":"44024"}},{"type":"Feature","geometry":{"type":"Polygon","coordinates":[[[-81.2271584384188,41.6161666907692],[-81.2271632403606,41.6143461062306],[-81.2279143420415,41.6144922683894],[-81.227909953419,41.6161633339595],[-81.2271584384188,41.6161666907692]]]},"properties":{"source_county":"Geauga","jurisdiction":"Chardon Township","parcel_id":"06-120469","owner_name":"TURK JOHN A & KRISTINA WANDEL","property_address":"11500 GLENMORA DR","property_city":"CHARDON","property_zip":"44024"}},{"type":"Feature","geometry":{"type":"Polygon","coordinates":[[[-81.2267107876439,41.6142580571978],[-81.2271632403606,41.6143461062306],[-81.2271584384188,41.6161666907692],[-81.2263909782052,41.6161701129017],[-81.2264125618919,41.6151847172654],[-81.2264148493132,41.6143213343004],[-81.2264602072051,41.614318563659],[-81.2265043300309,41.614310202134],[-81.2265460027682,41.6142964799789],[-81.226584077865,41.6142777750645],[-81.2266126180082,41.6142646994521],[-81.2266443692975,41.6142568293558],[-81.2266776725897,41.6142545760222],[-81.2267107876439,41.6142580571978]]]},"properties":{"source_county":"Geauga","jurisdiction":"Chardon Township","parcel_id":"06-120470","owner_name":"GLENMORA DRIVE LLC","property_address":"11520 GLENMORA DR","property_city":"CHARDON","property_zip":"44024"}},{"type":"Feature","geometry":{"type":"Polygon","coordinates":[[[-81.2242447568815,41.6148410771954],[-81.2261946163165,41.6142376712953],[-81.226215069243,41.6142561274617],[-81.2262382466448,41.614272670915],[-81.2262638332223,41.6142870766009],[-81.2262914809011,41.6142991485466],[-81.226320813567,41.6143087225271],[-81.2263514321832,41.6143156682992],[-81.2263829202183,41.6143198913737],[-81.2264148493132,41.6143213343004],[-81.2264125618919,41.6151847172654],[-81.2242853595729,41.6152928709633],[-81.2242447568815,41.6148410771954]]]},"properties":{"source_county":"Geauga","jurisdiction":"Chardon Township","parcel_id":"06-120471","owner_name":"WICKMAN DAVID & CHELSEA","property_address":"11540 GLENMORA DR","property_city":"CHARDON","property_zip":"44024"}},{"type":"Feature","geometry":{"type":"Polygon","coordinates":[[[-81.2242447568815,41.6148410771954],[-81.2241313992501,41.6135796944581],[-81.226153638351,41.6140539407651],[-81.2261458249763,41.6140773692186],[-81.2261417236937,41.6141013233585],[-81.2261413910175,41.6141254731289],[-81.2261448315357,41.614149485778],[-81.2261519978465,41.6141730304432],[-81.2261627912116,41.6141957827095],[-81.2261770629158,41.6142174290801],[-81.2261946163165,41.6142376712953],[-81.2242447568815,41.6148410771954]]]},"properties":{"source_county":"Geauga","jurisdiction":"Chardon Township","parcel_id":"06-120472","owner_name":"BRINKMAN DAVID R & ANGELA L","property_address":"11550 GLENMORA DR","property_city":"CHARDON","property_zip":"44024"}},{"type":"Feature","geometry":{"type":"Polygon","coordinates":[[[-81.226153638351,41.6140539407651],[-81.2241313992501,41.6135796944581],[-81.224118972557,41.6134414175233],[-81.2242887180291,41.613418026297],[-81.2249016227874,41.613333562616],[-81.2255510721926,41.6132440585265],[-81.2262348750374,41.6131498162739],[-81.2264862918368,41.6131151650953],[-81.2264875248269,41.6139169421104],[-81.2264618752776,41.6139126681907],[-81.2264357984367,41.6139102559718],[-81.2264095336709,41.6139097275963],[-81.2263833220722,41.6139110879143],[-81.2263574042443,41.6139143244389],[-81.2263320180945,41.6139194074612],[-81.2263073966498,41.6139262903226],[-81.2262837659179,41.6139349098434],[-81.2262613428127,41.6139451869023],[-81.2262403331632,41.6139570271632],[-81.2262209298243,41.6139703219407],[-81.2262033109062,41.6139849491978],[-81.2261876381397,41.6140007746664],[-81.2261740553918,41.6140176530794],[-81.2261626873446,41.6140354295042],[-81.226153638351,41.6140539407651]]]},"properties":{"source_county":"Geauga","jurisdiction":"Chardon Township","parcel_id":"06-120473","owner_name":"MELKERSON ERIC RAY","property_address":"11545 GLENMORA DR","property_city":"CHARDON","property_zip":"44024"}},{"type":"Feature","geometry":{"type":"Polygon","coordinates":[[[-81.2269625320732,41.6130495255855],[-81.2277812977359,41.6129366711613],[-81.2277834169092,41.6142966823991],[-81.2267658641684,41.6140986674676],[-81.2267346680389,41.6140896333516],[-81.2267070207959,41.6140755187327],[-81.2266843671272,41.614057061162],[-81.2266678907814,41.6140352251282],[-81.2266542216761,41.6140143707492],[-81.2266375064654,41.6139948059661],[-81.2266179583318,41.6139767803015],[-81.2265958265878,41.6139605236485],[-81.2265713934952,41.6139462433384],[-81.226544970666,41.6139341214972],[-81.226516895088,41.613924312722],[-81.2264875248269,41.6139169421104],[-81.2264862918368,41.6131151650953],[-81.2269625320732,41.6130495255855]]]},"properties":{"source_county":"Geauga","jurisdiction":"Chardon Township","parcel_id":"06-120474","owner_name":"BREWER STEVE & MICHELE TOD","property_address":"11525 GLENMORA DR","property_city":"CHARDON","property_zip":"44024"}},{"type":"Feature","geometry":{"type":"Polygon","coordinates":[[[-81.2281018739879,41.6128924829804],[-81.2289264202825,41.6127788229392],[-81.2289291278279,41.6144968294697],[-81.2287078539705,41.6144638718319],[-81.22848734863,41.6144281313545],[-81.2282676739546,41.6143896181107],[-81.2280488918585,41.6143483429556],[-81.2277834169092,41.6142966823991],[-81.2277812977359,41.6129366711613],[-81.2281018739879,41.6128924829804]]]},"properties":{"source_county":"Geauga","jurisdiction":"Chardon Township","parcel_id":"06-120475","owner_name":"SOPCHAK WILLIAM J & LINDA","property_address":"11485 GLENMORA DR","property_city":"CHARDON","property_zip":"44024"}},{"type":"Feature","geometry":{"type":"Polygon","coordinates":[[[-81.2291684415539,41.612745460756],[-81.2296576314763,41.6126780239482],[-81.2296606600012,41.6145873247789],[-81.2294771181082,41.6145677964348],[-81.2292939879079,41.614546201108],[-81.2291113107365,41.614522543673],[-81.2289291278279,41.6144968294697],[-81.2289264202825,41.6127788229392],[-81.2291684415539,41.612745460756]]]},"properties":{"source_county":"Geauga","jurisdiction":"Chardon Township","parcel_id":"06-120476","owner_name":"SIVULA KELLY P TRUSTEE","property_address":"11465 GLENMORA DR","property_city":"CHARDON","property_zip":"44024"}},{"type":"Feature","geometry":{"type":"Polygon","coordinates":[[[-81.2297980039699,41.6126586727235],[-81.2303888392007,41.6125772212402],[-81.2303890152259,41.6126872146434],[-81.2303898913701,41.6132360883745],[-81.2303907687288,41.613784962016],[-81.2303921522667,41.6146506584522],[-81.2303332606423,41.6146454298098],[-81.2300357579109,41.6146227152084],[-81.2297891320466,41.6146005604595],[-81.2296606600012,41.6145873247789],[-81.2296576314763,41.6126780239482],[-81.2297980039699,41.6126586727235]]]},"properties":{"source_county":"Geauga","jurisdiction":"Chardon Township","parcel_id":"06-120477","owner_name":"PHILLIPS ERIKA L TRUSTEE","property_address":"11435 GLENMORA DR","property_city":"CHARDON","property_zip":"44024"}},{"type":"Feature","geometry":{"type":"Polygon","coordinates":[[[-81.2303907687288,41.613784962016],[-81.2322449403214,41.6137817670557],[-81.2317141921463,41.6150019283897],[-81.2315615431332,41.6149352481021],[-81.2314043703109,41.6148747756226],[-81.2312431215406,41.6148206832626],[-81.2310782562944,41.6147731251531],[-81.2309102443459,41.6147322368064],[-81.2307395644317,41.6146981347296],[-81.2305667028885,41.6146709160927],[-81.2303921522667,41.6146506584522],[-81.2303907687288,41.613784962016]]]},"properties":{"source_county":"Geauga","jurisdiction":"Chardon Township","parcel_id":"06-120478","owner_name":"REMINDER JAMES L","property_address":"11415 GLENMORA DR","property_city":"CHARDON","property_zip":"44024"}},{"type":"Feature","geometry":{"type":"Polygon","coordinates":[[[-81.2322449403214,41.6137817670557],[-81.2331591721985,41.6137801813427],[-81.2332552615552,41.6139868886064],[-81.2332874539369,41.6140637864776],[-81.2333131833279,41.6141420431559],[-81.2333323492312,41.6142213530481],[-81.2333448767797,41.6143014064471],[-81.2333507170283,41.6143818907411],[-81.2333498471458,41.6144624916347],[-81.2333422705045,41.614542894376],[-81.2333280166671,41.6146227849856],[-81.233307141272,41.6147018514833],[-81.2332797258159,41.6147797851055],[-81.2332458773367,41.614856281512],[-81.2332057279949,41.6149310419737],[-81.2331594345585,41.61500377454],[-81.2331071777908,41.6150741951783],[-81.2330491617451,41.6151420288835],[-81.2329856129673,41.6152070107525],[-81.2327375921211,41.6154446857292],[-81.2327182447461,41.6154599477503],[-81.2326953689746,41.6154721555701],[-81.2326698071453,41.6154808596677],[-81.2326425005055,41.6154857395373],[-81.2326144545513,41.6154866154903],[-81.2325867020026,41.615483455272],[-81.2325602647753,41.6154763752493],[-81.2325361163513,41.6154656361257],[-81.2319806997815,41.6151395614148],[-81.2318496888143,41.615068299038],[-81.2317141921463,41.6150019283897],[-81.2322449403214,41.6137817670557]]]},"properties":{"source_county":"Geauga","jurisdiction":"Chardon Township","parcel_id":"06-120479","owner_name":"LANG STEPHEN J & PAMELA J","property_address":"11385 GLENMORA DR","property_city":"CHARDON","property_zip":"44024"}},{"type":"Feature","geometry":{"type":"Polygon","coordinates":[[[-81.2303898913701,41.6132360883745],[-81.2329488332826,41.6132316717192],[-81.2329922711425,41.6133706923793],[-81.2330418445589,41.6135085522665],[-81.2330974987475,41.6136450989231],[-81.2331591721985,41.6137801813427],[-81.2322449403214,41.6137817670557],[-81.2303907687288,41.613784962016],[-81.2303898913701,41.6132360883745]]]},"properties":{"source_county":"Geauga","jurisdiction":"Chardon Township","parcel_id":"06-120480","owner_name":"HOHS ROMONA ANN AKA RAMONA ANN TOD","property_address":"9455 RORYANNA DR","property_city":"CHARDON","property_zip":"44024"}},{"type":"Feature","geometry":{"type":"Polygon","coordinates":[[[-81.2315848105281,41.612685157785],[-81.2328407725213,41.6126829847202],[-81.2328587090319,41.6128210868771],[-81.2328827165513,41.6129586688181],[-81.2329127688967,41.6130955802771],[-81.2329488332826,41.6132316717192],[-81.2303898913701,41.6132360883745],[-81.2303890152259,41.6126872146434],[-81.2315848105281,41.612685157785]]]},"properties":{"source_county":"Geauga","jurisdiction":"Chardon Township","parcel_id":"06-120481","owner_name":"FIORTA TIMOTHY & CATHERINE","property_address":"9475 RORYANNA DR","property_city":"CHARDON","property_zip":"44024"}},{"type":"Feature","geometry":{"type":"Polygon","coordinates":[[[-81.2360165294446,41.6217644142789],[-81.2372766578127,41.6217650695889],[-81.2372785443743,41.6217750160028],[-81.2378728600112,41.6249084557484],[-81.2373675815517,41.624905692635],[-81.2373223961497,41.6249054457871],[-81.2371968033157,41.6245711532676],[-81.2370653489663,41.6242381319977],[-81.2369280560324,41.6239064398435],[-81.236784948458,41.6235761344392],[-81.2359872028918,41.6217752684075],[-81.2359823744416,41.6217643669897],[-81.2360165294446,41.6217644142789]]]},"properties":{"source_county":"Geauga","jurisdiction":"Chardon Township","parcel_id":"06-120482","owner_name":"JANET W HAVENER TRUSTEE FBO KIMBERLY M HOSMER ETAL","property_address":" SR 44 ","property_city":"CHARDON","property_zip":"44024"}},{"type":"Feature","geometry":{"type":"Polygon","coordinates":[[[-81.2428672761131,41.6108682103356],[-81.2447117548425,41.6108787040963],[-81.2447154651164,41.6112320205131],[-81.2428714364219,41.6112334973098],[-81.2428672761131,41.6108682103356]]]},"properties":{"source_county":"Geauga","jurisdiction":"Chardon Township","parcel_id":"06-120500","owner_name":"LEWIS ERIC S & SHERRIE A","property_address":" AUBURN RD","property_city":"CHARDON","property_zip":"44024"}},{"type":"Feature","geometry":{"type":"Polygon","coordinates":[[[-81.2352550075421,41.6156316468362],[-81.235986885973,41.6156303590927],[-81.2360666049858,41.6159224497774],[-81.2361158131443,41.6164699912105],[-81.2364266144476,41.6178100051741],[-81.236670553494,41.6185645839971],[-81.2367615480632,41.6190448613522],[-81.2348121415595,41.6190427349652],[-81.2344769879104,41.61828530934],[-81.2344738627698,41.6172796402162],[-81.2352601441959,41.6172782613002],[-81.2352584327549,41.6167293896238],[-81.2352567201254,41.6161805187316],[-81.2352550075421,41.6156316468362]]]},"properties":{"source_county":"Geauga","jurisdiction":"Chardon Township","parcel_id":"06-120505","owner_name":"PATERNITI CARMEN J TRUSTEE","property_address":" RORYANNA DR","property_city":"CHARDON","property_zip":"44024"}},{"type":"Feature","geometry":{"type":"Polygon","coordinates":[[[-81.2365947121135,41.6115795414166],[-81.2370529713126,41.6115787210799],[-81.2370536213816,41.611742950732],[-81.2372005210493,41.6125380261588],[-81.2373215106704,41.6130145193881],[-81.2375519634239,41.614138226298],[-81.2364803492368,41.6141401769097],[-81.2362691166706,41.6135057702612],[-81.2361972802294,41.6132863176065],[-81.2361222826249,41.6130674613978],[-81.2360937293352,41.612998712857],[-81.2359673890846,41.6126435468751],[-81.2358383590522,41.6122889260251],[-81.2357066434571,41.6119348617827],[-81.235572246605,41.6115813656055],[-81.2365947121135,41.6115795414166]]]},"properties":{"source_county":"Geauga","jurisdiction":"Chardon Township","parcel_id":"06-120506","owner_name":"CYVAS DIANE M TRUSTEE","property_address":"11270 HOSFORD RD","property_city":"CHARDON","property_zip":"44024"}},{"type":"Feature","geometry":{"type":"Polygon","coordinates":[[[-81.2388472212342,41.6154661673365],[-81.2429195571027,41.6154586154091],[-81.2429448247755,41.6176769859095],[-81.2404392852,41.6176930288305],[-81.2388135182702,41.6177034099434],[-81.2380119698122,41.6177085192087],[-81.2374485118534,41.6177121072262],[-81.2374150212004,41.6174118421312],[-81.2370883505035,41.6160504260698],[-81.2368892192039,41.6155163052636],[-81.2368823078452,41.6154930384025],[-81.236875852459,41.6154697719944],[-81.2388472212342,41.6154661673365]]]},"properties":{"source_county":"Geauga","jurisdiction":"Chardon Township","parcel_id":"06-120507","owner_name":"PRICE PHILIP M TRUSTEE","property_address":" AUBURN RD","property_city":"CHARDON","property_zip":"44024"}},{"type":"Feature","geometry":{"type":"Polygon","coordinates":[[[-81.2289907550541,41.6115942641441],[-81.2291633943644,41.6115938380748],[-81.2291633945676,41.6115938894042],[-81.2291684415539,41.612745460756],[-81.2289264202825,41.6127788229392],[-81.2281018739879,41.6128924829804],[-81.2280962155349,41.6115965743648],[-81.228096215525,41.6115965131322],[-81.2282752741151,41.6115960280746],[-81.2285315446779,41.6115953961716],[-81.2289907550541,41.6115942641441]]]},"properties":{"source_county":"Geauga","jurisdiction":"Chardon Township","parcel_id":"06-120510","owner_name":"BOSWORTH STEPHANIE A & JAMES DAVID","property_address":"11470 HOSFORD RD","property_city":"CHARDON","property_zip":"44024"}},{"type":"Feature","geometry":{"type":"Polygon","coordinates":[[[-81.246650200669,41.621808643684],[-81.2466351410188,41.6204934696786],[-81.2429771749314,41.6205169827335],[-81.2429698458172,41.6198735488813],[-81.2429652923273,41.6194738867875],[-81.2455519017901,41.6194572617422],[-81.2455415482695,41.6185516803614],[-81.248429196664,41.6185497775956],[-81.2482888035416,41.6218135098927],[-81.246650200669,41.621808643684]]]},"properties":{"source_county":"Geauga","jurisdiction":"Chardon Township","parcel_id":"06-120522","owner_name":"DYSERT WILLIAM L & KALI B CO TRUSTEES","property_address":"9220 AUBURN RD","property_city":"CHARDON","property_zip":"44024"}},{"type":"Feature","geometry":{"type":"Polygon","coordinates":[[[-81.2406993281254,41.6109085341105],[-81.2408873966214,41.6109082902686],[-81.2408954681428,41.611571769187],[-81.2407073994165,41.6115721130129],[-81.2406993281254,41.6109085341105]]]},"properties":{"source_county":"Geauga","jurisdiction":"Chardon Township","parcel_id":"06-120527","owner_name":"DORSETT CLAIRE","property_address":" HOSFORD RD","property_city":"CHARDON","property_zip":"44024"}},{"type":"Feature","geometry":{"type":"Polygon","coordinates":[[[-81.2419734566499,41.6198799360437],[-81.2419565756908,41.6183968744393],[-81.2427335186584,41.6183918949177],[-81.2427549428124,41.6183933384659],[-81.2427755798776,41.6183978910301],[-81.2427946366045,41.6184053776184],[-81.2428113804883,41.6184155104609],[-81.2428251679247,41.6184279000701],[-81.2428354689488,41.6184420702127],[-81.242841887606,41.6184574762148],[-81.2428441771719,41.6184735258978],[-81.2429538891113,41.6184728225457],[-81.2429548063673,41.6185533239868],[-81.2429652923273,41.6194738867875],[-81.2429698458172,41.6198735488813],[-81.2419734566499,41.6198799360437]]]},"properties":{"source_county":"Geauga","jurisdiction":"Chardon Township","parcel_id":"06-120530","owner_name":"KOVATS JOHNATHAN G & CALLENE M","property_address":"11100 COURTNEY CT","property_city":"CHARDON","property_zip":"44024"}},{"type":"Feature","geometry":{"type":"Polygon","coordinates":[[[-81.2410201114257,41.6184028690186],[-81.2419565756908,41.6183968744393],[-81.2419734566499,41.6198799360437],[-81.2411412739199,41.619885265043],[-81.2410908752483,41.619268667461],[-81.2410201114257,41.6184028690186]]]},"properties":{"source_county":"Geauga","jurisdiction":"Chardon Township","parcel_id":"06-120531","owner_name":"BROCKWAY BRIAN A & JILL E","property_address":"11110 COURTNEY CT","property_city":"CHARDON","property_zip":"44024"}},{"type":"Feature","geometry":{"type":"Polygon","coordinates":[[[-81.240451949093,41.6184065026393],[-81.2410201114257,41.6184028690186],[-81.2410908752483,41.619268667461],[-81.2392916123074,41.6192801558538],[-81.2392932904021,41.6192374447914],[-81.239297735117,41.6191948455366],[-81.2393049359243,41.6191524589395],[-81.2393148757713,41.6191103853465],[-81.2393275311213,41.6190687243627],[-81.2393428720088,41.6190275746162],[-81.2393608621109,41.6189870335248],[-81.2393814588331,41.6189471970651],[-81.2394046134103,41.6189081595452],[-81.2394302710223,41.6188700133818],[-81.2394583709236,41.6188328488815],[-81.2394888465871,41.6187967540263],[-81.2395216258618,41.6187618142662],[-81.2395566311437,41.6187281123163],[-81.2395937795591,41.6186957279615],[-81.2396329831616,41.6186647378669],[-81.2396741491392,41.6186352153973],[-81.2397171800353,41.6186072304426],[-81.2397619739785,41.6185808492532],[-81.2398084249238,41.6185561342823],[-81.2398564229042,41.6185331440387],[-81.2399058542908,41.6185119329483],[-81.2399566020614,41.6184925512248],[-81.240008546078,41.6184750447514],[-81.2400615633709,41.6184594549717],[-81.2401155284298,41.6184458187918],[-81.2401703135013,41.6184341684932],[-81.2402257888907,41.6184245316559],[-81.2402818232692,41.6184169310935],[-81.2403382839852,41.6184113847991],[-81.2403950373778,41.6184079059024],[-81.240451949093,41.6184065026393]]]},"properties":{"source_county":"Geauga","jurisdiction":"Chardon Township","parcel_id":"06-120532","owner_name":"NGUYEN QUANG TOD & ANH TRUONG TOD","property_address":"11120 COURTNEY CT","property_city":"CHARDON","property_zip":"44024"}},{"type":"Feature","geometry":{"type":"Polygon","coordinates":[[[-81.2392916123074,41.6192801558538],[-81.2410908752483,41.619268667461],[-81.2411412739199,41.619885265043],[-81.2411430574368,41.620042263865],[-81.239645951785,41.6200518212263],[-81.2396336455389,41.6200393338467],[-81.239623811095,41.6200256681921],[-81.2393953730344,41.6196462154484],[-81.2393710580503,41.6196027530817],[-81.2393498858298,41.6195583743437],[-81.2393319173636,41.6195132070893],[-81.2393172044119,41.6194673814447],[-81.2393057893557,41.6194210294329],[-81.2392977050745,41.6193742845929],[-81.2392929748516,41.6193272815952],[-81.2392916123074,41.6192801558538]]]},"properties":{"source_county":"Geauga","jurisdiction":"Chardon Township","parcel_id":"06-120533","owner_name":"FELGER BRANDON T & BETHANY L","property_address":"11140 COURTNEY CT","property_city":"CHARDON","property_zip":"44024"}},{"type":"Feature","geometry":{"type":"Polygon","coordinates":[[[-81.239645951785,41.6200518212263],[-81.2411430574368,41.620042263865],[-81.2411615527812,41.6216697224319],[-81.2398344353942,41.6204473503554],[-81.239862282633,41.6204277633833],[-81.239886236864,41.6204054654233],[-81.2399058342733,41.6203808882234],[-81.2399206954083,41.6203545076635],[-81.239930532524,41.6203268345404],[-81.2399351551547,41.6202984046781],[-81.2399344738012,41.620269768552],[-81.2399285016631,41.6202414806308],[-81.2399173543829,41.6202140886402],[-81.2399012478062,41.620188122958],[-81.239880493802,41.6201640863443],[-81.2398554942238,41.6201424442071],[-81.2398267331284,41.6201236155911],[-81.2397947674034,41.620107965064],[-81.2397602159841,41.6200957956579],[-81.2397237478703,41.6200873430015],[-81.2397017180757,41.6200820609259],[-81.2396810727827,41.6200742398877],[-81.2396623278843,41.6200640753223],[-81.239645951785,41.6200518212263]]]},"properties":{"source_county":"Geauga","jurisdiction":"Chardon Township","parcel_id":"06-120534","owner_name":"DALPIAZ RYAN & ALLYSSA","property_address":"11150 COURTNEY CT","property_city":"CHARDON","property_zip":"44024"}},{"type":"Feature","geometry":{"type":"Polygon","coordinates":[[[-81.238917391615,41.6215775132154],[-81.2396230715799,41.6204916092302],[-81.239651169799,41.620493468294],[-81.2396793738866,41.6204931522158],[-81.2397073855871,41.6204906643384],[-81.2397349086797,41.6204860309707],[-81.2397616521103,41.62047930111],[-81.2397873330703,41.6204705459241],[-81.2398116799867,41.620459857998],[-81.2398344353942,41.6204473503554],[-81.2411615527812,41.6216697224319],[-81.2411628787782,41.6217863804274],[-81.2389227967193,41.6217724810593],[-81.2387912194912,41.6217716629202],[-81.238917391615,41.6215775132154]]]},"properties":{"source_county":"Geauga","jurisdiction":"Chardon Township","parcel_id":"06-120535","owner_name":"ROSACE REGINA M TRUSTEE","property_address":"11160 COURTNEY CT","property_city":"CHARDON","property_zip":"44024"}},{"type":"Feature","geometry":{"type":"Polygon","coordinates":[[[-81.2388881019514,41.6205209843886],[-81.2394066830127,41.6203645521918],[-81.2394222476178,41.6203888663022],[-81.2394419158555,41.6204114443111],[-81.2394653499349,41.6204318984495],[-81.2394921473873,41.6204498774249],[-81.2395218479779,41.6204650724542],[-81.2395539416105,41.6204772225679],[-81.2395878770882,41.6204861190916],[-81.2396230715799,41.6204916092302],[-81.238917391615,41.6215775132154],[-81.2387912194912,41.6217716629202],[-81.2382011894113,41.6217679942422],[-81.2380147686968,41.6207844227313],[-81.2388881019514,41.6205209843886]]]},"properties":{"source_county":"Geauga","jurisdiction":"Chardon Township","parcel_id":"06-120536","owner_name":"QUEEN JOHN R JR & KELLY A","property_address":"11155 COURTNEY CT","property_city":"CHARDON","property_zip":"44024"}},{"type":"Feature","geometry":{"type":"Polygon","coordinates":[[[-81.238864702334,41.6196768822969],[-81.2391752108567,41.6196788132783],[-81.2391953848835,41.6197140362507],[-81.2394238220213,41.6200934893787],[-81.2394340179506,41.6201173916194],[-81.2394367130946,41.6201424068597],[-81.2394317665877,41.6201672277199],[-81.2394194369426,41.6201905569782],[-81.2394067462825,41.6202109208985],[-81.2393970910068,41.6202322019097],[-81.2393905863028,41.6202541461365],[-81.2393873097727,41.620276491791],[-81.2393873005079,41.6202989722963],[-81.2393905586223,41.6203213194668],[-81.2393970452507,41.6203432667068],[-81.2394066830127,41.6203645521918],[-81.2388881019514,41.6205209843886],[-81.2380147686968,41.6207844227313],[-81.237803606498,41.6196702760591],[-81.238864702334,41.6196768822969]]]},"properties":{"source_county":"Geauga","jurisdiction":"Chardon Township","parcel_id":"06-120537","owner_name":"NOERR SCOTT E & HEIDI L","property_address":"11145 COURTNEY CT","property_city":"CHARDON","property_zip":"44024"}},{"type":"Feature","geometry":{"type":"Polygon","coordinates":[[[-81.2376852648731,41.6190458582608],[-81.2375879893911,41.6185325795316],[-81.2388420809547,41.6188607985376],[-81.2391496594931,41.6189412947969],[-81.2391303239852,41.6189861322501],[-81.2391137076898,41.6190315794228],[-81.2390998445446,41.6190775435068],[-81.2390887628656,41.6191239306388],[-81.2390804852887,41.6191706460909],[-81.2390750287237,41.6192175944646],[-81.2390724043197,41.6192646798858],[-81.2390726174421,41.6193118062],[-81.2390756676619,41.6193588771693],[-81.2390815487562,41.6194057966683],[-81.2390902487211,41.619452468881],[-81.2391017497959,41.6194987984961],[-81.2391160284998,41.6195446909017],[-81.2391330556792,41.6195900523785],[-81.2391527965677,41.6196347902914],[-81.2391752108567,41.6196788132783],[-81.238864702334,41.6196768822969],[-81.237803606498,41.6196702760591],[-81.2376852648731,41.6190458582608]]]},"properties":{"source_county":"Geauga","jurisdiction":"Chardon Township","parcel_id":"06-120538","owner_name":"PETERS CHARLES D & KAHL CAITLIN","property_address":"11135 COURTNEY CT","property_city":"CHARDON","property_zip":"44024"}},{"type":"Feature","geometry":{"type":"Polygon","coordinates":[[[-81.2374485118534,41.6177121072262],[-81.2380119698122,41.6177085192087],[-81.2388246325396,41.6182313660336],[-81.2394068239334,41.6186059241473],[-81.2393657913965,41.61864358188],[-81.2393271435812,41.6186826344466],[-81.2392909645742,41.6187229968842],[-81.2392573330913,41.6187645813799],[-81.2392263223065,41.618807297462],[-81.2391979996924,41.6188510521968],[-81.2391724268738,41.6188957503906],[-81.2391496594931,41.6189412947969],[-81.2388420809547,41.6188607985376],[-81.2375879893911,41.6185325795316],[-81.237575747493,41.6184679879046],[-81.2374766676959,41.6179645396519],[-81.2374485118534,41.6177121072262]]]},"properties":{"source_county":"Geauga","jurisdiction":"Chardon Township","parcel_id":"06-120539","owner_name":"ROSPLOCK KENNETH G & AMANDA T TRUSTEES","property_address":"11125 COURTNEY CT","property_city":"CHARDON","property_zip":"44024"}},{"type":"Feature","geometry":{"type":"Polygon","coordinates":[[[-81.2388135182702,41.6177034099434],[-81.2404392852,41.6176930288305],[-81.2404455089609,41.6182418955544],[-81.2403717183825,41.6182440216386],[-81.24029818246,41.6182490859106],[-81.2402251088066,41.6182570740725],[-81.2401527037305,41.6182679635715],[-81.2400811716528,41.6182817236633],[-81.24001071453,41.618298315499],[-81.2399415312843,41.618317692235],[-81.2398738172418,41.6183397991649],[-81.2398077635809,41.6183645738743],[-81.2397435567933,41.6183919464165],[-81.2396813781566,41.6184218395104],[-81.2396214032234,41.6184541687584],[-81.2395638013252,41.6184888428849],[-81.2395087350942,41.6185257639938],[-81.2394563600046,41.6185648278446],[-81.2394068239334,41.6186059241473],[-81.2388246325396,41.6182313660336],[-81.2380119698122,41.6177085192087],[-81.2388135182702,41.6177034099434]]]},"properties":{"source_county":"Geauga","jurisdiction":"Chardon Township","parcel_id":"06-120540","owner_name":"SOUKUP GREGORY C TRUSTEE","property_address":"11115 COURTNEY CT","property_city":"CHARDON","property_zip":"44024"}},{"type":"Feature","geometry":{"type":"Polygon","coordinates":[[[-81.2404392852,41.6176930288305],[-81.2429448247755,41.6176769859095],[-81.2429501384419,41.6181435112344],[-81.2428404270545,41.6181442145831],[-81.2428385033374,41.6181602912741],[-81.2428324365036,41.6181757773306],[-81.2428224597472,41.6181900774996],[-81.2428089565529,41.6182026421104],[-81.2427924459554,41.6182129882039],[-81.2427735625892,41.618220718096],[-81.2427530322943,41.6182255346645],[-81.2427316442161,41.6182272527694],[-81.2404455089609,41.6182418955544],[-81.2404392852,41.6176930288305]]]},"properties":{"source_county":"Geauga","jurisdiction":"Chardon Township","parcel_id":"06-120541","owner_name":"POYAR LESLIE A TRUSTEE","property_address":"11105 COURTNEY CT","property_city":"CHARDON","property_zip":"44024"}},{"type":"Feature","geometry":{"type":"Polygon","coordinates":[[[-81.2411223618892,41.6133891422316],[-81.242895948616,41.6133858355508],[-81.2429003441437,41.6137718140634],[-81.2429032209115,41.6140243446388],[-81.2427935164111,41.6140250488444],[-81.2409698603678,41.614140756487],[-81.2408442382231,41.613389658838],[-81.2411223618892,41.6133891422316]]]},"properties":{"source_county":"Geauga","jurisdiction":"Chardon Township","parcel_id":"06-120580","owner_name":"STAMBERGER JENNIFER A & TAYLOR KEVIN R","property_address":"9455 AUBURN RD","property_city":"CHARDON","property_zip":"44024"}},{"type":"Feature","geometry":{"type":"Polygon","coordinates":[[[-81.2447408424604,41.6064986834153],[-81.2454664417887,41.6061958274314],[-81.2456802385699,41.606367575584],[-81.2458362108935,41.60649287124],[-81.2448239295096,41.6072607584602],[-81.2447823055907,41.6068789893671],[-81.2447408424604,41.6064986834153]]]},"properties":{"source_county":"Geauga","jurisdiction":"Chardon Township","parcel_id":"06-120600","owner_name":"WHITEHEAD JESSIE","property_address":"9743 MENTOR RD","property_city":"CHARDON","property_zip":"44024"}},{"type":"Feature","geometry":{"type":"Polygon","coordinates":[[[-81.2399422172446,41.6088303292918],[-81.2406740266845,41.6088295758043],[-81.2406837662965,41.6096295405277],[-81.2406876450989,41.6099482080532],[-81.2399560169079,41.609949492307],[-81.2399422172446,41.6088303292918]]]},"properties":{"source_county":"Geauga","jurisdiction":"Chardon Township","parcel_id":"06-120615","owner_name":"DORSETT TERRY E TOD & DANFORTH CLAUDIA L AKA DORSETT CLAUDIA L TOD","property_address":" HOSFORD RD","property_city":"CHARDON","property_zip":"44024"}},{"type":"Feature","geometry":{"type":"Polygon","coordinates":[[[-81.2377019355841,41.6217652878187],[-81.2377389236103,41.6217665323847],[-81.2377758312936,41.6217653474901],[-81.2382011894113,41.6217679942422],[-81.2382024845289,41.6217748266856],[-81.2383482625176,41.6225439472389],[-81.2385756063771,41.6237433627954],[-81.2387976337769,41.6249146906384],[-81.2383723118654,41.6249129030361],[-81.2383301614046,41.6249127255426],[-81.2383293188992,41.6249082455529],[-81.2382975456971,41.6249082599349],[-81.2378728600112,41.6249084557484],[-81.2372785443743,41.6217750160028],[-81.2372766578127,41.6217650695889],[-81.2377019355841,41.6217652878187]]]},"properties":{"source_county":"Geauga","jurisdiction":"Chardon Township","parcel_id":"06-120733","owner_name":"CONTINENTAL FEDERAL SAVINGS & LOAN ASSOC","property_address":" SR 44 ","property_city":"CHARDON","property_zip":"44024"}},{"type":"Feature","geometry":{"type":"Polygon","coordinates":[[[-81.2406672187368,41.6077715569101],[-81.2428313370637,41.6077716707127],[-81.2428384553447,41.6083412388853],[-81.2428390755137,41.6083909059772],[-81.2406687308076,41.6083946223244],[-81.2399924540931,41.6083957717051],[-81.2399892115653,41.6079551088099],[-81.2399878603606,41.6077715129812],[-81.2406672187368,41.6077715569101]]]},"properties":{"source_county":"Geauga","jurisdiction":"Chardon Township","parcel_id":"06-120745","owner_name":"CARTOR GERALYN TOD","property_address":"9685 AUBURN RD","property_city":"CHARDON","property_zip":"44024"}},{"type":"Feature","geometry":{"type":"Polygon","coordinates":[[[-81.2396076048955,41.6115741134871],[-81.2395810121911,41.6093787643222],[-81.2385751220611,41.6093793634926],[-81.2385548780272,41.60795036119],[-81.2399892115653,41.6079551088099],[-81.2399924540931,41.6083957717051],[-81.2406687308076,41.6083946223244],[-81.2406740266845,41.6088295758043],[-81.2399422172446,41.6088303292918],[-81.2399560169079,41.609949492307],[-81.239976041332,41.6115734446392],[-81.2396076048955,41.6115741134871]]]},"properties":{"source_county":"Geauga","jurisdiction":"Chardon Township","parcel_id":"06-120798","owner_name":"DORSETT TERRY E TOD & DANFORTH CLAUDIA L AKA DORSETT CLAUDIA L TOD","property_address":" HOSFORD RD","property_city":"CHARDON","property_zip":"44024"}},{"type":"Feature","geometry":{"type":"Polygon","coordinates":[[[-81.2409722765221,41.6044081383545],[-81.2427936780841,41.6044082471985],[-81.2427943189165,41.6044650175498],[-81.2427957571281,41.6045925200494],[-81.2427990966078,41.6048885044762],[-81.2409761892192,41.6048883948533],[-81.2409739719414,41.6046162680025],[-81.2409722765221,41.6044081383545]]]},"properties":{"source_county":"Geauga","jurisdiction":"Chardon Township","parcel_id":"06-120847","owner_name":"RUSSELL KATHY L TOD","property_address":"9783 AUBURN RD","property_city":"CHARDON","property_zip":"44024"}},{"type":"Feature","geometry":{"type":"Polygon","coordinates":[[[-81.2391183040882,41.6064909069992],[-81.2399784586432,41.6064937525027],[-81.239983159456,41.6071326328112],[-81.2399878603606,41.6077715129812],[-81.2399892115653,41.6079551088099],[-81.2385548780272,41.60795036119],[-81.238489136806,41.607950143644],[-81.2384808333957,41.6068181064304],[-81.2384784173912,41.6064887862954],[-81.2391183040882,41.6064909069992]]]},"properties":{"source_county":"Geauga","jurisdiction":"Chardon Township","parcel_id":"06-120859","owner_name":"DORSETT TERRY E TOD & DANFORTH CLAUDIA L AKA DORSETT CLAUDIA L TOD","property_address":" HOSFORD RD","property_city":"CHARDON","property_zip":"44024"}},{"type":"Feature","geometry":{"type":"Polygon","coordinates":[[[-81.2396145601088,41.6014832396271],[-81.2396145856435,41.6014832218946],[-81.2396865756286,41.6015413183182],[-81.2400503550044,41.601834888478],[-81.2387177743188,41.602764917281],[-81.2382820740318,41.602413197924],[-81.2396145601088,41.6014832396271]]]},"properties":{"source_county":"Geauga","jurisdiction":"Chardon Township","parcel_id":"06-120862","owner_name":"HAYMER DANIEL M","property_address":"9883 MENTOR RD","property_city":"CHARDON","property_zip":"44024"}},{"type":"Feature","geometry":{"type":"Polygon","coordinates":[[[-81.2385756063771,41.6237433627954],[-81.2383482625176,41.6225439472389],[-81.2389513560677,41.6225640688993],[-81.2428922661202,41.6226954734096],[-81.2430020345633,41.6226991315343],[-81.2430099549849,41.6233944059144],[-81.2429002333921,41.6233949949432],[-81.2417841297593,41.6234009785241],[-81.2417875135601,41.6237573805699],[-81.2390130727404,41.6237452769956],[-81.2385756063771,41.6237433627954]]]},"properties":{"source_county":"Geauga","jurisdiction":"Chardon Township","parcel_id":"06-120863","owner_name":"RASTALL ANTHONY P & DEBORAH L","property_address":"9085 AUBURN RD","property_city":"CHARDON","property_zip":"44024"}},{"type":"Feature","geometry":{"type":"Polygon","coordinates":[[[-81.2387976337769,41.6249146906384],[-81.2385756063771,41.6237433627954],[-81.2390130727404,41.6237452769956],[-81.2417875135601,41.6237573805699],[-81.241790914161,41.6241137845543],[-81.2429083527617,41.6241077224684],[-81.2430180756878,41.6241071262298],[-81.2430236165037,41.6245934921563],[-81.2430275243721,41.6249365240109],[-81.2429177869416,41.6249359287926],[-81.2422981627066,41.6249325662611],[-81.2416581279806,41.624929090212],[-81.2410180921401,41.6249256097254],[-81.2403780575675,41.6249221257275],[-81.2397380230631,41.6249186382054],[-81.2390742356412,41.6249158529772],[-81.2387976337769,41.6249146906384]]]},"properties":{"source_county":"Geauga","jurisdiction":"Chardon Township","parcel_id":"06-120865","owner_name":"PATTERSON ROBERT","property_address":"9039 AUBURN RD","property_city":"CHARDON","property_zip":"44024"}},{"type":"Feature","geometry":{"type":"Polygon","coordinates":[[[-81.2387177743188,41.602764917281],[-81.2400503550044,41.601834888478],[-81.2401845988253,41.601943223816],[-81.2404861290299,41.6021865542857],[-81.239153478071,41.6031166358497],[-81.2387177743188,41.602764917281]]]},"properties":{"source_county":"Geauga","jurisdiction":"Chardon Township","parcel_id":"06-120870","owner_name":"SAPP JOSHUA S & JANET K","property_address":"9879 MENTOR RD","property_city":"CHARDON","property_zip":"44024"}},{"type":"Feature","geometry":{"type":"Polygon","coordinates":[[[-81.239153478071,41.6031166358497],[-81.2404861290299,41.6021865542857],[-81.2406465661324,41.6023160235893],[-81.240682629354,41.6023451262375],[-81.2409219077373,41.6025382184174],[-81.2406490638433,41.6027286445886],[-81.2397065506766,41.6033864432342],[-81.2395891877219,41.6034683518557],[-81.239153478071,41.6031166358497]]]},"properties":{"source_county":"Geauga","jurisdiction":"Chardon Township","parcel_id":"06-120876","owner_name":"PERZ GREGORY V & DONNA R","property_address":"9875 MENTOR RD","property_city":"CHARDON","property_zip":"44024"}},{"type":"Feature","geometry":{"type":"Polygon","coordinates":[[[-81.2416826403539,41.6031520998559],[-81.2427532300553,41.6024049265389],[-81.2427634161606,41.6036530095085],[-81.2427664666992,41.6040266769365],[-81.2417934792156,41.6032415407521],[-81.2416826403539,41.6031520998559]]]},"properties":{"source_county":"Geauga","jurisdiction":"Chardon Township","parcel_id":"06-120877","owner_name":"PIWARSKI HEATHER M","property_address":"9845 AUBURN RD","property_city":"CHARDON","property_zip":"44024"}},{"type":"Feature","geometry":{"type":"Polygon","coordinates":[[[-81.2411806647985,41.6027470264567],[-81.2423465620912,41.6019333399598],[-81.2427520526557,41.6022606661602],[-81.2427525581297,41.60232266957],[-81.2427532300553,41.6024049265389],[-81.2416826403539,41.6031520998559],[-81.2411806647985,41.6027470264567]]]},"properties":{"source_county":"Geauga","jurisdiction":"Chardon Township","parcel_id":"06-120878","owner_name":"EIERMAN GREGORY & LAURIE","property_address":"9860 MENTOR RD","property_city":"CHARDON","property_zip":"44024"}},{"type":"Feature","geometry":{"type":"Polygon","coordinates":[[[-81.240682629354,41.6023451262375],[-81.2418486217495,41.6015313772314],[-81.2423465620912,41.6019333399598],[-81.2411806647985,41.6027470264567],[-81.2409219077373,41.6025382184174],[-81.240682629354,41.6023451262375]]]},"properties":{"source_county":"Geauga","jurisdiction":"Chardon Township","parcel_id":"06-120879","owner_name":"HOYNES DENIS F & NANCY A","property_address":"9870 MENTOR RD","property_city":"CHARDON","property_zip":"44024"}},{"type":"Feature","geometry":{"type":"Polygon","coordinates":[[[-81.240642374201,41.6016237467467],[-81.2413506875228,41.6011294123147],[-81.2418486217495,41.6015313772314],[-81.240682629354,41.6023451262375],[-81.2406465661324,41.6023160235893],[-81.2404861290299,41.6021865542857],[-81.2401845988253,41.601943223816],[-81.240642374201,41.6016237467467]]]},"properties":{"source_county":"Geauga","jurisdiction":"Chardon Township","parcel_id":"06-120880","owner_name":"KUBRIN MICHAEL J & JEANNE E CO TRUSTEES","property_address":"9880 MENTOR RD","property_city":"CHARDON","property_zip":"44024"}},{"type":"Feature","geometry":{"type":"Polygon","coordinates":[[[-81.2406378556418,41.6008774275456],[-81.2408527594109,41.6007274452097],[-81.2412763106228,41.6010693694436],[-81.2413506875228,41.6011294123147],[-81.240642374201,41.6016237467467],[-81.2401845988253,41.601943223816],[-81.2400503550044,41.601834888478],[-81.2396865756286,41.6015413183182],[-81.2406378556418,41.6008774275456]]]},"properties":{"source_county":"Geauga","jurisdiction":"Chardon Township","parcel_id":"06-120881","owner_name":"ELIG CHRISTIE M & KELLY T","property_address":"9900 MENTOR RD","property_city":"CHARDON","property_zip":"44024"}},{"type":"Feature","geometry":{"type":"Polygon","coordinates":[[[-81.2391495398267,41.6011079215669],[-81.2403543825231,41.6002670721943],[-81.2406358529577,41.6005466481111],[-81.2406664534763,41.6005770422987],[-81.2408527594109,41.6007274452097],[-81.2406378556418,41.6008774275456],[-81.2396865756286,41.6015413183182],[-81.2396145856435,41.6014832218946],[-81.239265959372,41.6012018748409],[-81.2391495398267,41.6011079215669]]]},"properties":{"source_county":"Geauga","jurisdiction":"Chardon Township","parcel_id":"06-120882","owner_name":"PAKELTIS CATHERINE TOD","property_address":"9910 MENTOR RD","property_city":"CHARDON","property_zip":"44024"}},{"type":"Feature","geometry":{"type":"Polygon","coordinates":[[[-81.2412763106228,41.6010693694436],[-81.2427422744041,41.601062638326],[-81.2427520526557,41.6022606661602],[-81.2423465620912,41.6019333399598],[-81.2418486217495,41.6015313772314],[-81.2413506875228,41.6011294123147],[-81.2412763106228,41.6010693694436]]]},"properties":{"source_county":"Geauga","jurisdiction":"Chardon Township","parcel_id":"06-120888","owner_name":"SIMMONS AMY & RICK TRUSTEES","property_address":"9905 AUBURN RD","property_city":"CHARDON","property_zip":"44024"}},{"type":"Feature","geometry":{"type":"Polygon","coordinates":[[[-81.2409102946709,41.6005759246677],[-81.2427382334611,41.6005675338199],[-81.2427397574017,41.6007542105883],[-81.2427422744041,41.601062638326],[-81.2412763106228,41.6010693694436],[-81.2408527594109,41.6007274452097],[-81.2406664534763,41.6005770422987],[-81.2409102946709,41.6005759246677]]]},"properties":{"source_county":"Geauga","jurisdiction":"Chardon Township","parcel_id":"06-120889","owner_name":"BETTAC JONATHON K & STEPHANIE N","property_address":"9925 AUBURN RD","property_city":"CHARDON","property_zip":"44024"}},{"type":"Feature","geometry":{"type":"Polygon","coordinates":[[[-81.240906388712,41.6000956675327],[-81.2427343140928,41.6000872767451],[-81.2427363581681,41.6003377518091],[-81.2427382334611,41.6005675338199],[-81.2409102946709,41.6005759246677],[-81.240906388712,41.6000956675327]]]},"properties":{"source_county":"Geauga","jurisdiction":"Chardon Township","parcel_id":"06-120890","owner_name":"STARAITIS ANTHONY J","property_address":" AUBURN RD","property_city":"CHARDON","property_zip":"44024"}},{"type":"Feature","geometry":{"type":"Polygon","coordinates":[[[-81.2244793656013,41.6040713466485],[-81.2261714405587,41.6019263112232],[-81.2264810120623,41.6023224640136],[-81.2266233681788,41.6025129712716],[-81.2267195013268,41.6024733239903],[-81.2269471162879,41.6027935779959],[-81.2272784470948,41.6032934662826],[-81.227583864418,41.6037988913086],[-81.2277206811699,41.604051709053],[-81.2244793656013,41.6040713466485]]]},"properties":{"source_county":"Geauga","jurisdiction":"Chardon Township","parcel_id":"06-120894","owner_name":"DAVIES GEOFFREY L & PATRICIA A","property_address":" FOX MEADOW LN","property_city":"CHARDON","property_zip":"44024"}},{"type":"Feature","geometry":{"type":"Polygon","coordinates":[[[-81.2244793656013,41.6040713466485],[-81.2277206811699,41.604051709053],[-81.2279154085589,41.6044115316421],[-81.228058436491,41.6047004072904],[-81.2278319415427,41.6046991955147],[-81.2276013966979,41.6046979614595],[-81.2253161958637,41.6046857044136],[-81.2252041780529,41.6046851021952],[-81.2244768600253,41.6046811920998],[-81.2244793656013,41.6040713466485]]]},"properties":{"source_county":"Geauga","jurisdiction":"Chardon Township","parcel_id":"06-120895","owner_name":"DAVIES GEOFFERY L PATRICIA A","property_address":" FOX MEADOW LN","property_city":"CHARDON","property_zip":"44024"}},{"type":"Feature","geometry":{"type":"Polygon","coordinates":[[[-81.2427935164111,41.6140250488444],[-81.2429032209115,41.6140243446388],[-81.2429041853377,41.6141090681401],[-81.2429093443925,41.614561998804],[-81.2429122871558,41.6148203425877],[-81.2410837960938,41.6148219700923],[-81.2409698603678,41.614140756487],[-81.2427935164111,41.6140250488444]]]},"properties":{"source_county":"Geauga","jurisdiction":"Chardon Township","parcel_id":"06-120898","owner_name":"NELSON GERTRUDE","property_address":"9427 AUBURN RD","property_city":"CHARDON","property_zip":"44024"}},{"type":"Feature","geometry":{"type":"Polygon","coordinates":[[[-81.2371862695415,41.6190453205433],[-81.2372160277934,41.6190453530381],[-81.2372601665963,41.619045400401],[-81.2376852648731,41.6190458582608],[-81.237803606498,41.6196702760591],[-81.2380147686968,41.6207844227313],[-81.2382011894113,41.6217679942422],[-81.2377758312936,41.6217653474901],[-81.2377389236103,41.6217665323847],[-81.2377019355841,41.6217652878187],[-81.2372766578127,41.6217650695889],[-81.2360165294446,41.6217644142789],[-81.2349897083229,41.61944401568],[-81.2351774861215,41.6192489951426],[-81.2368005805843,41.619250881874],[-81.2367615480632,41.6190448613522],[-81.2371862695415,41.6190453205433]]]},"properties":{"source_county":"Geauga","jurisdiction":"Chardon Township","parcel_id":"06-120921","owner_name":"JANET W HAVENER TRUSTEE FBO KIMBERLY M HOSMER ETAL","property_address":" SR 44 ","property_city":"CHARDON","property_zip":"44024"}},{"type":"Feature","geometry":{"type":"Polygon","coordinates":[[[-81.2442283304167,41.6137700861104],[-81.2447375377309,41.6133342910758],[-81.2447189677982,41.6115656961785],[-81.2460264083933,41.6115639468337],[-81.2479113632265,41.6115613984866],[-81.2488237514287,41.6115601535721],[-81.2488237647884,41.6115610866077],[-81.2488540098184,41.6136232590635],[-81.2461979888234,41.6134259720949],[-81.2452460611082,41.6134319943061],[-81.2444338442818,41.6141147023315],[-81.2429041853377,41.6141090681401],[-81.2429032209115,41.6140243446388],[-81.2429003441437,41.6137718140634],[-81.2442283304167,41.6137700861104]]]},"properties":{"source_county":"Geauga","jurisdiction":"Chardon Township","parcel_id":"06-120923","owner_name":"MOORE GEAUGA LLC","property_address":" AUBURN RD","property_city":"CHARDON","property_zip":"44024"}},{"type":"Feature","geometry":{"type":"Polygon","coordinates":[[[-81.2448448560056,41.6160922028937],[-81.2439681308367,41.6144170700521],[-81.2431242039799,41.6144166945236],[-81.2429093443925,41.614561998804],[-81.2429041853377,41.6141090681401],[-81.2444338442818,41.6141147023315],[-81.2452460611082,41.6134319943061],[-81.2461979888234,41.6134259720949],[-81.2488540098184,41.6136232590635],[-81.2488678713741,41.6145683836426],[-81.2490163962123,41.6166545488692],[-81.2488319150353,41.6166296827442],[-81.2448448560056,41.6160922028937]]]},"properties":{"source_county":"Geauga","jurisdiction":"Chardon Township","parcel_id":"06-120924","owner_name":"MOORE GEAUGA LLC","property_address":" AUBURN RD","property_city":"CHARDON","property_zip":"44024"}},{"type":"Feature","geometry":{"type":"Polygon","coordinates":[[[-81.2252448894164,41.621771444424],[-81.225884930867,41.6217721711776],[-81.2258831378513,41.6226640871694],[-81.2258821715228,41.6231443546299],[-81.2252421165992,41.6231436305623],[-81.2252448894164,41.621771444424]]]},"properties":{"source_county":"Geauga","jurisdiction":"Chardon Township","parcel_id":"06-120936","owner_name":"PHELPS DAVID R","property_address":"11555 TWIN OAKS TRL","property_city":"CHARDON","property_zip":"44024"}},{"type":"Feature","geometry":{"type":"Polygon","coordinates":[[[-81.2258831378513,41.6226640871694],[-81.2276061377996,41.6226660259383],[-81.2276033866927,41.6226931236617],[-81.2276054173612,41.6227202571503],[-81.2276121944103,41.6227469533871],[-81.2276235997015,41.622772746977],[-81.2276394344117,41.6227971882601],[-81.2276594224986,41.6228198511509],[-81.2276832155132,41.6228403405662],[-81.2277103986735,41.6228582993128],[-81.2277344005729,41.622875777742],[-81.2277524847146,41.6228968898044],[-81.2277637058882,41.622920532035],[-81.227767477588,41.6229454687233],[-81.2277672965304,41.6230366910941],[-81.2277644436249,41.6230581045895],[-81.2277560778734,41.6230786889742],[-81.2277425207794,41.6230976531594],[-81.2277242933586,41.623114268322],[-81.2277020961164,41.6231278959153],[-81.2276767821262,41.6231380122091],[-81.2276493242443,41.6231442284178],[-81.2276207777218,41.6231463056424],[-81.2258821715228,41.6231443546299],[-81.2258831378513,41.6226640871694]]]},"properties":{"source_county":"Geauga","jurisdiction":"Chardon Township","parcel_id":"06-120937","owner_name":"HAINES WILLIAM M & MINDY","property_address":"11535 TWIN OAKS TRL","property_city":"CHARDON","property_zip":"44024"}},{"type":"Feature","geometry":{"type":"Polygon","coordinates":[[[-81.225884930867,41.6217721711776],[-81.226720569874,41.6217731140359],[-81.2277556174901,41.6225108500894],[-81.2277268719233,41.6225232467563],[-81.2277003295151,41.6225381551105],[-81.2276763780154,41.6225553573614],[-81.2276553673249,41.6225746022075],[-81.2276376043841,41.6225956085078],[-81.2276233486889,41.6226180693882],[-81.2276128085,41.6226416567251],[-81.2276061377996,41.6226660259383],[-81.2258831378513,41.6226640871694],[-81.225884930867,41.6217721711776]]]},"properties":{"source_county":"Geauga","jurisdiction":"Chardon Township","parcel_id":"06-120938","owner_name":"COX GERALD A & SANDRA L","property_address":"9135 OAKSTONE TRL","property_city":"CHARDON","property_zip":"44024"}},{"type":"Feature","geometry":{"type":"Polygon","coordinates":[[[-81.2277556174901,41.6225108500894],[-81.226720569874,41.6217731140359],[-81.2288345362646,41.621775474221],[-81.2280334452199,41.6225257367448],[-81.228002094423,41.622511723739],[-81.2279685421589,41.6225009572428],[-81.2279333822106,41.6224936277934],[-81.2278972368121,41.6224898651017],[-81.2278607456366,41.6224897357569],[-81.2278245544763,41.6224932420481],[-81.2277893038144,41.6225003219237],[-81.2277556174901,41.6225108500894]]]},"properties":{"source_county":"Geauga","jurisdiction":"Chardon Township","parcel_id":"06-120939","owner_name":"REITMAN SHAUN R & BIEBER RACHEL M","property_address":"9150 OAKSTONE TRL","property_city":"CHARDON","property_zip":"44024"}},{"type":"Feature","geometry":{"type":"Polygon","coordinates":[[[-81.2288345362646,41.621775474221],[-81.2297561970435,41.6217764905274],[-81.2297592436059,41.621891746726],[-81.2297800838891,41.6226801127761],[-81.2297797022774,41.6226801122073],[-81.2281512079409,41.6226793578472],[-81.2281471759185,41.622656669191],[-81.228139811431,41.6226344567568],[-81.2281292055576,41.6226129952438],[-81.2281154894632,41.6225925500645],[-81.2280988327762,41.6225733740621],[-81.2280794414902,41.6225557043842],[-81.2280575554169,41.6225397595492],[-81.2280334452199,41.6225257367448],[-81.2288345362646,41.621775474221]]]},"properties":{"source_county":"Geauga","jurisdiction":"Chardon Township","parcel_id":"06-120940","owner_name":"NYEGARD RONALD L JR TOD & JULIA R TOD","property_address":"9130 OAKSTONE TRL","property_city":"CHARDON","property_zip":"44024"}},{"type":"Feature","geometry":{"type":"Polygon","coordinates":[[[-81.2297797022774,41.6226801122073],[-81.2297800838891,41.6226801127761],[-81.2297935334251,41.6231888448028],[-81.229793220218,41.6231888440812],[-81.2279864473914,41.6231868450036],[-81.227986924838,41.6229457131243],[-81.2279907948936,41.622920784922],[-81.2280021094693,41.6228971677675],[-81.2280202771473,41.6228760961237],[-81.2280443483024,41.6228586713993],[-81.2280700876883,41.6228419000838],[-81.228092855961,41.6228228627333],[-81.2281123014841,41.6228018533655],[-81.2281281239394,41.6227791964543],[-81.2281400789652,41.6227552419181],[-81.2281479819299,41.6227303597159],[-81.2281517107832,41.6227049341331],[-81.2281512079409,41.6226793578472],[-81.2297797022774,41.6226801122073]]]},"properties":{"source_county":"Geauga","jurisdiction":"Chardon Township","parcel_id":"06-120941","owner_name":"FAIRBANKS DAVID P & KAREN L","property_address":"9110 OAKSTONE TRL","property_city":"CHARDON","property_zip":"44024"}},{"type":"Feature","geometry":{"type":"Polygon","coordinates":[[[-81.229793220218,41.6231888440812],[-81.2297935334251,41.6231888448028],[-81.2298062940112,41.6236715644244],[-81.229806045593,41.623671564411],[-81.2279854920313,41.6236695643372],[-81.2279864473914,41.6231868450036],[-81.229793220218,41.6231888440812]]]},"properties":{"source_county":"Geauga","jurisdiction":"Chardon Township","parcel_id":"06-120942","owner_name":"LIEBHARDT THOMAS G JR & KARLYN L","property_address":"9090 OAKSTONE TRL","property_city":"CHARDON","property_zip":"44024"}},{"type":"Feature","geometry":{"type":"Polygon","coordinates":[[[-81.229806045593,41.623671564411],[-81.2298062940112,41.6236715644244],[-81.2298200807382,41.6241930551645],[-81.2298199019263,41.6241930550113],[-81.2280566168662,41.6241911237598],[-81.2280253667386,41.6240619444766],[-81.2280030601569,41.6239317255939],[-81.2279897567426,41.6238008154766],[-81.2279854920313,41.6236695643372],[-81.229806045593,41.623671564411]]]},"properties":{"source_county":"Geauga","jurisdiction":"Chardon Township","parcel_id":"06-120943","owner_name":"HAINES BRIAN C & KRYSTAL H","property_address":"9070 OAKSTONE TRL","property_city":"CHARDON","property_zip":"44024"}},{"type":"Feature","geometry":{"type":"Polygon","coordinates":[[[-81.2298199019263,41.6241930550113],[-81.2298200807382,41.6241930551645],[-81.2298338815811,41.6247150664348],[-81.2298337723769,41.6247150661419],[-81.2282425216279,41.6247133428924],[-81.2282188302963,41.6246371821018],[-81.2281924745349,41.6245615157796],[-81.2281634726286,41.6244863963951],[-81.2281318446971,41.6244118760377],[-81.2280909285156,41.6243021334606],[-81.2280566168662,41.6241911237598],[-81.2298199019263,41.6241930550113]]]},"properties":{"source_county":"Geauga","jurisdiction":"Chardon Township","parcel_id":"06-120944","owner_name":"MC CLUSKEY MIRAM L & SEAN J","property_address":"9040 OAKSTONE TRL","property_city":"CHARDON","property_zip":"44024"}},{"type":"Feature","geometry":{"type":"Polygon","coordinates":[[[-81.2298337723769,41.6247150661419],[-81.2298338815811,41.6247150664348],[-81.2298490910093,41.6252912672756],[-81.2283241805623,41.6252896210062],[-81.2283230255089,41.6252170481255],[-81.2283192739863,41.6251445246741],[-81.2283129287079,41.6250721029406],[-81.2283039942573,41.6249998351401],[-81.2282924770845,41.6249277733765],[-81.2282783855018,41.6248559696053],[-81.2282617296773,41.6247844755953],[-81.2282425216279,41.6247133428924],[-81.2298337723769,41.6247150661419]]]},"properties":{"source_county":"Geauga","jurisdiction":"Chardon Township","parcel_id":"06-120945","owner_name":"SCHROEDER KEITH & APRIL K","property_address":"9020 OAKSTONE TRL","property_city":"CHARDON","property_zip":"44024"}},{"type":"Feature","geometry":{"type":"Polygon","coordinates":[[[-81.2269259357858,41.6243275163125],[-81.2278740905363,41.6243233309458],[-81.2279147588548,41.6244360494741],[-81.2279609187362,41.6245475708649],[-81.2280085187589,41.6246774460999],[-81.2280468703742,41.6248090329897],[-81.2260653793446,41.6248068095632],[-81.2260659363005,41.6245299036843],[-81.2260663442654,41.6243265468772],[-81.2269259357858,41.6243275163125]]]},"properties":{"source_county":"Geauga","jurisdiction":"Chardon Township","parcel_id":"06-120949","owner_name":"MEDVED IVICA & KARI M","property_address":"9045 OAKSTONE TRL","property_city":"CHARDON","property_zip":"44024"}},{"type":"Feature","geometry":{"type":"Polygon","coordinates":[[[-81.2276227915822,41.6233109641026],[-81.2276513299838,41.6233131048136],[-81.2276787633623,41.6233193821716],[-81.2277040373678,41.6233295549183],[-81.2277261806406,41.6233432320836],[-81.2277443421434,41.6233598880111],[-81.227757823869,41.6233788825611],[-81.2277661076677,41.6233994857125],[-81.2277688751615,41.62342090562],[-81.2277683829764,41.6236692969289],[-81.2277698990174,41.6237518443577],[-81.2277747740498,41.6238343185431],[-81.2277830035385,41.6239166425495],[-81.2277945798195,41.6239987395812],[-81.2278094921063,41.6240805330539],[-81.2278277265004,41.6241619466663],[-81.2278492660041,41.6242429044711],[-81.2278740905363,41.6243233309458],[-81.2269259357858,41.6243275163125],[-81.2269279656492,41.6233101854987],[-81.2276227915822,41.6233109641026]]]},"properties":{"source_county":"Geauga","jurisdiction":"Chardon Township","parcel_id":"06-120950","owner_name":"DELEY EDWARD W JR & MARY KAY","property_address":"11520 TWIN OAKS TRL","property_city":"CHARDON","property_zip":"44024"}},{"type":"Feature","geometry":{"type":"Polygon","coordinates":[[[-81.2260683874918,41.6233092160782],[-81.2269279656492,41.6233101854987],[-81.2269259357858,41.6243275163125],[-81.2260663442654,41.6243265468772],[-81.2260671597482,41.6239206571496],[-81.2260683874918,41.6233092160782]]]},"properties":{"source_county":"Geauga","jurisdiction":"Chardon Township","parcel_id":"06-120951","owner_name":"PORFILIO RALPH L & RALPH","property_address":"11540 TWIN OAKS TRL","property_city":"CHARDON","property_zip":"44024"}},{"type":"Feature","geometry":{"type":"Polygon","coordinates":[[[-81.224457834481,41.623918826037],[-81.2260671597482,41.6239206571496],[-81.2260663442654,41.6243265468772],[-81.2260659363005,41.6245299036843],[-81.2244565953244,41.6245280482343],[-81.224457834481,41.623918826037]]]},"properties":{"source_county":"Geauga","jurisdiction":"Chardon Township","parcel_id":"06-120953","owner_name":"REED MATTHEW R & KIMBERLEY D","property_address":"9060 SANDY OAKS TRL","property_city":"CHARDON","property_zip":"44024"}},{"type":"Feature","geometry":{"type":"Polygon","coordinates":[[[-81.2429771749314,41.6205169827335],[-81.2466351410188,41.6204934696786],[-81.246650200669,41.621808643684],[-81.245572993473,41.6218054324499],[-81.2442681903359,41.6218015299162],[-81.2429917645731,41.6217976972362],[-81.2429771749314,41.6205169827335]]]},"properties":{"source_county":"Geauga","jurisdiction":"Chardon Township","parcel_id":"06-120971","owner_name":"SEMLER TIMOTHY M & JAMIE LEE","property_address":"9160 AUBURN RD","property_city":"CHARDON","property_zip":"44024"}},{"type":"Feature","geometry":{"type":"Polygon","coordinates":[[[-81.2374701316568,41.6010503198585],[-81.238358258832,41.6004542327669],[-81.2386423908124,41.6006986373331],[-81.2391495398267,41.6011079215669],[-81.239265959372,41.6012018748409],[-81.2392659241031,41.6012018996716],[-81.2391856313618,41.6012579377714],[-81.2392030064265,41.6012750577978],[-81.2392155975202,41.6012943933399],[-81.2392229206905,41.6013152012217],[-81.2392246944604,41.6013366816759],[-81.2392208506483,41.6013580090837],[-81.239211536989,41.6013783637079],[-81.2391971114564,41.6013969632003],[-81.2391781285052,41.6014130926724],[-81.2390540009934,41.601500241059],[-81.2389340372134,41.6015906150749],[-81.2388350030944,41.6016721484645],[-81.2387400144803,41.6017563501687],[-81.2386491988926,41.6018431071611],[-81.2385626782528,41.6019323029848],[-81.2384802392493,41.6020123243212],[-81.2383937955891,41.602089928404],[-81.2383034729514,41.6021650023933],[-81.2382094026569,41.6022374371279],[-81.2381117214772,41.6023071272836],[-81.2380105714353,41.6023739715268],[-81.2379060996,41.6024378726617],[-81.2377984578712,41.6024987377717],[-81.2366697154246,41.6015875234003],[-81.2374701316568,41.6010503198585]]]},"properties":{"source_county":"Geauga","jurisdiction":"Chardon Township","parcel_id":"06-121029","owner_name":"HENCSH JOSEPH & ROBYN","property_address":"11205 HAMPTON RIDGE DR","property_city":"CHARDON","property_zip":"44024"}},{"type":"Feature","geometry":{"type":"Polygon","coordinates":[[[-81.2406490638433,41.6027286445886],[-81.2409219077373,41.6025382184174],[-81.2411806647985,41.6027470264567],[-81.2416826403539,41.6031520998559],[-81.2417934792156,41.6032415407521],[-81.2406569731565,41.6040347427863],[-81.2405779841782,41.6040898702588],[-81.2400551215865,41.6036678150258],[-81.2397065506766,41.6033864432342],[-81.2406490638433,41.6027286445886]]]},"properties":{"source_county":"Geauga","jurisdiction":"Chardon Township","parcel_id":"06-121030","owner_name":"ARMBRUSTER RUSSELL J","property_address":"9845 MENTOR RD","property_city":"CHARDON","property_zip":"44024"}},{"type":"Feature","geometry":{"type":"Polygon","coordinates":[[[-81.2406569731565,41.6040347427863],[-81.2417934792156,41.6032415407521],[-81.2427664666992,41.6040266769365],[-81.242789583483,41.6040453301355],[-81.2427936780841,41.6044082471985],[-81.2409722765221,41.6044081383545],[-81.2406576967193,41.6041542134692],[-81.2405779841782,41.6040898702588],[-81.2406569731565,41.6040347427863]]]},"properties":{"source_county":"Geauga","jurisdiction":"Chardon Township","parcel_id":"06-121031","owner_name":"SNYDER JACOB A","property_address":"9811 MENTOR RD","property_city":"CHARDON","property_zip":"44024"}},{"type":"Feature","geometry":{"type":"Polygon","coordinates":[[[-81.2361808234444,41.6019156387514],[-81.2366697154246,41.6015875234003],[-81.2377984578712,41.6024987377717],[-81.2376700664718,41.6025653038012],[-81.2375378854117,41.6026275511141],[-81.2374021723621,41.602685358362],[-81.237263191882,41.6027386128519],[-81.2371212149023,41.6027872107659],[-81.236976518197,41.6028310573639],[-81.2368293838444,41.602870067168],[-81.2366800986762,41.6029041641294],[-81.2364025599582,41.6029625623879],[-81.2360116844916,41.6019159878824],[-81.2361808234444,41.6019156387514]]]},"properties":{"source_county":"Geauga","jurisdiction":"Chardon Township","parcel_id":"06-121072","owner_name":"LOVE JOHN C & KATHERINE J","property_address":"11255 HAMPTON RIDGE DR","property_city":"CHARDON","property_zip":"44024"}},{"type":"Feature","geometry":{"type":"Polygon","coordinates":[[[-81.2353822999504,41.6019172839591],[-81.2360116844916,41.6019159878824],[-81.2364025599582,41.6029625623879],[-81.2354289402308,41.603167419351],[-81.235400707932,41.6031711687497],[-81.2353720435646,41.60317071206],[-81.2353440486698,41.6031660668318],[-81.2353177990608,41.6031574115763],[-81.235294303481,41.6031450789055],[-81.2352744648376,41.6031295427503],[-81.2352590455045,41.6031114001476],[-81.235248638025,41.6030913482965],[-81.2350216542165,41.6024835686978],[-81.2349871997147,41.6024026472891],[-81.2349450737966,41.6023237974539],[-81.2348954950666,41.6022474283175],[-81.2348387207968,41.6021739361326],[-81.2353822999504,41.6019172839591]]]},"properties":{"source_county":"Geauga","jurisdiction":"Chardon Township","parcel_id":"06-121073","owner_name":"DURDELLA VINCENT PAUL & HALEY MORGAN","property_address":"11285 HAMPTON RIDGE DR","property_city":"CHARDON","property_zip":"44024"}},{"type":"Feature","geometry":{"type":"Polygon","coordinates":[[[-81.234463290615,41.600670476326],[-81.235377742114,41.6006685785803],[-81.2353822999504,41.6019172839591],[-81.2348387207968,41.6021739361326],[-81.234797711399,41.6021274681941],[-81.2347538206084,41.6020825076999],[-81.2347071466156,41.6020391552279],[-81.2346577938367,41.6019975077585],[-81.2346058726795,41.6019576584577],[-81.2345514992967,41.6019196964689],[-81.2344947953264,41.6018837067134],[-81.234435887619,41.6018497697005],[-81.2343817196546,41.6018213088331],[-81.234325981766,41.6017946103393],[-81.2344271492076,41.6006705508993],[-81.2344279530241,41.6006705488493],[-81.234463290615,41.600670476326]]]},"properties":{"source_county":"Geauga","jurisdiction":"Chardon Township","parcel_id":"06-121074","owner_name":"DAVIDSON RALPH SCOTT & LORI ANN","property_address":"9890 BRECKENRIDGE DR","property_city":"CHARDON","property_zip":"44024"}},{"type":"Feature","geometry":{"type":"Polygon","coordinates":[[[-81.2340433402758,41.6017934265496],[-81.2322926462467,41.6006749504866],[-81.2331860368596,41.6006731139333],[-81.2344271492076,41.6006705508993],[-81.234325981766,41.6017946103393],[-81.2342930720799,41.6017817713658],[-81.234258155196,41.6017723831886],[-81.2342218698645,41.6017666175496],[-81.2341848798683,41.6017645799222],[-81.2341478618809,41.6017663075814],[-81.2341114930875,41.6017717689225],[-81.2340764387979,41.6017808640389],[-81.2340433402758,41.6017934265496]]]},"properties":{"source_county":"Geauga","jurisdiction":"Chardon Township","parcel_id":"06-121075","owner_name":"WOLFE DAVID L & SUSAN N","property_address":"9900 BRECKENRIDGE DR","property_city":"CHARDON","property_zip":"44024"}},{"type":"Feature","geometry":{"type":"Polygon","coordinates":[[[-81.231899860728,41.6006757553794],[-81.2322926462467,41.6006749504866],[-81.2340433402758,41.6017934265496],[-81.2340128021234,41.6018092271269],[-81.2339853840665,41.6018279764267],[-81.2339615877124,41.6018493314367],[-81.2339418484119,41.6018729014736],[-81.2339265272941,41.6018982553304],[-81.2339159046602,41.601924929165],[-81.2339101748542,41.6019524349864],[-81.2339094427079,41.6019802695818],[-81.2320151231205,41.601942860894],[-81.2315353752733,41.6006765014244],[-81.231899860728,41.6006757553794]]]},"properties":{"source_county":"Geauga","jurisdiction":"Chardon Township","parcel_id":"06-121076","owner_name":"LANGLOTZ BRIAN R & PAMELA","property_address":"9895 BRECKENRIDGE DR","property_city":"CHARDON","property_zip":"44024"}},{"type":"Feature","geometry":{"type":"Polygon","coordinates":[[[-81.2323667944911,41.6028711156895],[-81.2320151231205,41.601942860894],[-81.2339094427079,41.6019802695818],[-81.2339137215053,41.6020079226765],[-81.2339229327137,41.6020348894468],[-81.2339369078341,41.6020606765778],[-81.2339553912189,41.6020848123337],[-81.2339780447472,41.6021068551876],[-81.2340044540109,41.6021264018984],[-81.2340341358947,41.6021430948883],[-81.2340665474143,41.6021566287836],[-81.2341010956498,41.6021667560012],[-81.2341371485918,41.6021732912786],[-81.2341740467041,41.6021761150622],[-81.2342111149887,41.6021751756948],[-81.2342476753345,41.602170490361],[-81.2342830589226,41.6021621447722],[-81.2343166184618,41.6021502915988],[-81.2343477400303,41.6021351476775],[-81.234368099959,41.602125555752],[-81.2343902787623,41.6021185977202],[-81.2344136768248,41.6021144616958],[-81.2344376615686,41.6021132594985],[-81.2344688548792,41.6021161544969],[-81.2344985033182,41.6021239861905],[-81.2345252370207,41.602136392727],[-81.2345478207917,41.6021528008796],[-81.2346013578554,41.6022043802389],[-81.2346503583073,41.6022584404327],[-81.2346946186987,41.6023147570172],[-81.2347339552595,41.6023730961802],[-81.2344398261141,41.6024349803419],[-81.2323667944911,41.6028711156895]]]},"properties":{"source_county":"Geauga","jurisdiction":"Chardon Township","parcel_id":"06-121077","owner_name":"CUTLER RICHARD I & LINDA D","property_address":"9875 BRECKENRIDGE DR","property_city":"CHARDON","property_zip":"44024"}},{"type":"Feature","geometry":{"type":"Polygon","coordinates":[[[-81.2344398261141,41.6024349803419],[-81.2347339552595,41.6023730961802],[-81.2347763937821,41.6024493845169],[-81.2348104181909,41.6025280125889],[-81.2349485820626,41.602897970689],[-81.2344436562475,41.6030042052757],[-81.2325668147454,41.6033990635582],[-81.2323667944911,41.6028711156895],[-81.2344398261141,41.6024349803419]]]},"properties":{"source_county":"Geauga","jurisdiction":"Chardon Township","parcel_id":"06-121078","owner_name":"SCSB","property_address":"9855 BRECKENRIDGE DR","property_city":"CHARDON","property_zip":"44024"}},{"type":"Feature","geometry":{"type":"Polygon","coordinates":[[[-81.2344436562475,41.6030042052757],[-81.2349485820626,41.602897970689],[-81.2352051747212,41.6035850257663],[-81.2344486357551,41.6037441977986],[-81.2328268452979,41.6040853952155],[-81.2325668147454,41.6033990635582],[-81.2344436562475,41.6030042052757]]]},"properties":{"source_county":"Geauga","jurisdiction":"Chardon Township","parcel_id":"06-121079","owner_name":"WEAVER DAVID A & KAREN L","property_address":"9825 BRECKENRIDGE DR","property_city":"CHARDON","property_zip":"44024"}},{"type":"Feature","geometry":{"type":"Polygon","coordinates":[[[-81.2344486357551,41.6037441977986],[-81.2352051747212,41.6035850257663],[-81.2353778816884,41.6040474619858],[-81.2354028642872,41.604110105553],[-81.2354307583254,41.6041720530355],[-81.2354615294984,41.6042332282309],[-81.235495139962,41.6042935558865],[-81.2344538066449,41.604512645555],[-81.2339021214422,41.6046287132691],[-81.2331498630254,41.6047869726928],[-81.233051799715,41.6046372802729],[-81.2330141894057,41.6045798680313],[-81.2328268452979,41.6040853952155],[-81.2344486357551,41.6037441977986]]]},"properties":{"source_county":"Geauga","jurisdiction":"Chardon Township","parcel_id":"06-121080","owner_name":"JANCAR PETER P TRUSTEE","property_address":"9805 BRECKENRIDGE DR","property_city":"CHARDON","property_zip":"44024"}},{"type":"Feature","geometry":{"type":"Polygon","coordinates":[[[-81.2344538066449,41.604512645555],[-81.235495139962,41.6042935558865],[-81.2355516272585,41.6043835463405],[-81.2356144292503,41.6044711473147],[-81.2356833671667,41.6045561094118],[-81.2357582447659,41.6046381907461],[-81.2358388488937,41.6047171576327],[-81.2359249500899,41.6047927852526],[-81.2360163032416,41.604864858293],[-81.2361126482808,41.6049331715603],[-81.2347083692297,41.60522862512],[-81.2344689955255,41.6052789861451],[-81.2334725455551,41.6054886210167],[-81.2332846623307,41.6049927421352],[-81.2331498630254,41.6047869726928],[-81.2339021214422,41.6046287132691],[-81.2344538066449,41.604512645555]]]},"properties":{"source_county":"Geauga","jurisdiction":"Chardon Township","parcel_id":"06-121081","owner_name":"RYDER KATHLEEN M & AFSARIFARD FARSHID","property_address":"9775 BRECKENRIDGE DR","property_city":"CHARDON","property_zip":"44024"}},{"type":"Feature","geometry":{"type":"Polygon","coordinates":[[[-81.2359923453176,41.6062280826981],[-81.2347083692297,41.60522862512],[-81.2361126482808,41.6049331715603],[-81.2361452554965,41.6049547036997],[-81.2361947446223,41.604986374508],[-81.2362458340173,41.6050165799839],[-81.2363300805944,41.6050643960617],[-81.2364127171277,41.6051137695895],[-81.2364936925177,41.6051646700386],[-81.2365729566917,41.6052170659359],[-81.2366504606346,41.6052709248839],[-81.2367261564195,41.6053262135802],[-81.2367999972371,41.6053828978383],[-81.2368719374247,41.6054409426087],[-81.2369455656097,41.6055019723887],[-81.2369619737898,41.6055184435726],[-81.2369740007294,41.6055369227489],[-81.2369812243006,41.6055567613313],[-81.2369833909642,41.6055772630204],[-81.2369804246693,41.6055977082422],[-81.2369724295233,41.6056173794038],[-81.2369596861381,41.6056355860801],[-81.236942641782,41.6056516892465],[-81.2367753682969,41.6057662308154],[-81.2366132649234,41.6058848862679],[-81.2364565111924,41.6060075242127],[-81.2363052807133,41.6061340088478],[-81.2362815721081,41.6061499890565],[-81.2362538149918,41.6061617361757],[-81.2362233269412,41.6061686925917],[-81.2361915551672,41.6061705280961],[-81.2361641643623,41.6061708918039],[-81.2361369585608,41.6061733047095],[-81.2361102092315,41.6061777427362],[-81.2360841832883,41.6061841615999],[-81.236059140427,41.6061924972508],[-81.2360353305344,41.6062026665131],[-81.2360129911944,41.6062145679144],[-81.2359923453176,41.6062280826981]]]},"properties":{"source_county":"Geauga","jurisdiction":"Chardon Township","parcel_id":"06-121082","owner_name":"WILLIAMS DARRYL RAY TOD & MARIE EDNA TOD","property_address":"9745 BRECKENRIDGE DR","property_city":"CHARDON","property_zip":"44024"}},{"type":"Feature","geometry":{"type":"Polygon","coordinates":[[[-81.2344689955255,41.6052789861451],[-81.2347083692297,41.60522862512],[-81.2359923453176,41.6062280826981],[-81.2359730839841,41.6062435336394],[-81.235956037874,41.6062603870842],[-81.2359413871253,41.6062784649323],[-81.2359292865631,41.6062975761443],[-81.2359198640636,41.6063175187606],[-81.2359132192027,41.6063380820354],[-81.2359094222032,41.6063590486639],[-81.2359085131932,41.6063801970785],[-81.2344961442704,41.6065336169629],[-81.2337456152111,41.606615137013],[-81.2335940572388,41.6062106399975],[-81.2335347028851,41.6056526705986],[-81.2334725455551,41.6054886210167],[-81.2344689955255,41.6052789861451]]]},"properties":{"source_county":"Geauga","jurisdiction":"Chardon Township","parcel_id":"06-121083","owner_name":"POYAR RYAN & RACHAEL","property_address":"11295 WELLINGTON DR","property_city":"CHARDON","property_zip":"44024"}},{"type":"Feature","geometry":{"type":"Polygon","coordinates":[[[-81.2344961442704,41.6065336169629],[-81.2359085131932,41.6063801970785],[-81.235910408089,41.6064007219818],[-81.2359150236214,41.6064210023659],[-81.2359223136768,41.6064408355992],[-81.2359322054188,41.6064600235173],[-81.2359446000159,41.6064783744036],[-81.2359593736291,41.6064957049046],[-81.235976378649,41.6065118418617],[-81.2359954451705,41.6065266240416],[-81.2345209672485,41.6077107609819],[-81.234240523279,41.6079359748556],[-81.2337456152111,41.606615137013],[-81.2344961442704,41.6065336169629]]]},"properties":{"source_county":"Geauga","jurisdiction":"Chardon Township","parcel_id":"06-121084","owner_name":"BURTON CHRISTOPHER C JR","property_address":"11305 WELLINGTON DR","property_city":"CHARDON","property_zip":"44024"}},{"type":"Feature","geometry":{"type":"Polygon","coordinates":[[[-81.2345209672485,41.6077107609819],[-81.2359954451705,41.6065266240416],[-81.2360198437254,41.6065418528805],[-81.2360464228986,41.6065548643564],[-81.2360748268043,41.6065654842497],[-81.236104675124,41.6065735703634],[-81.236135568198,41.6065790144268],[-81.2361670923776,41.6065817435456],[-81.2361988255634,41.6065817211778],[-81.2362303428575,41.6065789476228],[-81.2365511503352,41.6079436995404],[-81.2345260116124,41.6079369313417],[-81.234240523279,41.6079359748556],[-81.2345209672485,41.6077107609819]]]},"properties":{"source_county":"Geauga","jurisdiction":"Chardon Township","parcel_id":"06-121085","owner_name":"HOLLINGER KIMBERLY KAY TOD","property_address":"11300 WELLINGTON DR","property_city":"CHARDON","property_zip":"44024"}},{"type":"Feature","geometry":{"type":"Polygon","coordinates":[[[-81.2364483629998,41.6064273297126],[-81.2384808333957,41.6068181064304],[-81.238489136806,41.607950143644],[-81.2374597242948,41.6079467243552],[-81.2365511503352,41.6079436995404],[-81.2362303428575,41.6065789476228],[-81.2362683907464,41.606571771667],[-81.2363046850912,41.6065605945268],[-81.236338483162,41.606545644932],[-81.236369093314,41.6065272288125],[-81.2363958891419,41.606505723037],[-81.2364183222984,41.6064815677008],[-81.2364359337158,41.6064552571194],[-81.2364483629998,41.6064273297126]]]},"properties":{"source_county":"Geauga","jurisdiction":"Chardon Township","parcel_id":"06-121086","owner_name":"O HARA THOMAS J TOD & CYNTHIA L TOD","property_address":"11290 WELLINGTON DR","property_city":"CHARDON","property_zip":"44024"}},{"type":"Feature","geometry":{"type":"Polygon","coordinates":[[[-81.2377924311004,41.6053189679269],[-81.2378329032398,41.6052988235391],[-81.2384784173912,41.6064887862954],[-81.2384808333957,41.6068181064304],[-81.2364483629998,41.6064273297126],[-81.2364545989166,41.6064030969717],[-81.2364569255822,41.6063784782462],[-81.2364553095499,41.6063538274866],[-81.2364497740582,41.6063294991035],[-81.2364459555328,41.6063038188347],[-81.2364502407287,41.6062781800771],[-81.2364623922069,41.6062540033976],[-81.2364817366828,41.6062326283521],[-81.2366055718075,41.606128703766],[-81.2367335151666,41.6060276215377],[-81.23686545099,41.6059294731172],[-81.237001259897,41.6058343473002],[-81.2375729584459,41.6054461632967],[-81.2376800984997,41.6053800419485],[-81.2377924311004,41.6053189679269]]]},"properties":{"source_county":"Geauga","jurisdiction":"Chardon Township","parcel_id":"06-121087","owner_name":"SOCKMAN WILLIAM P TRUSTEE","property_address":"11250 WELLINGTON DR","property_city":"CHARDON","property_zip":"44024"}},{"type":"Feature","geometry":{"type":"Polygon","coordinates":[[[-81.2388752901237,41.6051239672671],[-81.2388904394367,41.6051542333701],[-81.2389117165455,41.6051823455249],[-81.2389385964598,41.6052076100837],[-81.2389704159417,41.6052294036604],[-81.2390063898704,41.6052471885126],[-81.2390456306146,41.6052605258102],[-81.2390871699342,41.6052690864634],[-81.2391299828716,41.6052726592434],[-81.2391183040882,41.6064909069992],[-81.2384784173912,41.6064887862954],[-81.2378329032398,41.6052988235391],[-81.2379353907425,41.6052518407091],[-81.2380410525545,41.6052090018581],[-81.2381495915149,41.6051704274626],[-81.2382607023731,41.6051362260064],[-81.2383740726472,41.6051064936747],[-81.2384893835024,41.6050813140839],[-81.2386063106475,41.6050607580469],[-81.2387245252471,41.6050448833735],[-81.2387493568851,41.6050451623966],[-81.2387737676684,41.6050485905739],[-81.2387970538105,41.6050550690676],[-81.2388185439489,41.6050644110966],[-81.2388376185009,41.6050763473209],[-81.238853727527,41.6050905336074],[-81.2388664065856,41.6051065609511],[-81.2388752901237,41.6051239672671]]]},"properties":{"source_county":"Geauga","jurisdiction":"Chardon Township","parcel_id":"06-121088","owner_name":"HAHN SHERI E TRUSTEE","property_address":"11200 WELLINGTON DR","property_city":"CHARDON","property_zip":"44024"}},{"type":"Feature","geometry":{"type":"Polygon","coordinates":[[[-81.2391183040882,41.6064909069992],[-81.2391299828716,41.6052726592434],[-81.2391642249857,41.6052718779689],[-81.2391980701309,41.605267898474],[-81.2392309901291,41.6052607828617],[-81.2392624712401,41.6052506421762],[-81.2392920221793,41.6052376346702],[-81.2393191817844,41.6052219633352],[-81.2393435262127,41.6052038727331],[-81.2393646755548,41.6051836451804],[-81.240663479711,41.6062310914638],[-81.24098927033,41.6064938244259],[-81.2406641168567,41.6064938018756],[-81.2399784586432,41.6064937525027],[-81.2391183040882,41.6064909069992]]]},"properties":{"source_county":"Geauga","jurisdiction":"Chardon Township","parcel_id":"06-121089","owner_name":"MURPHY KENNETH E & JILL K","property_address":"11190 WELLINGTON DR","property_city":"CHARDON","property_zip":"44024"}},{"type":"Feature","geometry":{"type":"Polygon","coordinates":[[[-81.240660274344,41.604910769047],[-81.2409761892192,41.6048883948533],[-81.2409827296857,41.6056911101989],[-81.24098927033,41.6064938244259],[-81.240663479711,41.6062310914638],[-81.2393646755548,41.6051836451804],[-81.2393812404023,41.6051631162658],[-81.2393945087492,41.6051412796583],[-81.2394043001957,41.6051184322596],[-81.2394104816161,41.6050948847144],[-81.2394129689687,41.6050709571865],[-81.2394117284383,41.6050469750058],[-81.2394067768958,41.6050232642452],[-81.2393981816685,41.6050001472865],[-81.240660274344,41.604910769047]]]},"properties":{"source_county":"Geauga","jurisdiction":"Chardon Township","parcel_id":"06-121090","owner_name":"PARTRIDGE WILLIAM MILES & JENNIFER MCGEE","property_address":"11160 WELLINGTON DR","property_city":"CHARDON","property_zip":"44024"}},{"type":"Feature","geometry":{"type":"Polygon","coordinates":[[[-81.2393447379395,41.6046019658102],[-81.2400551215865,41.6036678150258],[-81.2405779841782,41.6040898702588],[-81.2406576967193,41.6041542134692],[-81.2409722765221,41.6044081383545],[-81.2409739719414,41.6046162680025],[-81.2409761892192,41.6048883948533],[-81.240660274344,41.604910769047],[-81.2393981816685,41.6050001472865],[-81.2393818401551,41.6049716152546],[-81.2393599652007,41.6049452533783],[-81.2393330548233,41.60492166182],[-81.2393017216769,41.6049013776713],[-81.2392666791033,41.6048848627264],[-81.2392287248921,41.6048724929682],[-81.2391887231184,41.6048645500094],[-81.2391475844713,41.604861214681],[-81.2393447379395,41.6046019658102]]]},"properties":{"source_county":"Geauga","jurisdiction":"Chardon Township","parcel_id":"06-121091","owner_name":"TANKO DANIEL A & LAURA L","property_address":"11175 WELLINGTON DR","property_city":"CHARDON","property_zip":"44024"}},{"type":"Feature","geometry":{"type":"Polygon","coordinates":[[[-81.2386085420388,41.6048920513084],[-81.2385359178389,41.6046013998],[-81.2383265429847,41.603763437384],[-81.2395891877219,41.6034683518557],[-81.2397065506766,41.6033864432342],[-81.2400551215865,41.6036678150258],[-81.2393447379395,41.6046019658102],[-81.2391475844713,41.604861214681],[-81.2390840758427,41.6048602931778],[-81.2389645662794,41.6048617801666],[-81.2388452902901,41.6048675794572],[-81.2387265239209,41.6048776776281],[-81.2386085420388,41.6048920513084]]]},"properties":{"source_county":"Geauga","jurisdiction":"Chardon Township","parcel_id":"06-121092","owner_name":"BOKAL DAVID A & JOANNE S","property_address":"11205 WELLINGTON DR","property_city":"CHARDON","property_zip":"44024"}},{"type":"Feature","geometry":{"type":"Polygon","coordinates":[[[-81.2369438610808,41.6040865573802],[-81.2383265429847,41.603763437384],[-81.2385359178389,41.6046013998],[-81.2386085420388,41.6048920513084],[-81.2384996780651,41.6049092415744],[-81.2383919484554,41.6049300722986],[-81.2382855691926,41.6049545017186],[-81.2381807535531,41.604982480857],[-81.2380777116791,41.6050139536194],[-81.2379766501577,41.6050488569074],[-81.2378777716064,41.6050871207446],[-81.2377812742674,41.6051286684172],[-81.2373731487115,41.6046207847559],[-81.2369438610808,41.6040865573802]]]},"properties":{"source_county":"Geauga","jurisdiction":"Chardon Township","parcel_id":"06-121093","owner_name":"CASSEDAY CHRISTINE NAPLES TRUSTEE","property_address":"11225 WELLINGTON DR","property_city":"CHARDON","property_zip":"44024"}},{"type":"Feature","geometry":{"type":"Polygon","coordinates":[[[-81.2357815906995,41.6043581540749],[-81.2369438610808,41.6040865573802],[-81.2373731487115,41.6046207847559],[-81.2377812742674,41.6051286684172],[-81.2376889237583,41.6051726308218],[-81.2375992401947,41.6052196008539],[-81.2375123973343,41.6052694875142],[-81.2374285634325,41.6053221941523],[-81.2373128717392,41.6054004140821],[-81.2372903679661,41.605412561015],[-81.2372652149777,41.6054213032115],[-81.23723831619,41.6054263266793],[-81.2372106377241,41.605427450991],[-81.2371831737046,41.6054246357648],[-81.237156910554,41.6054179821148],[-81.2371327915627,41.6054077290195],[-81.2371116830084,41.6053942447382],[-81.2369825841198,41.6052880825502],[-81.236841248939,41.6051801514956],[-81.2366935741831,41.6050771129823],[-81.2365398602169,41.6049791765668],[-81.2363804196832,41.6048865414283],[-81.236318616278,41.6048495443227],[-81.2362590489505,41.6048105357254],[-81.2361884893403,41.6047610426733],[-81.2361208054161,41.6047093366622],[-81.236056120266,41.6046555117284],[-81.2359945515236,41.6045996657618],[-81.2359362111537,41.6045419003273],[-81.2358812052491,41.6044823204808],[-81.2358296338375,41.6044210345775],[-81.2357815906995,41.6043581540749]]]},"properties":{"source_county":"Geauga","jurisdiction":"Chardon Township","parcel_id":"06-121094","owner_name":"ROBINSON SCOTT W & KAREN P","property_address":"11245 WELLINGTON DR","property_city":"CHARDON","property_zip":"44024"}},{"type":"Feature","geometry":{"type":"Polygon","coordinates":[[[-81.2354881543944,41.6033259700458],[-81.2365744199786,41.6030974113687],[-81.2369438610808,41.6040865573802],[-81.2357815906995,41.6043581540749],[-81.2357235155327,41.6042725753117],[-81.2356719729476,41.6041846712273],[-81.2356271274716,41.6040947224628],[-81.2355891222492,41.6040030161857],[-81.2353868044672,41.6034613003904],[-81.2353818090994,41.6034401099012],[-81.2353824175479,41.6034185951086],[-81.2353886064253,41.6033975828087],[-81.235400137893,41.603377880486],[-81.2354165688024,41.6033602452836],[-81.2354372677251,41.6033453549058],[-81.2354614392187,41.603333781576],[-81.2354881543944,41.6033259700458]]]},"properties":{"source_county":"Geauga","jurisdiction":"Chardon Township","parcel_id":"06-121095","owner_name":"MYEROFF KEVIN H & LOIS L","property_address":"9800 BRECKENRIDGE DR","property_city":"CHARDON","property_zip":"44024"}},{"type":"Feature","geometry":{"type":"Polygon","coordinates":[[[-81.2375893095669,41.6027957019097],[-81.2383265429847,41.603763437384],[-81.2369438610808,41.6040865573802],[-81.2365744199786,41.6030974113687],[-81.2367393156147,41.603062715101],[-81.2368500030781,41.6030380403435],[-81.2369596269939,41.6030108219169],[-81.2370680836266,41.6029810855779],[-81.2371752703461,41.6029488594657],[-81.2372810857241,41.6029141740756],[-81.2373854296306,41.6028770622301],[-81.2374882033284,41.6028375590477],[-81.2375893095669,41.6027957019097]]]},"properties":{"source_county":"Geauga","jurisdiction":"Chardon Township","parcel_id":"06-121096","owner_name":"CUBIC JOHN & DONNA TRUSTEES","property_address":"11250 HAMPTON RIDGE DR","property_city":"CHARDON","property_zip":"44024"}},{"type":"Feature","geometry":{"type":"Polygon","coordinates":[[[-81.2382820740318,41.602413197924],[-81.2387177743188,41.602764917281],[-81.239153478071,41.6031166358497],[-81.2395891877219,41.6034683518557],[-81.2383265429847,41.603763437384],[-81.2375893095669,41.6027957019097],[-81.2376820576272,41.6027545594888],[-81.2377731943809,41.6027114361976],[-81.2378626447553,41.6026663675598],[-81.2379503350672,41.6026193907016],[-81.2380361930839,41.602570544321],[-81.2381201480826,41.6025198686559],[-81.2382021309084,41.6024674054512],[-81.2382820740318,41.602413197924]]]},"properties":{"source_county":"Geauga","jurisdiction":"Chardon Township","parcel_id":"06-121097","owner_name":"DONAHUE JAMES J & FRANCES M","property_address":"11220 HAMPTON RIDGE DR","property_city":"CHARDON","property_zip":"44024"}},{"type":"Feature","geometry":{"type":"Polygon","coordinates":[[[-81.2409761892192,41.6048883948533],[-81.2427990966078,41.6048885044762],[-81.242806420915,41.6055376389287],[-81.242807081948,41.6055962320429],[-81.2428081537242,41.6056912196927],[-81.2409827296857,41.6056911101989],[-81.2409761892192,41.6048883948533]]]},"properties":{"source_county":"Geauga","jurisdiction":"Chardon Township","parcel_id":"06-121098","owner_name":"HANLEY FRANK J TRUSTEE","property_address":"9765 AUBURN RD","property_city":"CHARDON","property_zip":"44024"}},{"type":"Feature","geometry":{"type":"Polygon","coordinates":[[[-81.2409827296857,41.6056911101989],[-81.2428081537242,41.6056912196927],[-81.242811218987,41.6059628836514],[-81.2428172110801,41.60649393379],[-81.24098927033,41.6064938244259],[-81.2409827296857,41.6056911101989]]]},"properties":{"source_county":"Geauga","jurisdiction":"Chardon Township","parcel_id":"06-121099","owner_name":"FORADIS GEORGE G & JULIE A","property_address":"9735 AUBURN RD","property_city":"CHARDON","property_zip":"44024"}},{"type":"Feature","geometry":{"type":"Polygon","coordinates":[[[-81.2346812905882,41.5993608742619],[-81.2354124695299,41.5993547750251],[-81.2357316243945,41.6006678428776],[-81.235377742114,41.6006685785803],[-81.234463290615,41.600670476326],[-81.2346812905882,41.5993608742619]]]},"properties":{"source_county":"Geauga","jurisdiction":"Chardon Township","parcel_id":"06-121101","owner_name":"LACH BRIAN D & SUSAN TRUSTEES","property_address":"11300 WOODIE GLEN DR","property_city":"CHARDON","property_zip":"44024"}},{"type":"Feature","geometry":{"type":"Polygon","coordinates":[[[-81.2344191551515,41.5993630599765],[-81.2346812905882,41.5993608742619],[-81.234463290615,41.600670476326],[-81.2344279530241,41.6006705488493],[-81.2344271492076,41.6006705508993],[-81.2331860368596,41.6006731139333],[-81.2339501078948,41.5993669697585],[-81.2344191551515,41.5993630599765]]]},"properties":{"source_county":"Geauga","jurisdiction":"Chardon Township","parcel_id":"06-121102","owner_name":"TANG ANDREW SING & TAMMY SAU","property_address":"11330 WOODIE GLEN DR","property_city":"CHARDON","property_zip":"44024"}},{"type":"Feature","geometry":{"type":"Polygon","coordinates":[[[-81.2332189226664,41.5993730606276],[-81.2339501078948,41.5993669697585],[-81.2331860368596,41.6006731139333],[-81.2322926462467,41.6006749504866],[-81.231899860728,41.6006757553794],[-81.2332189226664,41.5993730606276]]]},"properties":{"source_county":"Geauga","jurisdiction":"Chardon Township","parcel_id":"06-121103","owner_name":"TANG ANDREW SING & TAMMY SAU","property_address":" WOODIE GLEN DR","property_city":"CHARDON","property_zip":"44024"}},{"type":"Feature","geometry":{"type":"Polygon","coordinates":[[[-81.2429548063673,41.6185533239868],[-81.2455415482695,41.6185516803614],[-81.2455519017901,41.6194572617422],[-81.2429652923273,41.6194738867875],[-81.2429548063673,41.6185533239868]]]},"properties":{"source_county":"Geauga","jurisdiction":"Chardon Township","parcel_id":"06-121113","owner_name":"DYSERT WILLIAM L & KALI B CO TRUSTEES","property_address":" AUBURN RD","property_city":"CHARDON","property_zip":"44024"}},{"type":"Feature","geometry":{"type":"Polygon","coordinates":[[[-81.2427936780841,41.6044082471985],[-81.242789583483,41.6040453301355],[-81.2431407349261,41.6043274452331],[-81.2427943189165,41.6044650175498],[-81.2427936780841,41.6044082471985]]]},"properties":{"source_county":"Geauga","jurisdiction":"Chardon Township","parcel_id":"06-705800","owner_name":"CHARDON TWP BOARD OF TRUSTEES","property_address":" MENTOR RD","property_city":"CHARDON","property_zip":"44024"}},{"type":"Feature","geometry":{"type":"Polygon","coordinates":[[[-81.2369477476792,41.6006653051711],[-81.2378774724435,41.600040662232],[-81.2379976664026,41.6001440534593],[-81.238358258832,41.6004542327669],[-81.2374701316568,41.6010503198585],[-81.2366697154246,41.6015875234003],[-81.2361808234444,41.6019156387514],[-81.2360116844916,41.6019159878824],[-81.2353822999504,41.6019172839591],[-81.235377742114,41.6006685785803],[-81.2357316243945,41.6006678428776],[-81.2369477476792,41.6006653051711]]]},"properties":{"source_county":"Geauga","jurisdiction":"Chardon Township","parcel_id":"06-707400","owner_name":"CHARDON BOARD OF TRUSTEES","property_address":"9949 MENTOR RD","property_city":"CHARDON","property_zip":"44024"}},{"type":"Feature","geometry":{"type":"Polygon","coordinates":[[[-81.2297754154406,41.6176025872161],[-81.23108368548,41.6175967112598],[-81.2310828085902,41.617937012066],[-81.2310808535157,41.6186953881038],[-81.2297704092119,41.6186979618708],[-81.2222067538827,41.6187125308573],[-81.2222765201259,41.6184571303508],[-81.2223186486247,41.6183029078522],[-81.2223239447685,41.6182835175844],[-81.2224993851209,41.6176412524305],[-81.2294741286699,41.6176039384222],[-81.2297754154406,41.6176025872161]]]},"properties":{"source_county":"Geauga","jurisdiction":"Chardon Township","parcel_id":"06-707419","owner_name":"GEAUGA PARK DISTRICT","property_address":"9280 RAVENNA RD","property_city":"CHARDON","property_zip":"44024"}},{"type":"Feature","geometry":{"type":"Polygon","coordinates":[[[-81.2348121415595,41.6190427349652],[-81.2367615480632,41.6190448613522],[-81.2368005805843,41.619250881874],[-81.2351774861215,41.6192489951426],[-81.2349897083229,41.61944401568],[-81.2348121415595,41.6190427349652]]]},"properties":{"source_county":"Geauga","jurisdiction":"Chardon Township","parcel_id":"06-707439","owner_name":"GEAUGA COUNTY PARK DISTRICT","property_address":" SR 44 ","property_city":"CHARDON","property_zip":"44024"}},{"type":"Feature","geometry":{"type":"Polygon","coordinates":[[[-81.234479980239,41.6192480843698],[-81.2344797114332,41.6191615827637],[-81.234518043669,41.6192481260478],[-81.234479980239,41.6192480843698]]]},"properties":{"source_county":"Geauga","jurisdiction":"Chardon Township","parcel_id":"06-707440","owner_name":"GEAUGA COUNTY PARK DISTRICT","property_address":" CLARK RD","property_city":"CHARDON","property_zip":"44024"}},{"type":"Feature","geometry":{"type":"Polygon","coordinates":[[[-81.2371374839147,41.6253434858807],[-81.2370601078367,41.6251232717156],[-81.2369801739504,41.6249035725219],[-81.2369418260777,41.6249033620077],[-81.2368235859551,41.6245915591896],[-81.2367001887722,41.6242808835166],[-81.2365716536767,41.6239713830126],[-81.2364380006099,41.6236631055191],[-81.235601771891,41.6217753414376],[-81.2355958349951,41.6217619381348],[-81.2356323762484,41.6217638826814],[-81.234518043669,41.6192481260478],[-81.2344797114332,41.6191615827637],[-81.2344776194471,41.6184886389115],[-81.2344769879104,41.61828530934],[-81.2348121415595,41.6190427349652],[-81.2349897083229,41.61944401568],[-81.2360165294446,41.6217644142789],[-81.2359823744416,41.6217643669897],[-81.2359872028918,41.6217752684075],[-81.236784948458,41.6235761344392],[-81.2369280560324,41.6239064398435],[-81.2370653489663,41.6242381319977],[-81.2371968033157,41.6245711532676],[-81.2373223961497,41.6249054457871],[-81.2373675815517,41.624905692635],[-81.2375061421815,41.6253013402876],[-81.237636182327,41.6256986129719],[-81.2377576680174,41.6260974073804],[-81.2378705675043,41.6264976198083],[-81.2374991319471,41.6264989004547],[-81.2374152912324,41.6262089085208],[-81.2373270619192,41.6259196505365],[-81.2372344554705,41.6256311638928],[-81.2371374839147,41.6253434858807]]]},"properties":{"source_county":"Geauga","jurisdiction":"Chardon Township","parcel_id":"06-707441","owner_name":"GEAUGA COUNTY PARK DISTRICT","property_address":" CLARK RD","property_city":"CHARDON","property_zip":"44024"}},{"type":"Feature","geometry":{"type":"Polygon","coordinates":[[[-81.2318108864138,41.6192450851524],[-81.2318275864834,41.6191056568569],[-81.2319208230318,41.6191354579023],[-81.2330179933379,41.619136686061],[-81.2333870381562,41.6190117634563],[-81.2337055138813,41.6184899870577],[-81.2344776194471,41.6184886389115],[-81.2344797114332,41.6191615827637],[-81.234479980239,41.6192480843698],[-81.2318108864138,41.6192450851524]]]},"properties":{"source_county":"Geauga","jurisdiction":"Chardon Township","parcel_id":"06-707442","owner_name":"GEAUGA COUNTY PARK DISTRICT","property_address":" CLARK RD","property_city":"CHARDON","property_zip":"44024"}},{"type":"Feature","geometry":{"type":"Polygon","coordinates":[[[-81.2427422744041,41.601062638326],[-81.2427397574017,41.6007542105883],[-81.2461420736286,41.6010364349662],[-81.2461323852298,41.6016805766473],[-81.2455280383003,41.6016806049079],[-81.2455189106372,41.6023213964369],[-81.2427525581297,41.60232266957],[-81.2427520526557,41.6022606661602],[-81.2427422744041,41.601062638326]]]},"properties":{"source_county":"Geauga","jurisdiction":"Chardon Township","parcel_id":"06-707455","owner_name":"CHARDON TOWNSHIP BOARD OF TRUSTEES","property_address":"9924 AUBURN RD","property_city":"CHARDON","property_zip":"44024"}},{"type":"Feature","geometry":{"type":"Polygon","coordinates":[[[-81.2427525581297,41.60232266957],[-81.2455189106372,41.6023213964369],[-81.2455159464406,41.6025294630928],[-81.2438120599239,41.6025302599384],[-81.2437960408272,41.603652538917],[-81.2427634161606,41.6036530095085],[-81.2427532300553,41.6024049265389],[-81.2427525581297,41.60232266957]]]},"properties":{"source_county":"Geauga","jurisdiction":"Chardon Township","parcel_id":"06-707456","owner_name":"CHARDON TOWNSHIP BOARD OF TRUSTEES","property_address":" AUBURN RD","property_city":"CHARDON","property_zip":"44024"}},{"type":"Feature","geometry":{"type":"Polygon","coordinates":[[[-81.2427634161606,41.6036530095085],[-81.2437960408272,41.603652538917],[-81.2437825259765,41.604599482849],[-81.243479878125,41.6045999086008],[-81.2431407349261,41.6043274452331],[-81.242789583483,41.6040453301355],[-81.2427664666992,41.6040266769365],[-81.2427634161606,41.6036530095085]]]},"properties":{"source_county":"Geauga","jurisdiction":"Chardon Township","parcel_id":"06-707461","owner_name":"CHARDON TOWNSHIP BOARD OF TRUSTEES THE","property_address":" AUBURN RD","property_city":"CHARDON","property_zip":"44024"}},{"type":"Feature","geometry":{"type":"Polygon","coordinates":[[[-81.2460672868597,41.6069621947372],[-81.2462509572507,41.6068260408842],[-81.2465644724897,41.6070778881558],[-81.246063055277,41.6074386541928],[-81.2449320467053,41.60825238197],[-81.2448867871202,41.6078372759697],[-81.2460672868597,41.6069621947372]]]},"properties":{"source_county":"Geauga","jurisdiction":"Chardon Township","parcel_id":"06-002200","owner_name":"RUPLE DAILA","property_address":"9703 MENTOR RD","property_city":"CHARDON","property_zip":"44024"}},{"type":"Feature","geometry":{"type":"Polygon","coordinates":[[[-81.2487023474984,41.6104118907599],[-81.250098436128,41.6099041154296],[-81.2506817801711,41.6103688419936],[-81.2487023474984,41.6104118907599]]]},"properties":{"source_county":"Geauga","jurisdiction":"Chardon Township","parcel_id":"06-002500","owner_name":"MC LARTY COLIN S & PRINCEHOUSE PATRICIA","property_address":" MENTOR RD","property_city":"CHARDON","property_zip":"44024"}},{"type":"Feature","geometry":{"type":"Polygon","coordinates":[[[-81.2487023474984,41.6104118907599],[-81.2506817801711,41.6103688419936],[-81.2510359548196,41.6106509932141],[-81.2479134526746,41.6106789816432],[-81.2476097978728,41.6104357408178],[-81.2487023474984,41.6104118907599]]]},"properties":{"source_county":"Geauga","jurisdiction":"Chardon Township","parcel_id":"06-002600","owner_name":"MC LARTY COLIN S & PRINCEHOUSE PATRICIA","property_address":"9573 MENTOR RD","property_city":"CHARDON","property_zip":"44024"}},{"type":"Feature","geometry":{"type":"Polygon","coordinates":[[[-81.2223525070117,41.6167472840371],[-81.229476252436,41.6167875181902],[-81.2294755562147,41.61705503838],[-81.2294741286716,41.617603938425],[-81.2224993851225,41.6176412524333],[-81.2226170528908,41.6172104799578],[-81.2223525070117,41.6167472840371]]]},"properties":{"source_county":"Geauga","jurisdiction":"Chardon Township","parcel_id":"06-002800","owner_name":"LARKINS THOMAS A & ALICIA M","property_address":"9306 RAVENNA RD","property_city":"CHARDON","property_zip":"44024"}},{"type":"Feature","geometry":{"type":"Polygon","coordinates":[[[-81.23388960164,41.621766202809],[-81.2344930669476,41.621764697159],[-81.2344934248299,41.6217755427592],[-81.2345962829127,41.6248904972114],[-81.2346497213834,41.6265086832118],[-81.2346414686731,41.6265087113302],[-81.234046230381,41.6265107454605],[-81.2338899133035,41.6217756485723],[-81.23388960164,41.621766202809]]]},"properties":{"source_county":"Geauga","jurisdiction":"Chardon Township","parcel_id":"06-003000","owner_name":"ECHOLS ROBERT LEWIS III","property_address":"11347 CLARK RD","property_city":"CHARDON","property_zip":"44024"}},{"type":"Feature","geometry":{"type":"Polygon","coordinates":[[[-81.2274570127726,41.6102304441349],[-81.2281636138313,41.6102298858028],[-81.2281653848452,41.6114867662705],[-81.2281632503653,41.61150562125],[-81.2281568330247,41.6115239210183],[-81.2281463234961,41.6115411218411],[-81.2281320340424,41.6115567126361],[-81.2281143892393,41.6115702301591],[-81.2280939133597,41.6115812727677],[-81.2280712147963,41.6115895123561],[-81.2280469679851,41.6115947041035],[-81.2280218933649,41.611596693749],[-81.2280192568872,41.6115967126151],[-81.2276599201532,41.6115975827671],[-81.2274660786523,41.6115980319591],[-81.2274570127726,41.6102304441349]]]},"properties":{"source_county":"Geauga","jurisdiction":"Chardon Township","parcel_id":"06-003920","owner_name":"DI SANTO ANTHONY & DINA","property_address":"11501 HOSFORD RD","property_city":"CHARDON","property_zip":"44024"}},{"type":"Feature","geometry":{"type":"Polygon","coordinates":[[[-81.2427943189182,41.6044650175527],[-81.2431407349277,41.6043274452359],[-81.2434798781267,41.6045999086036],[-81.2437548070893,41.6048207816821],[-81.2428064209167,41.6055376389315],[-81.2427990966094,41.6048885044791],[-81.2427957571298,41.6045925200523],[-81.2427943189182,41.6044650175527]]]},"properties":{"source_county":"Geauga","jurisdiction":"Chardon Township","parcel_id":"06-005100","owner_name":"SAHLANI MICHEL N","property_address":"9797 MENTOR RD","property_city":"CHARDON","property_zip":"44024"}},{"type":"Feature","geometry":{"type":"Polygon","coordinates":[[[-81.2428452071289,41.6089296445518],[-81.2450074231861,41.608943695635],[-81.2450450079476,41.6092883976602],[-81.2450599499033,41.6093812315136],[-81.2428502663279,41.6093741771037],[-81.2428452071289,41.6089296445518]]]},"properties":{"source_county":"Geauga","jurisdiction":"Chardon Township","parcel_id":"06-005200","owner_name":"BEAL MARY A TRUSTEE","property_address":"9624 AUBURN RD","property_city":"CHARDON","property_zip":"44024"}},{"type":"Feature","geometry":{"type":"Polygon","coordinates":[[[-81.2408954657452,41.6115717691639],[-81.2410992892467,41.6115713967095],[-81.2411118769213,41.612563119803],[-81.2411223618909,41.6133891422344],[-81.2408442382248,41.6133896588408],[-81.2402903991806,41.6133906846465],[-81.2402673501088,41.6115729146496],[-81.2408954657452,41.6115717691639]]]},"properties":{"source_county":"Geauga","jurisdiction":"Chardon Township","parcel_id":"06-006300","owner_name":"BENEDICT JAMES A TOD & PATRICIA A TOD","property_address":"11160 HOSFORD RD","property_city":"CHARDON","property_zip":"44024"}},{"type":"Feature","geometry":{"type":"Polygon","coordinates":[[[-81.2460732662545,41.6062890341277],[-81.2472525206964,41.6060533658511],[-81.2474183588232,41.6064642798281],[-81.246071494291,41.6064886209724],[-81.2458362108951,41.6064928712428],[-81.2456802385716,41.6063675755868],[-81.2460732662545,41.6062890341277]]]},"properties":{"source_county":"Geauga","jurisdiction":"Chardon Township","parcel_id":"06-009300","owner_name":"CALVELAGE ANTHONY J & ELIZABETH N","property_address":"9730 MENTOR RD","property_city":"CHARDON","property_zip":"44024"}},{"type":"Feature","geometry":{"type":"Polygon","coordinates":[[[-81.2385751220628,41.6093793634954],[-81.2395810121928,41.609378764325],[-81.2396076060968,41.6115741135029],[-81.23860624234,41.6115759258183],[-81.2385751220628,41.6093793634954]]]},"properties":{"source_county":"Geauga","jurisdiction":"Chardon Township","parcel_id":"06-010900","owner_name":"DORSETT TERRY E TOD & DANFORTH CLAUDIA L AKA DORSETT CLAUDIA L TOD","property_address":"11205 HOSFORD RD","property_city":"CHARDON","property_zip":"44024"}},{"type":"Feature","geometry":{"type":"Polygon","coordinates":[[[-81.2374837130872,41.6096853617018],[-81.238215051065,41.6096840592772],[-81.2382302121189,41.6107819932318],[-81.2380583224666,41.6115769141254],[-81.2375098254231,41.6115779007826],[-81.2374948635207,41.610493585174],[-81.2374837130872,41.6096853617018]]]},"properties":{"source_county":"Geauga","jurisdiction":"Chardon Township","parcel_id":"06-011100","owner_name":"BURT NEIL TOD & LUCIA L TOD","property_address":"11225 HOSFORD RD","property_city":"CHARDON","property_zip":"44024"}},{"type":"Feature","geometry":{"type":"Polygon","coordinates":[[[-81.2472858351037,41.6101762292525],[-81.2489569654488,41.6090054731618],[-81.2492404417368,41.6092241976802],[-81.2493849284618,41.6093356801519],[-81.2494896448139,41.6094191060632],[-81.24976203266,41.6096361124667],[-81.250098436128,41.6099041154296],[-81.2487023474984,41.6104118907599],[-81.2476097978728,41.6104357408178],[-81.2472858351037,41.6101762292525]]]},"properties":{"source_county":"Geauga","jurisdiction":"Chardon Township","parcel_id":"06-011200","owner_name":"CARPENTER ROBERT TOD","property_address":"9595 MENTOR RD","property_city":"CHARDON","property_zip":"44024"}},{"type":"Feature","geometry":{"type":"Polygon","coordinates":[[[-81.2428714364235,41.6112334973126],[-81.2447154651181,41.6112320205159],[-81.2447189677998,41.6115656961813],[-81.2428752471285,41.6115681381752],[-81.2428714364235,41.6112334973126]]]},"properties":{"source_county":"Geauga","jurisdiction":"Chardon Township","parcel_id":"06-011300","owner_name":"LEWIS ERIC SHERRIE","property_address":"9540 AUBURN RD","property_city":"CHARDON","property_zip":"44024"}},{"type":"Feature","geometry":{"type":"Polygon","coordinates":[[[-81.2460897644151,41.6045140298387],[-81.2461304540925,41.6018089495785],[-81.2482918598659,41.6018037387835],[-81.247967384523,41.6027585598093],[-81.2464504040308,41.6027298520983],[-81.2464195111855,41.6045957385406],[-81.2460885284073,41.6045962120632],[-81.2460897644151,41.6045140298387]]]},"properties":{"source_county":"Geauga","jurisdiction":"Chardon Township","parcel_id":"06-012100","owner_name":"LOVE GAIL JOANNE TRUSTEE","property_address":" MITCHELLS MILL RD","property_city":"CHARDON","property_zip":"44024"}},{"type":"Feature","geometry":{"type":"Polygon","coordinates":[[[-81.2344930669476,41.621764697159],[-81.2355958349968,41.6217619381376],[-81.2356017718927,41.6217753414404],[-81.2364380006116,41.6236631055219],[-81.2366150683748,41.6240744163187],[-81.23678302564,41.6244878730212],[-81.2369418260793,41.6249033620105],[-81.2362828765862,41.6248997525612],[-81.2359714100244,41.6248980450321],[-81.2355243645326,41.6248955929326],[-81.2350449591164,41.624892961624],[-81.2345962829127,41.6248904972114],[-81.2344934248299,41.6217755427592],[-81.2344930669476,41.621764697159]]]},"properties":{"source_county":"Geauga","jurisdiction":"Chardon Township","parcel_id":"06-012580","owner_name":"BANKS BRYON L & KERRY A","property_address":" CLARK RD","property_city":"CHARDON","property_zip":"44024"}},{"type":"Feature","geometry":{"type":"Polygon","coordinates":[[[-81.2428544627111,41.6097428234323],[-81.2446998688734,41.6097465985061],[-81.2447033891025,41.6100817909329],[-81.2428583441771,41.6100838910295],[-81.2428544627111,41.6097428234323]]]},"properties":{"source_county":"Geauga","jurisdiction":"Chardon Township","parcel_id":"06-013150","owner_name":"FERRON GEOFFREY & BRANKICA","property_address":"9600 AUBURN RD","property_city":"CHARDON","property_zip":"44024"}},{"type":"Feature","geometry":{"type":"Polygon","coordinates":[[[-81.2283822505972,41.6096861835674],[-81.2302794515815,41.6096846591254],[-81.2303057320376,41.6097438222439],[-81.2304866180036,41.6101510235745],[-81.2302002953082,41.610151256594],[-81.2295945001877,41.6101517462078],[-81.2289887050582,41.6101522326637],[-81.2283829087201,41.6101527159484],[-81.2283822505972,41.6096861835674]]]},"properties":{"source_county":"Geauga","jurisdiction":"Chardon Township","parcel_id":"06-016400","owner_name":"CARPENTER KIM HOWARD JR & JILL MARIE","property_address":"9580 FOX MEADOW LN","property_city":"CHARDON","property_zip":"44024"}},{"type":"Feature","geometry":{"type":"Polygon","coordinates":[[[-81.229843756039,41.6217762741489],[-81.2333592831038,41.6217675237184],[-81.233359553723,41.6217757380889],[-81.2335158903329,41.6265125562234],[-81.2323587940733,41.6265164976184],[-81.2310754777055,41.6265208550343],[-81.2310584224109,41.6254119327496],[-81.2298518771644,41.6253957814419],[-81.2298338815827,41.6247150664377],[-81.2298200807398,41.6241930551673],[-81.2298062940129,41.6236715644272],[-81.2297935334267,41.6231888448056],[-81.2297800838907,41.6226801127789],[-81.2297592436075,41.6218917467289],[-81.2297561970452,41.6217764905302],[-81.229756348255,41.621776490382],[-81.229843756039,41.6217762741489]]]},"properties":{"source_county":"Geauga","jurisdiction":"Chardon Township","parcel_id":"06-027100","owner_name":"ECHOLS SELLIE TOD","property_address":"11389 CLARK RD","property_city":"CHARDON","property_zip":"44024"}},{"type":"Feature","geometry":{"type":"Polygon","coordinates":[[[-81.2287327804762,41.6161596538314],[-81.2294778954074,41.6161563159253],[-81.2294769849161,41.6165061391453],[-81.229476252436,41.6167875181902],[-81.2223525070117,41.6167472840371],[-81.2220420547857,41.6162037012488],[-81.2220066221288,41.6161416604202],[-81.2263909782069,41.6161701129045],[-81.2271584384204,41.616166690772],[-81.2279099534206,41.6161633339624],[-81.2287327804762,41.6161596538314]]]},"properties":{"source_county":"Geauga","jurisdiction":"Chardon Township","parcel_id":"06-028400","owner_name":"BYSTROM ALLEN P & KAREN A","property_address":"9338 RAVENNA RD","property_city":"CHARDON","property_zip":"44024"}},{"type":"Feature","geometry":{"type":"Polygon","coordinates":[[[-81.2514022176213,41.6064342523439],[-81.2524403223017,41.6064272186914],[-81.2524389964995,41.6070460482383],[-81.2467146984814,41.6071985641684],[-81.2465644724897,41.6070778881558],[-81.2462509572507,41.6068260408842],[-81.2460697894478,41.606680507652],[-81.2459719148532,41.6066018843316],[-81.2460705708293,41.6065924998979],[-81.2474183588232,41.6064642798281],[-81.2477566224861,41.6064643230173],[-81.2490632849882,41.6064521524265],[-81.2499822415629,41.6064438579349],[-81.2502519740829,41.6064419562517],[-81.2514022176213,41.6064342523439]]]},"properties":{"source_county":"Geauga","jurisdiction":"Chardon Township","parcel_id":"06-029000","owner_name":"MEEK LOLA YANIC DENNIS P","property_address":"9700 MENTOR RD","property_city":"CHARDON","property_zip":"44024"}},{"type":"Feature","geometry":{"type":"Polygon","coordinates":[[[-81.2280218933649,41.611596693749],[-81.2280962155267,41.611596513135],[-81.2280962155366,41.6115965743676],[-81.2281018739896,41.6128924829833],[-81.2277812977375,41.6129366711641],[-81.2269625320748,41.6130495255883],[-81.2269562244038,41.6115993307427],[-81.227278275502,41.611598510944],[-81.227283954759,41.6115984966052],[-81.2274660786523,41.6115980319591],[-81.2276599201532,41.6115975827671],[-81.2280192568872,41.6115967126151],[-81.2280218933649,41.611596693749]]]},"properties":{"source_county":"Geauga","jurisdiction":"Chardon Township","parcel_id":"06-029800","owner_name":"VERCH MICHAEL J","property_address":"11500 HOSFORD RD","property_city":"CHARDON","property_zip":"44024"}},{"type":"Feature","geometry":{"type":"Polygon","coordinates":[[[-81.2268562091854,41.6115995857233],[-81.2269562244038,41.6115993307427],[-81.2269625320748,41.6130495255883],[-81.2264862918384,41.6131151650982],[-81.2262348750391,41.6131498162767],[-81.2262281561476,41.6116010504292],[-81.2262281559993,41.6116009963989],[-81.2262454289311,41.6116009543125],[-81.2265524011628,41.6116002665957],[-81.2265553277723,41.6116002599472],[-81.2268562091854,41.6115995857233]]]},"properties":{"source_county":"Geauga","jurisdiction":"Chardon Township","parcel_id":"06-029820","owner_name":"LONGO KAREN D","property_address":"11548 HOSFORD RD","property_city":"CHARDON","property_zip":"44024"}},{"type":"Feature","geometry":{"type":"Polygon","coordinates":[[[-81.2356292962091,41.6115812650756],[-81.2345362658087,41.6087122841872],[-81.2342405232807,41.6079359748584],[-81.234526011614,41.6079369313446],[-81.2365511503369,41.6079436995432],[-81.2374597242964,41.607946724358],[-81.2374783565683,41.6092971303698],[-81.2365639668173,41.6092968764728],[-81.2354149854935,41.6091523301481],[-81.2355330927592,41.6098498725975],[-81.2357563438828,41.6100834776378],[-81.2357743330482,41.6108140952625],[-81.2358634030492,41.6115808476984],[-81.2356292962091,41.6115812650756]]]},"properties":{"source_county":"Geauga","jurisdiction":"Chardon Township","parcel_id":"06-032000","owner_name":"JORDAN JEFFREY S & KAREN L","property_address":"11299 HOSFORD RD","property_city":"CHARDON","property_zip":"44024"}},{"type":"Feature","geometry":{"type":"Polygon","coordinates":[[[-81.2302002953082,41.610151256594],[-81.2304866180036,41.6101510235745],[-81.2305948630209,41.6103946966865],[-81.2311254011136,41.6115889783008],[-81.2303993765608,41.6115907806517],[-81.2303872633526,41.6115908085915],[-81.2302023691733,41.6115912691548],[-81.2302023691789,41.6115912070219],[-81.2302002953082,41.610151256594]]]},"properties":{"source_county":"Geauga","jurisdiction":"Chardon Township","parcel_id":"06-033650","owner_name":"LAZZARA SARAH","property_address":"11431 HOSFORD RD","property_city":"CHARDON","property_zip":"44024"}},{"type":"Feature","geometry":{"type":"Polygon","coordinates":[[[-81.2261135610815,41.6093258529654],[-81.228162337725,41.6093242454658],[-81.2281629725228,41.6097744853128],[-81.2262431972454,41.6097759925204],[-81.2262431061942,41.6097100179552],[-81.2262428693175,41.6095382202367],[-81.2261135610815,41.6093258529654]]]},"properties":{"source_county":"Geauga","jurisdiction":"Chardon Township","parcel_id":"06-034450","owner_name":"GERMOVSEK DANIEL L TOD & CAROL M TOD","property_address":"9615 FOX MEADOW LN","property_city":"CHARDON","property_zip":"44024"}},{"type":"Feature","geometry":{"type":"Polygon","coordinates":[[[-81.2255923823682,41.6084698905899],[-81.2280796185166,41.6084766425215],[-81.2281088966758,41.6085497551088],[-81.2281318233725,41.6086241340037],[-81.2281483028907,41.6086994687553],[-81.2281582664239,41.6087754449219],[-81.2281616723623,41.6088517453839],[-81.228162337725,41.6093242454658],[-81.2261135610815,41.6093258529654],[-81.225722477823,41.6086835566589],[-81.2255923823682,41.6084698905899]]]},"properties":{"source_county":"Geauga","jurisdiction":"Chardon Township","parcel_id":"06-035670","owner_name":"NIETO JENNIFER TRUSTEE","property_address":"9635 FOX MEADOW LN","property_city":"CHARDON","property_zip":"44024"}},{"type":"Feature","geometry":{"type":"Polygon","coordinates":[[[-81.2428070819496,41.6055962320457],[-81.2436361022946,41.6053739554882],[-81.2438419050807,41.6058448312903],[-81.2438413830456,41.6059673067505],[-81.2428112189886,41.6059628836542],[-81.2428081537259,41.6056912196955],[-81.2428070819496,41.6055962320457]]]},"properties":{"source_county":"Geauga","jurisdiction":"Chardon Township","parcel_id":"06-035870","owner_name":"GRACE TIMOTHY ALLEN TOD","property_address":"9760 AUBURN RD","property_city":"CHARDON","property_zip":"44024"}},{"type":"Feature","geometry":{"type":"Polygon","coordinates":[[[-81.2462200823483,41.6104189806309],[-81.2485944662139,41.6087257712483],[-81.2489569654488,41.6090054731618],[-81.2472858351037,41.6101762292525],[-81.2468965793741,41.6104489229904],[-81.2463216731043,41.6104987188362],[-81.2462200823483,41.6104189806309]]]},"properties":{"source_county":"Geauga","jurisdiction":"Chardon Township","parcel_id":"06-036200","owner_name":"PECK DANIEL A","property_address":" MENTOR RD","property_city":"CHARDON","property_zip":"44024"}},{"type":"Feature","geometry":{"type":"Polygon","coordinates":[[[-81.2460406783197,41.6099575510268],[-81.2482153265482,41.608418141621],[-81.2485078164116,41.6086589124181],[-81.2485944662139,41.6087257712483],[-81.2462200823483,41.6104189806309],[-81.2460378500872,41.6102759484744],[-81.2458258969456,41.6101095862877],[-81.2460406783197,41.6099575510268]]]},"properties":{"source_county":"Geauga","jurisdiction":"Chardon Township","parcel_id":"06-036300","owner_name":"PECK DANIEL A","property_address":"9645 MENTOR RD","property_city":"CHARDON","property_zip":"44024"}},{"type":"Feature","geometry":{"type":"Polygon","coordinates":[[[-81.2447117548442,41.6108787040991],[-81.244706977703,41.6104236799966],[-81.2447033891025,41.6100817909329],[-81.2446998688734,41.6097465985061],[-81.2446969816934,41.6094715502662],[-81.2450743064452,41.6094704328229],[-81.2450833743962,41.6095267699753],[-81.2454620844773,41.6098240262734],[-81.2458258969456,41.6101095862877],[-81.2460378500872,41.6102759484744],[-81.2462200823483,41.6104189806309],[-81.2463216731043,41.6104987188362],[-81.2468965793741,41.6104489229904],[-81.2472858351037,41.6101762292525],[-81.2476097978728,41.6104357408178],[-81.2479134526746,41.6106789816432],[-81.2479126718267,41.6110086812715],[-81.2479113632282,41.6115613984894],[-81.2460264083949,41.6115639468366],[-81.2447189677998,41.6115656961813],[-81.2447154651181,41.6112320205159],[-81.2447117548442,41.6108787040991]]]},"properties":{"source_county":"Geauga","jurisdiction":"Chardon Township","parcel_id":"06-036400","owner_name":"MOORE GEAUGA LLC","property_address":" MENTOR RD","property_city":"CHARDON","property_zip":"44024"}},{"type":"Feature","geometry":{"type":"Polygon","coordinates":[[[-81.2437825259782,41.6045994828518],[-81.2452303153759,41.6045974342077],[-81.2452003423961,41.6052581247687],[-81.2451979950011,41.6053098543431],[-81.2446199384696,41.6055157969337],[-81.2442430817258,41.6052130462551],[-81.2437548070893,41.6048207816821],[-81.2434798781267,41.6045999086036],[-81.2437825259782,41.6045994828518]]]},"properties":{"source_county":"Geauga","jurisdiction":"Chardon Township","parcel_id":"06-036550","owner_name":"ALLEN JODI L & DAVID E TRUSTEES","property_address":"9780 MENTOR RD","property_city":"CHARDON","property_zip":"44024"}},{"type":"Feature","geometry":{"type":"Polygon","coordinates":[[[-81.2365639668173,41.6092968764728],[-81.2374783565683,41.6092971303698],[-81.2374837130872,41.6096853617018],[-81.2374948635207,41.610493585174],[-81.2365801906931,41.6104933312123],[-81.2365639668173,41.6092968764728]]]},"properties":{"source_county":"Geauga","jurisdiction":"Chardon Township","parcel_id":"06-037200","owner_name":"CHONGRIS ADAM J & KATHERINE CO TRUSTEES","property_address":" HOSFORD RD","property_city":"CHARDON","property_zip":"44024"}},{"type":"Feature","geometry":{"type":"Polygon","coordinates":[[[-81.2365801906931,41.6104933312123],[-81.2374948635207,41.610493585174],[-81.2375098254231,41.6115779007826],[-81.236594715714,41.6115795414586],[-81.2365920329996,41.6113796353127],[-81.2365847973861,41.6108329916218],[-81.2365801906931,41.6104933312123]]]},"properties":{"source_county":"Geauga","jurisdiction":"Chardon Township","parcel_id":"06-037300","owner_name":"CHONGRIS ADAM J & KATHERINE CO TRUSTEES","property_address":"11289 HOSFORD RD","property_city":"CHARDON","property_zip":"44024"}},{"type":"Feature","geometry":{"type":"Polygon","coordinates":[[[-81.2362969777358,41.6107312732359],[-81.2363780768712,41.6106982107882],[-81.2365847973861,41.6108329916218],[-81.2365920329996,41.6113796353127],[-81.2364926341648,41.611368313449],[-81.2364732225105,41.6113332746463],[-81.2364845500814,41.6112106664524],[-81.2364604900093,41.6110909277916],[-81.2364325591674,41.6110478253238],[-81.2363229937033,41.610815498605],[-81.2362969777358,41.6107312732359]]]},"properties":{"source_county":"Geauga","jurisdiction":"Chardon Township","parcel_id":"06-037310","owner_name":"CHONGRIS ADAM J & KATHERINE CO TRUSTEES","property_address":" HOSFORD RD","property_city":"CHARDON","property_zip":"44024"}},{"type":"Feature","geometry":{"type":"Polygon","coordinates":[[[-81.2484073393266,41.6045928777027],[-81.2490065988721,41.6045920076942],[-81.2490632849882,41.6064521524265],[-81.2477566224861,41.6064643230173],[-81.2477324959738,41.6059573306559],[-81.2476992157709,41.6052598283275],[-81.2479226785351,41.6049562644358],[-81.2479174183591,41.6045935857005],[-81.2479443423748,41.6045935471574],[-81.2484073393266,41.6045928777027]]]},"properties":{"source_county":"Geauga","jurisdiction":"Chardon Township","parcel_id":"06-040800","owner_name":"HENDERSON WILLIAM R","property_address":"10940 MITCHELLS MILL RD","property_city":"CHARDON","property_zip":"44024"}},{"type":"Feature","geometry":{"type":"Polygon","coordinates":[[[-81.2411628787799,41.6217863804302],[-81.2429917645748,41.6217976972391],[-81.2430009322855,41.6226023296649],[-81.243002034565,41.6226991315371],[-81.2428922661219,41.6226954734124],[-81.2389513560694,41.6225640689021],[-81.2383482625193,41.6225439472417],[-81.2382024845306,41.6217748266884],[-81.238201189413,41.6217679942451],[-81.2387912194928,41.621771662923],[-81.238922796721,41.6217724810621],[-81.2411628787799,41.6217863804302]]]},"properties":{"source_county":"Geauga","jurisdiction":"Chardon Township","parcel_id":"06-042000","owner_name":"LONG ABBEY & DYLAN","property_address":"9111 AUBURN RD","property_city":"CHARDON","property_zip":"44024"}},{"type":"Feature","geometry":{"type":"Polygon","coordinates":[[[-81.2419734566516,41.6198799360466],[-81.2429698458189,41.6198735488842],[-81.242977174933,41.6205169827363],[-81.2429917645748,41.6217976972391],[-81.2411628787799,41.6217863804302],[-81.2411615527829,41.6216697224348],[-81.2411430574384,41.6200422638678],[-81.2411412739216,41.6198852650458],[-81.2419734566516,41.6198799360466]]]},"properties":{"source_county":"Geauga","jurisdiction":"Chardon Township","parcel_id":"06-047900","owner_name":"SZEREDY STEVEN C & MALONE SALLY M","property_address":"9201 AUBURN RD","property_city":"CHARDON","property_zip":"44024"}},{"type":"Feature","geometry":{"type":"Polygon","coordinates":[[[-81.2368758333692,41.6154697042541],[-81.2367495545888,41.615025605624],[-81.2366177226297,41.6145824168066],[-81.2364803492384,41.6141401769125],[-81.2375519634255,41.6141382263008],[-81.2376858088483,41.6141379819751],[-81.2388955367512,41.6136399011011],[-81.2394972533611,41.6133921486966],[-81.2402903991806,41.6133906846465],[-81.2408442382248,41.6133896588408],[-81.2409698603694,41.6141407564898],[-81.2410837960955,41.6148219700951],[-81.2429122871575,41.6148203425906],[-81.2429195571043,41.6154586154119],[-81.2388472212359,41.6154661673394],[-81.2368758524606,41.6154697719973],[-81.2368758333692,41.6154697042541]]]},"properties":{"source_county":"Geauga","jurisdiction":"Chardon Township","parcel_id":"06-048000","owner_name":"DANZIG AUDREY H TRUSTEE","property_address":"9415 AUBURN RD","property_city":"CHARDON","property_zip":"44024"}},{"type":"Feature","geometry":{"type":"Polygon","coordinates":[[[-81.2479126718267,41.6110086812715],[-81.2514905589801,41.6110131462624],[-81.2520655028649,41.6114711585554],[-81.2521714115007,41.611555526711],[-81.2488237514304,41.6115601535749],[-81.2479113632282,41.6115613984894],[-81.2479126718267,41.6110086812715]]]},"properties":{"source_county":"Geauga","jurisdiction":"Chardon Township","parcel_id":"06-048100","owner_name":"MOORE GEAUGA LLC","property_address":"9543 MENTOR RD","property_city":"CHARDON","property_zip":"44024"}},{"type":"Feature","geometry":{"type":"Polygon","coordinates":[[[-81.2350592992977,41.6115826428707],[-81.2350972114552,41.6115822100107],[-81.2355722466067,41.6115813656083],[-81.235750846789,41.6120528206467],[-81.2359246777336,41.6125252787906],[-81.2360937293368,41.6129987128598],[-81.2361222826266,41.6130674614006],[-81.2361972818465,41.6132863216987],[-81.2362691201147,41.6135057784057],[-81.2364803492384,41.6141401769125],[-81.2366200768106,41.614590162767],[-81.2367540671335,41.6150411303319],[-81.2368823078469,41.6154930384053],[-81.2368892192056,41.6155163052665],[-81.2370883505052,41.6160504260726],[-81.2374150212021,41.617411842134],[-81.237448511855,41.617712107229],[-81.2374766676975,41.6179645396547],[-81.2375757474947,41.6184679879074],[-81.2375879893928,41.6185325795345],[-81.2376852648747,41.6190458582636],[-81.237260166598,41.6190454004038],[-81.237216027795,41.619045353041],[-81.2371862695432,41.6190453205461],[-81.2367615480649,41.619044861355],[-81.2366705534957,41.6185645839999],[-81.2364266144493,41.6178100051769],[-81.2361158131461,41.6164699912133],[-81.2360666049875,41.6159224497802],[-81.2359269199674,41.6154165877781],[-81.2357798788128,41.6149119012686],[-81.2356254992471,41.6144084505003],[-81.2354637998683,41.6139062955726],[-81.2352948001469,41.613405496429],[-81.2351185204233,41.6129061128499],[-81.2349349819057,41.6124082044453],[-81.2346223147736,41.6115828405662],[-81.2350592992977,41.6115826428707]]]},"properties":{"source_county":"Geauga","jurisdiction":"Chardon Township","parcel_id":"06-048200","owner_name":"JANET W HAVENER TRUSTEE FBO KIMBERLY M HOSMER ETAL","property_address":" SR 44","property_city":"CHARDON","property_zip":"44024"}},{"type":"Feature","geometry":{"type":"Polygon","coordinates":[[[-81.2255923823682,41.6084698905899],[-81.2276239900098,41.6077127567296],[-81.2280192218767,41.6083618376077],[-81.2280514181994,41.6084186479951],[-81.2280796185166,41.6084766425215],[-81.2255923823682,41.6084698905899]]]},"properties":{"source_county":"Geauga","jurisdiction":"Chardon Township","parcel_id":"06-048844","owner_name":"BAUCCO VICTOR & JULIA","property_address":"9655 FOX MEADOW LN","property_city":"CHARDON","property_zip":"44024"}},{"type":"Feature","geometry":{"type":"Polygon","coordinates":[[[-81.2252428308352,41.6078957864282],[-81.2273048200896,41.6071885772484],[-81.2276239900098,41.6077127567296],[-81.2255923823682,41.6084698905899],[-81.2252428308352,41.6078957864282]]]},"properties":{"source_county":"Geauga","jurisdiction":"Chardon Township","parcel_id":"06-048845","owner_name":"KADIS LINDA M TRUSTEE","property_address":"9685 FOX MEADOW LN","property_city":"CHARDON","property_zip":"44024"}},{"type":"Feature","geometry":{"type":"Polygon","coordinates":[[[-81.2250148649107,41.6075213701522],[-81.2270768448337,41.6068141649278],[-81.2273048200896,41.6071885772484],[-81.2252428308352,41.6078957864282],[-81.2251112177885,41.6076796240602],[-81.2250148649107,41.6075213701522]]]},"properties":{"source_county":"Geauga","jurisdiction":"Chardon Township","parcel_id":"06-048846","owner_name":"RAISCHEL DAVID G & PENNY A","property_address":"9695 FOX MEADOW LN","property_city":"CHARDON","property_zip":"44024"}},{"type":"Feature","geometry":{"type":"Polygon","coordinates":[[[-81.2247869027937,41.6071469533946],[-81.2268488733853,41.6064397521257],[-81.2270768448337,41.6068141649278],[-81.2250148649107,41.6075213701522],[-81.2247869027937,41.6071469533946]]]},"properties":{"source_county":"Geauga","jurisdiction":"Chardon Township","parcel_id":"06-048847","owner_name":"BARNI MARIE T","property_address":"9715 FOX MEADOW LN","property_city":"CHARDON","property_zip":"44024"}},{"type":"Feature","geometry":{"type":"Polygon","coordinates":[[[-81.2254810002434,41.6060540241429],[-81.2265926133842,41.6059865591762],[-81.2266307081271,41.6060733511398],[-81.2266772032587,41.606157805626],[-81.2268488733853,41.6064397521257],[-81.2247869027937,41.6071469533946],[-81.2246197319017,41.606872381328],[-81.2254810002434,41.6060540241429]]]},"properties":{"source_county":"Geauga","jurisdiction":"Chardon Township","parcel_id":"06-048848","owner_name":"BAILEY ALEXANDER & MARTIN SOFIA","property_address":"9735 FOX MEADOW LN","property_city":"CHARDON","property_zip":"44024"}},{"type":"Feature","geometry":{"type":"Polygon","coordinates":[[[-81.2252041780545,41.6046851021981],[-81.2253161958654,41.6046857044164],[-81.2264324404247,41.6054294201262],[-81.2264002626471,41.6054504240303],[-81.2263728124168,41.605474918183],[-81.2263507535158,41.6055023102889],[-81.2263346193603,41.605531937976],[-81.226324800101,41.6055630848127],[-81.2263215331884,41.6055949976312],[-81.2237219062445,41.6055810220253],[-81.2241635429976,41.6046795657191],[-81.2241635717615,41.6046795057028],[-81.224476860027,41.6046811921026],[-81.2252041780545,41.6046851021981]]]},"properties":{"source_county":"Geauga","jurisdiction":"Chardon Township","parcel_id":"06-048852","owner_name":"DAVIES GEOFFREY L & PATRICIA A","property_address":"9765 FOX MEADOW LN","property_city":"CHARDON","property_zip":"44024"}},{"type":"Feature","geometry":{"type":"Polygon","coordinates":[[[-81.2264324404247,41.6054294201262],[-81.2253161958654,41.6046857044164],[-81.2276013966996,41.6046979614623],[-81.2268218592332,41.6054754484803],[-81.2267937947144,41.6054500714281],[-81.2267606903131,41.6054283843585],[-81.226723395944,41.6054109440573],[-81.226682869091,41.6053981982801],[-81.2266401502254,41.6053904742568],[-81.2265963360941,41.6053879702908],[-81.2265525515622,41.6053907506678],[-81.2265099207353,41.6053987440056],[-81.2264695380998,41.6054117450866],[-81.2264324404247,41.6054294201262]]]},"properties":{"source_county":"Geauga","jurisdiction":"Chardon Township","parcel_id":"06-048853","owner_name":"BARKER ALAN J & BONNY TOD","property_address":"9770 FOX MEADOW LN","property_city":"CHARDON","property_zip":"44024"}},{"type":"Feature","geometry":{"type":"Polygon","coordinates":[[[-81.2278319415443,41.6046991955175],[-81.2280584364927,41.6047004072932],[-81.2280584733193,41.604700487839],[-81.228206664779,41.6050196939177],[-81.2282345101951,41.6050808008948],[-81.2283578413745,41.6053584809402],[-81.2282176604988,41.6053920311675],[-81.2268013310613,41.6057310021316],[-81.226829055668,41.6057034876275],[-81.2268502683745,41.6056728842771],[-81.226864373323,41.6056400517319],[-81.2268709743153,41.60560591226],[-81.2268698859413,41.60557142484],[-81.2268611387854,41.605537558223],[-81.2268449785662,41.60550526372],[-81.2268218592332,41.6054754484803],[-81.2276013966996,41.6046979614623],[-81.2278319415443,41.6046991955175]]]},"properties":{"source_county":"Geauga","jurisdiction":"Chardon Township","parcel_id":"06-048854","owner_name":"HOMOLISH DONALD C & JUDITH A TRUSTEES","property_address":"9760 FOX MEADOW LN","property_city":"CHARDON","property_zip":"44024"}},{"type":"Feature","geometry":{"type":"Polygon","coordinates":[[[-81.2282176604988,41.6053920311675],[-81.2283578413745,41.6053584809402],[-81.2285079888093,41.6056965333629],[-81.2285440160306,41.6057776483846],[-81.2282322031094,41.6058843933858],[-81.2270072640432,41.6063037240498],[-81.2268767459157,41.6060893648423],[-81.2268339728021,41.6060111270501],[-81.2267995103315,41.6059306116341],[-81.2267735709499,41.6058483150087],[-81.2267696341398,41.6058366414393],[-81.2267674241354,41.605824714515],[-81.2267648275704,41.6058080798051],[-81.2267656328092,41.6057913422331],[-81.2267698211056,41.6057748914013],[-81.2267772949658,41.6057591102373],[-81.2267878804177,41.6057443660804],[-81.2268013310613,41.6057310021316],[-81.2282176604988,41.6053920311675]]]},"properties":{"source_county":"Geauga","jurisdiction":"Chardon Township","parcel_id":"06-048855","owner_name":"GRANGER TYLER D & ROYLE ANN E","property_address":"9750 FOX MEADOW LN","property_city":"CHARDON","property_zip":"44024"}},{"type":"Feature","geometry":{"type":"Polygon","coordinates":[[[-81.2282322031094,41.6058843933858],[-81.2285440160306,41.6057776483846],[-81.228766439274,41.6062784208599],[-81.228770665985,41.606287938344],[-81.2282492703997,41.6064622710579],[-81.2272975504856,41.6067804778381],[-81.2270072640432,41.6063037240498],[-81.2282322031094,41.6058843933858]]]},"properties":{"source_county":"Geauga","jurisdiction":"Chardon Township","parcel_id":"06-048856","owner_name":"BLAZEY JOHN R TOD & DEBRA L TOD","property_address":"9730 FOX MEADOW LN","property_city":"CHARDON","property_zip":"44024"}},{"type":"Feature","geometry":{"type":"Polygon","coordinates":[[[-81.2282678001197,41.6070896315386],[-81.2290944593165,41.6070169225827],[-81.2291301856599,41.6070973569193],[-81.2293141791595,41.6075115904086],[-81.2282905263288,41.6078590586418],[-81.2280118860545,41.6079536377765],[-81.2275255396614,41.6071549114813],[-81.2282678001197,41.6070896315386]]]},"properties":{"source_county":"Geauga","jurisdiction":"Chardon Township","parcel_id":"06-048858","owner_name":"SWITALSKI ANTHONY M","property_address":"9680 FOX MEADOW LN","property_city":"CHARDON","property_zip":"44024"}},{"type":"Feature","geometry":{"type":"Polygon","coordinates":[[[-81.2282905263288,41.6078590586418],[-81.2293141791595,41.6075115904086],[-81.2294019464279,41.6077091823243],[-81.229699733025,41.6083795857131],[-81.2297131543744,41.6084098012162],[-81.2283691613653,41.6086985486083],[-81.2283546811977,41.6086231060371],[-81.2283345086297,41.6085484034821],[-81.2283087089575,41.6084746826744],[-81.2282681121776,41.6083828169015],[-81.2282187686325,41.6082933954577],[-81.2280118860545,41.6079536377765],[-81.2282905263288,41.6078590586418]]]},"properties":{"source_county":"Geauga","jurisdiction":"Chardon Township","parcel_id":"06-048859","owner_name":"PILARCZYK JERI LYNN","property_address":"9650 FOX MEADOW LN","property_city":"CHARDON","property_zip":"44024"}},{"type":"Feature","geometry":{"type":"Polygon","coordinates":[[[-81.228381552312,41.6091921995864],[-81.2300600976294,41.6091908522015],[-81.2302794515815,41.6096846591254],[-81.2283822505972,41.6096861835674],[-81.228381552312,41.6091921995864]]]},"properties":{"source_county":"Geauga","jurisdiction":"Chardon Township","parcel_id":"06-048862","owner_name":"TILTON JAMES E & ELIZABETH W","property_address":"9610 FOX MEADOW LN","property_city":"CHARDON","property_zip":"44024"}},{"type":"Feature","geometry":{"type":"Polygon","coordinates":[[[-81.2428622340802,41.6104254584421],[-81.244706977703,41.6104236799966],[-81.2447117548442,41.6108787040991],[-81.2428672761147,41.6108682103384],[-81.2428622340802,41.6104254584421]]]},"properties":{"source_county":"Geauga","jurisdiction":"Chardon Township","parcel_id":"06-049600","owner_name":"TERESI ANTHONY G TOD","property_address":"9568 AUBURN RD","property_city":"CHARDON","property_zip":"44024"}},{"type":"Feature","geometry":{"type":"Polygon","coordinates":[[[-81.2283691613653,41.6086985486083],[-81.2297131543744,41.6084098012162],[-81.2300096677963,41.6090773252421],[-81.2300600976294,41.6091908522015],[-81.228381552312,41.6091921995864],[-81.228381072082,41.6088515712168],[-81.228378020521,41.6087749326024],[-81.2283691613653,41.6086985486083]]]},"properties":{"source_county":"Geauga","jurisdiction":"Chardon Township","parcel_id":"06-049740","owner_name":"FLEMING ANDREW D & MANDY L","property_address":"9630 FOX MEADOW LN","property_city":"CHARDON","property_zip":"44024"}},{"type":"Feature","geometry":{"type":"Polygon","coordinates":[[[-81.2442672495464,41.6057374131156],[-81.2447452761582,41.6056164871832],[-81.2450438366071,41.6058563341527],[-81.2450995956768,41.6059011281773],[-81.2445073372004,41.6060417484214],[-81.2438419768289,41.6060316405555],[-81.2438413830456,41.6059673067505],[-81.2438419050807,41.6058448312903],[-81.2442672495464,41.6057374131156]]]},"properties":{"source_county":"Geauga","jurisdiction":"Chardon Township","parcel_id":"06-051600","owner_name":"MC BRIDE ALLAN & DYAN","property_address":"9753 MENTOR RD","property_city":"CHARDON","property_zip":"44024"}},{"type":"Feature","geometry":{"type":"Polygon","coordinates":[[[-81.2438405726876,41.6062000794289],[-81.2438419768289,41.6060316405555],[-81.2445073372004,41.6060417484214],[-81.2438405726876,41.6062000794289]]]},"properties":{"source_county":"Geauga","jurisdiction":"Chardon Township","parcel_id":"06-051700","owner_name":"MC BRIDE ALLAN & DYAN","property_address":" MENTOR RD","property_city":"CHARDON","property_zip":"44024"}},{"type":"Feature","geometry":{"type":"Polygon","coordinates":[[[-81.2491752564148,41.6045917631594],[-81.2499274097084,41.6045906666459],[-81.2499822415629,41.6064438579349],[-81.2490632849882,41.6064521524265],[-81.2490065988721,41.6045920076942],[-81.2491752564148,41.6045917631594]]]},"properties":{"source_county":"Geauga","jurisdiction":"Chardon Township","parcel_id":"06-056400","owner_name":"KANE ELIZABETH FKA SCHOFIELD ELIZABETH ANN & KANE JAMES","property_address":"10900 MITCHELLS MILL RD","property_city":"CHARDON","property_zip":"44024"}},{"type":"Feature","geometry":{"type":"Polygon","coordinates":[[[-81.2417757176527,41.61024470916],[-81.2428601587054,41.6102432868109],[-81.2428622340802,41.6104254584421],[-81.2428672761147,41.6108682103384],[-81.2428714364235,41.6112334973126],[-81.2428752471285,41.6115681381752],[-81.2417907899473,41.611570131629],[-81.2417757176527,41.61024470916]]]},"properties":{"source_county":"Geauga","jurisdiction":"Chardon Township","parcel_id":"06-056500","owner_name":"BEEBE KENNETH A & MARY L","property_address":"11121 HOSFORD RD","property_city":"CHARDON","property_zip":"44024"}},{"type":"Feature","geometry":{"type":"Polygon","coordinates":[[[-81.2283829087201,41.6101527159484],[-81.2289887050582,41.6101522326637],[-81.2289907550557,41.6115942641469],[-81.2285315446796,41.6115953961744],[-81.2285086246203,41.6115940974393],[-81.2284862586485,41.6115901200951],[-81.2284649990579,41.6115835623567],[-81.2284453708218,41.6115745861574],[-81.2284278586288,41.6115634131507],[-81.2284128949145,41.6115503192369],[-81.2284008491833,41.6115356277501],[-81.2283920188836,41.6115197014736],[-81.2283866220633,41.6115029336816],[-81.2283847919856,41.6114857384281],[-81.2283829087201,41.6101527159484]]]},"properties":{"source_county":"Geauga","jurisdiction":"Chardon Township","parcel_id":"06-058331","owner_name":"DEATSCH KRISTEN E & JEFFREY W","property_address":"11481 HOSFORD RD","property_city":"CHARDON","property_zip":"44024"}},{"type":"Feature","geometry":{"type":"Polygon","coordinates":[[[-81.2436361022946,41.6053739554882],[-81.2440110084278,41.6052745699213],[-81.2442672495464,41.6057374131156],[-81.2438419050807,41.6058448312903],[-81.2436361022946,41.6053739554882]]]},"properties":{"source_county":"Geauga","jurisdiction":"Chardon Township","parcel_id":"06-062000","owner_name":"REED SANDRA L TOD","property_address":" MENTOR RD","property_city":"CHARDON","property_zip":"44024"}},{"type":"Feature","geometry":{"type":"Polygon","coordinates":[[[-81.2440110084278,41.6052745699213],[-81.2442430817258,41.6052130462551],[-81.2446199384696,41.6055157969337],[-81.2447452761582,41.6056164871832],[-81.2442672495464,41.6057374131156],[-81.2440110084278,41.6052745699213]]]},"properties":{"source_county":"Geauga","jurisdiction":"Chardon Township","parcel_id":"06-062100","owner_name":"REED SANDRA L TOD","property_address":"9769 MENTOR RD","property_city":"CHARDON","property_zip":"44024"}},{"type":"Feature","geometry":{"type":"Polygon","coordinates":[[[-81.2428583441771,41.6100838910295],[-81.2447033891025,41.6100817909329],[-81.244706977703,41.6104236799966],[-81.2428622340802,41.6104254584421],[-81.2428601587054,41.6102432868109],[-81.2428583441771,41.6100838910295]]]},"properties":{"source_county":"Geauga","jurisdiction":"Chardon Township","parcel_id":"06-062550","owner_name":"MCKONE SHAWN & AMBER","property_address":"9584 AUBURN RD","property_city":"CHARDON","property_zip":"44024"}},{"type":"Feature","geometry":{"type":"Polygon","coordinates":[[[-81.2484073393266,41.6045928777027],[-81.24838717129,41.6032173932877],[-81.2491621205946,41.6032395681584],[-81.2491752564148,41.6045917631594],[-81.2490065988721,41.6045920076942],[-81.2484073393266,41.6045928777027]]]},"properties":{"source_county":"Geauga","jurisdiction":"Chardon Township","parcel_id":"06-062570","owner_name":"LANE MICHELLE D","property_address":"10919 MITCHELLS MILL RD","property_city":"CHARDON","property_zip":"44024"}},{"type":"Feature","geometry":{"type":"Polygon","coordinates":[[[-81.2460775526299,41.6058065752018],[-81.2476992157709,41.6052598283275],[-81.2477324959738,41.6059573306559],[-81.2472525206964,41.6060533658511],[-81.2460732662545,41.6062890341277],[-81.2456802385716,41.6063675755868],[-81.2454664417904,41.6061958274343],[-81.2453057847922,41.6060667662005],[-81.2460775526299,41.6058065752018]]]},"properties":{"source_county":"Geauga","jurisdiction":"Chardon Township","parcel_id":"06-063000","owner_name":"DEMICHELE MARIO & LAURA","property_address":"9752 MENTOR RD","property_city":"CHARDON","property_zip":"44024"}},{"type":"Feature","geometry":{"type":"Polygon","coordinates":[[[-81.2479443423748,41.6045935471574],[-81.2479290341632,41.6032042817944],[-81.24838717129,41.6032173932877],[-81.2484073393266,41.6045928777027],[-81.2479443423748,41.6045935471574]]]},"properties":{"source_county":"Geauga","jurisdiction":"Chardon Township","parcel_id":"06-065500","owner_name":"STEFANKO PAUL J & SANDRA L","property_address":"10937 MITCHELLS MILL RD","property_city":"CHARDON","property_zip":"44024"}},{"type":"Feature","geometry":{"type":"Polygon","coordinates":[[[-81.2262438251969,41.6102313930206],[-81.2268618044802,41.6102309111834],[-81.2268562090191,41.6115995325933],[-81.2268562091854,41.6115995857233],[-81.2265553277723,41.6116002599472],[-81.2265524011628,41.6116002665957],[-81.2262454289311,41.6116009543125],[-81.2262439608538,41.6103297240552],[-81.2262438251969,41.6102313930206]]]},"properties":{"source_county":"Geauga","jurisdiction":"Chardon Township","parcel_id":"06-065700","owner_name":"NOVAK MICHAEL R & KIMBERLY A","property_address":"11531 HOSFORD RD","property_city":"CHARDON","property_zip":"44024"}},{"type":"Feature","geometry":{"type":"Polygon","coordinates":[[[-81.2245198742232,41.6095619355702],[-81.225722477823,41.6086835566589],[-81.2261135610815,41.6093258529654],[-81.2262428693175,41.6095382202367],[-81.2262431061942,41.6097100179552],[-81.2245974702342,41.6097112852614],[-81.2245951999633,41.6096784330417],[-81.2245859852106,41.6096462718145],[-81.2245700613497,41.6096156230437],[-81.2245478351173,41.6095872695609],[-81.2245198742232,41.6095619355702]]]},"properties":{"source_county":"Geauga","jurisdiction":"Chardon Township","parcel_id":"06-067350","owner_name":"MACKOVJAK DAVID J & CYNTHIA","property_address":"9596 FOX WOOD DR","property_city":"CHARDON","property_zip":"44024"}},{"type":"Feature","geometry":{"type":"Polygon","coordinates":[[[-81.2256419614738,41.6116024007889],[-81.2262281559993,41.6116009963989],[-81.2262281561476,41.6116010504292],[-81.2262348750391,41.6131498162767],[-81.2255510721942,41.6132440585293],[-81.2255439695368,41.6116027002412],[-81.2255439690209,41.6116026651169],[-81.2256419614738,41.6116024007889]]]},"properties":{"source_county":"Geauga","jurisdiction":"Chardon Township","parcel_id":"06-068050","owner_name":"MC MASTER DANIEL TOD & KATHLEEN A TOD","property_address":"11544 HOSFORD RD","property_city":"CHARDON","property_zip":"44024"}},{"type":"Feature","geometry":{"type":"Polygon","coordinates":[[[-81.2466621861263,41.6045953912185],[-81.2467075086118,41.6045953263026],[-81.2467127620845,41.6049580050924],[-81.2467156703787,41.6051588212223],[-81.2460809533727,41.6054236390644],[-81.2450438366071,41.6058563341527],[-81.2447452761582,41.6056164871832],[-81.2456187606645,41.6053834650575],[-81.245569413452,41.6052527656445],[-81.2458710158091,41.6052483853473],[-81.2459003541735,41.6045964809952],[-81.2460883028517,41.6045962123304],[-81.2460885284073,41.6045962120632],[-81.2464195111855,41.6045957385406],[-81.2466621861263,41.6045953912185]]]},"properties":{"source_county":"Geauga","jurisdiction":"Chardon Township","parcel_id":"06-070800","owner_name":"STEVENSON LEE C","property_address":"9760 MENTOR RD","property_city":"CHARDON","property_zip":"44024"}},{"type":"Feature","geometry":{"type":"Polygon","coordinates":[[[-81.2452003423961,41.6052581247687],[-81.245569413452,41.6052527656445],[-81.2456187606645,41.6053834650575],[-81.2447452761582,41.6056164871832],[-81.2446199384696,41.6055157969337],[-81.2451979950011,41.6053098543431],[-81.2452003423961,41.6052581247687]]]},"properties":{"source_county":"Geauga","jurisdiction":"Chardon Township","parcel_id":"06-070900","owner_name":"STEVENSON LEE C","property_address":" MENTOR RD","property_city":"CHARDON","property_zip":"44024"}},{"type":"Feature","geometry":{"type":"Polygon","coordinates":[[[-81.2409892703317,41.6064938244287],[-81.2428172110818,41.6064939337928],[-81.2428215631758,41.6068724441961],[-81.242824557781,41.6071328008915],[-81.2406656677833,41.6071326794649],[-81.2399831594576,41.607132632814],[-81.2399784586449,41.6064937525055],[-81.2406641168584,41.6064938018785],[-81.2409892703317,41.6064938244287]]]},"properties":{"source_county":"Geauga","jurisdiction":"Chardon Township","parcel_id":"06-071800","owner_name":"SWEENEY G MERLE TOD & DONNA M TOD","property_address":"9725 AUBURN RD","property_city":"CHARDON","property_zip":"44024"}},{"type":"Feature","geometry":{"type":"Polygon","coordinates":[[[-81.2475960383344,41.6049567359389],[-81.2479226785351,41.6049562644358],[-81.2476992157709,41.6052598283275],[-81.2460775526299,41.6058065752018],[-81.2453057847922,41.6060667662005],[-81.2450995956768,41.6059011281773],[-81.2450438366071,41.6058563341527],[-81.2460809533727,41.6054236390644],[-81.2467156703787,41.6051588212223],[-81.2467127620845,41.6049580050924],[-81.2475960383344,41.6049567359389]]]},"properties":{"source_county":"Geauga","jurisdiction":"Chardon Township","parcel_id":"06-071900","owner_name":"CHONGRIS THEODORE J & JESSICA L","property_address":"9740 MENTOR RD","property_city":"CHARDON","property_zip":"44024"}},{"type":"Feature","geometry":{"type":"Polygon","coordinates":[[[-81.2250372350822,41.6103306555562],[-81.2256405985809,41.6103301909284],[-81.2256419614738,41.6116024007889],[-81.2255439690209,41.6116026651169],[-81.2254225058982,41.6116029924977],[-81.2254217451332,41.611602994959],[-81.2250394047627,41.6116040252152],[-81.2250394045206,41.6116039144537],[-81.2250372350822,41.6103306555562]]]},"properties":{"source_county":"Geauga","jurisdiction":"Chardon Township","parcel_id":"06-072250","owner_name":"GEORGE THOMAS R & LISA M","property_address":"11561 HOSFORD RD","property_city":"CHARDON","property_zip":"44024"}},{"type":"Feature","geometry":{"type":"Polygon","coordinates":[[[-81.2454864901312,41.6045970703394],[-81.2459003541735,41.6045964809952],[-81.2458710158091,41.6052483853473],[-81.245569413452,41.6052527656445],[-81.2452003423961,41.6052581247687],[-81.2452303153759,41.6045974342077],[-81.2454864901312,41.6045970703394]]]},"properties":{"source_county":"Geauga","jurisdiction":"Chardon Township","parcel_id":"06-075000","owner_name":"KREUZ ETHAN G & KIAH J","property_address":"11014 MITCHELLS MILL RD","property_city":"CHARDON","property_zip":"44024"}},{"type":"Feature","geometry":{"type":"Polygon","coordinates":[[[-81.2428112189886,41.6059628836542],[-81.2438413830456,41.6059673067505],[-81.2438419768289,41.6060316405555],[-81.2438405726876,41.6062000794289],[-81.2438402442002,41.6065030170633],[-81.2428172110818,41.6064939337928],[-81.2428112189886,41.6059628836542]]]},"properties":{"source_county":"Geauga","jurisdiction":"Chardon Township","parcel_id":"06-075600","owner_name":"DRAIN BRANDON A & SARA A","property_address":"9750 AUBURN RD","property_city":"CHARDON","property_zip":"44024"}},{"type":"Feature","geometry":{"type":"Polygon","coordinates":[[[-81.2268618044802,41.6102309111834],[-81.2274570127726,41.6102304441349],[-81.2274660786523,41.6115980319591],[-81.227283954759,41.6115984966052],[-81.227278275502,41.611598510944],[-81.2269562244038,41.6115993307427],[-81.2268562091854,41.6115995857233],[-81.2268562090191,41.6115995325933],[-81.2268618044802,41.6102309111834]]]},"properties":{"source_county":"Geauga","jurisdiction":"Chardon Township","parcel_id":"06-076530","owner_name":"RATAY SUSAN M","property_address":"11515 HOSFORD RD","property_city":"CHARDON","property_zip":"44024"}},{"type":"Feature","geometry":{"type":"Polygon","coordinates":[[[-81.2282492703997,41.6064622710579],[-81.228770665985,41.606287938344],[-81.2290944593165,41.6070169225827],[-81.2282678001197,41.6070896315386],[-81.2275255396614,41.6071549114813],[-81.2272975504856,41.6067804778381],[-81.2282492703997,41.6064622710579]]]},"properties":{"source_county":"Geauga","jurisdiction":"Chardon Township","parcel_id":"06-076630","owner_name":"STILLISANO GERALD A & EDITH R TRUSTEES","property_address":"9710 FOX MEADOW LN","property_city":"CHARDON","property_zip":"44024"}},{"type":"Feature","geometry":{"type":"Polygon","coordinates":[[[-81.2429002333937,41.623394994946],[-81.2430099549866,41.6233944059173],[-81.243016661285,41.6239830259332],[-81.2430180756894,41.6241071262326],[-81.2429083527634,41.6241077224711],[-81.2417909141627,41.6241137845571],[-81.2417875135618,41.6237573805727],[-81.241784129761,41.623400978527],[-81.2429002333937,41.623394994946]]]},"properties":{"source_county":"Geauga","jurisdiction":"Chardon Township","parcel_id":"06-080100","owner_name":"NOLAN MICHAEL D & HANRATTY KATHRYN A","property_address":"9059 AUBURN RD","property_city":"CHARDON","property_zip":"44024"}},{"type":"Feature","geometry":{"type":"Polygon","coordinates":[[[-81.221372563003,41.6217661761331],[-81.2217599723803,41.6203480594826],[-81.2220194797325,41.6193980925421],[-81.2220591513175,41.6192528677306],[-81.2297679078625,41.6192455549673],[-81.2310794387437,41.6192442599412],[-81.2318108864155,41.6192450851552],[-81.2344799802407,41.6192480843726],[-81.2345180436706,41.6192481260506],[-81.2356323762501,41.6217638826842],[-81.2355958349968,41.6217619381376],[-81.2344930669476,41.621764697159],[-81.23388960164,41.621766202809],[-81.2333592831038,41.6217675237184],[-81.229843756039,41.6217762741489],[-81.229756348255,41.621776490382],[-81.2297561970452,41.6217764905302],[-81.2288345362663,41.6217754742238],[-81.2267205698757,41.6217731140387],[-81.2258849308687,41.6217721711804],[-81.2252448894181,41.6217714444269],[-81.2246048479818,41.6217707141488],[-81.22396480536,41.6217699803331],[-81.2233247639348,41.6217692439064],[-81.2226664353131,41.6217684812662],[-81.2219898194436,41.6217676948028],[-81.221372345816,41.6217669733661],[-81.221372563003,41.6217661761331]]]},"properties":{"source_county":"Geauga","jurisdiction":"Chardon Township","parcel_id":"06-083700","owner_name":"PRITT ARTIE P JR TOD & MARY J","property_address":"9188 RAVENNA RD","property_city":"CHARDON","property_zip":"44024"}},{"type":"Feature","geometry":{"type":"Polygon","coordinates":[[[-81.2428064209167,41.6055376389315],[-81.2437548070893,41.6048207816821],[-81.2442430817258,41.6052130462551],[-81.2440110084278,41.6052745699213],[-81.2436361022946,41.6053739554882],[-81.2428070819496,41.6055962320457],[-81.2428064209167,41.6055376389315]]]},"properties":{"source_county":"Geauga","jurisdiction":"Chardon Township","parcel_id":"06-086700","owner_name":"HEINO MICHAEL W","property_address":"9785 MENTOR RD","property_city":"CHARDON","property_zip":"44024"}},{"type":"Feature","geometry":{"type":"Polygon","coordinates":[[[-81.2479134526746,41.6106789816432],[-81.2510359548196,41.6106509932141],[-81.2514905589801,41.6110131462624],[-81.2479126718267,41.6110086812715],[-81.2479134526746,41.6106789816432]]]},"properties":{"source_county":"Geauga","jurisdiction":"Chardon Township","parcel_id":"06-088100","owner_name":"ZOVACK DAVID J & GERALDINE M AKA GERALDINE","property_address":"9559 MENTOR RD","property_city":"CHARDON","property_zip":"44024"}},{"type":"Feature","geometry":{"type":"Polygon","coordinates":[[[-81.2442681903376,41.621801529919],[-81.2455729934746,41.6218054324527],[-81.2455979766738,41.6239898691236],[-81.243016661285,41.6239830259332],[-81.2430099549866,41.6233944059173],[-81.243002034565,41.6226991315371],[-81.2430009322855,41.6226023296649],[-81.2442773678105,41.6226057209477],[-81.2442681903376,41.621801529919]]]},"properties":{"source_county":"Geauga","jurisdiction":"Chardon Township","parcel_id":"06-089600","owner_name":"DAGG SHANNON R","property_address":"9074 AUBURN RD","property_city":"CHARDON","property_zip":"44024"}},{"type":"Feature","geometry":{"type":"Polygon","coordinates":[[[-81.2442992875893,41.6245262991678],[-81.2448844833849,41.6245281996277],[-81.2448892582571,41.6249466056194],[-81.2444377709662,41.6249441632548],[-81.2437977120161,41.6249406987277],[-81.2431372630062,41.6249371191414],[-81.2430275243738,41.6249365240137],[-81.2430236165054,41.6245934921591],[-81.2431333423125,41.6245938503341],[-81.2442992875893,41.6245262991678]]]},"properties":{"source_county":"Geauga","jurisdiction":"Chardon Township","parcel_id":"06-089700","owner_name":"KUTH NORMAN D & KATHLEEN M","property_address":"9030 AUBURN RD","property_city":"CHARDON","property_zip":"44024"}},{"type":"Feature","geometry":{"type":"Polygon","coordinates":[[[-81.2460579541928,41.6080127887488],[-81.2469470401925,41.6073852011541],[-81.2473013339659,41.6076697987609],[-81.2460530467886,41.6085652859444],[-81.2450450079476,41.6092883976602],[-81.2450074231861,41.608943695635],[-81.2449882504871,41.6087678470963],[-81.2460579541928,41.6080127887488]]]},"properties":{"source_county":"Geauga","jurisdiction":"Chardon Township","parcel_id":"06-089800","owner_name":"KENDALL ARTHUR D TOD & MARGARET J TOD","property_address":"9691 MENTOR RD","property_city":"CHARDON","property_zip":"44024"}},{"type":"Feature","geometry":{"type":"Polygon","coordinates":[[[-81.2460455826164,41.6094055403139],[-81.2478460714922,41.6081141749841],[-81.2482153265482,41.608418141621],[-81.2460406783197,41.6099575510268],[-81.2458258969456,41.6101095862877],[-81.2454620844773,41.6098240262734],[-81.2460455826164,41.6094055403139]]]},"properties":{"source_county":"Geauga","jurisdiction":"Chardon Township","parcel_id":"06-094600","owner_name":"WILSON COURTNEY K","property_address":"9661 MENTOR RD","property_city":"CHARDON","property_zip":"44024"}},{"type":"Feature","geometry":{"type":"Polygon","coordinates":[[[-81.2467146984814,41.6071985641684],[-81.2524389964995,41.6070460482383],[-81.2524370866612,41.6079368536517],[-81.2521389968454,41.6079351106762],[-81.2515924269208,41.6079319123118],[-81.2510320753065,41.6079286316783],[-81.2475961672558,41.607908454117],[-81.2475046403928,41.6078331089733],[-81.2473013339659,41.6076697987609],[-81.2469470401925,41.6073852011541],[-81.2467146984814,41.6071985641684]]]},"properties":{"source_county":"Geauga","jurisdiction":"Chardon Township","parcel_id":"06-094700","owner_name":"THOMAS BRET A TRUSTEE","property_address":"9692 MENTOR RD","property_city":"CHARDON","property_zip":"44024"}},{"type":"Feature","geometry":{"type":"Polygon","coordinates":[[[-81.246063055277,41.6074386541928],[-81.2465644724897,41.6070778881558],[-81.2467146984814,41.6071985641684],[-81.2469470401925,41.6073852011541],[-81.2460579541928,41.6080127887488],[-81.2449882504871,41.6087678470963],[-81.2449622769878,41.6085296346483],[-81.2449474255744,41.6083934275903],[-81.2449320467053,41.60825238197],[-81.246063055277,41.6074386541928]]]},"properties":{"source_county":"Geauga","jurisdiction":"Chardon Township","parcel_id":"06-094800","owner_name":"DAGG TIMOTHY J TRUSTEE & SANDRA J TRUSTEE","property_address":"9699 MENTOR RD","property_city":"CHARDON","property_zip":"44024"}},{"type":"Feature","geometry":{"type":"Polygon","coordinates":[[[-81.2256405985809,41.6103301909284],[-81.2262439608538,41.6103297240552],[-81.2262454289311,41.6116009543125],[-81.2262281559993,41.6116009963989],[-81.2256419614738,41.6116024007889],[-81.2256405985809,41.6103301909284]]]},"properties":{"source_county":"Geauga","jurisdiction":"Chardon Township","parcel_id":"06-096600","owner_name":"SEACRIST GARY & CONNIE K","property_address":"11545 HOSFORD RD","property_city":"CHARDON","property_zip":"44024"}},{"type":"Feature","geometry":{"type":"Polygon","coordinates":[[[-81.2379976664042,41.6001440534622],[-81.2391799678615,41.5993189447867],[-81.2403543825248,41.6002670721971],[-81.2391495398283,41.6011079215698],[-81.2386423908141,41.6006986373359],[-81.2383582588336,41.6004542327697],[-81.2379976664042,41.6001440534622]]]},"properties":{"source_county":"Geauga","jurisdiction":"Chardon Township","parcel_id":"06-097700","owner_name":"SHANOWER GARY L TOD & GALE A TOD","property_address":"9944 MENTOR RD","property_city":"CHARDON","property_zip":"44024"}},{"type":"Feature","geometry":{"type":"Polygon","coordinates":[[[-81.2309800270594,41.6103939996373],[-81.2313457013026,41.6103933370616],[-81.2318759575298,41.6115875733026],[-81.2315830383398,41.6115880853943],[-81.2315102243081,41.6115882126627],[-81.2309800270594,41.6103939996373]]]},"properties":{"source_county":"Geauga","jurisdiction":"Chardon Township","parcel_id":"06-098300","owner_name":"ARENDT KENNETH A & NORMA JEAN","property_address":"11415 HOSFORD RD","property_city":"CHARDON","property_zip":"44024"}},{"type":"Feature","geometry":{"type":"Polygon","coordinates":[[[-81.2448239295112,41.6072607584631],[-81.2458362108951,41.6064928712428],[-81.2459719148532,41.6066018843316],[-81.2460697894478,41.606680507652],[-81.2462509572507,41.6068260408842],[-81.2460672868597,41.6069621947372],[-81.2448867871202,41.6078372759697],[-81.2448239295112,41.6072607584631]]]},"properties":{"source_county":"Geauga","jurisdiction":"Chardon Township","parcel_id":"06-098800","owner_name":"TRYKOWSKI TY J TOD & DIANE TOD","property_address":"9737 MENTOR RD","property_city":"CHARDON","property_zip":"44024"}},{"type":"Feature","geometry":{"type":"Polygon","coordinates":[[[-81.2262431972454,41.6097759925204],[-81.2281629725228,41.6097744853128],[-81.2281636138313,41.6102298858028],[-81.2274570127726,41.6102304441349],[-81.2268618044802,41.6102309111834],[-81.2262438251969,41.6102313930206],[-81.2262431972454,41.6097759925204]]]},"properties":{"source_county":"Geauga","jurisdiction":"Chardon Township","parcel_id":"06-098940","owner_name":"SHIEFF JOSEPH R & SANDRA M","property_address":"9585 FOX MEADOW LN","property_city":"CHARDON","property_zip":"44024"}},{"type":"Feature","geometry":{"type":"Polygon","coordinates":[[[-81.2357743330482,41.6108140952625],[-81.2357563438828,41.6100834776378],[-81.2355330927592,41.6098498725975],[-81.2354149854935,41.6091523301481],[-81.2365639668173,41.6092968764728],[-81.2365801906931,41.6104933312123],[-81.2365847973861,41.6108329916218],[-81.2363780768712,41.6106982107882],[-81.2362969777358,41.6107312732359],[-81.2363229937033,41.610815498605],[-81.2364325591674,41.6110478253238],[-81.2364604900093,41.6110909277916],[-81.2364845500814,41.6112106664524],[-81.2364732225105,41.6113332746463],[-81.2364926341648,41.611368313449],[-81.2365920329996,41.6113796353127],[-81.236594715714,41.6115795414586],[-81.2358634030492,41.6115808476984],[-81.2357743330482,41.6108140952625]]]},"properties":{"source_county":"Geauga","jurisdiction":"Chardon Township","parcel_id":"06-098980","owner_name":"JORDAN JEFFREY S & KAREN L","property_address":"11287 HOSFORD RD","property_city":"CHARDON","property_zip":"44024"}},{"type":"Feature","geometry":{"type":"Polygon","coordinates":[[[-81.2475961672558,41.607908454117],[-81.2510320753065,41.6079286316783],[-81.2492404417368,41.6092241976802],[-81.2489569654488,41.6090054731618],[-81.2485944662139,41.6087257712483],[-81.2485078164116,41.6086589124181],[-81.2482153265482,41.608418141621],[-81.2478460714922,41.6081141749841],[-81.2475961672558,41.607908454117]]]},"properties":{"source_county":"Geauga","jurisdiction":"Chardon Township","parcel_id":"06-100500","owner_name":"QUINN DANIEL J & MARKOPOULOS KRISTAN","property_address":"9642 MENTOR RD","property_city":"CHARDON","property_zip":"44024"}},{"type":"Feature","geometry":{"type":"Polygon","coordinates":[[[-81.2475642818738,41.6045940948382],[-81.2479174183591,41.6045935857005],[-81.2479226785351,41.6049562644358],[-81.2475960383344,41.6049567359389],[-81.2475642818738,41.6045940948382]]]},"properties":{"source_county":"Geauga","jurisdiction":"Chardon Township","parcel_id":"06-100900","owner_name":"KUCZER DENNIS M & CAROL A","property_address":"10956 MITCHELLS MILL RD","property_city":"CHARDON","property_zip":"44024"}},{"type":"Feature","geometry":{"type":"Polygon","coordinates":[[[-81.2467075086118,41.6045953263026],[-81.2475642818738,41.6045940948382],[-81.2475960383344,41.6049567359389],[-81.2467127620845,41.6049580050924],[-81.2467075086118,41.6045953263026]]]},"properties":{"source_county":"Geauga","jurisdiction":"Chardon Township","parcel_id":"06-101000","owner_name":"COATES RICHARD A & ELLIS COATES JEAN M","property_address":"10970 MITCHELLS MILL RD","property_city":"CHARDON","property_zip":"44024"}},{"type":"Feature","geometry":{"type":"Polygon","coordinates":[[[-81.2333592831038,41.6217675237184],[-81.23388960164,41.621766202809],[-81.2338899133035,41.6217756485723],[-81.234046230381,41.6265107454605],[-81.2335158903329,41.6265125562234],[-81.233359553723,41.6217757380889],[-81.2333592831038,41.6217675237184]]]},"properties":{"source_county":"Geauga","jurisdiction":"Chardon Township","parcel_id":"06-102725","owner_name":"SPIKES WILLIE A JR & NELL O","property_address":" CLARK RD","property_city":"CHARDON","property_zip":"44024"}},{"type":"Feature","geometry":{"type":"Polygon","coordinates":[[[-81.2237219062445,41.6055810220253],[-81.2263215331884,41.6055949976312],[-81.2263250126903,41.6056274464088],[-81.2263352650424,41.6056590775916],[-81.2263520337954,41.6056890999381],[-81.2263748994936,41.6057167624496],[-81.226403290166,41.6057413731575],[-81.2264364956339,41.6057623164319],[-81.2264736852755,41.6057790683825],[-81.2264947904337,41.6057886665209],[-81.2265134304368,41.6058008039668],[-81.226529068901,41.6058151314546],[-81.2265412558134,41.605831236698],[-81.2265496404819,41.6058486562541],[-81.2265539816267,41.6058668888588],[-81.2265575157687,41.6058780692281],[-81.2265735930483,41.6059325823726],[-81.2265926133842,41.6059865591762],[-81.2254810002434,41.6060540241429],[-81.2246197319017,41.606872381328],[-81.2247869027937,41.6071469533946],[-81.2250148649107,41.6075213701522],[-81.2251112177885,41.6076796240602],[-81.2243205887777,41.6076802279761],[-81.2239549294976,41.6076805055521],[-81.2226266968637,41.6076815034224],[-81.2221696416512,41.6076818430826],[-81.2231366427538,41.6067756064957],[-81.2237219062445,41.6055810220253]]]},"properties":{"source_county":"Geauga","jurisdiction":"Chardon Township","parcel_id":"06-102727","owner_name":"VAN OSTRAND CARY A TOD","property_address":"9755 FOX MEADOW LN","property_city":"CHARDON","property_zip":"44024"}},{"type":"Feature","geometry":{"type":"Polygon","coordinates":[[[-81.2295945001877,41.6101517462078],[-81.2302002953082,41.610151256594],[-81.2302023691789,41.6115912070219],[-81.2302023691733,41.6115912691548],[-81.2298028755389,41.61159225821],[-81.2296949398414,41.611592524507],[-81.2296939234892,41.6115925278042],[-81.2295965615286,41.6115927682234],[-81.2295945001877,41.6101517462078]]]},"properties":{"source_county":"Geauga","jurisdiction":"Chardon Township","parcel_id":"06-103520","owner_name":"MILLER JOSHUA G & SUNSHINE","property_address":"11445 HOSFORD RD","property_city":"CHARDON","property_zip":"44024"}},{"type":"Feature","geometry":{"type":"Polygon","coordinates":[[[-81.2297704092136,41.6186979618737],[-81.2310808535173,41.6186953881067],[-81.2310794387437,41.6192442599412],[-81.2297679078625,41.6192455549673],[-81.2220591513175,41.6192528677306],[-81.2222067538844,41.6187125308601],[-81.2297704092136,41.6186979618737]]]},"properties":{"source_county":"Geauga","jurisdiction":"Chardon Township","parcel_id":"06-104200","owner_name":"FLICK JONATHAN W & SHANNA L","property_address":"9244 RAVENNA RD","property_city":"CHARDON","property_zip":"44024"}},{"type":"Feature","geometry":{"type":"Polygon","coordinates":[[[-81.2403211261831,41.6101998311102],[-81.2406907002947,41.6101991823184],[-81.2406912717546,41.6102461213374],[-81.2406993281271,41.6109085341133],[-81.2407073994182,41.6115721130158],[-81.2403380630599,41.611572786133],[-81.2403211261831,41.6101998311102]]]},"properties":{"source_county":"Geauga","jurisdiction":"Chardon Township","parcel_id":"06-107200","owner_name":"DORSETT CLAIRE","property_address":"11175 HOSFORD RD","property_city":"CHARDON","property_zip":"44024"}},{"type":"Feature","geometry":{"type":"Polygon","coordinates":[[[-81.2399560169096,41.6099494923098],[-81.2406876451006,41.6099482080561],[-81.2406907002947,41.6101991823184],[-81.2403211261831,41.6101998311102],[-81.2403380630599,41.611572786133],[-81.2399760413337,41.6115734446421],[-81.2399560169096,41.6099494923098]]]},"properties":{"source_county":"Geauga","jurisdiction":"Chardon Township","parcel_id":"06-107300","owner_name":"DORSETT CLAIRE","property_address":" HOSFORD RD","property_city":"CHARDON","property_zip":"44024"}},{"type":"Feature","geometry":{"type":"Polygon","coordinates":[[[-81.2429917645748,41.6217976972391],[-81.2442681903376,41.621801529919],[-81.2442773678105,41.6226057209477],[-81.2430009322855,41.6226023296649],[-81.2429917645748,41.6217976972391]]]},"properties":{"source_county":"Geauga","jurisdiction":"Chardon Township","parcel_id":"06-110500","owner_name":"VAUGHN ARBIN TOD & LORETTA TOD","property_address":"9120 AUBURN RD","property_city":"CHARDON","property_zip":"44024"}},{"type":"Feature","geometry":{"type":"Polygon","coordinates":[[[-81.2438402442002,41.6065030170633],[-81.2447408424621,41.6064986834182],[-81.2447823055923,41.6068789893699],[-81.2428215631758,41.6068724441961],[-81.2428172110818,41.6064939337928],[-81.2438402442002,41.6065030170633]]]},"properties":{"source_county":"Geauga","jurisdiction":"Chardon Township","parcel_id":"06-110600","owner_name":"DEHNERT LOVINA","property_address":"9720 AUBURN RD","property_city":"CHARDON","property_zip":"44024"}},{"type":"Feature","geometry":{"type":"Polygon","coordinates":[[[-81.2428215631758,41.6068724441961],[-81.2447823055923,41.6068789893699],[-81.2448239295112,41.6072607584631],[-81.2448867871202,41.6078372759697],[-81.2449320467053,41.60825238197],[-81.2449474255744,41.6083934275903],[-81.2428384553464,41.6083412388881],[-81.2428313370654,41.6077716707156],[-81.242824557781,41.6071328008915],[-81.2428215631758,41.6068724441961]]]},"properties":{"source_county":"Geauga","jurisdiction":"Chardon Township","parcel_id":"06-110650","owner_name":"YATES ROBERT H TOD","property_address":" AUBURN RD","property_city":"CHARDON","property_zip":"44024"}},{"type":"Feature","geometry":{"type":"Polygon","coordinates":[[[-81.2445073372004,41.6060417484214],[-81.2450995956768,41.6059011281773],[-81.2453057847922,41.6060667662005],[-81.2454664417904,41.6061958274343],[-81.2447408424621,41.6064986834182],[-81.2438402442002,41.6065030170633],[-81.2438405726876,41.6062000794289],[-81.2445073372004,41.6060417484214]]]},"properties":{"source_county":"Geauga","jurisdiction":"Chardon Township","parcel_id":"06-110700","owner_name":"COVELL THOMAS TOD","property_address":"9745 MENTOR RD","property_city":"CHARDON","property_zip":"44024"}},{"type":"Feature","geometry":{"type":"Polygon","coordinates":[[[-81.2406656677833,41.6071326794649],[-81.242824557781,41.6071328008915],[-81.2428313370654,41.6077716707156],[-81.2406672187385,41.607771556913],[-81.2399878603623,41.607771512984],[-81.2399831594576,41.607132632814],[-81.2406656677833,41.6071326794649]]]},"properties":{"source_county":"Geauga","jurisdiction":"Chardon Township","parcel_id":"06-111150","owner_name":"OLSON ELIZABETH M","property_address":"9695 AUBURN RD","property_city":"CHARDON","property_zip":"44024"}},{"type":"Feature","geometry":{"type":"Polygon","coordinates":[[[-81.2289887050582,41.6101522326637],[-81.2295945001877,41.6101517462078],[-81.2295965615286,41.6115927682234],[-81.2291633943661,41.6115938380776],[-81.2289907550557,41.6115942641469],[-81.2289887050582,41.6101522326637]]]},"properties":{"source_county":"Geauga","jurisdiction":"Chardon Township","parcel_id":"06-114480","owner_name":"WICHMAN KEITH","property_address":"11461 HOSFORD RD","property_city":"CHARDON","property_zip":"44024"}},{"type":"Feature","geometry":{"type":"Polygon","coordinates":[[[-81.2438120599256,41.6025302599413],[-81.2455159464423,41.6025294630957],[-81.2454864901312,41.6045970703394],[-81.2452303153759,41.6045974342077],[-81.2437825259782,41.6045994828518],[-81.2437960408289,41.6036525389199],[-81.2438120599256,41.6025302599413]]]},"properties":{"source_county":"Geauga","jurisdiction":"Chardon Township","parcel_id":"06-114600","owner_name":"WICK HELGA TRUSTEE","property_address":"11049 MITCHELLS MILL RD","property_city":"CHARDON","property_zip":"44024"}},{"type":"Feature","geometry":{"type":"Polygon","coordinates":[[[-81.2428502663279,41.6093741771037],[-81.2450599499033,41.6093812315136],[-81.2450743064452,41.6094704328229],[-81.2446969816934,41.6094715502662],[-81.2446998688734,41.6097465985061],[-81.2428544627111,41.6097428234323],[-81.2428531308485,41.6096258263638],[-81.2428502663279,41.6093741771037]]]},"properties":{"source_county":"Geauga","jurisdiction":"Chardon Township","parcel_id":"06-115700","owner_name":"WILLIAMS DAVID A & JANET M TRUSTEES","property_address":"9610 AUBURN RD","property_city":"CHARDON","property_zip":"44024"}},{"type":"Feature","geometry":{"type":"Polygon","coordinates":[[[-81.2427382334628,41.6005675338227],[-81.2427363581697,41.6003377518118],[-81.2441947435721,41.6004198203073],[-81.2461578395323,41.5999882473699],[-81.2461420736303,41.6010364349691],[-81.2427397574034,41.6007542105911],[-81.2427382334628,41.6005675338227]]]},"properties":{"source_county":"Geauga","jurisdiction":"Chardon Township","parcel_id":"06-117400","owner_name":"NOWICKI JOHN J TOD","property_address":"9960 AUBURN RD","property_city":"CHARDON","property_zip":"44024"}},{"type":"Feature","geometry":{"type":"Polygon","coordinates":[[[-81.2455280383019,41.6016806049108],[-81.2461323852315,41.6016805766501],[-81.2461304540925,41.6018089495785],[-81.2460897644151,41.6045140298387],[-81.2460885284073,41.6045962120632],[-81.2460883028517,41.6045962123304],[-81.2459003541735,41.6045964809952],[-81.2454864901312,41.6045970703394],[-81.2455159464423,41.6025294630957],[-81.2455189106388,41.6023213964397],[-81.2455280383019,41.6016806049108]]]},"properties":{"source_county":"Geauga","jurisdiction":"Chardon Township","parcel_id":"06-117500","owner_name":"POE DONALD L & CAROL A TRUSTEES","property_address":"11001 MITCHELLS MILL RD","property_city":"CHARDON","property_zip":"44024"}},{"type":"Feature","geometry":{"type":"Polygon","coordinates":[[[-81.2254225058982,41.6116029924977],[-81.2255439690209,41.6116026651169],[-81.2255439695368,41.6116027002412],[-81.2255510721942,41.6132440585293],[-81.2249016227891,41.6133335626188],[-81.2248941556879,41.6116043386991],[-81.2250394047627,41.6116040252152],[-81.2254217451332,41.611602994959],[-81.2254225058982,41.6116029924977]]]},"properties":{"source_county":"Geauga","jurisdiction":"Chardon Township","parcel_id":"06-117750","owner_name":"HOLTMAN THOMAS J & CATHERINE","property_address":"11560 HOSFORD RD","property_city":"CHARDON","property_zip":"44024"}},{"type":"Feature","geometry":{"type":"Polygon","coordinates":[[[-81.2460530467886,41.6085652859444],[-81.2473013339659,41.6076697987609],[-81.2475046403928,41.6078331089733],[-81.2475961672558,41.607908454117],[-81.2478460714922,41.6081141749841],[-81.2460455826164,41.6094055403139],[-81.2454620844773,41.6098240262734],[-81.2450833743962,41.6095267699753],[-81.2450743064452,41.6094704328229],[-81.2450599499033,41.6093812315136],[-81.2450450079476,41.6092883976602],[-81.2460530467886,41.6085652859444]]]},"properties":{"source_county":"Geauga","jurisdiction":"Chardon Township","parcel_id":"06-119100","owner_name":"AYLWARD STEVEN","property_address":"9673 MENTOR RD","property_city":"CHARDON","property_zip":"44024"}},{"type":"Feature","geometry":{"type":"Polygon","coordinates":[[[-81.2428390755153,41.6083909059801],[-81.2428384553464,41.6083412388881],[-81.2449474255744,41.6083934275903],[-81.2449622769878,41.6085296346483],[-81.2428404373495,41.6085105877431],[-81.2428390755153,41.6083909059801]]]},"properties":{"source_county":"Geauga","jurisdiction":"Chardon Township","parcel_id":"06-119300","owner_name":"YATES ROBERT H TOD","property_address":" AUBURN RD","property_city":"CHARDON","property_zip":"44024"}},{"type":"Feature","geometry":{"type":"Polygon","coordinates":[[[-81.2428404373495,41.6085105877431],[-81.2449622769878,41.6085296346483],[-81.2449882504871,41.6087678470963],[-81.2450074231861,41.608943695635],[-81.2428452071289,41.6089296445518],[-81.2428404373495,41.6085105877431]]]},"properties":{"source_county":"Geauga","jurisdiction":"Chardon Township","parcel_id":"06-119400","owner_name":"GERLICA MICHAEL STEVEN & DAWN MARIE","property_address":"9650 AUBURN RD","property_city":"CHARDON","property_zip":"44024"}},{"type":"Feature","geometry":{"type":"Polygon","coordinates":[[[-81.2429448247771,41.6176769859123],[-81.2429195571043,41.6154586154119],[-81.2429122871575,41.6148203425906],[-81.2429093443942,41.6145619988068],[-81.2431242039816,41.6144166945264],[-81.2439681308384,41.614417070055],[-81.2448448560073,41.6160922028966],[-81.248831915037,41.616629682747],[-81.249016396214,41.6166545488721],[-81.2497695051083,41.6164326175668],[-81.2496266466018,41.6183768257968],[-81.2496192342739,41.6185489722116],[-81.2487984233018,41.6185495292009],[-81.2484291966656,41.6185497775984],[-81.2455415482712,41.6185516803642],[-81.242954806369,41.6185533239896],[-81.242953889113,41.6184728225486],[-81.2429501384435,41.6181435112372],[-81.2429448247771,41.6176769859123]]]},"properties":{"source_county":"Geauga","jurisdiction":"Chardon Township","parcel_id":"06-120114","owner_name":"MOORE GEAUGA LLC","property_address":"9420 AUBURN RD","property_city":"CHARDON","property_zip":"44024"}},{"type":"Feature","geometry":{"type":"Polygon","coordinates":[[[-81.2302023691733,41.6115912691548],[-81.2303872633526,41.6115908085915],[-81.2303888392024,41.6125772212431],[-81.2297980039715,41.6126586727263],[-81.2296576314779,41.612678023951],[-81.2291684415556,41.6127454607588],[-81.2291633945693,41.611593889407],[-81.2291633943661,41.6115938380776],[-81.2295965615286,41.6115927682234],[-81.2296939234892,41.6115925278042],[-81.2296949398414,41.611592524507],[-81.2298028755389,41.61159225821],[-81.2302023691733,41.6115912691548]]]},"properties":{"source_county":"Geauga","jurisdiction":"Chardon Township","parcel_id":"06-120119","owner_name":"ST CLAIR SCOTT N & MARIANNE W","property_address":"11450 HOSFORD RD","property_city":"CHARDON","property_zip":"44024"}},{"type":"Feature","geometry":{"type":"Polygon","coordinates":[[[-81.2305948630209,41.6103946966865],[-81.2309800270594,41.6103939996373],[-81.2315102243081,41.6115882126627],[-81.2311254011136,41.6115889783008],[-81.2305948630209,41.6103946966865]]]},"properties":{"source_county":"Geauga","jurisdiction":"Chardon Township","parcel_id":"06-120133","owner_name":"ARENDT KENNETH A & NORMA JEAN","property_address":" HOSFORD RD","property_city":"CHARDON","property_zip":"44024"}},{"type":"Feature","geometry":{"type":"Polygon","coordinates":[[[-81.2428752471285,41.6115681381752],[-81.2447189677998,41.6115656961813],[-81.2447375377325,41.6133342910786],[-81.2442283304184,41.6137700861132],[-81.2429003441454,41.6137718140662],[-81.2428959486177,41.6133858355536],[-81.2428865404067,41.6125598107643],[-81.2428752471285,41.6115681381752]]]},"properties":{"source_county":"Geauga","jurisdiction":"Chardon Township","parcel_id":"06-120141","owner_name":"MOORE GEAUGA LLC","property_address":" AUBURN RD","property_city":"CHARDON","property_zip":"44024"}},{"type":"Feature","geometry":{"type":"Polygon","coordinates":[[[-81.2448892582571,41.6249466056194],[-81.2448844833849,41.6245281996277],[-81.2442992875893,41.6245262991678],[-81.2431333423125,41.6245938503341],[-81.2430236165054,41.6245934921591],[-81.2430180756894,41.6241071262326],[-81.243016661285,41.6239830259332],[-81.2455979766738,41.6239898691236],[-81.2455729934746,41.6218054324527],[-81.2466502006707,41.6218086436868],[-81.2482888035433,41.6218135098956],[-81.2487406298395,41.6218148471123],[-81.2487366846691,41.6220565668345],[-81.2487258518132,41.6227201813605],[-81.248689171681,41.6249670890754],[-81.2456405103709,41.6249506653936],[-81.2448892582571,41.6249466056194]]]},"properties":{"source_county":"Geauga","jurisdiction":"Chardon Township","parcel_id":"06-120168","owner_name":"LANGEL JOHN WILLIAM & STEPHANIE MARY NEAL","property_address":"9038 AUBURN RD","property_city":"CHARDON","property_zip":"44024"}},{"type":"Feature","geometry":{"type":"Polygon","coordinates":[[[-81.2330366236283,41.6107341593181],[-81.2342060878491,41.6104845663776],[-81.2345951442491,41.6115112629497],[-81.2345963030225,41.6115143191799],[-81.2345952100865,41.6115143739136],[-81.2331858866061,41.6115853904476],[-81.2331604834745,41.611583767245],[-81.2331358417658,41.6115788584312],[-81.2331127100889,41.6115708131351],[-81.2330917911777,41.6115598757706],[-81.233073720542,41.611546378612],[-81.2330590471609,41.6115307316992],[-81.2330482168048,41.6115134103808],[-81.2330415584931,41.6114949408729],[-81.2330392744997,41.6114758842726],[-81.2330366236283,41.6107341593181]]]},"properties":{"source_county":"Geauga","jurisdiction":"Chardon Township","parcel_id":"06-120170","owner_name":"QUIN LORI A TOD","property_address":"9550 CAMPTON RIDGE DR","property_city":"CHARDON","property_zip":"44024"}},{"type":"Feature","geometry":{"type":"Polygon","coordinates":[[[-81.2313457013026,41.6103933370616],[-81.2326691069234,41.6101109068303],[-81.232714182153,41.6102163119254],[-81.2327512553667,41.6103234589617],[-81.2327802082362,41.6104320060667],[-81.2328009483409,41.6105416068994],[-81.2328134094638,41.6106519117548],[-81.2328175518029,41.6107625686799],[-81.2328198674825,41.6114762383412],[-81.2328181219087,41.6114934154698],[-81.2328128170771,41.6115101761416],[-81.2328040836264,41.6115261075932],[-81.2327921366322,41.6115408174824],[-81.2327772703103,41.6115539435497],[-81.2327598507709,41.6115651625403],[-81.2327403070034,41.6115741981644],[-81.2327191203106,41.6115808279022],[-81.2326968124563,41.6115848884831],[-81.2326739328156,41.6115862799075],[-81.2318759575298,41.6115875733026],[-81.2313457013026,41.6103933370616]]]},"properties":{"source_county":"Geauga","jurisdiction":"Chardon Township","parcel_id":"06-120171","owner_name":"KIEBLER BETH L","property_address":" HOSFORD RD","property_city":"CHARDON","property_zip":"44024"}},{"type":"Feature","geometry":{"type":"Polygon","coordinates":[[[-81.2406837662982,41.6096295405305],[-81.2428531308485,41.6096258263638],[-81.2428544627111,41.6097428234323],[-81.2428583441771,41.6100838910295],[-81.2428601587054,41.6102432868109],[-81.2417757176527,41.61024470916],[-81.2406912717546,41.6102461213374],[-81.2406907002947,41.6101991823184],[-81.2406876451006,41.6099482080561],[-81.2406837662982,41.6096295405305]]]},"properties":{"source_county":"Geauga","jurisdiction":"Chardon Township","parcel_id":"06-120174","owner_name":"DEBEVEC JEREMY E & AMY H","property_address":"9595 AUBURN RD","property_city":"CHARDON","property_zip":"44024"}},{"type":"Feature","geometry":{"type":"Polygon","coordinates":[[[-81.2406687308093,41.6083946223272],[-81.2428390755153,41.6083909059801],[-81.2428404373495,41.6085105877431],[-81.2428452071289,41.6089296445518],[-81.2428502663279,41.6093741771037],[-81.2428531308485,41.6096258263638],[-81.2406837662982,41.6096295405305],[-81.2406740266862,41.6088295758071],[-81.2406687308093,41.6083946223272]]]},"properties":{"source_county":"Geauga","jurisdiction":"Chardon Township","parcel_id":"06-120175","owner_name":"OZINGA JOHN G IV & SARAH J","property_address":"9655 AUBURN RD","property_city":"CHARDON","property_zip":"44024"}},{"type":"Feature","geometry":{"type":"Polygon","coordinates":[[[-81.2408954669448,41.6115717691768],[-81.2408873966231,41.6109082902714],[-81.2406993281271,41.6109085341133],[-81.2406912717546,41.6102461213374],[-81.2417757176527,41.61024470916],[-81.2417907899473,41.611570131629],[-81.2408954669448,41.6115717691768]]]},"properties":{"source_county":"Geauga","jurisdiction":"Chardon Township","parcel_id":"06-120176","owner_name":"DORSETT CLAIRE","property_address":" HOSFORD RD","property_city":"CHARDON","property_zip":"44024"}},{"type":"Feature","geometry":{"type":"Polygon","coordinates":[[[-81.2491621205946,41.6032395681584],[-81.2508756562728,41.6032338158607],[-81.2508906395668,41.6045892547574],[-81.2501943079556,41.6045902763004],[-81.2499274097084,41.6045906666459],[-81.2491752564148,41.6045917631594],[-81.2491621205946,41.6032395681584]]]},"properties":{"source_county":"Geauga","jurisdiction":"Chardon Township","parcel_id":"06-120179","owner_name":"LANE MICHELLE D","property_address":"10909 MITCHELLS MILL RD","property_city":"CHARDON","property_zip":"44024"}},{"type":"Feature","geometry":{"type":"Polygon","coordinates":[[[-81.2466974459542,41.6029522031028],[-81.2479262368268,41.6029504349782],[-81.2479290341632,41.6032042817944],[-81.2479443423748,41.6045935471574],[-81.2479174183591,41.6045935857005],[-81.2475642818738,41.6045940948382],[-81.2467075086118,41.6045953263026],[-81.2466621861263,41.6045953912185],[-81.2466974459542,41.6029522031028]]]},"properties":{"source_county":"Geauga","jurisdiction":"Chardon Township","parcel_id":"06-120183","owner_name":"LOVE GAIL JOANNE TRUSTEE","property_address":" MITCHELLS MILL RD","property_city":"CHARDON","property_zip":"44024"}},{"type":"Feature","geometry":{"type":"Polygon","coordinates":[[[-81.2464195111855,41.6045957385406],[-81.2464504040308,41.6027298520983],[-81.247967384523,41.6027585598093],[-81.2480651645177,41.6027604706916],[-81.2483984136278,41.601803480122],[-81.2491441290747,41.6018016722282],[-81.2491621205946,41.6032395681584],[-81.24838717129,41.6032173932877],[-81.2479290341632,41.6032042817944],[-81.2479262368268,41.6029504349782],[-81.2466974459542,41.6029522031028],[-81.2466621861263,41.6045953912185],[-81.2464195111855,41.6045957385406]]]},"properties":{"source_county":"Geauga","jurisdiction":"Chardon Township","parcel_id":"06-120185","owner_name":"LOVE GAIL JOANNE TRUSTEE","property_address":" MITCHELLS MILL RD","property_city":"CHARDON","property_zip":"44024"}},{"type":"Feature","geometry":{"type":"Polygon","coordinates":[[[-81.2482918598659,41.6018037387835],[-81.2483984136278,41.601803480122],[-81.2480651645177,41.6027604706916],[-81.247967384523,41.6027585598093],[-81.2482918598659,41.6018037387835]]]},"properties":{"source_county":"Geauga","jurisdiction":"Chardon Township","parcel_id":"06-120186","owner_name":"LOVE GAIL JOANNE TRUSTEE","property_address":" MITCHELLS MILL RD","property_city":"CHARDON","property_zip":"44024"}},{"type":"Feature","geometry":{"type":"Polygon","coordinates":[[[-81.2303057320376,41.6097438222439],[-81.2321773352612,41.6093444090374],[-81.2325338064581,41.6098738184486],[-81.2325835163483,41.6099513361198],[-81.2326286454954,41.6100304163735],[-81.2326691069234,41.6101109068303],[-81.2313457013026,41.6103933370616],[-81.2309800270594,41.6103939996373],[-81.2305948630209,41.6103946966865],[-81.2304866180036,41.6101510235745],[-81.2303057320376,41.6097438222439]]]},"properties":{"source_county":"Geauga","jurisdiction":"Chardon Township","parcel_id":"06-120189","owner_name":"RILEY FREDERICK H N & IRENE TRUSTEES","property_address":"9595 CAMPTON RIDGE DR","property_city":"CHARDON","property_zip":"44024"}},{"type":"Feature","geometry":{"type":"Polygon","coordinates":[[[-81.2300096677963,41.6090773252421],[-81.2317545862879,41.6087049497628],[-81.2318309705406,41.6088285879313],[-81.2318741047564,41.6088940641917],[-81.2321773352612,41.6093444090374],[-81.2303057320376,41.6097438222439],[-81.2302794515815,41.6096846591254],[-81.2300600976294,41.6091908522015],[-81.2300096677963,41.6090773252421]]]},"properties":{"source_county":"Geauga","jurisdiction":"Chardon Township","parcel_id":"06-120190","owner_name":"CAMINO MICHAEL C & STACIA C","property_address":"9635 CAMPTON RIDGE DR","property_city":"CHARDON","property_zip":"44024"}},{"type":"Feature","geometry":{"type":"Polygon","coordinates":[[[-81.229699733025,41.6083795857131],[-81.2314017443184,41.6080163681587],[-81.2313950881068,41.6080668654539],[-81.2314583562745,41.6080715624054],[-81.2315196444048,41.6082331297549],[-81.2315895227485,41.6083927209289],[-81.2316678787742,41.6085500787814],[-81.2317545862879,41.6087049497628],[-81.2300096677963,41.6090773252421],[-81.2297131543744,41.6084098012162],[-81.229699733025,41.6083795857131]]]},"properties":{"source_county":"Geauga","jurisdiction":"Chardon Township","parcel_id":"06-120191","owner_name":"IGREC JOHN N & PERRI JENNIFER R","property_address":"9665 CAMPTON RIDGE DR","property_city":"CHARDON","property_zip":"44024"}},{"type":"Feature","geometry":{"type":"Polygon","coordinates":[[[-81.229699733025,41.6083795857131],[-81.2294019464279,41.6077091823243],[-81.2312869916382,41.6073069042349],[-81.2313026786775,41.6074243349391],[-81.2313248731858,41.6075660692233],[-81.2313534937272,41.607707153135],[-81.2313885070608,41.6078474226103],[-81.2314298725109,41.6079867145312],[-81.2314058869842,41.6079849344631],[-81.2314017443184,41.6080163681587],[-81.229699733025,41.6083795857131]]]},"properties":{"source_county":"Geauga","jurisdiction":"Chardon Township","parcel_id":"06-120192","owner_name":"WARE JETHEL III","property_address":"9685 CAMPTON RIDGE DR","property_city":"CHARDON","property_zip":"44024"}},{"type":"Feature","geometry":{"type":"Polygon","coordinates":[[[-81.2291301856599,41.6070973569193],[-81.2311646259253,41.606663196278],[-81.2312094769352,41.6068477179868],[-81.2312463875968,41.6070332280092],[-81.2312753195555,41.6072195339175],[-81.2312869916382,41.6073069042349],[-81.2294019464279,41.6077091823243],[-81.2293141791595,41.6075115904086],[-81.2291301856599,41.6070973569193]]]},"properties":{"source_county":"Geauga","jurisdiction":"Chardon Township","parcel_id":"06-120193","owner_name":"VANEK DOUGLAS J & DIANE L","property_address":"9699 CAMPTON RIDGE DR","property_city":"CHARDON","property_zip":"44024"}},{"type":"Feature","geometry":{"type":"Polygon","coordinates":[[[-81.228766439274,41.6062784208599],[-81.2308574242299,41.6058321938987],[-81.230917383573,41.6059623329689],[-81.2309732275391,41.6060934994565],[-81.2310249248955,41.6062256200597],[-81.2308490051415,41.6061558223701],[-81.2308148282327,41.6062043477743],[-81.2310514193041,41.6062982169676],[-81.2311119348576,41.6064800230532],[-81.2311646259253,41.606663196278],[-81.2291301856599,41.6070973569193],[-81.2290944593165,41.6070169225827],[-81.228770665985,41.606287938344],[-81.228766439274,41.6062784208599]]]},"properties":{"source_county":"Geauga","jurisdiction":"Chardon Township","parcel_id":"06-120194","owner_name":"MAKEE JACK W & JESSICA A","property_address":"9729 CAMPTON RIDGE DR","property_city":"CHARDON","property_zip":"44024"}},{"type":"Feature","geometry":{"type":"Polygon","coordinates":[[[-81.2285079888093,41.6056965333629],[-81.2305388609883,41.605263136378],[-81.230601337579,41.6053623908204],[-81.2305018500617,41.6053981010682],[-81.2305334006582,41.6054476173527],[-81.2306316438263,41.6054123536286],[-81.230711728307,41.6055508206149],[-81.2307870053043,41.6056907987088],[-81.2308574242299,41.6058321938987],[-81.228766439274,41.6062784208599],[-81.2285440160306,41.6057776483846],[-81.2285079888093,41.6056965333629]]]},"properties":{"source_county":"Geauga","jurisdiction":"Chardon Township","parcel_id":"06-120195","owner_name":"VESPA JOHN A & JACQUELINE M","property_address":"9759 CAMPTON RIDGE DR","property_city":"CHARDON","property_zip":"44024"}},{"type":"Feature","geometry":{"type":"Polygon","coordinates":[[[-81.2282345101951,41.6050808008948],[-81.2301071830142,41.604681165983],[-81.2302233774373,41.6048231226939],[-81.2303341149137,41.6049675157432],[-81.2304393047994,41.6051142269855],[-81.2305388609883,41.605263136378],[-81.2285079888093,41.6056965333629],[-81.2283578413745,41.6053584809402],[-81.2282345101951,41.6050808008948]]]},"properties":{"source_county":"Geauga","jurisdiction":"Chardon Township","parcel_id":"06-120196","owner_name":"MELCHREIT RONALD A & BARBARA J","property_address":"9779 CAMPTON RIDGE DR","property_city":"CHARDON","property_zip":"44024"}},{"type":"Feature","geometry":{"type":"Polygon","coordinates":[[[-81.2281870432373,41.6043535580622],[-81.2296901131643,41.6040327522071],[-81.229717095771,41.6041181606337],[-81.2297515972148,41.6042020305862],[-81.2297934643126,41.6042839896206],[-81.2298425111705,41.6043636737775],[-81.2298985200084,41.6044407291983],[-81.2299612421275,41.6045148136969],[-81.2301014338253,41.6046746124911],[-81.2301071830142,41.604681165983],[-81.2282345101951,41.6050808008948],[-81.228206664779,41.6050196939177],[-81.2280584733193,41.604700487839],[-81.2280584364927,41.6047004072932],[-81.2279154085605,41.604411531645],[-81.2281870432373,41.6043535580622]]]},"properties":{"source_county":"Geauga","jurisdiction":"Chardon Township","parcel_id":"06-120197","owner_name":"PERO HELEN V","property_address":"9799 CAMPTON RIDGE DR","property_city":"CHARDON","property_zip":"44024"}},{"type":"Feature","geometry":{"type":"Polygon","coordinates":[[[-81.228167088983,41.6036744343831],[-81.2297537322624,41.603335836013],[-81.229716069038,41.6034276192056],[-81.2296873345417,41.6035212041661],[-81.2296676788489,41.6036161022412],[-81.2296572046314,41.6037118179196],[-81.2296559666213,41.6038078514184],[-81.2296616108286,41.6038832674712],[-81.229673005494,41.6039583166711],[-81.2296901131643,41.6040327522071],[-81.2281870432373,41.6043535580622],[-81.2279154085605,41.604411531645],[-81.2277206811716,41.6040517090558],[-81.2275838644197,41.6037988913114],[-81.228167088983,41.6036744343831]]]},"properties":{"source_county":"Geauga","jurisdiction":"Chardon Township","parcel_id":"06-120198","owner_name":"EZZO MICHAEL J","property_address":"9815 CAMPTON RIDGE DR","property_city":"CHARDON","property_zip":"44024"}},{"type":"Feature","geometry":{"type":"Polygon","coordinates":[[[-81.2326213323255,41.609638721892],[-81.2337909809749,41.6093890893192],[-81.2342060878491,41.6104845663776],[-81.2330366236283,41.6107341593181],[-81.2330299924153,41.6106176054121],[-81.2330149309766,41.6105014942058],[-81.2329914838725,41.6103861688784],[-81.2329597204472,41.6102719702846],[-81.2329197346231,41.6101592359471],[-81.2328716446228,41.6100482990594],[-81.2328155926195,41.6099394875007],[-81.2327517443158,41.609833122867],[-81.2326213323255,41.609638721892]]]},"properties":{"source_county":"Geauga","jurisdiction":"Chardon Township","parcel_id":"06-120199","owner_name":"CAMPTON RIDGE LAND TRUST","property_address":"9590 CAMPTON RIDGE DR","property_city":"CHARDON","property_zip":"44024"}},{"type":"Feature","geometry":{"type":"Polygon","coordinates":[[[-81.2316815418807,41.6080605708016],[-81.231704323361,41.60806226203],[-81.231711522363,41.6080076410505],[-81.2316616343931,41.6080039367367],[-81.2316392424153,41.6079358349694],[-81.2331205379102,41.6076196912594],[-81.2334346506354,41.6084486927798],[-81.2320239088823,41.6087497792013],[-81.2319420616203,41.6086158905574],[-81.2318668048012,41.6084798414438],[-81.2317982394178,41.6083418145101],[-81.2317364574779,41.6082019950598],[-81.2316815418807,41.6080605708016]]]},"properties":{"source_county":"Geauga","jurisdiction":"Chardon Township","parcel_id":"06-120201","owner_name":"BEGOVIC JOHN M & KIMBERLY","property_address":"9660 CAMPTON RIDGE DR","property_city":"CHARDON","property_zip":"44024"}},{"type":"Feature","geometry":{"type":"Polygon","coordinates":[[[-81.2314698592034,41.6070461303007],[-81.2327959820155,41.60676310378],[-81.2331205379102,41.6076196912594],[-81.2316392424153,41.6079358349694],[-81.2316009032238,41.6078050356595],[-81.2315683899317,41.6076733505363],[-81.2315417385818,41.6075409257226],[-81.2315209787115,41.6074079081613],[-81.231493620113,41.607203107203],[-81.2314698592034,41.6070461303007]]]},"properties":{"source_county":"Geauga","jurisdiction":"Chardon Township","parcel_id":"06-120202","owner_name":"LARICCIA JOAN W TRUSTEE","property_address":"9690 CAMPTON RIDGE DR","property_city":"CHARDON","property_zip":"44024"}},{"type":"Feature","geometry":{"type":"Polygon","coordinates":[[[-81.231313278582,41.6064035203007],[-81.231337973667,41.6064190485498],[-81.2313849395768,41.6063769758871],[-81.2312833928092,41.6063131217806],[-81.2312303816061,41.6061657783808],[-81.2311911990212,41.6060654792985],[-81.2324313798663,41.6058007950991],[-81.2327959820155,41.60676310378],[-81.2314698592034,41.6070461303007],[-81.2314394903691,41.6068843349974],[-81.2314032519174,41.606723221711],[-81.2313611708663,41.6065629103689],[-81.231313278582,41.6064035203007]]]},"properties":{"source_county":"Geauga","jurisdiction":"Chardon Township","parcel_id":"06-120203","owner_name":"WRIGHT DAVID L & SHARON L","property_address":"9720 CAMPTON RIDGE DR","property_city":"CHARDON","property_zip":"44024"}},{"type":"Feature","geometry":{"type":"Polygon","coordinates":[[[-81.2308896689758,41.6053197258856],[-81.2308581181714,41.6052702096957],[-81.2307992698763,41.6052913323803],[-81.2307067472494,41.6051460090736],[-81.2320728377381,41.6048544543373],[-81.2324313798663,41.6058007950991],[-81.2311911990212,41.6060654792985],[-81.2311125410302,41.6058812361485],[-81.2310259954688,41.6056989959709],[-81.2309316527127,41.6055189489336],[-81.2308296112717,41.6053412829141],[-81.2308896689758,41.6053197258856]]]},"properties":{"source_county":"Geauga","jurisdiction":"Chardon Township","parcel_id":"06-120204","owner_name":"PARKER ANDREW J & PAMELA J","property_address":"9750 CAMPTON RIDGE DR","property_city":"CHARDON","property_zip":"44024"}},{"type":"Feature","geometry":{"type":"Polygon","coordinates":[[[-81.2301152361855,41.6043910483203],[-81.231763960724,41.6040391741787],[-81.231995596967,41.6046505776637],[-81.2320728377381,41.6048544543373],[-81.2307067472494,41.6051460090736],[-81.2305967476342,41.6049851496197],[-81.2304802552486,41.6048268862002],[-81.2303573787782,41.6046713664096],[-81.2302386079993,41.6045300878152],[-81.2301152361855,41.6043910483203]]]},"properties":{"source_county":"Geauga","jurisdiction":"Chardon Township","parcel_id":"06-120205","owner_name":"HARTOG ERIC W & GIBB LAURA R","property_address":"9780 CAMPTON RIDGE DR","property_city":"CHARDON","property_zip":"44024"}},{"type":"Feature","geometry":{"type":"Polygon","coordinates":[[[-81.229881775882,41.6036611033261],[-81.2314906426844,41.6033177365144],[-81.231763960724,41.6040391741787],[-81.2301152361855,41.6043910483203],[-81.2300555092049,41.604314317039],[-81.2300038364401,41.6042343599032],[-81.2299605250614,41.6041516522667],[-81.2299258325267,41.6040666858335],[-81.2298999650514,41.6039799657343],[-81.2298830763835,41.6038920075237],[-81.22987526689,41.6038033341148],[-81.2298755937736,41.6037321432434],[-81.229881775882,41.6036611033261]]]},"properties":{"source_county":"Geauga","jurisdiction":"Chardon Township","parcel_id":"06-120206","owner_name":"SCHOTT WILFRIED & LORI J","property_address":"9810 CAMPTON RIDGE DR","property_city":"CHARDON","property_zip":"44024"}},{"type":"Feature","geometry":{"type":"Polygon","coordinates":[[[-81.2320239088823,41.6087497792013],[-81.2334346506354,41.6084486927798],[-81.2337909809749,41.6093890893192],[-81.2326213323255,41.609638721892],[-81.2320699223818,41.6088197982032],[-81.2320239088823,41.6087497792013]]]},"properties":{"source_county":"Geauga","jurisdiction":"Chardon Township","parcel_id":"06-120207","owner_name":"MC GRAW SHAWN M & TINA L","property_address":"9630 CAMPTON RIDGE DR","property_city":"CHARDON","property_zip":"44024"}},{"type":"Feature","geometry":{"type":"Polygon","coordinates":[[[-81.2399760401341,41.6115734446291],[-81.2402673501088,41.6115729146496],[-81.2402903991806,41.6133906846465],[-81.2394972533611,41.6133921486966],[-81.239474226767,41.6115743551359],[-81.2399760401341,41.6115734446291]]]},"properties":{"source_county":"Geauga","jurisdiction":"Chardon Township","parcel_id":"06-120213","owner_name":"JORDAN GEORGE R JR & KELLY A","property_address":"11188 HOSFORD RD","property_city":"CHARDON","property_zip":"44024"}},{"type":"Feature","geometry":{"type":"Polygon","coordinates":[[[-81.2417907887478,41.611570131616],[-81.2428752471285,41.6115681381752],[-81.2428865404067,41.6125598107643],[-81.2411118769213,41.612563119803],[-81.2410992892467,41.6115713967095],[-81.2417907887478,41.611570131616]]]},"properties":{"source_county":"Geauga","jurisdiction":"Chardon Township","parcel_id":"06-120223","owner_name":"STRASHENSKY RONALD J & RENEE M","property_address":"11120 HOSFORD RD","property_city":"CHARDON","property_zip":"44024"}},{"type":"Feature","geometry":{"type":"Polygon","coordinates":[[[-81.2411118769213,41.612563119803],[-81.2428865404067,41.6125598107643],[-81.2428959486177,41.6133858355536],[-81.2411223618909,41.6133891422344],[-81.2411118769213,41.612563119803]]]},"properties":{"source_county":"Geauga","jurisdiction":"Chardon Township","parcel_id":"06-120224","owner_name":"NGUYEN LINH TOD & TRUONG DEENA TOD","property_address":"9483 AUBURN RD","property_city":"CHARDON","property_zip":"44024"}},{"type":"Feature","geometry":{"type":"Polygon","coordinates":[[[-81.2301599421242,41.6027344719477],[-81.2301540667728,41.6026797620942],[-81.2299989440552,41.6026891461221],[-81.229976572129,41.6026245317258],[-81.2299498664032,41.6025608513272],[-81.2310355035151,41.6023291506303],[-81.2310658083996,41.602547521167],[-81.231388906928,41.6030491967429],[-81.2314906426844,41.6033177365144],[-81.229881775882,41.6036611033261],[-81.2298972691186,41.6035747833246],[-81.2299214029731,41.603489587985],[-81.229954039584,41.6034060038568],[-81.2299901450469,41.6033140056957],[-81.2300172362763,41.6032202795336],[-81.2300351696891,41.6031253222518],[-81.2300438502534,41.6030296372565],[-81.2300432319907,41.6029337318094],[-81.2300333182195,41.6028381143385],[-81.2300141615365,41.6027432917434],[-81.2301599421242,41.6027344719477]]]},"properties":{"source_county":"Geauga","jurisdiction":"Chardon Township","parcel_id":"06-120227","owner_name":"LITTLEFIELD THOMAS W & SUSAN J","property_address":"9830 CAMPTON RIDGE DR","property_city":"CHARDON","property_zip":"44024"}},{"type":"Feature","geometry":{"type":"Polygon","coordinates":[[[-81.2295170639735,41.6018180155287],[-81.2294745997323,41.6017733303791],[-81.2293257684196,41.6018530134691],[-81.2292522305826,41.601770615817],[-81.2291828921159,41.6016861919042],[-81.2307461632395,41.6013525564881],[-81.2309888954586,41.6019933027416],[-81.2310355035151,41.6023291506303],[-81.2299498664032,41.6025608513272],[-81.2299099547008,41.6024818323608],[-81.2298633745767,41.6024048969538],[-81.229810317775,41.6023303617677],[-81.2297510026952,41.6022585335839],[-81.229685673493,41.6021897080409],[-81.2296145990751,41.6021241684178],[-81.2295289191852,41.6020508854266],[-81.2294467624509,41.6019753637207],[-81.2293682326108,41.601897698672],[-81.2295170639735,41.6018180155287]]]},"properties":{"source_county":"Geauga","jurisdiction":"Chardon Township","parcel_id":"06-120228","owner_name":"GARLOCK ROBERT M & PATRICIA E","property_address":"9860 CAMPTON RIDGE DR","property_city":"CHARDON","property_zip":"44024"}},{"type":"Feature","geometry":{"type":"Polygon","coordinates":[[[-81.2289119600068,41.6007844123519],[-81.230409839433,41.6004647322855],[-81.2304908684479,41.6006786327311],[-81.2307461632395,41.6013525564881],[-81.2291828921159,41.6016861919042],[-81.2290979924305,41.6015718930279],[-81.2290207892208,41.6014545596256],[-81.2289514744075,41.6013344834414],[-81.2288902202942,41.6012119630378],[-81.2288371791393,41.601087303053],[-81.228792482778,41.6009608134432],[-81.2287562422948,41.6008328087124],[-81.2289182867283,41.6008114284605],[-81.2289119600068,41.6007844123519]]]},"properties":{"source_county":"Geauga","jurisdiction":"Chardon Township","parcel_id":"06-120229","owner_name":"MIDYETTE JAMES EMERY III & RACHEL ANNE","property_address":"9900 CAMPTON RIDGE DR","property_city":"CHARDON","property_zip":"44024"}},{"type":"Feature","geometry":{"type":"Polygon","coordinates":[[[-81.2289119600068,41.6007844123519],[-81.2289056278003,41.6007573700687],[-81.228743582297,41.6007787502902],[-81.228724273114,41.6006790398424],[-81.2287100770985,41.6005788465483],[-81.2287010151501,41.6004783180806],[-81.2286916812932,41.6003939756651],[-81.2286748397074,41.600310292206],[-81.2286505661133,41.6002276438065],[-81.2286189696327,41.6001464019165],[-81.2285801922972,41.6000669316634],[-81.2285344084098,41.5999895902109],[-81.228481823761,41.5999147251541],[-81.2300240918856,41.5995855730276],[-81.2300739917833,41.5998290016372],[-81.2303619020152,41.6003381852454],[-81.230409839433,41.6004647322855],[-81.2289119600068,41.6007844123519]]]},"properties":{"source_county":"Geauga","jurisdiction":"Chardon Township","parcel_id":"06-120230","owner_name":"BRANDES THOMAS A & PATRICIA B","property_address":"9910 CAMPTON RIDGE DR","property_city":"CHARDON","property_zip":"44024"}},{"type":"Feature","geometry":{"type":"Polygon","coordinates":[[[-81.2246569204586,41.6001690955701],[-81.2264061822633,41.5997956263731],[-81.2264250761923,41.5998342322148],[-81.2264514441353,41.5998702850998],[-81.2264846938947,41.5999029753001],[-81.2265240787073,41.5999315686106],[-81.2258111226366,41.6013483413319],[-81.2255920387187,41.6011061336386],[-81.2253669977779,41.6008670232216],[-81.2251360775675,41.6006310926272],[-81.2248993578678,41.6003984233031],[-81.2246569204586,41.6001690955701]]]},"properties":{"source_county":"Geauga","jurisdiction":"Chardon Township","parcel_id":"06-120237","owner_name":"STARKE MICHAEL F","property_address":"9965 CAMPTON RIDGE DR","property_city":"CHARDON","property_zip":"44024"}},{"type":"Feature","geometry":{"type":"Polygon","coordinates":[[[-81.2258111813461,41.6013484068105],[-81.2258111226366,41.6013483413319],[-81.2265240787073,41.5999315686106],[-81.2265687060669,41.5999554188723],[-81.2266175799881,41.5999739963466],[-81.22666960323,41.5999868839603],[-81.2267236078454,41.5999937923797],[-81.2273215206124,41.6015724044994],[-81.2262056892694,41.6018106597306],[-81.2260111174269,41.6015782434713],[-81.2258111813461,41.6013484068105]]]},"properties":{"source_county":"Geauga","jurisdiction":"Chardon Township","parcel_id":"06-120238","owner_name":"MARTONCHIK JOHN","property_address":"9955 CAMPTON RIDGE DR","property_city":"CHARDON","property_zip":"44024"}},{"type":"Feature","geometry":{"type":"Polygon","coordinates":[[[-81.2280284137336,41.6014215537477],[-81.2272878196204,41.5994662769581],[-81.2273717448797,41.599474534302],[-81.2274540496367,41.5994893653774],[-81.2275647196124,41.5995188125721],[-81.2276718828551,41.5995548339691],[-81.2277748475382,41.5995971970224],[-81.2278729489361,41.5996456282457],[-81.2279655537158,41.5996998149769],[-81.2280520640245,41.5997594073969],[-81.2281260612599,41.599818856531],[-81.2281939874917,41.5998822573544],[-81.2282554693526,41.5999492613914],[-81.2283101688929,41.6000195003601],[-81.2283577854384,41.600092588197],[-81.2283980572434,41.6001681231788],[-81.2284307629297,41.6002456901304],[-81.2284557227039,41.600324862706],[-81.2284727993464,41.6004052057337],[-81.2284818989658,41.6004862776061],[-81.228491595838,41.6005936866546],[-81.2285068079137,41.6007007347862],[-81.2285275125548,41.600807262506],[-81.2282752614631,41.6008405434547],[-81.2282879198866,41.6008946019136],[-81.2285401723621,41.6008613218515],[-81.2285693773431,41.6009676576398],[-81.2286040741616,41.6010730596299],[-81.2286442102614,41.6011773680861],[-81.2286897248419,41.601280424929],[-81.228100444992,41.6014061822774],[-81.2280284137336,41.6014215537477]]]},"properties":{"source_county":"Geauga","jurisdiction":"Chardon Township","parcel_id":"06-120240","owner_name":"BACHNICKI DANIEL & SHELBY K","property_address":"9935 CAMPTON RIDGE DR","property_city":"CHARDON","property_zip":"44024"}},{"type":"Feature","geometry":{"type":"Polygon","coordinates":[[[-81.228100444992,41.6014061822774],[-81.2286897248419,41.601280424929],[-81.2287558699244,41.6014105368349],[-81.2288305853741,41.6015380082675],[-81.2289136849569,41.6016625214106],[-81.229004961532,41.601783765822],[-81.2281171065357,41.6019732722702],[-81.226481012064,41.6023224640164],[-81.2261714405604,41.601926311226],[-81.2262651778605,41.6018835548049],[-81.2262056892694,41.6018106597306],[-81.2273215206124,41.6015724044994],[-81.2280284137336,41.6014215537477],[-81.228100444992,41.6014061822774]]]},"properties":{"source_county":"Geauga","jurisdiction":"Chardon Township","parcel_id":"06-120241","owner_name":"MILLER NICHOLAS ALLAN & CRYSTAL BELIT","property_address":"9895 CAMPTON RIDGE DR","property_city":"CHARDON","property_zip":"44024"}},{"type":"Feature","geometry":{"type":"Polygon","coordinates":[[[-81.2269471162896,41.6027935779987],[-81.2267195013285,41.6024733239932],[-81.2266233681805,41.6025129712745],[-81.226481012064,41.6023224640164],[-81.2281171065357,41.6019732722702],[-81.229004961532,41.601783765822],[-81.2290741356706,41.6018671519434],[-81.2291471792392,41.6019486578731],[-81.2289386657782,41.6020602940518],[-81.2289811298398,41.6021049793929],[-81.2291896445701,41.6019933431528],[-81.2292723023838,41.6020752398965],[-81.22935878751,41.6021548788913],[-81.2294489905891,41.6022321594218],[-81.2294739563067,41.6022542852887],[-81.2281337667038,41.6025403243137],[-81.2269471162896,41.6027935779987]]]},"properties":{"source_county":"Geauga","jurisdiction":"Chardon Township","parcel_id":"06-120242","owner_name":"CSEPEGI CHRISTOPHER J & NIKKI M","property_address":"9875 CAMPTON RIDGE DR","property_city":"CHARDON","property_zip":"44024"}},{"type":"Feature","geometry":{"type":"Polygon","coordinates":[[[-81.2269471162896,41.6027935779987],[-81.2281337667038,41.6025403243137],[-81.2294739563067,41.6022542852887],[-81.2295423707353,41.6023213494628],[-81.2296040580259,41.6023919942704],[-81.2296586868591,41.6024658403068],[-81.2297059638202,41.6025424909734],[-81.229745634976,41.6026215346076],[-81.2297774872386,41.6027025466937],[-81.2295330770591,41.6027173329336],[-81.2295389518949,41.6027720428178],[-81.2297940678218,41.6027566090953],[-81.2281504282026,41.603107384362],[-81.2272784470965,41.6032934662854],[-81.2269471162896,41.6027935779987]]]},"properties":{"source_county":"Geauga","jurisdiction":"Chardon Township","parcel_id":"06-120243","owner_name":"ADAIR RITA & TIMOTHY","property_address":"9855 CAMPTON RIDGE DR","property_city":"CHARDON","property_zip":"44024"}},{"type":"Feature","geometry":{"type":"Polygon","coordinates":[[[-81.2281504282026,41.603107384362],[-81.2297940678218,41.6027566090953],[-81.2298124913786,41.6028392016839],[-81.2298228731943,41.602922580571],[-81.2298251583862,41.6030063052273],[-81.2298193348496,41.6030899332951],[-81.2298054333223,41.6031730229255],[-81.2297835272225,41.6032551351125],[-81.2297537322624,41.603335836013],[-81.228167088983,41.6036744343831],[-81.2275838644197,41.6037988913114],[-81.2272784470965,41.6032934662854],[-81.2281504282026,41.603107384362]]]},"properties":{"source_county":"Geauga","jurisdiction":"Chardon Township","parcel_id":"06-120244","owner_name":"GODEK AIMEE & BRIAN C CO TRUSTEES","property_address":"9835 CAMPTON RIDGE DR","property_city":"CHARDON","property_zip":"44024"}},{"type":"Feature","geometry":{"type":"Polygon","coordinates":[[[-81.246071494291,41.6064886209724],[-81.2474183588232,41.6064642798281],[-81.2460705708293,41.6065924998979],[-81.2459719148532,41.6066018843316],[-81.2458362108951,41.6064928712428],[-81.246071494291,41.6064886209724]]]},"properties":{"source_county":"Geauga","jurisdiction":"Chardon Township","parcel_id":"06-120258","owner_name":"CALVELAGE ANTHONY J & ELIZABETH N","property_address":" MENTOR RD","property_city":"CHARDON","property_zip":"44024"}},{"type":"Feature","geometry":{"type":"Polygon","coordinates":[[[-81.2472525206964,41.6060533658511],[-81.2477324959738,41.6059573306559],[-81.2477566224861,41.6064643230173],[-81.2474183588232,41.6064642798281],[-81.2472525206964,41.6060533658511]]]},"properties":{"source_county":"Geauga","jurisdiction":"Chardon Township","parcel_id":"06-120259","owner_name":"CALVELAGE ANTHONY J & ELIZABETH N","property_address":" MENTOR RD","property_city":"CHARDON","property_zip":"44024"}},{"type":"Feature","geometry":{"type":"Polygon","coordinates":[[[-81.2389500722893,41.6115753046817],[-81.2394742255674,41.6115743551229],[-81.2394972533611,41.6133921486966],[-81.2388955367512,41.6136399011011],[-81.2376858088483,41.6141379819751],[-81.2375519634255,41.6141382263008],[-81.2373215106721,41.6130145193909],[-81.237200521051,41.6125380261616],[-81.2370536213833,41.6117429507348],[-81.2370529713143,41.6115787210827],[-81.2389500722893,41.6115753046817]]]},"properties":{"source_county":"Geauga","jurisdiction":"Chardon Township","parcel_id":"06-120284","owner_name":"SMITH TIMOTHY J & SANDRA A","property_address":"11230 HOSFORD RD","property_city":"CHARDON","property_zip":"44024"}},{"type":"Feature","geometry":{"type":"Polygon","coordinates":[[[-81.2382302121189,41.6107819932318],[-81.238215051065,41.6096840592772],[-81.2374837130872,41.6096853617018],[-81.2374783565683,41.6092971303698],[-81.2374597242964,41.607946724358],[-81.2384891368076,41.6079501436468],[-81.2385548780289,41.6079503611928],[-81.2385751220628,41.6093793634954],[-81.23860624234,41.6115759258183],[-81.2380583224666,41.6115769141254],[-81.2382302121189,41.6107819932318]]]},"properties":{"source_county":"Geauga","jurisdiction":"Chardon Township","parcel_id":"06-120413","owner_name":"DORSETT TERRY E TOD & DANFORTH CLAUDIA L AKA DORSETT CLAUDIA L TOD","property_address":" HOSFORD RD","property_city":"CHARDON","property_zip":"44024"}},{"type":"Feature","geometry":{"type":"Polygon","coordinates":[[[-81.2346223147736,41.6115828405662],[-81.2349349819057,41.6124082044453],[-81.2330429270031,41.6124115079281],[-81.2330420159727,41.6123540664853],[-81.2330404918026,41.6118600815643],[-81.2330426550949,41.6118410155532],[-81.2330491970734,41.6118225211138],[-81.2330599189606,41.6118051601878],[-81.2330744949762,41.611789460275],[-81.2330924822356,41.6117758984062],[-81.233113334207,41.6117648866491],[-81.2331364173173,41.6117567595878],[-81.2331610302031,41.6117517641569],[-81.2331864250201,41.6117500521389],[-81.2331861558027,41.611667752811],[-81.2331858940498,41.6115876714371],[-81.2331858866061,41.6115853904476],[-81.2346223147736,41.6115828405662]]]},"properties":{"source_county":"Geauga","jurisdiction":"Chardon Township","parcel_id":"06-120417","owner_name":"SORINE ANTHONY P TOD & CATHY M TOD","property_address":"9500 RORYANNA DR","property_city":"CHARDON","property_zip":"44024"}},{"type":"Feature","geometry":{"type":"Polygon","coordinates":[[[-81.2315848105298,41.6126851577879],[-81.2315830383138,41.6115882105604],[-81.2315830383398,41.6115880853943],[-81.2318759575298,41.6115875733026],[-81.2326739328156,41.6115862799075],[-81.23267393445,41.6115869390745],[-81.2326742022222,41.6116685981579],[-81.2326744711413,41.611750941614],[-81.2326991426507,41.6117524710055],[-81.2327231171817,41.6117571008125],[-81.2327457080506,41.6117646984272],[-81.2327662682041,41.6117750462369],[-81.2327842087526,41.6117878478572],[-81.2327990158367,41.6118027366211],[-81.2328102653457,41.6118192860805],[-81.2328176350653,41.6118370222211],[-81.2328209139065,41.6118554370389],[-81.2328231617135,41.6124047956911],[-81.2328288924945,41.6125439998318],[-81.2328407725229,41.612682984723],[-81.2315848105298,41.6126851577879]]]},"properties":{"source_county":"Geauga","jurisdiction":"Chardon Township","parcel_id":"06-120418","owner_name":"SZALAY ROBERT N & TAMMY J","property_address":"9505 RORYANNA DR","property_city":"CHARDON","property_zip":"44024"}},{"type":"Feature","geometry":{"type":"Polygon","coordinates":[[[-81.2315102243081,41.6115882126627],[-81.2315830383398,41.6115880853943],[-81.2315830383138,41.6115882105604],[-81.2315848105298,41.6126851577879],[-81.2303890152275,41.6126872146462],[-81.2303888392024,41.6125772212431],[-81.2303872633526,41.6115908085915],[-81.2303993765608,41.6115907806517],[-81.2311254011136,41.6115889783008],[-81.2315102243081,41.6115882126627]]]},"properties":{"source_county":"Geauga","jurisdiction":"Chardon Township","parcel_id":"06-120419","owner_name":"MULLINS JOSHUA & LAUREN","property_address":"11420 HOSFORD RD","property_city":"CHARDON","property_zip":"44024"}},{"type":"Feature","geometry":{"type":"Polygon","coordinates":[[[-81.2330429270031,41.6124115079281],[-81.2349349819057,41.6124082044453],[-81.2350614956067,41.6127491306603],[-81.235184606083,41.6130907579465],[-81.2331358235123,41.6130943382441],[-81.2331047041041,41.6129588974103],[-81.2330798289155,41.6128227315667],[-81.2330612275169,41.6126860027933],[-81.2330489220102,41.612548873839],[-81.2330429270031,41.6124115079281]]]},"properties":{"source_county":"Geauga","jurisdiction":"Chardon Township","parcel_id":"06-120451","owner_name":"CARDINA PHILIP M &KRISTEN MICHELLE","property_address":"9480 RORYANNA DR","property_city":"CHARDON","property_zip":"44024"}},{"type":"Feature","geometry":{"type":"Polygon","coordinates":[[[-81.2331358235123,41.6130943382441],[-81.235184606083,41.6130907579465],[-81.2353174807405,41.6134713909396],[-81.2354461305476,41.6138528405656],[-81.2334269748951,41.613856373147],[-81.2333419796274,41.6136735289055],[-81.2332796168747,41.6135310101395],[-81.2332244198994,41.6133868365476],[-81.2331764663073,41.6132412109591],[-81.2331358235123,41.6130943382441]]]},"properties":{"source_county":"Geauga","jurisdiction":"Chardon Township","parcel_id":"06-120452","owner_name":"LEININGER NEIL J TOD & KIMBERLY A TOD","property_address":"9460 RORYANNA DR","property_city":"CHARDON","property_zip":"44024"}},{"type":"Feature","geometry":{"type":"Polygon","coordinates":[[[-81.2334269748951,41.613856373147],[-81.2354461305476,41.6138528405656],[-81.2355519242589,41.6141769796858],[-81.235654666989,41.6145016711114],[-81.2335665595576,41.6145053277862],[-81.2335705701704,41.6144037960311],[-81.2335651338361,41.6143023016334],[-81.2335502770806,41.6142013390078],[-81.2335260723195,41.6141013999769],[-81.2334926375042,41.6140029713743],[-81.2334501355463,41.613906532674],[-81.2334269748951,41.613856373147]]]},"properties":{"source_county":"Geauga","jurisdiction":"Chardon Township","parcel_id":"06-120453","owner_name":"SWOPE CORTNEY & STEVEN","property_address":"9430 RORYANNA DR","property_city":"CHARDON","property_zip":"44024"}},{"type":"Feature","geometry":{"type":"Polygon","coordinates":[[[-81.2335665595576,41.6145053277862],[-81.235654666989,41.6145016711114],[-81.2357439632157,41.6147925016595],[-81.2358308112855,41.6150837494622],[-81.2333482509563,41.6150880967069],[-81.2334069817858,41.6149965381895],[-81.2334570558576,41.6149021273956],[-81.2334982290921,41.6148053245898],[-81.2335303008051,41.614706601696],[-81.2335531146858,41.6146064399966],[-81.2335665595576,41.6145053277862]]]},"properties":{"source_county":"Geauga","jurisdiction":"Chardon Township","parcel_id":"06-120454","owner_name":"ZEIGER SCOTT CHARLES & ALLISON","property_address":"9400 RORYANNA DR","property_city":"CHARDON","property_zip":"44024"}},{"type":"Feature","geometry":{"type":"Polygon","coordinates":[[[-81.2333482558073,41.6150880940583],[-81.2358308112855,41.6150837494622],[-81.2359868859747,41.6156303590955],[-81.2352550075438,41.615631646839],[-81.2328167453405,41.6156359040547],[-81.233158367703,41.6153085326889],[-81.2332275232851,41.615237958613],[-81.2332908958371,41.6151643902341],[-81.2333482558073,41.6150880940583]]]},"properties":{"source_county":"Geauga","jurisdiction":"Chardon Township","parcel_id":"06-120455","owner_name":"STILLIANA JOHN J & CARLA M","property_address":"9380 RORYANNA DR","property_city":"CHARDON","property_zip":"44024"}},{"type":"Feature","geometry":{"type":"Polygon","coordinates":[[[-81.2328167453405,41.6156359040547],[-81.2352550075438,41.615631646839],[-81.2352567201271,41.6161805187345],[-81.2323092064892,41.6161856588001],[-81.232355150722,41.6161139644853],[-81.2324069056852,41.6160445355672],[-81.2324642738989,41.6159776369394],[-81.2325270364691,41.6159135238407],[-81.2328167453405,41.6156359040547]]]},"properties":{"source_county":"Geauga","jurisdiction":"Chardon Township","parcel_id":"06-120456","owner_name":"GRECO VICTOR S & PATRICIA","property_address":"9360 RORYANNA DR","property_city":"CHARDON","property_zip":"44024"}},{"type":"Feature","geometry":{"type":"Polygon","coordinates":[[[-81.2323092064892,41.6161856588001],[-81.2352567201271,41.6161805187345],[-81.2352584327565,41.6167293896266],[-81.2321618481309,41.6167347884924],[-81.2321638670693,41.616640711336],[-81.2321750299569,41.6165469956208],[-81.232195277219,41.6164541411652],[-81.2322245008321,41.6163626431921],[-81.2322625449007,41.616272989688],[-81.2323092064892,41.6161856588001]]]},"properties":{"source_county":"Geauga","jurisdiction":"Chardon Township","parcel_id":"06-120457","owner_name":"PENNELL ERIN & RICHARD","property_address":"9340 RORYANNA DR","property_city":"CHARDON","property_zip":"44024"}},{"type":"Feature","geometry":{"type":"Polygon","coordinates":[[[-81.2321618481309,41.6167347884924],[-81.2352584327565,41.6167293896266],[-81.2352601441976,41.6172782613031],[-81.2344738627715,41.617279640219],[-81.2326777015811,41.6172827696488],[-81.2324057767357,41.6172420281321],[-81.2324207007462,41.6172081249893],[-81.2324275924354,41.6171727965399],[-81.2324262444293,41.6171371058993],[-81.232416697306,41.6171021270805],[-81.2323992383725,41.6170689126745],[-81.2323743930177,41.6170384621755],[-81.2323429089016,41.6170116919045],[-81.232305733455,41.6169894074354],[-81.2322639853692,41.6169722793543],[-81.232242203765,41.616963376933],[-81.2322227394589,41.6169518410698],[-81.2322061520096,41.6169380033978],[-81.2321929182709,41.616922261722],[-81.2321834186832,41.6169050685837],[-81.2321779263371,41.6168869182502],[-81.2321668827096,41.6168110321883],[-81.2321618481309,41.6167347884924]]]},"properties":{"source_county":"Geauga","jurisdiction":"Chardon Township","parcel_id":"06-120458","owner_name":"PATERNITI CARMEN J TRUSTEE","property_address":"9320 RORYANNA DR","property_city":"CHARDON","property_zip":"44024"}},{"type":"Feature","geometry":{"type":"Polygon","coordinates":[[[-81.2324057767357,41.6172420281321],[-81.2326777015811,41.6172827696488],[-81.2344738627715,41.617279640219],[-81.2344769879121,41.6182853093428],[-81.2344776194488,41.6184886389144],[-81.2337055138829,41.6184899870605],[-81.2333870381578,41.6190117634591],[-81.2322516692131,41.617353033511],[-81.2322912382219,41.6173388751913],[-81.2323272959058,41.6173201670636],[-81.2323589211584,41.6172973870356],[-81.2323853061041,41.6172711170326],[-81.2324057767357,41.6172420281321]]]},"properties":{"source_county":"Geauga","jurisdiction":"Chardon Township","parcel_id":"06-120459","owner_name":"POHL ERIC J TOD & ANGELA TOD","property_address":"9310 RORYANNA DR","property_city":"CHARDON","property_zip":"44024"}},{"type":"Feature","geometry":{"type":"Polygon","coordinates":[[[-81.231827586485,41.6191056568597],[-81.2320381769032,41.6173474122515],[-81.2320792810508,41.6173588497561],[-81.2321222885212,41.617365226754],[-81.2321661005669,41.6173663803266],[-81.232209597885,41.6173622810026],[-81.2322516692131,41.617353033511],[-81.2333870381578,41.6190117634591],[-81.2330179933396,41.6191366860639],[-81.2319208230335,41.6191354579051],[-81.231827586485,41.6191056568597]]]},"properties":{"source_county":"Geauga","jurisdiction":"Chardon Township","parcel_id":"06-120460","owner_name":"DOYLE KRISTIN A","property_address":"9300 RORYANNA DR","property_city":"CHARDON","property_zip":"44024"}},{"type":"Feature","geometry":{"type":"Polygon","coordinates":[[[-81.2310828085918,41.6179370120688],[-81.2318948045694,41.617228551958],[-81.2319125064431,41.6172586518492],[-81.2319363735487,41.6172862505008],[-81.23196579601,41.6173106426758],[-81.23200002199,41.6173312050722],[-81.2320381769032,41.6173474122515],[-81.231827586485,41.6191056568597],[-81.2318108864155,41.6192450851552],[-81.2310794387437,41.6192442599412],[-81.2310808535173,41.6186953881067],[-81.2310828085918,41.6179370120688]]]},"properties":{"source_county":"Geauga","jurisdiction":"Chardon Township","parcel_id":"06-120461","owner_name":"CORMIEA SCOTT C & SHARON L","property_address":"9305 RORYANNA DR","property_city":"CHARDON","property_zip":"44024"}},{"type":"Feature","geometry":{"type":"Polygon","coordinates":[[[-81.2310828085918,41.6179370120688],[-81.2310836854817,41.6175967112626],[-81.2297754154423,41.6176025872189],[-81.2294741286716,41.617603938425],[-81.2294755562147,41.61705503838],[-81.2297779229147,41.6170536827927],[-81.2319278899135,41.617044019238],[-81.2319064016663,41.6170718561883],[-81.2318909585228,41.6171018664502],[-81.2318819380471,41.6171333163292],[-81.2318795607826,41.6171654369339],[-81.2318838848588,41.6171974429737],[-81.2318948045694,41.617228551958],[-81.2310828085918,41.6179370120688]]]},"properties":{"source_county":"Geauga","jurisdiction":"Chardon Township","parcel_id":"06-120462","owner_name":"SCIPIONE ADAM & KERCHANSKY ALICIA","property_address":"9315 RORYANNA DR","property_city":"CHARDON","property_zip":"44024"}},{"type":"Feature","geometry":{"type":"Polygon","coordinates":[[[-81.2311768806043,41.6164985064643],[-81.2319631146017,41.6164949675846],[-81.231949125915,41.6165846296528],[-81.2319425747257,41.616674770173],[-81.2319434862898,41.6167650420594],[-81.2319518571283,41.6168550977196],[-81.2319676550397,41.616944590392],[-81.2319704662315,41.6169624627735],[-81.2319693603087,41.6169804400802],[-81.2319643668102,41.6169980420894],[-81.2319556191229,41.6170147986034],[-81.2319433509189,41.6170302620098],[-81.2319278899135,41.617044019238],[-81.2297779229147,41.6170536827927],[-81.2294755562147,41.61705503838],[-81.229476252436,41.6167875181902],[-81.2294769849161,41.6165061391453],[-81.2297804315448,41.6165047782765],[-81.2303650204005,41.6165021544687],[-81.2311768806043,41.6164985064643]]]},"properties":{"source_county":"Geauga","jurisdiction":"Chardon Township","parcel_id":"06-120463","owner_name":"TIERNEY JAMES L II & KATHERINE S","property_address":"9335 RORYANNA DR","property_city":"CHARDON","property_zip":"44024"}},{"type":"Feature","geometry":{"type":"Polygon","coordinates":[[[-81.2311768806043,41.6164985064643],[-81.2311807930949,41.6149797135224],[-81.2313286691682,41.6150302432399],[-81.2314727913136,41.615086551096],[-81.2316127589689,41.6151484805966],[-81.2317481831147,41.615215859623],[-81.2318786873561,41.6152885009101],[-81.2323969462435,41.6155930717318],[-81.2324153489252,41.6156059489759],[-81.2324305386536,41.6156210023734],[-81.2324420660009,41.6156377865325],[-81.232449589899,41.6156558048521],[-81.2324528877311,41.6156745242154],[-81.2324518619191,41.6156933907625],[-81.2324465428105,41.6157118462785],[-81.2324370877811,41.6157293447096],[-81.2324237765797,41.6157453683191],[-81.2323336590933,41.6158321222929],[-81.232263804597,41.6159062328771],[-81.2322002451392,41.6159834684861],[-81.2321432281983,41.6160635284189],[-81.2320929757833,41.6161461009772],[-81.232049683569,41.6162308646791],[-81.2320135201338,41.6163174895109],[-81.2319846263034,41.6164056382111],[-81.2319631146017,41.6164949675846],[-81.2311768806043,41.6164985064643]]]},"properties":{"source_county":"Geauga","jurisdiction":"Chardon Township","parcel_id":"06-120464","owner_name":"MC GILL PAUL E & ECKART KATHRYN E","property_address":"9355 RORYANNA DR","property_city":"CHARDON","property_zip":"44024"}},{"type":"Feature","geometry":{"type":"Polygon","coordinates":[[[-81.2303650204005,41.6165021544687],[-81.2303693899622,41.6148144918942],[-81.2305360088746,41.6148340908616],[-81.2307009493531,41.614860501681],[-81.2308637172896,41.6148936452345],[-81.231023825082,41.6149334222346],[-81.2311807930949,41.6149797135224],[-81.2311768806043,41.6164985064643],[-81.2303650204005,41.6165021544687]]]},"properties":{"source_county":"Geauga","jurisdiction":"Chardon Township","parcel_id":"06-120465","owner_name":"JECKERING SCOTT A","property_address":"11420 GLENMORA DR","property_city":"CHARDON","property_zip":"44024"}},{"type":"Feature","geometry":{"type":"Polygon","coordinates":[[[-81.229631489408,41.6161556267814],[-81.2296351423519,41.6147508956575],[-81.2297883740965,41.6147663515286],[-81.2300116169238,41.6147863777425],[-81.2303138129935,41.6148094795527],[-81.2303693899622,41.6148144918942],[-81.2303650204005,41.6165021544687],[-81.2297804315448,41.6165047782765],[-81.2294769849161,41.6165061391453],[-81.2294778954074,41.6161563159253],[-81.229631489408,41.6161556267814]]]},"properties":{"source_county":"Geauga","jurisdiction":"Chardon Township","parcel_id":"06-120466","owner_name":"SANBORN COREY M","property_address":"11440 GLENMORA DR","property_city":"CHARDON","property_zip":"44024"}},{"type":"Feature","geometry":{"type":"Polygon","coordinates":[[[-81.2287327804762,41.6161596538314],[-81.2287367621703,41.6146363252319],[-81.2290350346065,41.6146796409668],[-81.2293345466658,41.61471783774],[-81.2296351423519,41.6147508956575],[-81.229631489408,41.6161556267814],[-81.2294778954074,41.6161563159253],[-81.2287327804762,41.6161596538314]]]},"properties":{"source_county":"Geauga","jurisdiction":"Chardon Township","parcel_id":"06-120467","owner_name":"WILKINSON MATTHEW W & TRACEY A","property_address":"11460 GLENMORA DR","property_city":"CHARDON","property_zip":"44024"}},{"type":"Feature","geometry":{"type":"Polygon","coordinates":[[[-81.2279099534206,41.6161633339624],[-81.2279143420431,41.6144922683923],[-81.2281871964096,41.6145443595146],[-81.228461372314,41.6145923847429],[-81.2287367621703,41.6146363252319],[-81.2287327804762,41.6161596538314],[-81.2279099534206,41.6161633339624]]]},"properties":{"source_county":"Geauga","jurisdiction":"Chardon Township","parcel_id":"06-120468","owner_name":"HALLAM BRAD & KATIE","property_address":"11480 GLENMORA DR","property_city":"CHARDON","property_zip":"44024"}},{"type":"Feature","geometry":{"type":"Polygon","coordinates":[[[-81.2271584384204,41.616166690772],[-81.2271632403622,41.6143461062334],[-81.2279143420431,41.6144922683923],[-81.2279099534206,41.6161633339624],[-81.2271584384204,41.616166690772]]]},"properties":{"source_county":"Geauga","jurisdiction":"Chardon Township","parcel_id":"06-120469","owner_name":"TURK JOHN A & KRISTINA WANDEL","property_address":"11500 GLENMORA DR","property_city":"CHARDON","property_zip":"44024"}},{"type":"Feature","geometry":{"type":"Polygon","coordinates":[[[-81.2267107876456,41.6142580572006],[-81.2271632403622,41.6143461062334],[-81.2271584384204,41.616166690772],[-81.2263909782069,41.6161701129045],[-81.2264125618936,41.6151847172682],[-81.2264148493149,41.6143213343032],[-81.2264602072068,41.6143185636618],[-81.2265043300326,41.6143102021368],[-81.2265460027698,41.6142964799817],[-81.2265840778666,41.6142777750673],[-81.2266026699408,41.6142685080312],[-81.2266229242634,41.6142614715234],[-81.2266443692992,41.6142568293586],[-81.2266665057932,41.6142546896097],[-81.2266888183927,41.6142551020913],[-81.2267107876456,41.6142580572006]]]},"properties":{"source_county":"Geauga","jurisdiction":"Chardon Township","parcel_id":"06-120470","owner_name":"GLENMORA DRIVE LLC","property_address":"11520 GLENMORA DR","property_city":"CHARDON","property_zip":"44024"}},{"type":"Feature","geometry":{"type":"Polygon","coordinates":[[[-81.2242447568832,41.6148410771982],[-81.2261946163182,41.6142376712981],[-81.2262225071726,41.6142618661529],[-81.2262550575405,41.6142825249647],[-81.2262914809028,41.6142991485494],[-81.2263308971538,41.6143113352267],[-81.2263723538682,41.6143187905262],[-81.2264148493149,41.6143213343032],[-81.2264125618936,41.6151847172682],[-81.2242853595746,41.6152928709662],[-81.2242447568832,41.6148410771982]]]},"properties":{"source_county":"Geauga","jurisdiction":"Chardon Township","parcel_id":"06-120471","owner_name":"WICKMAN DAVID & CHELSEA","property_address":"11540 GLENMORA DR","property_city":"CHARDON","property_zip":"44024"}},{"type":"Feature","geometry":{"type":"Polygon","coordinates":[[[-81.2242447568832,41.6148410771982],[-81.2241313992517,41.6135796944609],[-81.2261536383526,41.6140539407679],[-81.2261440415753,41.6140853117185],[-81.2261410818217,41.6141174220066],[-81.2261448315373,41.6141494857809],[-81.2261551989629,41.6141807183274],[-81.2261719303798,41.6142103552741],[-81.2261946163182,41.6142376712981],[-81.2242447568832,41.6148410771982]]]},"properties":{"source_county":"Geauga","jurisdiction":"Chardon Township","parcel_id":"06-120472","owner_name":"BRINKMAN DAVID R & ANGELA L","property_address":"11550 GLENMORA DR","property_city":"CHARDON","property_zip":"44024"}},{"type":"Feature","geometry":{"type":"Polygon","coordinates":[[[-81.2261536383526,41.6140539407679],[-81.2241313992517,41.6135796944609],[-81.2241189725587,41.6134414175261],[-81.2242887180308,41.6134180262998],[-81.2249016227891,41.6133335626188],[-81.2255510721942,41.6132440585293],[-81.2262348750391,41.6131498162767],[-81.2264862918384,41.6131151650982],[-81.2264875248286,41.6139169421132],[-81.2264416180023,41.6139106297319],[-81.2263949496699,41.6139102505585],[-81.226348871492,41.6139158155749],[-81.2263047180372,41.6139271636009],[-81.2262637681294,41.6139439659618],[-81.2262272078102,41.6139657360083],[-81.2261960959878,41.6139918432103],[-81.2261713337674,41.6140215314192],[-81.2261536383526,41.6140539407679]]]},"properties":{"source_county":"Geauga","jurisdiction":"Chardon Township","parcel_id":"06-120473","owner_name":"MELKERSON ERIC RAY","property_address":"11545 GLENMORA DR","property_city":"CHARDON","property_zip":"44024"}},{"type":"Feature","geometry":{"type":"Polygon","coordinates":[[[-81.2269625320748,41.6130495255883],[-81.2277812977375,41.6129366711641],[-81.2277834169109,41.6142966824019],[-81.2267658641701,41.6140986674704],[-81.2267447498997,41.6140932383009],[-81.226724982039,41.6140854617077],[-81.2267070207976,41.6140755187355],[-81.2266912843252,41.6140636408639],[-81.2266781389767,41.614050104618],[-81.2266678907831,41.6140352251311],[-81.2266489786448,41.6140076931772],[-81.226624774468,41.6139826032179],[-81.2265958265894,41.6139605236513],[-81.2265627908098,41.6139419546763],[-81.2265264155362,41.613927316961],[-81.2264875248286,41.6139169421132],[-81.2264862918384,41.6131151650982],[-81.2269625320748,41.6130495255883]]]},"properties":{"source_county":"Geauga","jurisdiction":"Chardon Township","parcel_id":"06-120474","owner_name":"BREWER STEVE & MICHELE TOD","property_address":"11525 GLENMORA DR","property_city":"CHARDON","property_zip":"44024"}},{"type":"Feature","geometry":{"type":"Polygon","coordinates":[[[-81.2281018739896,41.6128924829833],[-81.2289264202842,41.612778822942],[-81.2289291278295,41.6144968294725],[-81.2286342637276,41.6144522670653],[-81.228340802725,41.6144027632925],[-81.2280488918601,41.6143483429584],[-81.2277834169109,41.6142966824019],[-81.2277812977375,41.6129366711641],[-81.2281018739896,41.6128924829833]]]},"properties":{"source_county":"Geauga","jurisdiction":"Chardon Township","parcel_id":"06-120475","owner_name":"SOPCHAK WILLIAM J & LINDA","property_address":"11485 GLENMORA DR","property_city":"CHARDON","property_zip":"44024"}},{"type":"Feature","geometry":{"type":"Polygon","coordinates":[[[-81.2291684415556,41.6127454607588],[-81.2296576314779,41.612678023951],[-81.2296606600028,41.6145873247818],[-81.2294160269228,41.614560827429],[-81.2291721502445,41.6145306582906],[-81.2289291278295,41.6144968294725],[-81.2289264202842,41.612778822942],[-81.2291684415556,41.6127454607588]]]},"properties":{"source_county":"Geauga","jurisdiction":"Chardon Township","parcel_id":"06-120476","owner_name":"SIVULA KELLY P TRUSTEE","property_address":"11465 GLENMORA DR","property_city":"CHARDON","property_zip":"44024"}},{"type":"Feature","geometry":{"type":"Polygon","coordinates":[[[-81.2297980039715,41.6126586727263],[-81.2303888392024,41.6125772212431],[-81.2303890152275,41.6126872146462],[-81.2303898913718,41.6132360883773],[-81.2303907687304,41.6137849620188],[-81.2303921522684,41.6146506584551],[-81.230333260644,41.6146454298126],[-81.2300357579125,41.6146227152112],[-81.2297891320482,41.6146005604623],[-81.2296606600028,41.6145873247818],[-81.2296576314779,41.612678023951],[-81.2297980039715,41.6126586727263]]]},"properties":{"source_county":"Geauga","jurisdiction":"Chardon Township","parcel_id":"06-120477","owner_name":"PHILLIPS ERIKA L TRUSTEE","property_address":"11435 GLENMORA DR","property_city":"CHARDON","property_zip":"44024"}},{"type":"Feature","geometry":{"type":"Polygon","coordinates":[[[-81.2303907687304,41.6137849620188],[-81.2322449403231,41.6137817670586],[-81.2317141921479,41.6150019283926],[-81.2315615431349,41.6149352481049],[-81.2314043703125,41.6148747756255],[-81.2312431215422,41.6148206832654],[-81.2310782562961,41.614773125156],[-81.2309102443475,41.6147322368093],[-81.2307395644334,41.6146981347324],[-81.2305667028902,41.6146709160956],[-81.2303921522684,41.6146506584551],[-81.2303907687304,41.6137849620188]]]},"properties":{"source_county":"Geauga","jurisdiction":"Chardon Township","parcel_id":"06-120478","owner_name":"REMINDER JAMES L","property_address":"11415 GLENMORA DR","property_city":"CHARDON","property_zip":"44024"}},{"type":"Feature","geometry":{"type":"Polygon","coordinates":[[[-81.2322449403231,41.6137817670586],[-81.2331591722002,41.6137801813455],[-81.2332552615568,41.6139868886092],[-81.2332915278784,41.6140748898891],[-81.2333193328029,41.6141646091343],[-81.2333385344924,41.6142555887839],[-81.2333490349834,41.6143473648471],[-81.2333507806873,41.6144394692697],[-81.2333437626641,41.6145314323207],[-81.2333280166688,41.6146227849885],[-81.2333036229702,41.6147130613722],[-81.2332707059417,41.6148018010583],[-81.2332294334281,41.6148885514688],[-81.23318001589,41.6149728701692],[-81.2331227053313,41.6150543271253],[-81.2330577940141,41.6151325068966],[-81.2329856129689,41.6152070107554],[-81.2327375921227,41.615444685732],[-81.2327205829549,41.6154583934216],[-81.2327007160435,41.6154697316063],[-81.2326785697735,41.615478370197],[-81.2326547888896,41.6154840576979],[-81.2326300657259,41.6154866285286],[-81.2326051200496,41.6154860078442],[-81.2325806781057,41.6154822137147],[-81.2325574514743,41.6154753565989],[-81.232536116353,41.6154656361285],[-81.2319806997832,41.6151395614176],[-81.2318496888159,41.6150682990408],[-81.2317141921479,41.6150019283926],[-81.2322449403231,41.6137817670586]]]},"properties":{"source_county":"Geauga","jurisdiction":"Chardon Township","parcel_id":"06-120479","owner_name":"LANG STEPHEN J & PAMELA J","property_address":"11385 GLENMORA DR","property_city":"CHARDON","property_zip":"44024"}},{"type":"Feature","geometry":{"type":"Polygon","coordinates":[[[-81.2303898913718,41.6132360883773],[-81.2329488332843,41.613231671722],[-81.2329922711442,41.6133706923821],[-81.2330418445605,41.6135085522693],[-81.2330974987492,41.6136450989259],[-81.2331591722002,41.6137801813455],[-81.2322449403231,41.6137817670586],[-81.2303907687304,41.6137849620188],[-81.2303898913718,41.6132360883773]]]},"properties":{"source_county":"Geauga","jurisdiction":"Chardon Township","parcel_id":"06-120480","owner_name":"HOHS ROMONA ANN AKA RAMONA ANN TOD","property_address":"9455 RORYANNA DR","property_city":"CHARDON","property_zip":"44024"}},{"type":"Feature","geometry":{"type":"Polygon","coordinates":[[[-81.2315848105298,41.6126851577879],[-81.2328407725229,41.612682984723],[-81.2328587090336,41.6128210868799],[-81.232882716553,41.6129586688209],[-81.2329127688984,41.6130955802799],[-81.2329488332843,41.613231671722],[-81.2303898913718,41.6132360883773],[-81.2303890152275,41.6126872146462],[-81.2315848105298,41.6126851577879]]]},"properties":{"source_county":"Geauga","jurisdiction":"Chardon Township","parcel_id":"06-120481","owner_name":"FIORTA TIMOTHY & CATHERINE","property_address":"9475 RORYANNA DR","property_city":"CHARDON","property_zip":"44024"}},{"type":"Feature","geometry":{"type":"Polygon","coordinates":[[[-81.2360165294463,41.6217644142818],[-81.2372766578143,41.6217650695918],[-81.237278544376,41.6217750160056],[-81.2378728600129,41.6249084557513],[-81.2373675815534,41.6249056926378],[-81.2373223961514,41.6249054457899],[-81.2371968033174,41.6245711532705],[-81.237065348968,41.6242381320005],[-81.236928056034,41.6239064398463],[-81.2367849484596,41.623576134442],[-81.2359872028935,41.6217752684103],[-81.2359823744433,41.6217643669925],[-81.2360165294463,41.6217644142818]]]},"properties":{"source_county":"Geauga","jurisdiction":"Chardon Township","parcel_id":"06-120482","owner_name":"JANET W HAVENER TRUSTEE FBO KIMBERLY M HOSMER ETAL","property_address":" SR 44","property_city":"CHARDON","property_zip":"44024"}},{"type":"Feature","geometry":{"type":"Polygon","coordinates":[[[-81.2428672761147,41.6108682103384],[-81.2447117548442,41.6108787040991],[-81.2447154651181,41.6112320205159],[-81.2428714364235,41.6112334973126],[-81.2428672761147,41.6108682103384]]]},"properties":{"source_county":"Geauga","jurisdiction":"Chardon Township","parcel_id":"06-120500","owner_name":"LEWIS ERIC S & SHERRIE A","property_address":" AUBURN RD","property_city":"CHARDON","property_zip":"44024"}},{"type":"Feature","geometry":{"type":"Polygon","coordinates":[[[-81.2352550075438,41.615631646839],[-81.2359868859747,41.6156303590955],[-81.2360666049875,41.6159224497802],[-81.2361158131461,41.6164699912133],[-81.2364266144493,41.6178100051769],[-81.2366705534957,41.6185645839999],[-81.2367615480649,41.619044861355],[-81.2348121415612,41.619042734968],[-81.2344769879121,41.6182853093428],[-81.2344738627715,41.617279640219],[-81.2352601441976,41.6172782613031],[-81.2352584327565,41.6167293896266],[-81.2352567201271,41.6161805187345],[-81.2352550075438,41.615631646839]]]},"properties":{"source_county":"Geauga","jurisdiction":"Chardon Township","parcel_id":"06-120505","owner_name":"PATERNITI CARMEN J TRUSTEE","property_address":" RORYANNA DR","property_city":"CHARDON","property_zip":"44024"}},{"type":"Feature","geometry":{"type":"Polygon","coordinates":[[[-81.2365947121152,41.6115795414194],[-81.2370529713143,41.6115787210827],[-81.2370536213833,41.6117429507348],[-81.237200521051,41.6125380261616],[-81.2373215106721,41.6130145193909],[-81.2375519634255,41.6141382263008],[-81.2364803492384,41.6141401769125],[-81.2362691166722,41.613505770264],[-81.2361972802311,41.6132863176094],[-81.2361222826266,41.6130674614006],[-81.2360937293368,41.6129987128598],[-81.2359246777336,41.6125252787906],[-81.235750846789,41.6120528206467],[-81.2355722466067,41.6115813656083],[-81.2365947121152,41.6115795414194]]]},"properties":{"source_county":"Geauga","jurisdiction":"Chardon Township","parcel_id":"06-120506","owner_name":"CYVAS DIANE M TRUSTEE","property_address":"11270 HOSFORD RD","property_city":"CHARDON","property_zip":"44024"}},{"type":"Feature","geometry":{"type":"Polygon","coordinates":[[[-81.2388472212359,41.6154661673394],[-81.2429195571043,41.6154586154119],[-81.2429448247771,41.6176769859123],[-81.2404392852017,41.6176930288334],[-81.2388135182718,41.6177034099462],[-81.2380119698138,41.6177085192116],[-81.237448511855,41.617712107229],[-81.2374150212021,41.617411842134],[-81.2370883505052,41.6160504260726],[-81.2368892192056,41.6155163052665],[-81.2368823078469,41.6154930384053],[-81.2368758524606,41.6154697719973],[-81.2388472212359,41.6154661673394]]]},"properties":{"source_county":"Geauga","jurisdiction":"Chardon Township","parcel_id":"06-120507","owner_name":"PRICE PHILIP M TRUSTEE","property_address":" AUBURN RD","property_city":"CHARDON","property_zip":"44024"}},{"type":"Feature","geometry":{"type":"Polygon","coordinates":[[[-81.2289907550557,41.6115942641469],[-81.2291633943661,41.6115938380776],[-81.2291633945693,41.611593889407],[-81.2291684415556,41.6127454607588],[-81.2289264202842,41.612778822942],[-81.2281018739896,41.6128924829833],[-81.2280962155366,41.6115965743676],[-81.2280962155267,41.611596513135],[-81.2282752741168,41.6115960280774],[-81.2285315446796,41.6115953961744],[-81.2289907550557,41.6115942641469]]]},"properties":{"source_county":"Geauga","jurisdiction":"Chardon Township","parcel_id":"06-120510","owner_name":"BOSWORTH STEPHANIE A & JAMES DAVID","property_address":"11470 HOSFORD RD","property_city":"CHARDON","property_zip":"44024"}},{"type":"Feature","geometry":{"type":"Polygon","coordinates":[[[-81.2466502006707,41.6218086436868],[-81.2466351410205,41.6204934696815],[-81.242977174933,41.6205169827363],[-81.2429698458189,41.6198735488842],[-81.242965292329,41.6194738867903],[-81.2455519017918,41.619457261745],[-81.2455415482712,41.6185516803642],[-81.2484291966656,41.6185497775984],[-81.2482888035433,41.6218135098956],[-81.2466502006707,41.6218086436868]]]},"properties":{"source_county":"Geauga","jurisdiction":"Chardon Township","parcel_id":"06-120522","owner_name":"DYSERT WILLIAM L & KALI B CO TRUSTEES","property_address":"9220 AUBURN RD","property_city":"CHARDON","property_zip":"44024"}},{"type":"Feature","geometry":{"type":"Polygon","coordinates":[[[-81.2406993281271,41.6109085341133],[-81.2408873966231,41.6109082902714],[-81.2408954681445,41.6115717691898],[-81.2407073994182,41.6115721130158],[-81.2406993281271,41.6109085341133]]]},"properties":{"source_county":"Geauga","jurisdiction":"Chardon Township","parcel_id":"06-120527","owner_name":"DORSETT CLAIRE","property_address":" HOSFORD RD","property_city":"CHARDON","property_zip":"44024"}},{"type":"Feature","geometry":{"type":"Polygon","coordinates":[[[-81.2419734566516,41.6198799360466],[-81.2419565756925,41.6183968744422],[-81.24273351866,41.6183918949206],[-81.2427506948352,41.618392797514],[-81.242767471313,41.6183957055052],[-81.2427834349078,41.6184005472738],[-81.2427981924541,41.6184072035723],[-81.24281138049,41.6184155104637],[-81.2428226742082,41.6184252633586],[-81.2428317954562,41.618436222054],[-81.2428385195865,41.6184481166493],[-81.2428426809898,41.6184606541937],[-81.2428441771736,41.6184735259007],[-81.242953889113,41.6184728225486],[-81.242954806369,41.6185533239896],[-81.242965292329,41.6194738867903],[-81.2429698458189,41.6198735488842],[-81.2419734566516,41.6198799360466]]]},"properties":{"source_county":"Geauga","jurisdiction":"Chardon Township","parcel_id":"06-120530","owner_name":"KOVATS JOHNATHAN G & CALLENE M","property_address":"11100 COURTNEY CT","property_city":"CHARDON","property_zip":"44024"}},{"type":"Feature","geometry":{"type":"Polygon","coordinates":[[[-81.2410201114274,41.6184028690214],[-81.2419565756925,41.6183968744422],[-81.2419734566516,41.6198799360466],[-81.2411412739216,41.6198852650458],[-81.2410908752501,41.6192686674638],[-81.2410201114274,41.6184028690214]]]},"properties":{"source_county":"Geauga","jurisdiction":"Chardon Township","parcel_id":"06-120531","owner_name":"BROCKWAY BRIAN A & JILL E","property_address":"11110 COURTNEY CT","property_city":"CHARDON","property_zip":"44024"}},{"type":"Feature","geometry":{"type":"Polygon","coordinates":[[[-81.2404519490947,41.6184065026422],[-81.2410201114274,41.6184028690214],[-81.2410908752501,41.6192686674638],[-81.2392916123092,41.6192801558567],[-81.2392965087505,41.6192042972071],[-81.2393101212676,41.6191290396854],[-81.2393323480228,41.6190549461413],[-81.2393630227543,41.6189825707176],[-81.2394019160202,41.6189124547055],[-81.2394487369153,41.6188451224963],[-81.2395031352478,41.6187810776604],[-81.2395647041582,41.6187207991803],[-81.2396329831632,41.6186647378698],[-81.2397074615999,41.6186133130015],[-81.2397875824445,41.6185669091724],[-81.2398727464791,41.6185258734269],[-81.2399623167723,41.6184905126623],[-81.2400556234429,41.6184610913336],[-81.2401519686692,41.6184378294755],[-81.2402506319076,41.6184209010576],[-81.2403508752806,41.6184104326831],[-81.2404519490947,41.6184065026422]]]},"properties":{"source_county":"Geauga","jurisdiction":"Chardon Township","parcel_id":"06-120532","owner_name":"NGUYEN QUANG TOD & ANH TRUONG TOD","property_address":"11120 COURTNEY CT","property_city":"CHARDON","property_zip":"44024"}},{"type":"Feature","geometry":{"type":"Polygon","coordinates":[[[-81.2392916123092,41.6192801558567],[-81.2410908752501,41.6192686674638],[-81.2411412739216,41.6198852650458],[-81.2411430574384,41.6200422638678],[-81.2396459517867,41.6200518212292],[-81.2396336455405,41.6200393338495],[-81.2396238110967,41.6200256681949],[-81.2393953730361,41.6196462154512],[-81.2393579734796,41.6195762276785],[-81.2393287128417,41.6195040904346],[-81.2393078068212,41.6194303355563],[-81.2392954095203,41.6193555068048],[-81.2392916123092,41.6192801558567]]]},"properties":{"source_county":"Geauga","jurisdiction":"Chardon Township","parcel_id":"06-120533","owner_name":"FELGER BRANDON T & BETHANY L","property_address":"11140 COURTNEY CT","property_city":"CHARDON","property_zip":"44024"}},{"type":"Feature","geometry":{"type":"Polygon","coordinates":[[[-81.2396459517867,41.6200518212292],[-81.2411430574384,41.6200422638678],[-81.2411615527829,41.6216697224348],[-81.2398344353958,41.6204473503583],[-81.2398681742401,41.6204228433904],[-81.2398958482318,41.6203943774395],[-81.2399166463643,41.6203627867294],[-81.2399299591383,41.6203289970571],[-81.2399353964221,41.6202939986606],[-81.2399327988838,41.6202588171993],[-81.2399222426593,41.6202244836962],[-81.2399040371194,41.620192004322],[-81.2398787158022,41.6201623309098],[-81.2398470207762,41.6201363330602],[-81.2398098808928,41.6201147726582],[-81.2397683845651,41.6200982815454],[-81.239723747872,41.6200873430043],[-81.2397017180774,41.6200820609287],[-81.2396810727844,41.6200742398905],[-81.2396623278859,41.6200640753251],[-81.2396459517867,41.6200518212292]]]},"properties":{"source_county":"Geauga","jurisdiction":"Chardon Township","parcel_id":"06-120534","owner_name":"DALPIAZ RYAN & ALLYSSA","property_address":"11150 COURTNEY CT","property_city":"CHARDON","property_zip":"44024"}},{"type":"Feature","geometry":{"type":"Polygon","coordinates":[[[-81.2389173916167,41.6215775132182],[-81.2396230715815,41.620491609233],[-81.239668098649,41.620493539969],[-81.2397129387038,41.6204899080631],[-81.2397563795168,41.6204808117022],[-81.2397972466878,41.6204664968019],[-81.2398344353958,41.6204473503583],[-81.2411615527829,41.6216697224348],[-81.2411628787799,41.6217863804302],[-81.238922796721,41.6217724810621],[-81.2387912194928,41.621771662923],[-81.2389173916167,41.6215775132182]]]},"properties":{"source_county":"Geauga","jurisdiction":"Chardon Township","parcel_id":"06-120535","owner_name":"ROSACE REGINA M TRUSTEE","property_address":"11160 COURTNEY CT","property_city":"CHARDON","property_zip":"44024"}},{"type":"Feature","geometry":{"type":"Polygon","coordinates":[[[-81.2388881019532,41.6205209843914],[-81.2394066830143,41.6203645521946],[-81.2394248132645,41.6203922074261],[-81.2394482434824,41.6204175211756],[-81.2394764483135,41.62043992585],[-81.2395087953435,41.6204589190837],[-81.2395445592782,41.6204740750032],[-81.2395829382066,41.6204850537765],[-81.2396230715815,41.620491609233],[-81.2389173916167,41.6215775132182],[-81.2387912194928,41.621771662923],[-81.238201189413,41.6217679942451],[-81.2380147686985,41.6207844227341],[-81.2388881019532,41.6205209843914]]]},"properties":{"source_county":"Geauga","jurisdiction":"Chardon Township","parcel_id":"06-120536","owner_name":"QUEEN JOHN R JR & KELLY A","property_address":"11155 COURTNEY CT","property_city":"CHARDON","property_zip":"44024"}},{"type":"Feature","geometry":{"type":"Polygon","coordinates":[[[-81.2388647023356,41.6196768822998],[-81.2391752108584,41.6196788132812],[-81.2391953848852,41.6197140362535],[-81.239423822023,41.6200934893815],[-81.2394314342988,41.6201092370087],[-81.2394357649366,41.6201256703844],[-81.2394367130963,41.6201424068625],[-81.2394342566977,41.6201590567392],[-81.2394284529347,41.6201752323267],[-81.2394194369442,41.620190556981],[-81.2394031841455,41.6202179250132],[-81.2393923988999,41.6202467737373],[-81.2393873097744,41.6202764917938],[-81.2393880246253,41.6203064493996],[-81.2393945283114,41.6203360116945],[-81.2394066830143,41.6203645521946],[-81.2388881019532,41.6205209843914],[-81.2380147686985,41.6207844227341],[-81.2378036064997,41.6196702760619],[-81.2388647023356,41.6196768822998]]]},"properties":{"source_county":"Geauga","jurisdiction":"Chardon Township","parcel_id":"06-120537","owner_name":"NOERR SCOTT E & HEIDI L","property_address":"11145 COURTNEY CT","property_city":"CHARDON","property_zip":"44024"}},{"type":"Feature","geometry":{"type":"Polygon","coordinates":[[[-81.2376852648747,41.6190458582636],[-81.2375879893928,41.6185325795345],[-81.2388420809564,41.6188607985404],[-81.2391496594948,41.6189412947998],[-81.2391171633824,41.6190214320971],[-81.2390933430861,41.6191032679567],[-81.2390783523202,41.6191862743981],[-81.2390722878347,41.6192699158865],[-81.2390751887902,41.6193536527882],[-81.2390870365048,41.6194369448519],[-81.2391077545734,41.6195192546938],[-81.2391372093599,41.6196000512659],[-81.2391752108584,41.6196788132812],[-81.2388647023356,41.6196768822998],[-81.2378036064997,41.6196702760619],[-81.2376852648747,41.6190458582636]]]},"properties":{"source_county":"Geauga","jurisdiction":"Chardon Township","parcel_id":"06-120538","owner_name":"PETERS CHARLES D & KAHL CAITLIN","property_address":"11135 COURTNEY CT","property_city":"CHARDON","property_zip":"44024"}},{"type":"Feature","geometry":{"type":"Polygon","coordinates":[[[-81.237448511855,41.617712107229],[-81.2380119698138,41.6177085192116],[-81.2388246325413,41.6182313660365],[-81.2394068239351,41.6186059241501],[-81.2393423110425,41.6186668514145],[-81.2392840320549,41.6187312188795],[-81.2392323114872,41.6187986681485],[-81.2391874373398,41.6188688236642],[-81.2391496594948,41.6189412947998],[-81.2388420809564,41.6188607985404],[-81.2375879893928,41.6185325795345],[-81.2375757474947,41.6184679879074],[-81.2374766676975,41.6179645396547],[-81.237448511855,41.617712107229]]]},"properties":{"source_county":"Geauga","jurisdiction":"Chardon Township","parcel_id":"06-120539","owner_name":"ROSPLOCK KENNETH G & AMANDA T TRUSTEES","property_address":"11125 COURTNEY CT","property_city":"CHARDON","property_zip":"44024"}},{"type":"Feature","geometry":{"type":"Polygon","coordinates":[[[-81.2388135182718,41.6177034099462],[-81.2404392852017,41.6176930288334],[-81.2404455089626,41.6182418955573],[-81.240338248894,41.6182459600121],[-81.2402317273287,41.618256227591],[-81.2401265803793,41.6182726369791],[-81.2400234359505,41.6182950901849],[-81.2399229099903,41.6183234531248],[-81.2398256028123,41.618357556424],[-81.239732095511,41.6183971964277],[-81.2396429464918,41.6184421364172],[-81.2395586881373,41.6184921080234],[-81.2394798236274,41.6185468128288],[-81.2394068239351,41.6186059241501],[-81.2388246325413,41.6182313660365],[-81.2380119698138,41.6177085192116],[-81.2388135182718,41.6177034099462]]]},"properties":{"source_county":"Geauga","jurisdiction":"Chardon Township","parcel_id":"06-120540","owner_name":"SOUKUP GREGORY C TRUSTEE","property_address":"11115 COURTNEY CT","property_city":"CHARDON","property_zip":"44024"}},{"type":"Feature","geometry":{"type":"Polygon","coordinates":[[[-81.2404392852017,41.6176930288334],[-81.2429448247771,41.6176769859123],[-81.2429501384435,41.6181435112372],[-81.2428404270562,41.6181442145859],[-81.2428392242276,41.6181571035926],[-81.2428353489792,41.6181696926644],[-81.2428288967521,41.6181816717474],[-81.242820026456,41.6181927458108],[-81.2428089565546,41.6182026421133],[-81.242795959686,41.6182111169202],[-81.2427813559477,41.6182179615069],[-81.2427655050128,41.6182230072987],[-81.2427487972719,41.6182261300236],[-81.2427316442178,41.6182272527723],[-81.2404455089626,41.6182418955573],[-81.2404392852017,41.6176930288334]]]},"properties":{"source_county":"Geauga","jurisdiction":"Chardon Township","parcel_id":"06-120541","owner_name":"POYAR LESLIE A TRUSTEE","property_address":"11105 COURTNEY CT","property_city":"CHARDON","property_zip":"44024"}},{"type":"Feature","geometry":{"type":"Polygon","coordinates":[[[-81.2411223618909,41.6133891422344],[-81.2428959486177,41.6133858355536],[-81.2429003441454,41.6137718140662],[-81.2429032209131,41.6140243446416],[-81.2427935164127,41.6140250488473],[-81.2409698603694,41.6141407564898],[-81.2408442382248,41.6133896588408],[-81.2411223618909,41.6133891422344]]]},"properties":{"source_county":"Geauga","jurisdiction":"Chardon Township","parcel_id":"06-120580","owner_name":"STAMBERGER JENNIFER A & TAYLOR KEVIN R","property_address":"9455 AUBURN RD","property_city":"CHARDON","property_zip":"44024"}},{"type":"Feature","geometry":{"type":"Polygon","coordinates":[[[-81.2447408424621,41.6064986834182],[-81.2454664417904,41.6061958274343],[-81.2456802385716,41.6063675755868],[-81.2458362108951,41.6064928712428],[-81.2448239295112,41.6072607584631],[-81.2447823055923,41.6068789893699],[-81.2447408424621,41.6064986834182]]]},"properties":{"source_county":"Geauga","jurisdiction":"Chardon Township","parcel_id":"06-120600","owner_name":"WHITEHEAD JESSIE","property_address":"9743 MENTOR RD","property_city":"CHARDON","property_zip":"44024"}},{"type":"Feature","geometry":{"type":"Polygon","coordinates":[[[-81.2399422172464,41.6088303292947],[-81.2406740266862,41.6088295758071],[-81.2406837662982,41.6096295405305],[-81.2406876451006,41.6099482080561],[-81.2399560169096,41.6099494923098],[-81.2399422172464,41.6088303292947]]]},"properties":{"source_county":"Geauga","jurisdiction":"Chardon Township","parcel_id":"06-120615","owner_name":"DORSETT TERRY E TOD & DANFORTH CLAUDIA L AKA DORSETT CLAUDIA L TOD","property_address":" HOSFORD RD","property_city":"CHARDON","property_zip":"44024"}},{"type":"Feature","geometry":{"type":"Polygon","coordinates":[[[-81.2377019355857,41.6217652878215],[-81.237738923612,41.6217665323875],[-81.2377758312953,41.6217653474929],[-81.238201189413,41.6217679942451],[-81.2382024845306,41.6217748266884],[-81.2383482625193,41.6225439472417],[-81.2385756063788,41.6237433627982],[-81.2387976337786,41.6249146906412],[-81.2383723118671,41.624912903039],[-81.2383301614064,41.6249127255454],[-81.2383293189009,41.6249082455556],[-81.2382975456988,41.6249082599377],[-81.2378728600129,41.6249084557513],[-81.237278544376,41.6217750160056],[-81.2372766578143,41.6217650695918],[-81.2377019355857,41.6217652878215]]]},"properties":{"source_county":"Geauga","jurisdiction":"Chardon Township","parcel_id":"06-120733","owner_name":"CONTINENTAL FEDERAL SAVINGS & LOAN ASSOC","property_address":" SR 44","property_city":"CHARDON","property_zip":"44024"}},{"type":"Feature","geometry":{"type":"Polygon","coordinates":[[[-81.2406672187385,41.607771556913],[-81.2428313370654,41.6077716707156],[-81.2428384553464,41.6083412388881],[-81.2428390755153,41.6083909059801],[-81.2406687308093,41.6083946223272],[-81.2399924540947,41.608395771708],[-81.239989211567,41.6079551088127],[-81.2399878603623,41.607771512984],[-81.2406672187385,41.607771556913]]]},"properties":{"source_county":"Geauga","jurisdiction":"Chardon Township","parcel_id":"06-120745","owner_name":"CARTOR GERALYN TOD","property_address":"9685 AUBURN RD","property_city":"CHARDON","property_zip":"44024"}},{"type":"Feature","geometry":{"type":"Polygon","coordinates":[[[-81.2396076048972,41.6115741134899],[-81.2395810121928,41.609378764325],[-81.2385751220628,41.6093793634954],[-81.2385548780289,41.6079503611928],[-81.239989211567,41.6079551088127],[-81.2399924540947,41.608395771708],[-81.2406687308093,41.6083946223272],[-81.2406740266862,41.6088295758071],[-81.2399422172464,41.6088303292947],[-81.2399560169096,41.6099494923098],[-81.2399760413337,41.6115734446421],[-81.2396076048972,41.6115741134899]]]},"properties":{"source_county":"Geauga","jurisdiction":"Chardon Township","parcel_id":"06-120798","owner_name":"DORSETT TERRY E TOD & DANFORTH CLAUDIA L AKA DORSETT CLAUDIA L TOD","property_address":" HOSFORD RD","property_city":"CHARDON","property_zip":"44024"}},{"type":"Feature","geometry":{"type":"Polygon","coordinates":[[[-81.2409722765238,41.6044081383573],[-81.2427936780858,41.6044082472013],[-81.2427943189182,41.6044650175527],[-81.2427957571298,41.6045925200523],[-81.2427990966094,41.6048885044791],[-81.2409761892208,41.6048883948561],[-81.2409739719431,41.6046162680054],[-81.2409722765238,41.6044081383573]]]},"properties":{"source_county":"Geauga","jurisdiction":"Chardon Township","parcel_id":"06-120847","owner_name":"RUSSELL KATHY L TOD","property_address":"9783 AUBURN RD","property_city":"CHARDON","property_zip":"44024"}},{"type":"Feature","geometry":{"type":"Polygon","coordinates":[[[-81.2391183040899,41.606490907002],[-81.2399784586449,41.6064937525055],[-81.2399831594576,41.607132632814],[-81.2399878603623,41.607771512984],[-81.239989211567,41.6079551088127],[-81.2385548780289,41.6079503611928],[-81.2384891368076,41.6079501436468],[-81.2384808333974,41.6068181064332],[-81.2384784173929,41.6064887862982],[-81.2391183040899,41.606490907002]]]},"properties":{"source_county":"Geauga","jurisdiction":"Chardon Township","parcel_id":"06-120859","owner_name":"DORSETT TERRY E TOD & DANFORTH CLAUDIA L AKA DORSETT CLAUDIA L TOD","property_address":" HOSFORD RD","property_city":"CHARDON","property_zip":"44024"}},{"type":"Feature","geometry":{"type":"Polygon","coordinates":[[[-81.2396145601105,41.60148323963],[-81.2396145856452,41.6014832218974],[-81.2396865756302,41.601541318321],[-81.2400503550061,41.6018348884808],[-81.2387177743205,41.6027649172838],[-81.2382820740335,41.6024131979268],[-81.2396145601105,41.60148323963]]]},"properties":{"source_county":"Geauga","jurisdiction":"Chardon Township","parcel_id":"06-120862","owner_name":"HAYMER DANIEL M","property_address":"9883 MENTOR RD","property_city":"CHARDON","property_zip":"44024"}},{"type":"Feature","geometry":{"type":"Polygon","coordinates":[[[-81.2385756063788,41.6237433627982],[-81.2383482625193,41.6225439472417],[-81.2389513560694,41.6225640689021],[-81.2428922661219,41.6226954734124],[-81.243002034565,41.6226991315371],[-81.2430099549866,41.6233944059173],[-81.2429002333937,41.623394994946],[-81.241784129761,41.623400978527],[-81.2417875135618,41.6237573805727],[-81.239013072742,41.6237452769984],[-81.2385756063788,41.6237433627982]]]},"properties":{"source_county":"Geauga","jurisdiction":"Chardon Township","parcel_id":"06-120863","owner_name":"RASTALL ANTHONY P & DEBORAH L","property_address":"9085 AUBURN RD","property_city":"CHARDON","property_zip":"44024"}},{"type":"Feature","geometry":{"type":"Polygon","coordinates":[[[-81.2387976337786,41.6249146906412],[-81.2385756063788,41.6237433627982],[-81.239013072742,41.6237452769984],[-81.2417875135618,41.6237573805727],[-81.2417909141627,41.6241137845571],[-81.2429083527634,41.6241077224711],[-81.2430180756894,41.6241071262326],[-81.2430236165054,41.6245934921591],[-81.2430275243738,41.6249365240137],[-81.2429177869433,41.6249359287954],[-81.2422981627083,41.6249325662639],[-81.2416581279823,41.6249290902148],[-81.2410180921418,41.6249256097282],[-81.2403780575692,41.6249221257303],[-81.2397380230648,41.6249186382082],[-81.2390742356429,41.6249158529801],[-81.2387976337786,41.6249146906412]]]},"properties":{"source_county":"Geauga","jurisdiction":"Chardon Township","parcel_id":"06-120865","owner_name":"PATTERSON ROBERT","property_address":"9039 AUBURN RD","property_city":"CHARDON","property_zip":"44024"}},{"type":"Feature","geometry":{"type":"Polygon","coordinates":[[[-81.2387177743205,41.6027649172838],[-81.2400503550061,41.6018348884808],[-81.240184598827,41.6019432238189],[-81.2404861290315,41.6021865542885],[-81.2391534780726,41.6031166358526],[-81.2387177743205,41.6027649172838]]]},"properties":{"source_county":"Geauga","jurisdiction":"Chardon Township","parcel_id":"06-120870","owner_name":"SAPP JOSHUA S & JANET K","property_address":"9879 MENTOR RD","property_city":"CHARDON","property_zip":"44024"}},{"type":"Feature","geometry":{"type":"Polygon","coordinates":[[[-81.2391534780726,41.6031166358526],[-81.2404861290315,41.6021865542885],[-81.2406465661341,41.6023160235921],[-81.2406826293557,41.6023451262403],[-81.2409219077389,41.6025382184202],[-81.240649063845,41.6027286445914],[-81.2397065506783,41.603386443237],[-81.2395891877236,41.6034683518584],[-81.2391534780726,41.6031166358526]]]},"properties":{"source_county":"Geauga","jurisdiction":"Chardon Township","parcel_id":"06-120876","owner_name":"PERZ GREGORY V & DONNA R","property_address":"9875 MENTOR RD","property_city":"CHARDON","property_zip":"44024"}},{"type":"Feature","geometry":{"type":"Polygon","coordinates":[[[-81.2416826403555,41.6031520998587],[-81.242753230057,41.6024049265417],[-81.2427634161622,41.6036530095113],[-81.2427664667009,41.6040266769394],[-81.2417934792173,41.6032415407549],[-81.2416826403555,41.6031520998587]]]},"properties":{"source_county":"Geauga","jurisdiction":"Chardon Township","parcel_id":"06-120877","owner_name":"PIWARSKI HEATHER M","property_address":"9845 AUBURN RD","property_city":"CHARDON","property_zip":"44024"}},{"type":"Feature","geometry":{"type":"Polygon","coordinates":[[[-81.2411806648002,41.6027470264596],[-81.2423465620929,41.6019333399626],[-81.2427520526574,41.602260666163],[-81.2427525581314,41.6023226695729],[-81.242753230057,41.6024049265417],[-81.2416826403555,41.6031520998587],[-81.2411806648002,41.6027470264596]]]},"properties":{"source_county":"Geauga","jurisdiction":"Chardon Township","parcel_id":"06-120878","owner_name":"EIERMAN GREGORY & LAURIE","property_address":"9860 MENTOR RD","property_city":"CHARDON","property_zip":"44024"}},{"type":"Feature","geometry":{"type":"Polygon","coordinates":[[[-81.2406826293557,41.6023451262403],[-81.2418486217512,41.6015313772342],[-81.2423465620929,41.6019333399626],[-81.2411806648002,41.6027470264596],[-81.2409219077389,41.6025382184202],[-81.2406826293557,41.6023451262403]]]},"properties":{"source_county":"Geauga","jurisdiction":"Chardon Township","parcel_id":"06-120879","owner_name":"HOYNES DENIS F & NANCY A","property_address":"9870 MENTOR RD","property_city":"CHARDON","property_zip":"44024"}},{"type":"Feature","geometry":{"type":"Polygon","coordinates":[[[-81.2406423742027,41.6016237467495],[-81.2413506875244,41.6011294123175],[-81.2418486217512,41.6015313772342],[-81.2406826293557,41.6023451262403],[-81.2406465661341,41.6023160235921],[-81.2404861290315,41.6021865542885],[-81.240184598827,41.6019432238189],[-81.2406423742027,41.6016237467495]]]},"properties":{"source_county":"Geauga","jurisdiction":"Chardon Township","parcel_id":"06-120880","owner_name":"KUBRIN MICHAEL J & JEANNE E CO TRUSTEES","property_address":"9880 MENTOR RD","property_city":"CHARDON","property_zip":"44024"}},{"type":"Feature","geometry":{"type":"Polygon","coordinates":[[[-81.2406378556434,41.6008774275484],[-81.2408527594125,41.6007274452125],[-81.2412763106244,41.6010693694464],[-81.2413506875244,41.6011294123175],[-81.2406423742027,41.6016237467495],[-81.240184598827,41.6019432238189],[-81.2400503550061,41.6018348884808],[-81.2396865756302,41.601541318321],[-81.2406378556434,41.6008774275484]]]},"properties":{"source_county":"Geauga","jurisdiction":"Chardon Township","parcel_id":"06-120881","owner_name":"ELIG CHRISTIE M & KELLY T","property_address":"9900 MENTOR RD","property_city":"CHARDON","property_zip":"44024"}},{"type":"Feature","geometry":{"type":"Polygon","coordinates":[[[-81.2391495398283,41.6011079215698],[-81.2403543825248,41.6002670721971],[-81.2406358529593,41.6005466481139],[-81.2406664534779,41.6005770423015],[-81.2408527594125,41.6007274452125],[-81.2406378556434,41.6008774275484],[-81.2396865756302,41.601541318321],[-81.2396145856452,41.6014832218974],[-81.2392659593737,41.6012018748437],[-81.2391495398283,41.6011079215698]]]},"properties":{"source_county":"Geauga","jurisdiction":"Chardon Township","parcel_id":"06-120882","owner_name":"PAKELTIS CATHERINE TOD","property_address":"9910 MENTOR RD","property_city":"CHARDON","property_zip":"44024"}},{"type":"Feature","geometry":{"type":"Polygon","coordinates":[[[-81.2412763106244,41.6010693694464],[-81.2427422744058,41.6010626383288],[-81.2427520526574,41.602260666163],[-81.2423465620929,41.6019333399626],[-81.2418486217512,41.6015313772342],[-81.2413506875244,41.6011294123175],[-81.2412763106244,41.6010693694464]]]},"properties":{"source_county":"Geauga","jurisdiction":"Chardon Township","parcel_id":"06-120888","owner_name":"SIMMONS AMY & RICK TRUSTEES","property_address":"9905 AUBURN RD","property_city":"CHARDON","property_zip":"44024"}},{"type":"Feature","geometry":{"type":"Polygon","coordinates":[[[-81.2409102946726,41.6005759246705],[-81.2427382334628,41.6005675338227],[-81.2427397574034,41.6007542105911],[-81.2427422744058,41.6010626383288],[-81.2412763106244,41.6010693694464],[-81.2408527594125,41.6007274452125],[-81.2406664534779,41.6005770423015],[-81.2409102946726,41.6005759246705]]]},"properties":{"source_county":"Geauga","jurisdiction":"Chardon Township","parcel_id":"06-120889","owner_name":"BETTAC JONATHON K & STEPHANIE N","property_address":"9925 AUBURN RD","property_city":"CHARDON","property_zip":"44024"}},{"type":"Feature","geometry":{"type":"Polygon","coordinates":[[[-81.2409063887136,41.6000956675355],[-81.2427343140944,41.6000872767479],[-81.2427363581697,41.6003377518118],[-81.2427382334628,41.6005675338227],[-81.2409102946726,41.6005759246705],[-81.2409063887136,41.6000956675355]]]},"properties":{"source_county":"Geauga","jurisdiction":"Chardon Township","parcel_id":"06-120890","owner_name":"STARAITIS ANTHONY J","property_address":" AUBURN RD","property_city":"CHARDON","property_zip":"44024"}},{"type":"Feature","geometry":{"type":"Polygon","coordinates":[[[-81.224479365603,41.6040713466513],[-81.2261714405604,41.601926311226],[-81.226481012064,41.6023224640164],[-81.2266233681805,41.6025129712745],[-81.2267195013285,41.6024733239932],[-81.2269471162896,41.6027935779987],[-81.2272784470965,41.6032934662854],[-81.2275838644197,41.6037988913114],[-81.2277206811716,41.6040517090558],[-81.224479365603,41.6040713466513]]]},"properties":{"source_county":"Geauga","jurisdiction":"Chardon Township","parcel_id":"06-120894","owner_name":"DAVIES GEOFFREY L & PATRICIA A","property_address":" FOX MEADOW LN","property_city":"CHARDON","property_zip":"44024"}},{"type":"Feature","geometry":{"type":"Polygon","coordinates":[[[-81.224479365603,41.6040713466513],[-81.2277206811716,41.6040517090558],[-81.2279154085605,41.604411531645],[-81.2280584364927,41.6047004072932],[-81.2278319415443,41.6046991955175],[-81.2276013966996,41.6046979614623],[-81.2253161958654,41.6046857044164],[-81.2252041780545,41.6046851021981],[-81.224476860027,41.6046811921026],[-81.224479365603,41.6040713466513]]]},"properties":{"source_county":"Geauga","jurisdiction":"Chardon Township","parcel_id":"06-120895","owner_name":"DAVIES GEOFFERY L PATRICIA A","property_address":" FOX MEADOW LN","property_city":"CHARDON","property_zip":"44024"}},{"type":"Feature","geometry":{"type":"Polygon","coordinates":[[[-81.2427935164127,41.6140250488473],[-81.2429032209131,41.6140243446416],[-81.2429041853394,41.614109068143],[-81.2429093443942,41.6145619988068],[-81.2429122871575,41.6148203425906],[-81.2410837960955,41.6148219700951],[-81.2409698603694,41.6141407564898],[-81.2427935164127,41.6140250488473]]]},"properties":{"source_county":"Geauga","jurisdiction":"Chardon Township","parcel_id":"06-120898","owner_name":"NELSON GERTRUDE","property_address":"9427 AUBURN RD","property_city":"CHARDON","property_zip":"44024"}},{"type":"Feature","geometry":{"type":"Polygon","coordinates":[[[-81.2371862695432,41.6190453205461],[-81.237216027795,41.619045353041],[-81.237260166598,41.6190454004038],[-81.2376852648747,41.6190458582636],[-81.2378036064997,41.6196702760619],[-81.2380147686985,41.6207844227341],[-81.238201189413,41.6217679942451],[-81.2377758312953,41.6217653474929],[-81.237738923612,41.6217665323875],[-81.2377019355857,41.6217652878215],[-81.2372766578143,41.6217650695918],[-81.2360165294463,41.6217644142818],[-81.2349897083246,41.6194440156828],[-81.2351774861232,41.6192489951454],[-81.2368005805859,41.6192508818768],[-81.2367615480649,41.619044861355],[-81.2371862695432,41.6190453205461]]]},"properties":{"source_county":"Geauga","jurisdiction":"Chardon Township","parcel_id":"06-120921","owner_name":"JANET W HAVENER TRUSTEE FBO KIMBERLY M HOSMER ETAL","property_address":" SR 44","property_city":"CHARDON","property_zip":"44024"}},{"type":"Feature","geometry":{"type":"Polygon","coordinates":[[[-81.2442283304184,41.6137700861132],[-81.2447375377325,41.6133342910786],[-81.2447189677998,41.6115656961813],[-81.2460264083949,41.6115639468366],[-81.2479113632282,41.6115613984894],[-81.2488237514304,41.6115601535749],[-81.2488237647901,41.6115610866105],[-81.24885400982,41.6136232590664],[-81.2461979888251,41.6134259720977],[-81.2452460611098,41.6134319943089],[-81.2444338442835,41.6141147023343],[-81.2429041853394,41.614109068143],[-81.2429032209131,41.6140243446416],[-81.2429003441454,41.6137718140662],[-81.2442283304184,41.6137700861132]]]},"properties":{"source_county":"Geauga","jurisdiction":"Chardon Township","parcel_id":"06-120923","owner_name":"MOORE GEAUGA LLC","property_address":" AUBURN RD","property_city":"CHARDON","property_zip":"44024"}},{"type":"Feature","geometry":{"type":"Polygon","coordinates":[[[-81.2448448560073,41.6160922028966],[-81.2439681308384,41.614417070055],[-81.2431242039816,41.6144166945264],[-81.2429093443942,41.6145619988068],[-81.2429041853394,41.614109068143],[-81.2444338442835,41.6141147023343],[-81.2452460611098,41.6134319943089],[-81.2461979888251,41.6134259720977],[-81.24885400982,41.6136232590664],[-81.2488678713758,41.6145683836454],[-81.249016396214,41.6166545488721],[-81.248831915037,41.616629682747],[-81.2448448560073,41.6160922028966]]]},"properties":{"source_county":"Geauga","jurisdiction":"Chardon Township","parcel_id":"06-120924","owner_name":"MOORE GEAUGA LLC","property_address":" AUBURN RD","property_city":"CHARDON","property_zip":"44024"}},{"type":"Feature","geometry":{"type":"Polygon","coordinates":[[[-81.2252448894181,41.6217714444269],[-81.2258849308687,41.6217721711804],[-81.2258831378529,41.6226640871722],[-81.2258821715245,41.6231443546327],[-81.2252421166008,41.6231436305651],[-81.2252448894181,41.6217714444269]]]},"properties":{"source_county":"Geauga","jurisdiction":"Chardon Township","parcel_id":"06-120936","owner_name":"PHELPS DAVID R","property_address":"11555 TWIN OAKS TRL","property_city":"CHARDON","property_zip":"44024"}},{"type":"Feature","geometry":{"type":"Polygon","coordinates":[[[-81.2258831378529,41.6226640871722],[-81.2276061378013,41.6226660259412],[-81.2276033839507,41.6226970087515],[-81.2276068729658,41.6227279498326],[-81.2276165254473,41.6227581449824],[-81.2276321217181,41.6227869069748],[-81.2276533068222,41.6228135812011],[-81.2276795986026,41.622837560568],[-81.2277103986753,41.6228582993156],[-81.2277270013163,41.6228694983371],[-81.2277411397412,41.6228824624633],[-81.2277524847163,41.6228968898072],[-81.2277607720565,41.6229124444083],[-81.2277658087774,41.6229287640565],[-81.2277674775896,41.6229454687261],[-81.2277672965321,41.6230366910969],[-81.2277654618458,41.6230538621481],[-81.22776006978,41.6230706064226],[-81.2277512531097,41.6230865115988],[-81.2277392289401,41.6231011860171],[-81.2277242933603,41.6231142683249],[-81.2277068141528,41.6231254363742],[-81.2276872217367,41.6231344151552],[-81.2276659985689,41.623140983568],[-81.2276436672638,41.6231449798672],[-81.2276207777234,41.6231463056452],[-81.2258821715245,41.6231443546327],[-81.2258831378529,41.6226640871722]]]},"properties":{"source_county":"Geauga","jurisdiction":"Chardon Township","parcel_id":"06-120937","owner_name":"HAINES WILLIAM M & MINDY","property_address":"11535 TWIN OAKS TRL","property_city":"CHARDON","property_zip":"44024"}},{"type":"Feature","geometry":{"type":"Polygon","coordinates":[[[-81.2258849308687,41.6217721711804],[-81.2267205698757,41.6217731140387],[-81.2277556174917,41.6225108500922],[-81.2277177597932,41.6225279471626],[-81.2276840515353,41.6225493832644],[-81.2276553673266,41.6225746022104],[-81.2276324514222,41.622602949662],[-81.2276158984139,41.6226336901066],[-81.2276061378013,41.6226660259412],[-81.2258831378529,41.6226640871722],[-81.2258849308687,41.6217721711804]]]},"properties":{"source_county":"Geauga","jurisdiction":"Chardon Township","parcel_id":"06-120938","owner_name":"COX GERALD A & SANDRA L","property_address":"9135 OAKSTONE TRL","property_city":"CHARDON","property_zip":"44024"}},{"type":"Feature","geometry":{"type":"Polygon","coordinates":[[[-81.2277556174917,41.6225108500922],[-81.2267205698757,41.6217731140387],[-81.2288345362663,41.6217754742238],[-81.2280334452216,41.6225257367476],[-81.2279974225531,41.6225099818209],[-81.2279586337396,41.6224985055617],[-81.2279179749704,41.622491573121],[-81.227876385638,41.6224893446679],[-81.2278348266341,41.6224918716892],[-81.2277942581499,41.6224990958],[-81.2277556174917,41.6225108500922]]]},"properties":{"source_county":"Geauga","jurisdiction":"Chardon Township","parcel_id":"06-120939","owner_name":"REITMAN SHAUN R & BIEBER RACHEL M","property_address":"9150 OAKSTONE TRL","property_city":"CHARDON","property_zip":"44024"}},{"type":"Feature","geometry":{"type":"Polygon","coordinates":[[[-81.2288345362663,41.6217754742238],[-81.2297561970452,41.6217764905302],[-81.2297592436075,41.6218917467289],[-81.2297800838907,41.6226801127789],[-81.2297797022791,41.6226801122101],[-81.2281512079426,41.62267935785],[-81.2281450877065,41.6226491984159],[-81.2281330937168,41.6226200490374],[-81.2281154894649,41.6225925500673],[-81.2280926616867,41.6225673056016],[-81.2280651118669,41.6225448702089],[-81.2280334452216,41.6225257367476],[-81.2288345362663,41.6217754742238]]]},"properties":{"source_county":"Geauga","jurisdiction":"Chardon Township","parcel_id":"06-120940","owner_name":"NYEGARD RONALD L JR TOD & JULIA R TOD","property_address":"9130 OAKSTONE TRL","property_city":"CHARDON","property_zip":"44024"}},{"type":"Feature","geometry":{"type":"Polygon","coordinates":[[[-81.2297797022791,41.6226801122101],[-81.2297800838907,41.6226801127789],[-81.2297935334267,41.6231888448056],[-81.2297932202196,41.6231888440841],[-81.2279864473931,41.6231868450064],[-81.2279869248396,41.6229457131271],[-81.2279886595208,41.6229290122348],[-81.2279937606631,41.6229127038549],[-81.2280021094709,41.6228971677703],[-81.2280135115186,41.6228827657788],[-81.2280277012783,41.6228698332672],[-81.228044348304,41.6228586714022],[-81.2280780256022,41.6228357922441],[-81.2281062084877,41.6228090561482],[-81.2281281239411,41.6227791964571],[-81.2281431708546,41.622747032189],[-81.228150936519,41.6227134455729],[-81.2281512079426,41.62267935785],[-81.2297797022791,41.6226801122101]]]},"properties":{"source_county":"Geauga","jurisdiction":"Chardon Township","parcel_id":"06-120941","owner_name":"FAIRBANKS DAVID P & KAREN L","property_address":"9110 OAKSTONE TRL","property_city":"CHARDON","property_zip":"44024"}},{"type":"Feature","geometry":{"type":"Polygon","coordinates":[[[-81.2297932202196,41.6231888440841],[-81.2297935334267,41.6231888448056],[-81.2298062940129,41.6236715644272],[-81.2298060455946,41.6236715644138],[-81.227985492033,41.62366956434],[-81.2279864473931,41.6231868450064],[-81.2297932202196,41.6231888440841]]]},"properties":{"source_county":"Geauga","jurisdiction":"Chardon Township","parcel_id":"06-120942","owner_name":"LIEBHARDT THOMAS G JR & KARLYN L","property_address":"9090 OAKSTONE TRL","property_city":"CHARDON","property_zip":"44024"}},{"type":"Feature","geometry":{"type":"Polygon","coordinates":[[[-81.2298060455946,41.6236715644138],[-81.2298062940129,41.6236715644272],[-81.2298200807398,41.6241930551673],[-81.2298199019281,41.6241930550141],[-81.2280566168679,41.6241911237626],[-81.2280253667403,41.6240619444795],[-81.2280030601586,41.6239317255967],[-81.2279897567443,41.6238008154795],[-81.227985492033,41.62366956434],[-81.2298060455946,41.6236715644138]]]},"properties":{"source_county":"Geauga","jurisdiction":"Chardon Township","parcel_id":"06-120943","owner_name":"HAINES BRIAN C & KRYSTAL H","property_address":"9070 OAKSTONE TRL","property_city":"CHARDON","property_zip":"44024"}},{"type":"Feature","geometry":{"type":"Polygon","coordinates":[[[-81.2298199019281,41.6241930550141],[-81.2298200807398,41.6241930551673],[-81.2298338815827,41.6247150664377],[-81.2298337723785,41.6247150661447],[-81.2282425216296,41.6247133428952],[-81.2282103402269,41.6246119024578],[-81.2281734327441,41.6245113721983],[-81.2281318446988,41.6244118760405],[-81.2280909285173,41.6243021334634],[-81.2280566168679,41.6241911237626],[-81.2298199019281,41.6241930550141]]]},"properties":{"source_county":"Geauga","jurisdiction":"Chardon Township","parcel_id":"06-120944","owner_name":"MC CLUSKEY MIRAM L & SEAN J","property_address":"9040 OAKSTONE TRL","property_city":"CHARDON","property_zip":"44024"}},{"type":"Feature","geometry":{"type":"Polygon","coordinates":[[[-81.2298337723785,41.6247150661447],[-81.2298338815827,41.6247150664377],[-81.229849091011,41.6252912672785],[-81.228324180564,41.625289621009],[-81.2283210860416,41.6251735247783],[-81.2283113487737,41.6250576353995],[-81.2282949867663,41.6249421667528],[-81.228272030251,41.6248273319408],[-81.2282425216296,41.6247133428952],[-81.2298337723785,41.6247150661447]]]},"properties":{"source_county":"Geauga","jurisdiction":"Chardon Township","parcel_id":"06-120945","owner_name":"SCHROEDER KEITH & APRIL K","property_address":"9020 OAKSTONE TRL","property_city":"CHARDON","property_zip":"44024"}},{"type":"Feature","geometry":{"type":"Polygon","coordinates":[[[-81.2269259357875,41.6243275163153],[-81.2278740905379,41.6243233309487],[-81.2279147588564,41.6244360494769],[-81.2279609187379,41.6245475708677],[-81.2280085187606,41.6246774461028],[-81.2280468703758,41.6248090329925],[-81.2260653793463,41.624806809566],[-81.2260659363021,41.6245299036872],[-81.2260663442671,41.6243265468801],[-81.2269259357875,41.6243275163153]]]},"properties":{"source_county":"Geauga","jurisdiction":"Chardon Township","parcel_id":"06-120949","owner_name":"MEDVED IVICA & KARI M","property_address":"9045 OAKSTONE TRL","property_city":"CHARDON","property_zip":"44024"}},{"type":"Feature","geometry":{"type":"Polygon","coordinates":[[[-81.2276227915839,41.6233109641054],[-81.227645675956,41.6233123407818],[-81.2276679915285,41.623316386793],[-81.2276891887658,41.6233230025031],[-81.2277087456713,41.6233320249958],[-81.2277261806423,41.6233432320864],[-81.2277410643296,41.6233563477924],[-81.2277530302104,41.6233710491304],[-81.2277617836142,41.6233869740695],[-81.2277671089798,41.6234037304464],[-81.2277688751632,41.6234209056229],[-81.2277683829781,41.6236692969317],[-81.2277724211796,41.6238013425873],[-81.2277850513533,41.6239330825708],[-81.2278062433925,41.6240642023141],[-81.2278359467461,41.6241943887275],[-81.2278740905379,41.6243233309487],[-81.2269259357875,41.6243275163153],[-81.2269279656509,41.6233101855016],[-81.2276227915839,41.6233109641054]]]},"properties":{"source_county":"Geauga","jurisdiction":"Chardon Township","parcel_id":"06-120950","owner_name":"DELEY EDWARD W JR & MARY KAY","property_address":"11520 TWIN OAKS TRL","property_city":"CHARDON","property_zip":"44024"}},{"type":"Feature","geometry":{"type":"Polygon","coordinates":[[[-81.2260683874934,41.6233092160811],[-81.2269279656509,41.6233101855016],[-81.2269259357875,41.6243275163153],[-81.2260663442671,41.6243265468801],[-81.2260671597499,41.6239206571525],[-81.2260683874934,41.6233092160811]]]},"properties":{"source_county":"Geauga","jurisdiction":"Chardon Township","parcel_id":"06-120951","owner_name":"PORFILIO RALPH L & RALPH","property_address":"11540 TWIN OAKS TRL","property_city":"CHARDON","property_zip":"44024"}},{"type":"Feature","geometry":{"type":"Polygon","coordinates":[[[-81.2244578344826,41.6239188260399],[-81.2260671597499,41.6239206571525],[-81.2260663442671,41.6243265468801],[-81.2260659363021,41.6245299036872],[-81.2244565953261,41.6245280482371],[-81.2244578344826,41.6239188260399]]]},"properties":{"source_county":"Geauga","jurisdiction":"Chardon Township","parcel_id":"06-120953","owner_name":"REED MATTHEW R & KIMBERLEY D","property_address":"9060 SANDY OAKS TRL","property_city":"CHARDON","property_zip":"44024"}},{"type":"Feature","geometry":{"type":"Polygon","coordinates":[[[-81.242977174933,41.6205169827363],[-81.2466351410205,41.6204934696815],[-81.2466502006707,41.6218086436868],[-81.2455729934746,41.6218054324527],[-81.2442681903376,41.621801529919],[-81.2429917645748,41.6217976972391],[-81.242977174933,41.6205169827363]]]},"properties":{"source_county":"Geauga","jurisdiction":"Chardon Township","parcel_id":"06-120971","owner_name":"SEMLER TIMOTHY M & JAMIE LEE","property_address":"9160 AUBURN RD","property_city":"CHARDON","property_zip":"44024"}},{"type":"Feature","geometry":{"type":"Polygon","coordinates":[[[-81.2374701316584,41.6010503198614],[-81.2383582588336,41.6004542327697],[-81.2386423908141,41.6006986373359],[-81.2391495398283,41.6011079215698],[-81.2392659593737,41.6012018748437],[-81.2392659241048,41.6012018996744],[-81.2391856313636,41.6012579377742],[-81.2391998952674,41.6012714340999],[-81.2392111705043,41.6012864392398],[-81.2392191793928,41.6013025836571],[-81.2392237246926,41.6013194697569],[-81.2392246944621,41.6013366816787],[-81.2392220648155,41.6013537955375],[-81.2392159005115,41.6013703898627],[-81.2392063533586,41.6013860559784],[-81.2391936584767,41.6014004080678],[-81.2391781285069,41.6014130926752],[-81.2390540009951,41.6015002410618],[-81.238934037215,41.6015906150777],[-81.2388028843134,41.601699924732],[-81.2386789994441,41.6018139113653],[-81.2385626782544,41.6019323029877],[-81.2384518635711,41.6020384665816],[-81.2383340035042,41.6021402656704],[-81.2382094026586,41.6022374371307],[-81.2380783830665,41.6023297297997],[-81.2379412833554,41.6024169051235],[-81.2377984578728,41.6024987377745],[-81.2366697154263,41.6015875234032],[-81.2374701316584,41.6010503198614]]]},"properties":{"source_county":"Geauga","jurisdiction":"Chardon Township","parcel_id":"06-121029","owner_name":"HENCSH JOSEPH & ROBYN","property_address":"11205 HAMPTON RIDGE DR","property_city":"CHARDON","property_zip":"44024"}},{"type":"Feature","geometry":{"type":"Polygon","coordinates":[[[-81.240649063845,41.6027286445914],[-81.2409219077389,41.6025382184202],[-81.2411806648002,41.6027470264596],[-81.2416826403555,41.6031520998587],[-81.2417934792173,41.6032415407549],[-81.2406569731582,41.6040347427891],[-81.2405779841798,41.6040898702616],[-81.2400551215881,41.6036678150286],[-81.2397065506783,41.603386443237],[-81.240649063845,41.6027286445914]]]},"properties":{"source_county":"Geauga","jurisdiction":"Chardon Township","parcel_id":"06-121030","owner_name":"ARMBRUSTER RUSSELL J","property_address":"9845 MENTOR RD","property_city":"CHARDON","property_zip":"44024"}},{"type":"Feature","geometry":{"type":"Polygon","coordinates":[[[-81.2406569731582,41.6040347427891],[-81.2417934792173,41.6032415407549],[-81.2427664667009,41.6040266769394],[-81.2427895834847,41.6040453301383],[-81.2427936780858,41.6044082472013],[-81.2409722765238,41.6044081383573],[-81.240657696721,41.604154213472],[-81.2405779841798,41.6040898702616],[-81.2406569731582,41.6040347427891]]]},"properties":{"source_county":"Geauga","jurisdiction":"Chardon Township","parcel_id":"06-121031","owner_name":"SNYDER JACOB A","property_address":"9811 MENTOR RD","property_city":"CHARDON","property_zip":"44024"}},{"type":"Feature","geometry":{"type":"Polygon","coordinates":[[[-81.2361808234461,41.6019156387542],[-81.2366697154263,41.6015875234032],[-81.2377984578728,41.6024987377745],[-81.2376514095528,41.6025744636111],[-81.2374994592185,41.6026445256338],[-81.2373429937368,41.6027087454574],[-81.2371824114746,41.6027669595711],[-81.2370181212836,41.6028190197549],[-81.2368505414599,41.6028647934572],[-81.236680098678,41.6029041641322],[-81.2364025599599,41.6029625623907],[-81.2360116844933,41.6019159878852],[-81.2361808234461,41.6019156387542]]]},"properties":{"source_county":"Geauga","jurisdiction":"Chardon Township","parcel_id":"06-121072","owner_name":"LOVE JOHN C & KATHERINE J","property_address":"11255 HAMPTON RIDGE DR","property_city":"CHARDON","property_zip":"44024"}},{"type":"Feature","geometry":{"type":"Polygon","coordinates":[[[-81.235382299952,41.601917283962],[-81.2360116844933,41.6019159878852],[-81.2364025599599,41.6029625623907],[-81.2354289402325,41.6031674193538],[-81.2354038863337,41.6031709586121],[-81.2353783942443,41.6031711786833],[-81.2353532385181,41.6031680728807],[-81.235329183489,41.6031617355712],[-81.2353069600466,41.6031523593081],[-81.2352872434287,41.6031402289806],[-81.2352706327045,41.6031257131571],[-81.2352576325727,41.603109252887],[-81.2352486380267,41.6030913482993],[-81.2350216542182,41.6024835687007],[-81.2349871997164,41.6024026472919],[-81.2349450737983,41.6023237974567],[-81.2348954950683,41.6022474283204],[-81.2348387207984,41.6021739361354],[-81.235382299952,41.601917283962]]]},"properties":{"source_county":"Geauga","jurisdiction":"Chardon Township","parcel_id":"06-121073","owner_name":"DURDELLA VINCENT PAUL & HALEY MORGAN","property_address":"11285 HAMPTON RIDGE DR","property_city":"CHARDON","property_zip":"44024"}},{"type":"Feature","geometry":{"type":"Polygon","coordinates":[[[-81.2344632906167,41.6006704763288],[-81.2353777421157,41.6006685785831],[-81.235382299952,41.601917283962],[-81.2348387207984,41.6021739361354],[-81.2347717165511,41.6021003044919],[-81.2346974869161,41.6020306862991],[-81.2346164568882,41.6019654801287],[-81.234529090391,41.6019050592922],[-81.2344358876207,41.6018497697034],[-81.2343817196563,41.6018213088359],[-81.2343259817676,41.6017946103421],[-81.2344271492093,41.6006705509021],[-81.2344279530258,41.6006705488522],[-81.2344632906167,41.6006704763288]]]},"properties":{"source_county":"Geauga","jurisdiction":"Chardon Township","parcel_id":"06-121074","owner_name":"DAVIDSON RALPH SCOTT & LORI ANN","property_address":"9890 BRECKENRIDGE DR","property_city":"CHARDON","property_zip":"44024"}},{"type":"Feature","geometry":{"type":"Polygon","coordinates":[[[-81.2340433402776,41.6017934265525],[-81.2322926462485,41.6006749504894],[-81.2331860368613,41.6006731139362],[-81.2344271492093,41.6006705509021],[-81.2343259817676,41.6017946103421],[-81.2342881922916,41.6017802142208],[-81.2342478989357,41.6017703603434],[-81.2342060639981,41.601765284043],[-81.2341636865925,41.6017651065535],[-81.2341217787874,41.6017698321134],[-81.2340813414368,41.6017793478657],[-81.2340433402776,41.6017934265525]]]},"properties":{"source_county":"Geauga","jurisdiction":"Chardon Township","parcel_id":"06-121075","owner_name":"WOLFE DAVID L & SUSAN N","property_address":"9900 BRECKENRIDGE DR","property_city":"CHARDON","property_zip":"44024"}},{"type":"Feature","geometry":{"type":"Polygon","coordinates":[[[-81.2318998607297,41.6006757553822],[-81.2322926462485,41.6006749504894],[-81.2340433402776,41.6017934265525],[-81.234008681871,41.6018117325103],[-81.2339781951947,41.6018338282221],[-81.2339526083942,41.6018591859557],[-81.2339325325894,41.6018872000684],[-81.2339184472775,41.6019172014718],[-81.2339106888806,41.6019484736121],[-81.2339094427095,41.6019802695846],[-81.2320151231222,41.6019428608968],[-81.231535375275,41.6006765014272],[-81.2318998607297,41.6006757553822]]]},"properties":{"source_county":"Geauga","jurisdiction":"Chardon Township","parcel_id":"06-121076","owner_name":"LANGLOTZ BRIAN R & PAMELA","property_address":"9895 BRECKENRIDGE DR","property_city":"CHARDON","property_zip":"44024"}},{"type":"Feature","geometry":{"type":"Polygon","coordinates":[[[-81.2323667944928,41.6028711156923],[-81.2320151231222,41.6019428608968],[-81.2339094427095,41.6019802695846],[-81.2339154140816,41.6020142249278],[-81.2339288042986,41.602046966946],[-81.2339492426096,41.6020775890454],[-81.2339761631067,41.6021052433295],[-81.2340088203938,41.6021291640768],[-81.2340463102257,41.6021486889433],[-81.2340875945448,41.6021632773022],[-81.2341315302254,41.6021725252143],[-81.2341769007255,41.6021761766125],[-81.2342224497733,41.6021741303927],[-81.2342669161529,41.6021664432131],[-81.2343090686275,41.6021533279252],[-81.234347740032,41.6021351476803],[-81.2343680999607,41.6021255557548],[-81.2343902787639,41.602118597723],[-81.2344136768264,41.6021144616987],[-81.2344376615703,41.6021132595014],[-81.2344626943003,41.6021151729286],[-81.2344869193588,41.6021202793087],[-81.2345096194056,41.6021284274342],[-81.2345301222577,41.6021393760269],[-81.2345478207934,41.6021528008824],[-81.2346013578571,41.6022043802417],[-81.2346503583089,41.6022584404355],[-81.2346946187004,41.60231475702],[-81.2347339552612,41.602373096183],[-81.2344398261158,41.6024349803447],[-81.2323667944928,41.6028711156923]]]},"properties":{"source_county":"Geauga","jurisdiction":"Chardon Township","parcel_id":"06-121077","owner_name":"CUTLER RICHARD I & LINDA D","property_address":"9875 BRECKENRIDGE DR","property_city":"CHARDON","property_zip":"44024"}},{"type":"Feature","geometry":{"type":"Polygon","coordinates":[[[-81.2344398261158,41.6024349803447],[-81.2347339552612,41.602373096183],[-81.2347763937838,41.6024493845198],[-81.2348104181926,41.6025280125918],[-81.2349485820643,41.6028979706919],[-81.2344436562492,41.6030042052785],[-81.2325668147471,41.603399063561],[-81.2323667944928,41.6028711156923],[-81.2344398261158,41.6024349803447]]]},"properties":{"source_county":"Geauga","jurisdiction":"Chardon Township","parcel_id":"06-121078","owner_name":"SCSB","property_address":"9855 BRECKENRIDGE DR","property_city":"CHARDON","property_zip":"44024"}},{"type":"Feature","geometry":{"type":"Polygon","coordinates":[[[-81.2344436562492,41.6030042052785],[-81.2349485820643,41.6028979706919],[-81.2352051747229,41.6035850257691],[-81.2344486357568,41.6037441978014],[-81.2328268452996,41.6040853952184],[-81.2325668147471,41.603399063561],[-81.2344436562492,41.6030042052785]]]},"properties":{"source_county":"Geauga","jurisdiction":"Chardon Township","parcel_id":"06-121079","owner_name":"WEAVER DAVID A & KAREN L","property_address":"9825 BRECKENRIDGE DR","property_city":"CHARDON","property_zip":"44024"}},{"type":"Feature","geometry":{"type":"Polygon","coordinates":[[[-81.2344486357568,41.6037441978014],[-81.2352051747229,41.6035850257691],[-81.2353778816901,41.6040474619886],[-81.2354118404291,41.604130835841],[-81.2354509550245,41.6042129269774],[-81.2354951399637,41.6042935558893],[-81.2344538066465,41.6045126455578],[-81.2339021214439,41.6046287132719],[-81.2331498630272,41.6047869726956],[-81.2330517997166,41.6046372802758],[-81.2330141894073,41.6045798680341],[-81.2328268452996,41.6040853952184],[-81.2344486357568,41.6037441978014]]]},"properties":{"source_county":"Geauga","jurisdiction":"Chardon Township","parcel_id":"06-121080","owner_name":"JANCAR PETER P TRUSTEE","property_address":"9805 BRECKENRIDGE DR","property_city":"CHARDON","property_zip":"44024"}},{"type":"Feature","geometry":{"type":"Polygon","coordinates":[[[-81.2344538066465,41.6045126455578],[-81.2354951399637,41.6042935558893],[-81.2355602163364,41.6043962129567],[-81.2356335079439,41.6044957022004],[-81.2357147423078,41.6045916536971],[-81.2358036174131,41.6046837106758],[-81.2358998028303,41.6047715308448],[-81.236002940944,41.6048547876648],[-81.2361126482824,41.6049331715632],[-81.2347083692313,41.6052286251228],[-81.2344689955272,41.6052789861479],[-81.2334725455568,41.6054886210195],[-81.2332846623323,41.6049927421381],[-81.2331498630272,41.6047869726956],[-81.2339021214439,41.6046287132719],[-81.2344538066465,41.6045126455578]]]},"properties":{"source_county":"Geauga","jurisdiction":"Chardon Township","parcel_id":"06-121081","owner_name":"RYDER KATHLEEN M & AFSARIFARD FARSHID","property_address":"9775 BRECKENRIDGE DR","property_city":"CHARDON","property_zip":"44024"}},{"type":"Feature","geometry":{"type":"Polygon","coordinates":[[[-81.2359923453193,41.6062280827009],[-81.2347083692313,41.6052286251228],[-81.2361126482824,41.6049331715632],[-81.2361452554981,41.6049547037025],[-81.2361947446239,41.6049863745108],[-81.236245834019,41.6050165799867],[-81.2363798590144,41.6050938352198],[-81.2365096838354,41.6051750306085],[-81.2366351029825,41.6052600376387],[-81.2367559179274,41.6053487217625],[-81.2368719374264,41.6054409426115],[-81.2369455656114,41.6055019723915],[-81.2369603577482,41.6055165030226],[-81.2369717308749,41.6055326750415],[-81.2369793693961,41.6055500396908],[-81.2369830613471,41.6055681151183],[-81.2369827042765,41.6055863997479],[-81.2369783080894,41.6056043861982],[-81.2369699947726,41.6056215753613],[-81.2369579950105,41.6056374902532],[-81.2369426417837,41.6056516892493],[-81.2367753682985,41.6057662308183],[-81.2366132649251,41.6058848862708],[-81.236456511194,41.6060075242156],[-81.236305280715,41.6061340088507],[-81.2362899848998,41.6061450990335],[-81.2362727078937,41.6061544070779],[-81.2362538149935,41.6061617361786],[-81.2362337056622,41.6061669313722],[-81.236212805083,41.6061698828136],[-81.2361915551689,41.6061705280989],[-81.2361478012357,41.6061720947311],[-81.2361049377428,41.6061788698133],[-81.2360640581981,41.6061906805037],[-81.2360262054974,41.6062072254949],[-81.2359923453193,41.6062280827009]]]},"properties":{"source_county":"Geauga","jurisdiction":"Chardon Township","parcel_id":"06-121082","owner_name":"WILLIAMS DARRYL RAY TOD & MARIE EDNA TOD","property_address":"9745 BRECKENRIDGE DR","property_city":"CHARDON","property_zip":"44024"}},{"type":"Feature","geometry":{"type":"Polygon","coordinates":[[[-81.2344689955272,41.6052789861479],[-81.2347083692313,41.6052286251228],[-81.2359923453193,41.6062280827009],[-81.2359625784163,41.6062534884964],[-81.23593875851,41.6062822108271],[-81.2359215291236,41.6063134737348],[-81.2359113557338,41.6063464326245],[-81.2359085131948,41.6063801970813],[-81.234496144272,41.6065336169657],[-81.2337456152128,41.6066151370158],[-81.2335940572405,41.6062106400003],[-81.2335347028867,41.6056526706014],[-81.2334725455568,41.6054886210195],[-81.2344689955272,41.6052789861479]]]},"properties":{"source_county":"Geauga","jurisdiction":"Chardon Township","parcel_id":"06-121083","owner_name":"POYAR RYAN & RACHAEL","property_address":"11295 WELLINGTON DR","property_city":"CHARDON","property_zip":"44024"}},{"type":"Feature","geometry":{"type":"Polygon","coordinates":[[[-81.234496144272,41.6065336169657],[-81.2359085131948,41.6063801970813],[-81.2359128532802,41.6064129326043],[-81.2359240866857,41.606444731051],[-81.2359419264631,41.6064747801282],[-81.2359659169024,41.6065023122296],[-81.2359954451721,41.6065266240444],[-81.2345209672501,41.6077107609847],[-81.2342405232807,41.6079359748584],[-81.2337456152128,41.6066151370158],[-81.234496144272,41.6065336169657]]]},"properties":{"source_county":"Geauga","jurisdiction":"Chardon Township","parcel_id":"06-121084","owner_name":"BURTON CHRISTOPHER C JR","property_address":"11305 WELLINGTON DR","property_city":"CHARDON","property_zip":"44024"}},{"type":"Feature","geometry":{"type":"Polygon","coordinates":[[[-81.2345209672501,41.6077107609847],[-81.2359954451721,41.6065266240444],[-81.2360284781786,41.6065464456542],[-81.2360651791177,41.6065622194787],[-81.2361046751256,41.6065735703662],[-81.2361460268612,41.6065802283558],[-81.2361882508467,41.606582035099],[-81.2362303428592,41.6065789476256],[-81.2365511503369,41.6079436995432],[-81.234526011614,41.6079369313446],[-81.2342405232807,41.6079359748584],[-81.2345209672501,41.6077107609847]]]},"properties":{"source_county":"Geauga","jurisdiction":"Chardon Township","parcel_id":"06-121085","owner_name":"HOLLINGER KIMBERLY KAY TOD","property_address":"11300 WELLINGTON DR","property_city":"CHARDON","property_zip":"44024"}},{"type":"Feature","geometry":{"type":"Polygon","coordinates":[[[-81.2364483630015,41.6064273297154],[-81.2384808333974,41.6068181064332],[-81.2384891368076,41.6079501436468],[-81.2374597242964,41.607946724358],[-81.2365511503369,41.6079436995432],[-81.2362303428592,41.6065789476256],[-81.2362737007985,41.6065704154398],[-81.2363146277365,41.6065566961814],[-81.2363520303268,41.6065381563555],[-81.2363849093769,41.6065152912463],[-81.2364123865416,41.6064887116857],[-81.2364337277873,41.6064591277351],[-81.2364483630015,41.6064273297154]]]},"properties":{"source_county":"Geauga","jurisdiction":"Chardon Township","parcel_id":"06-121086","owner_name":"O HARA THOMAS J TOD & CYNTHIA L TOD","property_address":"11290 WELLINGTON DR","property_city":"CHARDON","property_zip":"44024"}},{"type":"Feature","geometry":{"type":"Polygon","coordinates":[[[-81.2377924311021,41.6053189679298],[-81.2378329032415,41.6052988235419],[-81.2384784173929,41.6064887862982],[-81.2384808333974,41.6068181064332],[-81.2364483630015,41.6064273297154],[-81.236455811651,41.6063949162063],[-81.2364562860383,41.6063620260448],[-81.2364497740599,41.6063294991063],[-81.2364463291781,41.6063124452979],[-81.2364464860267,41.6062951970085],[-81.2364502407304,41.6062781800799],[-81.236457500587,41.6062618146418],[-81.236468086356,41.6062465047386],[-81.2364817366845,41.6062326283549],[-81.2366055718092,41.6061287037689],[-81.2367335151683,41.6060276215405],[-81.2368654509917,41.60592947312],[-81.2370012598987,41.6058343473031],[-81.2375729584476,41.6054461632995],[-81.2376800985014,41.6053800419514],[-81.2377924311021,41.6053189679298]]]},"properties":{"source_county":"Geauga","jurisdiction":"Chardon Township","parcel_id":"06-121087","owner_name":"SOCKMAN WILLIAM P TRUSTEE","property_address":"11250 WELLINGTON DR","property_city":"CHARDON","property_zip":"44024"}},{"type":"Feature","geometry":{"type":"Polygon","coordinates":[[[-81.2388752901254,41.6051239672699],[-81.2388904394384,41.605154233373],[-81.2389117165472,41.6051823455278],[-81.2389385964615,41.6052076100865],[-81.2389704159434,41.6052294036632],[-81.2390063898721,41.6052471885154],[-81.2390456306163,41.6052605258131],[-81.2390871699358,41.6052690864663],[-81.2391299828733,41.6052726592462],[-81.2391183040899,41.606490907002],[-81.2384784173929,41.6064887862982],[-81.2378329032415,41.6052988235419],[-81.2379502977814,41.6052454642253],[-81.238071783306,41.6051975404848],[-81.2381969135941,41.6051552283432],[-81.2383252290404,41.6051186832116],[-81.238456258343,41.6050880393189],[-81.2385895202344,41.6050634092188],[-81.2387245252487,41.6050448833764],[-81.2387493568868,41.6050451623995],[-81.2387737676701,41.6050485905767],[-81.2387970538121,41.6050550690704],[-81.2388185439505,41.6050644110994],[-81.2388376185026,41.6050763473237],[-81.2388537275287,41.6050905336102],[-81.2388664065873,41.6051065609539],[-81.2388752901254,41.6051239672699]]]},"properties":{"source_county":"Geauga","jurisdiction":"Chardon Township","parcel_id":"06-121088","owner_name":"HAHN SHERI E TRUSTEE","property_address":"11200 WELLINGTON DR","property_city":"CHARDON","property_zip":"44024"}},{"type":"Feature","geometry":{"type":"Polygon","coordinates":[[[-81.2391183040899,41.606490907002],[-81.2391299828733,41.6052726592462],[-81.2391755771003,41.6052709047854],[-81.2392201516908,41.6052634973294],[-81.2392624712418,41.6052506421791],[-81.2393013628511,41.6052326956199],[-81.2393357486257,41.605210155048],[-81.2393646755565,41.6051836451833],[-81.2406634797127,41.6062310914666],[-81.2409892703317,41.6064938244287],[-81.2406641168584,41.6064938018785],[-81.2399784586449,41.6064937525055],[-81.2391183040899,41.606490907002]]]},"properties":{"source_county":"Geauga","jurisdiction":"Chardon Township","parcel_id":"06-121089","owner_name":"MURPHY KENNETH E & JILL K","property_address":"11190 WELLINGTON DR","property_city":"CHARDON","property_zip":"44024"}},{"type":"Feature","geometry":{"type":"Polygon","coordinates":[[[-81.2406602743456,41.6049107690499],[-81.2409761892208,41.6048883948561],[-81.2409827296874,41.6056911102018],[-81.2409892703317,41.6064938244287],[-81.2406634797127,41.6062310914666],[-81.2393646755565,41.6051836451833],[-81.2393860393212,41.6051559683649],[-81.2394014319172,41.6051261414337],[-81.2394104816178,41.6050948847172],[-81.23941296988,41.6050629530719],[-81.2394088366213,41.6050311176526],[-81.2393981816702,41.6050001472893],[-81.2406602743456,41.6049107690499]]]},"properties":{"source_county":"Geauga","jurisdiction":"Chardon Township","parcel_id":"06-121090","owner_name":"PARTRIDGE WILLIAM MILES & JENNIFER MCGEE","property_address":"11160 WELLINGTON DR","property_city":"CHARDON","property_zip":"44024"}},{"type":"Feature","geometry":{"type":"Polygon","coordinates":[[[-81.2393447379412,41.6046019658131],[-81.2400551215881,41.6036678150286],[-81.2405779841798,41.6040898702616],[-81.240657696721,41.604154213472],[-81.2409722765238,41.6044081383573],[-81.2409739719431,41.6046162680054],[-81.2409761892208,41.6048883948561],[-81.2406602743456,41.6049107690499],[-81.2393981816702,41.6050001472893],[-81.2393790436474,41.6049677018093],[-81.239352765588,41.6049382054695],[-81.2393201284388,41.6049125348499],[-81.2392821021248,41.6048914528358],[-81.2392398167237,41.6048755859463],[-81.2391945288825,41.6048654057164],[-81.239147584473,41.6048612146838],[-81.2393447379412,41.6046019658131]]]},"properties":{"source_county":"Geauga","jurisdiction":"Chardon Township","parcel_id":"06-121091","owner_name":"TANKO DANIEL A & LAURA L","property_address":"11175 WELLINGTON DR","property_city":"CHARDON","property_zip":"44024"}},{"type":"Feature","geometry":{"type":"Polygon","coordinates":[[[-81.2386085420404,41.6048920513113],[-81.2385359178406,41.6046013998028],[-81.2383265429864,41.6037634373868],[-81.2395891877236,41.6034683518584],[-81.2397065506783,41.603386443237],[-81.2400551215881,41.6036678150286],[-81.2393447379412,41.6046019658131],[-81.239147584473,41.6048612146838],[-81.2390840758444,41.6048602931806],[-81.2389645662811,41.6048617801694],[-81.2388452902918,41.60486757946],[-81.2387265239226,41.6048776776309],[-81.2386085420404,41.6048920513113]]]},"properties":{"source_county":"Geauga","jurisdiction":"Chardon Township","parcel_id":"06-121092","owner_name":"BOKAL DAVID A & JOANNE S","property_address":"11205 WELLINGTON DR","property_city":"CHARDON","property_zip":"44024"}},{"type":"Feature","geometry":{"type":"Polygon","coordinates":[[[-81.2369438610825,41.6040865573831],[-81.2383265429864,41.6037634373868],[-81.2385359178406,41.6046013998028],[-81.2386085420404,41.6048920513113],[-81.2384636314396,41.6049157825695],[-81.2383208656844,41.6049459616022],[-81.2381807535548,41.6049824808598],[-81.2380437943764,41.6050252101974],[-81.2379104762414,41.6050739973391],[-81.2377812742691,41.6051286684201],[-81.2373731487132,41.6046207847587],[-81.2369438610825,41.6040865573831]]]},"properties":{"source_county":"Geauga","jurisdiction":"Chardon Township","parcel_id":"06-121093","owner_name":"CASSEDAY CHRISTINE NAPLES TRUSTEE","property_address":"11225 WELLINGTON DR","property_city":"CHARDON","property_zip":"44024"}},{"type":"Feature","geometry":{"type":"Polygon","coordinates":[[[-81.2357815907012,41.6043581540777],[-81.2369438610825,41.6040865573831],[-81.2373731487132,41.6046207847587],[-81.2377812742691,41.6051286684201],[-81.2376587242214,41.6051879576967],[-81.2375410188194,41.6052525404123],[-81.2374285634342,41.6053221941551],[-81.2373128717409,41.6054004140849],[-81.2372930149301,41.6054113725206],[-81.2372709884273,41.6054196728471],[-81.2372474177111,41.605425079363],[-81.2372229721114,41.6054274385411],[-81.2371983458021,41.6054266833886],[-81.2371742380886,41.6054228353494],[-81.23715133355,41.6054160036949],[-81.2371302825985,41.6054063824214],[-81.2371116830101,41.605394244741],[-81.2369825841215,41.6052880825531],[-81.2368412489407,41.6051801514984],[-81.2366935741848,41.6050771129851],[-81.2365398602186,41.6049791765696],[-81.2363804196849,41.6048865414311],[-81.2363186162796,41.6048495443255],[-81.2362590489522,41.6048105357283],[-81.236165602325,41.6047440486609],[-81.2360773414113,41.6046736828465],[-81.2359945515253,41.6045996657646],[-81.2359175002915,41.6045222366978],[-81.23584643678,41.6044416459582],[-81.2357815907012,41.6043581540777]]]},"properties":{"source_county":"Geauga","jurisdiction":"Chardon Township","parcel_id":"06-121094","owner_name":"ROBINSON SCOTT W & KAREN P","property_address":"11245 WELLINGTON DR","property_city":"CHARDON","property_zip":"44024"}},{"type":"Feature","geometry":{"type":"Polygon","coordinates":[[[-81.2354881543961,41.6033259700486],[-81.2365744199802,41.6030974113715],[-81.2369438610825,41.6040865573831],[-81.2357815907012,41.6043581540777],[-81.2357235155343,41.6042725753145],[-81.2356719729492,41.6041846712302],[-81.2356271274733,41.6040947224657],[-81.2355891222509,41.6040030161885],[-81.2353868044689,41.6034613003932],[-81.2353820890737,41.6034424955354],[-81.2353817958673,41.6034233617792],[-81.2353859337546,41.6034044804905],[-81.2353943770053,41.6033864253632],[-81.2354068690741,41.603369744989],[-81.2354230303964,41.6033549461879],[-81.2354423699209,41.6033424786098],[-81.2354643000305,41.6033327210719],[-81.2354881543961,41.6033259700486]]]},"properties":{"source_county":"Geauga","jurisdiction":"Chardon Township","parcel_id":"06-121095","owner_name":"MYEROFF KEVIN H & LOIS L","property_address":"9800 BRECKENRIDGE DR","property_city":"CHARDON","property_zip":"44024"}},{"type":"Feature","geometry":{"type":"Polygon","coordinates":[[[-81.2375893095685,41.6027957019126],[-81.2383265429864,41.6037634373868],[-81.2369438610825,41.6040865573831],[-81.2365744199802,41.6030974113715],[-81.2367393156163,41.6030627151038],[-81.2369159117177,41.6030220129359],[-81.2370896258289,41.602974838598],[-81.2372600371832,41.6029213063564],[-81.2374267330167,41.6028615458774],[-81.2375893095685,41.6027957019126]]]},"properties":{"source_county":"Geauga","jurisdiction":"Chardon Township","parcel_id":"06-121096","owner_name":"CUBIC JOHN & DONNA TRUSTEES","property_address":"11250 HAMPTON RIDGE DR","property_city":"CHARDON","property_zip":"44024"}},{"type":"Feature","geometry":{"type":"Polygon","coordinates":[[[-81.2382820740335,41.6024131979268],[-81.2387177743205,41.6027649172838],[-81.2391534780726,41.6031166358526],[-81.2395891877236,41.6034683518584],[-81.2383265429864,41.6037634373868],[-81.2375893095685,41.6027957019126],[-81.237736937873,41.6027289209841],[-81.2378803259571,41.6026571236327],[-81.2380191714828,41.6025804612522],[-81.238153181694,41.602499095494],[-81.2382820740335,41.6024131979268]]]},"properties":{"source_county":"Geauga","jurisdiction":"Chardon Township","parcel_id":"06-121097","owner_name":"DONAHUE JAMES J & FRANCES M","property_address":"11220 HAMPTON RIDGE DR","property_city":"CHARDON","property_zip":"44024"}},{"type":"Feature","geometry":{"type":"Polygon","coordinates":[[[-81.2409761892208,41.6048883948561],[-81.2427990966094,41.6048885044791],[-81.2428064209167,41.6055376389315],[-81.2428070819496,41.6055962320457],[-81.2428081537259,41.6056912196955],[-81.2409827296874,41.6056911102018],[-81.2409761892208,41.6048883948561]]]},"properties":{"source_county":"Geauga","jurisdiction":"Chardon Township","parcel_id":"06-121098","owner_name":"HANLEY FRANK J TRUSTEE","property_address":"9765 AUBURN RD","property_city":"CHARDON","property_zip":"44024"}},{"type":"Feature","geometry":{"type":"Polygon","coordinates":[[[-81.2409827296874,41.6056911102018],[-81.2428081537259,41.6056912196955],[-81.2428112189886,41.6059628836542],[-81.2428172110818,41.6064939337928],[-81.2409892703317,41.6064938244287],[-81.2409827296874,41.6056911102018]]]},"properties":{"source_county":"Geauga","jurisdiction":"Chardon Township","parcel_id":"06-121099","owner_name":"FORADIS GEORGE G & JULIE A","property_address":"9735 AUBURN RD","property_city":"CHARDON","property_zip":"44024"}},{"type":"Feature","geometry":{"type":"Polygon","coordinates":[[[-81.2346812905899,41.5993608742648],[-81.2354124695316,41.5993547750279],[-81.2357316243962,41.6006678428804],[-81.2353777421157,41.6006685785831],[-81.2344632906167,41.6006704763288],[-81.2346812905899,41.5993608742648]]]},"properties":{"source_county":"Geauga","jurisdiction":"Chardon Township","parcel_id":"06-121101","owner_name":"LACH BRIAN D & SUSAN TRUSTEES","property_address":"11300 WOODIE GLEN DR","property_city":"CHARDON","property_zip":"44024"}},{"type":"Feature","geometry":{"type":"Polygon","coordinates":[[[-81.2344191551533,41.5993630599793],[-81.2346812905899,41.5993608742648],[-81.2344632906167,41.6006704763288],[-81.2344279530258,41.6006705488522],[-81.2344271492093,41.6006705509021],[-81.2331860368613,41.6006731139362],[-81.2339501078964,41.5993669697614],[-81.2344191551533,41.5993630599793]]]},"properties":{"source_county":"Geauga","jurisdiction":"Chardon Township","parcel_id":"06-121102","owner_name":"TANG ANDREW SING & TAMMY SAU","property_address":"11330 WOODIE GLEN DR","property_city":"CHARDON","property_zip":"44024"}},{"type":"Feature","geometry":{"type":"Polygon","coordinates":[[[-81.2332189226681,41.5993730606304],[-81.2339501078964,41.5993669697614],[-81.2331860368613,41.6006731139362],[-81.2322926462485,41.6006749504894],[-81.2318998607297,41.6006757553822],[-81.2332189226681,41.5993730606304]]]},"properties":{"source_county":"Geauga","jurisdiction":"Chardon Township","parcel_id":"06-121103","owner_name":"TANG ANDREW SING & TAMMY SAU","property_address":" WOODIE GLEN DR","property_city":"CHARDON","property_zip":"44024"}},{"type":"Feature","geometry":{"type":"Polygon","coordinates":[[[-81.242954806369,41.6185533239896],[-81.2455415482712,41.6185516803642],[-81.2455519017918,41.619457261745],[-81.242965292329,41.6194738867903],[-81.242954806369,41.6185533239896]]]},"properties":{"source_county":"Geauga","jurisdiction":"Chardon Township","parcel_id":"06-121113","owner_name":"DYSERT WILLIAM L & KALI B CO TRUSTEES","property_address":" AUBURN RD","property_city":"CHARDON","property_zip":"44024"}},{"type":"Feature","geometry":{"type":"Polygon","coordinates":[[[-81.2427936780858,41.6044082472013],[-81.2427895834847,41.6040453301383],[-81.2431407349277,41.6043274452359],[-81.2427943189182,41.6044650175527],[-81.2427936780858,41.6044082472013]]]},"properties":{"source_county":"Geauga","jurisdiction":"Chardon Township","parcel_id":"06-705800","owner_name":"CHARDON TWP BOARD OF TRUSTEES","property_address":" MENTOR RD","property_city":"CHARDON","property_zip":"44024"}},{"type":"Feature","geometry":{"type":"Polygon","coordinates":[[[-81.2369477476808,41.6006653051739],[-81.2378774724452,41.6000406622348],[-81.2379976664042,41.6001440534622],[-81.2383582588336,41.6004542327697],[-81.2374701316584,41.6010503198614],[-81.2366697154263,41.6015875234032],[-81.2361808234461,41.6019156387542],[-81.2360116844933,41.6019159878852],[-81.235382299952,41.601917283962],[-81.2353777421157,41.6006685785831],[-81.2357316243962,41.6006678428804],[-81.2369477476808,41.6006653051739]]]},"properties":{"source_county":"Geauga","jurisdiction":"Chardon Township","parcel_id":"06-707400","owner_name":"CHARDON BOARD OF TRUSTEES","property_address":"9949 MENTOR RD","property_city":"CHARDON","property_zip":"44024"}},{"type":"Feature","geometry":{"type":"Polygon","coordinates":[[[-81.2297754154423,41.6176025872189],[-81.2310836854817,41.6175967112626],[-81.2310828085918,41.6179370120688],[-81.2310808535173,41.6186953881067],[-81.2297704092136,41.6186979618737],[-81.2222067538844,41.6187125308601],[-81.2222765201276,41.6184571303536],[-81.2223186486264,41.618302907855],[-81.2223239447702,41.6182835175872],[-81.2224993851225,41.6176412524333],[-81.2294741286716,41.617603938425],[-81.2297754154423,41.6176025872189]]]},"properties":{"source_county":"Geauga","jurisdiction":"Chardon Township","parcel_id":"06-707419","owner_name":"GEAUGA PARK DISTRICT","property_address":"9280 RAVENNA RD","property_city":"CHARDON","property_zip":"44024"}},{"type":"Feature","geometry":{"type":"Polygon","coordinates":[[[-81.2348121415612,41.619042734968],[-81.2367615480649,41.619044861355],[-81.2368005805859,41.6192508818768],[-81.2351774861232,41.6192489951454],[-81.2349897083246,41.6194440156828],[-81.2348121415612,41.619042734968]]]},"properties":{"source_county":"Geauga","jurisdiction":"Chardon Township","parcel_id":"06-707439","owner_name":"GEAUGA COUNTY PARK DISTRICT","property_address":" SR 44","property_city":"CHARDON","property_zip":"44024"}},{"type":"Feature","geometry":{"type":"Polygon","coordinates":[[[-81.2344799802407,41.6192480843726],[-81.2344797114349,41.6191615827666],[-81.2345180436706,41.6192481260506],[-81.2344799802407,41.6192480843726]]]},"properties":{"source_county":"Geauga","jurisdiction":"Chardon Township","parcel_id":"06-707440","owner_name":"GEAUGA COUNTY PARK DISTRICT","property_address":" CLARK RD","property_city":"CHARDON","property_zip":"44024"}},{"type":"Feature","geometry":{"type":"Polygon","coordinates":[[[-81.2371374839164,41.6253434858835],[-81.2370601078383,41.6251232717184],[-81.2369801739521,41.6249035725247],[-81.2369418260793,41.6249033620105],[-81.23678302564,41.6244878730212],[-81.2366150683748,41.6240744163187],[-81.2364380006116,41.6236631055219],[-81.2356017718927,41.6217753414404],[-81.2355958349968,41.6217619381376],[-81.2356323762501,41.6217638826842],[-81.2345180436706,41.6192481260506],[-81.2344797114349,41.6191615827666],[-81.2344776194488,41.6184886389144],[-81.2344769879121,41.6182853093428],[-81.2348121415612,41.619042734968],[-81.2349897083246,41.6194440156828],[-81.2360165294463,41.6217644142818],[-81.2359823744433,41.6217643669925],[-81.2359872028935,41.6217752684103],[-81.2367849484596,41.623576134442],[-81.236928056034,41.6239064398463],[-81.237065348968,41.6242381320005],[-81.2371968033174,41.6245711532705],[-81.2373223961514,41.6249054457899],[-81.2373675815534,41.6249056926378],[-81.2375061421832,41.6253013402905],[-81.2376361823287,41.6256986129746],[-81.2377576680191,41.6260974073832],[-81.2378705675059,41.6264976198112],[-81.2374991319488,41.6264989004575],[-81.2373863685307,41.6261124057971],[-81.2372658099059,41.6257272381017],[-81.2371374839164,41.6253434858835]]]},"properties":{"source_county":"Geauga","jurisdiction":"Chardon Township","parcel_id":"06-707441","owner_name":"GEAUGA COUNTY PARK DISTRICT","property_address":" CLARK RD","property_city":"CHARDON","property_zip":"44024"}},{"type":"Feature","geometry":{"type":"Polygon","coordinates":[[[-81.2318108864155,41.6192450851552],[-81.231827586485,41.6191056568597],[-81.2319208230335,41.6191354579051],[-81.2330179933396,41.6191366860639],[-81.2333870381578,41.6190117634591],[-81.2337055138829,41.6184899870605],[-81.2344776194488,41.6184886389144],[-81.2344797114349,41.6191615827666],[-81.2344799802407,41.6192480843726],[-81.2318108864155,41.6192450851552]]]},"properties":{"source_county":"Geauga","jurisdiction":"Chardon Township","parcel_id":"06-707442","owner_name":"GEAUGA COUNTY PARK DISTRICT","property_address":" CLARK RD","property_city":"CHARDON","property_zip":"44024"}},{"type":"Feature","geometry":{"type":"Polygon","coordinates":[[[-81.2427422744058,41.6010626383288],[-81.2427397574034,41.6007542105911],[-81.2461420736303,41.6010364349691],[-81.2461323852315,41.6016805766501],[-81.2455280383019,41.6016806049108],[-81.2455189106388,41.6023213964397],[-81.2427525581314,41.6023226695729],[-81.2427520526574,41.602260666163],[-81.2427422744058,41.6010626383288]]]},"properties":{"source_county":"Geauga","jurisdiction":"Chardon Township","parcel_id":"06-707455","owner_name":"CHARDON TOWNSHIP BOARD OF TRUSTEES","property_address":"9924 AUBURN RD","property_city":"CHARDON","property_zip":"44024"}},{"type":"Feature","geometry":{"type":"Polygon","coordinates":[[[-81.2427525581314,41.6023226695729],[-81.2455189106388,41.6023213964397],[-81.2455159464423,41.6025294630957],[-81.2438120599256,41.6025302599413],[-81.2437960408289,41.6036525389199],[-81.2427634161622,41.6036530095113],[-81.242753230057,41.6024049265417],[-81.2427525581314,41.6023226695729]]]},"properties":{"source_county":"Geauga","jurisdiction":"Chardon Township","parcel_id":"06-707456","owner_name":"CHARDON TOWNSHIP BOARD OF TRUSTEES","property_address":" AUBURN RD","property_city":"CHARDON","property_zip":"44024"}},{"type":"Feature","geometry":{"type":"Polygon","coordinates":[[[-81.2427634161622,41.6036530095113],[-81.2437960408289,41.6036525389199],[-81.2437825259782,41.6045994828518],[-81.2434798781267,41.6045999086036],[-81.2431407349277,41.6043274452359],[-81.2427895834847,41.6040453301383],[-81.2427664667009,41.6040266769394],[-81.2427634161622,41.6036530095113]]]},"properties":{"source_county":"Geauga","jurisdiction":"Chardon Township","parcel_id":"06-707461","owner_name":"CHARDON TOWNSHIP BOARD OF TRUSTEES THE","property_address":" AUBURN RD","property_city":"CHARDON","property_zip":"44024"}}]}