{"type":"FeatureCollection","features":[{"type":"Feature","geometry":{"type":"Polygon","coordinates":[[[-81.2535961662818,41.6227196718086],[-81.2543140382739,41.6227182760847],[-81.2551914308839,41.6232674553949],[-81.2551106704537,41.6232806472491],[-81.2550315918853,41.6232986855555],[-81.2549547108453,41.6233214526877],[-81.2548805286717,41.623348800183],[-81.2548095291054,41.6233805497098],[-81.2547421751354,41.6234164942313],[-81.25467890598,41.6234563993549],[-81.2546201342229,41.6235000048603],[-81.2531842531258,41.6227891868126],[-81.2535966881306,41.6227882932609],[-81.2535961662818,41.6227196718086]]]},"properties":{"source_county":"Geauga","jurisdiction":"Chardon Township","parcel_id":"06-001200","owner_name":"RESTLY JOSEPH & JENNIFER C","property_address":"9075 MOUNTAIN VIEW DR","property_city":"CHARDON","property_zip":"44024"}},{"type":"Feature","geometry":{"type":"Polygon","coordinates":[[[-81.2524428529697,41.6037198004286],[-81.2531396391628,41.6037260930633],[-81.2531336995482,41.6038459367665],[-81.2541342716859,41.6039333742262],[-81.2541353500859,41.6045844417508],[-81.2524442673279,41.6045869609098],[-81.2524428529697,41.6037198004286]]]},"properties":{"source_county":"Geauga","jurisdiction":"Chardon Township","parcel_id":"06-003700","owner_name":"LUNG WILLIAM A & NANCY J","property_address":"10809 MITCHELLS MILL RD","property_city":"CHARDON","property_zip":"44024"}},{"type":"Feature","geometry":{"type":"Polygon","coordinates":[[[-81.2524442673279,41.6045869609098],[-81.2541353500859,41.6045844417508],[-81.25413595581,41.6049497839628],[-81.2533411893737,41.6047793312898],[-81.2524442673279,41.6045869609098]]]},"properties":{"source_county":"Geauga","jurisdiction":"Chardon Township","parcel_id":"06-003750","owner_name":"LUNG WILLIAM A & NANCY J","property_address":" MITCHELLS MILL RD","property_city":"CHARDON","property_zip":"44024"}},{"type":"Feature","geometry":{"type":"Polygon","coordinates":[[[-81.2555315261316,41.6162565367158],[-81.2578040199818,41.616230641078],[-81.2579825553989,41.6165570181333],[-81.255075455641,41.6165827250134],[-81.2555315261316,41.6162565367158]]]},"properties":{"source_county":"Geauga","jurisdiction":"Chardon Township","parcel_id":"06-007800","owner_name":"PARR CATHERINE M & DOUGLAS L","property_address":"9343 HERMITAGE RD","property_city":"CHARDON","property_zip":"44024"}},{"type":"Feature","geometry":{"type":"Polygon","coordinates":[[[-81.2571848585811,41.6241441437904],[-81.2583617646841,41.6241443716465],[-81.2583612030905,41.6245121461492],[-81.2583611094846,41.6245121460497],[-81.257166899997,41.6245119043214],[-81.2571665696327,41.6241441193145],[-81.2571848585811,41.6241441437904]]]},"properties":{"source_county":"Geauga","jurisdiction":"Chardon Township","parcel_id":"06-008100","owner_name":"BORAWSKI STEVEN J TOD","property_address":"9044 MOUNTAIN VIEW DR","property_city":"CHARDON","property_zip":"44024"}},{"type":"Feature","geometry":{"type":"Polygon","coordinates":[[[-81.2513465098228,41.6045885843202],[-81.2524442673279,41.6045869609098],[-81.2524403223,41.6064272186886],[-81.2514022176197,41.6064342523411],[-81.2513465098228,41.6045885843202]]]},"properties":{"source_county":"Geauga","jurisdiction":"Chardon Township","parcel_id":"06-008900","owner_name":"MULLET CRIST E BARBARA A","property_address":"10840 MITCHELLS MILL RD","property_city":"CHARDON","property_zip":"44024"}},{"type":"Feature","geometry":{"type":"Polygon","coordinates":[[[-81.2583611094846,41.6245121460497],[-81.2583612030905,41.6245121461492],[-81.2583606258753,41.6248799213389],[-81.2583604566605,41.6248799213322],[-81.2571663160698,41.6248796795052],[-81.257166899997,41.6245119043214],[-81.2583611094846,41.6245121460497]]]},"properties":{"source_county":"Geauga","jurisdiction":"Chardon Township","parcel_id":"06-009400","owner_name":"HOSLER KRISTEN & BENJAMIN","property_address":"9030 MOUNTAIN VIEW DR","property_city":"CHARDON","property_zip":"44024"}},{"type":"Feature","geometry":{"type":"Polygon","coordinates":[[[-81.258411840242,41.6173299047869],[-81.2600934593545,41.6173310852465],[-81.2600930185366,41.6187486029712],[-81.2600928794169,41.6191972619448],[-81.2589872386385,41.6192044832707],[-81.2586467529442,41.6177578725936],[-81.258411840242,41.6173299047869]]]},"properties":{"source_county":"Geauga","jurisdiction":"Chardon Township","parcel_id":"06-014500","owner_name":"CHASE MARK M & GREGORY G","property_address":"9282 HERMITAGE RD","property_city":"CHARDON","property_zip":"44024"}},{"type":"Feature","geometry":{"type":"Polygon","coordinates":[[[-81.2532367836211,41.6125240955771],[-81.2533165217828,41.6124677133404],[-81.253972442662,41.6129901992562],[-81.2537615827015,41.613139282501],[-81.2529912502865,41.6131543724541],[-81.2529742558558,41.6126193069183],[-81.2531057857638,41.6126167238111],[-81.2532367836211,41.6125240955771]]]},"properties":{"source_county":"Geauga","jurisdiction":"Chardon Township","parcel_id":"06-014650","owner_name":"LAZNIK FRANK J & NOREEN","property_address":"9481 MENTOR RD","property_city":"CHARDON","property_zip":"44024"}},{"type":"Feature","geometry":{"type":"Polygon","coordinates":[[[-81.2531708561315,41.624500153748],[-81.2543450380784,41.6245005649725],[-81.2543443566795,41.6248726273057],[-81.2531683361911,41.6248723684131],[-81.2531708561315,41.624500153748]]]},"properties":{"source_county":"Geauga","jurisdiction":"Chardon Township","parcel_id":"06-014700","owner_name":"CHRISTEL MARTIN W","property_address":"9033 MOUNTAIN VIEW DR","property_city":"CHARDON","property_zip":"44024"}},{"type":"Feature","geometry":{"type":"Polygon","coordinates":[[[-81.2531743099176,41.6241269207165],[-81.2543448280475,41.6241272918107],[-81.2543450380784,41.6245005649725],[-81.2531708561315,41.624500153748],[-81.2531743099176,41.6241269207165]]]},"properties":{"source_county":"Geauga","jurisdiction":"Chardon Township","parcel_id":"06-014800","owner_name":"CHRISTEL MARTIN W","property_address":" MOUNTAIN VIEW DR","property_city":"CHARDON","property_zip":"44024"}},{"type":"Feature","geometry":{"type":"Polygon","coordinates":[[[-81.2531788899932,41.623550595034],[-81.2531842531258,41.6227891868126],[-81.2546201342229,41.6235000048603],[-81.2545803094646,41.6235339951919],[-81.2545432222253,41.6235696867081],[-81.2545090013056,41.6236069554601],[-81.2544777655527,41.6236456720211],[-81.2544496234475,41.6236857019362],[-81.2544246727278,41.6237269061893],[-81.2544030000488,41.6237691416857],[-81.2543846806822,41.6238122617492],[-81.2531788899932,41.623550595034]]]},"properties":{"source_county":"Geauga","jurisdiction":"Chardon Township","parcel_id":"06-015200","owner_name":"DOUDICAN MICHAEL E & SUSAN","property_address":"9071 MOUNTAIN VIEW DR","property_city":"CHARDON","property_zip":"44024"}},{"type":"Feature","geometry":{"type":"Polygon","coordinates":[[[-81.2650742945001,41.6088120193238],[-81.2647666475836,41.6077382450065],[-81.2665739437862,41.6084655583495],[-81.26655615474,41.6115812594323],[-81.2645156608728,41.6115855110105],[-81.2645156237064,41.611583157681],[-81.2645156197277,41.6115829235158],[-81.2644785616456,41.6092194755899],[-81.2650742945001,41.6088120193238]]]},"properties":{"source_county":"Geauga","jurisdiction":"Chardon Township","parcel_id":"06-016900","owner_name":"KNERLY STEPHEN J JR TRUSTEE","property_address":" MITCHELLS MILL RD","property_city":"CHARDON","property_zip":"44024"}},{"type":"Feature","geometry":{"type":"Polygon","coordinates":[[[-81.2576091932279,41.6083777559953],[-81.2573648919769,41.6079646884964],[-81.2569120648201,41.607962925535],[-81.2567510507376,41.607961990802],[-81.2573051616953,41.6056642575264],[-81.2584865170846,41.6059876797272],[-81.2582347157239,41.6070326932995],[-81.2576091932279,41.6083777559953]]]},"properties":{"source_county":"Geauga","jurisdiction":"Chardon Township","parcel_id":"06-023100","owner_name":"METZ BARBARA M TOD","property_address":" MITCHELLS MILL RD","property_city":"CHARDON","property_zip":"44024"}},{"type":"Feature","geometry":{"type":"Polygon","coordinates":[[[-81.2524403223,41.6064272186886],[-81.2524442673279,41.6045869609098],[-81.2533411893737,41.6047793312898],[-81.2533344525529,41.6079420949992],[-81.2524497335106,41.6079369272992],[-81.2524370866596,41.6079368536489],[-81.2524389964978,41.6070460482354],[-81.2524403223,41.6064272186886]]]},"properties":{"source_county":"Geauga","jurisdiction":"Chardon Township","parcel_id":"06-023300","owner_name":"KUHN MARY LINDA","property_address":"10820 MITCHELLS MILL RD","property_city":"CHARDON","property_zip":"44024"}},{"type":"Feature","geometry":{"type":"Polygon","coordinates":[[[-81.2553683270746,41.6039404281312],[-81.2585868513,41.6039587616995],[-81.2585946975893,41.604577678401],[-81.258613014045,41.6060223929532],[-81.2584865170846,41.6059876797272],[-81.2573051616953,41.6056642575264],[-81.2567187118341,41.6055036613677],[-81.2564094140039,41.6054373352583],[-81.2552540203365,41.6051895639198],[-81.2545573215707,41.605040150839],[-81.2548942339086,41.6045833033138],[-81.2553683270746,41.6039404281312]]]},"properties":{"source_county":"Geauga","jurisdiction":"Chardon Township","parcel_id":"06-023500","owner_name":"LOVE GAIL JOANNE","property_address":" MITCHELLS MILL RD","property_city":"CHARDON","property_zip":"44024"}},{"type":"Feature","geometry":{"type":"Polygon","coordinates":[[[-81.2603502342103,41.6154348984683],[-81.2595640596753,41.615240815991],[-81.2591638557981,41.6161051918595],[-81.2583864243798,41.6159069230228],[-81.2583870130304,41.6141094480602],[-81.2583871985354,41.6135406224028],[-81.2583878309485,41.61160687784],[-81.2583878419681,41.6115734712994],[-81.2589943451021,41.6115755323259],[-81.2629225045136,41.611588805168],[-81.2645156608728,41.6115855110105],[-81.26655615474,41.6115812594323],[-81.2665461142253,41.6123609201624],[-81.2664738824967,41.6179691575913],[-81.2599667052299,41.6163099363066],[-81.2603502342103,41.6154348984683]]]},"properties":{"source_county":"Geauga","jurisdiction":"Chardon Township","parcel_id":"06-023900","owner_name":"DOLAN MARK D & RENEE DELUCA","property_address":"9306 MENTOR RD","property_city":"CHARDON","property_zip":"44024"}},{"type":"Feature","geometry":{"type":"Polygon","coordinates":[[[-81.2583631102398,41.6234310655771],[-81.2583634291661,41.6234309546245],[-81.2583622909156,41.6239236740065],[-81.2583617646841,41.6241443716465],[-81.2571848585811,41.6241441437904],[-81.2571852971557,41.6240247561151],[-81.2571836101347,41.6239804071734],[-81.2571785752696,41.6239362013034],[-81.25717020876,41.6238922806746],[-81.2571585375196,41.6238487865393],[-81.2583630293042,41.6234310935275],[-81.2583631102398,41.6234310655771]]]},"properties":{"source_county":"Geauga","jurisdiction":"Chardon Township","parcel_id":"06-025560","owner_name":"CLARKE DONALD P TOD & KATHRYN J TOD","property_address":"9058 MOUNTAIN VIEW DR","property_city":"CHARDON","property_zip":"44024"}},{"type":"Feature","geometry":{"type":"Polygon","coordinates":[[[-81.2553550449718,41.6234205631537],[-81.2555095899995,41.6234205026573],[-81.2559532023859,41.6240887684488],[-81.2557561466043,41.6241602490688],[-81.2556567026231,41.6241960658918],[-81.2553200085096,41.6239644842463],[-81.2547524134992,41.6236370248778],[-81.2548111085983,41.6235897878574],[-81.2548761819899,41.6235475164085],[-81.2549468916306,41.6235106925527],[-81.2550224312107,41.6234797361921],[-81.2551019393487,41.6234550003212],[-81.2551845094134,41.623436767002],[-81.2552691998612,41.623425244148],[-81.2553550449718,41.6234205631537]]]},"properties":{"source_county":"Geauga","jurisdiction":"Chardon Township","parcel_id":"06-027400","owner_name":"DERUBEIS ROGER A & DARLENE K","property_address":"9062 MOUNTAIN VIEW DR","property_city":"CHARDON","property_zip":"44024"}},{"type":"Feature","geometry":{"type":"Polygon","coordinates":[[[-81.2555315261316,41.6162565367158],[-81.2568638314039,41.6152932380823],[-81.2570273041091,41.6154234399519],[-81.2572800653729,41.6156247567233],[-81.2575038056898,41.6156818203649],[-81.2575590834352,41.6157828743376],[-81.2578040199818,41.616230641078],[-81.2555315261316,41.6162565367158]]]},"properties":{"source_county":"Geauga","jurisdiction":"Chardon Township","parcel_id":"06-036900","owner_name":"GRIMM MARGARET E TOD","property_address":"9371 HERMITAGE RD","property_city":"CHARDON","property_zip":"44024"}},{"type":"Feature","geometry":{"type":"Polygon","coordinates":[[[-81.2561433086571,41.6234207679919],[-81.2562244968066,41.6234238459186],[-81.256304853478,41.6234330708166],[-81.2563835541899,41.6234483480358],[-81.2564597914499,41.6234695208278],[-81.2565327830394,41.6234963719535],[-81.2566017800387,41.6235286259124],[-81.2566660745109,41.6235659517687],[-81.2567250067655,41.6236079665468],[-81.2567758349959,41.6236516063576],[-81.2568202107585,41.623699043595],[-81.2568063336611,41.6237074721365],[-81.2568481614515,41.6237636152631],[-81.256881683773,41.6238228131664],[-81.2569065102972,41.6238843765959],[-81.2569223519393,41.6239475887571],[-81.256580546188,41.6241841670542],[-81.2559532023859,41.6240887684488],[-81.2555095899995,41.6234205026573],[-81.2561433086571,41.6234207679919]]]},"properties":{"source_county":"Geauga","jurisdiction":"Chardon Township","parcel_id":"06-037750","owner_name":"MANTEL JENNIFER L & LOTT STEPHEN E JR","property_address":"9055 MOUNTAIN VIEW DR","property_city":"CHARDON","property_zip":"44024"}},{"type":"Feature","geometry":{"type":"Polygon","coordinates":[[[-81.2583641379644,41.6228134398633],[-81.2583641731523,41.6228134195283],[-81.2583634291661,41.6234309546245],[-81.2583631102398,41.6234310655771],[-81.2583630293042,41.6234310935275],[-81.2571585375196,41.6238487865393],[-81.2571331910096,41.6237806677634],[-81.2570997495912,41.6237145448352],[-81.2570584865759,41.6236509581197],[-81.2570097391917,41.6235904272543],[-81.2583641379644,41.6228134398633]]]},"properties":{"source_county":"Geauga","jurisdiction":"Chardon Township","parcel_id":"06-040700","owner_name":"LATESSA VORVOLAKOS ALEXANDRA R & VORVOLAKIS VASILIOS","property_address":"9066 MOUNTAIN VIEW DR","property_city":"CHARDON","property_zip":"44024"}},{"type":"Feature","geometry":{"type":"Polygon","coordinates":[[[-81.256142781219,41.6232560843947],[-81.2555575315825,41.6232558229464],[-81.2555577453541,41.6227156457752],[-81.2564539445256,41.6227137454371],[-81.2563272654271,41.6232685220806],[-81.2562353926269,41.6232592191331],[-81.256142781219,41.6232560843947]]]},"properties":{"source_county":"Geauga","jurisdiction":"Chardon Township","parcel_id":"06-043800","owner_name":"HOCH SCOTT","property_address":"9080 MOUNTAIN VIEW DR","property_city":"CHARDON","property_zip":"44024"}},{"type":"Feature","geometry":{"type":"Polygon","coordinates":[[[-81.2619298288116,41.617238549109],[-81.2619221642804,41.6168955473573],[-81.2631920030411,41.6172193429253],[-81.2632362682287,41.6191985836052],[-81.2622493515579,41.6192110127754],[-81.2622117551445,41.6175287105998],[-81.2619298288116,41.617238549109]]]},"properties":{"source_county":"Geauga","jurisdiction":"Chardon Township","parcel_id":"06-045100","owner_name":"DAGG DANIEL T & TAYLOR","property_address":"9311 MENTOR RD","property_city":"CHARDON","property_zip":"44024"}},{"type":"Feature","geometry":{"type":"Polygon","coordinates":[[[-81.2487463653831,41.621601624058],[-81.253499118885,41.6216251344661],[-81.2535020591,41.6217965517237],[-81.2535038533584,41.6219011219356],[-81.2535961662818,41.6227196718086],[-81.2530931954418,41.6227207953082],[-81.2530638026452,41.6265197062844],[-81.2526989376491,41.6265196067065],[-81.2523656185184,41.626518233663],[-81.2487823332454,41.6265034074428],[-81.2487466331878,41.6265032590527],[-81.2456353500193,41.6264902950208],[-81.2456354388466,41.6264081568537],[-81.2456405103692,41.6249506653907],[-81.2486891716793,41.6249670890725],[-81.2487258518115,41.6227201813577],[-81.2487366846675,41.6220565668317],[-81.2487406298379,41.6218148471095],[-81.2487429794465,41.6217274897437],[-81.2487463653831,41.621601624058]]]},"properties":{"source_county":"Geauga","jurisdiction":"Chardon Township","parcel_id":"06-047210","owner_name":"PRIVATE TRUST COMPANY THE & MCMILLAN S STERLING III TRUSTEES","property_address":" CLARK RD","property_city":"CHARDON","property_zip":"44024"}},{"type":"Feature","geometry":{"type":"Polygon","coordinates":[[[-81.2538896284624,41.6101902519251],[-81.257035712037,41.6102140714538],[-81.2569970133701,41.6115687326512],[-81.2524630912363,41.6115563307465],[-81.252171411499,41.6115555267082],[-81.2520655028632,41.6114711585525],[-81.2524627755836,41.6114709155809],[-81.2538670904206,41.6114700468875],[-81.2538896284624,41.6101902519251]]]},"properties":{"source_county":"Geauga","jurisdiction":"Chardon Township","parcel_id":"06-047400","owner_name":"PRICE PHILIP M TRUSTEE","property_address":"9550 MENTOR RD","property_city":"CHARDON","property_zip":"44024"}},{"type":"Feature","geometry":{"type":"Polygon","coordinates":[[[-81.2567510507376,41.607961990802],[-81.2569120648201,41.607962925535],[-81.257035712037,41.6102140714538],[-81.2538896284624,41.6101902519251],[-81.2538670904206,41.6114700468875],[-81.2524627755836,41.6114709155809],[-81.2520655028632,41.6114711585525],[-81.2514905589784,41.6110131462595],[-81.2510359548179,41.6106509932112],[-81.2506817801694,41.6103688419908],[-81.2500984361264,41.6099041154268],[-81.2497620326583,41.6096361124639],[-81.2521389968438,41.6079351106734],[-81.2524370866596,41.6079368536489],[-81.2524497335106,41.6079369272992],[-81.2533344525529,41.6079420949992],[-81.2543322591687,41.6079479163536],[-81.2552481925418,41.6079532519214],[-81.2561965061878,41.6079587683943],[-81.2567510507376,41.607961990802]]]},"properties":{"source_county":"Geauga","jurisdiction":"Chardon Township","parcel_id":"06-047500","owner_name":"PRICE PHILIP M TRUSTEE","property_address":" MENTOR RD","property_city":"CHARDON","property_zip":"44024"}},{"type":"Feature","geometry":{"type":"Polygon","coordinates":[[[-81.2573716998341,41.6144481654533],[-81.2583871985354,41.6135406224028],[-81.2583870130304,41.6141094480602],[-81.2570273041091,41.6154234399519],[-81.2568638314039,41.6152932380823],[-81.2562749575095,41.6148242087438],[-81.2565645095346,41.614512851441],[-81.2573716998341,41.6144481654533]]]},"properties":{"source_county":"Geauga","jurisdiction":"Chardon Township","parcel_id":"06-048864","owner_name":"NELSON BRANDON W & RAUSCHER KATHLEEN E","property_address":"9390 MENTOR RD","property_city":"CHARDON","property_zip":"44024"}},{"type":"Feature","geometry":{"type":"Polygon","coordinates":[[[-81.2570273041091,41.6154234399519],[-81.2583870130304,41.6141094480602],[-81.2583864243798,41.6159069230228],[-81.2575038056898,41.6156818203649],[-81.2572800653729,41.6156247567233],[-81.2570273041091,41.6154234399519]]]},"properties":{"source_county":"Geauga","jurisdiction":"Chardon Township","parcel_id":"06-048865","owner_name":"DAVIDSON LANCE T","property_address":"9366 MENTOR RD","property_city":"CHARDON","property_zip":"44024"}},{"type":"Feature","geometry":{"type":"Polygon","coordinates":[[[-81.2554223148177,41.6141450753877],[-81.2583871985354,41.6135406224028],[-81.2573716998341,41.6144481654533],[-81.2565645095346,41.614512851441],[-81.2562749575095,41.6148242087438],[-81.2560039224326,41.6146083306098],[-81.2558445459447,41.614481386664],[-81.2554223148177,41.6141450753877]]]},"properties":{"source_county":"Geauga","jurisdiction":"Chardon Township","parcel_id":"06-048866","owner_name":"SHULTZ RUSSELL J & CODY E","property_address":"9414 MENTOR RD","property_city":"CHARDON","property_zip":"44024"}},{"type":"Feature","geometry":{"type":"Polygon","coordinates":[[[-81.2510320753048,41.6079286316755],[-81.2515924269191,41.607931912309],[-81.2494896448122,41.6094191060604],[-81.2493849284602,41.6093356801491],[-81.2492404417351,41.6092241976774],[-81.2510320753048,41.6079286316755]]]},"properties":{"source_county":"Geauga","jurisdiction":"Chardon Township","parcel_id":"06-049100","owner_name":"HISSA GEORGE T","property_address":" MENTOR RD","property_city":"CHARDON","property_zip":"44024"}},{"type":"Feature","geometry":{"type":"Polygon","coordinates":[[[-81.2515924269191,41.607931912309],[-81.2521389968438,41.6079351106734],[-81.2497620326583,41.6096361124639],[-81.2494896448122,41.6094191060604],[-81.2515924269191,41.607931912309]]]},"properties":{"source_county":"Geauga","jurisdiction":"Chardon Township","parcel_id":"06-049200","owner_name":"HISSA GEORGE","property_address":"9612 MENTOR RD","property_city":"CHARDON","property_zip":"44024"}},{"type":"Feature","geometry":{"type":"Polygon","coordinates":[[[-81.2543140382739,41.6227182760847],[-81.2555577453541,41.6227156457752],[-81.2555575315825,41.6232558229464],[-81.2553691511448,41.6232558642508],[-81.2552799538256,41.6232587490436],[-81.2551914308839,41.6232674553949],[-81.2543140382739,41.6227182760847]]]},"properties":{"source_county":"Geauga","jurisdiction":"Chardon Township","parcel_id":"06-049800","owner_name":"RENNINGER THOMAS W TOD & BARBARA J TOD","property_address":"9077 MOUNTAIN VIEW DR","property_city":"CHARDON","property_zip":"44024"}},{"type":"Feature","geometry":{"type":"Polygon","coordinates":[[[-81.2543322591687,41.6079479163536],[-81.2543385319764,41.6049932292117],[-81.2545573215707,41.605040150839],[-81.2552540203365,41.6051895639198],[-81.2552481925418,41.6079532519214],[-81.2543322591687,41.6079479163536]]]},"properties":{"source_county":"Geauga","jurisdiction":"Chardon Township","parcel_id":"06-053900","owner_name":"KUHN MARY L","property_address":" MITCHELLS MILL RD","property_city":"CHARDON","property_zip":"44024"}},{"type":"Feature","geometry":{"type":"Polygon","coordinates":[[[-81.2533344525529,41.6079420949992],[-81.2533411893737,41.6047793312898],[-81.25413595581,41.6049497839628],[-81.2543385319764,41.6049932292117],[-81.2543322591687,41.6079479163536],[-81.2533344525529,41.6079420949992]]]},"properties":{"source_county":"Geauga","jurisdiction":"Chardon Township","parcel_id":"06-054000","owner_name":"KUHN MARY L","property_address":"10790 MITCHELLS MILL RD","property_city":"CHARDON","property_zip":"44024"}},{"type":"Feature","geometry":{"type":"Polygon","coordinates":[[[-81.2531336995482,41.6038459367665],[-81.2531396391628,41.6037260930633],[-81.2524428529697,41.6037198004286],[-81.2524417262074,41.6030285950471],[-81.2553667950524,41.6030258709796],[-81.2553683270746,41.6039404281312],[-81.2541342716859,41.6039333742262],[-81.2531336995482,41.6038459367665]]]},"properties":{"source_county":"Geauga","jurisdiction":"Chardon Township","parcel_id":"06-058200","owner_name":"CHEMNITZ GREGORY & KATHRINE","property_address":"9880 WILDER RD","property_city":"CHARDON","property_zip":"44024"}},{"type":"Feature","geometry":{"type":"Polygon","coordinates":[[[-81.2574964598289,41.6227116861866],[-81.2583643101626,41.6227098111307],[-81.2583641753878,41.6228127324937],[-81.2583641731523,41.6228134195283],[-81.2583641379644,41.6228134398633],[-81.2570097391917,41.6235904272543],[-81.2569949511307,41.623598674086],[-81.2569752507731,41.6235766783287],[-81.2569257003958,41.6235291352456],[-81.2568714016552,41.6234846075636],[-81.2568126793217,41.623443361603],[-81.2567498846212,41.6234056440558],[-81.2574964598289,41.6227116861866]]]},"properties":{"source_county":"Geauga","jurisdiction":"Chardon Township","parcel_id":"06-058330","owner_name":"CARLSON ADAM D","property_address":"9076 MOUNTAIN VIEW DR","property_city":"CHARDON","property_zip":"44024"}},{"type":"Feature","geometry":{"type":"Polygon","coordinates":[[[-81.2556567026231,41.6241960658918],[-81.2557561466043,41.6241602490688],[-81.2557558678204,41.6245115598518],[-81.255755275963,41.6248793350285],[-81.2545646266308,41.6248789336588],[-81.2545643076343,41.6245113197455],[-81.2547865257348,41.6245112991551],[-81.2556567026231,41.6241960658918]]]},"properties":{"source_county":"Geauga","jurisdiction":"Chardon Township","parcel_id":"06-058350","owner_name":"MAZZOLA TONI M","property_address":"9032 MOUNTAIN VIEW DR","property_city":"CHARDON","property_zip":"44024"}},{"type":"Feature","geometry":{"type":"Polygon","coordinates":[[[-81.2531743099176,41.6241269207165],[-81.2531788899932,41.623550595034],[-81.2543846806822,41.6238122617492],[-81.2543683370498,41.6238610242017],[-81.2543562809583,41.6239104846016],[-81.2543485640954,41.6239604309386],[-81.2543452195493,41.6240106491186],[-81.2543448280475,41.6241272918107],[-81.2531743099176,41.6241269207165]]]},"properties":{"source_county":"Geauga","jurisdiction":"Chardon Township","parcel_id":"06-061600","owner_name":"AMBERIK WILLIAM T","property_address":"9059 MOUNTAIN VIEW DR","property_city":"CHARDON","property_zip":"44024"}},{"type":"Feature","geometry":{"type":"Polygon","coordinates":[[[-81.257035712037,41.6102140714538],[-81.2569120648201,41.607962925535],[-81.2573648919769,41.6079646884964],[-81.2576091932279,41.6083777559953],[-81.2576182064916,41.6085287439519],[-81.2586185719833,41.6087933259153],[-81.2595669541905,41.6090441487018],[-81.2604268466783,41.6092715591972],[-81.2611445386732,41.6091379539207],[-81.262139728414,41.6089526806957],[-81.2620991087952,41.6069769136119],[-81.2624668755356,41.6070776032061],[-81.2625067596655,41.6090256581757],[-81.2599325846892,41.6095047895413],[-81.2589949750045,41.6115741415186],[-81.2589943451021,41.6115755323259],[-81.2583878419681,41.6115734712994],[-81.2583873008717,41.6115734691198],[-81.2569970133701,41.6115687326512],[-81.257035712037,41.6102140714538]]]},"properties":{"source_county":"Geauga","jurisdiction":"Chardon Township","parcel_id":"06-067300","owner_name":"PAYNE MICHAEL JOSEPH & REGINA ANNE TRUSTEES","property_address":" MITCHELLS MILL RD","property_city":"CHARDON","property_zip":"44024"}},{"type":"Feature","geometry":{"type":"Polygon","coordinates":[[[-81.2514699931935,41.6127176211417],[-81.2488237514287,41.6115601535721],[-81.252171411499,41.6115555267082],[-81.2533165217828,41.6124677133404],[-81.2532367836211,41.6125240955771],[-81.2528354637606,41.6122045746773],[-81.2525345541053,41.611964871321],[-81.2514699931935,41.6127176211417]]]},"properties":{"source_county":"Geauga","jurisdiction":"Chardon Township","parcel_id":"06-067810","owner_name":"DIEDRICHS ROBERT L & BERT C","property_address":"9525 MENTOR RD","property_city":"CHARDON","property_zip":"44024"}},{"type":"Feature","geometry":{"type":"Polygon","coordinates":[[[-81.2735987501479,41.6242614301039],[-81.2731842767859,41.6236318921102],[-81.2721236270656,41.6239425610915],[-81.2708627083327,41.6226279761975],[-81.272863232106,41.6204460510675],[-81.2728819954139,41.6204255852322],[-81.2729473091683,41.620354345412],[-81.2732760289278,41.6206775241563],[-81.2750734561258,41.622444582889],[-81.2761477836836,41.6235007000993],[-81.2743004349664,41.6245655187486],[-81.2735987501479,41.6242614301039]]]},"properties":{"source_county":"Geauga","jurisdiction":"Chardon Township","parcel_id":"06-068100","owner_name":"FARM PARCEL LLC","property_address":"9091 MENTOR RD","property_city":"CHARDON","property_zip":"44024"}},{"type":"Feature","geometry":{"type":"Polygon","coordinates":[[[-81.2665030581341,41.6205230013388],[-81.2664915558759,41.6195161687635],[-81.2674032156922,41.6196061442242],[-81.2674993414369,41.6193126534116],[-81.2678264246631,41.6183139772703],[-81.2683427877295,41.6184456138212],[-81.2689537777676,41.6186013708959],[-81.268900190337,41.6193123884514],[-81.2688119784161,41.6204827987354],[-81.2683174780811,41.6215718792427],[-81.2678318177553,41.6226414551367],[-81.2665273289436,41.6226472321143],[-81.2665148238966,41.6215527983184],[-81.2665030581341,41.6205230013388]]]},"properties":{"source_county":"Geauga","jurisdiction":"Chardon Township","parcel_id":"06-068200","owner_name":"CCP PROPERTIES LTD","property_address":"9265 MENTOR RD","property_city":"CHARDON","property_zip":"44024"}},{"type":"Feature","geometry":{"type":"Polygon","coordinates":[[[-81.2600174769429,41.622706253337],[-81.26259995422,41.6226829092266],[-81.2626128448762,41.6233947403543],[-81.2629017521369,41.6241428700663],[-81.2635478328154,41.626196293447],[-81.2635498729522,41.6262027760078],[-81.2611488763497,41.6263355525315],[-81.2610399855796,41.6259862689815],[-81.2601808532094,41.6232303577262],[-81.2600174769429,41.622706253337]]]},"properties":{"source_county":"Geauga","jurisdiction":"Chardon Township","parcel_id":"06-068500","owner_name":"GLENMOUNT INVESTMENT COMPANY L P","property_address":"9074 HERMITAGE RD","property_city":"MENTOR","property_zip":"44060"}},{"type":"Feature","geometry":{"type":"Polygon","coordinates":[[[-81.2710036948717,41.619299925217],[-81.2710776217814,41.6191678616599],[-81.2715560089512,41.6192966464146],[-81.2718388099971,41.6193727777059],[-81.2723035647618,41.6197810711649],[-81.2728732897245,41.6202815732379],[-81.2729473091683,41.620354345412],[-81.2728819954139,41.6204255852322],[-81.272863232106,41.6204460510675],[-81.2708627083327,41.6226279761975],[-81.2691363075363,41.6226356635313],[-81.2710036948717,41.619299925217]]]},"properties":{"source_county":"Geauga","jurisdiction":"Chardon Township","parcel_id":"06-068900","owner_name":"KNIERIM PARTNERS LLC","property_address":"9211 MENTOR RD","property_city":"CHARDON","property_zip":"44024"}},{"type":"Feature","geometry":{"type":"Polygon","coordinates":[[[-81.2635053661365,41.6215675439939],[-81.2665148238966,41.6215527983184],[-81.2665273289436,41.6226472321143],[-81.26259995422,41.6226829092266],[-81.2600174473112,41.6227062971439],[-81.2596466579044,41.6220059551397],[-81.2595479841612,41.6215867679033],[-81.2606513596228,41.6215814535746],[-81.2623021553798,41.6215734170002],[-81.2635053661365,41.6215675439939]]]},"properties":{"source_county":"Geauga","jurisdiction":"Chardon Township","parcel_id":"06-069400","owner_name":"KNIERIM PARTNERS LLC","property_address":" HERMITAGE RD","property_city":"CHARDON","property_zip":"44024"}},{"type":"Feature","geometry":{"type":"Polygon","coordinates":[[[-81.2537555850568,41.6152612687369],[-81.2560039224326,41.6146083306098],[-81.2562749575095,41.6148242087438],[-81.2568638314039,41.6152932380823],[-81.2555315261316,41.6162565367158],[-81.255075455641,41.6165827250134],[-81.2534896453438,41.6165983189321],[-81.2534475544419,41.6153517978845],[-81.2537555850568,41.6152612687369]]]},"properties":{"source_county":"Geauga","jurisdiction":"Chardon Township","parcel_id":"06-076100","owner_name":"MORLOCKE RUTH ANNE TRUSTEE","property_address":"9395 MENTOR RD","property_city":"CHARDON","property_zip":"44024"}},{"type":"Feature","geometry":{"type":"Polygon","coordinates":[[[-81.2719590640113,41.6248587894847],[-81.2718480318905,41.6242992329123],[-81.2718441196952,41.6242715743085],[-81.2718433197333,41.6242437668467],[-81.2718456376628,41.6242160073376],[-81.2718510570742,41.6241884922517],[-81.2718595396074,41.62416141633],[-81.2718710252226,41.6241349712044],[-81.271885432626,41.6241093440425],[-81.2719026598447,41.6240847162223],[-81.2719225849491,41.6240612620488],[-81.2719450669153,41.6240391475201],[-81.2719699466236,41.624018529153],[-81.2719970479847,41.6239995528745],[-81.2720261791861,41.6239823529903],[-81.2720571340493,41.6239670512327],[-81.2720896934894,41.6239537559005],[-81.2721236270656,41.6239425610915],[-81.2731842767859,41.6236318921102],[-81.2735987501479,41.6242614301039],[-81.2743004349664,41.6245655187486],[-81.2761477836836,41.6235007000993],[-81.2766109132994,41.6239559642199],[-81.274147063683,41.6263051535392],[-81.2741395436901,41.6263050886355],[-81.2730706621138,41.6262959220892],[-81.2718772918518,41.6252412039163],[-81.2719590640113,41.6248587894847]]]},"properties":{"source_county":"Geauga","jurisdiction":"Chardon Township","parcel_id":"06-078300","owner_name":"OFFUTT GRACE & KATHERINE & THOMAS W IV","property_address":"9071 MENTOR RD","property_city":"MENTOR","property_zip":"44060"}},{"type":"Feature","geometry":{"type":"Polygon","coordinates":[[[-81.2583873008717,41.6115734691198],[-81.2583878419681,41.6115734712994],[-81.2583878309485,41.61160687784],[-81.2583871985354,41.6135406224028],[-81.2554223148177,41.6141450753877],[-81.2546042557215,41.6134934670415],[-81.253972442662,41.6129901992562],[-81.2533165217828,41.6124677133404],[-81.252171411499,41.6115555267082],[-81.2524630912363,41.6115563307465],[-81.2569970133701,41.6115687326512],[-81.2583873008717,41.6115734691198]]]},"properties":{"source_county":"Geauga","jurisdiction":"Chardon Township","parcel_id":"06-078700","owner_name":"DOLAN MARK & RENEE DELUCA","property_address":"9490 MENTOR RD","property_city":"CHARDON","property_zip":"44024"}},{"type":"Feature","geometry":{"type":"Polygon","coordinates":[[[-81.2552481925418,41.6079532519214],[-81.2552540203365,41.6051895639198],[-81.2564094140039,41.6054373352583],[-81.2561965061878,41.6079587683943],[-81.2552481925418,41.6079532519214]]]},"properties":{"source_county":"Geauga","jurisdiction":"Chardon Township","parcel_id":"06-078800","owner_name":"ORVIS RYAN T TRUSTEE","property_address":"10740 MITCHELLS MILL RD","property_city":"CHARDON","property_zip":"44024"}},{"type":"Feature","geometry":{"type":"Polygon","coordinates":[[[-81.2561965061878,41.6079587683943],[-81.2564094140039,41.6054373352583],[-81.2567187118341,41.6055036613677],[-81.2573051616953,41.6056642575264],[-81.2567510507376,41.607961990802],[-81.2561965061878,41.6079587683943]]]},"properties":{"source_county":"Geauga","jurisdiction":"Chardon Township","parcel_id":"06-081100","owner_name":"PENTTILA HENRY A & LINDA A","property_address":"10710 MITCHELLS MILL RD","property_city":"CHARDON","property_zip":"44024"}},{"type":"Feature","geometry":{"type":"Polygon","coordinates":[[[-81.2557558678204,41.6245115598518],[-81.2557561466043,41.6241602490688],[-81.2559532023859,41.6240887684488],[-81.256580546188,41.6241841670542],[-81.2569223519393,41.6239475887571],[-81.2569274630646,41.6239860062615],[-81.2569292489606,41.624024591448],[-81.2569288066694,41.624144150177],[-81.2569470988842,41.6241440027355],[-81.2569474280321,41.6245117868428],[-81.2557558678204,41.6245115598518]]]},"properties":{"source_county":"Geauga","jurisdiction":"Chardon Township","parcel_id":"06-087700","owner_name":"MAGLIONICO ROBERT & REBECCA","property_address":"9045 MOUNTAIN VIEW DR","property_city":"CHARDON","property_zip":"44024"}},{"type":"Feature","geometry":{"type":"Polygon","coordinates":[[[-81.2573693476751,41.6227118715235],[-81.2574964598289,41.6227116861866],[-81.2567498846212,41.6234056440558],[-81.2567021693306,41.6233808514153],[-81.2566526662545,41.6233581177582],[-81.2566015330221,41.6233375154731],[-81.2565489324531,41.6233191101616],[-81.2564950320389,41.6233029604298],[-81.2564400034094,41.6232891177015],[-81.2563840217867,41.6232776260546],[-81.2563272654271,41.6232685220806],[-81.2564539445256,41.6227137454371],[-81.2573693476751,41.6227118715235]]]},"properties":{"source_county":"Geauga","jurisdiction":"Chardon Township","parcel_id":"06-099800","owner_name":"RADZIK LYNN TOD","property_address":"9078 MOUNTAIN VIEW DR","property_city":"CHARDON","property_zip":"44024"}},{"type":"Feature","geometry":{"type":"Polygon","coordinates":[[[-81.2547444998361,41.6236442302964],[-81.2547524134992,41.6236370248778],[-81.2553200085096,41.6239644842463],[-81.2556567026231,41.6241960658918],[-81.2547865257348,41.6245112991551],[-81.2545643076343,41.6245113197455],[-81.254564435236,41.624024147966],[-81.2545674670252,41.6239728268782],[-81.2545762923877,41.6239218839841],[-81.2545908476352,41.6238716868349],[-81.2546110277394,41.6238225976006],[-81.2546366870898,41.6237749704566],[-81.2546676405446,41.6237291490288],[-81.2547036647669,41.6236854639143],[-81.2547444998361,41.6236442302964]]]},"properties":{"source_county":"Geauga","jurisdiction":"Chardon Township","parcel_id":"06-101400","owner_name":"SLOAN BRETT","property_address":"9052 MOUNTAIN VIEW DR","property_city":"CHARDON","property_zip":"44024"}},{"type":"Feature","geometry":{"type":"Polygon","coordinates":[[[-81.2557558678204,41.6245115598518],[-81.2569474280321,41.6245117868428],[-81.2569468428714,41.6248795620255],[-81.255755275963,41.6248793350285],[-81.2557558678204,41.6245115598518]]]},"properties":{"source_county":"Geauga","jurisdiction":"Chardon Township","parcel_id":"06-104000","owner_name":"STOLTZ EARL G L & CHARLOTTE D","property_address":"9031 MOUNTAIN VIEW DR","property_city":"CHARDON","property_zip":"44024"}},{"type":"Feature","geometry":{"type":"Polygon","coordinates":[[[-81.2611445386732,41.6091379539207],[-81.2611077391257,41.6067054821427],[-81.2613325621108,41.6067670383835],[-81.2620991087952,41.6069769136119],[-81.262139728414,41.6089526806957],[-81.2611445386732,41.6091379539207]]]},"properties":{"source_county":"Geauga","jurisdiction":"Chardon Township","parcel_id":"06-104800","owner_name":"KONOPKA CYNTHIA M","property_address":"10586 MITCHELLS MILL RD","property_city":"CHARDON","property_zip":"44024"}},{"type":"Feature","geometry":{"type":"Polygon","coordinates":[[[-81.2664748786816,41.618056364289],[-81.2664738824967,41.6179691575913],[-81.2678264246631,41.6183139772703],[-81.2674993414369,41.6193126534116],[-81.2674032156922,41.6196061442242],[-81.2664915558759,41.6195161687635],[-81.2664891887351,41.6193089203505],[-81.2664748786816,41.618056364289]]]},"properties":{"source_county":"Geauga","jurisdiction":"Chardon Township","parcel_id":"06-106000","owner_name":"GARLISI LAURA M TRUSTEE","property_address":"9269 MENTOR RD","property_city":"CHARDON","property_zip":"44024"}},{"type":"Feature","geometry":{"type":"Polygon","coordinates":[[[-81.2595669541905,41.6090441487018],[-81.2595991757649,41.6062924252741],[-81.2611077391257,41.6067054821427],[-81.2611445386732,41.6091379539207],[-81.2604268466783,41.6092715591972],[-81.2595669541905,41.6090441487018]]]},"properties":{"source_county":"Geauga","jurisdiction":"Chardon Township","parcel_id":"06-108400","owner_name":"PAYNE MICHAEL JOSEPH & REGINA ANNE TRUSTEES","property_address":"10616 MITCHELLS MILL RD","property_city":"CHARDON","property_zip":"44024"}},{"type":"Feature","geometry":{"type":"Polygon","coordinates":[[[-81.2729473091683,41.620354345412],[-81.2734281243957,41.620078044284],[-81.2737574051988,41.6204021370812],[-81.2732760289278,41.6206775241563],[-81.2729473091683,41.620354345412]]]},"properties":{"source_county":"Geauga","jurisdiction":"Chardon Township","parcel_id":"06-110800","owner_name":"RICKEL KEITH A & MOIDEL RICKEL REBECCA J","property_address":"9194 MENTOR RD","property_city":"CHARDON","property_zip":"44024"}},{"type":"Feature","geometry":{"type":"Polygon","coordinates":[[[-81.2530030171213,41.6135248166648],[-81.2532789359361,41.6135194162608],[-81.2537103091393,41.6150940462298],[-81.2537555850568,41.6152612687369],[-81.2534475544419,41.6153517978845],[-81.2497695051066,41.6164326175639],[-81.2490163962123,41.6166545488692],[-81.2488678713741,41.6145683836426],[-81.2498390103946,41.6143233184315],[-81.2530030171213,41.6135248166648]]]},"properties":{"source_county":"Geauga","jurisdiction":"Chardon Township","parcel_id":"06-111200","owner_name":"MOORE GEAUGA LLC","property_address":" MENTOR RD","property_city":"CHARDON","property_zip":"44024"}},{"type":"Feature","geometry":{"type":"Polygon","coordinates":[[[-81.2532789359361,41.6135194162608],[-81.2546042557215,41.6134934670415],[-81.2554223148177,41.6141450753877],[-81.2558445459447,41.614481386664],[-81.2537103091393,41.6150940462298],[-81.2532789359361,41.6135194162608]]]},"properties":{"source_county":"Geauga","jurisdiction":"Chardon Township","parcel_id":"06-111300","owner_name":"DAVIDSON BONNIE L TRUSTEE","property_address":"9435 MENTOR RD","property_city":"CHARDON","property_zip":"44024"}},{"type":"Feature","geometry":{"type":"Polygon","coordinates":[[[-81.2726751771744,41.6115846829668],[-81.2730583796839,41.611099413576],[-81.2740599795182,41.6115570568896],[-81.2741202687973,41.6115846034931],[-81.2743090459618,41.6116708554823],[-81.2745090535136,41.6117834878259],[-81.2745887955164,41.6118283932956],[-81.2743471356014,41.6123327097853],[-81.2737322784802,41.6127614026018],[-81.2732661049637,41.6135236608458],[-81.2725817058321,41.6132850536221],[-81.2721683076024,41.6128460426941],[-81.2716889586519,41.6128335444501],[-81.2726751771744,41.6115846829668]]]},"properties":{"source_county":"Geauga","jurisdiction":"Chardon Township","parcel_id":"06-113300","owner_name":"SHANAHAN AIMEE J","property_address":"10256 MITCHELLS MILL RD","property_city":"CHARDON","property_zip":"44024"}},{"type":"Feature","geometry":{"type":"Polygon","coordinates":[[[-81.258613014045,41.6060223929532],[-81.2585946975893,41.604577678401],[-81.2585868513,41.6039587616995],[-81.2585588407367,41.6017493617573],[-81.2606990386773,41.6030217217216],[-81.2607225772186,41.6045743913379],[-81.2607356250339,41.6054350792941],[-81.2595333684622,41.6051058828313],[-81.2590320897995,41.606137146146],[-81.258613014045,41.6060223929532]]]},"properties":{"source_county":"Geauga","jurisdiction":"Chardon Township","parcel_id":"06-114300","owner_name":"HOLT TIMOTHY L & PAULA J","property_address":"10665 MITCHELLS MILL RD","property_city":"CHARDON","property_zip":"44024"}},{"type":"Feature","geometry":{"type":"Polygon","coordinates":[[[-81.2590320897995,41.606137146146],[-81.2595333684622,41.6051058828313],[-81.2607356250339,41.6054350792941],[-81.2613147604025,41.6055936500929],[-81.2613325621108,41.6067670383835],[-81.2611077391257,41.6067054821427],[-81.2595991757649,41.6062924252741],[-81.2590320897995,41.606137146146]]]},"properties":{"source_county":"Geauga","jurisdiction":"Chardon Township","parcel_id":"06-114400","owner_name":"HARRISON CAPITAL LLC","property_address":"10623 MITCHELLS MILL RD","property_city":"CHARDON","property_zip":"44024"}},{"type":"Feature","geometry":{"type":"Polygon","coordinates":[[[-81.2728105976682,41.6109861966982],[-81.273733774486,41.6098923877271],[-81.2743623934436,41.6101912101772],[-81.274848218979,41.6096155626663],[-81.2752067190552,41.61005128723],[-81.2740599795182,41.6115570568896],[-81.2730583796839,41.611099413576],[-81.2728105976682,41.6109861966982]]]},"properties":{"source_county":"Geauga","jurisdiction":"Chardon Township","parcel_id":"06-116200","owner_name":"BROWN BARBARA","property_address":"10257 MITCHELLS MILL RD","property_city":"CHARDON","property_zip":"44024"}},{"type":"Feature","geometry":{"type":"Polygon","coordinates":[[[-81.2537615827015,41.613139282501],[-81.253972442662,41.6129901992562],[-81.2546042557215,41.6134934670415],[-81.2532789359361,41.6135194162608],[-81.2530030171213,41.6135248166648],[-81.2529912502865,41.6131543724541],[-81.2537615827015,41.613139282501]]]},"properties":{"source_county":"Geauga","jurisdiction":"Chardon Township","parcel_id":"06-116450","owner_name":"WINDNAGEL RICHARD R & JOAN ANN CO TRUSTEES","property_address":"9465 MENTOR RD","property_city":"CHARDON","property_zip":"44024"}},{"type":"Feature","geometry":{"type":"Polygon","coordinates":[[[-81.2634579404679,41.6192977348145],[-81.2634127158822,41.6172756208395],[-81.2643347032558,41.6175107055737],[-81.264358988988,41.6193010285351],[-81.2643691697514,41.6200514758489],[-81.2634648793544,41.6196080070922],[-81.2634579404679,41.6192977348145]]]},"properties":{"source_county":"Geauga","jurisdiction":"Chardon Township","parcel_id":"06-118601","owner_name":"TODARO RONALD J & JILL E","property_address":"9297 MENTOR RD","property_city":"CHARDON","property_zip":"44024"}},{"type":"Feature","geometry":{"type":"Polygon","coordinates":[[[-81.2600934593545,41.6173310852465],[-81.2600937408545,41.6164292868462],[-81.2609593780546,41.6166500346491],[-81.2610246853165,41.617746690784],[-81.2610230242114,41.6191188717008],[-81.2600930185366,41.6187486029712],[-81.2600934593545,41.6173310852465]]]},"properties":{"source_county":"Geauga","jurisdiction":"Chardon Township","parcel_id":"06-118701","owner_name":"JASINSKI GERALD R AKA JERRY R & JEAN M TRUSTEES","property_address":"9335 MENTOR RD","property_city":"CHARDON","property_zip":"44024"}},{"type":"Feature","geometry":{"type":"Polygon","coordinates":[[[-81.2682836091816,41.6248412790266],[-81.2668151257705,41.624685686701],[-81.2663379122128,41.6247475947788],[-81.2653536461888,41.624350187948],[-81.2646364098319,41.6243633882994],[-81.2629070252481,41.6233654514629],[-81.2626128448762,41.6233947403543],[-81.26259995422,41.6226829092266],[-81.2665273289436,41.6226472321143],[-81.2678318177553,41.6226414551367],[-81.2683064211208,41.6226393495245],[-81.2691363075363,41.6226356635313],[-81.2708627083327,41.6226279761975],[-81.2721236270656,41.6239425610915],[-81.2720896934894,41.6239537559005],[-81.2720571340493,41.6239670512327],[-81.2720261791861,41.6239823529903],[-81.2719970479847,41.6239995528745],[-81.2719699466236,41.624018529153],[-81.2719450669153,41.6240391475201],[-81.2719225849491,41.6240612620488],[-81.2719026598447,41.6240847162223],[-81.271885432626,41.6241093440425],[-81.2718710252226,41.6241349712044],[-81.2718595396074,41.62416141633],[-81.2718510570742,41.6241884922517],[-81.2718456376628,41.6242160073376],[-81.2718433197333,41.6242437668467],[-81.2718441196952,41.6242715743085],[-81.2718480318905,41.6242992329123],[-81.2719590640113,41.6248587894847],[-81.2718772918518,41.6252412039163],[-81.2684965054381,41.6248638351179],[-81.2682836091816,41.6248412790266]]]},"properties":{"source_county":"Geauga","jurisdiction":"Chardon Township","parcel_id":"06-120123","owner_name":"KNIERIM PARTNERS LLC","property_address":" HERMITAGE RD","property_city":"MENTOR","property_zip":"44060"}},{"type":"Feature","geometry":{"type":"Polygon","coordinates":[[[-81.2537103091393,41.6150940462298],[-81.2558445459447,41.614481386664],[-81.2560039224326,41.6146083306098],[-81.2537555850568,41.6152612687369],[-81.2537103091393,41.6150940462298]]]},"properties":{"source_county":"Geauga","jurisdiction":"Chardon Township","parcel_id":"06-120127","owner_name":"DAVIDSON BONNIE L TRUSTEE","property_address":" MENTOR RD","property_city":"CHARDON","property_zip":"44024"}},{"type":"Feature","geometry":{"type":"Polygon","coordinates":[[[-81.2629224003818,41.6115837767208],[-81.2628309444139,41.6071772797369],[-81.2640703281344,41.60751659101],[-81.2641397775183,41.6075356039013],[-81.2645255407862,41.6076412120916],[-81.2647666475836,41.6077382450065],[-81.2650742945001,41.6088120193238],[-81.2644785616456,41.6092194755899],[-81.2645156197277,41.6115829235158],[-81.2645156237064,41.611583157681],[-81.2645156608728,41.6115855110105],[-81.2629225045136,41.611588805168],[-81.262922418205,41.6115846746818],[-81.2629224003818,41.6115837767208]]]},"properties":{"source_county":"Geauga","jurisdiction":"Chardon Township","parcel_id":"06-120128","owner_name":"FLOYD BYRON & SCHLAGETER AMY","property_address":"10516 MITCHELLS MILL RD","property_city":"CHARDON","property_zip":"44024"}},{"type":"Feature","geometry":{"type":"Polygon","coordinates":[[[-81.2541342716859,41.6039333742262],[-81.2553683270746,41.6039404281312],[-81.2548942339086,41.6045833033138],[-81.2545573215707,41.605040150839],[-81.2543385319764,41.6049932292117],[-81.25413595581,41.6049497839628],[-81.2541353500859,41.6045844417508],[-81.2541342716859,41.6039333742262]]]},"properties":{"source_county":"Geauga","jurisdiction":"Chardon Township","parcel_id":"06-120177","owner_name":"LUNG WILLIAM A & NANCY J","property_address":" MITCHELLS MILL RD","property_city":"CHARDON","property_zip":"44024"}},{"type":"Feature","geometry":{"type":"Polygon","coordinates":[[[-81.273099214432,41.619892119599],[-81.2725597297752,41.619609027451],[-81.2723035647618,41.6197810711649],[-81.2718388099971,41.6193727777059],[-81.2715560089512,41.6192966464146],[-81.2710776217814,41.6191678616599],[-81.2710387869533,41.6191574071709],[-81.2711296016058,41.6145601238298],[-81.2710964563927,41.6137992430379],[-81.2731870536282,41.6145638285995],[-81.2731025210449,41.6150623017919],[-81.272661201862,41.6153892272163],[-81.273092501376,41.6167226929601],[-81.2749106158083,41.6179725785155],[-81.2748749196055,41.6192768895365],[-81.274872063176,41.6193812651454],[-81.2739577526549,41.6193794807551],[-81.273099214432,41.619892119599]]]},"properties":{"source_county":"Geauga","jurisdiction":"Chardon Township","parcel_id":"06-120251","owner_name":"REEKIE LUM LLC","property_address":"9230 MENTOR RD","property_city":"CHARDON","property_zip":"44024"}},{"type":"Feature","geometry":{"type":"Polygon","coordinates":[[[-81.2499274097068,41.6045906666431],[-81.2501943079538,41.6045902762976],[-81.2502519740812,41.6064419562489],[-81.2499822415612,41.606443857932],[-81.2499274097068,41.6045906666431]]]},"properties":{"source_county":"Geauga","jurisdiction":"Chardon Township","parcel_id":"06-120261","owner_name":"KANE ELIZABETH FKA SCHOFIELD ELIZABETH ANN & KANE JAMES","property_address":" MITCHELLS MILL RD","property_city":"CHARDON","property_zip":"44024"}},{"type":"Feature","geometry":{"type":"Polygon","coordinates":[[[-81.2530931954418,41.6227207953082],[-81.2535961662818,41.6227196718086],[-81.2535966881306,41.6227882932609],[-81.2531842531258,41.6227891868126],[-81.2531788899932,41.623550595034],[-81.2531743099176,41.6241269207165],[-81.2531708561315,41.624500153748],[-81.2531683361911,41.6248723684131],[-81.2531658358297,41.6252435540036],[-81.253162434207,41.6256140437208],[-81.253155235822,41.6265197308507],[-81.2530638026452,41.6265197062844],[-81.2530931954418,41.6227207953082]]]},"properties":{"source_county":"Geauga","jurisdiction":"Chardon Township","parcel_id":"06-120280","owner_name":"CHRISTEL MARTIN W TOD","property_address":" CLARK RD","property_city":"CHARDON","property_zip":"44024"}},{"type":"Feature","geometry":{"type":"Polygon","coordinates":[[[-81.2531768207619,41.617404312221],[-81.2534268159292,41.6174006250145],[-81.2534566324024,41.619147567775],[-81.2534743806608,41.6201360013318],[-81.2534905623399,41.6211106936634],[-81.253155757443,41.6209245984078],[-81.2529339537495,41.6202889738954],[-81.2531535410957,41.6195724898236],[-81.2532067430676,41.619150010898],[-81.252180198588,41.6189786618007],[-81.2516189642018,41.6188849771609],[-81.2516179799286,41.6183756514547],[-81.2531934277223,41.6183739251586],[-81.2531768207619,41.617404312221]]]},"properties":{"source_county":"Geauga","jurisdiction":"Chardon Township","parcel_id":"06-120483","owner_name":"HOOPER JOHN TOD & RITA TOD","property_address":" CAMBRIDGE RD","property_city":"CHARDON","property_zip":"44024"}},{"type":"Feature","geometry":{"type":"Polygon","coordinates":[[[-81.2625067596655,41.6090256581757],[-81.2624668755356,41.6070776032061],[-81.2628309444139,41.6071772797369],[-81.2629224003818,41.6115837767208],[-81.262922418205,41.6115846746818],[-81.2629225045136,41.611588805168],[-81.2589943451021,41.6115755323259],[-81.2589949750045,41.6115741415186],[-81.2599325846892,41.6095047895413],[-81.2625067596655,41.6090256581757]]]},"properties":{"source_county":"Geauga","jurisdiction":"Chardon Township","parcel_id":"06-120523","owner_name":"PAYNE MICHAEL JOSEPH & REGINA ANNE TRUSTEES","property_address":"10550 MITCHELLS MILL RD","property_city":"CHARDON","property_zip":"44024"}},{"type":"Feature","geometry":{"type":"Polygon","coordinates":[[[-81.2508906395651,41.6045892547546],[-81.2508756562711,41.6032338158578],[-81.249162120593,41.6032395681556],[-81.249144129073,41.6018016722254],[-81.2524397122848,41.6017936260017],[-81.2524417262074,41.6030285950471],[-81.2524428529697,41.6037198004286],[-81.2524442673279,41.6045869609098],[-81.2513465098228,41.6045885843202],[-81.2508906395651,41.6045892547546]]]},"properties":{"source_county":"Geauga","jurisdiction":"Chardon Township","parcel_id":"06-120631","owner_name":"CHEMNITZ GREGORY & KATHRINE","property_address":"9845 WILDER RD","property_city":"CHARDON","property_zip":"44024"}},{"type":"Feature","geometry":{"type":"Polygon","coordinates":[[[-81.2664738824967,41.6179691575913],[-81.2665461142253,41.6123609201624],[-81.2683572585133,41.6129109410913],[-81.2710942949635,41.6137420727047],[-81.2710964563927,41.6137992430379],[-81.2711296016058,41.6145601238298],[-81.2710387869533,41.6191574071709],[-81.2693237952326,41.6186956960085],[-81.2689537777676,41.6186013708959],[-81.2683427877295,41.6184456138212],[-81.2678264246631,41.6183139772703],[-81.2664738824967,41.6179691575913]]]},"properties":{"source_county":"Geauga","jurisdiction":"Chardon Township","parcel_id":"06-120653","owner_name":"REEKIE LUM LLC","property_address":" MENTOR RD","property_city":"CHARDON","property_zip":"44024"}},{"type":"Feature","geometry":{"type":"Polygon","coordinates":[[[-81.268900190337,41.6193123884514],[-81.2689537777676,41.6186013708959],[-81.2693237952326,41.6186956960085],[-81.2710387869533,41.6191574071709],[-81.2710776217814,41.6191678616599],[-81.2710036948717,41.619299925217],[-81.2691363075363,41.6226356635313],[-81.2683064211208,41.6226393495245],[-81.2678318177553,41.6226414551367],[-81.2683174780811,41.6215718792427],[-81.2688119784161,41.6204827987354],[-81.268900190337,41.6193123884514]]]},"properties":{"source_county":"Geauga","jurisdiction":"Chardon Township","parcel_id":"06-120655","owner_name":"CCP TWO LLC","property_address":" MENTOR RD","property_city":"CHARDON","property_zip":"44024"}},{"type":"Feature","geometry":{"type":"Polygon","coordinates":[[[-81.2556383790561,41.6173692623657],[-81.2582941001313,41.617331575175],[-81.2583776460459,41.6174837812283],[-81.257054961703,41.617502612212],[-81.2569382191736,41.6177276250759],[-81.2562449247421,41.6181226407841],[-81.2551247841052,41.6182676069613],[-81.2556383790561,41.6173692623657]]]},"properties":{"source_county":"Geauga","jurisdiction":"Chardon Township","parcel_id":"06-120701","owner_name":"TOMSICK JAMES W & DIANE M","property_address":"9305 HERMITAGE RD","property_city":"CHARDON","property_zip":"44024"}},{"type":"Feature","geometry":{"type":"Polygon","coordinates":[[[-81.257054961703,41.617502612212],[-81.2583776460459,41.6174837812283],[-81.2585407779856,41.617780978563],[-81.2586248066668,41.6181379972474],[-81.2583791611185,41.6181415161127],[-81.2570872849179,41.618159785277],[-81.2565761026832,41.6184505668573],[-81.2562449247421,41.6181226407841],[-81.2569382191736,41.6177276250759],[-81.257054961703,41.617502612212]]]},"properties":{"source_county":"Geauga","jurisdiction":"Chardon Township","parcel_id":"06-120702","owner_name":"SCHNITTGER WILLIAM A & REBECCA","property_address":"9293 HERMITAGE RD","property_city":"CHARDON","property_zip":"44024"}},{"type":"Feature","geometry":{"type":"Polygon","coordinates":[[[-81.2583791611185,41.6181415161127],[-81.2586248066668,41.6181379972474],[-81.2587837306878,41.6188132155754],[-81.258376959199,41.6188190809324],[-81.2568741018954,41.618840578401],[-81.256844460056,41.6187162376185],[-81.2565761026832,41.6184505668573],[-81.2570872849179,41.618159785277],[-81.2583791611185,41.6181415161127]]]},"properties":{"source_county":"Geauga","jurisdiction":"Chardon Township","parcel_id":"06-120703","owner_name":"KORNER DALE TOD","property_address":"9265 HERMITAGE RD","property_city":"CHARDON","property_zip":"44024"}},{"type":"Feature","geometry":{"type":"Polygon","coordinates":[[[-81.258376959199,41.6188190809324],[-81.2587837306878,41.6188132155754],[-81.258942700062,41.6194886194762],[-81.2583747555258,41.6194967356236],[-81.2570350130094,41.6195157654586],[-81.2568741018954,41.618840578401],[-81.258376959199,41.6188190809324]]]},"properties":{"source_county":"Geauga","jurisdiction":"Chardon Township","parcel_id":"06-120704","owner_name":"TIPTON GEORGE M & KATHRYN A","property_address":"9243 HERMITAGE RD","property_city":"CHARDON","property_zip":"44024"}},{"type":"Feature","geometry":{"type":"Polygon","coordinates":[[[-81.2583747555258,41.6194967356236],[-81.258942700062,41.6194886194762],[-81.2591016694767,41.6201640040588],[-81.2583725524601,41.6201744189794],[-81.2571968384076,41.6201911338686],[-81.2570350130094,41.6195157654586],[-81.2583747555258,41.6194967356236]]]},"properties":{"source_county":"Geauga","jurisdiction":"Chardon Township","parcel_id":"06-120705","owner_name":"MOSES JEFFREY & MARY ANN","property_address":"9225 HERMITAGE RD","property_city":"CHARDON","property_zip":"44024"}},{"type":"Feature","geometry":{"type":"Polygon","coordinates":[[[-81.2583725524601,41.6201744189794],[-81.2591016694767,41.6201640040588],[-81.2592742467324,41.620897185215],[-81.2583698074803,41.6210189184373],[-81.2582983670037,41.6210285304134],[-81.2577302486033,41.6207049380678],[-81.2572544071457,41.6204339643988],[-81.2571968384076,41.6201911338686],[-81.2583725524601,41.6201744189794]]]},"properties":{"source_county":"Geauga","jurisdiction":"Chardon Township","parcel_id":"06-120706","owner_name":"SCHONAVER DONALD W & ROLANDA R","property_address":"9185 HERMITAGE RD","property_city":"CHARDON","property_zip":"44024"}},{"type":"Feature","geometry":{"type":"Polygon","coordinates":[[[-81.2583698074803,41.6210189184373],[-81.2592742467324,41.620897185215],[-81.2594483471211,41.6216368223088],[-81.2594382249225,41.6216461639669],[-81.2594250466745,41.6216530322808],[-81.2594098465909,41.6216568882325],[-81.2593938175582,41.6216574292113],[-81.2590000839704,41.6217333350927],[-81.2589393419095,41.6217475037215],[-81.2588798790566,41.621764454485],[-81.2588219214911,41.6217841229359],[-81.2587656895699,41.6218064342948],[-81.2587113970894,41.6218313037333],[-81.2586592504732,41.6218586366973],[-81.2586094479867,41.621888329266],[-81.2585621789839,41.6219202685475],[-81.2584673827546,41.6219839431283],[-81.2583665309605,41.6220421444809],[-81.2583664800388,41.6220421718515],[-81.2583114777182,41.6220703837458],[-81.2582550679064,41.6220969849067],[-81.2581973343367,41.6221219358473],[-81.2581383627075,41.6221451995304],[-81.2580782405555,41.6221667414233],[-81.2580170571253,41.6221865295491],[-81.2579549032374,41.6222045345341],[-81.2578918711528,41.6222207296515],[-81.2578280544365,41.6222350908612],[-81.2577635478184,41.6222475968452],[-81.2576984470527,41.6222582290395],[-81.2576328487755,41.6222669716615],[-81.2575668503619,41.6222738117336],[-81.2575005497807,41.6222787391023],[-81.2574340454496,41.6222817464532],[-81.2573674360887,41.6222828293223],[-81.2577393213536,41.6217817725345],[-81.2582983670037,41.6210285304134],[-81.2583698074803,41.6210189184373]]]},"properties":{"source_county":"Geauga","jurisdiction":"Chardon Township","parcel_id":"06-120707","owner_name":"KNOTTS MINDY LEIGH","property_address":"9130 CAMBRIDGE RD","property_city":"CHARDON","property_zip":"44024"}},{"type":"Feature","geometry":{"type":"Polygon","coordinates":[[[-81.2566971315114,41.621785422115],[-81.2577302486033,41.6207049380678],[-81.2582983670037,41.6210285304134],[-81.2577393213536,41.6217817725345],[-81.2573674360887,41.6222828293223],[-81.2572425155951,41.6222797096628],[-81.2571182214132,41.6222698297765],[-81.2569952024662,41.622253241245],[-81.2568741010182,41.6222300306747],[-81.2567555493206,41.6222003192446],[-81.2566401663107,41.6221642620734],[-81.2565285543795,41.62212204741],[-81.256421296227,41.6220738956498],[-81.2566971315114,41.621785422115]]]},"properties":{"source_county":"Geauga","jurisdiction":"Chardon Township","parcel_id":"06-120708","owner_name":"GREGORC PAUL & DEBRA L","property_address":"9142 CAMBRIDGE RD","property_city":"CHARDON","property_zip":"44024"}},{"type":"Feature","geometry":{"type":"Polygon","coordinates":[[[-81.255740901929,41.6214993305665],[-81.2572544071457,41.6204339643988],[-81.2577302486033,41.6207049380678],[-81.2566971315114,41.621785422115],[-81.256421296227,41.6220738956498],[-81.2563624849904,41.6220439875726],[-81.2563053578576,41.6220122948986],[-81.2562500109463,41.6219788709531],[-81.2561965373787,41.6219437719738],[-81.2561450271241,41.6219070570169],[-81.2560955668484,41.6218687878576],[-81.2560482397676,41.6218290288857],[-81.2560031255081,41.6217878469979],[-81.255961225908,41.6217464201736],[-81.2559217325472,41.6217036831522],[-81.255740901929,41.6214993305665]]]},"properties":{"source_county":"Geauga","jurisdiction":"Chardon Township","parcel_id":"06-120709","owner_name":"IVANS THOMAS B","property_address":"9150 CAMBRIDGE RD","property_city":"CHARDON","property_zip":"44024"}},{"type":"Feature","geometry":{"type":"Polygon","coordinates":[[[-81.2553679078634,41.6208211839836],[-81.2563280990821,41.6201453031987],[-81.2571968384076,41.6201911338686],[-81.2572544071457,41.6204339643988],[-81.255740901929,41.6214993305665],[-81.2555439344783,41.6212779930991],[-81.2555020645634,41.6212246988099],[-81.2554675778564,41.6211685053573],[-81.2554408266323,41.6211099867784],[-81.2554220841434,41.6210497408609],[-81.2553679078634,41.6208211839836]]]},"properties":{"source_county":"Geauga","jurisdiction":"Chardon Township","parcel_id":"06-120710","owner_name":"GRIMWADE ROBERT M & MARY ANNE","property_address":"9170 CAMBRIDGE RD","property_city":"CHARDON","property_zip":"44024"}},{"type":"Feature","geometry":{"type":"Polygon","coordinates":[[[-81.2552070140101,41.6201458229653],[-81.256167195782,41.6194699433403],[-81.2570350130094,41.6195157654586],[-81.2571968384076,41.6201911338686],[-81.2563280990821,41.6201453031987],[-81.2553679078634,41.6208211839836],[-81.2552070140101,41.6201458229653]]]},"properties":{"source_county":"Geauga","jurisdiction":"Chardon Township","parcel_id":"06-120711","owner_name":"MACZUZAK JOSEPH D & JODI L","property_address":"9200 CAMBRIDGE RD","property_city":"CHARDON","property_zip":"44024"}},{"type":"Feature","geometry":{"type":"Polygon","coordinates":[[[-81.2550452092582,41.6194704517746],[-81.2557393816572,41.6189823069139],[-81.256844460056,41.6187162376185],[-81.2568741018954,41.618840578401],[-81.2570350130094,41.6195157654586],[-81.256167195782,41.6194699433403],[-81.2552070140101,41.6201458229653],[-81.2550452092582,41.6194704517746]]]},"properties":{"source_county":"Geauga","jurisdiction":"Chardon Township","parcel_id":"06-120712","owner_name":"WEBSTER DEREK M & LAURA M","property_address":"9230 CAMBRIDGE RD","property_city":"CHARDON","property_zip":"44024"}},{"type":"Feature","geometry":{"type":"Polygon","coordinates":[[[-81.2551247841052,41.6182676069613],[-81.2562449247421,41.6181226407841],[-81.2565761026832,41.6184505668573],[-81.256844460056,41.6187162376185],[-81.2557393816572,41.6189823069139],[-81.2550452092582,41.6194704517746],[-81.2549233203001,41.6189560699876],[-81.2549172894071,41.6189363424774],[-81.2549087075306,41.6189171543479],[-81.2548976575317,41.6188986908625],[-81.2548842461012,41.6188811302877],[-81.2548686027294,41.6188646421725],[-81.2548508784558,41.6188493857108],[-81.2548312444109,41.6188355082047],[-81.2548098901638,41.6188231436426],[-81.2551247841052,41.6182676069613]]]},"properties":{"source_county":"Geauga","jurisdiction":"Chardon Township","parcel_id":"06-120713","owner_name":"GRANCHI DAVID A TOD & VALERIE J TOD","property_address":"9250 CAMBRIDGE RD","property_city":"CHARDON","property_zip":"44024"}},{"type":"Feature","geometry":{"type":"Polygon","coordinates":[[[-81.2544018135194,41.6189092698598],[-81.2542316865893,41.6173891859224],[-81.2556383790561,41.6173692623657],[-81.2551247841052,41.6182676069613],[-81.2548098901638,41.6188231436426],[-81.2547841424708,41.618811220444],[-81.2547568025114,41.6188014960223],[-81.2547282024328,41.6187940885172],[-81.2546986896909,41.6187890879207],[-81.2546686228289,41.6187865549838],[-81.2546383671218,41.6187865204786],[-81.2546082901388,41.6187889848243],[-81.2545787572776,41.6187939180821],[-81.254550127326,41.6188012603191],[-81.2545227481027,41.6188109223362],[-81.254496952232,41.6188227867519],[-81.254473053103,41.6188367094279],[-81.2544513410622,41.6188525212209],[-81.2544320798861,41.6188700300367],[-81.2544155035769,41.6188890231642],[-81.2544018135194,41.6189092698598]]]},"properties":{"source_county":"Geauga","jurisdiction":"Chardon Township","parcel_id":"06-120714","owner_name":"KRASKA DAVID J & PATRICIA L","property_address":" CAMBRIDGE RD","property_city":"CHARDON","property_zip":"44024"}},{"type":"Feature","geometry":{"type":"Polygon","coordinates":[[[-81.2542316865893,41.6173891859224],[-81.2544018135194,41.6189092698598],[-81.254390421572,41.6189323578347],[-81.2543827818829,41.6189563008068],[-81.2543790035952,41.6189807567319],[-81.254379140689,41.6190053762377],[-81.2543831912103,41.6190298076144],[-81.2543910972983,41.6190537018397],[-81.254402746012,41.6190767175644],[-81.2544179709434,41.6190985259889],[-81.2544365545945,41.6191188155611],[-81.2544582314842,41.6191372964262],[-81.2544826919411,41.6191537045685],[-81.2545095865272,41.6191678055828],[-81.2545385310301,41.6191793980231],[-81.2545691119514,41.6191883162806],[-81.2546008924147,41.6191944329497],[-81.2546334184063,41.619197660648],[-81.2534566324024,41.619147567775],[-81.2534268159292,41.6174006250145],[-81.2542316865893,41.6173891859224]]]},"properties":{"source_county":"Geauga","jurisdiction":"Chardon Township","parcel_id":"06-120715","owner_name":"KRASKA DAVID J & PATRICIA L","property_address":"9245 CAMBRIDGE RD","property_city":"CHARDON","property_zip":"44024"}},{"type":"Feature","geometry":{"type":"Polygon","coordinates":[[[-81.2534743806608,41.6201360013318],[-81.2534566324024,41.619147567775],[-81.2546416533577,41.6191980109289],[-81.2546645482397,41.6192001211475],[-81.2546867144311,41.6192049109639],[-81.2547075985918,41.6192122608087],[-81.2547266793846,41.6192219872058],[-81.2547434804899,41.6192338473526],[-81.2547575824955,41.619247545181],[-81.2547686333673,41.6192627387481],[-81.2547763572368,41.6192790487721],[-81.2549711803415,41.6200932071764],[-81.2534743806608,41.6201360013318]]]},"properties":{"source_county":"Geauga","jurisdiction":"Chardon Township","parcel_id":"06-120716","owner_name":"HOOPER JOHN W TOD & RITA TOD","property_address":"9225 CAMBRIDGE RD","property_city":"CHARDON","property_zip":"44024"}},{"type":"Feature","geometry":{"type":"Polygon","coordinates":[[[-81.2534743806608,41.6201360013318],[-81.2549711803415,41.6200932071764],[-81.2551320728314,41.6207685685462],[-81.2534905623399,41.6211106936634],[-81.2534743806608,41.6201360013318]]]},"properties":{"source_county":"Geauga","jurisdiction":"Chardon Township","parcel_id":"06-120717","owner_name":"HORTON JOHN E & SANDRA D","property_address":"9185 CAMBRIDGE RD","property_city":"CHARDON","property_zip":"44024"}},{"type":"Feature","geometry":{"type":"Polygon","coordinates":[[[-81.2550574030119,41.6215211728522],[-81.2553611427578,41.6213691821885],[-81.2557335404305,41.6217887881644],[-81.2557974760192,41.6218572735092],[-81.2558663542715,41.6219230050628],[-81.2535961662818,41.6227196718086],[-81.2535038533584,41.6219011219356],[-81.2539376149699,41.6217950396475],[-81.2550574030119,41.6215211728522]]]},"properties":{"source_county":"Geauga","jurisdiction":"Chardon Township","parcel_id":"06-120719","owner_name":"WESTFALL DONALD ANTHONY","property_address":"9145 CAMBRIDGE RD","property_city":"CHARDON","property_zip":"44024"}},{"type":"Feature","geometry":{"type":"Polygon","coordinates":[[[-81.2535961662818,41.6227196718086],[-81.2558663542715,41.6219230050628],[-81.2559371872686,41.6219830722958],[-81.2560122973808,41.6220401391038],[-81.256091459247,41.622094034255],[-81.2561744353468,41.6221445960339],[-81.2562609767132,41.6221916727264],[-81.2563508236798,41.6222351230756],[-81.2564437066597,41.6222748167054],[-81.2565393469547,41.6223106345117],[-81.2566374575913,41.6223424690198],[-81.2567377441825,41.6223702247076],[-81.2568399058108,41.6223938182913],[-81.2569436359313,41.6224131789759],[-81.2570486232918,41.6224282486678],[-81.257154552867,41.6224389821487],[-81.2572611068036,41.6224453472117],[-81.2573679653747,41.6224473247577],[-81.2573693476751,41.6227118715235],[-81.2564539445256,41.6227137454371],[-81.2555577453541,41.6227156457752],[-81.2543140382739,41.6227182760847],[-81.2535961662818,41.6227196718086]]]},"properties":{"source_county":"Geauga","jurisdiction":"Chardon Township","parcel_id":"06-120720","owner_name":"HANNON MICHAEL N","property_address":"9111 CAMBRIDGE RD","property_city":"CHARDON","property_zip":"44024"}},{"type":"Feature","geometry":{"type":"Polygon","coordinates":[[[-81.2594899525734,41.6218135748198],[-81.2595405553509,41.6220285483276],[-81.2598995429029,41.6227065051425],[-81.2583644901873,41.6227098103525],[-81.2583643101626,41.6227098111307],[-81.2574964598289,41.6227116861866],[-81.2573693476751,41.6227118715235],[-81.2573679653747,41.6224473247577],[-81.2574609285311,41.6224454712845],[-81.2575536684312,41.622440296565],[-81.2576459744441,41.622431812352],[-81.2577376369246,41.6224200379148],[-81.2578284476894,41.6224049999954],[-81.2579182004901,41.6223867327481],[-81.2580066914813,41.622365277661],[-81.2580937196843,41.6223406834629],[-81.2581790874431,41.6223130060117],[-81.2582626008737,41.6222823081681],[-81.2583440703044,41.6222486596525],[-81.2584233107065,41.6222121368867],[-81.2585001421149,41.6221728228203],[-81.2585743900364,41.6221308067424],[-81.2586458858466,41.6220861840783],[-81.2587144671724,41.6220390561736],[-81.2587529193086,41.6220130715483],[-81.2587935100654,41.6219889878887],[-81.2588360728219,41.6219669040545],[-81.2588804328628,41.6219469106961],[-81.2589264080962,41.6219290898829],[-81.2589738098004,41.6219135147666],[-81.2590224433986,41.6219002492802],[-81.2590721092578,41.6218893478762],[-81.259448404629,41.621816857493],[-81.2594575354987,41.6218118814765],[-81.2594683830577,41.6218095468995],[-81.259479640738,41.6218101349574],[-81.2594899525734,41.6218135748198]]]},"properties":{"source_county":"Geauga","jurisdiction":"Chardon Township","parcel_id":"06-120721","owner_name":"KRALJ DARKO & BERNADETTE","property_address":"9119 HERMITAGE RD","property_city":"CHARDON","property_zip":"44024"}},{"type":"Feature","geometry":{"type":"Polygon","coordinates":[[[-81.2582347157239,41.6070326932995],[-81.2584865170846,41.6059876797272],[-81.258613014045,41.6060223929532],[-81.2590320897995,41.606137146146],[-81.2595991757649,41.6062924252741],[-81.2595669541905,41.6090441487018],[-81.2586185719833,41.6087933259153],[-81.2576182064916,41.6085287439519],[-81.2576091932279,41.6083777559953],[-81.2582347157239,41.6070326932995]]]},"properties":{"source_county":"Geauga","jurisdiction":"Chardon Township","parcel_id":"06-120752","owner_name":"TAYLOR JAY M & FIRTH KRISTIN M","property_address":"10654 MITCHELLS MILL RD","property_city":"CHARDON","property_zip":"44024"}},{"type":"Feature","geometry":{"type":"Polygon","coordinates":[[[-81.2524397122848,41.6017936260017],[-81.2553647259481,41.6017909019844],[-81.2553667950524,41.6030258709796],[-81.2524417262074,41.6030285950471],[-81.2524397122848,41.6017936260017]]]},"properties":{"source_county":"Geauga","jurisdiction":"Chardon Township","parcel_id":"06-120799","owner_name":"CHEMNITZ GREGORY & KATHRINE","property_address":"9890 WILDER RD","property_city":"CHARDON","property_zip":"44024"}},{"type":"Feature","geometry":{"type":"Polygon","coordinates":[[[-81.26655615474,41.6115812594323],[-81.2665739437862,41.6084655583495],[-81.2685687694033,41.6092682874215],[-81.2703399274718,41.6099809665063],[-81.2723866596735,41.6108044781425],[-81.2726062947393,41.6108928454941],[-81.2728105976682,41.6109861966982],[-81.2730583796839,41.611099413576],[-81.2726751771744,41.6115846829668],[-81.2716889586519,41.6128335444501],[-81.2721683076024,41.6128460426941],[-81.2725817058321,41.6132850536221],[-81.2732661049637,41.6135236608458],[-81.2731870536282,41.6145638285995],[-81.2710964563927,41.6137992430379],[-81.2710942949635,41.6137420727047],[-81.2683572585133,41.6129109410913],[-81.2665461142253,41.6123609201624],[-81.26655615474,41.6115812594323]]]},"properties":{"source_county":"Geauga","jurisdiction":"Chardon Township","parcel_id":"06-120800","owner_name":"KNERLY STEPHEN J JR TRUSTEE","property_address":"10390 MITCHELLS MILL RD","property_city":"CHARDON","property_zip":"44024"}},{"type":"Feature","geometry":{"type":"Polygon","coordinates":[[[-81.2589872386385,41.6192044832707],[-81.2600928794169,41.6191972619448],[-81.2601460304268,41.6192857788612],[-81.2609653804328,41.6206502732933],[-81.2606513596228,41.6215814535746],[-81.2595479841612,41.6215867679033],[-81.2594329360178,41.6210980100918],[-81.2589872386385,41.6192044832707]]]},"properties":{"source_county":"Geauga","jurisdiction":"Chardon Township","parcel_id":"06-120811","owner_name":"KUBYN RUSSELL & STACEY","property_address":"9160 HERMITAGE RD","property_city":"CHARDON","property_zip":"44024"}},{"type":"Feature","geometry":{"type":"Polygon","coordinates":[[[-81.2578040199818,41.616230641078],[-81.2575590834352,41.6157828743376],[-81.2583861415516,41.615993806539],[-81.2583869750819,41.6159940189511],[-81.2600937408545,41.6164292868462],[-81.2600934593545,41.6173310852465],[-81.258411840242,41.6173299047869],[-81.2579825553989,41.6165570181333],[-81.2578040199818,41.616230641078]]]},"properties":{"source_county":"Geauga","jurisdiction":"Chardon Township","parcel_id":"06-120812","owner_name":"BASKEY BARBARA D TRUSTEE","property_address":"9320 HERMITAGE RD","property_city":"CHARDON","property_zip":"44024"}},{"type":"Feature","geometry":{"type":"Polygon","coordinates":[[[-81.2600928794169,41.6191972619448],[-81.2600930185366,41.6187486029712],[-81.2610230242114,41.6191188717008],[-81.2620299741916,41.6192141384003],[-81.2619949552359,41.6176473309372],[-81.2617130269537,41.6173571689067],[-81.2617014552026,41.6168392666179],[-81.2619221642804,41.6168955473573],[-81.2619298288116,41.617238549109],[-81.2622117551445,41.6175287105998],[-81.2622493515579,41.6192110127754],[-81.2622511896286,41.6192932552004],[-81.2622808932277,41.6206222125329],[-81.2621722708356,41.6206443922617],[-81.2609653804328,41.6206502732933],[-81.2601460304268,41.6192857788612],[-81.2600928794169,41.6191972619448]]]},"properties":{"source_county":"Geauga","jurisdiction":"Chardon Township","parcel_id":"06-120813","owner_name":"KUBYN R RUSSELL & STACEY G","property_address":" MENTOR RD","property_city":"CHARDON","property_zip":"44024"}},{"type":"Feature","geometry":{"type":"Polygon","coordinates":[[[-81.2496266466001,41.6183768257939],[-81.2497695051066,41.6164326175639],[-81.2534475544419,41.6153517978845],[-81.2534896453438,41.6165983189321],[-81.255075455641,41.6165827250134],[-81.2579825553989,41.6165570181333],[-81.258411840242,41.6173299047869],[-81.2582941001313,41.617331575175],[-81.2556383790561,41.6173692623657],[-81.2542316865893,41.6173891859224],[-81.2534268159292,41.6174006250145],[-81.2531768207619,41.617404312221],[-81.2531934277223,41.6183739251586],[-81.2516179799286,41.6183756514547],[-81.2496266466001,41.6183768257939]]]},"properties":{"source_county":"Geauga","jurisdiction":"Chardon Township","parcel_id":"06-120846","owner_name":"BLACK GREGORY DOUGLAS & JENIFER","property_address":"9319 HERMITAGE RD","property_city":"CHARDON","property_zip":"44024"}},{"type":"Feature","geometry":{"type":"Polygon","coordinates":[[[-81.2658152716039,41.6178881960404],[-81.2664748786816,41.618056364289],[-81.2664891887351,41.6193089203505],[-81.2664915558759,41.6195161687635],[-81.2665030581341,41.6205230013388],[-81.2652955653382,41.619832183439],[-81.2653504708011,41.6197739000982],[-81.2653996230061,41.6197127932832],[-81.2654427652318,41.6196491821745],[-81.2654796721511,41.6195833990322],[-81.2655101510074,41.6195157874607],[-81.2655340426213,41.6194467006137],[-81.2655512222218,41.6193764993496],[-81.2655616000974,41.6193055503467],[-81.2655651043456,41.619223091921],[-81.2655516747634,41.6182351741644],[-81.2655538483959,41.6181842371922],[-81.2655617388555,41.6181336192395],[-81.2655752899099,41.6180836809577],[-81.2655944049955,41.6180347781548],[-81.2656297004146,41.6179568220382],[-81.2656415428652,41.6179372229724],[-81.2656582530967,41.6179197341827],[-81.2656791889482,41.6179050277455],[-81.2657035458741,41.6178936688141],[-81.2657303878622,41.6178860939],[-81.2657586834031,41.6178825940991],[-81.26578734513,41.6178833039049],[-81.2658152716039,41.6178881960404]]]},"properties":{"source_county":"Geauga","jurisdiction":"Chardon Township","parcel_id":"06-120851","owner_name":"MISCKO STEPHEN R & STACEY L","property_address":"9275 MENTOR RD","property_city":"CHARDON","property_zip":"44024"}},{"type":"Feature","geometry":{"type":"Polygon","coordinates":[[[-81.2653304922612,41.6177645980128],[-81.2658152716039,41.6178881960404],[-81.26578734513,41.6178833039049],[-81.2657586834031,41.6178825940991],[-81.2657303878622,41.6178860939],[-81.2657035458741,41.6178936688141],[-81.2656791889482,41.6179050277455],[-81.2656582530967,41.6179197341827],[-81.2656415428652,41.6179372229724],[-81.2656297004146,41.6179568220382],[-81.2655944049955,41.6180347781548],[-81.2655752899099,41.6180836809577],[-81.2655617388555,41.6181336192395],[-81.2655538483959,41.6181842371922],[-81.2655516747634,41.6182351741644],[-81.2655651043456,41.619223091921],[-81.2655616000974,41.6193055503467],[-81.2655512222218,41.6193764993496],[-81.2655340426213,41.6194467006137],[-81.2655101510074,41.6195157874607],[-81.2654796721511,41.6195833990322],[-81.2654427652318,41.6196491821745],[-81.2653996230061,41.6197127932832],[-81.2653504708011,41.6197739000982],[-81.2652955653382,41.619832183439],[-81.2665030581341,41.6205230013388],[-81.2665148238966,41.6215527983184],[-81.2635053661365,41.6215675439939],[-81.2643691697514,41.6200514758489],[-81.264462234589,41.6200407044857],[-81.2645537256417,41.6200239842785],[-81.264642968867,41.6200014384104],[-81.2647293067845,41.6199732329838],[-81.2648121033204,41.6199395757966],[-81.264890748494,41.619900714811],[-81.2649646629118,41.6198569363268],[-81.2650333020363,41.6198085628717],[-81.2650961601979,41.6197559508251],[-81.26515277432,41.6196994877922],[-81.2652027273305,41.6196395897484],[-81.2652456512343,41.6195766979743],[-81.2652812298241,41.6195112758048],[-81.2653092010092,41.619443805215],[-81.2653293587458,41.61937478327],[-81.2653415545545,41.6193047184619],[-81.2653449371881,41.619264776697],[-81.2653456851466,41.6192247582942],[-81.2653322637261,41.6182368378629],[-81.2653350312874,41.61817201425],[-81.2653450736361,41.6181075966632],[-81.2653623192108,41.6180440440026],[-81.2653866451365,41.6179818090056],[-81.2654219419912,41.617903852063],[-81.2654284615067,41.6178828959535],[-81.2654294076289,41.6178613880726],[-81.2654247440047,41.6178401549452],[-81.2654146498576,41.6178200125371],[-81.2653995130988,41.6178017348982],[-81.2653799154202,41.6177860244168],[-81.26535660994,41.6177734848279],[-81.2653304922612,41.6177645980128]]]},"properties":{"source_county":"Geauga","jurisdiction":"Chardon Township","parcel_id":"06-120852","owner_name":"SLUSARSKI EDWARD J & YVETTE","property_address":"9279 MENTOR RD","property_city":"CHARDON","property_zip":"44024"}},{"type":"Feature","geometry":{"type":"Polygon","coordinates":[[[-81.2621722708356,41.6206443922617],[-81.2622808932277,41.6206222125329],[-81.2623021553798,41.6215734170002],[-81.2606513596228,41.6215814535746],[-81.2609653804328,41.6206502732933],[-81.2621722708356,41.6206443922617]]]},"properties":{"source_county":"Geauga","jurisdiction":"Chardon Township","parcel_id":"06-120853","owner_name":"KUBYN RUSSELL & STACEY","property_address":" HERMITAGE RD","property_city":"CHARDON","property_zip":"44024"}},{"type":"Feature","geometry":{"type":"Polygon","coordinates":[[[-81.2632362682287,41.6191985836052],[-81.2631920030411,41.6172193429253],[-81.2634127158822,41.6172756208395],[-81.2634579404679,41.6192977348145],[-81.2634648793544,41.6196080070922],[-81.2643691697514,41.6200514758489],[-81.2635053661365,41.6215675439939],[-81.2623021553798,41.6215734170002],[-81.2622808932277,41.6206222125329],[-81.2622511896286,41.6192932552004],[-81.2622493515579,41.6192110127754],[-81.2632362682287,41.6191985836052]]]},"properties":{"source_county":"Geauga","jurisdiction":"Chardon Township","parcel_id":"06-120860","owner_name":"STANEK CASSANDRA M","property_address":"9305 MENTOR RD","property_city":"CHARDON","property_zip":"44024"}},{"type":"Feature","geometry":{"type":"Polygon","coordinates":[[[-81.2508906395651,41.6045892547546],[-81.2513465098228,41.6045885843202],[-81.2514022176197,41.6064342523411],[-81.2502519740812,41.6064419562489],[-81.2501943079538,41.6045902762976],[-81.2508906395651,41.6045892547546]]]},"properties":{"source_county":"Geauga","jurisdiction":"Chardon Township","parcel_id":"06-120861","owner_name":"CHOATE ROBERT E TOD & DADANTE CHOATE VIRGINIA TOD","property_address":"10880 MITCHELLS MILL RD","property_city":"CHARDON","property_zip":"44024"}},{"type":"Feature","geometry":{"type":"Polygon","coordinates":[[[-81.264358988988,41.6193010285351],[-81.2643347032558,41.6175107055737],[-81.2653304922612,41.6177645980128],[-81.26535660994,41.6177734848279],[-81.2653799154202,41.6177860244168],[-81.2653995130988,41.6178017348982],[-81.2654146498576,41.6178200125371],[-81.2654247440047,41.6178401549452],[-81.2654294076289,41.6178613880726],[-81.2654284615067,41.6178828959535],[-81.2654219419912,41.617903852063],[-81.2653866451365,41.6179818090056],[-81.2653623192108,41.6180440440026],[-81.2653450736361,41.6181075966632],[-81.2653350312874,41.61817201425],[-81.2653322637261,41.6182368378629],[-81.2653456851466,41.6192247582942],[-81.2653449371881,41.619264776697],[-81.2653415545545,41.6193047184619],[-81.2653293587458,41.61937478327],[-81.2653092010092,41.619443805215],[-81.2652812298241,41.6195112758048],[-81.2652456512343,41.6195766979743],[-81.2652027273305,41.6196395897484],[-81.26515277432,41.6196994877922],[-81.2650961601979,41.6197559508251],[-81.2650333020363,41.6198085628717],[-81.2649646629118,41.6198569363268],[-81.264890748494,41.619900714811],[-81.2648121033204,41.6199395757966],[-81.2647293067845,41.6199732329838],[-81.264642968867,41.6200014384104],[-81.2645537256417,41.6200239842785],[-81.264462234589,41.6200407044857],[-81.2643691697514,41.6200514758489],[-81.264358988988,41.6193010285351]]]},"properties":{"source_county":"Geauga","jurisdiction":"Chardon Township","parcel_id":"06-120868","owner_name":"LINDBERG TINA","property_address":"9285 MENTOR RD","property_city":"CHARDON","property_zip":"44024"}},{"type":"Feature","geometry":{"type":"Polygon","coordinates":[[[-81.2610246853165,41.617746690784],[-81.2609593780546,41.6166500346491],[-81.2617014552026,41.6168392666179],[-81.2617130269537,41.6173571689067],[-81.2619949552359,41.6176473309372],[-81.2620299741916,41.6192141384003],[-81.2610230242114,41.6191188717008],[-81.2610246853165,41.617746690784]]]},"properties":{"source_county":"Geauga","jurisdiction":"Chardon Township","parcel_id":"06-120873","owner_name":"PAYNTER DAVID K","property_address":"9325 MENTOR RD","property_city":"CHARDON","property_zip":"44024"}},{"type":"Feature","geometry":{"type":"Polygon","coordinates":[[[-81.2599040955782,41.6227065249039],[-81.2600174473112,41.6227062971439],[-81.2601821067351,41.6232343772866],[-81.2610739776831,41.6260953043487],[-81.2611488763497,41.6263355525315],[-81.2612068686308,41.6265215698466],[-81.2583573775474,41.626521011084],[-81.2583582577532,41.6261407489359],[-81.2583593561048,41.6256662639995],[-81.2583594746884,41.6256152996239],[-81.2583600486536,41.6252476964821],[-81.2583606258753,41.6248799213389],[-81.2583612030905,41.6245121461492],[-81.2583622909156,41.6239236740065],[-81.2583634291661,41.6234309546245],[-81.2583641731523,41.6228134195283],[-81.2583641753878,41.6228127324937],[-81.2583643101626,41.6227098111307],[-81.2583644901873,41.6227098103525],[-81.2599040955782,41.6227065249039]]]},"properties":{"source_county":"Geauga","jurisdiction":"Chardon Township","parcel_id":"06-120896","owner_name":"OFFUTT GRACE & MC MILLAN VICTORIA M & S STERLING IV","property_address":" HERMITAGE RD","property_city":"CHARDON","property_zip":"44024"}},{"type":"Feature","geometry":{"type":"Polygon","coordinates":[[[-81.2498390103946,41.6143233184315],[-81.2528354637606,41.6122045746773],[-81.2532367836211,41.6125240955771],[-81.2531057857638,41.6126167238111],[-81.2529742558558,41.6126193069183],[-81.2529912502865,41.6131543724541],[-81.2530030171213,41.6135248166648],[-81.2498390103946,41.6143233184315]]]},"properties":{"source_county":"Geauga","jurisdiction":"Chardon Township","parcel_id":"06-120926","owner_name":"DOOLITTLE RONALD L JR & DAWN","property_address":"9493 MENTOR RD","property_city":"CHARDON","property_zip":"44024"}},{"type":"Feature","geometry":{"type":"Polygon","coordinates":[[[-81.2488540098184,41.6136232590635],[-81.2488237647884,41.6115610866077],[-81.2488237514287,41.6115601535721],[-81.2514699931935,41.6127176211417],[-81.2525345541053,41.611964871321],[-81.2528354637606,41.6122045746773],[-81.2498390103946,41.6143233184315],[-81.2488678713741,41.6145683836426],[-81.2488540098184,41.6136232590635]]]},"properties":{"source_county":"Geauga","jurisdiction":"Chardon Township","parcel_id":"06-120963","owner_name":"OLBRYSH GARY A & AMY L","property_address":"9499 MENTOR RD","property_city":"CHARDON","property_zip":"44024"}},{"type":"Feature","geometry":{"type":"Polygon","coordinates":[[[-81.2607225772186,41.6045743913379],[-81.2606990386773,41.6030217217216],[-81.2624141554255,41.6040413088243],[-81.2627827196249,41.6042336493147],[-81.2627882486425,41.6045711629328],[-81.2628309444139,41.6071772797369],[-81.2624668755356,41.6070776032061],[-81.2620991087952,41.6069769136119],[-81.2613325621108,41.6067670383835],[-81.2613147604025,41.6055936500929],[-81.2607356250339,41.6054350792941],[-81.2607225772186,41.6045743913379]]]},"properties":{"source_county":"Geauga","jurisdiction":"Chardon Township","parcel_id":"06-121026","owner_name":"KUTLICK JAMIE & CORY","property_address":"10581 MITCHELLS MILL RD","property_city":"CHARDON","property_zip":"44024"}},{"type":"Feature","geometry":{"type":"Polygon","coordinates":[[[-81.2592950582149,41.6161386512699],[-81.2595110861633,41.6156642134357],[-81.2600187586168,41.6157981152377],[-81.2598146816746,41.6162711669039],[-81.2592950582149,41.6161386512699]]]},"properties":{"source_county":"Geauga","jurisdiction":"Chardon Township","parcel_id":"06-702500","owner_name":"CHARDON TWP BOARD OF TRUSTEES","property_address":" MENTOR RD","property_city":"CHARDON","property_zip":"44024"}},{"type":"Feature","geometry":{"type":"Polygon","coordinates":[[[-81.2600187586168,41.6157981152377],[-81.2595110861633,41.6156642134357],[-81.2592950582149,41.6161386512699],[-81.2591638557981,41.6161051918595],[-81.2595640596753,41.615240815991],[-81.2603502342103,41.6154348984683],[-81.2599667052299,41.6163099363066],[-81.2598146816746,41.6162711669039],[-81.2600187586168,41.6157981152377]]]},"properties":{"source_county":"Geauga","jurisdiction":"Chardon Township","parcel_id":"06-702600","owner_name":"CHARDON TWP TRUSTEES","property_address":"9350 MENTOR RD","property_city":"CHARDON","property_zip":"44024"}},{"type":"Feature","geometry":{"type":"Polygon","coordinates":[[[-81.2672324061337,41.604501680906],[-81.2685414028961,41.6045000456494],[-81.2685417578275,41.6045619759053],[-81.2685687694033,41.6092682874215],[-81.2665739437862,41.6084655583495],[-81.2647666475836,41.6077382450065],[-81.2645255407862,41.6076412120916],[-81.2641397775183,41.6075356039013],[-81.2640703281344,41.60751659101],[-81.2640628214175,41.6045691521278],[-81.2640626562377,41.6045041955356],[-81.2641388822819,41.6045041364745],[-81.2672324061337,41.604501680906]]]},"properties":{"source_county":"Geauga","jurisdiction":"Chardon Township","parcel_id":"06-704600","owner_name":"HOLDEN ARBORETUM THE","property_address":" MITCHELLS MILL RD","property_city":"CHARDON","property_zip":"44024"}},{"type":"Feature","geometry":{"type":"Polygon","coordinates":[[[-81.2575986390468,41.5984203976779],[-81.2585167041968,41.5984253319071],[-81.2585271395142,41.5992486091986],[-81.2585588407367,41.6017493617573],[-81.2585868513,41.6039587616995],[-81.2553683270746,41.6039404281312],[-81.2553667950524,41.6030258709796],[-81.2553647259481,41.6017909019844],[-81.2553590630445,41.5984114052025],[-81.2553590579335,41.5984083300162],[-81.2558055543568,41.5984107397221],[-81.2575986390468,41.5984203976779]]]},"properties":{"source_county":"Geauga","jurisdiction":"Chardon Township","parcel_id":"06-705700","owner_name":"HOLDEN ARBORETUM THE","property_address":" WILDER RD","property_city":"CHARDON","property_zip":"44024"}},{"type":"Feature","geometry":{"type":"Polygon","coordinates":[[[-81.2626383562929,41.5984473952472],[-81.26269482395,41.5984476958743],[-81.2627236713958,41.6003465764591],[-81.2627827196249,41.6042336493147],[-81.2624141554255,41.6040413088243],[-81.2623416789212,41.5992690329808],[-81.2623291768712,41.5984457453382],[-81.2626383562929,41.5984473952472]]]},"properties":{"source_county":"Geauga","jurisdiction":"Chardon Township","parcel_id":"06-706900","owner_name":"HOLDEN ARBORETUM THE","property_address":" MITCHELLS MILL RD","property_city":"CHARDON","property_zip":"44024"}},{"type":"Feature","geometry":{"type":"Polygon","coordinates":[[[-81.2614885277688,41.5992644762312],[-81.2623416789212,41.5992690329808],[-81.2624141554255,41.6040413088243],[-81.2606990386773,41.6030217217216],[-81.2585588407367,41.6017493617573],[-81.2585271395142,41.5992486091986],[-81.2614885277688,41.5992644762312]]]},"properties":{"source_county":"Geauga","jurisdiction":"Chardon Township","parcel_id":"06-707415","owner_name":"HOLDEN ARBORETUM THE","property_address":" MITCHELLS MILL RD","property_city":"CHARDON","property_zip":"44024"}},{"type":"Feature","geometry":{"type":"Polygon","coordinates":[[[-81.2641029851053,41.6003485206562],[-81.2671959142685,41.6003528198842],[-81.2672324061337,41.604501680906],[-81.2641388822819,41.6045041364745],[-81.2640626562377,41.6045041955356],[-81.2640628214175,41.6045691521278],[-81.2640703281344,41.60751659101],[-81.2628309444139,41.6071772797369],[-81.2627882486425,41.6045711629328],[-81.2627827196249,41.6042336493147],[-81.2627236713958,41.6003465764591],[-81.2641029851053,41.6003485206562]]]},"properties":{"source_county":"Geauga","jurisdiction":"Chardon Township","parcel_id":"06-707434","owner_name":"HOLDEN ARBORETUM THE","property_address":" MITCHELLS MILL RD","property_city":"CHARDON","property_zip":"44024"}},{"type":"Feature","geometry":{"type":"Polygon","coordinates":[[[-81.2671959142685,41.6003528198842],[-81.267160063502,41.5984271116343],[-81.2695465424765,41.6008074763208],[-81.2696306481952,41.6044986739444],[-81.2685414028961,41.6045000456494],[-81.2672324061337,41.604501680906],[-81.2671959142685,41.6003528198842]]]},"properties":{"source_county":"Geauga","jurisdiction":"Chardon Township","parcel_id":"06-707435","owner_name":"HOLDEN ARBORETUM THE","property_address":" MITCHELLS MILL RD","property_city":"CHARDON","property_zip":"44024"}},{"type":"Feature","geometry":{"type":"Polygon","coordinates":[[[-81.2535020591,41.6217965517237],[-81.253499118885,41.6216251344661],[-81.2487463653831,41.621601624058],[-81.2487429794465,41.6217274897437],[-81.2487406298379,41.6218148471095],[-81.2482888035416,41.6218135098927],[-81.248429196664,41.6185497775956],[-81.2487984233001,41.6185495291981],[-81.2496192342722,41.6185489722088],[-81.2496266466001,41.6183768257939],[-81.2516179799286,41.6183756514547],[-81.2516189642018,41.6188849771609],[-81.252180198588,41.6189786618007],[-81.2532067430676,41.619150010898],[-81.2531535410957,41.6195724898236],[-81.2529339537495,41.6202889738954],[-81.253155757443,41.6209245984078],[-81.2534905623399,41.6211106936634],[-81.2551320728314,41.6207685685462],[-81.2551707302815,41.6209314077498],[-81.2552057261329,41.6210788159639],[-81.2552166875348,41.6211173080546],[-81.255230146813,41.6211553513843],[-81.2552460717027,41.6211928547429],[-81.2552644240275,41.6212297282146],[-81.255285159791,41.6212658833935],[-81.2553082292821,41.6213012335959],[-81.2553335771942,41.6213356940679],[-81.2553611427578,41.6213691821885],[-81.2550574030119,41.6215211728522],[-81.2539376149699,41.6217950396475],[-81.2535038533584,41.6219011219356],[-81.2535020591,41.6217965517237]]]},"properties":{"source_county":"Geauga","jurisdiction":"Chardon Township","parcel_id":"06-120220","owner_name":"LAUBENTHAL PATRICIA A TRUSTEE","property_address":"9177 CAMBRIDGE RD","property_city":"CHARDON","property_zip":"44024"}},{"type":"Feature","geometry":{"type":"Polygon","coordinates":[[[-81.2535961662836,41.6227196718114],[-81.2543140382756,41.6227182760875],[-81.2551914308855,41.6232674553978],[-81.2550992583841,41.6232829298356],[-81.2550093794165,41.623304713842],[-81.2549225593681,41.623332621911],[-81.2548395375779,41.623366416385],[-81.2547610210432,41.6234058094796],[-81.254687678399,41.6234504657329],[-81.2546201342247,41.6235000048632],[-81.2531842531275,41.6227891868155],[-81.2535966881323,41.6227882932637],[-81.2535961662836,41.6227196718114]]]},"properties":{"source_county":"Geauga","jurisdiction":"Chardon Township","parcel_id":"06-001200","owner_name":"RESTLY JOSEPH & JENNIFER C","property_address":"9075 MOUNTAIN VIEW DR","property_city":"CHARDON","property_zip":"44024"}},{"type":"Feature","geometry":{"type":"Polygon","coordinates":[[[-81.2524428529713,41.6037198004315],[-81.2531396391645,41.6037260930662],[-81.2531336995498,41.6038459367693],[-81.2541342716875,41.603933374229],[-81.2541353500876,41.6045844417536],[-81.2524442673297,41.6045869609126],[-81.2524428529713,41.6037198004315]]]},"properties":{"source_county":"Geauga","jurisdiction":"Chardon Township","parcel_id":"06-003700","owner_name":"LUNG WILLIAM A & NANCY J","property_address":"10809 MITCHELLS MILL RD","property_city":"CHARDON","property_zip":"44024"}},{"type":"Feature","geometry":{"type":"Polygon","coordinates":[[[-81.2524442673297,41.6045869609126],[-81.2541353500876,41.6045844417536],[-81.2541359558116,41.6049497839657],[-81.2533411893754,41.6047793312926],[-81.2524442673297,41.6045869609126]]]},"properties":{"source_county":"Geauga","jurisdiction":"Chardon Township","parcel_id":"06-003750","owner_name":"LUNG WILLIAM A & NANCY J","property_address":" MITCHELLS MILL RD","property_city":"CHARDON","property_zip":"44024"}},{"type":"Feature","geometry":{"type":"Polygon","coordinates":[[[-81.2555315261333,41.6162565367186],[-81.2578040199834,41.6162306410809],[-81.2579825554006,41.6165570181361],[-81.2550754556427,41.6165827250162],[-81.2555315261333,41.6162565367186]]]},"properties":{"source_county":"Geauga","jurisdiction":"Chardon Township","parcel_id":"06-007800","owner_name":"PARR CATHERINE M & DOUGLAS L","property_address":"9343 HERMITAGE RD","property_city":"CHARDON","property_zip":"44024"}},{"type":"Feature","geometry":{"type":"Polygon","coordinates":[[[-81.2571848585828,41.6241441437932],[-81.2583617646858,41.6241443716494],[-81.2583612030922,41.624512146152],[-81.2583611094863,41.6245121460526],[-81.2571668999987,41.6245119043243],[-81.2571665696344,41.6241441193173],[-81.2571848585828,41.6241441437932]]]},"properties":{"source_county":"Geauga","jurisdiction":"Chardon Township","parcel_id":"06-008100","owner_name":"BORAWSKI STEVEN J TOD","property_address":"9044 MOUNTAIN VIEW DR","property_city":"CHARDON","property_zip":"44024"}},{"type":"Feature","geometry":{"type":"Polygon","coordinates":[[[-81.2513465098245,41.604588584323],[-81.2524442673297,41.6045869609126],[-81.2524403223017,41.6064272186914],[-81.2514022176213,41.6064342523439],[-81.2513465098245,41.604588584323]]]},"properties":{"source_county":"Geauga","jurisdiction":"Chardon Township","parcel_id":"06-008900","owner_name":"MULLET CRIST E BARBARA A","property_address":"10840 MITCHELLS MILL RD","property_city":"CHARDON","property_zip":"44024"}},{"type":"Feature","geometry":{"type":"Polygon","coordinates":[[[-81.2583611094863,41.6245121460526],[-81.2583612030922,41.624512146152],[-81.258360625877,41.6248799213418],[-81.2583604566622,41.624879921335],[-81.2571663160714,41.6248796795081],[-81.2571668999987,41.6245119043243],[-81.2583611094863,41.6245121460526]]]},"properties":{"source_county":"Geauga","jurisdiction":"Chardon Township","parcel_id":"06-009400","owner_name":"HOSLER KRISTEN & BENJAMIN","property_address":"9030 MOUNTAIN VIEW DR","property_city":"CHARDON","property_zip":"44024"}},{"type":"Feature","geometry":{"type":"Polygon","coordinates":[[[-81.2584118402437,41.6173299047897],[-81.2600934593562,41.6173310852494],[-81.2600930185383,41.618748602974],[-81.2600928794186,41.6191972619477],[-81.2589872386401,41.6192044832735],[-81.2586467529458,41.6177578725964],[-81.2584118402437,41.6173299047897]]]},"properties":{"source_county":"Geauga","jurisdiction":"Chardon Township","parcel_id":"06-014500","owner_name":"CHASE MARK M & GREGORY G","property_address":"9282 HERMITAGE RD","property_city":"CHARDON","property_zip":"44024"}},{"type":"Feature","geometry":{"type":"Polygon","coordinates":[[[-81.2532367836228,41.6125240955798],[-81.2533165217845,41.6124677133433],[-81.2539724426637,41.612990199259],[-81.2537615827032,41.6131392825038],[-81.2529912502881,41.6131543724569],[-81.2529742558575,41.6126193069211],[-81.2531057857655,41.612616723814],[-81.2532367836228,41.6125240955798]]]},"properties":{"source_county":"Geauga","jurisdiction":"Chardon Township","parcel_id":"06-014650","owner_name":"LAZNIK FRANK J & NOREEN","property_address":"9481 MENTOR RD","property_city":"CHARDON","property_zip":"44024"}},{"type":"Feature","geometry":{"type":"Polygon","coordinates":[[[-81.2531708561332,41.6245001537509],[-81.2543450380801,41.6245005649753],[-81.2543443566812,41.6248726273086],[-81.2531683361927,41.6248723684159],[-81.2531708561332,41.6245001537509]]]},"properties":{"source_county":"Geauga","jurisdiction":"Chardon Township","parcel_id":"06-014700","owner_name":"CHRISTEL MARTIN W","property_address":"9033 MOUNTAIN VIEW DR","property_city":"CHARDON","property_zip":"44024"}},{"type":"Feature","geometry":{"type":"Polygon","coordinates":[[[-81.2531743099192,41.6241269207193],[-81.2543448280491,41.6241272918136],[-81.2543450380801,41.6245005649753],[-81.2531708561332,41.6245001537509],[-81.2531743099192,41.6241269207193]]]},"properties":{"source_county":"Geauga","jurisdiction":"Chardon Township","parcel_id":"06-014800","owner_name":"CHRISTEL MARTIN W","property_address":" MOUNTAIN VIEW DR","property_city":"CHARDON","property_zip":"44024"}},{"type":"Feature","geometry":{"type":"Polygon","coordinates":[[[-81.2531788899949,41.6235505950368],[-81.2531842531275,41.6227891868155],[-81.2546201342247,41.6235000048632],[-81.2545577201589,41.6235552137676],[-81.2545025117202,41.6236145871835],[-81.2544549995295,41.6236775974986],[-81.2544156058198,41.6237436847805],[-81.2543846806839,41.623812261752],[-81.2531788899949,41.6235505950368]]]},"properties":{"source_county":"Geauga","jurisdiction":"Chardon Township","parcel_id":"06-015200","owner_name":"DOUDICAN MICHAEL E & SUSAN","property_address":"9071 MOUNTAIN VIEW DR","property_city":"CHARDON","property_zip":"44024"}},{"type":"Feature","geometry":{"type":"Polygon","coordinates":[[[-81.2650742945018,41.6088120193266],[-81.2647666475853,41.6077382450093],[-81.2665739437879,41.6084655583523],[-81.2665561547417,41.6115812594351],[-81.2645156608745,41.6115855110133],[-81.264515623708,41.6115831576838],[-81.2645156197294,41.6115829235187],[-81.2644785616472,41.6092194755927],[-81.2650742945018,41.6088120193266]]]},"properties":{"source_county":"Geauga","jurisdiction":"Chardon Township","parcel_id":"06-016900","owner_name":"KNERLY STEPHEN J JR TRUSTEE","property_address":" MITCHELLS MILL RD","property_city":"CHARDON","property_zip":"44024"}},{"type":"Feature","geometry":{"type":"Polygon","coordinates":[[[-81.2576091932296,41.6083777559981],[-81.2573648919785,41.6079646884992],[-81.2569120648217,41.6079629255378],[-81.2567510507393,41.6079619908048],[-81.257305161697,41.6056642575293],[-81.2584865170863,41.6059876797301],[-81.2582347157256,41.6070326933023],[-81.2576091932296,41.6083777559981]]]},"properties":{"source_county":"Geauga","jurisdiction":"Chardon Township","parcel_id":"06-023100","owner_name":"METZ BARBARA M TOD","property_address":" MITCHELLS MILL RD","property_city":"CHARDON","property_zip":"44024"}},{"type":"Feature","geometry":{"type":"Polygon","coordinates":[[[-81.2524403223017,41.6064272186914],[-81.2524442673297,41.6045869609126],[-81.2533411893754,41.6047793312926],[-81.2533344525546,41.607942095002],[-81.2524497335123,41.6079369273021],[-81.2524370866612,41.6079368536517],[-81.2524389964995,41.6070460482383],[-81.2524403223017,41.6064272186914]]]},"properties":{"source_county":"Geauga","jurisdiction":"Chardon Township","parcel_id":"06-023300","owner_name":"KUHN MARY LINDA","property_address":"10820 MITCHELLS MILL RD","property_city":"CHARDON","property_zip":"44024"}},{"type":"Feature","geometry":{"type":"Polygon","coordinates":[[[-81.2553683270763,41.6039404281341],[-81.2585868513017,41.6039587617023],[-81.258594697591,41.6045776784039],[-81.2586130140466,41.6060223929561],[-81.2584865170863,41.6059876797301],[-81.257305161697,41.6056642575293],[-81.2567187118358,41.6055036613705],[-81.2564094140056,41.6054373352612],[-81.2552540203382,41.6051895639227],[-81.2545573215724,41.6050401508418],[-81.2548942339103,41.6045833033166],[-81.2553683270763,41.6039404281341]]]},"properties":{"source_county":"Geauga","jurisdiction":"Chardon Township","parcel_id":"06-023500","owner_name":"LOVE GAIL JOANNE","property_address":" MITCHELLS MILL RD","property_city":"CHARDON","property_zip":"44024"}},{"type":"Feature","geometry":{"type":"Polygon","coordinates":[[[-81.260350234212,41.6154348984711],[-81.2595640596769,41.6152408159938],[-81.2591638557998,41.6161051918623],[-81.2583864243815,41.6159069230256],[-81.2583870130321,41.614109448063],[-81.258387198537,41.6135406224057],[-81.2583878309502,41.6116068778428],[-81.2583878419698,41.6115734713023],[-81.2589943451039,41.6115755323287],[-81.2629225045153,41.6115888051709],[-81.2645156608745,41.6115855110133],[-81.2665561547417,41.6115812594351],[-81.266546114227,41.6123609201653],[-81.2664738824984,41.6179691575942],[-81.2599667052316,41.6163099363094],[-81.260350234212,41.6154348984711]]]},"properties":{"source_county":"Geauga","jurisdiction":"Chardon Township","parcel_id":"06-023900","owner_name":"DOLAN MARK D & RENEE DELUCA","property_address":"9306 MENTOR RD","property_city":"CHARDON","property_zip":"44024"}},{"type":"Feature","geometry":{"type":"Polygon","coordinates":[[[-81.2583631102415,41.6234310655799],[-81.2583634291678,41.6234309546273],[-81.2583622909173,41.6239236740093],[-81.2583617646858,41.6241443716494],[-81.2571848585828,41.6241441437932],[-81.2571852971574,41.6240247561179],[-81.2571823032519,41.6239656489548],[-81.2571733663392,41.6239068804504],[-81.2571585375213,41.6238487865421],[-81.2583630293058,41.6234310935303],[-81.2583631102415,41.6234310655799]]]},"properties":{"source_county":"Geauga","jurisdiction":"Chardon Township","parcel_id":"06-025560","owner_name":"CLARKE DONALD P TOD & KATHRYN J TOD","property_address":"9058 MOUNTAIN VIEW DR","property_city":"CHARDON","property_zip":"44024"}},{"type":"Feature","geometry":{"type":"Polygon","coordinates":[[[-81.2553550449735,41.6234205631565],[-81.2555095900013,41.6234205026601],[-81.2559532023876,41.6240887684516],[-81.255756146606,41.6241602490716],[-81.2556567026248,41.6241960658947],[-81.2553200085112,41.6239644842492],[-81.2547524135009,41.6236370248806],[-81.2548111085999,41.6235897878602],[-81.2548761819916,41.6235475164113],[-81.2549468916322,41.6235106925555],[-81.2550224312123,41.6234797361949],[-81.2551019393504,41.623455000324],[-81.2551845094151,41.6234367670048],[-81.2552691998629,41.6234252441508],[-81.2553550449735,41.6234205631565]]]},"properties":{"source_county":"Geauga","jurisdiction":"Chardon Township","parcel_id":"06-027400","owner_name":"DERUBEIS ROGER A & DARLENE K","property_address":"9062 MOUNTAIN VIEW DR","property_city":"CHARDON","property_zip":"44024"}},{"type":"Feature","geometry":{"type":"Polygon","coordinates":[[[-81.2555315261333,41.6162565367186],[-81.2568638314056,41.6152932380851],[-81.2570273041108,41.6154234399547],[-81.2572800653746,41.6156247567261],[-81.2575038056915,41.6156818203678],[-81.2575590834368,41.6157828743404],[-81.2578040199834,41.6162306410809],[-81.2555315261333,41.6162565367186]]]},"properties":{"source_county":"Geauga","jurisdiction":"Chardon Township","parcel_id":"06-036900","owner_name":"GRIMM MARGARET E TOD","property_address":"9371 HERMITAGE RD","property_city":"CHARDON","property_zip":"44024"}},{"type":"Feature","geometry":{"type":"Polygon","coordinates":[[[-81.2561433086588,41.6234207679947],[-81.2562244968083,41.6234238459215],[-81.2563048534797,41.6234330708194],[-81.2563835541916,41.6234483480387],[-81.2564597914516,41.6234695208306],[-81.2565327830411,41.6234963719564],[-81.2566017800404,41.6235286259152],[-81.2566660745126,41.6235659517715],[-81.2567250067671,41.6236079665497],[-81.2567758349976,41.6236516063604],[-81.2568202107602,41.6236990435978],[-81.2568063336628,41.6237074721393],[-81.2568481614531,41.6237636152659],[-81.2568816837747,41.6238228131692],[-81.2569065102988,41.6238843765987],[-81.256922351941,41.6239475887599],[-81.2565805461896,41.624184167057],[-81.2559532023876,41.6240887684516],[-81.2555095900013,41.6234205026601],[-81.2561433086588,41.6234207679947]]]},"properties":{"source_county":"Geauga","jurisdiction":"Chardon Township","parcel_id":"06-037750","owner_name":"MANTEL JENNIFER L & LOTT STEPHEN E JR","property_address":"9055 MOUNTAIN VIEW DR","property_city":"CHARDON","property_zip":"44024"}},{"type":"Feature","geometry":{"type":"Polygon","coordinates":[[[-81.2583641379662,41.6228134398661],[-81.2583641731539,41.6228134195312],[-81.2583634291678,41.6234309546273],[-81.2583631102415,41.6234310655799],[-81.2583630293058,41.6234310935303],[-81.2571585375213,41.6238487865421],[-81.2571331910113,41.6237806677663],[-81.2570997495929,41.623714544838],[-81.2570584865776,41.6236509581225],[-81.2570097391933,41.6235904272571],[-81.2583641379662,41.6228134398661]]]},"properties":{"source_county":"Geauga","jurisdiction":"Chardon Township","parcel_id":"06-040700","owner_name":"LATESSA VORVOLAKOS ALEXANDRA R & VORVOLAKIS VASILIOS","property_address":"9066 MOUNTAIN VIEW DR","property_city":"CHARDON","property_zip":"44024"}},{"type":"Feature","geometry":{"type":"Polygon","coordinates":[[[-81.2561427812206,41.6232560843975],[-81.2555575315842,41.6232558229492],[-81.2555577453558,41.6227156457781],[-81.2564539445273,41.62271374544],[-81.2563272654288,41.6232685220834],[-81.2562353926286,41.6232592191359],[-81.2561427812206,41.6232560843975]]]},"properties":{"source_county":"Geauga","jurisdiction":"Chardon Township","parcel_id":"06-043800","owner_name":"HOCH SCOTT","property_address":"9080 MOUNTAIN VIEW DR","property_city":"CHARDON","property_zip":"44024"}},{"type":"Feature","geometry":{"type":"Polygon","coordinates":[[[-81.2619298288133,41.6172385491118],[-81.2619221642822,41.6168955473601],[-81.2631920030428,41.6172193429281],[-81.2632362682303,41.6191985836081],[-81.2622493515596,41.6192110127783],[-81.2622117551462,41.6175287106026],[-81.2619298288133,41.6172385491118]]]},"properties":{"source_county":"Geauga","jurisdiction":"Chardon Township","parcel_id":"06-045100","owner_name":"DAGG DANIEL T & TAYLOR","property_address":"9311 MENTOR RD","property_city":"CHARDON","property_zip":"44024"}},{"type":"Feature","geometry":{"type":"Polygon","coordinates":[[[-81.2487463653847,41.6216016240608],[-81.2534991188866,41.6216251344689],[-81.2535020591017,41.6217965517266],[-81.2535038533601,41.6219011219384],[-81.2535961662836,41.6227196718114],[-81.2530931954435,41.622720795311],[-81.2530638026469,41.6265197062872],[-81.2526989376507,41.6265196067094],[-81.2523656185201,41.6265182336658],[-81.248782333247,41.6265034074456],[-81.2487466331896,41.6265032590555],[-81.245635350021,41.6264902950236],[-81.2456354388482,41.6264081568565],[-81.2456405103709,41.6249506653936],[-81.248689171681,41.6249670890754],[-81.2487258518132,41.6227201813605],[-81.2487366846691,41.6220565668345],[-81.2487406298395,41.6218148471123],[-81.2487429794482,41.6217274897465],[-81.2487463653847,41.6216016240608]]]},"properties":{"source_county":"Geauga","jurisdiction":"Chardon Township","parcel_id":"06-047210","owner_name":"PRIVATE TRUST COMPANY THE & MCMILLAN S STERLING III TRUSTEES","property_address":" CLARK RD","property_city":"CHARDON","property_zip":"44024"}},{"type":"Feature","geometry":{"type":"Polygon","coordinates":[[[-81.2538896284641,41.610190251928],[-81.2570357120387,41.6102140714566],[-81.2569970133718,41.611568732654],[-81.2524630912379,41.6115563307493],[-81.2521714115007,41.611555526711],[-81.2520655028649,41.6114711585554],[-81.2524627755853,41.6114709155837],[-81.2538670904223,41.6114700468904],[-81.2538896284641,41.610190251928]]]},"properties":{"source_county":"Geauga","jurisdiction":"Chardon Township","parcel_id":"06-047400","owner_name":"PRICE PHILIP M TRUSTEE","property_address":"9550 MENTOR RD","property_city":"CHARDON","property_zip":"44024"}},{"type":"Feature","geometry":{"type":"Polygon","coordinates":[[[-81.2567510507393,41.6079619908048],[-81.2569120648217,41.6079629255378],[-81.2570357120387,41.6102140714566],[-81.2538896284641,41.610190251928],[-81.2538670904223,41.6114700468904],[-81.2524627755853,41.6114709155837],[-81.2520655028649,41.6114711585554],[-81.2514905589801,41.6110131462624],[-81.2510359548196,41.6106509932141],[-81.2506817801711,41.6103688419936],[-81.250098436128,41.6099041154296],[-81.24976203266,41.6096361124667],[-81.2521389968454,41.6079351106762],[-81.2524370866612,41.6079368536517],[-81.2524497335123,41.6079369273021],[-81.2533344525546,41.607942095002],[-81.2543322591704,41.6079479163564],[-81.2552481925435,41.6079532519242],[-81.2561965061895,41.6079587683971],[-81.2567510507393,41.6079619908048]]]},"properties":{"source_county":"Geauga","jurisdiction":"Chardon Township","parcel_id":"06-047500","owner_name":"PRICE PHILIP M TRUSTEE","property_address":" MENTOR RD","property_city":"CHARDON","property_zip":"44024"}},{"type":"Feature","geometry":{"type":"Polygon","coordinates":[[[-81.2573716998358,41.6144481654562],[-81.258387198537,41.6135406224057],[-81.2583870130321,41.614109448063],[-81.2570273041108,41.6154234399547],[-81.2568638314056,41.6152932380851],[-81.2562749575111,41.6148242087467],[-81.2565645095362,41.6145128514438],[-81.2573716998358,41.6144481654562]]]},"properties":{"source_county":"Geauga","jurisdiction":"Chardon Township","parcel_id":"06-048864","owner_name":"NELSON BRANDON W & RAUSCHER KATHLEEN E","property_address":"9390 MENTOR RD","property_city":"CHARDON","property_zip":"44024"}},{"type":"Feature","geometry":{"type":"Polygon","coordinates":[[[-81.2570273041108,41.6154234399547],[-81.2583870130321,41.614109448063],[-81.2583864243815,41.6159069230256],[-81.2575038056915,41.6156818203678],[-81.2572800653746,41.6156247567261],[-81.2570273041108,41.6154234399547]]]},"properties":{"source_county":"Geauga","jurisdiction":"Chardon Township","parcel_id":"06-048865","owner_name":"DAVIDSON LANCE T","property_address":"9366 MENTOR RD","property_city":"CHARDON","property_zip":"44024"}},{"type":"Feature","geometry":{"type":"Polygon","coordinates":[[[-81.2554223148193,41.6141450753906],[-81.258387198537,41.6135406224057],[-81.2573716998358,41.6144481654562],[-81.2565645095362,41.6145128514438],[-81.2562749575111,41.6148242087467],[-81.2560039224343,41.6146083306127],[-81.2558445459464,41.6144813866669],[-81.2554223148193,41.6141450753906]]]},"properties":{"source_county":"Geauga","jurisdiction":"Chardon Township","parcel_id":"06-048866","owner_name":"SHULTZ RUSSELL J & CODY E","property_address":"9414 MENTOR RD","property_city":"CHARDON","property_zip":"44024"}},{"type":"Feature","geometry":{"type":"Polygon","coordinates":[[[-81.2510320753065,41.6079286316783],[-81.2515924269208,41.6079319123118],[-81.2494896448139,41.6094191060632],[-81.2493849284618,41.6093356801519],[-81.2492404417368,41.6092241976802],[-81.2510320753065,41.6079286316783]]]},"properties":{"source_county":"Geauga","jurisdiction":"Chardon Township","parcel_id":"06-049100","owner_name":"HISSA GEORGE T","property_address":" MENTOR RD","property_city":"CHARDON","property_zip":"44024"}},{"type":"Feature","geometry":{"type":"Polygon","coordinates":[[[-81.2515924269208,41.6079319123118],[-81.2521389968454,41.6079351106762],[-81.24976203266,41.6096361124667],[-81.2494896448139,41.6094191060632],[-81.2515924269208,41.6079319123118]]]},"properties":{"source_county":"Geauga","jurisdiction":"Chardon Township","parcel_id":"06-049200","owner_name":"HISSA GEORGE","property_address":"9612 MENTOR RD","property_city":"CHARDON","property_zip":"44024"}},{"type":"Feature","geometry":{"type":"Polygon","coordinates":[[[-81.2543140382756,41.6227182760875],[-81.2555577453558,41.6227156457781],[-81.2555575315842,41.6232558229492],[-81.2553691511465,41.6232558642536],[-81.2552799538273,41.6232587490465],[-81.2551914308855,41.6232674553978],[-81.2543140382756,41.6227182760875]]]},"properties":{"source_county":"Geauga","jurisdiction":"Chardon Township","parcel_id":"06-049800","owner_name":"RENNINGER THOMAS W TOD & BARBARA J TOD","property_address":"9077 MOUNTAIN VIEW DR","property_city":"CHARDON","property_zip":"44024"}},{"type":"Feature","geometry":{"type":"Polygon","coordinates":[[[-81.2543322591704,41.6079479163564],[-81.2543385319781,41.6049932292145],[-81.2545573215724,41.6050401508418],[-81.2552540203382,41.6051895639227],[-81.2552481925435,41.6079532519242],[-81.2543322591704,41.6079479163564]]]},"properties":{"source_county":"Geauga","jurisdiction":"Chardon Township","parcel_id":"06-053900","owner_name":"KUHN MARY L","property_address":" MITCHELLS MILL RD","property_city":"CHARDON","property_zip":"44024"}},{"type":"Feature","geometry":{"type":"Polygon","coordinates":[[[-81.2533344525546,41.607942095002],[-81.2533411893754,41.6047793312926],[-81.2541359558116,41.6049497839657],[-81.2543385319781,41.6049932292145],[-81.2543322591704,41.6079479163564],[-81.2533344525546,41.607942095002]]]},"properties":{"source_county":"Geauga","jurisdiction":"Chardon Township","parcel_id":"06-054000","owner_name":"KUHN MARY L","property_address":"10790 MITCHELLS MILL RD","property_city":"CHARDON","property_zip":"44024"}},{"type":"Feature","geometry":{"type":"Polygon","coordinates":[[[-81.2531336995498,41.6038459367693],[-81.2531396391645,41.6037260930662],[-81.2524428529713,41.6037198004315],[-81.2524417262091,41.6030285950499],[-81.2553667950541,41.6030258709825],[-81.2553683270763,41.6039404281341],[-81.2541342716875,41.603933374229],[-81.2531336995498,41.6038459367693]]]},"properties":{"source_county":"Geauga","jurisdiction":"Chardon Township","parcel_id":"06-058200","owner_name":"CHEMNITZ GREGORY & KATHRINE","property_address":"9880 WILDER RD","property_city":"CHARDON","property_zip":"44024"}},{"type":"Feature","geometry":{"type":"Polygon","coordinates":[[[-81.2574964598305,41.6227116861894],[-81.2583643101642,41.6227098111335],[-81.2583641753895,41.6228127324965],[-81.2583641731539,41.6228134195312],[-81.2583641379662,41.6228134398661],[-81.2570097391933,41.6235904272571],[-81.2569949511324,41.6235986740888],[-81.2569752507747,41.6235766783316],[-81.2569257003974,41.6235291352485],[-81.2568714016568,41.6234846075664],[-81.2568126793233,41.6234433616058],[-81.2567498846229,41.6234056440586],[-81.2574964598305,41.6227116861894]]]},"properties":{"source_county":"Geauga","jurisdiction":"Chardon Township","parcel_id":"06-058330","owner_name":"CARLSON ADAM D","property_address":"9076 MOUNTAIN VIEW DR","property_city":"CHARDON","property_zip":"44024"}},{"type":"Feature","geometry":{"type":"Polygon","coordinates":[[[-81.2556567026248,41.6241960658947],[-81.255756146606,41.6241602490716],[-81.2557558678221,41.6245115598546],[-81.2557552759647,41.6248793350313],[-81.2545646266325,41.6248789336616],[-81.254564307636,41.6245113197483],[-81.2547865257365,41.624511299158],[-81.2556567026248,41.6241960658947]]]},"properties":{"source_county":"Geauga","jurisdiction":"Chardon Township","parcel_id":"06-058350","owner_name":"MAZZOLA TONI M","property_address":"9032 MOUNTAIN VIEW DR","property_city":"CHARDON","property_zip":"44024"}},{"type":"Feature","geometry":{"type":"Polygon","coordinates":[[[-81.2531743099192,41.6241269207193],[-81.2531788899949,41.6235505950368],[-81.2543846806839,41.623812261752],[-81.2543638390278,41.6238774438715],[-81.2543506518211,41.6239437413523],[-81.254345219551,41.6240106491214],[-81.2543448280491,41.6241272918136],[-81.2531743099192,41.6241269207193]]]},"properties":{"source_county":"Geauga","jurisdiction":"Chardon Township","parcel_id":"06-061600","owner_name":"AMBERIK WILLIAM T TOD","property_address":"9059 MOUNTAIN VIEW DR","property_city":"CHARDON","property_zip":"44024"}},{"type":"Feature","geometry":{"type":"Polygon","coordinates":[[[-81.2570357120387,41.6102140714566],[-81.2569120648217,41.6079629255378],[-81.2573648919785,41.6079646884992],[-81.2576091932296,41.6083777559981],[-81.2576182064933,41.6085287439548],[-81.258618571985,41.6087933259182],[-81.2595669541921,41.6090441487046],[-81.26042684668,41.6092715592],[-81.2611445386748,41.6091379539235],[-81.2621397284156,41.6089526806986],[-81.2620991087968,41.6069769136148],[-81.2624668755373,41.6070776032089],[-81.2625067596671,41.6090256581785],[-81.2599325846908,41.6095047895441],[-81.2589949750062,41.6115741415214],[-81.2589943451039,41.6115755323287],[-81.2583878419698,41.6115734713023],[-81.2583873008733,41.6115734691226],[-81.2569970133718,41.611568732654],[-81.2570357120387,41.6102140714566]]]},"properties":{"source_county":"Geauga","jurisdiction":"Chardon Township","parcel_id":"06-067300","owner_name":"PAYNE MICHAEL JOSEPH & REGINA ANNE TRUSTEES","property_address":" MITCHELLS MILL RD","property_city":"CHARDON","property_zip":"44024"}},{"type":"Feature","geometry":{"type":"Polygon","coordinates":[[[-81.2514699931951,41.6127176211445],[-81.2488237514304,41.6115601535749],[-81.2521714115007,41.611555526711],[-81.2533165217845,41.6124677133433],[-81.2532367836228,41.6125240955798],[-81.2528354637623,41.6122045746801],[-81.252534554107,41.6119648713239],[-81.2514699931951,41.6127176211445]]]},"properties":{"source_county":"Geauga","jurisdiction":"Chardon Township","parcel_id":"06-067810","owner_name":"DIEDRICHS ROBERT L & BERT C","property_address":"9525 MENTOR RD","property_city":"CHARDON","property_zip":"44024"}},{"type":"Feature","geometry":{"type":"Polygon","coordinates":[[[-81.2735987501496,41.6242614301067],[-81.2731842767876,41.623631892113],[-81.2721236270673,41.6239425610944],[-81.2708627083344,41.6226279762004],[-81.2728632321077,41.6204460510703],[-81.2728819954155,41.620425585235],[-81.27294730917,41.6203543454148],[-81.2732760289294,41.6206775241591],[-81.2750734561274,41.6224445828918],[-81.2761477836852,41.6235007001021],[-81.2743004349681,41.6245655187514],[-81.2735987501496,41.6242614301067]]]},"properties":{"source_county":"Geauga","jurisdiction":"Chardon Township","parcel_id":"06-068100","owner_name":"FARM PARCEL LLC","property_address":"9091 MENTOR RD","property_city":"CHARDON","property_zip":"44024"}},{"type":"Feature","geometry":{"type":"Polygon","coordinates":[[[-81.2665030581358,41.6205230013417],[-81.2664915558776,41.6195161687664],[-81.2674032156939,41.619606144227],[-81.2674993414386,41.6193126534144],[-81.2678264246647,41.6183139772731],[-81.2683427877312,41.618445613824],[-81.2689537777693,41.6186013708987],[-81.2689001903388,41.6193123884542],[-81.2688119784178,41.6204827987383],[-81.2683174780828,41.6215718792455],[-81.2678318177569,41.6226414551395],[-81.2665273289453,41.6226472321171],[-81.2665148238983,41.6215527983212],[-81.2665030581358,41.6205230013417]]]},"properties":{"source_county":"Geauga","jurisdiction":"Chardon Township","parcel_id":"06-068200","owner_name":"CCP PROPERTIES LTD","property_address":"9265 MENTOR RD","property_city":"CHARDON","property_zip":"44024"}},{"type":"Feature","geometry":{"type":"Polygon","coordinates":[[[-81.2600174769445,41.6227062533398],[-81.2625999542216,41.6226829092294],[-81.2626128448778,41.6233947403572],[-81.2629017521385,41.6241428700691],[-81.263547832817,41.6261962934498],[-81.2635498729539,41.6262027760106],[-81.2611488763514,41.6263355525343],[-81.2610399855812,41.6259862689844],[-81.2601808532111,41.6232303577291],[-81.2600174769445,41.6227062533398]]]},"properties":{"source_county":"Geauga","jurisdiction":"Chardon Township","parcel_id":"06-068500","owner_name":"GLENMOUNT INVESTMENT COMPANY L P","property_address":"9074 HERMITAGE RD","property_city":"MENTOR","property_zip":"44060"}},{"type":"Feature","geometry":{"type":"Polygon","coordinates":[[[-81.2710036948734,41.6192999252198],[-81.2710776217831,41.6191678616627],[-81.2715560089528,41.6192966464174],[-81.2718388099988,41.6193727777087],[-81.2723035647634,41.6197810711677],[-81.2728732897262,41.6202815732407],[-81.27294730917,41.6203543454148],[-81.2728819954155,41.620425585235],[-81.2728632321077,41.6204460510703],[-81.2708627083344,41.6226279762004],[-81.2691363075379,41.6226356635341],[-81.2710036948734,41.6192999252198]]]},"properties":{"source_county":"Geauga","jurisdiction":"Chardon Township","parcel_id":"06-068900","owner_name":"KNIERIM PARTNERS LLC","property_address":"9211 MENTOR RD","property_city":"CHARDON","property_zip":"44024"}},{"type":"Feature","geometry":{"type":"Polygon","coordinates":[[[-81.2635053661382,41.6215675439967],[-81.2665148238983,41.6215527983212],[-81.2665273289453,41.6226472321171],[-81.2625999542216,41.6226829092294],[-81.2600174473128,41.6227062971467],[-81.259646657906,41.6220059551425],[-81.2595479841628,41.6215867679061],[-81.2606513596245,41.6215814535774],[-81.2623021553814,41.621573417003],[-81.2635053661382,41.6215675439967]]]},"properties":{"source_county":"Geauga","jurisdiction":"Chardon Township","parcel_id":"06-069400","owner_name":"KNIERIM PARTNERS LLC","property_address":" HERMITAGE RD","property_city":"CHARDON","property_zip":"44024"}},{"type":"Feature","geometry":{"type":"Polygon","coordinates":[[[-81.2537555850584,41.6152612687397],[-81.2560039224343,41.6146083306127],[-81.2562749575111,41.6148242087467],[-81.2568638314056,41.6152932380851],[-81.2555315261333,41.6162565367186],[-81.2550754556427,41.6165827250162],[-81.2534896453454,41.6165983189349],[-81.2534475544436,41.6153517978873],[-81.2537555850584,41.6152612687397]]]},"properties":{"source_county":"Geauga","jurisdiction":"Chardon Township","parcel_id":"06-076100","owner_name":"MORLOCKE RUTH ANNE TRUSTEE","property_address":"9395 MENTOR RD","property_city":"CHARDON","property_zip":"44024"}},{"type":"Feature","geometry":{"type":"Polygon","coordinates":[[[-81.2719590640129,41.6248587894875],[-81.2718480318922,41.6242992329152],[-81.2718432653951,41.6242548951087],[-81.2718464743409,41.6242104785039],[-81.2718576006254,41.6241667871299],[-81.2718764428254,41.624124611886],[-81.2719026598465,41.6240847162252],[-81.271935777098,41.6240478223343],[-81.2719751950852,41.6240145980616],[-81.2720202002615,41.623985644827],[-81.2720699779453,41.6239614867364],[-81.2721236270673,41.6239425610944],[-81.2731842767876,41.623631892113],[-81.2735987501496,41.6242614301067],[-81.2743004349681,41.6245655187514],[-81.2761477836852,41.6235007001021],[-81.2766109133011,41.6239559642228],[-81.2741470636847,41.6263051535421],[-81.2741395436918,41.6263050886383],[-81.2730706621155,41.6262959220921],[-81.2718772918535,41.6252412039191],[-81.2719590640129,41.6248587894875]]]},"properties":{"source_county":"Geauga","jurisdiction":"Chardon Township","parcel_id":"06-078300","owner_name":"OFFUTT GRACE & KATHERINE & THOMAS W IV","property_address":"9071 MENTOR RD","property_city":"MENTOR","property_zip":"44060"}},{"type":"Feature","geometry":{"type":"Polygon","coordinates":[[[-81.2583873008733,41.6115734691226],[-81.2583878419698,41.6115734713023],[-81.2583878309502,41.6116068778428],[-81.258387198537,41.6135406224057],[-81.2554223148193,41.6141450753906],[-81.2546042557231,41.6134934670443],[-81.2539724426637,41.612990199259],[-81.2533165217845,41.6124677133433],[-81.2521714115007,41.611555526711],[-81.2524630912379,41.6115563307493],[-81.2569970133718,41.611568732654],[-81.2583873008733,41.6115734691226]]]},"properties":{"source_county":"Geauga","jurisdiction":"Chardon Township","parcel_id":"06-078700","owner_name":"DOLAN MARK & RENEE DELUCA","property_address":"9490 MENTOR RD","property_city":"CHARDON","property_zip":"44024"}},{"type":"Feature","geometry":{"type":"Polygon","coordinates":[[[-81.2552481925435,41.6079532519242],[-81.2552540203382,41.6051895639227],[-81.2564094140056,41.6054373352612],[-81.2561965061895,41.6079587683971],[-81.2552481925435,41.6079532519242]]]},"properties":{"source_county":"Geauga","jurisdiction":"Chardon Township","parcel_id":"06-078800","owner_name":"ORVIS RYAN T TRUSTEE","property_address":"10740 MITCHELLS MILL RD","property_city":"CHARDON","property_zip":"44024"}},{"type":"Feature","geometry":{"type":"Polygon","coordinates":[[[-81.2561965061895,41.6079587683971],[-81.2564094140056,41.6054373352612],[-81.2567187118358,41.6055036613705],[-81.257305161697,41.6056642575293],[-81.2567510507393,41.6079619908048],[-81.2561965061895,41.6079587683971]]]},"properties":{"source_county":"Geauga","jurisdiction":"Chardon Township","parcel_id":"06-081100","owner_name":"PENTTILA HENRY A & LINDA A","property_address":"10710 MITCHELLS MILL RD","property_city":"CHARDON","property_zip":"44024"}},{"type":"Feature","geometry":{"type":"Polygon","coordinates":[[[-81.2557558678221,41.6245115598546],[-81.255756146606,41.6241602490716],[-81.2559532023876,41.6240887684516],[-81.2565805461896,41.624184167057],[-81.256922351941,41.6239475887599],[-81.2569274630663,41.6239860062643],[-81.2569292489623,41.6240245914509],[-81.2569288066711,41.6241441501798],[-81.2569470988859,41.6241440027384],[-81.2569474280338,41.6245117868457],[-81.2557558678221,41.6245115598546]]]},"properties":{"source_county":"Geauga","jurisdiction":"Chardon Township","parcel_id":"06-087700","owner_name":"MAGLIONICO ROBERT & REBECCA","property_address":"9045 MOUNTAIN VIEW DR","property_city":"CHARDON","property_zip":"44024"}},{"type":"Feature","geometry":{"type":"Polygon","coordinates":[[[-81.2573693476767,41.6227118715263],[-81.2574964598305,41.6227116861894],[-81.2567498846229,41.6234056440586],[-81.2566726720543,41.6233669593634],[-81.2565911250011,41.6233336566784],[-81.256505907928,41.6233060073594],[-81.2564177152007,41.6232842366976],[-81.2563272654288,41.6232685220834],[-81.2564539445273,41.62271374544],[-81.2573693476767,41.6227118715263]]]},"properties":{"source_county":"Geauga","jurisdiction":"Chardon Township","parcel_id":"06-099800","owner_name":"RADZIK LYNN TOD","property_address":"9078 MOUNTAIN VIEW DR","property_city":"CHARDON","property_zip":"44024"}},{"type":"Feature","geometry":{"type":"Polygon","coordinates":[[[-81.2547444998378,41.6236442302992],[-81.2547524135009,41.6236370248806],[-81.2553200085112,41.6239644842492],[-81.2556567026248,41.6241960658947],[-81.2547865257365,41.624511299158],[-81.254564307636,41.6245113197483],[-81.2545644352377,41.6240241479689],[-81.2545683741187,41.6239655175554],[-81.2545798701729,41.6239074498861],[-81.2545988150661,41.6238504920679],[-81.2546250302827,41.6237951807497],[-81.2546582688094,41.6237420370657],[-81.254698217462,41.6236915617262],[-81.2547444998378,41.6236442302992]]]},"properties":{"source_county":"Geauga","jurisdiction":"Chardon Township","parcel_id":"06-101400","owner_name":"SLOAN BRETT","property_address":"9052 MOUNTAIN VIEW DR","property_city":"CHARDON","property_zip":"44024"}},{"type":"Feature","geometry":{"type":"Polygon","coordinates":[[[-81.2557558678221,41.6245115598546],[-81.2569474280338,41.6245117868457],[-81.256946842873,41.6248795620283],[-81.2557552759647,41.6248793350313],[-81.2557558678221,41.6245115598546]]]},"properties":{"source_county":"Geauga","jurisdiction":"Chardon Township","parcel_id":"06-104000","owner_name":"STOLTZ EARL G L & CHARLOTTE D","property_address":"9031 MOUNTAIN VIEW DR","property_city":"CHARDON","property_zip":"44024"}},{"type":"Feature","geometry":{"type":"Polygon","coordinates":[[[-81.2611445386748,41.6091379539235],[-81.2611077391274,41.6067054821455],[-81.2613325621125,41.6067670383864],[-81.2620991087968,41.6069769136148],[-81.2621397284156,41.6089526806986],[-81.2611445386748,41.6091379539235]]]},"properties":{"source_county":"Geauga","jurisdiction":"Chardon Township","parcel_id":"06-104800","owner_name":"KONOPKA CYNTHIA M","property_address":"10586 MITCHELLS MILL RD","property_city":"CHARDON","property_zip":"44024"}},{"type":"Feature","geometry":{"type":"Polygon","coordinates":[[[-81.2664748786833,41.6180563642918],[-81.2664738824984,41.6179691575942],[-81.2678264246647,41.6183139772731],[-81.2674993414386,41.6193126534144],[-81.2674032156939,41.619606144227],[-81.2664915558776,41.6195161687664],[-81.2664891887367,41.6193089203533],[-81.2664748786833,41.6180563642918]]]},"properties":{"source_county":"Geauga","jurisdiction":"Chardon Township","parcel_id":"06-106000","owner_name":"GARLISI LAURA M TRUSTEE","property_address":"9269 MENTOR RD","property_city":"CHARDON","property_zip":"44024"}},{"type":"Feature","geometry":{"type":"Polygon","coordinates":[[[-81.2595669541921,41.6090441487046],[-81.2595991757665,41.6062924252769],[-81.2611077391274,41.6067054821455],[-81.2611445386748,41.6091379539235],[-81.26042684668,41.6092715592],[-81.2595669541921,41.6090441487046]]]},"properties":{"source_county":"Geauga","jurisdiction":"Chardon Township","parcel_id":"06-108400","owner_name":"PAYNE MICHAEL JOSEPH & REGINA ANNE TRUSTEES","property_address":"10616 MITCHELLS MILL RD","property_city":"CHARDON","property_zip":"44024"}},{"type":"Feature","geometry":{"type":"Polygon","coordinates":[[[-81.27294730917,41.6203543454148],[-81.2734281243973,41.6200780442868],[-81.2737574052005,41.620402137084],[-81.2732760289294,41.6206775241591],[-81.27294730917,41.6203543454148]]]},"properties":{"source_county":"Geauga","jurisdiction":"Chardon Township","parcel_id":"06-110800","owner_name":"RICKEL KEITH A & MOIDEL RICKEL REBECCA J","property_address":"9194 MENTOR RD","property_city":"CHARDON","property_zip":"44024"}},{"type":"Feature","geometry":{"type":"Polygon","coordinates":[[[-81.2530030171229,41.6135248166676],[-81.2532789359377,41.6135194162636],[-81.253710309141,41.6150940462326],[-81.2537555850584,41.6152612687397],[-81.2534475544436,41.6153517978873],[-81.2497695051083,41.6164326175668],[-81.249016396214,41.6166545488721],[-81.2488678713758,41.6145683836454],[-81.2498390103963,41.6143233184344],[-81.2530030171229,41.6135248166676]]]},"properties":{"source_county":"Geauga","jurisdiction":"Chardon Township","parcel_id":"06-111200","owner_name":"MOORE GEAUGA LLC","property_address":" MENTOR RD","property_city":"CHARDON","property_zip":"44024"}},{"type":"Feature","geometry":{"type":"Polygon","coordinates":[[[-81.2532789359377,41.6135194162636],[-81.2546042557231,41.6134934670443],[-81.2554223148193,41.6141450753906],[-81.2558445459464,41.6144813866669],[-81.253710309141,41.6150940462326],[-81.2532789359377,41.6135194162636]]]},"properties":{"source_county":"Geauga","jurisdiction":"Chardon Township","parcel_id":"06-111300","owner_name":"DAVIDSON BONNIE L TRUSTEE","property_address":"9435 MENTOR RD","property_city":"CHARDON","property_zip":"44024"}},{"type":"Feature","geometry":{"type":"Polygon","coordinates":[[[-81.2726751771761,41.6115846829697],[-81.2730583796856,41.6110994135789],[-81.2740599795198,41.6115570568924],[-81.2741202687989,41.6115846034959],[-81.2743090459635,41.6116708554851],[-81.2745090535153,41.6117834878287],[-81.2745887955181,41.6118283932984],[-81.2743471356031,41.6123327097882],[-81.273732278482,41.6127614026046],[-81.2732661049653,41.6135236608486],[-81.2725817058338,41.613285053625],[-81.2721683076041,41.612846042697],[-81.2716889586536,41.6128335444529],[-81.2726751771761,41.6115846829697]]]},"properties":{"source_county":"Geauga","jurisdiction":"Chardon Township","parcel_id":"06-113300","owner_name":"SHANAHAN AIMEE J","property_address":"10256 MITCHELLS MILL RD","property_city":"CHARDON","property_zip":"44024"}},{"type":"Feature","geometry":{"type":"Polygon","coordinates":[[[-81.2586130140466,41.6060223929561],[-81.258594697591,41.6045776784039],[-81.2585868513017,41.6039587617023],[-81.2585588407383,41.6017493617601],[-81.260699038679,41.6030217217245],[-81.2607225772203,41.6045743913407],[-81.2607356250356,41.6054350792969],[-81.2595333684638,41.6051058828341],[-81.2590320898012,41.6061371461488],[-81.2586130140466,41.6060223929561]]]},"properties":{"source_county":"Geauga","jurisdiction":"Chardon Township","parcel_id":"06-114300","owner_name":"HOLT TIMOTHY L & PAULA J","property_address":"10665 MITCHELLS MILL RD","property_city":"CHARDON","property_zip":"44024"}},{"type":"Feature","geometry":{"type":"Polygon","coordinates":[[[-81.2590320898012,41.6061371461488],[-81.2595333684638,41.6051058828341],[-81.2607356250356,41.6054350792969],[-81.2613147604041,41.6055936500958],[-81.2613325621125,41.6067670383864],[-81.2611077391274,41.6067054821455],[-81.2595991757665,41.6062924252769],[-81.2590320898012,41.6061371461488]]]},"properties":{"source_county":"Geauga","jurisdiction":"Chardon Township","parcel_id":"06-114400","owner_name":"HARRISON CAPITAL LLC","property_address":"10623 MITCHELLS MILL RD","property_city":"CHARDON","property_zip":"44024"}},{"type":"Feature","geometry":{"type":"Polygon","coordinates":[[[-81.2728105976699,41.610986196701],[-81.2737337744876,41.6098923877299],[-81.2743623934453,41.6101912101801],[-81.2748482189807,41.6096155626691],[-81.2752067190569,41.6100512872329],[-81.2740599795198,41.6115570568924],[-81.2730583796856,41.6110994135789],[-81.2728105976699,41.610986196701]]]},"properties":{"source_county":"Geauga","jurisdiction":"Chardon Township","parcel_id":"06-116200","owner_name":"BROWN BARBARA","property_address":"10257 MITCHELLS MILL RD","property_city":"CHARDON","property_zip":"44024"}},{"type":"Feature","geometry":{"type":"Polygon","coordinates":[[[-81.2537615827032,41.6131392825038],[-81.2539724426637,41.612990199259],[-81.2546042557231,41.6134934670443],[-81.2532789359377,41.6135194162636],[-81.2530030171229,41.6135248166676],[-81.2529912502881,41.6131543724569],[-81.2537615827032,41.6131392825038]]]},"properties":{"source_county":"Geauga","jurisdiction":"Chardon Township","parcel_id":"06-116450","owner_name":"WINDNAGEL RICHARD R & JOAN ANN CO TRUSTEES","property_address":"9465 MENTOR RD","property_city":"CHARDON","property_zip":"44024"}},{"type":"Feature","geometry":{"type":"Polygon","coordinates":[[[-81.2634579404696,41.6192977348173],[-81.2634127158839,41.6172756208423],[-81.2643347032575,41.6175107055765],[-81.2643589889897,41.6193010285379],[-81.264369169753,41.6200514758517],[-81.2634648793561,41.619608007095],[-81.2634579404696,41.6192977348173]]]},"properties":{"source_county":"Geauga","jurisdiction":"Chardon Township","parcel_id":"06-118601","owner_name":"TODARO RONALD J & JILL E","property_address":"9297 MENTOR RD","property_city":"CHARDON","property_zip":"44024"}},{"type":"Feature","geometry":{"type":"Polygon","coordinates":[[[-81.2600934593562,41.6173310852494],[-81.2600937408562,41.616429286849],[-81.2609593780562,41.6166500346519],[-81.2610246853182,41.6177466907868],[-81.2610230242131,41.6191188717036],[-81.2600930185383,41.618748602974],[-81.2600934593562,41.6173310852494]]]},"properties":{"source_county":"Geauga","jurisdiction":"Chardon Township","parcel_id":"06-118701","owner_name":"JASINSKI GERALD R AKA JERRY R & JEAN M TRUSTEES","property_address":"9335 MENTOR RD","property_city":"CHARDON","property_zip":"44024"}},{"type":"Feature","geometry":{"type":"Polygon","coordinates":[[[-81.2682836091832,41.6248412790295],[-81.2668151257722,41.6246856867038],[-81.2663379122145,41.6247475947816],[-81.2653536461905,41.6243501879509],[-81.2646364098336,41.6243633883022],[-81.2629070252497,41.6233654514658],[-81.2626128448778,41.6233947403572],[-81.2625999542216,41.6226829092294],[-81.2665273289453,41.6226472321171],[-81.2678318177569,41.6226414551395],[-81.2683064211225,41.6226393495273],[-81.2691363075379,41.6226356635341],[-81.2708627083344,41.6226279762004],[-81.2721236270673,41.6239425610944],[-81.2720699779453,41.6239614867364],[-81.2720202002615,41.623985644827],[-81.2719751950852,41.6240145980616],[-81.271935777098,41.6240478223343],[-81.2719026598465,41.6240847162252],[-81.2718764428254,41.624124611886],[-81.2718576006254,41.6241667871299],[-81.2718464743409,41.6242104785039],[-81.2718432653951,41.6242548951087],[-81.2718480318922,41.6242992329152],[-81.2719590640129,41.6248587894875],[-81.2718772918535,41.6252412039191],[-81.2684965054398,41.6248638351208],[-81.2682836091832,41.6248412790295]]]},"properties":{"source_county":"Geauga","jurisdiction":"Chardon Township","parcel_id":"06-120123","owner_name":"KNIERIM PARTNERS LLC","property_address":" HERMITAGE RD","property_city":"MENTOR","property_zip":"44060"}},{"type":"Feature","geometry":{"type":"Polygon","coordinates":[[[-81.253710309141,41.6150940462326],[-81.2558445459464,41.6144813866669],[-81.2560039224343,41.6146083306127],[-81.2537555850584,41.6152612687397],[-81.253710309141,41.6150940462326]]]},"properties":{"source_county":"Geauga","jurisdiction":"Chardon Township","parcel_id":"06-120127","owner_name":"DAVIDSON BONNIE L TRUSTEE","property_address":" MENTOR RD","property_city":"CHARDON","property_zip":"44024"}},{"type":"Feature","geometry":{"type":"Polygon","coordinates":[[[-81.2629224003834,41.6115837767237],[-81.2628309444156,41.6071772797397],[-81.264070328136,41.6075165910129],[-81.26413977752,41.6075356039042],[-81.2645255407879,41.6076412120945],[-81.2647666475853,41.6077382450093],[-81.2650742945018,41.6088120193266],[-81.2644785616472,41.6092194755927],[-81.2645156197294,41.6115829235187],[-81.264515623708,41.6115831576838],[-81.2645156608745,41.6115855110133],[-81.2629225045153,41.6115888051709],[-81.2629224182066,41.6115846746846],[-81.2629224003834,41.6115837767237]]]},"properties":{"source_county":"Geauga","jurisdiction":"Chardon Township","parcel_id":"06-120128","owner_name":"KUCHTA TYSON & GHOSE SARAH","property_address":"10516 MITCHELLS MILL RD","property_city":"CHARDON","property_zip":"44024"}},{"type":"Feature","geometry":{"type":"Polygon","coordinates":[[[-81.2541342716875,41.603933374229],[-81.2553683270763,41.6039404281341],[-81.2548942339103,41.6045833033166],[-81.2545573215724,41.6050401508418],[-81.2543385319781,41.6049932292145],[-81.2541359558116,41.6049497839657],[-81.2541353500876,41.6045844417536],[-81.2541342716875,41.603933374229]]]},"properties":{"source_county":"Geauga","jurisdiction":"Chardon Township","parcel_id":"06-120177","owner_name":"LUNG WILLIAM A & NANCY J","property_address":" MITCHELLS MILL RD","property_city":"CHARDON","property_zip":"44024"}},{"type":"Feature","geometry":{"type":"Polygon","coordinates":[[[-81.2730992144337,41.6198921196018],[-81.2725597297769,41.6196090274538],[-81.2723035647634,41.6197810711677],[-81.2718388099988,41.6193727777087],[-81.2715560089528,41.6192966464174],[-81.2710776217831,41.6191678616627],[-81.271038786955,41.6191574071737],[-81.2711296016074,41.6145601238326],[-81.2710964563944,41.6137992430407],[-81.2731870536299,41.6145638286023],[-81.2731025210466,41.6150623017947],[-81.2726612018637,41.6153892272192],[-81.2730925013776,41.616722692963],[-81.27491061581,41.6179725785183],[-81.2748749196072,41.6192768895392],[-81.2748720631778,41.6193812651482],[-81.2739577526566,41.6193794807579],[-81.2730992144337,41.6198921196018]]]},"properties":{"source_county":"Geauga","jurisdiction":"Chardon Township","parcel_id":"06-120251","owner_name":"REEKIE LUM LLC","property_address":"9230 MENTOR RD","property_city":"CHARDON","property_zip":"44024"}},{"type":"Feature","geometry":{"type":"Polygon","coordinates":[[[-81.2499274097084,41.6045906666459],[-81.2501943079556,41.6045902763004],[-81.2502519740829,41.6064419562517],[-81.2499822415629,41.6064438579349],[-81.2499274097084,41.6045906666459]]]},"properties":{"source_county":"Geauga","jurisdiction":"Chardon Township","parcel_id":"06-120261","owner_name":"KANE ELIZABETH FKA SCHOFIELD ELIZABETH ANN & KANE JAMES","property_address":" MITCHELLS MILL RD","property_city":"CHARDON","property_zip":"44024"}},{"type":"Feature","geometry":{"type":"Polygon","coordinates":[[[-81.2530931954435,41.622720795311],[-81.2535961662836,41.6227196718114],[-81.2535966881323,41.6227882932637],[-81.2531842531275,41.6227891868155],[-81.2531788899949,41.6235505950368],[-81.2531743099192,41.6241269207193],[-81.2531708561332,41.6245001537509],[-81.2531683361927,41.6248723684159],[-81.2531658358314,41.6252435540064],[-81.2531624342086,41.6256140437237],[-81.2531552358237,41.6265197308535],[-81.2530638026469,41.6265197062872],[-81.2530931954435,41.622720795311]]]},"properties":{"source_county":"Geauga","jurisdiction":"Chardon Township","parcel_id":"06-120280","owner_name":"CHRISTEL MARTIN W TOD","property_address":" CLARK RD","property_city":"CHARDON","property_zip":"44024"}},{"type":"Feature","geometry":{"type":"Polygon","coordinates":[[[-81.2531768207636,41.6174043122238],[-81.2534268159308,41.6174006250174],[-81.2534566324041,41.6191475677778],[-81.2534743806625,41.6201360013346],[-81.2534905623416,41.6211106936663],[-81.2531557574446,41.6209245984107],[-81.2529339537512,41.6202889738982],[-81.2531535410974,41.6195724898264],[-81.2532067430692,41.6191500109008],[-81.2521801985897,41.6189786618036],[-81.2516189642035,41.6188849771637],[-81.2516179799302,41.6183756514574],[-81.253193427724,41.6183739251614],[-81.2531768207636,41.6174043122238]]]},"properties":{"source_county":"Geauga","jurisdiction":"Chardon Township","parcel_id":"06-120483","owner_name":"HOOPER JOHN TOD & RITA TOD","property_address":" CAMBRIDGE RD","property_city":"CHARDON","property_zip":"44024"}},{"type":"Feature","geometry":{"type":"Polygon","coordinates":[[[-81.2625067596671,41.6090256581785],[-81.2624668755373,41.6070776032089],[-81.2628309444156,41.6071772797397],[-81.2629224003834,41.6115837767237],[-81.2629224182066,41.6115846746846],[-81.2629225045153,41.6115888051709],[-81.2589943451039,41.6115755323287],[-81.2589949750062,41.6115741415214],[-81.2599325846908,41.6095047895441],[-81.2625067596671,41.6090256581785]]]},"properties":{"source_county":"Geauga","jurisdiction":"Chardon Township","parcel_id":"06-120523","owner_name":"PAYNE MICHAEL JOSEPH & REGINA ANNE TRUSTEES","property_address":"10550 MITCHELLS MILL RD","property_city":"CHARDON","property_zip":"44024"}},{"type":"Feature","geometry":{"type":"Polygon","coordinates":[[[-81.2508906395668,41.6045892547574],[-81.2508756562728,41.6032338158607],[-81.2491621205946,41.6032395681584],[-81.2491441290747,41.6018016722282],[-81.2524397122866,41.6017936260045],[-81.2524417262091,41.6030285950499],[-81.2524428529713,41.6037198004315],[-81.2524442673297,41.6045869609126],[-81.2513465098245,41.604588584323],[-81.2508906395668,41.6045892547574]]]},"properties":{"source_county":"Geauga","jurisdiction":"Chardon Township","parcel_id":"06-120631","owner_name":"CHEMNITZ GREGORY & KATHRINE","property_address":"9845 WILDER RD","property_city":"CHARDON","property_zip":"44024"}},{"type":"Feature","geometry":{"type":"Polygon","coordinates":[[[-81.2664738824984,41.6179691575942],[-81.266546114227,41.6123609201653],[-81.268357258515,41.6129109410941],[-81.2710942949652,41.6137420727075],[-81.2710964563944,41.6137992430407],[-81.2711296016074,41.6145601238326],[-81.271038786955,41.6191574071737],[-81.2693237952343,41.6186956960114],[-81.2689537777693,41.6186013708987],[-81.2683427877312,41.618445613824],[-81.2678264246647,41.6183139772731],[-81.2664738824984,41.6179691575942]]]},"properties":{"source_county":"Geauga","jurisdiction":"Chardon Township","parcel_id":"06-120653","owner_name":"REEKIE LUM LLC","property_address":" MENTOR RD","property_city":"CHARDON","property_zip":"44024"}},{"type":"Feature","geometry":{"type":"Polygon","coordinates":[[[-81.2689001903388,41.6193123884542],[-81.2689537777693,41.6186013708987],[-81.2693237952343,41.6186956960114],[-81.271038786955,41.6191574071737],[-81.2710776217831,41.6191678616627],[-81.2710036948734,41.6192999252198],[-81.2691363075379,41.6226356635341],[-81.2683064211225,41.6226393495273],[-81.2678318177569,41.6226414551395],[-81.2683174780828,41.6215718792455],[-81.2688119784178,41.6204827987383],[-81.2689001903388,41.6193123884542]]]},"properties":{"source_county":"Geauga","jurisdiction":"Chardon Township","parcel_id":"06-120655","owner_name":"CCP TWO LLC","property_address":" MENTOR RD","property_city":"CHARDON","property_zip":"44024"}},{"type":"Feature","geometry":{"type":"Polygon","coordinates":[[[-81.2556383790577,41.6173692623685],[-81.258294100133,41.6173315751778],[-81.2583776460476,41.6174837812311],[-81.2570549617047,41.6175026122148],[-81.2569382191753,41.6177276250787],[-81.2562449247438,41.618122640787],[-81.2551247841069,41.6182676069641],[-81.2556383790577,41.6173692623685]]]},"properties":{"source_county":"Geauga","jurisdiction":"Chardon Township","parcel_id":"06-120701","owner_name":"TOMSICK JAMES W & DIANE M","property_address":"9305 HERMITAGE RD","property_city":"CHARDON","property_zip":"44024"}},{"type":"Feature","geometry":{"type":"Polygon","coordinates":[[[-81.2570549617047,41.6175026122148],[-81.2583776460476,41.6174837812311],[-81.2585407779873,41.6177809785658],[-81.2586248066684,41.6181379972502],[-81.2583791611202,41.6181415161156],[-81.2570872849195,41.6181597852798],[-81.2565761026849,41.6184505668601],[-81.2562449247438,41.618122640787],[-81.2569382191753,41.6177276250787],[-81.2570549617047,41.6175026122148]]]},"properties":{"source_county":"Geauga","jurisdiction":"Chardon Township","parcel_id":"06-120702","owner_name":"SCHNITTGER WILLIAM A & REBECCA","property_address":"9293 HERMITAGE RD","property_city":"CHARDON","property_zip":"44024"}},{"type":"Feature","geometry":{"type":"Polygon","coordinates":[[[-81.2583791611202,41.6181415161156],[-81.2586248066684,41.6181379972502],[-81.2587837306895,41.6188132155782],[-81.2583769592007,41.6188190809352],[-81.256874101897,41.6188405784039],[-81.2568444600577,41.6187162376213],[-81.2565761026849,41.6184505668601],[-81.2570872849195,41.6181597852798],[-81.2583791611202,41.6181415161156]]]},"properties":{"source_county":"Geauga","jurisdiction":"Chardon Township","parcel_id":"06-120703","owner_name":"KORNER DALE TOD","property_address":"9265 HERMITAGE RD","property_city":"CHARDON","property_zip":"44024"}},{"type":"Feature","geometry":{"type":"Polygon","coordinates":[[[-81.2583769592007,41.6188190809352],[-81.2587837306895,41.6188132155782],[-81.2589427000637,41.619488619479],[-81.2583747555275,41.6194967356264],[-81.2570350130111,41.6195157654614],[-81.256874101897,41.6188405784039],[-81.2583769592007,41.6188190809352]]]},"properties":{"source_county":"Geauga","jurisdiction":"Chardon Township","parcel_id":"06-120704","owner_name":"TIPTON GEORGE M & KATHRYN A","property_address":"9243 HERMITAGE RD","property_city":"CHARDON","property_zip":"44024"}},{"type":"Feature","geometry":{"type":"Polygon","coordinates":[[[-81.2583747555275,41.6194967356264],[-81.2589427000637,41.619488619479],[-81.2591016694783,41.6201640040616],[-81.2583725524618,41.6201744189822],[-81.2571968384093,41.6201911338714],[-81.2570350130111,41.6195157654614],[-81.2583747555275,41.6194967356264]]]},"properties":{"source_county":"Geauga","jurisdiction":"Chardon Township","parcel_id":"06-120705","owner_name":"MOSES JEFFREY & MARY ANN","property_address":"9225 HERMITAGE RD","property_city":"CHARDON","property_zip":"44024"}},{"type":"Feature","geometry":{"type":"Polygon","coordinates":[[[-81.2583725524618,41.6201744189822],[-81.2591016694783,41.6201640040616],[-81.2592742467341,41.6208971852178],[-81.2583698074821,41.6210189184401],[-81.2582983670055,41.6210285304162],[-81.257730248605,41.6207049380706],[-81.2572544071473,41.6204339644016],[-81.2571968384093,41.6201911338714],[-81.2583725524618,41.6201744189822]]]},"properties":{"source_county":"Geauga","jurisdiction":"Chardon Township","parcel_id":"06-120706","owner_name":"SCHONAVER DONALD W & ROLANDA R","property_address":"9185 HERMITAGE RD","property_city":"CHARDON","property_zip":"44024"}},{"type":"Feature","geometry":{"type":"Polygon","coordinates":[[[-81.2583698074821,41.6210189184401],[-81.2592742467341,41.6208971852178],[-81.2594483471227,41.6216368223116],[-81.2594429898294,41.6216424243821],[-81.2594365075571,41.6216473114944],[-81.2594290671578,41.6216513578552],[-81.2594208601451,41.6216544593126],[-81.2594120977653,41.6216565360357],[-81.2594030055599,41.6216575345702],[-81.2593938175598,41.6216574292141],[-81.2590000839721,41.6217333350955],[-81.2589193675531,41.6217528478199],[-81.2588410596978,41.6217772692295],[-81.2587656895715,41.6218064342976],[-81.2586937664903,41.6218401459419],[-81.2586257764785,41.6218781763563],[-81.2585621789856,41.6219202685503],[-81.2584673827563,41.6219839431312],[-81.2583665309621,41.6220421444837],[-81.2583664800406,41.6220421718543],[-81.2582677208004,41.6220912147997],[-81.2581647196063,41.622135070691],[-81.2580579595464,41.6221735338356],[-81.2579479413413,41.6222064238336],[-81.2578351809956,41.6222335864239],[-81.2577202073774,41.6222548942082],[-81.2576035597371,41.6222702472481],[-81.2574857851781,41.6222795735346],[-81.2573674360904,41.6222828293251],[-81.2577393213552,41.6217817725373],[-81.2582983670055,41.6210285304162],[-81.2583698074821,41.6210189184401]]]},"properties":{"source_county":"Geauga","jurisdiction":"Chardon Township","parcel_id":"06-120707","owner_name":"KNOTTS MINDY LEIGH","property_address":"9130 CAMBRIDGE RD","property_city":"CHARDON","property_zip":"44024"}},{"type":"Feature","geometry":{"type":"Polygon","coordinates":[[[-81.2566971315131,41.6217854221178],[-81.257730248605,41.6207049380706],[-81.2582983670055,41.6210285304162],[-81.2577393213552,41.6217817725373],[-81.2573674360904,41.6222828293251],[-81.2572425155967,41.6222797096656],[-81.2571182214148,41.6222698297793],[-81.2569952024678,41.6222532412479],[-81.2568741010199,41.6222300306776],[-81.2567555493223,41.6222003192474],[-81.2566401663124,41.6221642620762],[-81.2565285543812,41.6221220474128],[-81.2564212962288,41.6220738956526],[-81.2566971315131,41.6217854221178]]]},"properties":{"source_county":"Geauga","jurisdiction":"Chardon Township","parcel_id":"06-120708","owner_name":"GREGORC PAUL & DEBRA L","property_address":"9142 CAMBRIDGE RD","property_city":"CHARDON","property_zip":"44024"}},{"type":"Feature","geometry":{"type":"Polygon","coordinates":[[[-81.2557409019307,41.6214993305693],[-81.2572544071473,41.6204339644016],[-81.257730248605,41.6207049380706],[-81.2566971315131,41.6217854221178],[-81.2564212962288,41.6220738956526],[-81.2563280004031,41.622025182776],[-81.2562391634416,41.6219719833129],[-81.2561551679029,41.6219145263624],[-81.2560763754934,41.6218530593579],[-81.2560031255098,41.6217878470007],[-81.2559612259097,41.6217464201764],[-81.2559217325489,41.6217036831551],[-81.2557409019307,41.6214993305693]]]},"properties":{"source_county":"Geauga","jurisdiction":"Chardon Township","parcel_id":"06-120709","owner_name":"IVANS THOMAS B","property_address":"9150 CAMBRIDGE RD","property_city":"CHARDON","property_zip":"44024"}},{"type":"Feature","geometry":{"type":"Polygon","coordinates":[[[-81.255367907865,41.6208211839865],[-81.2563280990838,41.6201453032015],[-81.2571968384093,41.6201911338714],[-81.2572544071473,41.6204339644016],[-81.2557409019307,41.6214993305693],[-81.25554393448,41.6212779931019],[-81.2555020645651,41.6212246988127],[-81.255467577858,41.6211685053601],[-81.255440826634,41.6211099867812],[-81.255422084145,41.6210497408637],[-81.255367907865,41.6208211839865]]]},"properties":{"source_county":"Geauga","jurisdiction":"Chardon Township","parcel_id":"06-120710","owner_name":"GRIMWADE ROBERT M & MARY ANNE","property_address":"9170 CAMBRIDGE RD","property_city":"CHARDON","property_zip":"44024"}},{"type":"Feature","geometry":{"type":"Polygon","coordinates":[[[-81.2552070140118,41.6201458229681],[-81.2561671957837,41.6194699433431],[-81.2570350130111,41.6195157654614],[-81.2571968384093,41.6201911338714],[-81.2563280990838,41.6201453032015],[-81.255367907865,41.6208211839865],[-81.2552070140118,41.6201458229681]]]},"properties":{"source_county":"Geauga","jurisdiction":"Chardon Township","parcel_id":"06-120711","owner_name":"MACZUZAK JOSEPH D & JODI L","property_address":"9200 CAMBRIDGE RD","property_city":"CHARDON","property_zip":"44024"}},{"type":"Feature","geometry":{"type":"Polygon","coordinates":[[[-81.2550452092599,41.6194704517774],[-81.2557393816589,41.6189823069168],[-81.2568444600577,41.6187162376213],[-81.256874101897,41.6188405784039],[-81.2570350130111,41.6195157654614],[-81.2561671957837,41.6194699433431],[-81.2552070140118,41.6201458229681],[-81.2550452092599,41.6194704517774]]]},"properties":{"source_county":"Geauga","jurisdiction":"Chardon Township","parcel_id":"06-120712","owner_name":"WEBSTER DEREK M & LAURA M","property_address":"9230 CAMBRIDGE RD","property_city":"CHARDON","property_zip":"44024"}},{"type":"Feature","geometry":{"type":"Polygon","coordinates":[[[-81.2551247841069,41.6182676069641],[-81.2562449247438,41.618122640787],[-81.2565761026849,41.6184505668601],[-81.2568444600577,41.6187162376213],[-81.2557393816589,41.6189823069168],[-81.2550452092599,41.6194704517774],[-81.2549233203018,41.6189560699904],[-81.2549124416412,41.6189247528822],[-81.2548951603391,41.6188951009557],[-81.25487190301,41.6188678461985],[-81.2548432437904,41.6188436614204],[-81.2548098901655,41.6188231436454],[-81.2551247841069,41.6182676069641]]]},"properties":{"source_county":"Geauga","jurisdiction":"Chardon Township","parcel_id":"06-120713","owner_name":"GRANCHI DAVID A TOD & VALERIE J TOD","property_address":"9250 CAMBRIDGE RD","property_city":"CHARDON","property_zip":"44024"}},{"type":"Feature","geometry":{"type":"Polygon","coordinates":[[[-81.2544018135211,41.6189092698626],[-81.2542316865909,41.6173891859252],[-81.2556383790577,41.6173692623685],[-81.2551247841069,41.6182676069641],[-81.2548098901655,41.6188231436454],[-81.2547718930471,41.6188065199404],[-81.2547308454683,41.6187946636158],[-81.2546878012906,41.6187878790724],[-81.2546438656349,41.6187863404972],[-81.2546001665093,41.6187900873916],[-81.2545578258493,41.6187990235577],[-81.2545179307143,41.6188129195672],[-81.2544815053784,41.6188314186524],[-81.2544494850337,41.6188540458651],[-81.2544226917807,41.6188802202708],[-81.2544018135211,41.6189092698626]]]},"properties":{"source_county":"Geauga","jurisdiction":"Chardon Township","parcel_id":"06-120714","owner_name":"KRASKA DAVID J & PATRICIA L","property_address":" CAMBRIDGE RD","property_city":"CHARDON","property_zip":"44024"}},{"type":"Feature","geometry":{"type":"Polygon","coordinates":[[[-81.2534268159308,41.6174006250174],[-81.2542316865909,41.6173891859252],[-81.2544018135211,41.6189092698626],[-81.2543864760054,41.6189431553453],[-81.2543791856961,41.6189785214276],[-81.2543801626593,41.6190143006091],[-81.2543893774194,41.6190494129182],[-81.2544065518472,41.6190827985109],[-81.2544311675538,41.6191134496614],[-81.2544624815363,41.6191404411805],[-81.2544995486045,41.6191629583417],[-81.2545412499102,41.6191803214747],[-81.2545863267196,41.6191920064802],[-81.254633418408,41.6191976606509],[-81.2534566324041,41.6191475677778],[-81.2534268159308,41.6174006250174]]]},"properties":{"source_county":"Geauga","jurisdiction":"Chardon Township","parcel_id":"06-120715","owner_name":"KRASKA DAVID J & PATRICIA L","property_address":"9245 CAMBRIDGE RD","property_city":"CHARDON","property_zip":"44024"}},{"type":"Feature","geometry":{"type":"Polygon","coordinates":[[[-81.2534743806625,41.6201360013346],[-81.2534566324041,41.6191475677778],[-81.2546416533594,41.6191980109317],[-81.2546645482413,41.6192001211503],[-81.2546867144328,41.6192049109667],[-81.2547075985935,41.6192122608115],[-81.2547266793864,41.6192219872086],[-81.2547434804915,41.6192338473554],[-81.2547575824972,41.6192475451838],[-81.254768633369,41.6192627387509],[-81.2547763572385,41.619279048775],[-81.2549711803431,41.6200932071792],[-81.2534743806625,41.6201360013346]]]},"properties":{"source_county":"Geauga","jurisdiction":"Chardon Township","parcel_id":"06-120716","owner_name":"HOOPER JOHN W TOD & RITA TOD","property_address":"9225 CAMBRIDGE RD","property_city":"CHARDON","property_zip":"44024"}},{"type":"Feature","geometry":{"type":"Polygon","coordinates":[[[-81.2534743806625,41.6201360013346],[-81.2549711803431,41.6200932071792],[-81.2551320728331,41.620768568549],[-81.2534905623416,41.6211106936663],[-81.2534743806625,41.6201360013346]]]},"properties":{"source_county":"Geauga","jurisdiction":"Chardon Township","parcel_id":"06-120717","owner_name":"HORTON JOHN E & SANDRA D","property_address":"9185 CAMBRIDGE RD","property_city":"CHARDON","property_zip":"44024"}},{"type":"Feature","geometry":{"type":"Polygon","coordinates":[[[-81.2550574030136,41.621521172855],[-81.2553611427594,41.6213691821914],[-81.2557335404322,41.6217887881672],[-81.2557974760208,41.621857273512],[-81.2558663542732,41.6219230050657],[-81.2535961662836,41.6227196718114],[-81.2535038533601,41.6219011219384],[-81.2539376149716,41.6217950396503],[-81.2550574030136,41.621521172855]]]},"properties":{"source_county":"Geauga","jurisdiction":"Chardon Township","parcel_id":"06-120719","owner_name":"WESTFALL DONALD ANTHONY","property_address":"9145 CAMBRIDGE RD","property_city":"CHARDON","property_zip":"44024"}},{"type":"Feature","geometry":{"type":"Polygon","coordinates":[[[-81.2535961662836,41.6227196718114],[-81.2558663542732,41.6219230050657],[-81.2559541487517,41.6219965142558],[-81.2560483442597,41.6220654179201],[-81.2561485127325,41.6221294029167],[-81.256254198956,41.6221881784565],[-81.2563649226362,41.6222414774247],[-81.2564801805817,41.6222890575952],[-81.2565994489905,41.6223307027314],[-81.2567221858313,41.622366223569],[-81.2568478333067,41.6223954586766],[-81.2569758203891,41.6224182751894],[-81.2571055654157,41.622434569413],[-81.2572364787328,41.6224442672947],[-81.2573679653763,41.6224473247605],[-81.2573693476767,41.6227118715263],[-81.2564539445273,41.62271374544],[-81.2555577453558,41.6227156457781],[-81.2543140382756,41.6227182760875],[-81.2535961662836,41.6227196718114]]]},"properties":{"source_county":"Geauga","jurisdiction":"Chardon Township","parcel_id":"06-120720","owner_name":"HANNON MICHAEL N","property_address":"9111 CAMBRIDGE RD","property_city":"CHARDON","property_zip":"44024"}},{"type":"Feature","geometry":{"type":"Polygon","coordinates":[[[-81.2594899525751,41.6218135748226],[-81.2595405553526,41.6220285483304],[-81.2598995429046,41.6227065051454],[-81.2583644901889,41.6227098103553],[-81.2583643101642,41.6227098111335],[-81.2574964598305,41.6227116861894],[-81.2573693476767,41.6227118715263],[-81.2573679653763,41.6224473247605],[-81.2575031233865,41.6224435303354],[-81.2576376064412,41.6224327199498],[-81.2577707684616,41.6224149455388],[-81.2579019697168,41.6223902924933],[-81.2580305798975,41.6223588792505],[-81.2581559811446,41.622320856724],[-81.2582775710181,41.6222764075795],[-81.2583947653919,41.6222257453566],[-81.2585070012603,41.6221691134426],[-81.2586137394426,41.6221067839035],[-81.258714467174,41.6220390561764],[-81.2587770276048,41.6219983867328],[-81.2588448067743,41.6219627353955],[-81.2589170928051,41.6219324766025],[-81.2589931264889,41.621907928155],[-81.2590721092594,41.621889347879],[-81.2594484046307,41.6218168574958],[-81.2594526801786,41.6218140699859],[-81.2594575355004,41.6218118814793],[-81.2594628232748,41.6218103583801],[-81.2594683830593,41.6218095469023],[-81.2594740461578,41.6218094716681],[-81.2594796407396,41.6218101349602],[-81.2594849970528,41.6218115166529],[-81.2594899525751,41.6218135748226]]]},"properties":{"source_county":"Geauga","jurisdiction":"Chardon Township","parcel_id":"06-120721","owner_name":"KRALJ DARKO & BERNADETTE","property_address":"9119 HERMITAGE RD","property_city":"CHARDON","property_zip":"44024"}},{"type":"Feature","geometry":{"type":"Polygon","coordinates":[[[-81.2582347157256,41.6070326933023],[-81.2584865170863,41.6059876797301],[-81.2586130140466,41.6060223929561],[-81.2590320898012,41.6061371461488],[-81.2595991757665,41.6062924252769],[-81.2595669541921,41.6090441487046],[-81.258618571985,41.6087933259182],[-81.2576182064933,41.6085287439548],[-81.2576091932296,41.6083777559981],[-81.2582347157256,41.6070326933023]]]},"properties":{"source_county":"Geauga","jurisdiction":"Chardon Township","parcel_id":"06-120752","owner_name":"TAYLOR JAY M & FIRTH KRISTIN M","property_address":"10654 MITCHELLS MILL RD","property_city":"CHARDON","property_zip":"44024"}},{"type":"Feature","geometry":{"type":"Polygon","coordinates":[[[-81.2524397122866,41.6017936260045],[-81.2553647259498,41.6017909019873],[-81.2553667950541,41.6030258709825],[-81.2524417262091,41.6030285950499],[-81.2524397122866,41.6017936260045]]]},"properties":{"source_county":"Geauga","jurisdiction":"Chardon Township","parcel_id":"06-120799","owner_name":"CHEMNITZ GREGORY & KATHRINE","property_address":"9890 WILDER RD","property_city":"CHARDON","property_zip":"44024"}},{"type":"Feature","geometry":{"type":"Polygon","coordinates":[[[-81.2665561547417,41.6115812594351],[-81.2665739437879,41.6084655583523],[-81.268568769405,41.6092682874244],[-81.2703399274736,41.6099809665091],[-81.2723866596752,41.6108044781453],[-81.272606294741,41.6108928454969],[-81.2728105976699,41.610986196701],[-81.2730583796856,41.6110994135789],[-81.2726751771761,41.6115846829697],[-81.2716889586536,41.6128335444529],[-81.2721683076041,41.612846042697],[-81.2725817058338,41.613285053625],[-81.2732661049653,41.6135236608486],[-81.2731870536299,41.6145638286023],[-81.2710964563944,41.6137992430407],[-81.2710942949652,41.6137420727075],[-81.268357258515,41.6129109410941],[-81.266546114227,41.6123609201653],[-81.2665561547417,41.6115812594351]]]},"properties":{"source_county":"Geauga","jurisdiction":"Chardon Township","parcel_id":"06-120800","owner_name":"KNERLY STEPHEN J JR TRUSTEE","property_address":"10390 MITCHELLS MILL RD","property_city":"CHARDON","property_zip":"44024"}},{"type":"Feature","geometry":{"type":"Polygon","coordinates":[[[-81.2589872386401,41.6192044832735],[-81.2600928794186,41.6191972619477],[-81.2601460304284,41.619285778864],[-81.2609653804344,41.6206502732961],[-81.2606513596245,41.6215814535774],[-81.2595479841628,41.6215867679061],[-81.2594329360195,41.6210980100947],[-81.2589872386401,41.6192044832735]]]},"properties":{"source_county":"Geauga","jurisdiction":"Chardon Township","parcel_id":"06-120811","owner_name":"KUBYN RUSSELL & STACEY","property_address":"9160 HERMITAGE RD","property_city":"CHARDON","property_zip":"44024"}},{"type":"Feature","geometry":{"type":"Polygon","coordinates":[[[-81.2578040199834,41.6162306410809],[-81.2575590834368,41.6157828743404],[-81.2583861415533,41.6159938065418],[-81.2583869750836,41.6159940189539],[-81.2600937408562,41.616429286849],[-81.2600934593562,41.6173310852494],[-81.2584118402437,41.6173299047897],[-81.2579825554006,41.6165570181361],[-81.2578040199834,41.6162306410809]]]},"properties":{"source_county":"Geauga","jurisdiction":"Chardon Township","parcel_id":"06-120812","owner_name":"BASKEY BARBARA D TRUSTEE","property_address":"9320 HERMITAGE RD","property_city":"CHARDON","property_zip":"44024"}},{"type":"Feature","geometry":{"type":"Polygon","coordinates":[[[-81.2600928794186,41.6191972619477],[-81.2600930185383,41.618748602974],[-81.2610230242131,41.6191188717036],[-81.2620299741933,41.6192141384032],[-81.2619949552375,41.61764733094],[-81.2617130269553,41.6173571689095],[-81.2617014552043,41.6168392666207],[-81.2619221642822,41.6168955473601],[-81.2619298288133,41.6172385491118],[-81.2622117551462,41.6175287106026],[-81.2622493515596,41.6192110127783],[-81.2622511896303,41.6192932552032],[-81.2622808932294,41.6206222125357],[-81.2621722708372,41.6206443922646],[-81.2609653804344,41.6206502732961],[-81.2601460304284,41.619285778864],[-81.2600928794186,41.6191972619477]]]},"properties":{"source_county":"Geauga","jurisdiction":"Chardon Township","parcel_id":"06-120813","owner_name":"KUBYN R RUSSELL & STACEY G","property_address":" MENTOR RD","property_city":"CHARDON","property_zip":"44024"}},{"type":"Feature","geometry":{"type":"Polygon","coordinates":[[[-81.2496266466018,41.6183768257968],[-81.2497695051083,41.6164326175668],[-81.2534475544436,41.6153517978873],[-81.2534896453454,41.6165983189349],[-81.2550754556427,41.6165827250162],[-81.2579825554006,41.6165570181361],[-81.2584118402437,41.6173299047897],[-81.258294100133,41.6173315751778],[-81.2556383790577,41.6173692623685],[-81.2542316865909,41.6173891859252],[-81.2534268159308,41.6174006250174],[-81.2531768207636,41.6174043122238],[-81.253193427724,41.6183739251614],[-81.2516179799302,41.6183756514574],[-81.2496266466018,41.6183768257968]]]},"properties":{"source_county":"Geauga","jurisdiction":"Chardon Township","parcel_id":"06-120846","owner_name":"BLACK GREGORY DOUGLAS & JENIFER","property_address":"9319 HERMITAGE RD","property_city":"CHARDON","property_zip":"44024"}},{"type":"Feature","geometry":{"type":"Polygon","coordinates":[[[-81.2658152716056,41.6178881960433],[-81.2664748786833,41.6180563642918],[-81.2664891887367,41.6193089203533],[-81.2664915558776,41.6195161687664],[-81.2665030581358,41.6205230013417],[-81.2652955653399,41.6198321834418],[-81.2653578511063,41.6197653361294],[-81.2654125730742,41.6196948599239],[-81.2654593579891,41.6196212355703],[-81.2654978867414,41.6195449652866],[-81.2655278965427,41.619466569338],[-81.2655491827175,41.6193865824879],[-81.2655616000991,41.6193055503495],[-81.2655651043473,41.6192230919238],[-81.265551674765,41.6182351741672],[-81.2655538483975,41.6181842371951],[-81.2655617388571,41.6181336192423],[-81.2655752899115,41.6180836809606],[-81.2655944049972,41.6180347781577],[-81.2656297004163,41.617956822041],[-81.2656399766385,41.6179393096139],[-81.2656541491931,41.6179234022901],[-81.2656717874566,41.6179095833998],[-81.2656923555038,41.6178982728179],[-81.2657152283919,41.6178898142063],[-81.265739711148,41.6178844645723],[-81.2657650598861,41.6178823864595],[-81.2657905044081,41.6178836430095],[-81.2658152716056,41.6178881960433]]]},"properties":{"source_county":"Geauga","jurisdiction":"Chardon Township","parcel_id":"06-120851","owner_name":"MISCKO STEPHEN R & STACEY L","property_address":"9275 MENTOR RD","property_city":"CHARDON","property_zip":"44024"}},{"type":"Feature","geometry":{"type":"Polygon","coordinates":[[[-81.2653304922628,41.6177645980156],[-81.2658152716056,41.6178881960433],[-81.2657905044081,41.6178836430095],[-81.2657650598861,41.6178823864595],[-81.265739711148,41.6178844645723],[-81.2657152283919,41.6178898142063],[-81.2656923555038,41.6178982728179],[-81.2656717874566,41.6179095833998],[-81.2656541491931,41.6179234022901],[-81.2656399766385,41.6179393096139],[-81.2656297004163,41.617956822041],[-81.2655944049972,41.6180347781577],[-81.2655752899115,41.6180836809606],[-81.2655617388571,41.6181336192423],[-81.2655538483975,41.6181842371951],[-81.265551674765,41.6182351741672],[-81.2655651043473,41.6192230919238],[-81.2655616000991,41.6193055503495],[-81.2655491827175,41.6193865824879],[-81.2655278965427,41.619466569338],[-81.2654978867414,41.6195449652866],[-81.2654593579891,41.6196212355703],[-81.2654125730742,41.6196948599239],[-81.2653578511063,41.6197653361294],[-81.2652955653399,41.6198321834418],[-81.2665030581358,41.6205230013417],[-81.2665148238983,41.6215527983212],[-81.2635053661382,41.6215675439967],[-81.264369169753,41.6200514758517],[-81.2644683904855,41.6200397737532],[-81.2645657691555,41.6200213115663],[-81.2646604895696,41.6199962440347],[-81.2647517578172,41.6199647812657],[-81.2648388089258,41.6199271869688],[-81.2649209132727,41.6198837762456],[-81.2649973827013,41.6198349129477],[-81.2650675762888,41.6197810066275],[-81.2651309057181,41.6197225091049],[-81.265186840209,41.6196599106799],[-81.2652349109665,41.6195937360234],[-81.2652747151093,41.6195245397785],[-81.2653059190465,41.6194529019124],[-81.265328261272,41.6193794228547],[-81.2653415545562,41.6193047184647],[-81.2653449371898,41.6192647766998],[-81.2653456851483,41.619224758297],[-81.2653322637278,41.6182368378657],[-81.2653350312891,41.6181720142528],[-81.2653450736378,41.618107596666],[-81.2653623192125,41.6180440440054],[-81.2653866451383,41.6179818090084],[-81.265421941993,41.6179038520658],[-81.2654280095938,41.6178852666886],[-81.2654296842846,41.6178661730169],[-81.265426915185,41.6178471511949],[-81.2654197864353,41.617828779183],[-81.2654085146395,41.6178116151975],[-81.2653934422831,41.6177961807493],[-81.2653750273272,41.6177829447987],[-81.2653538292932,41.6177723095067],[-81.2653304922628,41.6177645980156]]]},"properties":{"source_county":"Geauga","jurisdiction":"Chardon Township","parcel_id":"06-120852","owner_name":"SLUSARSKI EDWARD J & YVETTE","property_address":"9279 MENTOR RD","property_city":"CHARDON","property_zip":"44024"}},{"type":"Feature","geometry":{"type":"Polygon","coordinates":[[[-81.2621722708372,41.6206443922646],[-81.2622808932294,41.6206222125357],[-81.2623021553814,41.621573417003],[-81.2606513596245,41.6215814535774],[-81.2609653804344,41.6206502732961],[-81.2621722708372,41.6206443922646]]]},"properties":{"source_county":"Geauga","jurisdiction":"Chardon Township","parcel_id":"06-120853","owner_name":"KUBYN RUSSELL & STACEY","property_address":" HERMITAGE RD","property_city":"CHARDON","property_zip":"44024"}},{"type":"Feature","geometry":{"type":"Polygon","coordinates":[[[-81.2632362682303,41.6191985836081],[-81.2631920030428,41.6172193429281],[-81.2634127158839,41.6172756208423],[-81.2634579404696,41.6192977348173],[-81.2634648793561,41.619608007095],[-81.264369169753,41.6200514758517],[-81.2635053661382,41.6215675439967],[-81.2623021553814,41.621573417003],[-81.2622808932294,41.6206222125357],[-81.2622511896303,41.6192932552032],[-81.2622493515596,41.6192110127783],[-81.2632362682303,41.6191985836081]]]},"properties":{"source_county":"Geauga","jurisdiction":"Chardon Township","parcel_id":"06-120860","owner_name":"STANEK CASSANDRA M","property_address":"9305 MENTOR RD","property_city":"CHARDON","property_zip":"44024"}},{"type":"Feature","geometry":{"type":"Polygon","coordinates":[[[-81.2508906395668,41.6045892547574],[-81.2513465098245,41.604588584323],[-81.2514022176213,41.6064342523439],[-81.2502519740829,41.6064419562517],[-81.2501943079556,41.6045902763004],[-81.2508906395668,41.6045892547574]]]},"properties":{"source_county":"Geauga","jurisdiction":"Chardon Township","parcel_id":"06-120861","owner_name":"CHOATE ROBERT E TOD & DADANTE CHOATE VIRGINIA TOD","property_address":"10880 MITCHELLS MILL RD","property_city":"CHARDON","property_zip":"44024"}},{"type":"Feature","geometry":{"type":"Polygon","coordinates":[[[-81.2643589889897,41.6193010285379],[-81.2643347032575,41.6175107055765],[-81.2653304922628,41.6177645980156],[-81.2653538292932,41.6177723095067],[-81.2653750273272,41.6177829447987],[-81.2653934422831,41.6177961807493],[-81.2654085146395,41.6178116151975],[-81.2654197864353,41.617828779183],[-81.265426915185,41.6178471511949],[-81.2654296842846,41.6178661730169],[-81.2654280095938,41.6178852666886],[-81.265421941993,41.6179038520658],[-81.2653866451383,41.6179818090084],[-81.2653623192125,41.6180440440054],[-81.2653450736378,41.618107596666],[-81.2653350312891,41.6181720142528],[-81.2653322637278,41.6182368378657],[-81.2653456851483,41.619224758297],[-81.2653449371898,41.6192647766998],[-81.2653415545562,41.6193047184647],[-81.265328261272,41.6193794228547],[-81.2653059190465,41.6194529019124],[-81.2652747151093,41.6195245397785],[-81.2652349109665,41.6195937360234],[-81.265186840209,41.6196599106799],[-81.2651309057181,41.6197225091049],[-81.2650675762888,41.6197810066275],[-81.2649973827013,41.6198349129477],[-81.2649209132727,41.6198837762456],[-81.2648388089258,41.6199271869688],[-81.2647517578172,41.6199647812657],[-81.2646604895696,41.6199962440347],[-81.2645657691555,41.6200213115663],[-81.2644683904855,41.6200397737532],[-81.264369169753,41.6200514758517],[-81.2643589889897,41.6193010285379]]]},"properties":{"source_county":"Geauga","jurisdiction":"Chardon Township","parcel_id":"06-120868","owner_name":"LINDBERG TINA","property_address":"9285 MENTOR RD","property_city":"CHARDON","property_zip":"44024"}},{"type":"Feature","geometry":{"type":"Polygon","coordinates":[[[-81.2610246853182,41.6177466907868],[-81.2609593780562,41.6166500346519],[-81.2617014552043,41.6168392666207],[-81.2617130269553,41.6173571689095],[-81.2619949552375,41.61764733094],[-81.2620299741933,41.6192141384032],[-81.2610230242131,41.6191188717036],[-81.2610246853182,41.6177466907868]]]},"properties":{"source_county":"Geauga","jurisdiction":"Chardon Township","parcel_id":"06-120873","owner_name":"PAYNTER DAVID K","property_address":"9325 MENTOR RD","property_city":"CHARDON","property_zip":"44024"}},{"type":"Feature","geometry":{"type":"Polygon","coordinates":[[[-81.2599040955799,41.6227065249067],[-81.2600174473128,41.6227062971467],[-81.2601821067368,41.6232343772894],[-81.2610739776847,41.6260953043515],[-81.2611488763514,41.6263355525343],[-81.2612068686325,41.6265215698494],[-81.258357377549,41.6265210110868],[-81.2583582577549,41.6261407489387],[-81.2583593561065,41.6256662640023],[-81.2583594746901,41.6256152996268],[-81.2583600486553,41.6252476964849],[-81.258360625877,41.6248799213418],[-81.2583612030922,41.624512146152],[-81.2583622909173,41.6239236740093],[-81.2583634291678,41.6234309546273],[-81.2583641731539,41.6228134195312],[-81.2583641753895,41.6228127324965],[-81.2583643101642,41.6227098111335],[-81.2583644901889,41.6227098103553],[-81.2599040955799,41.6227065249067]]]},"properties":{"source_county":"Geauga","jurisdiction":"Chardon Township","parcel_id":"06-120896","owner_name":"OFFUTT GRACE & MC MILLAN VICTORIA M & S STERLING IV","property_address":" HERMITAGE RD","property_city":"CHARDON","property_zip":"44024"}},{"type":"Feature","geometry":{"type":"Polygon","coordinates":[[[-81.2498390103963,41.6143233184344],[-81.2528354637623,41.6122045746801],[-81.2532367836228,41.6125240955798],[-81.2531057857655,41.612616723814],[-81.2529742558575,41.6126193069211],[-81.2529912502881,41.6131543724569],[-81.2530030171229,41.6135248166676],[-81.2498390103963,41.6143233184344]]]},"properties":{"source_county":"Geauga","jurisdiction":"Chardon Township","parcel_id":"06-120926","owner_name":"DOOLITTLE RONALD L JR & DAWN","property_address":"9493 MENTOR RD","property_city":"CHARDON","property_zip":"44024"}},{"type":"Feature","geometry":{"type":"Polygon","coordinates":[[[-81.24885400982,41.6136232590664],[-81.2488237647901,41.6115610866105],[-81.2488237514304,41.6115601535749],[-81.2514699931951,41.6127176211445],[-81.252534554107,41.6119648713239],[-81.2528354637623,41.6122045746801],[-81.2498390103963,41.6143233184344],[-81.2488678713758,41.6145683836454],[-81.24885400982,41.6136232590664]]]},"properties":{"source_county":"Geauga","jurisdiction":"Chardon Township","parcel_id":"06-120963","owner_name":"OLBRYSH GARY A & AMY L","property_address":"9499 MENTOR RD","property_city":"CHARDON","property_zip":"44024"}},{"type":"Feature","geometry":{"type":"Polygon","coordinates":[[[-81.2607225772203,41.6045743913407],[-81.260699038679,41.6030217217245],[-81.2624141554272,41.6040413088271],[-81.2627827196265,41.6042336493175],[-81.2627882486441,41.6045711629356],[-81.2628309444156,41.6071772797397],[-81.2624668755373,41.6070776032089],[-81.2620991087968,41.6069769136148],[-81.2613325621125,41.6067670383864],[-81.2613147604041,41.6055936500958],[-81.2607356250356,41.6054350792969],[-81.2607225772203,41.6045743913407]]]},"properties":{"source_county":"Geauga","jurisdiction":"Chardon Township","parcel_id":"06-121026","owner_name":"KUTLICK JAMIE & CORY","property_address":"10581 MITCHELLS MILL RD","property_city":"CHARDON","property_zip":"44024"}},{"type":"Feature","geometry":{"type":"Polygon","coordinates":[[[-81.2592950582166,41.6161386512727],[-81.259511086165,41.6156642134386],[-81.2600187586185,41.6157981152405],[-81.2598146816762,41.6162711669067],[-81.2592950582166,41.6161386512727]]]},"properties":{"source_county":"Geauga","jurisdiction":"Chardon Township","parcel_id":"06-702500","owner_name":"CHARDON TWP BOARD OF TRUSTEES","property_address":" MENTOR RD","property_city":"CHARDON","property_zip":"44024"}},{"type":"Feature","geometry":{"type":"Polygon","coordinates":[[[-81.2600187586185,41.6157981152405],[-81.259511086165,41.6156642134386],[-81.2592950582166,41.6161386512727],[-81.2591638557998,41.6161051918623],[-81.2595640596769,41.6152408159938],[-81.260350234212,41.6154348984711],[-81.2599667052316,41.6163099363094],[-81.2598146816762,41.6162711669067],[-81.2600187586185,41.6157981152405]]]},"properties":{"source_county":"Geauga","jurisdiction":"Chardon Township","parcel_id":"06-702600","owner_name":"CHARDON TWP TRUSTEES","property_address":"9350 MENTOR RD","property_city":"CHARDON","property_zip":"44024"}},{"type":"Feature","geometry":{"type":"Polygon","coordinates":[[[-81.2672324061354,41.6045016809088],[-81.2685414028978,41.6045000456522],[-81.2685417578292,41.6045619759082],[-81.268568769405,41.6092682874244],[-81.2665739437879,41.6084655583523],[-81.2647666475853,41.6077382450093],[-81.2645255407879,41.6076412120945],[-81.26413977752,41.6075356039042],[-81.264070328136,41.6075165910129],[-81.2640628214192,41.6045691521306],[-81.2640626562394,41.6045041955384],[-81.2641388822836,41.6045041364773],[-81.2672324061354,41.6045016809088]]]},"properties":{"source_county":"Geauga","jurisdiction":"Chardon Township","parcel_id":"06-704600","owner_name":"HOLDEN ARBORETUM THE","property_address":" MITCHELLS MILL RD","property_city":"CHARDON","property_zip":"44024"}},{"type":"Feature","geometry":{"type":"Polygon","coordinates":[[[-81.2575986390485,41.5984203976807],[-81.2585167041985,41.59842533191],[-81.2585271395159,41.5992486092014],[-81.2585588407383,41.6017493617601],[-81.2585868513017,41.6039587617023],[-81.2553683270763,41.6039404281341],[-81.2553667950541,41.6030258709825],[-81.2553647259498,41.6017909019873],[-81.2553590630462,41.5984114052053],[-81.2553590579352,41.598408330019],[-81.2558055543584,41.598410739725],[-81.2575986390485,41.5984203976807]]]},"properties":{"source_county":"Geauga","jurisdiction":"Chardon Township","parcel_id":"06-705700","owner_name":"HOLDEN ARBORETUM THE","property_address":" WILDER RD","property_city":"CHARDON","property_zip":"44024"}},{"type":"Feature","geometry":{"type":"Polygon","coordinates":[[[-81.2626383562946,41.5984473952501],[-81.2626948239517,41.5984476958771],[-81.2627236713975,41.6003465764619],[-81.2627827196265,41.6042336493175],[-81.2624141554272,41.6040413088271],[-81.2623416789228,41.5992690329836],[-81.262329176873,41.5984457453411],[-81.2626383562946,41.5984473952501]]]},"properties":{"source_county":"Geauga","jurisdiction":"Chardon Township","parcel_id":"06-706900","owner_name":"HOLDEN ARBORETUM THE","property_address":" MITCHELLS MILL RD","property_city":"CHARDON","property_zip":"44024"}},{"type":"Feature","geometry":{"type":"Polygon","coordinates":[[[-81.2614885277705,41.599264476234],[-81.2623416789228,41.5992690329836],[-81.2624141554272,41.6040413088271],[-81.260699038679,41.6030217217245],[-81.2585588407383,41.6017493617601],[-81.2585271395159,41.5992486092014],[-81.2614885277705,41.599264476234]]]},"properties":{"source_county":"Geauga","jurisdiction":"Chardon Township","parcel_id":"06-707415","owner_name":"HOLDEN ARBORETUM THE","property_address":" MITCHELLS MILL RD","property_city":"CHARDON","property_zip":"44024"}},{"type":"Feature","geometry":{"type":"Polygon","coordinates":[[[-81.264102985107,41.600348520659],[-81.2671959142702,41.600352819887],[-81.2672324061354,41.6045016809088],[-81.2641388822836,41.6045041364773],[-81.2640626562394,41.6045041955384],[-81.2640628214192,41.6045691521306],[-81.264070328136,41.6075165910129],[-81.2628309444156,41.6071772797397],[-81.2627882486441,41.6045711629356],[-81.2627827196265,41.6042336493175],[-81.2627236713975,41.6003465764619],[-81.264102985107,41.600348520659]]]},"properties":{"source_county":"Geauga","jurisdiction":"Chardon Township","parcel_id":"06-707434","owner_name":"HOLDEN ARBORETUM THE","property_address":" MITCHELLS MILL RD","property_city":"CHARDON","property_zip":"44024"}},{"type":"Feature","geometry":{"type":"Polygon","coordinates":[[[-81.2671959142702,41.600352819887],[-81.2671600635037,41.5984271116371],[-81.2695465424783,41.6008074763236],[-81.2696306481969,41.6044986739472],[-81.2685414028978,41.6045000456522],[-81.2672324061354,41.6045016809088],[-81.2671959142702,41.600352819887]]]},"properties":{"source_county":"Geauga","jurisdiction":"Chardon Township","parcel_id":"06-707435","owner_name":"HOLDEN ARBORETUM THE","property_address":" MITCHELLS MILL RD","property_city":"CHARDON","property_zip":"44024"}},{"type":"Feature","geometry":{"type":"Polygon","coordinates":[[[-81.2535020591017,41.6217965517266],[-81.2534991188866,41.6216251344689],[-81.2487463653847,41.6216016240608],[-81.2487429794482,41.6217274897465],[-81.2487406298395,41.6218148471123],[-81.2482888035433,41.6218135098956],[-81.2484291966656,41.6185497775984],[-81.2487984233018,41.6185495292009],[-81.2496192342739,41.6185489722116],[-81.2496266466018,41.6183768257968],[-81.2516179799302,41.6183756514574],[-81.2516189642035,41.6188849771637],[-81.2521801985897,41.6189786618036],[-81.2532067430692,41.6191500109008],[-81.2531535410974,41.6195724898264],[-81.2529339537512,41.6202889738982],[-81.2531557574446,41.6209245984107],[-81.2534905623416,41.6211106936663],[-81.2551320728331,41.620768568549],[-81.2551707302832,41.6209314077526],[-81.2552057261346,41.6210788159668],[-81.2552244652899,41.6211401937706],[-81.2552495492992,41.6212002826831],[-81.2552808242697,41.6212587140112],[-81.2553180983203,41.6213151292319],[-81.2553611427594,41.6213691821914],[-81.2550574030136,41.621521172855],[-81.2539376149716,41.6217950396503],[-81.2535038533601,41.6219011219384],[-81.2535020591017,41.6217965517266]]]},"properties":{"source_county":"Geauga","jurisdiction":"Chardon Township","parcel_id":"06-120220","owner_name":"LAUBENTHAL PATRICIA A TRUSTEE","property_address":"9177 CAMBRIDGE RD","property_city":"CHARDON","property_zip":"44024"}}]}