{"type":"FeatureCollection","features":[{"type":"Feature","geometry":{"type":"Polygon","coordinates":[[[-81.2349870343049,41.5700460556315],[-81.2356255259889,41.5700415719854],[-81.2356469703413,41.5708592901154],[-81.2355091211243,41.5708602583565],[-81.235008470687,41.5708637738781],[-81.2349870343049,41.5700460556315]]]},"properties":{"source_county":"Geauga","jurisdiction":"Chardon Township","parcel_id":"06-000200","owner_name":"BUNNELL CHARLES T","property_address":"11304 THWING RD","property_city":"CHARDON","property_zip":"44024"}},{"type":"Feature","geometry":{"type":"Polygon","coordinates":[[[-81.2483918297638,41.5699630456115],[-81.2487897946632,41.5699609820687],[-81.2488180350013,41.5711358654215],[-81.2484200625219,41.571137889434],[-81.2483918297638,41.5699630456115]]]},"properties":{"source_county":"Geauga","jurisdiction":"Chardon Township","parcel_id":"06-000250","owner_name":"BEHARRY MICHAEL J","property_address":"10944 THWING RD","property_city":"CHARDON","property_zip":"44024"}},{"type":"Feature","geometry":{"type":"Polygon","coordinates":[[[-81.2479938660381,41.5699651078036],[-81.2483918297638,41.5699630456115],[-81.2484200625219,41.571137889434],[-81.2480220900351,41.5711399111826],[-81.2479938660381,41.5699651078036]]]},"properties":{"source_county":"Geauga","jurisdiction":"Chardon Township","parcel_id":"06-000260","owner_name":"BEHARRY MICHAEL J","property_address":"10950 THWING RD","property_city":"CHARDON","property_zip":"44024"}},{"type":"Feature","geometry":{"type":"Polygon","coordinates":[[[-81.2407373996746,41.5742892043987],[-81.242391129387,41.5742591766304],[-81.2423978258718,41.5746472563164],[-81.2423982797174,41.5746735167238],[-81.2407505352028,41.5746972611661],[-81.2407373996746,41.5742892043987]]]},"properties":{"source_county":"Geauga","jurisdiction":"Chardon Township","parcel_id":"06-001500","owner_name":"ACKERMAN ROBERT M & SARA C","property_address":"10929 AUBURN RD","property_city":"CHARDON","property_zip":"44024"}},{"type":"Feature","geometry":{"type":"Polygon","coordinates":[[[-81.2410385425197,41.570003424656],[-81.2423175676409,41.5699943752267],[-81.2423254924503,41.5704554434228],[-81.2410464583261,41.5704644929378],[-81.2410385425197,41.570003424656]]]},"properties":{"source_county":"Geauga","jurisdiction":"Chardon Township","parcel_id":"06-003200","owner_name":"BAKER JASON S","property_address":"11091 AUBURN RD","property_city":"CHARDON","property_zip":"44024"}},{"type":"Feature","geometry":{"type":"Polygon","coordinates":[[[-81.2366561892581,41.5728347241884],[-81.2365825971359,41.5700348457436],[-81.238172233854,41.5700236549063],[-81.2381975168439,41.5709785610353],[-81.23870913065,41.5709749545259],[-81.2393486493399,41.5709704425609],[-81.2398968076232,41.5709665728683],[-81.239871499828,41.5700116689062],[-81.2404193118406,41.5700078002801],[-81.2404357326176,41.5709628246657],[-81.2410533172635,41.5708624011627],[-81.2423323579585,41.5708533515602],[-81.242336383611,41.5710866224179],[-81.2423411191237,41.5713610451314],[-81.2423458534771,41.571635467807],[-81.2423505890691,41.5719098904707],[-81.2423514379191,41.5719591023053],[-81.240661346979,41.5719264694743],[-81.2406747557097,41.5723430310445],[-81.24068579439,41.5726859817087],[-81.2406887143684,41.5727767131847],[-81.2366561892581,41.5728347241884]]]},"properties":{"source_county":"Geauga","jurisdiction":"Chardon Township","parcel_id":"06-003300","owner_name":"BAKER JASON S","property_address":"11250 THWING RD","property_city":"CHARDON","property_zip":"44024"}},{"type":"Feature","geometry":{"type":"Polygon","coordinates":[[[-81.2356255259889,41.5700415719854],[-81.2365825971359,41.5700348457436],[-81.2366561892581,41.5728347241884],[-81.2356992103073,41.5728484699848],[-81.2356469703413,41.5708592901154],[-81.2356255259889,41.5700415719854]]]},"properties":{"source_county":"Geauga","jurisdiction":"Chardon Township","parcel_id":"06-003400","owner_name":"BAKER JASON S","property_address":" THWING RD","property_city":"CHARDON","property_zip":"44024"}},{"type":"Feature","geometry":{"type":"Polygon","coordinates":[[[-81.2450225838205,41.5728016832492],[-81.2466550827297,41.5728018490274],[-81.2466645372431,41.572868805376],[-81.2466771629028,41.5729354662223],[-81.2466929436826,41.5730017469014],[-81.2467118595492,41.5730675632311],[-81.2450240330344,41.573076105182],[-81.2450225838205,41.5728016832492]]]},"properties":{"source_county":"Geauga","jurisdiction":"Chardon Township","parcel_id":"06-006500","owner_name":"BLASER WALTON J & UTICA M","property_address":"10983 HENNING DR","property_city":"CHARDON","property_zip":"44024"}},{"type":"Feature","geometry":{"type":"Polygon","coordinates":[[[-81.2475959010885,41.569967168619],[-81.2479938660381,41.5699651078036],[-81.2480220900351,41.5711399111826],[-81.2476241175238,41.5711419315674],[-81.2475959010885,41.569967168619]]]},"properties":{"source_county":"Geauga","jurisdiction":"Chardon Township","parcel_id":"06-007700","owner_name":"GREEN DANIEL P","property_address":"10962 THWING RD","property_city":"CHARDON","property_zip":"44024"}},{"type":"Feature","geometry":{"type":"Polygon","coordinates":[[[-81.24068579439,41.5726859817087],[-81.2423634558656,41.5726555190867],[-81.2423647948844,41.5727331582995],[-81.2423693752523,41.5729985626018],[-81.240696833186,41.5730289323332],[-81.2406887143684,41.5727767131847],[-81.24068579439,41.5726859817087]]]},"properties":{"source_county":"Geauga","jurisdiction":"Chardon Township","parcel_id":"06-009050","owner_name":"BARNES MARGRET A & DANIEL J","property_address":"10981 AUBURN RD","property_city":"CHARDON","property_zip":"44024"}},{"type":"Feature","geometry":{"type":"Polygon","coordinates":[[[-81.2484332657304,41.5716866812517],[-81.2500251603937,41.5716785794499],[-81.2500317681588,41.5719529747747],[-81.2484398668268,41.5719610766662],[-81.2484332657304,41.5716866812517]]]},"properties":{"source_county":"Geauga","jurisdiction":"Chardon Township","parcel_id":"06-009214","owner_name":"KELLEY ROBERT C","property_address":"11025 HELMUT DR","property_city":"CHARDON","property_zip":"44024"}},{"type":"Feature","geometry":{"type":"Polygon","coordinates":[[[-81.2450077161898,41.5699805397312],[-81.2453868163624,41.5699785847389],[-81.2454149867005,41.5711531230274],[-81.2450138887919,41.5711551511324],[-81.2450077161898,41.5699805397312]]]},"properties":{"source_county":"Geauga","jurisdiction":"Chardon Township","parcel_id":"06-010300","owner_name":"QUINN RYAN D","property_address":"11032 THWING RD","property_city":"CHARDON","property_zip":"44024"}},{"type":"Feature","geometry":{"type":"Polygon","coordinates":[[[-81.2471720320932,41.57460672472],[-81.2475082372773,41.5746032164955],[-81.2475176412302,41.5751117782095],[-81.2471766659885,41.5751153827122],[-81.246658852645,41.5751208536797],[-81.2466494539683,41.5746121766205],[-81.2471720320932,41.57460672472]]]},"properties":{"source_county":"Geauga","jurisdiction":"Chardon Township","parcel_id":"06-011350","owner_name":"YODER BRIAN P","property_address":"10911 HENNING DR","property_city":"CHARDON","property_zip":"44024"}},{"type":"Feature","geometry":{"type":"Polygon","coordinates":[[[-81.2450167870862,41.5717039952703],[-81.2466220854099,41.571695872436],[-81.246628678919,41.5719702679527],[-81.2450182362515,41.5719784173021],[-81.2450167870862,41.5717039952703]]]},"properties":{"source_county":"Geauga","jurisdiction":"Chardon Township","parcel_id":"06-017600","owner_name":"ROBINSON BENJAMIN D","property_address":"11025 HENNING DR","property_city":"CHARDON","property_zip":"44024"}},{"type":"Feature","geometry":{"type":"Polygon","coordinates":[[[-81.247160489025,41.5733397186687],[-81.2484728742858,41.5733330560766],[-81.2484794768269,41.5736074558551],[-81.2475021963068,41.5736124184387],[-81.2474567242042,41.5736107358694],[-81.2474117294171,41.5736055223911],[-81.2473676968458,41.5735968341884],[-81.2473251010207,41.5735847648924],[-81.2472844009879,41.5735694445717],[-81.2472460353618,41.5735510383301],[-81.2472104175989,41.5735297445279],[-81.247177931541,41.5735057926436],[-81.2471618102164,41.5734846545074],[-81.2471109276952,41.5734132883421],[-81.2470645694083,41.573340204788],[-81.247160489025,41.5733397186687]]]},"properties":{"source_county":"Geauga","jurisdiction":"Chardon Township","parcel_id":"06-019000","owner_name":"KANE CAROLINA ANN","property_address":"10962 HENNING DR","property_city":"CHARDON","property_zip":"44024"}},{"type":"Feature","geometry":{"type":"Polygon","coordinates":[[[-81.2495857220064,41.5699568499659],[-81.2499836796374,41.5699547822545],[-81.2500119450469,41.5711297878248],[-81.2496139798518,41.5711318151057],[-81.2495857220064,41.5699568499659]]]},"properties":{"source_county":"Geauga","jurisdiction":"Chardon Township","parcel_id":"06-020500","owner_name":"PICKUP GARY A & KELLY A","property_address":"10908 THWING RD","property_city":"CHARDON","property_zip":"44024"}},{"type":"Feature","geometry":{"type":"Polygon","coordinates":[[[-81.245015337933,41.5714295732137],[-81.2466154907744,41.5714214759811],[-81.2466220854099,41.571695872436],[-81.2450167870862,41.5717039952703],[-81.245015337933,41.5714295732137]]]},"properties":{"source_county":"Geauga","jurisdiction":"Chardon Township","parcel_id":"06-020700","owner_name":"COYOTE JOSEPH D & LARAMIE P","property_address":"11037 HENNING DR","property_city":"CHARDON","property_zip":"44024"}},{"type":"Feature","geometry":{"type":"Polygon","coordinates":[[[-81.2450254822605,41.5733505270902],[-81.2468289545305,41.5733445693169],[-81.2468649065769,41.5734077932224],[-81.2469038530979,41.5734700089172],[-81.2469457440579,41.5735311364576],[-81.2469905256372,41.5735910972981],[-81.2450267677145,41.5735940731167],[-81.2450254822605,41.5733505270902]]]},"properties":{"source_county":"Geauga","jurisdiction":"Chardon Township","parcel_id":"06-021800","owner_name":"MALDONADO JOELLE","property_address":"10963 HENNING DR","property_city":"CHARDON","property_zip":"44024"}},{"type":"Feature","geometry":{"type":"Polygon","coordinates":[[[-81.2450267677145,41.5735940731167],[-81.2469905256372,41.5735910972981],[-81.2469969789802,41.5735993379382],[-81.2452716476483,41.5736019553963],[-81.245026812243,41.5736023247575],[-81.2450267677145,41.5735940731167]]]},"properties":{"source_county":"Geauga","jurisdiction":"Chardon Township","parcel_id":"06-021900","owner_name":"MALDONADO JOELLE","property_address":" HENNING DR","property_city":"CHARDON","property_zip":"44024"}},{"type":"Feature","geometry":{"type":"Polygon","coordinates":[[[-81.245026812243,41.5736023247575],[-81.2452716476483,41.5736019553963],[-81.245272845345,41.5738232170007],[-81.2450279852871,41.5738244541761],[-81.245026812243,41.5736023247575]]]},"properties":{"source_county":"Geauga","jurisdiction":"Chardon Township","parcel_id":"06-022000","owner_name":"MALDONADO JOELLE","property_address":" HENNING DR","property_city":"CHARDON","property_zip":"44024"}},{"type":"Feature","geometry":{"type":"Polygon","coordinates":[[[-81.2461827441337,41.569974475958],[-81.246580701979,41.5699724199075],[-81.2466088973759,41.5711470804143],[-81.2462109319707,41.5711490960342],[-81.2461827441337,41.569974475958]]]},"properties":{"source_county":"Geauga","jurisdiction":"Chardon Township","parcel_id":"06-022300","owner_name":"10994 THWING LLC","property_address":"10994 THWING RD","property_city":"CHARDON","property_zip":"44024"}},{"type":"Feature","geometry":{"type":"Polygon","coordinates":[[[-81.24846627293,41.5730586598872],[-81.2500582009373,41.5730505576364],[-81.2500648101781,41.5733249528487],[-81.2484728742858,41.5733330560766],[-81.24846627293,41.5730586598872]]]},"properties":{"source_county":"Geauga","jurisdiction":"Chardon Township","parcel_id":"06-023910","owner_name":"DICILLO CHARLES A","property_address":"10973 HELMUT DR","property_city":"CHARDON","property_zip":"44024"}},{"type":"Feature","geometry":{"type":"Polygon","coordinates":[[[-81.2453868163624,41.5699785847389],[-81.2457847802519,41.5699765314805],[-81.2458132881126,41.5711526022688],[-81.2454149867005,41.5711531230274],[-81.2453868163624,41.5699785847389]]]},"properties":{"source_county":"Geauga","jurisdiction":"Chardon Township","parcel_id":"06-024200","owner_name":"DILLON JANIS J TOD","property_address":"11020 THWING RD","property_city":"CHARDON","property_zip":"44024"}},{"type":"Feature","geometry":{"type":"Polygon","coordinates":[[[-81.2450196854291,41.5722528393092],[-81.2466352724661,41.5722446643446],[-81.2466418672846,41.572519059824],[-81.2450211346187,41.5725272612915],[-81.2450196854291,41.5722528393092]]]},"properties":{"source_county":"Geauga","jurisdiction":"Chardon Township","parcel_id":"06-024900","owner_name":"TAYLOR NATHANIEL","property_address":"11001 HENNING DR","property_city":"CHARDON","property_zip":"44024"}},{"type":"Feature","geometry":{"type":"Polygon","coordinates":[[[-81.2485031779514,41.574592578246],[-81.2486246513158,41.5745912928842],[-81.2486314061778,41.5750999978656],[-81.2477369070162,41.5751094592337],[-81.2477274973069,41.5746006705709],[-81.2485031779514,41.574592578246]]]},"properties":{"source_county":"Geauga","jurisdiction":"Chardon Township","parcel_id":"06-025800","owner_name":"CALABRESE TERRY TOD & DEBRA S TOD","property_address":"10912 HENNING DR","property_city":"CHARDON","property_zip":"44024"}},{"type":"Feature","geometry":{"type":"Polygon","coordinates":[[[-81.2484834377438,41.5737721038076],[-81.2490474880018,41.5737692354096],[-81.2490671613873,41.5745866094848],[-81.2486246513158,41.5745912928842],[-81.2485031779514,41.574592578246],[-81.2484834377438,41.5737721038076]]]},"properties":{"source_county":"Geauga","jurisdiction":"Chardon Township","parcel_id":"06-026000","owner_name":"PHELPS SCOTT P & KASIE M","property_address":"10940 HOWARD DR","property_city":"CHARDON","property_zip":"44024"}},{"type":"Feature","geometry":{"type":"Polygon","coordinates":[[[-81.2462109319707,41.5711490960342],[-81.2466088973759,41.5711470804143],[-81.2466154907744,41.5714214759811],[-81.245015337933,41.5714295732137],[-81.2450138887919,41.5711551511324],[-81.2454149867005,41.5711531230274],[-81.2458129593478,41.5711511102127],[-81.2462109319707,41.5711490960342]]]},"properties":{"source_county":"Geauga","jurisdiction":"Chardon Township","parcel_id":"06-027200","owner_name":"EDWARDS PATRICIA SUSANNE TOD","property_address":"11049 HENNING DR","property_city":"CHARDON","property_zip":"44024"}},{"type":"Feature","geometry":{"type":"Polygon","coordinates":[[[-81.2471648064224,41.5738136372014],[-81.2471871695627,41.5738135236543],[-81.2472358138702,41.5738728287148],[-81.2472807376023,41.5739337663528],[-81.247321843787,41.5739962050426],[-81.2473590436909,41.5740600100186],[-81.2471670608238,41.5740609836805],[-81.2450292913647,41.5740718058436],[-81.2450279852871,41.5738244541761],[-81.245272845345,41.5738232170007],[-81.2471648064224,41.5738136372014]]]},"properties":{"source_county":"Geauga","jurisdiction":"Chardon Township","parcel_id":"06-029850","owner_name":"REINHARDT WILLIAM J & DEBORAH A","property_address":"10943 HENNING DR","property_city":"CHARDON","property_zip":"44024"}},{"type":"Feature","geometry":{"type":"Polygon","coordinates":[[[-81.2410464583261,41.5704644929378],[-81.2423254924503,41.5704554434228],[-81.2423316481381,41.5708121996795],[-81.2423323579585,41.5708533515602],[-81.2410533172635,41.5708624011627],[-81.2410464583261,41.5704644929378]]]},"properties":{"source_county":"Geauga","jurisdiction":"Chardon Township","parcel_id":"06-030800","owner_name":"LUCE OLIVIA TAYLOR & HOEFLE JACOB","property_address":"11075 AUBURN RD","property_city":"CHARDON","property_zip":"44024"}},{"type":"Feature","geometry":{"type":"Polygon","coordinates":[[[-81.2471979373127,41.5699692280836],[-81.2475959010885,41.569967168619],[-81.2476241175238,41.5711419315674],[-81.247226144988,41.5711439505885],[-81.2471979373127,41.5699692280836]]]},"properties":{"source_county":"Geauga","jurisdiction":"Chardon Township","parcel_id":"06-032150","owner_name":"KERRY LINDA M","property_address":"10972 THWING RD","property_city":"CHARDON","property_zip":"44024"}},{"type":"Feature","geometry":{"type":"Polygon","coordinates":[[[-81.247145489671,41.5716932195257],[-81.2484332657304,41.5716866812517],[-81.2484398668268,41.5719610766662],[-81.2471479899192,41.5719676356656],[-81.2468479639026,41.5719691567251],[-81.2468413694749,41.5716947612208],[-81.247145489671,41.5716932195257]]]},"properties":{"source_county":"Geauga","jurisdiction":"Chardon Township","parcel_id":"06-035500","owner_name":"TOTH KAYLA MARIE","property_address":"11024 HENNING DR","property_city":"CHARDON","property_zip":"44024"}},{"type":"Feature","geometry":{"type":"Polygon","coordinates":[[[-81.2407242642928,41.5738811484753],[-81.2423840848445,41.5738510095627],[-81.242386815722,41.5740092240833],[-81.242391129387,41.5742591766304],[-81.2407373996746,41.5742892043987],[-81.2407242642928,41.5738811484753]]]},"properties":{"source_county":"Geauga","jurisdiction":"Chardon Township","parcel_id":"06-038940","owner_name":"BRADSHAW WILLIAM G & EDITH J & ROGERS AUTUMN M","property_address":"10941 AUBURN RD","property_city":"CHARDON","property_zip":"44024"}},{"type":"Feature","geometry":{"type":"Polygon","coordinates":[[[-81.2471554895562,41.5727908857245],[-81.2484596716124,41.572784264573],[-81.24846627293,41.5730586598872],[-81.247157989871,41.5730653026656],[-81.2469369658811,41.5730664227688],[-81.2469156414614,41.5729986718022],[-81.2468979824711,41.5729303287746],[-81.2468840177801,41.5728615054616],[-81.246873770216,41.5727923144242],[-81.2471554895562,41.5727908857245]]]},"properties":{"source_county":"Geauga","jurisdiction":"Chardon Township","parcel_id":"06-040300","owner_name":"HEATON ALEXANDER L","property_address":"10982 HENNING DR","property_city":"CHARDON","property_zip":"44024"}},{"type":"Feature","geometry":{"type":"Polygon","coordinates":[[[-81.2450211346187,41.5725272612915],[-81.2466418672846,41.572519059824],[-81.2466456900603,41.5726654932131],[-81.2466487455332,41.5727337348581],[-81.2466550827297,41.5728018490274],[-81.2450225838205,41.5728016832492],[-81.2450211346187,41.5725272612915]]]},"properties":{"source_county":"Geauga","jurisdiction":"Chardon Township","parcel_id":"06-049400","owner_name":"WOLFE DOUGLAS F","property_address":"10993 HENNING DR","property_city":"CHARDON","property_zip":"44024"}},{"type":"Feature","geometry":{"type":"Polygon","coordinates":[[[-81.2406747557097,41.5723430310445],[-81.242357536541,41.5723124755327],[-81.2423600603722,41.5724587357235],[-81.2423602969101,41.572472457211],[-81.2423634558656,41.5726555190867],[-81.24068579439,41.5726859817087],[-81.2406747557097,41.5723430310445]]]},"properties":{"source_county":"Geauga","jurisdiction":"Chardon Township","parcel_id":"06-051570","owner_name":"SIMPSON BRETT","property_address":"11011 AUBURN RD","property_city":"CHARDON","property_zip":"44024"}},{"type":"Feature","geometry":{"type":"Polygon","coordinates":[[[-81.2432892081132,41.5699893850026],[-81.2438373698063,41.5699865666177],[-81.2438416439562,41.5708044403943],[-81.2432934754008,41.5708072596988],[-81.2432892081132,41.5699893850026]]]},"properties":{"source_county":"Geauga","jurisdiction":"Chardon Township","parcel_id":"06-053100","owner_name":"EDGINGTON TERESA L","property_address":"11078 THWING RD","property_city":"CHARDON","property_zip":"44024"}},{"type":"Feature","geometry":{"type":"Polygon","coordinates":[[[-81.2496139798518,41.5711318151057],[-81.2500119450469,41.5711297878248],[-81.2500185527012,41.5714041831997],[-81.2484266635076,41.5714122848987],[-81.2484200625219,41.571137889434],[-81.2488180350013,41.5711358654215],[-81.2492160074388,41.5711338409454],[-81.2496139798518,41.5711318151057]]]},"properties":{"source_county":"Geauga","jurisdiction":"Chardon Township","parcel_id":"06-054750","owner_name":"VINCE JORDON L","property_address":"11049 HELMUT DR","property_city":"CHARDON","property_zip":"44024"}},{"type":"Feature","geometry":{"type":"Polygon","coordinates":[[[-81.2471479899192,41.5719676356656],[-81.2484398668268,41.5719610766662],[-81.2484464679613,41.5722354729561],[-81.2471504901711,41.5722420526811],[-81.2468545595673,41.5722435531175],[-81.2468479639026,41.5719691567251],[-81.2471479899192,41.5719676356656]]]},"properties":{"source_county":"Geauga","jurisdiction":"Chardon Township","parcel_id":"06-054900","owner_name":"TOTH DAVID S II","property_address":"11012 HENNING DR","property_city":"CHARDON","property_zip":"44024"}},{"type":"Feature","geometry":{"type":"Polygon","coordinates":[[[-81.2484398668268,41.5719610766662],[-81.2500317681588,41.5719529747747],[-81.2500383771781,41.5722273700873],[-81.2484464679613,41.5722354729561],[-81.2484398668268,41.5719610766662]]]},"properties":{"source_county":"Geauga","jurisdiction":"Chardon Township","parcel_id":"06-058500","owner_name":"ERHOLM STEWART A","property_address":"11013 HELMUT DR","property_city":"CHARDON","property_zip":"44024"}},{"type":"Feature","geometry":{"type":"Polygon","coordinates":[[[-81.2423411191237,41.5713610451314],[-81.2443927048228,41.5713504987314],[-81.2443941522364,41.5716249379215],[-81.2423458534771,41.571635467807],[-81.2423411191237,41.5713610451314]]]},"properties":{"source_county":"Geauga","jurisdiction":"Chardon Township","parcel_id":"06-060060","owner_name":"LEQUYEA DENNIS T & BOBBIE JUNE TRUSTEES","property_address":"11040 AUBURN RD","property_city":"CHARDON","property_zip":"44024"}},{"type":"Feature","geometry":{"type":"Polygon","coordinates":[[[-81.2471529892624,41.5725164687586],[-81.2484530691683,41.5725098683205],[-81.2484596716124,41.572784264573],[-81.2471554895562,41.5727908857245],[-81.246873770216,41.5727923144242],[-81.2468677413964,41.572729848921],[-81.2468647424251,41.5726672600754],[-81.2468611541054,41.5725179485717],[-81.2471529892624,41.5725164687586]]]},"properties":{"source_county":"Geauga","jurisdiction":"Chardon Township","parcel_id":"06-062800","owner_name":"INDEPENDENT MEADOWS LLC","property_address":"10992 HENNING DR","property_city":"CHARDON","property_zip":"44024"}},{"type":"Feature","geometry":{"type":"Polygon","coordinates":[[[-81.2484596716124,41.572784264573],[-81.2500515929679,41.5727761615117],[-81.2500582009373,41.5730505576364],[-81.24846627293,41.5730586598872],[-81.2484596716124,41.572784264573]]]},"properties":{"source_county":"Geauga","jurisdiction":"Chardon Township","parcel_id":"06-064400","owner_name":"REIGHARD ROBERT A & MC INTOSH DENISE R","property_address":"10983 HELMUT DR","property_city":"CHARDON","property_zip":"44024"}},{"type":"Feature","geometry":{"type":"Polygon","coordinates":[[[-81.2471429906598,41.5714188024737],[-81.2484266635076,41.5714122848987],[-81.2484332657304,41.5716866812517],[-81.247145489671,41.5716932195257],[-81.2468413694749,41.5716947612208],[-81.2468347751197,41.5714203647911],[-81.2471429906598,41.5714188024737]]]},"properties":{"source_county":"Geauga","jurisdiction":"Chardon Township","parcel_id":"06-067850","owner_name":"MELENA DANA M TRUSTEE","property_address":"11036 HENNING DR","property_city":"CHARDON","property_zip":"44024"}},{"type":"Feature","geometry":{"type":"Polygon","coordinates":[[[-81.2471504901711,41.5722420526811],[-81.2484464679613,41.5722354729561],[-81.2484530691683,41.5725098683205],[-81.2471529892624,41.5725164687586],[-81.2468611541054,41.5725179485717],[-81.2468545595673,41.5722435531175],[-81.2471504901711,41.5722420526811]]]},"properties":{"source_county":"Geauga","jurisdiction":"Chardon Township","parcel_id":"06-071000","owner_name":"SOMRACK DAVID R","property_address":"11000 HENNING DR","property_city":"CHARDON","property_zip":"44024"}},{"type":"Feature","geometry":{"type":"Polygon","coordinates":[[[-81.2450240330344,41.573076105182],[-81.2467118595492,41.5730675632311],[-81.2467357845218,41.573138033206],[-81.2467633033957,41.5732077595445],[-81.2467943754079,41.573276638934],[-81.2468289545305,41.5733445693169],[-81.2450254822605,41.5733505270902],[-81.2450240330344,41.573076105182]]]},"properties":{"source_county":"Geauga","jurisdiction":"Chardon Township","parcel_id":"06-071100","owner_name":"HENDERSON RYAN J & MOLLY A","property_address":"10973 HENNING DR","property_city":"CHARDON","property_zip":"44024"}},{"type":"Feature","geometry":{"type":"Polygon","coordinates":[[[-81.2443855314694,41.5699837447453],[-81.2450077161898,41.5699805397312],[-81.2450138887919,41.5711551511324],[-81.245015337933,41.5714295732137],[-81.2450167870862,41.5717039952703],[-81.2450182362515,41.5719784173021],[-81.2450196854291,41.5722528393092],[-81.2450211346187,41.5725272612915],[-81.2450225838205,41.5728016832492],[-81.2450240330344,41.573076105182],[-81.2450254822605,41.5733505270902],[-81.2450267677145,41.5735940731167],[-81.245026812243,41.5736023247575],[-81.2450279852871,41.5738244541761],[-81.2450292913647,41.5740718058436],[-81.2450306859414,41.5743358156461],[-81.245032264354,41.5746347869956],[-81.2444100297381,41.5746369123914],[-81.2444066658809,41.5739988407604],[-81.2444033020894,41.5733607689954],[-81.2443999383633,41.5727226970966],[-81.2443985647813,41.5724619795266],[-81.2443984921174,41.5724482571181],[-81.2443970446675,41.5721738180022],[-81.2443955984459,41.5718993779742],[-81.2443941522364,41.5716249379215],[-81.2443927048228,41.5713504987314],[-81.2443912586376,41.5710760586292],[-81.2443898124472,41.5708016194027],[-81.2443855314694,41.5699837447453]]]},"properties":{"source_county":"Geauga","jurisdiction":"Chardon Township","parcel_id":"06-073400","owner_name":"MONTAGNA GAETANO M TRUSTEE","property_address":" THWING RD","property_city":"CHARDON","property_zip":"44024"}},{"type":"Feature","geometry":{"type":"Polygon","coordinates":[[[-81.2450182362515,41.5719784173021],[-81.246628678919,41.5719702679527],[-81.2466352724661,41.5722446643446],[-81.2450196854291,41.5722528393092],[-81.2450182362515,41.5719784173021]]]},"properties":{"source_county":"Geauga","jurisdiction":"Chardon Township","parcel_id":"06-077600","owner_name":"O BRIEN CHRISTINA M","property_address":"11013 HENNING DR","property_city":"CHARDON","property_zip":"44024"}},{"type":"Feature","geometry":{"type":"Polygon","coordinates":[[[-81.2386838401849,41.5700200494075],[-81.2393233495352,41.5700155384806],[-81.2393486493399,41.5709704425609],[-81.23870913065,41.5709749545259],[-81.2386838401849,41.5700200494075]]]},"properties":{"source_county":"Geauga","jurisdiction":"Chardon Township","parcel_id":"06-081050","owner_name":"PEISCHL ANGELA","property_address":"11202 THWING RD","property_city":"CHARDON","property_zip":"44024"}},{"type":"Feature","geometry":{"type":"Polygon","coordinates":[[[-81.238172233854,41.5700236549063],[-81.2386838401849,41.5700200494075],[-81.23870913065,41.5709749545259],[-81.2381975168439,41.5709785610353],[-81.238172233854,41.5700236549063]]]},"properties":{"source_county":"Geauga","jurisdiction":"Chardon Township","parcel_id":"06-081800","owner_name":"KIRK JESSICA R & WILLIAM K","property_address":"11220 THWING RD","property_city":"CHARDON","property_zip":"44024"}},{"type":"Feature","geometry":{"type":"Polygon","coordinates":[[[-81.2471670608238,41.5740609836805],[-81.2473590436909,41.5740600100186],[-81.2473919575314,41.574124413641],[-81.2474208912758,41.5741898860154],[-81.2474457836553,41.5742562885275],[-81.2474665819565,41.5743234805931],[-81.2471694654384,41.5743249880523],[-81.2450306859414,41.5743358156461],[-81.2450292913647,41.5740718058436],[-81.2471670608238,41.5740609836805]]]},"properties":{"source_county":"Geauga","jurisdiction":"Chardon Township","parcel_id":"06-083250","owner_name":"UNION RONALD A","property_address":"10935 HENNING DR","property_city":"CHARDON","property_zip":"44024"}},{"type":"Feature","geometry":{"type":"Polygon","coordinates":[[[-81.2407078720976,41.573371882918],[-81.242375294701,41.573341606078],[-81.242375805804,41.5733711908152],[-81.2423812142117,41.5736846495152],[-81.2407189111247,41.5737148334631],[-81.2407078720976,41.573371882918]]]},"properties":{"source_county":"Geauga","jurisdiction":"Chardon Township","parcel_id":"06-084300","owner_name":"BROWN RICHARD MICHAEL & NANCY KAY","property_address":"10955 AUBURN RD","property_city":"CHARDON","property_zip":"44024"}},{"type":"Feature","geometry":{"type":"Polygon","coordinates":[[[-81.2404193118406,41.5700078002801],[-81.2410385425197,41.570003424656],[-81.2410464583261,41.5704644929378],[-81.2410533172635,41.5708624011627],[-81.2404357326176,41.5709628246657],[-81.2404193118406,41.5700078002801]]]},"properties":{"source_county":"Geauga","jurisdiction":"Chardon Township","parcel_id":"06-085600","owner_name":"RAYL STUART C & RHONDA","property_address":"11144 THWING RD","property_city":"CHARDON","property_zip":"44024"}},{"type":"Feature","geometry":{"type":"Polygon","coordinates":[[[-81.2484464679613,41.5722354729561],[-81.2500383771781,41.5722273700873],[-81.2500449850367,41.5725017662622],[-81.2484530691683,41.5725098683205],[-81.2484464679613,41.5722354729561]]]},"properties":{"source_county":"Geauga","jurisdiction":"Chardon Township","parcel_id":"06-086800","owner_name":"RENICK MARLENE A","property_address":"11001 HELMUT DR","property_city":"CHARDON","property_zip":"44024"}},{"type":"Feature","geometry":{"type":"Polygon","coordinates":[[[-81.240696833186,41.5730289323332],[-81.2423693752523,41.5729985626018],[-81.242375294701,41.573341606078],[-81.2407078720976,41.573371882918],[-81.240696833186,41.5730289323332]]]},"properties":{"source_county":"Geauga","jurisdiction":"Chardon Township","parcel_id":"06-091150","owner_name":"LODGE EMANUEL L & SOPHIA HIGGINBOTTOM","property_address":"10971 AUBURN RD","property_city":"CHARDON","property_zip":"44024"}},{"type":"Feature","geometry":{"type":"Polygon","coordinates":[[[-81.2276535944761,41.5700972902401],[-81.2282382902653,41.5700932231025],[-81.2282701611868,41.5710881022039],[-81.2282764067931,41.5712828988421],[-81.2276917003331,41.5712869688709],[-81.2276916943627,41.571286782404],[-81.2276535944761,41.5700972902401]]]},"properties":{"source_county":"Geauga","jurisdiction":"Chardon Township","parcel_id":"06-093300","owner_name":"SANBORN JEAN TOD","property_address":"11484 THWING RD","property_city":"CHARDON","property_zip":"44024"}},{"type":"Feature","geometry":{"type":"Polygon","coordinates":[[[-81.2490474880018,41.5737692354096],[-81.2496066763089,41.5737663884671],[-81.2496262822426,41.5745806891898],[-81.2490671613873,41.5745866094848],[-81.2490474880018,41.5737692354096]]]},"properties":{"source_county":"Geauga","jurisdiction":"Chardon Township","parcel_id":"06-093400","owner_name":"RUS STANLEY & MARGARET A","property_address":"10926 HOWARD DR","property_city":"CHARDON","property_zip":"44024"}},{"type":"Feature","geometry":{"type":"Polygon","coordinates":[[[-81.2491877583388,41.5699589171493],[-81.2495857220064,41.5699568499659],[-81.2496139798518,41.5711318151057],[-81.2492160074388,41.5711338409454],[-81.2491877583388,41.5699589171493]]]},"properties":{"source_county":"Geauga","jurisdiction":"Chardon Township","parcel_id":"06-093500","owner_name":"SIMMONS CHRISTINE H","property_address":"10922 THWING RD","property_city":"CHARDON","property_zip":"44024"}},{"type":"Feature","geometry":{"type":"Polygon","coordinates":[[[-81.2471694654384,41.5743249880523],[-81.2474665819565,41.5743234805931],[-81.2474835546163,41.5743927855463],[-81.247496171701,41.5744626128265],[-81.2475044053227,41.5745328081689],[-81.2475082372773,41.5746032164955],[-81.2471720320932,41.57460672472],[-81.2466494539683,41.5746121766205],[-81.245032264354,41.5746347869956],[-81.2450306859414,41.5743358156461],[-81.2471694654384,41.5743249880523]]]},"properties":{"source_county":"Geauga","jurisdiction":"Chardon Township","parcel_id":"06-093550","owner_name":"MARKLEY SUSAN","property_address":"10925 HENNING DR","property_city":"CHARDON","property_zip":"44024"}},{"type":"Feature","geometry":{"type":"Polygon","coordinates":[[[-81.2496066763089,41.5737663884671],[-81.2501658645502,41.5737635397328],[-81.2501854041958,41.574574766216],[-81.2499654997953,41.5745770964279],[-81.2496262822426,41.5745806891898],[-81.2496066763089,41.5737663884671]]]},"properties":{"source_county":"Geauga","jurisdiction":"Chardon Township","parcel_id":"06-093600","owner_name":"BURWELL ADAM J & BRYNNE","property_address":"10912 HOWARD DR","property_city":"CHARDON","property_zip":"44024"}},{"type":"Feature","geometry":{"type":"Polygon","coordinates":[[[-81.242336383611,41.5710866224179],[-81.2443912586376,41.5710760586292],[-81.2443927048228,41.5713504987314],[-81.2423411191237,41.5713610451314],[-81.242336383611,41.5710866224179]]]},"properties":{"source_county":"Geauga","jurisdiction":"Chardon Township","parcel_id":"06-095600","owner_name":"ZIESKE JAMES P","property_address":"11050 AUBURN RD","property_city":"CHARDON","property_zip":"44024"}},{"type":"Feature","geometry":{"type":"Polygon","coordinates":[[[-81.2457847802519,41.5699765314805],[-81.2461827441337,41.569974475958],[-81.2462109319707,41.5711490960342],[-81.2458129593478,41.5711511102127],[-81.2457847802519,41.5699765314805]]]},"properties":{"source_county":"Geauga","jurisdiction":"Chardon Township","parcel_id":"06-096900","owner_name":"11008 THWING LLC","property_address":"11008 THWING RD","property_city":"CHARDON","property_zip":"44024"}},{"type":"Feature","geometry":{"type":"Polygon","coordinates":[[[-81.2484728742858,41.5733330560766],[-81.2500648101781,41.5733249528487],[-81.2500714181723,41.5735993534247],[-81.2484794768269,41.5736074558551],[-81.2484728742858,41.5733330560766]]]},"properties":{"source_county":"Geauga","jurisdiction":"Chardon Township","parcel_id":"06-101800","owner_name":"BOLLAS RICHARD J & LORI L","property_address":"10963 HELMUT DR","property_city":"CHARDON","property_zip":"44024"}},{"type":"Feature","geometry":{"type":"Polygon","coordinates":[[[-81.230207250311,41.5700795068349],[-81.2317530367241,41.5700687095812],[-81.2318473208141,41.573003057835],[-81.2319674212899,41.5767382501691],[-81.2319846138522,41.5772740001987],[-81.2304388117573,41.5772936638957],[-81.2303842339149,41.5755937004639],[-81.2303457095279,41.5743937034879],[-81.2303128564137,41.5733703394975],[-81.2302793002852,41.5723250261344],[-81.230207250311,41.5700795068349]]]},"properties":{"source_county":"Geauga","jurisdiction":"Chardon Township","parcel_id":"06-102300","owner_name":"CLEVELAND MUSEUM OF NATURAL HISTORY THE","property_address":"11400 THWING RD","property_city":"CHARDON","property_zip":"44024"}},{"type":"Feature","geometry":{"type":"Polygon","coordinates":[[[-81.2348481698141,41.57004703002],[-81.2349009360059,41.5720583336847],[-81.2349219709128,41.5728596293337],[-81.2349244631279,41.572954896639],[-81.2344656146793,41.5729620836906],[-81.2333882969733,41.5729789501676],[-81.2318473208141,41.573003057835],[-81.2317530367241,41.5700687095812],[-81.2348481698141,41.57004703002]]]},"properties":{"source_county":"Geauga","jurisdiction":"Chardon Township","parcel_id":"06-102400","owner_name":"CLEVELAND MUSEUM OF NATURAL HISTORY THE","property_address":"11380 THWING RD","property_city":"CHARDON","property_zip":"44024"}},{"type":"Feature","geometry":{"type":"Polygon","coordinates":[[[-81.2480220900351,41.5711399111826],[-81.2484200625219,41.571137889434],[-81.2484266635076,41.5714122848987],[-81.2471429906598,41.5714188024737],[-81.2468347751197,41.5714203647911],[-81.2468281796036,41.5711459692238],[-81.2471404904707,41.5711443853839],[-81.247226144988,41.5711439505885],[-81.2476241175238,41.5711419315674],[-81.2480220900351,41.5711399111826]]]},"properties":{"source_county":"Geauga","jurisdiction":"Chardon Township","parcel_id":"06-104900","owner_name":"SUTTON LINDA TOD","property_address":"11048 HENNING DR","property_city":"CHARDON","property_zip":"44024"}},{"type":"Feature","geometry":{"type":"Polygon","coordinates":[[[-81.2471979373127,41.5699692280836],[-81.247226144988,41.5711439505885],[-81.2471404904707,41.5711443853839],[-81.2468281796036,41.5711459692238],[-81.246799979489,41.5699712871495],[-81.2471979373127,41.5699692280836]]]},"properties":{"source_county":"Geauga","jurisdiction":"Chardon Township","parcel_id":"06-105700","owner_name":"BARTO JAMES K & SHELLEY D","property_address":"10982 THWING RD","property_city":"CHARDON","property_zip":"44024"}},{"type":"Feature","geometry":{"type":"Polygon","coordinates":[[[-81.2484530691683,41.5725098683205],[-81.2500449850367,41.5725017662622],[-81.2500515929679,41.5727761615117],[-81.2484596716124,41.572784264573],[-81.2484530691683,41.5725098683205]]]},"properties":{"source_county":"Geauga","jurisdiction":"Chardon Township","parcel_id":"06-105800","owner_name":"UNION SAMANTHA M","property_address":"10993 HELMUT DR","property_city":"CHARDON","property_zip":"44024"}},{"type":"Feature","geometry":{"type":"Polygon","coordinates":[[[-81.2393233495352,41.5700155384806],[-81.239871499828,41.5700116689062],[-81.2398968076232,41.5709665728683],[-81.2393486493399,41.5709704425609],[-81.2393233495352,41.5700155384806]]]},"properties":{"source_county":"Geauga","jurisdiction":"Chardon Township","parcel_id":"06-105900","owner_name":"FINK RAYMOND H & VICTORIA L","property_address":"11180 THWING RD","property_city":"CHARDON","property_zip":"44024"}},{"type":"Feature","geometry":{"type":"Polygon","coordinates":[[[-81.2406747557097,41.5723430310445],[-81.240661346979,41.5719264694743],[-81.2423514379191,41.5719591023053],[-81.2423553247008,41.5721843131096],[-81.242357536541,41.5723124755327],[-81.2406747557097,41.5723430310445]]]},"properties":{"source_county":"Geauga","jurisdiction":"Chardon Township","parcel_id":"06-108420","owner_name":"LESIAK JACOB A & CORRIE L","property_address":"11021 AUBURN RD","property_city":"CHARDON","property_zip":"44024"}},{"type":"Feature","geometry":{"type":"Polygon","coordinates":[[[-81.247157989871,41.5730653026656],[-81.24846627293,41.5730586598872],[-81.2484728742858,41.5733330560766],[-81.247160489025,41.5733397186687],[-81.2470645694083,41.573340204788],[-81.2470269280088,41.5732733363709],[-81.2469930746304,41.5732053356351],[-81.2469630694703,41.5731363235213],[-81.2469369658811,41.5730664227688],[-81.247157989871,41.5730653026656]]]},"properties":{"source_county":"Geauga","jurisdiction":"Chardon Township","parcel_id":"06-109300","owner_name":"BIATS MATTHEW R","property_address":"10972 HENNING DR","property_city":"CHARDON","property_zip":"44024"}},{"type":"Feature","geometry":{"type":"Polygon","coordinates":[[[-81.2484266635076,41.5714122848987],[-81.2500185527012,41.5714041831997],[-81.2500251603937,41.5716785794499],[-81.2484332657304,41.5716866812517],[-81.2484266635076,41.5714122848987]]]},"properties":{"source_county":"Geauga","jurisdiction":"Chardon Township","parcel_id":"06-109350","owner_name":"ULIZZA ROBERT J & LAURIE A","property_address":"11037 HELMUT DR","property_city":"CHARDON","property_zip":"44024"}},{"type":"Feature","geometry":{"type":"Polygon","coordinates":[[[-81.2487897946632,41.5699609820687],[-81.2491877583388,41.5699589171493],[-81.2492160074388,41.5711338409454],[-81.2488180350013,41.5711358654215],[-81.2487897946632,41.5699609820687]]]},"properties":{"source_county":"Geauga","jurisdiction":"Chardon Township","parcel_id":"06-109710","owner_name":"SHAUGHNESSY PATRICK","property_address":"10932 THWING RD","property_city":"CHARDON","property_zip":"44024"}},{"type":"Feature","geometry":{"type":"Polygon","coordinates":[[[-81.2438373698063,41.5699865666177],[-81.2443855314694,41.5699837447453],[-81.2443898124472,41.5708016194027],[-81.2438416439562,41.5708044403943],[-81.2438373698063,41.5699865666177]]]},"properties":{"source_county":"Geauga","jurisdiction":"Chardon Township","parcel_id":"06-110000","owner_name":"MARKIEWICZ BRANDON","property_address":"11064 THWING RD","property_city":"CHARDON","property_zip":"44024"}},{"type":"Feature","geometry":{"type":"Polygon","coordinates":[[[-81.2452716476483,41.5736019553963],[-81.2469969789802,41.5735993379382],[-81.2470677996075,41.5736841390063],[-81.2471444159311,41.5737660498513],[-81.2471645734387,41.5737879555195],[-81.2471871695627,41.5738135236543],[-81.2471648064224,41.5738136372014],[-81.245272845345,41.5738232170007],[-81.2452716476483,41.5736019553963]]]},"properties":{"source_county":"Geauga","jurisdiction":"Chardon Township","parcel_id":"06-116100","owner_name":"THOMPSON JAMES C & DOROTHY","property_address":"10955 HENNING DR","property_city":"CHARDON","property_zip":"44024"}},{"type":"Feature","geometry":{"type":"Polygon","coordinates":[[[-81.2478572919119,41.5737752842167],[-81.2484834377438,41.5737721038076],[-81.2485031779514,41.574592578246],[-81.2477274973069,41.5746006705709],[-81.2477240184446,41.5745315356546],[-81.2477167126652,41.5744625692518],[-81.2477055926288,41.5743938907596],[-81.2476906775987,41.574325619076],[-81.2476719934079,41.5742578723947],[-81.2476495724146,41.5741907679999],[-81.2476234534455,41.5741244220634],[-81.2475936817292,41.5740589494439],[-81.2475844913775,41.5740347140163],[-81.2475791719228,41.5740098337652],[-81.2475777976247,41.5739846560401],[-81.247580387665,41.5739595323431],[-81.2475869058801,41.5739348134214],[-81.2475972612662,41.5739108443713],[-81.2476113092496,41.5738879598194],[-81.2476288537061,41.5738664792519],[-81.2476496496983,41.5738467025539],[-81.2476734068959,41.5738289058229],[-81.2476997936288,41.5738133375142],[-81.2477284415172,41.5738002149729],[-81.2477589506149,41.5737897213989],[-81.2477908949927,41.57378200329],[-81.2478238286842,41.5737771683965],[-81.2478572919119,41.5737752842167]]]},"properties":{"source_county":"Geauga","jurisdiction":"Chardon Township","parcel_id":"06-116430","owner_name":"RAYL TERRENCE L","property_address":"10954 HOWARD DR","property_city":"CHARDON","property_zip":"44024"}},{"type":"Feature","geometry":{"type":"Polygon","coordinates":[[[-81.2438416439562,41.5708044403943],[-81.2443898124472,41.5708016194027],[-81.2443912586376,41.5710760586292],[-81.242336383611,41.5710866224179],[-81.2423323579585,41.5708533515602],[-81.2423316481381,41.5708121996795],[-81.2432934754008,41.5708072596988],[-81.2438416439562,41.5708044403943]]]},"properties":{"source_county":"Geauga","jurisdiction":"Chardon Township","parcel_id":"06-117600","owner_name":"BEGAN LENNARD A","property_address":"11060 AUBURN RD","property_city":"CHARDON","property_zip":"44024"}},{"type":"Feature","geometry":{"type":"Polygon","coordinates":[[[-81.2423505890691,41.5719098904707],[-81.2443955984459,41.5718993779742],[-81.2443970446675,41.5721738180022],[-81.2423553247008,41.5721843131096],[-81.2423514379191,41.5719591023053],[-81.2423505890691,41.5719098904707]]]},"properties":{"source_county":"Geauga","jurisdiction":"Chardon Township","parcel_id":"06-117900","owner_name":"NICHOLS LINDA LEE","property_address":"11020 AUBURN RD","property_city":"CHARDON","property_zip":"44024"}},{"type":"Feature","geometry":{"type":"Polygon","coordinates":[[[-81.2423553247008,41.5721843131096],[-81.2443970446675,41.5721738180022],[-81.2443984921174,41.5724482571181],[-81.2423600603722,41.5724587357235],[-81.242357536541,41.5723124755327],[-81.2423553247008,41.5721843131096]]]},"properties":{"source_county":"Geauga","jurisdiction":"Chardon Township","parcel_id":"06-118000","owner_name":"BIELEK PETER A & THOMAS M","property_address":"11010 AUBURN RD","property_city":"CHARDON","property_zip":"44024"}},{"type":"Feature","geometry":{"type":"Polygon","coordinates":[[[-81.2423458534771,41.571635467807],[-81.2443941522364,41.5716249379215],[-81.2443955984459,41.5718993779742],[-81.2423505890691,41.5719098904707],[-81.2423458534771,41.571635467807]]]},"properties":{"source_county":"Geauga","jurisdiction":"Chardon Township","parcel_id":"06-118100","owner_name":"NICHOLS LINDA LEE","property_address":" AUBURN RD","property_city":"CHARDON","property_zip":"44024"}},{"type":"Feature","geometry":{"type":"Polygon","coordinates":[[[-81.2423647948844,41.5727331582995],[-81.2443999383633,41.5727226970966],[-81.2444033020894,41.5733607689954],[-81.242375805804,41.5733711908152],[-81.242375294701,41.573341606078],[-81.2423693752523,41.5729985626018],[-81.2423647948844,41.5727331582995]]]},"properties":{"source_county":"Geauga","jurisdiction":"Chardon Township","parcel_id":"06-118200","owner_name":"MILLONZI JOHN J TOD","property_address":"10980 AUBURN RD","property_city":"CHARDON","property_zip":"44024"}},{"type":"Feature","geometry":{"type":"Polygon","coordinates":[[[-81.2423600603722,41.5724587357235],[-81.2443984921174,41.5724482571181],[-81.2443985647813,41.5724619795266],[-81.2423602969101,41.572472457211],[-81.2423600603722,41.5724587357235]]]},"properties":{"source_county":"Geauga","jurisdiction":"Chardon Township","parcel_id":"06-118250","owner_name":"BIELEK ALEXANDER N","property_address":" AUBURN RD","property_city":"CHARDON","property_zip":"44024"}},{"type":"Feature","geometry":{"type":"Polygon","coordinates":[[[-81.2282701611868,41.5710881022039],[-81.2282382902653,41.5700932231025],[-81.2295821765541,41.5700838652583],[-81.2295830929899,41.5701607465163],[-81.2296045014628,41.5701621788362],[-81.2296251264197,41.5701667202686],[-81.2296441751724,41.5701741962707],[-81.2296609156108,41.5701843195138],[-81.2296747043408,41.5701967009266],[-81.2296850114114,41.5702108646483],[-81.2296914406836,41.5702262663172],[-81.2296937450549,41.5702423139929],[-81.2297030794573,41.5709969932933],[-81.229699179176,41.5710622514451],[-81.2282701611868,41.5710881022039]]]},"properties":{"source_county":"Geauga","jurisdiction":"Chardon Township","parcel_id":"06-120546","owner_name":"DERUE ROBERT C TOD & SUSAN M TOD","property_address":"11085 EDEN PARK DR","property_city":"CHARDON","property_zip":"44024"}},{"type":"Feature","geometry":{"type":"Polygon","coordinates":[[[-81.2300206979101,41.5700808085709],[-81.230207250311,41.5700795068349],[-81.2302793002852,41.5723250261344],[-81.2290726109127,41.572346862933],[-81.2290854990634,41.5722211965928],[-81.2290999322303,41.5720956245966],[-81.2291052939564,41.5720619070992],[-81.2291131714602,41.5720284692868],[-81.2291235398204,41.5719954169273],[-81.2291363662372,41.571962854569],[-81.2291516101353,41.5719308852101],[-81.2291692232935,41.571899609973],[-81.2291891499961,41.5718691277843],[-81.2292113272099,41.5718395350622],[-81.2292356847835,41.5718109254109],[-81.229262145669,41.5717833893254],[-81.2292906261659,41.5717570139045],[-81.2293210361857,41.5717318825757],[-81.2293532795372,41.5717080748313],[-81.2293872542305,41.5716856659768],[-81.2294228527997,41.5716647268931],[-81.2294599626427,41.5716453238117],[-81.2295123254392,41.5716177630236],[-81.2295622936393,41.5715878000372],[-81.2296096721201,41.5715555518581],[-81.2296542758725,41.5715211444156],[-81.2296959307235,41.5714847120705],[-81.2297344740161,41.5714463970908],[-81.2297697552451,41.5714063490959],[-81.2298016366442,41.5713647244721],[-81.2298299937239,41.5713216857624],[-81.2298547157581,41.5712774010312],[-81.2298757062158,41.5712320432085],[-81.2298928831381,41.5711857894139],[-81.2299061794583,41.5711388202658],[-81.2299155432638,41.5710913191754],[-81.229920937998,41.5710434716306],[-81.2299223426038,41.5709954644721],[-81.2299130068915,41.5702407843017],[-81.2299149142128,41.5702247074099],[-81.229920961592,41.5702092188989],[-81.2299309166114,41.5701949140285],[-81.2299443966742,41.570182342568],[-81.2299608837089,41.5701719876672],[-81.2299797440801,41.5701642472885],[-81.2300002529406,41.5701594189123],[-81.2300216220887,41.5701576881036],[-81.2300206979101,41.5700808085709]]]},"properties":{"source_county":"Geauga","jurisdiction":"Chardon Township","parcel_id":"06-120550","owner_name":"WEIDIG BRETT T & CHRISTINE M","property_address":"11030 EDEN PARK DR","property_city":"CHARDON","property_zip":"44024"}},{"type":"Feature","geometry":{"type":"Polygon","coordinates":[[[-81.2290726109127,41.572346862933],[-81.2302793002852,41.5723250261344],[-81.2303128564137,41.5733703394975],[-81.2290254298255,41.5733936363622],[-81.229027185053,41.5731317361547],[-81.2290356361851,41.5728699095078],[-81.229050780026,41.5726082529467],[-81.2290726109127,41.572346862933]]]},"properties":{"source_county":"Geauga","jurisdiction":"Chardon Township","parcel_id":"06-120551","owner_name":"IANIRO MICHELE SR TOD","property_address":" EDEN PARK DR","property_city":"CHARDON","property_zip":"44024"}},{"type":"Feature","geometry":{"type":"Polygon","coordinates":[[[-81.2290254298255,41.5733936363622],[-81.2303128564137,41.5733703394975],[-81.2303457095279,41.5743937034879],[-81.2290807672817,41.5744166040355],[-81.2290631253915,41.5742118054929],[-81.2290475700393,41.5740074455904],[-81.2290361007843,41.5738029333867],[-81.2290287201716,41.5735983149475],[-81.2290254298255,41.5733936363622]]]},"properties":{"source_county":"Geauga","jurisdiction":"Chardon Township","parcel_id":"06-120552","owner_name":"MURPHY NICOLE M & GEORGE B","property_address":"10960 EDEN PARK DR","property_city":"CHARDON","property_zip":"44024"}},{"type":"Feature","geometry":{"type":"Polygon","coordinates":[[[-81.2277520458139,41.5731693355683],[-81.2288075406738,41.5731502482496],[-81.2288061317244,41.5733911749278],[-81.2288091373379,41.5735991334621],[-81.228816501681,41.5738070306928],[-81.2288282229705,41.5740148151074],[-81.2288442983435,41.5742224352214],[-81.2288611998924,41.5744186341365],[-81.227792718725,41.5744379824204],[-81.2277520458139,41.5731693355683]]]},"properties":{"source_county":"Geauga","jurisdiction":"Chardon Township","parcel_id":"06-120558","owner_name":"BLOOM ERIC T","property_address":"10965 EDEN PARK DR","property_city":"CHARDON","property_zip":"44024"}},{"type":"Feature","geometry":{"type":"Polygon","coordinates":[[[-81.227713917809,41.5719800059629],[-81.2289097867896,41.5719583800877],[-81.2288923768573,41.5720191138371],[-81.2288815565989,41.5720807051727],[-81.2288524175285,41.5723476227578],[-81.2288303630963,41.5726149231719],[-81.2288154021375,41.5728825003833],[-81.2288075406738,41.5731502482496],[-81.2277520458139,41.5731693355683],[-81.227713917809,41.5719800059629]]]},"properties":{"source_county":"Geauga","jurisdiction":"Chardon Township","parcel_id":"06-120559","owner_name":"MC KNIGHT DOUGLAS B & PEGGY S","property_address":"11015 EDEN PARK DR","property_city":"CHARDON","property_zip":"44024"}},{"type":"Feature","geometry":{"type":"Polygon","coordinates":[[[-81.2282701611868,41.5710881022039],[-81.229699179176,41.5710622514451],[-81.2296935115723,41.5710956271976],[-81.2296853769962,41.5711287140401],[-81.2296748007056,41.5711614092234],[-81.229661815541,41.5711936112141],[-81.2296464618236,41.5712252200103],[-81.2296287872305,41.5712561374521],[-81.2296088466464,41.5712862675266],[-81.2295867019929,41.5713155166656],[-81.2295624220369,41.5713437940368],[-81.2295360821764,41.5713710118255],[-81.2295077642071,41.5713970855073],[-81.2294775560676,41.5714219341108],[-81.2294455515668,41.5714454804688],[-81.2294118500927,41.5714676514585],[-81.2293765563034,41.571488378228],[-81.2293397798022,41.5715075964102],[-81.2292632954367,41.5715491424065],[-81.2291922345976,41.5715958043354],[-81.2291272019969,41.571647185122],[-81.2290687510524,41.571702847535],[-81.2290173791783,41.5717623179066],[-81.2289735235522,41.5718250901634],[-81.228937557394,41.5718906301327],[-81.2289097867896,41.5719583800877],[-81.227713917809,41.5719800059629],[-81.2276917003331,41.5712869688709],[-81.2282764067931,41.5712828988421],[-81.2282701611868,41.5710881022039]]]},"properties":{"source_county":"Geauga","jurisdiction":"Chardon Township","parcel_id":"06-120560","owner_name":"CIANI GINA","property_address":"11035 EDEN PARK DR","property_city":"CHARDON","property_zip":"44024"}},{"type":"Feature","geometry":{"type":"Polygon","coordinates":[[[-81.2334360051234,41.5748043956599],[-81.2333882969733,41.5729789501676],[-81.2344656146793,41.5729620836906],[-81.2349244631279,41.572954896639],[-81.2349219709128,41.5728596293337],[-81.2356992103073,41.5728484699848],[-81.2366561892581,41.5728347241884],[-81.2406887143684,41.5727767131847],[-81.240696833186,41.5730289323332],[-81.2407078720976,41.573371882918],[-81.2407189111247,41.5737148334631],[-81.2423812142117,41.5736846495152],[-81.2423840848445,41.5738510095627],[-81.2407242642928,41.5738811484753],[-81.2407373996746,41.5742892043987],[-81.2407505352028,41.5746972611661],[-81.2378453736227,41.5747390676794],[-81.2370244830884,41.5747508673276],[-81.2365220443949,41.5747580865574],[-81.2360196067721,41.574765304527],[-81.234972198475,41.574780342245],[-81.2345041654469,41.574787672672],[-81.2334360051234,41.5748043956599]]]},"properties":{"source_county":"Geauga","jurisdiction":"Chardon Township","parcel_id":"06-120644","owner_name":"SCHOEPLEIN BRIAN & ANN","property_address":"10949 AUBURN RD","property_city":"CHARDON","property_zip":"44024"}},{"type":"Feature","geometry":{"type":"Polygon","coordinates":[[[-81.2349009360059,41.5720583336847],[-81.2348481698141,41.57004703002],[-81.2349870343049,41.5700460556315],[-81.235008470687,41.5708637738781],[-81.2355091211243,41.5708602583565],[-81.2355404643202,41.5720538435784],[-81.2349009360059,41.5720583336847]]]},"properties":{"source_county":"Geauga","jurisdiction":"Chardon Township","parcel_id":"06-120750","owner_name":"DI FRANCO NICHOLAS & ASHLEY L","property_address":"11310 THWING RD","property_city":"CHARDON","property_zip":"44024"}},{"type":"Feature","geometry":{"type":"Polygon","coordinates":[[[-81.2423602969101,41.572472457211],[-81.2443985647813,41.5724619795266],[-81.2443999383633,41.5727226970966],[-81.2423647948844,41.5727331582995],[-81.2423634558656,41.5726555190867],[-81.2423602969101,41.572472457211]]]},"properties":{"source_county":"Geauga","jurisdiction":"Chardon Township","parcel_id":"06-120914","owner_name":"BIELEK ALEXANDER N","property_address":"11000 AUBURN RD","property_city":"CHARDON","property_zip":"44024"}},{"type":"Feature","geometry":{"type":"Polygon","coordinates":[[[-81.2355091211243,41.5708602583565],[-81.2356469703413,41.5708592901154],[-81.2356992103073,41.5728484699848],[-81.2349219709128,41.5728596293337],[-81.2349009360059,41.5720583336847],[-81.2355404643202,41.5720538435784],[-81.2355091211243,41.5708602583565]]]},"properties":{"source_county":"Geauga","jurisdiction":"Chardon Township","parcel_id":"06-120925","owner_name":"DI FRANCO NICHOLAS & ASHLEY L","property_address":" THWING RD","property_city":"CHARDON","property_zip":"44024"}},{"type":"Feature","geometry":{"type":"Polygon","coordinates":[[[-81.242375805804,41.5733711908152],[-81.2444033020894,41.5733607689954],[-81.2444066658809,41.5739988407604],[-81.242386815722,41.5740092240833],[-81.2423840848445,41.5738510095627],[-81.2423812142117,41.5736846495152],[-81.242375805804,41.5733711908152]]]},"properties":{"source_county":"Geauga","jurisdiction":"Chardon Township","parcel_id":"06-120928","owner_name":"DRAPER ERIK A TOD & DEANN H TOD","property_address":"10960 AUBURN RD","property_city":"CHARDON","property_zip":"44024"}},{"type":"Feature","geometry":{"type":"Polygon","coordinates":[[[-81.242386815722,41.5740092240833],[-81.2444066658809,41.5739988407604],[-81.2444100297381,41.5746369123914],[-81.2423978258718,41.5746472563164],[-81.242391129387,41.5742591766304],[-81.242386815722,41.5740092240833]]]},"properties":{"source_county":"Geauga","jurisdiction":"Chardon Township","parcel_id":"06-120929","owner_name":"BARRY MATTHEW J & MICHELLE M","property_address":"10930 AUBURN RD","property_city":"CHARDON","property_zip":"44024"}},{"type":"Feature","geometry":{"type":"Polygon","coordinates":[[[-81.2423175676409,41.5699943752267],[-81.2432892081132,41.5699893850026],[-81.2432934754008,41.5708072596988],[-81.2423316481381,41.5708121996795],[-81.2423254924503,41.5704554434228],[-81.2423175676409,41.5699943752267]]]},"properties":{"source_county":"Geauga","jurisdiction":"Chardon Township","parcel_id":"06-707463","owner_name":"GEAUGA COUNTY BOARD OF COUNTY COMMISSIONERS","property_address":"11088 THWING RD","property_city":"CHARDON","property_zip":"44024"}},{"type":"Feature","geometry":{"type":"Polygon","coordinates":[[[-81.2349870343066,41.5700460556343],[-81.2356255259906,41.5700415719883],[-81.235646970343,41.5708592901182],[-81.235509121126,41.5708602583594],[-81.2350084706887,41.5708637738809],[-81.2349870343066,41.5700460556343]]]},"properties":{"source_county":"Geauga","jurisdiction":"Chardon Township","parcel_id":"06-000200","owner_name":"BUNNELL CHARLES T","property_address":"11304 THWING RD","property_city":"CHARDON","property_zip":"44024"}},{"type":"Feature","geometry":{"type":"Polygon","coordinates":[[[-81.2483918297654,41.5699630456144],[-81.2487897946649,41.5699609820715],[-81.2488180350029,41.5711358654243],[-81.2484200625235,41.5711378894368],[-81.2483918297654,41.5699630456144]]]},"properties":{"source_county":"Geauga","jurisdiction":"Chardon Township","parcel_id":"06-000250","owner_name":"BEHARRY MICHAEL J","property_address":"10944 THWING RD","property_city":"CHARDON","property_zip":"44024"}},{"type":"Feature","geometry":{"type":"Polygon","coordinates":[[[-81.2479938660398,41.5699651078064],[-81.2483918297654,41.5699630456144],[-81.2484200625235,41.5711378894368],[-81.2480220900368,41.5711399111854],[-81.2479938660398,41.5699651078064]]]},"properties":{"source_county":"Geauga","jurisdiction":"Chardon Township","parcel_id":"06-000260","owner_name":"BEHARRY MICHAEL J","property_address":"10950 THWING RD","property_city":"CHARDON","property_zip":"44024"}},{"type":"Feature","geometry":{"type":"Polygon","coordinates":[[[-81.2407373996763,41.5742892044015],[-81.2423911293887,41.5742591766332],[-81.2423978258735,41.5746472563192],[-81.2423982797191,41.5746735167266],[-81.2407505352045,41.5746972611689],[-81.2407373996763,41.5742892044015]]]},"properties":{"source_county":"Geauga","jurisdiction":"Chardon Township","parcel_id":"06-001500","owner_name":"ACKERMAN ROBERT M & SARA C","property_address":"10929 AUBURN RD","property_city":"CHARDON","property_zip":"44024"}},{"type":"Feature","geometry":{"type":"Polygon","coordinates":[[[-81.2410385425213,41.5700034246588],[-81.2423175676426,41.5699943752296],[-81.242325492452,41.5704554434256],[-81.2410464583278,41.5704644929407],[-81.2410385425213,41.5700034246588]]]},"properties":{"source_county":"Geauga","jurisdiction":"Chardon Township","parcel_id":"06-003200","owner_name":"BAKER JASON S","property_address":"11091 AUBURN RD","property_city":"CHARDON","property_zip":"44024"}},{"type":"Feature","geometry":{"type":"Polygon","coordinates":[[[-81.2366561892597,41.5728347241912],[-81.2365825971376,41.5700348457464],[-81.2381722338556,41.5700236549091],[-81.2381975168456,41.5709785610382],[-81.2387091306517,41.5709749545287],[-81.2393486493417,41.5709704425637],[-81.2398968076248,41.5709665728711],[-81.2398714998296,41.5700116689091],[-81.2404193118423,41.570007800283],[-81.2404357326192,41.5709628246685],[-81.2410533172651,41.5708624011655],[-81.2423323579602,41.5708533515631],[-81.2423363836127,41.5710866224207],[-81.2423411191254,41.5713610451342],[-81.2423458534788,41.5716354678099],[-81.2423505890708,41.5719098904736],[-81.2423514379209,41.5719591023081],[-81.2406613469807,41.5719264694771],[-81.2406747557114,41.5723430310473],[-81.2406857943917,41.5726859817115],[-81.2406887143701,41.5727767131875],[-81.2366561892597,41.5728347241912]]]},"properties":{"source_county":"Geauga","jurisdiction":"Chardon Township","parcel_id":"06-003300","owner_name":"BAKER JASON S","property_address":"11250 THWING RD","property_city":"CHARDON","property_zip":"44024"}},{"type":"Feature","geometry":{"type":"Polygon","coordinates":[[[-81.2356255259906,41.5700415719883],[-81.2365825971376,41.5700348457464],[-81.2366561892597,41.5728347241912],[-81.235699210309,41.5728484699877],[-81.235646970343,41.5708592901182],[-81.2356255259906,41.5700415719883]]]},"properties":{"source_county":"Geauga","jurisdiction":"Chardon Township","parcel_id":"06-003400","owner_name":"BAKER JASON S","property_address":" THWING RD","property_city":"CHARDON","property_zip":"44024"}},{"type":"Feature","geometry":{"type":"Polygon","coordinates":[[[-81.2450225838221,41.572801683252],[-81.2466550827314,41.5728018490303],[-81.2466683941572,41.5728910626842],[-81.2466873340098,41.5729797007929],[-81.2467118595509,41.573067563234],[-81.2450240330361,41.5730761051849],[-81.2450225838221,41.572801683252]]]},"properties":{"source_county":"Geauga","jurisdiction":"Chardon Township","parcel_id":"06-006500","owner_name":"BLASER WALTON J & UTICA M","property_address":"10983 HENNING DR","property_city":"CHARDON","property_zip":"44024"}},{"type":"Feature","geometry":{"type":"Polygon","coordinates":[[[-81.2475959010902,41.5699671686218],[-81.2479938660398,41.5699651078064],[-81.2480220900368,41.5711399111854],[-81.2476241175255,41.5711419315702],[-81.2475959010902,41.5699671686218]]]},"properties":{"source_county":"Geauga","jurisdiction":"Chardon Township","parcel_id":"06-007700","owner_name":"GREEN DANIEL P","property_address":"10962 THWING RD","property_city":"CHARDON","property_zip":"44024"}},{"type":"Feature","geometry":{"type":"Polygon","coordinates":[[[-81.2406857943917,41.5726859817115],[-81.2423634558673,41.5726555190895],[-81.242364794886,41.5727331583023],[-81.242369375254,41.5729985626047],[-81.2406968331877,41.573028932336],[-81.2406887143701,41.5727767131875],[-81.2406857943917,41.5726859817115]]]},"properties":{"source_county":"Geauga","jurisdiction":"Chardon Township","parcel_id":"06-009050","owner_name":"BARNES MARGRET A & DANIEL J","property_address":"10981 AUBURN RD","property_city":"CHARDON","property_zip":"44024"}},{"type":"Feature","geometry":{"type":"Polygon","coordinates":[[[-81.2484332657321,41.5716866812545],[-81.2500251603954,41.5716785794527],[-81.2500317681604,41.5719529747775],[-81.2484398668285,41.5719610766691],[-81.2484332657321,41.5716866812545]]]},"properties":{"source_county":"Geauga","jurisdiction":"Chardon Township","parcel_id":"06-009214","owner_name":"KELLEY ROBERT C","property_address":"11025 HELMUT DR","property_city":"CHARDON","property_zip":"44024"}},{"type":"Feature","geometry":{"type":"Polygon","coordinates":[[[-81.2450077161915,41.569980539734],[-81.245386816364,41.5699785847417],[-81.2454149867021,41.5711531230302],[-81.2450138887936,41.5711551511353],[-81.2450077161915,41.569980539734]]]},"properties":{"source_county":"Geauga","jurisdiction":"Chardon Township","parcel_id":"06-010300","owner_name":"QUINN RYAN D","property_address":"11032 THWING RD","property_city":"CHARDON","property_zip":"44024"}},{"type":"Feature","geometry":{"type":"Polygon","coordinates":[[[-81.2471720320949,41.5746067247229],[-81.247508237279,41.5746032164983],[-81.2475176412319,41.5751117782123],[-81.2471766659901,41.575115382715],[-81.2466588526466,41.5751208536825],[-81.24664945397,41.5746121766234],[-81.2471720320949,41.5746067247229]]]},"properties":{"source_county":"Geauga","jurisdiction":"Chardon Township","parcel_id":"06-011350","owner_name":"YODER BRIAN P","property_address":"10911 HENNING DR","property_city":"CHARDON","property_zip":"44024"}},{"type":"Feature","geometry":{"type":"Polygon","coordinates":[[[-81.2450167870879,41.5717039952731],[-81.2466220854116,41.5716958724389],[-81.2466286789206,41.5719702679556],[-81.2450182362532,41.5719784173049],[-81.2450167870879,41.5717039952731]]]},"properties":{"source_county":"Geauga","jurisdiction":"Chardon Township","parcel_id":"06-017600","owner_name":"ROBINSON BENJAMIN D","property_address":"11025 HENNING DR","property_city":"CHARDON","property_zip":"44024"}},{"type":"Feature","geometry":{"type":"Polygon","coordinates":[[[-81.2471604890267,41.5733397186715],[-81.2484728742874,41.5733330560795],[-81.2484794768286,41.5736074558579],[-81.2475021963084,41.5736124184416],[-81.2474416488063,41.5736093883737],[-81.2473822378962,41.5736001113207],[-81.2473251010224,41.5735847648952],[-81.2472713320897,41.5735636429104],[-81.2472219605199,41.5735371497541],[-81.2471779315427,41.5735057926465],[-81.247161810218,41.5734846545102],[-81.2471109276968,41.5734132883449],[-81.24706456941,41.5733402047908],[-81.2471604890267,41.5733397186715]]]},"properties":{"source_county":"Geauga","jurisdiction":"Chardon Township","parcel_id":"06-019000","owner_name":"KANE CAROLINA ANN","property_address":"10962 HENNING DR","property_city":"CHARDON","property_zip":"44024"}},{"type":"Feature","geometry":{"type":"Polygon","coordinates":[[[-81.249585722008,41.5699568499687],[-81.249983679639,41.5699547822574],[-81.2500119450485,41.5711297878276],[-81.2496139798535,41.5711318151085],[-81.249585722008,41.5699568499687]]]},"properties":{"source_county":"Geauga","jurisdiction":"Chardon Township","parcel_id":"06-020500","owner_name":"PICKUP GARY A & KELLY A","property_address":"10908 THWING RD","property_city":"CHARDON","property_zip":"44024"}},{"type":"Feature","geometry":{"type":"Polygon","coordinates":[[[-81.2450153379346,41.5714295732166],[-81.2466154907761,41.5714214759839],[-81.2466220854116,41.5716958724389],[-81.2450167870879,41.5717039952731],[-81.2450153379346,41.5714295732166]]]},"properties":{"source_county":"Geauga","jurisdiction":"Chardon Township","parcel_id":"06-020700","owner_name":"COYOTE JOSEPH D & LARAMIE P","property_address":"11037 HENNING DR","property_city":"CHARDON","property_zip":"44024"}},{"type":"Feature","geometry":{"type":"Polygon","coordinates":[[[-81.2450254822622,41.573350527093],[-81.2468289545322,41.5733445693198],[-81.2468775584252,41.5734286477891],[-81.2469314564914,41.5735108863981],[-81.2469905256389,41.5735910973009],[-81.2450267677161,41.5735940731195],[-81.2450254822622,41.573350527093]]]},"properties":{"source_county":"Geauga","jurisdiction":"Chardon Township","parcel_id":"06-021800","owner_name":"MALDONADO JOELLE","property_address":"10963 HENNING DR","property_city":"CHARDON","property_zip":"44024"}},{"type":"Feature","geometry":{"type":"Polygon","coordinates":[[[-81.2450267677161,41.5735940731195],[-81.2469905256389,41.5735910973009],[-81.2469969789819,41.573599337941],[-81.2452716476499,41.5736019553991],[-81.2450268122446,41.5736023247603],[-81.2450267677161,41.5735940731195]]]},"properties":{"source_county":"Geauga","jurisdiction":"Chardon Township","parcel_id":"06-021900","owner_name":"MALDONADO JOELLE","property_address":" HENNING DR","property_city":"CHARDON","property_zip":"44024"}},{"type":"Feature","geometry":{"type":"Polygon","coordinates":[[[-81.2450268122446,41.5736023247603],[-81.2452716476499,41.5736019553991],[-81.2452728453467,41.5738232170035],[-81.2450279852888,41.5738244541789],[-81.2450268122446,41.5736023247603]]]},"properties":{"source_county":"Geauga","jurisdiction":"Chardon Township","parcel_id":"06-022000","owner_name":"MALDONADO JOELLE","property_address":" HENNING DR","property_city":"CHARDON","property_zip":"44024"}},{"type":"Feature","geometry":{"type":"Polygon","coordinates":[[[-81.2461827441354,41.5699744759608],[-81.2465807019806,41.5699724199103],[-81.2466088973775,41.5711470804171],[-81.2462109319724,41.571149096037],[-81.2461827441354,41.5699744759608]]]},"properties":{"source_county":"Geauga","jurisdiction":"Chardon Township","parcel_id":"06-022300","owner_name":"10994 THWING LLC","property_address":"10994 THWING RD","property_city":"CHARDON","property_zip":"44024"}},{"type":"Feature","geometry":{"type":"Polygon","coordinates":[[[-81.2484662729317,41.5730586598901],[-81.2500582009389,41.5730505576393],[-81.2500648101798,41.5733249528515],[-81.2484728742874,41.5733330560795],[-81.2484662729317,41.5730586598901]]]},"properties":{"source_county":"Geauga","jurisdiction":"Chardon Township","parcel_id":"06-023910","owner_name":"DICILLO CHARLES A","property_address":"10973 HELMUT DR","property_city":"CHARDON","property_zip":"44024"}},{"type":"Feature","geometry":{"type":"Polygon","coordinates":[[[-81.245386816364,41.5699785847417],[-81.2457847802536,41.5699765314833],[-81.2458132881142,41.5711526022716],[-81.2454149867021,41.5711531230302],[-81.245386816364,41.5699785847417]]]},"properties":{"source_county":"Geauga","jurisdiction":"Chardon Township","parcel_id":"06-024200","owner_name":"DILLON JANIS J TOD","property_address":"11020 THWING RD","property_city":"CHARDON","property_zip":"44024"}},{"type":"Feature","geometry":{"type":"Polygon","coordinates":[[[-81.2450196854307,41.5722528393121],[-81.2466352724678,41.5722446643474],[-81.2466418672863,41.5725190598268],[-81.2450211346204,41.5725272612944],[-81.2450196854307,41.5722528393121]]]},"properties":{"source_county":"Geauga","jurisdiction":"Chardon Township","parcel_id":"06-024900","owner_name":"TAYLOR NATHANIEL","property_address":"11001 HENNING DR","property_city":"CHARDON","property_zip":"44024"}},{"type":"Feature","geometry":{"type":"Polygon","coordinates":[[[-81.2485031779531,41.5745925782488],[-81.2486246513175,41.574591292887],[-81.2486314061795,41.5750999978684],[-81.247736907018,41.5751094592366],[-81.2477274973086,41.5746006705737],[-81.2485031779531,41.5745925782488]]]},"properties":{"source_county":"Geauga","jurisdiction":"Chardon Township","parcel_id":"06-025800","owner_name":"CALABRESE TERRY TOD & DEBRA S TOD","property_address":"10912 HENNING DR","property_city":"CHARDON","property_zip":"44024"}},{"type":"Feature","geometry":{"type":"Polygon","coordinates":[[[-81.2484834377455,41.5737721038104],[-81.2490474880035,41.5737692354125],[-81.2490671613889,41.5745866094876],[-81.2486246513175,41.574591292887],[-81.2485031779531,41.5745925782488],[-81.2484834377455,41.5737721038104]]]},"properties":{"source_county":"Geauga","jurisdiction":"Chardon Township","parcel_id":"06-026000","owner_name":"PHELPS SCOTT P & KASIE M","property_address":"10940 HOWARD DR","property_city":"CHARDON","property_zip":"44024"}},{"type":"Feature","geometry":{"type":"Polygon","coordinates":[[[-81.2462109319724,41.571149096037],[-81.2466088973775,41.5711470804171],[-81.2466154907761,41.5714214759839],[-81.2450153379346,41.5714295732166],[-81.2450138887936,41.5711551511353],[-81.2454149867021,41.5711531230302],[-81.2458129593495,41.5711511102155],[-81.2462109319724,41.571149096037]]]},"properties":{"source_county":"Geauga","jurisdiction":"Chardon Township","parcel_id":"06-027200","owner_name":"EDWARDS PATRICIA SUSANNE TOD","property_address":"11049 HENNING DR","property_city":"CHARDON","property_zip":"44024"}},{"type":"Feature","geometry":{"type":"Polygon","coordinates":[[[-81.2471648064241,41.5738136372042],[-81.2471871695644,41.5738135236572],[-81.2472512068026,41.5738929662914],[-81.2473085715482,41.5739752336207],[-81.2473590436926,41.5740600100215],[-81.2471670608255,41.5740609836833],[-81.2450292913663,41.5740718058464],[-81.2450279852888,41.5738244541789],[-81.2452728453467,41.5738232170035],[-81.2471648064241,41.5738136372042]]]},"properties":{"source_county":"Geauga","jurisdiction":"Chardon Township","parcel_id":"06-029850","owner_name":"REINHARDT WILLIAM J & DEBORAH A","property_address":"10943 HENNING DR","property_city":"CHARDON","property_zip":"44024"}},{"type":"Feature","geometry":{"type":"Polygon","coordinates":[[[-81.2410464583278,41.5704644929407],[-81.242325492452,41.5704554434256],[-81.2423316481398,41.5708121996824],[-81.2423323579602,41.5708533515631],[-81.2410533172651,41.5708624011655],[-81.2410464583278,41.5704644929407]]]},"properties":{"source_county":"Geauga","jurisdiction":"Chardon Township","parcel_id":"06-030800","owner_name":"LUCE OLIVIA TAYLOR & HOEFLE JACOB","property_address":"11075 AUBURN RD","property_city":"CHARDON","property_zip":"44024"}},{"type":"Feature","geometry":{"type":"Polygon","coordinates":[[[-81.2471979373144,41.5699692280865],[-81.2475959010902,41.5699671686218],[-81.2476241175255,41.5711419315702],[-81.2472261449896,41.5711439505913],[-81.2471979373144,41.5699692280865]]]},"properties":{"source_county":"Geauga","jurisdiction":"Chardon Township","parcel_id":"06-032150","owner_name":"KERRY LINDA M","property_address":"10972 THWING RD","property_city":"CHARDON","property_zip":"44024"}},{"type":"Feature","geometry":{"type":"Polygon","coordinates":[[[-81.2471454896727,41.5716932195285],[-81.2484332657321,41.5716866812545],[-81.2484398668285,41.5719610766691],[-81.2471479899208,41.5719676356685],[-81.2468479639043,41.5719691567279],[-81.2468413694766,41.5716947612236],[-81.2471454896727,41.5716932195285]]]},"properties":{"source_county":"Geauga","jurisdiction":"Chardon Township","parcel_id":"06-035500","owner_name":"TOTH KAYLA MARIE","property_address":"11024 HENNING DR","property_city":"CHARDON","property_zip":"44024"}},{"type":"Feature","geometry":{"type":"Polygon","coordinates":[[[-81.2407242642945,41.5738811484782],[-81.2423840848462,41.5738510095655],[-81.2423868157237,41.5740092240861],[-81.2423911293887,41.5742591766332],[-81.2407373996763,41.5742892044015],[-81.2407242642945,41.5738811484782]]]},"properties":{"source_county":"Geauga","jurisdiction":"Chardon Township","parcel_id":"06-038940","owner_name":"BRADSHAW WILLIAM G & EDITH J & ROGERS AUTUMN M","property_address":"10941 AUBURN RD","property_city":"CHARDON","property_zip":"44024"}},{"type":"Feature","geometry":{"type":"Polygon","coordinates":[[[-81.2471554895579,41.5727908857273],[-81.248459671614,41.5727842645759],[-81.2484662729317,41.5730586598901],[-81.2471579898726,41.5730653026684],[-81.2469369658827,41.5730664227717],[-81.2469093463135,41.5729759510787],[-81.2468882606672,41.5728844929997],[-81.2468737702177,41.572792314427],[-81.2471554895579,41.5727908857273]]]},"properties":{"source_county":"Geauga","jurisdiction":"Chardon Township","parcel_id":"06-040300","owner_name":"HEATON ALEXANDER L","property_address":"10982 HENNING DR","property_city":"CHARDON","property_zip":"44024"}},{"type":"Feature","geometry":{"type":"Polygon","coordinates":[[[-81.2450211346204,41.5725272612944],[-81.2466418672863,41.5725190598268],[-81.2466456900619,41.5726654932159],[-81.2466487455349,41.5727337348609],[-81.2466550827314,41.5728018490303],[-81.2450225838221,41.572801683252],[-81.2450211346204,41.5725272612944]]]},"properties":{"source_county":"Geauga","jurisdiction":"Chardon Township","parcel_id":"06-049400","owner_name":"WOLFE DOUGLAS F","property_address":"10993 HENNING DR","property_city":"CHARDON","property_zip":"44024"}},{"type":"Feature","geometry":{"type":"Polygon","coordinates":[[[-81.2406747557114,41.5723430310473],[-81.2423575365426,41.5723124755355],[-81.2423600603738,41.5724587357263],[-81.2423602969118,41.5724724572138],[-81.2423634558673,41.5726555190895],[-81.2406857943917,41.5726859817115],[-81.2406747557114,41.5723430310473]]]},"properties":{"source_county":"Geauga","jurisdiction":"Chardon Township","parcel_id":"06-051570","owner_name":"SIMPSON BRETT","property_address":"11011 AUBURN RD","property_city":"CHARDON","property_zip":"44024"}},{"type":"Feature","geometry":{"type":"Polygon","coordinates":[[[-81.2432892081148,41.5699893850054],[-81.2438373698079,41.5699865666205],[-81.2438416439579,41.5708044403971],[-81.2432934754024,41.5708072597016],[-81.2432892081148,41.5699893850054]]]},"properties":{"source_county":"Geauga","jurisdiction":"Chardon Township","parcel_id":"06-053100","owner_name":"EDGINGTON TERESA L","property_address":"11078 THWING RD","property_city":"CHARDON","property_zip":"44024"}},{"type":"Feature","geometry":{"type":"Polygon","coordinates":[[[-81.2496139798535,41.5711318151085],[-81.2500119450485,41.5711297878276],[-81.2500185527029,41.5714041832026],[-81.2484266635093,41.5714122849016],[-81.2484200625235,41.5711378894368],[-81.2488180350029,41.5711358654243],[-81.2492160074405,41.5711338409482],[-81.2496139798535,41.5711318151085]]]},"properties":{"source_county":"Geauga","jurisdiction":"Chardon Township","parcel_id":"06-054750","owner_name":"VINCE JORDON L","property_address":"11049 HELMUT DR","property_city":"CHARDON","property_zip":"44024"}},{"type":"Feature","geometry":{"type":"Polygon","coordinates":[[[-81.2471479899208,41.5719676356685],[-81.2484398668285,41.5719610766691],[-81.248446467963,41.5722354729589],[-81.2471504901728,41.572242052684],[-81.2468545595689,41.5722435531203],[-81.2468479639043,41.5719691567279],[-81.2471479899208,41.5719676356685]]]},"properties":{"source_county":"Geauga","jurisdiction":"Chardon Township","parcel_id":"06-054900","owner_name":"TOTH DAVID S II","property_address":"11012 HENNING DR","property_city":"CHARDON","property_zip":"44024"}},{"type":"Feature","geometry":{"type":"Polygon","coordinates":[[[-81.2484398668285,41.5719610766691],[-81.2500317681604,41.5719529747775],[-81.2500383771798,41.5722273700901],[-81.248446467963,41.5722354729589],[-81.2484398668285,41.5719610766691]]]},"properties":{"source_county":"Geauga","jurisdiction":"Chardon Township","parcel_id":"06-058500","owner_name":"ERHOLM STEWART A","property_address":"11013 HELMUT DR","property_city":"CHARDON","property_zip":"44024"}},{"type":"Feature","geometry":{"type":"Polygon","coordinates":[[[-81.2423411191254,41.5713610451342],[-81.2443927048245,41.5713504987343],[-81.244394152238,41.5716249379243],[-81.2423458534788,41.5716354678099],[-81.2423411191254,41.5713610451342]]]},"properties":{"source_county":"Geauga","jurisdiction":"Chardon Township","parcel_id":"06-060060","owner_name":"LEQUYEA DENNIS T & BOBBIE JUNE TRUSTEES","property_address":"11040 AUBURN RD","property_city":"CHARDON","property_zip":"44024"}},{"type":"Feature","geometry":{"type":"Polygon","coordinates":[[[-81.247152989264,41.5725164687614],[-81.24845306917,41.5725098683233],[-81.248459671614,41.5727842645759],[-81.2471554895579,41.5727908857273],[-81.2468737702177,41.572792314427],[-81.2468677413981,41.5727298489239],[-81.2468647424267,41.5726672600782],[-81.2468611541071,41.5725179485745],[-81.247152989264,41.5725164687614]]]},"properties":{"source_county":"Geauga","jurisdiction":"Chardon Township","parcel_id":"06-062800","owner_name":"INDEPENDENT MEADOWS LLC","property_address":"10992 HENNING DR","property_city":"CHARDON","property_zip":"44024"}},{"type":"Feature","geometry":{"type":"Polygon","coordinates":[[[-81.248459671614,41.5727842645759],[-81.2500515929696,41.5727761615145],[-81.2500582009389,41.5730505576393],[-81.2484662729317,41.5730586598901],[-81.248459671614,41.5727842645759]]]},"properties":{"source_county":"Geauga","jurisdiction":"Chardon Township","parcel_id":"06-064400","owner_name":"REIGHARD ROBERT A & MC INTOSH DENISE R","property_address":"10983 HELMUT DR","property_city":"CHARDON","property_zip":"44024"}},{"type":"Feature","geometry":{"type":"Polygon","coordinates":[[[-81.2471429906615,41.5714188024765],[-81.2484266635093,41.5714122849016],[-81.2484332657321,41.5716866812545],[-81.2471454896727,41.5716932195285],[-81.2468413694766,41.5716947612236],[-81.2468347751213,41.5714203647939],[-81.2471429906615,41.5714188024765]]]},"properties":{"source_county":"Geauga","jurisdiction":"Chardon Township","parcel_id":"06-067850","owner_name":"MELENA DANA M TRUSTEE","property_address":"11036 HENNING DR","property_city":"CHARDON","property_zip":"44024"}},{"type":"Feature","geometry":{"type":"Polygon","coordinates":[[[-81.2471504901728,41.572242052684],[-81.248446467963,41.5722354729589],[-81.24845306917,41.5725098683233],[-81.247152989264,41.5725164687614],[-81.2468611541071,41.5725179485745],[-81.2468545595689,41.5722435531203],[-81.2471504901728,41.572242052684]]]},"properties":{"source_county":"Geauga","jurisdiction":"Chardon Township","parcel_id":"06-071000","owner_name":"SOMRACK DAVID R","property_address":"11000 HENNING DR","property_city":"CHARDON","property_zip":"44024"}},{"type":"Feature","geometry":{"type":"Polygon","coordinates":[[[-81.2450240330361,41.5730761051849],[-81.2467118595509,41.573067563234],[-81.246744560063,41.573161363074],[-81.2467836260126,41.5732537795731],[-81.2468289545322,41.5733445693198],[-81.2450254822622,41.573350527093],[-81.2450240330361,41.5730761051849]]]},"properties":{"source_county":"Geauga","jurisdiction":"Chardon Township","parcel_id":"06-071100","owner_name":"HENDERSON RYAN J & MOLLY A","property_address":"10973 HENNING DR","property_city":"CHARDON","property_zip":"44024"}},{"type":"Feature","geometry":{"type":"Polygon","coordinates":[[[-81.2443855314712,41.5699837447481],[-81.2450077161915,41.569980539734],[-81.2450138887936,41.5711551511353],[-81.2450153379346,41.5714295732166],[-81.2450167870879,41.5717039952731],[-81.2450182362532,41.5719784173049],[-81.2450196854307,41.5722528393121],[-81.2450211346204,41.5725272612944],[-81.2450225838221,41.572801683252],[-81.2450240330361,41.5730761051849],[-81.2450254822622,41.573350527093],[-81.2450267677161,41.5735940731195],[-81.2450268122446,41.5736023247603],[-81.2450279852888,41.5738244541789],[-81.2450292913663,41.5740718058464],[-81.2450306859431,41.5743358156489],[-81.2450322643557,41.5746347869984],[-81.2444100297397,41.5746369123943],[-81.2444066658826,41.5739988407633],[-81.244403302091,41.5733607689982],[-81.244399938365,41.5727226970994],[-81.244398564783,41.5724619795295],[-81.2443984921191,41.572448257121],[-81.2443970446692,41.572173818005],[-81.2443955984476,41.5718993779771],[-81.244394152238,41.5716249379243],[-81.2443927048245,41.5713504987343],[-81.2443912586393,41.571076058632],[-81.2443898124489,41.5708016194055],[-81.2443855314712,41.5699837447481]]]},"properties":{"source_county":"Geauga","jurisdiction":"Chardon Township","parcel_id":"06-073400","owner_name":"MONTAGNA GAETANO M TRUSTEE","property_address":" THWING RD","property_city":"CHARDON","property_zip":"44024"}},{"type":"Feature","geometry":{"type":"Polygon","coordinates":[[[-81.2450182362532,41.5719784173049],[-81.2466286789206,41.5719702679556],[-81.2466352724678,41.5722446643474],[-81.2450196854307,41.5722528393121],[-81.2450182362532,41.5719784173049]]]},"properties":{"source_county":"Geauga","jurisdiction":"Chardon Township","parcel_id":"06-077600","owner_name":"O BRIEN CHRISTINA M","property_address":"11013 HENNING DR","property_city":"CHARDON","property_zip":"44024"}},{"type":"Feature","geometry":{"type":"Polygon","coordinates":[[[-81.2386838401866,41.5700200494103],[-81.2393233495369,41.5700155384834],[-81.2393486493417,41.5709704425637],[-81.2387091306517,41.5709749545287],[-81.2386838401866,41.5700200494103]]]},"properties":{"source_county":"Geauga","jurisdiction":"Chardon Township","parcel_id":"06-081050","owner_name":"PEISCHL ANGELA","property_address":"11202 THWING RD","property_city":"CHARDON","property_zip":"44024"}},{"type":"Feature","geometry":{"type":"Polygon","coordinates":[[[-81.2381722338556,41.5700236549091],[-81.2386838401866,41.5700200494103],[-81.2387091306517,41.5709749545287],[-81.2381975168456,41.5709785610382],[-81.2381722338556,41.5700236549091]]]},"properties":{"source_county":"Geauga","jurisdiction":"Chardon Township","parcel_id":"06-081800","owner_name":"KIRK JESSICA R & WILLIAM K","property_address":"11220 THWING RD","property_city":"CHARDON","property_zip":"44024"}},{"type":"Feature","geometry":{"type":"Polygon","coordinates":[[[-81.2471670608255,41.5740609836833],[-81.2473590436926,41.5740600100215],[-81.2474020475478,41.5741461258198],[-81.2474379386689,41.5742340596518],[-81.2474665819582,41.5743234805959],[-81.24716946544,41.5743249880552],[-81.2450306859431,41.5743358156489],[-81.2450292913663,41.5740718058464],[-81.2471670608255,41.5740609836833]]]},"properties":{"source_county":"Geauga","jurisdiction":"Chardon Township","parcel_id":"06-083250","owner_name":"UNION RONALD A","property_address":"10935 HENNING DR","property_city":"CHARDON","property_zip":"44024"}},{"type":"Feature","geometry":{"type":"Polygon","coordinates":[[[-81.2407078720992,41.5733718829208],[-81.2423752947027,41.5733416060808],[-81.2423758058057,41.573371190818],[-81.2423812142134,41.573684649518],[-81.2407189111265,41.5737148334659],[-81.2407078720992,41.5733718829208]]]},"properties":{"source_county":"Geauga","jurisdiction":"Chardon Township","parcel_id":"06-084300","owner_name":"SOMRAK SAVANNAH L & ANTHONY SCOTT FREEMAN JR","property_address":"10955 AUBURN RD","property_city":"CHARDON","property_zip":"44024"}},{"type":"Feature","geometry":{"type":"Polygon","coordinates":[[[-81.2404193118423,41.570007800283],[-81.2410385425213,41.5700034246588],[-81.2410464583278,41.5704644929407],[-81.2410533172651,41.5708624011655],[-81.2404357326192,41.5709628246685],[-81.2404193118423,41.570007800283]]]},"properties":{"source_county":"Geauga","jurisdiction":"Chardon Township","parcel_id":"06-085600","owner_name":"RAYL STUART C & RHONDA","property_address":"11144 THWING RD","property_city":"CHARDON","property_zip":"44024"}},{"type":"Feature","geometry":{"type":"Polygon","coordinates":[[[-81.248446467963,41.5722354729589],[-81.2500383771798,41.5722273700901],[-81.2500449850384,41.5725017662651],[-81.24845306917,41.5725098683233],[-81.248446467963,41.5722354729589]]]},"properties":{"source_county":"Geauga","jurisdiction":"Chardon Township","parcel_id":"06-086800","owner_name":"RENICK MARLENE A","property_address":"11001 HELMUT DR","property_city":"CHARDON","property_zip":"44024"}},{"type":"Feature","geometry":{"type":"Polygon","coordinates":[[[-81.2406968331877,41.573028932336],[-81.242369375254,41.5729985626047],[-81.2423752947027,41.5733416060808],[-81.2407078720992,41.5733718829208],[-81.2406968331877,41.573028932336]]]},"properties":{"source_county":"Geauga","jurisdiction":"Chardon Township","parcel_id":"06-091150","owner_name":"LODGE EMANUEL L & SOPHIA HIGGINBOTTOM","property_address":"10971 AUBURN RD","property_city":"CHARDON","property_zip":"44024"}},{"type":"Feature","geometry":{"type":"Polygon","coordinates":[[[-81.2276535944778,41.570097290243],[-81.2282382902669,41.5700932231053],[-81.2282701611885,41.5710881022067],[-81.2282764067948,41.5712828988449],[-81.2276917003348,41.5712869688737],[-81.2276916943644,41.5712867824068],[-81.2276535944778,41.570097290243]]]},"properties":{"source_county":"Geauga","jurisdiction":"Chardon Township","parcel_id":"06-093300","owner_name":"SANBORN JEAN TOD","property_address":"11484 THWING RD","property_city":"CHARDON","property_zip":"44024"}},{"type":"Feature","geometry":{"type":"Polygon","coordinates":[[[-81.2490474880035,41.5737692354125],[-81.2496066763106,41.57376638847],[-81.2496262822443,41.5745806891926],[-81.2490671613889,41.5745866094876],[-81.2490474880035,41.5737692354125]]]},"properties":{"source_county":"Geauga","jurisdiction":"Chardon Township","parcel_id":"06-093400","owner_name":"RUS STANLEY & MARGARET A","property_address":"10926 HOWARD DR","property_city":"CHARDON","property_zip":"44024"}},{"type":"Feature","geometry":{"type":"Polygon","coordinates":[[[-81.2491877583404,41.5699589171522],[-81.249585722008,41.5699568499687],[-81.2496139798535,41.5711318151085],[-81.2492160074405,41.5711338409482],[-81.2491877583404,41.5699589171522]]]},"properties":{"source_county":"Geauga","jurisdiction":"Chardon Township","parcel_id":"06-093500","owner_name":"SIMMONS CHRISTINE H","property_address":"10922 THWING RD","property_city":"CHARDON","property_zip":"44024"}},{"type":"Feature","geometry":{"type":"Polygon","coordinates":[[[-81.24716946544,41.5743249880552],[-81.2474665819582,41.5743234805959],[-81.2474882458415,41.5744160108704],[-81.2475021491588,41.5745093783882],[-81.247508237279,41.5746032164983],[-81.2471720320949,41.5746067247229],[-81.24664945397,41.5746121766234],[-81.2450322643557,41.5746347869984],[-81.2450306859431,41.5743358156489],[-81.24716946544,41.5743249880552]]]},"properties":{"source_county":"Geauga","jurisdiction":"Chardon Township","parcel_id":"06-093550","owner_name":"MARKLEY SUSAN","property_address":"10925 HENNING DR","property_city":"CHARDON","property_zip":"44024"}},{"type":"Feature","geometry":{"type":"Polygon","coordinates":[[[-81.2496066763106,41.57376638847],[-81.2501658645519,41.5737635397356],[-81.2501854041975,41.5745747662188],[-81.2499654997969,41.5745770964308],[-81.2496262822443,41.5745806891926],[-81.2496066763106,41.57376638847]]]},"properties":{"source_county":"Geauga","jurisdiction":"Chardon Township","parcel_id":"06-093600","owner_name":"BURWELL ADAM J & BRYNNE","property_address":"10912 HOWARD DR","property_city":"CHARDON","property_zip":"44024"}},{"type":"Feature","geometry":{"type":"Polygon","coordinates":[[[-81.2423363836127,41.5710866224207],[-81.2443912586393,41.571076058632],[-81.2443927048245,41.5713504987343],[-81.2423411191254,41.5713610451342],[-81.2423363836127,41.5710866224207]]]},"properties":{"source_county":"Geauga","jurisdiction":"Chardon Township","parcel_id":"06-095600","owner_name":"ZIESKE JAMES P","property_address":"11050 AUBURN RD","property_city":"CHARDON","property_zip":"44024"}},{"type":"Feature","geometry":{"type":"Polygon","coordinates":[[[-81.2457847802536,41.5699765314833],[-81.2461827441354,41.5699744759608],[-81.2462109319724,41.571149096037],[-81.2458129593495,41.5711511102155],[-81.2457847802536,41.5699765314833]]]},"properties":{"source_county":"Geauga","jurisdiction":"Chardon Township","parcel_id":"06-096900","owner_name":"11008 THWING LLC","property_address":"11008 THWING RD","property_city":"CHARDON","property_zip":"44024"}},{"type":"Feature","geometry":{"type":"Polygon","coordinates":[[[-81.2484728742874,41.5733330560795],[-81.2500648101798,41.5733249528515],[-81.250071418174,41.5735993534275],[-81.2484794768286,41.5736074558579],[-81.2484728742874,41.5733330560795]]]},"properties":{"source_county":"Geauga","jurisdiction":"Chardon Township","parcel_id":"06-101800","owner_name":"BOLLAS RICHARD J & LORI L","property_address":"10963 HELMUT DR","property_city":"CHARDON","property_zip":"44024"}},{"type":"Feature","geometry":{"type":"Polygon","coordinates":[[[-81.2302072503126,41.5700795068378],[-81.2317530367257,41.570068709584],[-81.2318473208158,41.5730030578378],[-81.2319674212916,41.5767382501719],[-81.2319846138538,41.5772740002015],[-81.2304388117589,41.5772936638985],[-81.2303842339166,41.5755937004668],[-81.2303457095295,41.5743937034907],[-81.2303128564154,41.5733703395003],[-81.2302793002869,41.5723250261372],[-81.2302072503126,41.5700795068378]]]},"properties":{"source_county":"Geauga","jurisdiction":"Chardon Township","parcel_id":"06-102300","owner_name":"CLEVELAND MUSEUM OF NATURAL HISTORY THE","property_address":"11400 THWING RD","property_city":"CHARDON","property_zip":"44024"}},{"type":"Feature","geometry":{"type":"Polygon","coordinates":[[[-81.2348481698157,41.5700470300229],[-81.2349009360076,41.5720583336875],[-81.2349219709145,41.5728596293365],[-81.2349244631295,41.5729548966418],[-81.2344656146809,41.5729620836934],[-81.233388296975,41.5729789501704],[-81.2318473208158,41.5730030578378],[-81.2317530367257,41.570068709584],[-81.2348481698157,41.5700470300229]]]},"properties":{"source_county":"Geauga","jurisdiction":"Chardon Township","parcel_id":"06-102400","owner_name":"CLEVELAND MUSEUM OF NATURAL HISTORY THE","property_address":"11380 THWING RD","property_city":"CHARDON","property_zip":"44024"}},{"type":"Feature","geometry":{"type":"Polygon","coordinates":[[[-81.2480220900368,41.5711399111854],[-81.2484200625235,41.5711378894368],[-81.2484266635093,41.5714122849016],[-81.2471429906615,41.5714188024765],[-81.2468347751213,41.5714203647939],[-81.2468281796053,41.5711459692266],[-81.2471404904724,41.5711443853868],[-81.2472261449896,41.5711439505913],[-81.2476241175255,41.5711419315702],[-81.2480220900368,41.5711399111854]]]},"properties":{"source_county":"Geauga","jurisdiction":"Chardon Township","parcel_id":"06-104900","owner_name":"SUTTON LINDA TOD","property_address":"11048 HENNING DR","property_city":"CHARDON","property_zip":"44024"}},{"type":"Feature","geometry":{"type":"Polygon","coordinates":[[[-81.2471979373144,41.5699692280865],[-81.2472261449896,41.5711439505913],[-81.2471404904724,41.5711443853868],[-81.2468281796053,41.5711459692266],[-81.2467999794907,41.5699712871524],[-81.2471979373144,41.5699692280865]]]},"properties":{"source_county":"Geauga","jurisdiction":"Chardon Township","parcel_id":"06-105700","owner_name":"BARTO JAMES K & SHELLEY D","property_address":"10982 THWING RD","property_city":"CHARDON","property_zip":"44024"}},{"type":"Feature","geometry":{"type":"Polygon","coordinates":[[[-81.24845306917,41.5725098683233],[-81.2500449850384,41.5725017662651],[-81.2500515929696,41.5727761615145],[-81.248459671614,41.5727842645759],[-81.24845306917,41.5725098683233]]]},"properties":{"source_county":"Geauga","jurisdiction":"Chardon Township","parcel_id":"06-105800","owner_name":"UNION SAMANTHA M","property_address":"10993 HELMUT DR","property_city":"CHARDON","property_zip":"44024"}},{"type":"Feature","geometry":{"type":"Polygon","coordinates":[[[-81.2393233495369,41.5700155384834],[-81.2398714998296,41.5700116689091],[-81.2398968076248,41.5709665728711],[-81.2393486493417,41.5709704425637],[-81.2393233495369,41.5700155384834]]]},"properties":{"source_county":"Geauga","jurisdiction":"Chardon Township","parcel_id":"06-105900","owner_name":"FINK RAYMOND H & VICTORIA L","property_address":"11180 THWING RD","property_city":"CHARDON","property_zip":"44024"}},{"type":"Feature","geometry":{"type":"Polygon","coordinates":[[[-81.2406747557114,41.5723430310473],[-81.2406613469807,41.5719264694771],[-81.2423514379209,41.5719591023081],[-81.2423553247025,41.5721843131124],[-81.2423575365426,41.5723124755355],[-81.2406747557114,41.5723430310473]]]},"properties":{"source_county":"Geauga","jurisdiction":"Chardon Township","parcel_id":"06-108420","owner_name":"LESIAK JACOB A & CORRIE L","property_address":"11021 AUBURN RD","property_city":"CHARDON","property_zip":"44024"}},{"type":"Feature","geometry":{"type":"Polygon","coordinates":[[[-81.2471579898726,41.5730653026684],[-81.2484662729317,41.5730586598901],[-81.2484728742874,41.5733330560795],[-81.2471604890267,41.5733397186715],[-81.24706456941,41.5733402047908],[-81.2470152195473,41.573250789342],[-81.2469726401769,41.5731594323955],[-81.2469369658827,41.5730664227717],[-81.2471579898726,41.5730653026684]]]},"properties":{"source_county":"Geauga","jurisdiction":"Chardon Township","parcel_id":"06-109300","owner_name":"BIATS MATTHEW R","property_address":"10972 HENNING DR","property_city":"CHARDON","property_zip":"44024"}},{"type":"Feature","geometry":{"type":"Polygon","coordinates":[[[-81.2484266635093,41.5714122849016],[-81.2500185527029,41.5714041832026],[-81.2500251603954,41.5716785794527],[-81.2484332657321,41.5716866812545],[-81.2484266635093,41.5714122849016]]]},"properties":{"source_county":"Geauga","jurisdiction":"Chardon Township","parcel_id":"06-109350","owner_name":"ULIZZA ROBERT J & LAURIE A","property_address":"11037 HELMUT DR","property_city":"CHARDON","property_zip":"44024"}},{"type":"Feature","geometry":{"type":"Polygon","coordinates":[[[-81.2487897946649,41.5699609820715],[-81.2491877583404,41.5699589171522],[-81.2492160074405,41.5711338409482],[-81.2488180350029,41.5711358654243],[-81.2487897946649,41.5699609820715]]]},"properties":{"source_county":"Geauga","jurisdiction":"Chardon Township","parcel_id":"06-109710","owner_name":"SHAUGHNESSY PATRICK","property_address":"10932 THWING RD","property_city":"CHARDON","property_zip":"44024"}},{"type":"Feature","geometry":{"type":"Polygon","coordinates":[[[-81.2438373698079,41.5699865666205],[-81.2443855314712,41.5699837447481],[-81.2443898124489,41.5708016194055],[-81.2438416439579,41.5708044403971],[-81.2438373698079,41.5699865666205]]]},"properties":{"source_county":"Geauga","jurisdiction":"Chardon Township","parcel_id":"06-110000","owner_name":"MARKIEWICZ BRANDON","property_address":"11064 THWING RD","property_city":"CHARDON","property_zip":"44024"}},{"type":"Feature","geometry":{"type":"Polygon","coordinates":[[[-81.2452716476499,41.5736019553991],[-81.2469969789819,41.573599337941],[-81.2470677996092,41.5736841390091],[-81.2471444159328,41.5737660498541],[-81.2471645734403,41.5737879555224],[-81.2471871695644,41.5738135236572],[-81.2471648064241,41.5738136372042],[-81.2452728453467,41.5738232170035],[-81.2452716476499,41.5736019553991]]]},"properties":{"source_county":"Geauga","jurisdiction":"Chardon Township","parcel_id":"06-116100","owner_name":"THOMPSON JAMES C & DOROTHY","property_address":"10955 HENNING DR","property_city":"CHARDON","property_zip":"44024"}},{"type":"Feature","geometry":{"type":"Polygon","coordinates":[[[-81.2478572919136,41.5737752842196],[-81.2484834377455,41.5737721038104],[-81.2485031779531,41.5745925782488],[-81.2477274973086,41.5746006705737],[-81.2477220079105,41.5745085222286],[-81.2477097220621,41.5744167442512],[-81.2476906776004,41.5743256190789],[-81.2476649331606,41.5742354271391],[-81.2476325679954,41.574146445986],[-81.2475936817309,41.5740589494468],[-81.2475815878481,41.5740234640276],[-81.2475777586379,41.5739869479856],[-81.2475823070429,41.5739504784932],[-81.2475950988778,41.573915131348],[-81.2476157567897,41.5738819492385],[-81.2476436713904,41.5738519109861],[-81.2476780192338,41.573825902672],[-81.2477177871067,41.5738046914999],[-81.2477618019177,41.5737889031645],[-81.2478087653005,41.5737790033955],[-81.2478572919136,41.5737752842196]]]},"properties":{"source_county":"Geauga","jurisdiction":"Chardon Township","parcel_id":"06-116430","owner_name":"RAYL TERRENCE L","property_address":"10954 HOWARD DR","property_city":"CHARDON","property_zip":"44024"}},{"type":"Feature","geometry":{"type":"Polygon","coordinates":[[[-81.2438416439579,41.5708044403971],[-81.2443898124489,41.5708016194055],[-81.2443912586393,41.571076058632],[-81.2423363836127,41.5710866224207],[-81.2423323579602,41.5708533515631],[-81.2423316481398,41.5708121996824],[-81.2432934754024,41.5708072597016],[-81.2438416439579,41.5708044403971]]]},"properties":{"source_county":"Geauga","jurisdiction":"Chardon Township","parcel_id":"06-117600","owner_name":"BEGAN LENNARD A","property_address":"11060 AUBURN RD","property_city":"CHARDON","property_zip":"44024"}},{"type":"Feature","geometry":{"type":"Polygon","coordinates":[[[-81.2423505890708,41.5719098904736],[-81.2443955984476,41.5718993779771],[-81.2443970446692,41.572173818005],[-81.2423553247025,41.5721843131124],[-81.2423514379209,41.5719591023081],[-81.2423505890708,41.5719098904736]]]},"properties":{"source_county":"Geauga","jurisdiction":"Chardon Township","parcel_id":"06-117900","owner_name":"NICHOLS LINDA LEE","property_address":"11020 AUBURN RD","property_city":"CHARDON","property_zip":"44024"}},{"type":"Feature","geometry":{"type":"Polygon","coordinates":[[[-81.2423553247025,41.5721843131124],[-81.2443970446692,41.572173818005],[-81.2443984921191,41.572448257121],[-81.2423600603738,41.5724587357263],[-81.2423575365426,41.5723124755355],[-81.2423553247025,41.5721843131124]]]},"properties":{"source_county":"Geauga","jurisdiction":"Chardon Township","parcel_id":"06-118000","owner_name":"BIELEK PETER A & THOMAS M","property_address":"11010 AUBURN RD","property_city":"CHARDON","property_zip":"44024"}},{"type":"Feature","geometry":{"type":"Polygon","coordinates":[[[-81.2423458534788,41.5716354678099],[-81.244394152238,41.5716249379243],[-81.2443955984476,41.5718993779771],[-81.2423505890708,41.5719098904736],[-81.2423458534788,41.5716354678099]]]},"properties":{"source_county":"Geauga","jurisdiction":"Chardon Township","parcel_id":"06-118100","owner_name":"NICHOLS LINDA LEE","property_address":" AUBURN RD","property_city":"CHARDON","property_zip":"44024"}},{"type":"Feature","geometry":{"type":"Polygon","coordinates":[[[-81.242364794886,41.5727331583023],[-81.244399938365,41.5727226970994],[-81.244403302091,41.5733607689982],[-81.2423758058057,41.573371190818],[-81.2423752947027,41.5733416060808],[-81.242369375254,41.5729985626047],[-81.242364794886,41.5727331583023]]]},"properties":{"source_county":"Geauga","jurisdiction":"Chardon Township","parcel_id":"06-118200","owner_name":"MILLONZI JOHN J TOD","property_address":"10980 AUBURN RD","property_city":"CHARDON","property_zip":"44024"}},{"type":"Feature","geometry":{"type":"Polygon","coordinates":[[[-81.2423600603738,41.5724587357263],[-81.2443984921191,41.572448257121],[-81.244398564783,41.5724619795295],[-81.2423602969118,41.5724724572138],[-81.2423600603738,41.5724587357263]]]},"properties":{"source_county":"Geauga","jurisdiction":"Chardon Township","parcel_id":"06-118250","owner_name":"BIELEK ALEXANDER N","property_address":" AUBURN RD","property_city":"CHARDON","property_zip":"44024"}},{"type":"Feature","geometry":{"type":"Polygon","coordinates":[[[-81.2282701611885,41.5710881022067],[-81.2282382902669,41.5700932231053],[-81.2295821765557,41.5700838652612],[-81.2295830929916,41.5701607465191],[-81.2296002563566,41.5701616401365],[-81.2296170222303,41.5701645391563],[-81.229632977738,41.5701693721873],[-81.2296477299612,41.5701760202119],[-81.2296609156125,41.5701843195166],[-81.2296722099829,41.5701940657235],[-81.2296813349372,41.5702050188233],[-81.2296880657638,41.5702169090859],[-81.2296922367086,41.5702294437023],[-81.2296937450566,41.5702423139957],[-81.2297030794589,41.5709969932961],[-81.2296991791777,41.5710622514479],[-81.2282701611885,41.5710881022067]]]},"properties":{"source_county":"Geauga","jurisdiction":"Chardon Township","parcel_id":"06-120546","owner_name":"DERUE ROBERT C TOD & SUSAN M TOD","property_address":"11085 EDEN PARK DR","property_city":"CHARDON","property_zip":"44024"}},{"type":"Feature","geometry":{"type":"Polygon","coordinates":[[[-81.2300206979117,41.5700808085737],[-81.2302072503126,41.5700795068378],[-81.2302793002869,41.5723250261372],[-81.2290726109143,41.5723468629359],[-81.2290854990651,41.5722211965957],[-81.229099932232,41.5720956245994],[-81.2291112046449,41.572035870311],[-81.2291303645645,41.571977259604],[-81.2291572205374,41.5719203780758],[-81.2291915042186,41.5718657940453],[-81.2292328730533,41.5718140528751],[-81.2292809137,41.5717656715232],[-81.2293351461606,41.5717211333774],[-81.2293950285769,41.5716808834266],[-81.2294599626444,41.5716453238145],[-81.2295353470638,41.5716044344605],[-81.229605476941,41.5715585746936],[-81.2296697730969,41.5715081232616],[-81.2297277045356,41.5714534968332],[-81.2297787928302,41.5713951465564],[-81.2298226160729,41.5713335543325],[-81.2298588123595,41.571269228836],[-81.229887082778,41.571202701313],[-81.2299071938757,41.5711345211943],[-81.2299189795874,41.5710652515571],[-81.2299223426055,41.5709954644749],[-81.2299130068931,41.5702407843046],[-81.2299141968723,41.570227895316],[-81.2299180572218,41.5702153048246],[-81.2299244928783,41.5702033228734],[-81.2299333453613,41.5701922445201],[-81.2299443966759,41.5701823425708],[-81.2299573746809,41.5701738608625],[-81.2299719597905,41.5701670082583],[-81.2299877928443,41.5701619535045],[-81.2300044839511,41.5701588210751],[-81.2300216220904,41.5701576881064],[-81.2300206979117,41.5700808085737]]]},"properties":{"source_county":"Geauga","jurisdiction":"Chardon Township","parcel_id":"06-120550","owner_name":"WEIDIG BRETT T & CHRISTINE M","property_address":"11030 EDEN PARK DR","property_city":"CHARDON","property_zip":"44024"}},{"type":"Feature","geometry":{"type":"Polygon","coordinates":[[[-81.2290726109143,41.5723468629359],[-81.2302793002869,41.5723250261372],[-81.2303128564154,41.5733703395003],[-81.2290254298271,41.573393636365],[-81.2290271850546,41.5731317361575],[-81.2290356361868,41.5728699095106],[-81.2290507800277,41.5726082529495],[-81.2290726109143,41.5723468629359]]]},"properties":{"source_county":"Geauga","jurisdiction":"Chardon Township","parcel_id":"06-120551","owner_name":"IANIRO MICHELE SR TOD","property_address":" EDEN PARK DR","property_city":"CHARDON","property_zip":"44024"}},{"type":"Feature","geometry":{"type":"Polygon","coordinates":[[[-81.2290254298271,41.573393636365],[-81.2303128564154,41.5733703395003],[-81.2303457095295,41.5743937034907],[-81.2290807672834,41.5744166040383],[-81.2290631253931,41.5742118054957],[-81.2290432928005,41.5739392895068],[-81.2290307259647,41.573666530056],[-81.2290254298271,41.573393636365]]]},"properties":{"source_county":"Geauga","jurisdiction":"Chardon Township","parcel_id":"06-120552","owner_name":"MURPHY NICOLE M & GEORGE B","property_address":"10960 EDEN PARK DR","property_city":"CHARDON","property_zip":"44024"}},{"type":"Feature","geometry":{"type":"Polygon","coordinates":[[[-81.2277520458156,41.5731693355712],[-81.2288075406754,41.5731502482525],[-81.2288061317261,41.5733911749306],[-81.2288111078832,41.5736684418976],[-81.2288238319251,41.5739455693526],[-81.2288442983452,41.5742224352242],[-81.228861199894,41.5744186341394],[-81.2277927187266,41.5744379824233],[-81.2277520458156,41.5731693355712]]]},"properties":{"source_county":"Geauga","jurisdiction":"Chardon Township","parcel_id":"06-120558","owner_name":"BLOOM ERIC T","property_address":"10965 EDEN PARK DR","property_city":"CHARDON","property_zip":"44024"}},{"type":"Feature","geometry":{"type":"Polygon","coordinates":[[[-81.2277139178106,41.5719800059657],[-81.2289097867912,41.5719583800905],[-81.228892376859,41.5720191138399],[-81.2288815566005,41.5720807051756],[-81.2288524175301,41.5723476227606],[-81.2288303630979,41.5726149231747],[-81.2288154021391,41.5728825003862],[-81.2288075406754,41.5731502482525],[-81.2277520458156,41.5731693355712],[-81.2277139178106,41.5719800059657]]]},"properties":{"source_county":"Geauga","jurisdiction":"Chardon Township","parcel_id":"06-120559","owner_name":"MC KNIGHT DOUGLAS B & PEGGY S","property_address":"11015 EDEN PARK DR","property_city":"CHARDON","property_zip":"44024"}},{"type":"Feature","geometry":{"type":"Polygon","coordinates":[[[-81.2282701611885,41.5710881022067],[-81.2296991791777,41.5710622514479],[-81.2296873967024,41.5711213916576],[-81.2296678817092,41.5711793665497],[-81.2296408256057,41.5712356074327],[-81.2296064937746,41.5712895626227],[-81.2295652229703,41.5713407028559],[-81.2295174180169,41.57138852648],[-81.2294635478374,41.5714325643754],[-81.2294041408537,41.5714723845571],[-81.2293397798039,41.571507596413],[-81.2292632954384,41.5715491424093],[-81.2291922345993,41.5715958043382],[-81.2291272019985,41.5716471851248],[-81.229068751054,41.5717028475378],[-81.22901737918,41.5717623179094],[-81.2289735235539,41.5718250901662],[-81.2289375573957,41.5718906301355],[-81.2289097867912,41.5719583800905],[-81.2277139178106,41.5719800059657],[-81.2276917003348,41.5712869688737],[-81.2282764067948,41.5712828988449],[-81.2282701611885,41.5710881022067]]]},"properties":{"source_county":"Geauga","jurisdiction":"Chardon Township","parcel_id":"06-120560","owner_name":"CIANI GINA","property_address":"11035 EDEN PARK DR","property_city":"CHARDON","property_zip":"44024"}},{"type":"Feature","geometry":{"type":"Polygon","coordinates":[[[-81.2334360051251,41.5748043956627],[-81.233388296975,41.5729789501704],[-81.2344656146809,41.5729620836934],[-81.2349244631295,41.5729548966418],[-81.2349219709145,41.5728596293365],[-81.235699210309,41.5728484699877],[-81.2366561892597,41.5728347241912],[-81.2406887143701,41.5727767131875],[-81.2406968331877,41.573028932336],[-81.2407078720992,41.5733718829208],[-81.2407189111265,41.5737148334659],[-81.2423812142134,41.573684649518],[-81.2423840848462,41.5738510095655],[-81.2407242642945,41.5738811484782],[-81.2407373996763,41.5742892044015],[-81.2407505352045,41.5746972611689],[-81.2378453736243,41.5747390676822],[-81.2370244830901,41.5747508673305],[-81.2365220443965,41.5747580865602],[-81.2360196067738,41.5747653045298],[-81.2349721984767,41.5747803422478],[-81.2345041654486,41.5747876726748],[-81.2334360051251,41.5748043956627]]]},"properties":{"source_county":"Geauga","jurisdiction":"Chardon Township","parcel_id":"06-120644","owner_name":"SCHOEPLEIN BRIAN & ANN","property_address":"10949 AUBURN RD","property_city":"CHARDON","property_zip":"44024"}},{"type":"Feature","geometry":{"type":"Polygon","coordinates":[[[-81.2349009360076,41.5720583336875],[-81.2348481698157,41.5700470300229],[-81.2349870343066,41.5700460556343],[-81.2350084706887,41.5708637738809],[-81.235509121126,41.5708602583594],[-81.2355404643218,41.5720538435812],[-81.2349009360076,41.5720583336875]]]},"properties":{"source_county":"Geauga","jurisdiction":"Chardon Township","parcel_id":"06-120750","owner_name":"DI FRANCO NICHOLAS & ASHLEY L","property_address":"11310 THWING RD","property_city":"CHARDON","property_zip":"44024"}},{"type":"Feature","geometry":{"type":"Polygon","coordinates":[[[-81.2423602969118,41.5724724572138],[-81.244398564783,41.5724619795295],[-81.244399938365,41.5727226970994],[-81.242364794886,41.5727331583023],[-81.2423634558673,41.5726555190895],[-81.2423602969118,41.5724724572138]]]},"properties":{"source_county":"Geauga","jurisdiction":"Chardon Township","parcel_id":"06-120914","owner_name":"BIELEK ALEXANDER N","property_address":"11000 AUBURN RD","property_city":"CHARDON","property_zip":"44024"}},{"type":"Feature","geometry":{"type":"Polygon","coordinates":[[[-81.235509121126,41.5708602583594],[-81.235646970343,41.5708592901182],[-81.235699210309,41.5728484699877],[-81.2349219709145,41.5728596293365],[-81.2349009360076,41.5720583336875],[-81.2355404643218,41.5720538435812],[-81.235509121126,41.5708602583594]]]},"properties":{"source_county":"Geauga","jurisdiction":"Chardon Township","parcel_id":"06-120925","owner_name":"DI FRANCO NICHOLAS & ASHLEY L","property_address":" THWING RD","property_city":"CHARDON","property_zip":"44024"}},{"type":"Feature","geometry":{"type":"Polygon","coordinates":[[[-81.2423758058057,41.573371190818],[-81.244403302091,41.5733607689982],[-81.2444066658826,41.5739988407633],[-81.2423868157237,41.5740092240861],[-81.2423840848462,41.5738510095655],[-81.2423812142134,41.573684649518],[-81.2423758058057,41.573371190818]]]},"properties":{"source_county":"Geauga","jurisdiction":"Chardon Township","parcel_id":"06-120928","owner_name":"DRAPER ERIK A TOD & DEANN H TOD","property_address":"10960 AUBURN RD","property_city":"CHARDON","property_zip":"44024"}},{"type":"Feature","geometry":{"type":"Polygon","coordinates":[[[-81.2423868157237,41.5740092240861],[-81.2444066658826,41.5739988407633],[-81.2444100297397,41.5746369123943],[-81.2423978258735,41.5746472563192],[-81.2423911293887,41.5742591766332],[-81.2423868157237,41.5740092240861]]]},"properties":{"source_county":"Geauga","jurisdiction":"Chardon Township","parcel_id":"06-120929","owner_name":"BARRY MATTHEW J & MICHELLE M","property_address":"10930 AUBURN RD","property_city":"CHARDON","property_zip":"44024"}},{"type":"Feature","geometry":{"type":"Polygon","coordinates":[[[-81.2423175676426,41.5699943752296],[-81.2432892081148,41.5699893850054],[-81.2432934754024,41.5708072597016],[-81.2423316481398,41.5708121996824],[-81.242325492452,41.5704554434256],[-81.2423175676426,41.5699943752296]]]},"properties":{"source_county":"Geauga","jurisdiction":"Chardon Township","parcel_id":"06-707463","owner_name":"GEAUGA COUNTY BOARD OF COUNTY COMMISSIONERS","property_address":"11088 THWING RD","property_city":"CHARDON","property_zip":"44024"}},{"type":"Feature","geometry":{"type":"Polygon","coordinates":[[[-81.2252956947007,41.570113698633],[-81.2257522141934,41.5701105188332],[-81.2257466879336,41.5707016392329],[-81.2257048089843,41.5707019316107],[-81.2256810242052,41.5711635807618],[-81.2252867861212,41.5711663274054],[-81.2253196439457,41.570704610403],[-81.2252956947007,41.570113698633]]]},"properties":{"source_county":"Geauga","jurisdiction":"City of Chardon","parcel_id":"10-013600","owner_name":"PARANISH KIMBERLY M","property_address":"148 THWING RD","property_city":"CHARDON","property_zip":"44024"}},{"type":"Feature","geometry":{"type":"Polygon","coordinates":[[[-81.2248498918467,41.5701168025088],[-81.2252956947007,41.570113698633],[-81.2253196439457,41.570704610403],[-81.2252867861212,41.5711663274054],[-81.2248925468229,41.5711690717973],[-81.2248498918467,41.5701168025088]]]},"properties":{"source_county":"Geauga","jurisdiction":"City of Chardon","parcel_id":"10-054430","owner_name":"GALLOWAY BARBARA B TOD & NORMAN F TOD","property_address":"142 THWING RD","property_city":"CHARDON","property_zip":"44024"}},{"type":"Feature","geometry":{"type":"Polygon","coordinates":[[[-81.2262094867841,41.5701073319925],[-81.2267576375726,41.5701035161984],[-81.2267788563473,41.5707564800893],[-81.2262342882546,41.5707602759072],[-81.2262094867841,41.5701073319925]]]},"properties":{"source_county":"Geauga","jurisdiction":"City of Chardon","parcel_id":"10-058580","owner_name":"KLASSEN JOHN N","property_address":"11524 THWING RD","property_city":"CHARDON","property_zip":"44024"}},{"type":"Feature","geometry":{"type":"Polygon","coordinates":[[[-81.2262342882546,41.5707602759072],[-81.2267788563473,41.5707564800893],[-81.2267963168564,41.5712930241892],[-81.2262657065413,41.5712967192901],[-81.2262484475112,41.5712968397586],[-81.2262342882546,41.5707602759072]]]},"properties":{"source_county":"Geauga","jurisdiction":"City of Chardon","parcel_id":"10-058600","owner_name":"KLASSEN JOHN N","property_address":" THWING RD","property_city":"CHARDON","property_zip":"44024"}},{"type":"Feature","geometry":{"type":"Polygon","coordinates":[[[-81.2267576375726,41.5701035161984],[-81.2272695005773,41.5700999601808],[-81.2273076796686,41.571289460618],[-81.2267963168564,41.5712930241892],[-81.2267788563473,41.5707564800893],[-81.2267576375726,41.5701035161984]]]},"properties":{"source_county":"Geauga","jurisdiction":"City of Chardon","parcel_id":"10-061400","owner_name":"GROVER STEPHEN DALLAS & JENNA MARIE","property_address":"272 THWING RD","property_city":"CHARDON","property_zip":"44024"}},{"type":"Feature","geometry":{"type":"Polygon","coordinates":[[[-81.2272695005773,41.5700999601808],[-81.2276535944761,41.5700972902401],[-81.2276916943627,41.571286782404],[-81.2273076796686,41.571289460618],[-81.2272695005773,41.5700999601808]]]},"properties":{"source_county":"Geauga","jurisdiction":"City of Chardon","parcel_id":"10-106600","owner_name":"HAUETER HAYDN","property_address":"292 THWING RD","property_city":"CHARDON","property_zip":"44024"}},{"type":"Feature","geometry":{"type":"Polygon","coordinates":[[[-81.2257100373304,41.5714524765391],[-81.2257178661175,41.5713005218686],[-81.224898111951,41.5713062289654],[-81.2248925468229,41.5711690717973],[-81.2252867861212,41.5711663274054],[-81.2256810242052,41.5711635807618],[-81.2257048089843,41.5707019316107],[-81.2257466879336,41.5707016392329],[-81.2257522141934,41.5701105188332],[-81.2262094867841,41.5701073319925],[-81.2262342882546,41.5707602759072],[-81.2257784216847,41.5707496981173],[-81.2257100373304,41.5714524765391]]]},"properties":{"source_county":"Geauga","jurisdiction":"City of Chardon","parcel_id":"10-125100","owner_name":"ROBINSON RICHARD W TOD & KAYLE M TOD","property_address":"210 THWING RD","property_city":"CHARDON","property_zip":"44024"}},{"type":"Feature","geometry":{"type":"Polygon","coordinates":[[[-81.2257100373304,41.5714524765391],[-81.2257784216847,41.5707496981173],[-81.2262342882546,41.5707602759072],[-81.2260938382578,41.5712979164715],[-81.2260272620804,41.5715527686672],[-81.2257100373304,41.5714524765391]]]},"properties":{"source_county":"Geauga","jurisdiction":"City of Chardon","parcel_id":"10-125300","owner_name":"ROBINSON RICHARD W TOD & KAYLE M TOD","property_address":" THWING RD","property_city":"CHARDON","property_zip":"44024"}},{"type":"Feature","geometry":{"type":"Polygon","coordinates":[[[-81.2260938382578,41.5712979164715],[-81.2262342882546,41.5707602759072],[-81.2262484475112,41.5712968397586],[-81.2260938382578,41.5712979164715]]]},"properties":{"source_county":"Geauga","jurisdiction":"City of Chardon","parcel_id":"10-125320","owner_name":"ROBINSON RICHARD W TOD & KAYLE M TOD","property_address":" THWING RD","property_city":"CHARDON","property_zip":"44024"}},{"type":"Feature","geometry":{"type":"Polygon","coordinates":[[[-81.2260938382578,41.5712979164715],[-81.2262484475112,41.5712968397586],[-81.2262551597891,41.5715511829839],[-81.2260272620804,41.5715527686672],[-81.2260938382578,41.5712979164715]]]},"properties":{"source_county":"Geauga","jurisdiction":"City of Chardon","parcel_id":"10-125340","owner_name":"ROBINSON RICHARD W TOD & KAYLE M TOD","property_address":" THWING RD","property_city":"CHARDON","property_zip":"44024"}},{"type":"Feature","geometry":{"type":"Polygon","coordinates":[[[-81.2252956947024,41.5701136986358],[-81.2257522141951,41.570110518836],[-81.2257466879352,41.5707016392357],[-81.2257048089859,41.5707019316135],[-81.2256810242069,41.5711635807646],[-81.2252867861229,41.5711663274082],[-81.2253196439474,41.5707046104059],[-81.2252956947024,41.5701136986358]]]},"properties":{"source_county":"Geauga","jurisdiction":"City of Chardon","parcel_id":"10-013600","owner_name":"PARANISH KIMBERLY M","property_address":"148 THWING RD","property_city":"CHARDON","property_zip":"44024"}},{"type":"Feature","geometry":{"type":"Polygon","coordinates":[[[-81.2248498918484,41.5701168025116],[-81.2252956947024,41.5701136986358],[-81.2253196439474,41.5707046104059],[-81.2252867861229,41.5711663274082],[-81.2248925468245,41.5711690718001],[-81.2248498918484,41.5701168025116]]]},"properties":{"source_county":"Geauga","jurisdiction":"City of Chardon","parcel_id":"10-054430","owner_name":"GALLOWAY BARBARA B TOD & NORMAN F TOD","property_address":"142 THWING RD","property_city":"CHARDON","property_zip":"44024"}},{"type":"Feature","geometry":{"type":"Polygon","coordinates":[[[-81.2262094867858,41.5701073319953],[-81.2267576375743,41.5701035162012],[-81.226778856349,41.5707564800921],[-81.2262342882563,41.57076027591],[-81.2262094867858,41.5701073319953]]]},"properties":{"source_county":"Geauga","jurisdiction":"City of Chardon","parcel_id":"10-058580","owner_name":"KLASSEN JOHN N","property_address":"11524 THWING RD","property_city":"CHARDON","property_zip":"44024"}},{"type":"Feature","geometry":{"type":"Polygon","coordinates":[[[-81.2262342882563,41.57076027591],[-81.226778856349,41.5707564800921],[-81.226796316858,41.571293024192],[-81.226265706543,41.5712967192929],[-81.2262484475129,41.5712968397614],[-81.2262342882563,41.57076027591]]]},"properties":{"source_county":"Geauga","jurisdiction":"City of Chardon","parcel_id":"10-058600","owner_name":"KLASSEN JOHN N","property_address":" THWING RD","property_city":"CHARDON","property_zip":"44024"}},{"type":"Feature","geometry":{"type":"Polygon","coordinates":[[[-81.2267576375743,41.5701035162012],[-81.2272695005789,41.5700999601837],[-81.2273076796702,41.5712894606209],[-81.226796316858,41.571293024192],[-81.226778856349,41.5707564800921],[-81.2267576375743,41.5701035162012]]]},"properties":{"source_county":"Geauga","jurisdiction":"City of Chardon","parcel_id":"10-061400","owner_name":"GROVER STEPHEN DALLAS & JENNA MARIE","property_address":"272 THWING RD","property_city":"CHARDON","property_zip":"44024"}},{"type":"Feature","geometry":{"type":"Polygon","coordinates":[[[-81.2272695005789,41.5700999601837],[-81.2276535944778,41.570097290243],[-81.2276916943644,41.5712867824068],[-81.2273076796702,41.5712894606209],[-81.2272695005789,41.5700999601837]]]},"properties":{"source_county":"Geauga","jurisdiction":"City of Chardon","parcel_id":"10-106600","owner_name":"HAUETER HAYDN","property_address":"292 THWING RD","property_city":"CHARDON","property_zip":"44024"}},{"type":"Feature","geometry":{"type":"Polygon","coordinates":[[[-81.2257100373321,41.5714524765419],[-81.2257178661192,41.5713005218714],[-81.2248981119527,41.5713062289682],[-81.2248925468245,41.5711690718001],[-81.2252867861229,41.5711663274082],[-81.2256810242069,41.5711635807646],[-81.2257048089859,41.5707019316135],[-81.2257466879352,41.5707016392357],[-81.2257522141951,41.570110518836],[-81.2262094867858,41.5701073319953],[-81.2262342882563,41.57076027591],[-81.2257784216864,41.5707496981201],[-81.2257100373321,41.5714524765419]]]},"properties":{"source_county":"Geauga","jurisdiction":"City of Chardon","parcel_id":"10-125100","owner_name":"ROBINSON RICHARD W TOD & KAYLE M TOD","property_address":"210 THWING RD","property_city":"CHARDON","property_zip":"44024"}},{"type":"Feature","geometry":{"type":"Polygon","coordinates":[[[-81.2257100373321,41.5714524765419],[-81.2257784216864,41.5707496981201],[-81.2262342882563,41.57076027591],[-81.2260938382595,41.5712979164743],[-81.2260272620821,41.57155276867],[-81.2257100373321,41.5714524765419]]]},"properties":{"source_county":"Geauga","jurisdiction":"City of Chardon","parcel_id":"10-125300","owner_name":"ROBINSON RICHARD W TOD & KAYLE M TOD","property_address":" THWING RD","property_city":"CHARDON","property_zip":"44024"}},{"type":"Feature","geometry":{"type":"Polygon","coordinates":[[[-81.2260938382595,41.5712979164743],[-81.2262342882563,41.57076027591],[-81.2262484475129,41.5712968397614],[-81.2260938382595,41.5712979164743]]]},"properties":{"source_county":"Geauga","jurisdiction":"City of Chardon","parcel_id":"10-125320","owner_name":"ROBINSON RICHARD W TOD & KAYLE M TOD","property_address":" THWING RD","property_city":"CHARDON","property_zip":"44024"}},{"type":"Feature","geometry":{"type":"Polygon","coordinates":[[[-81.2260938382595,41.5712979164743],[-81.2262484475129,41.5712968397614],[-81.2262551597908,41.5715511829867],[-81.2260272620821,41.57155276867],[-81.2260938382595,41.5712979164743]]]},"properties":{"source_county":"Geauga","jurisdiction":"City of Chardon","parcel_id":"10-125340","owner_name":"ROBINSON RICHARD W TOD & KAYLE M TOD","property_address":" THWING RD","property_city":"CHARDON","property_zip":"44024"}},{"type":"Feature","geometry":{"type":"Polygon","coordinates":[[[-81.232154006297,41.5562016904125],[-81.2322079207715,41.5561908680876],[-81.2324367697366,41.5565459919827],[-81.2313752391599,41.5568439570194],[-81.231305245303,41.5566702956156],[-81.2311940353099,41.5563943730157],[-81.231750338678,41.556282714221],[-81.232154006297,41.5562016904125]]]},"properties":{"source_county":"Geauga","jurisdiction":"Munson Township","parcel_id":"21-000600","owner_name":"ADAMS PATRICIA ANN TRUSTEE","property_address":" WILBERT RD","property_city":"CHARDON","property_zip":"44024"}},{"type":"Feature","geometry":{"type":"Polygon","coordinates":[[[-81.2313752391599,41.5568439570194],[-81.2324367697366,41.5565459919827],[-81.232531299169,41.5566926805992],[-81.2326652056279,41.5569004724002],[-81.231549925241,41.5572773605131],[-81.2315097784522,41.5571777559539],[-81.2313752391599,41.5568439570194]]]},"properties":{"source_county":"Geauga","jurisdiction":"Munson Township","parcel_id":"21-000700","owner_name":"ADAMS PATRICIA ANN TRUSTEE","property_address":"11565 WILBERT RD","property_city":"CHARDON","property_zip":"44024"}},{"type":"Feature","geometry":{"type":"Polygon","coordinates":[[[-81.2463132303788,41.5504208819273],[-81.2477745528709,41.5504107598208],[-81.2477506113638,41.5508596620911],[-81.2462892776567,41.5508697838818],[-81.2463064028158,41.5505488295246],[-81.2463132303788,41.5504208819273]]]},"properties":{"source_county":"Geauga","jurisdiction":"Munson Township","parcel_id":"21-000750","owner_name":"MANSFIELD WILLIAM & ANTOINETTE","property_address":"11775 SUN RIDGE CIR","property_city":"CHARDON","property_zip":"44024"}},{"type":"Feature","geometry":{"type":"Polygon","coordinates":[[[-81.2407217520261,41.5684314368178],[-81.2408085980534,41.5671981817877],[-81.24250914561,41.5672656958606],[-81.2425073002973,41.5672919233295],[-81.2424532827049,41.568059288748],[-81.2424223313921,41.568498958437],[-81.2407217520261,41.5684314368178]]]},"properties":{"source_county":"Geauga","jurisdiction":"Munson Township","parcel_id":"21-000800","owner_name":"ALEXANDER PATRICK R","property_address":"11189 AUBURN RD","property_city":"CHARDON","property_zip":"44024"}},{"type":"Feature","geometry":{"type":"Polygon","coordinates":[[[-81.2410758984659,41.5699921827131],[-81.2410691737489,41.5693498760467],[-81.2394277501637,41.569359514058],[-81.2394562075765,41.5688104446122],[-81.2424016234164,41.5687931327032],[-81.2423512654619,41.5695084792269],[-81.2423174127121,41.569983398399],[-81.2410758984659,41.5699921827131]]]},"properties":{"source_county":"Geauga","jurisdiction":"Munson Township","parcel_id":"21-000900","owner_name":"LLGC LLC","property_address":"11125 THWING RD","property_city":"CHARDON","property_zip":"44024"}},{"type":"Feature","geometry":{"type":"Polygon","coordinates":[[[-81.2445475183916,41.5633742819181],[-81.2436989363154,41.5633406016211],[-81.2436954103075,41.56340910156],[-81.2427831544576,41.5633728859449],[-81.2428413978423,41.5625453654603],[-81.2438573659195,41.5625894033117],[-81.2444528360163,41.5626152104611],[-81.2457348237027,41.5626707599144],[-81.2457893725714,41.5615834428941],[-81.2458141422798,41.5610896916196],[-81.2458361598978,41.560650800831],[-81.2458581772036,41.560211910876],[-81.2458801808075,41.5597732827522],[-81.2458916966253,41.5595437099753],[-81.2458917757715,41.5595437090291],[-81.2458919040802,41.5595437077135],[-81.2466063059251,41.5595355974908],[-81.2473224536048,41.5595274620885],[-81.2473310267402,41.5626578758702],[-81.2459607478145,41.5626602996845],[-81.2459667519906,41.564581383281],[-81.2456735376056,41.5647794972776],[-81.2456678903301,41.5647833137818],[-81.2453374996474,41.5650065443124],[-81.2445475183916,41.5633742819181]]]},"properties":{"source_county":"Geauga","jurisdiction":"Munson Township","parcel_id":"21-001100","owner_name":"LLGC LLC","property_address":"11356 AUBURN RD","property_city":"CHARDON","property_zip":"44024"}},{"type":"Feature","geometry":{"type":"Polygon","coordinates":[[[-81.2425371184203,41.5668683113135],[-81.2427831544576,41.5633728859449],[-81.2436954103075,41.56340910156],[-81.2436471954385,41.5640942488554],[-81.2434551012309,41.5642240344207],[-81.2432410079486,41.5672660853238],[-81.2425111584709,41.5672371118253],[-81.2425371184203,41.5668683113135]]]},"properties":{"source_county":"Geauga","jurisdiction":"Munson Township","parcel_id":"21-001200","owner_name":"LLGC LLC","property_address":" AUBURN RD","property_city":"CHARDON","property_zip":"44024"}},{"type":"Feature","geometry":{"type":"Polygon","coordinates":[[[-81.2424532827049,41.568059288748],[-81.2425073002973,41.5672919233295],[-81.2432371505569,41.5673208878488],[-81.2436864866225,41.567695999405],[-81.2431689803159,41.5680877005159],[-81.2424532827049,41.568059288748]]]},"properties":{"source_county":"Geauga","jurisdiction":"Munson Township","parcel_id":"21-001300","owner_name":"LLGC LLC","property_address":" AUBURN RD","property_city":"CHARDON","property_zip":"44024"}},{"type":"Feature","geometry":{"type":"Polygon","coordinates":[[[-81.2418401168782,41.5668406374543],[-81.241321674355,41.5664079053269],[-81.2416329115104,41.5664202995941],[-81.2412483078192,41.5645914761952],[-81.2413640556332,41.5629473714917],[-81.2411086226577,41.5629372562475],[-81.2411375608924,41.5625262304351],[-81.2428413978423,41.5625453654603],[-81.2427831544576,41.5633728859449],[-81.2425371184203,41.5668683113135],[-81.2418401168782,41.5668406374543]]]},"properties":{"source_county":"Geauga","jurisdiction":"Munson Township","parcel_id":"21-001400","owner_name":"LLGC LLC","property_address":" AUBURN RD","property_city":"CHARDON","property_zip":"44024"}},{"type":"Feature","geometry":{"type":"Polygon","coordinates":[[[-81.2394277501637,41.569359514058],[-81.2410691737489,41.5693498760467],[-81.2410758984659,41.5699921827131],[-81.239394371615,41.5700040592182],[-81.2394277501637,41.569359514058]]]},"properties":{"source_county":"Geauga","jurisdiction":"Munson Township","parcel_id":"21-001500","owner_name":"LLGC LLC","property_address":" THWING RD","property_city":"CHARDON","property_zip":"44024"}},{"type":"Feature","geometry":{"type":"Polygon","coordinates":[[[-81.229236138457,41.5516951328702],[-81.2294021849191,41.5515312284896],[-81.2295113557317,41.5516042004415],[-81.2296176757966,41.5516795102079],[-81.2293333794212,41.5519547546664],[-81.2291506742298,41.5517794940912],[-81.229236138457,41.5516951328702]]]},"properties":{"source_county":"Geauga","jurisdiction":"Munson Township","parcel_id":"21-001600","owner_name":"TVK BASSWOOD LLC","property_address":"11753 BASSWOOD RD","property_city":"CHARDON","property_zip":"44024"}},{"type":"Feature","geometry":{"type":"Polygon","coordinates":[[[-81.2288779209304,41.5514570050258],[-81.2290227480739,41.5513076982014],[-81.2291202398206,41.5513610174076],[-81.2292160126348,41.5514160665247],[-81.2293100121281,41.5514728142933],[-81.2294021849191,41.5515312284896],[-81.229236138457,41.5516951328702],[-81.2288779209304,41.5514570050258]]]},"properties":{"source_county":"Geauga","jurisdiction":"Munson Township","parcel_id":"21-001700","owner_name":"TVK BASSWOOD LLC","property_address":" LAKEVIEW RD","property_city":"CHARDON","property_zip":"44024"}},{"type":"Feature","geometry":{"type":"Polygon","coordinates":[[[-81.2293333794212,41.5519547546664],[-81.2296176757966,41.5516795102079],[-81.2297210581052,41.551757093742],[-81.2298214135124,41.5518368884949],[-81.2295153041048,41.5521292670856],[-81.2293333794212,41.5519547546664]]]},"properties":{"source_county":"Geauga","jurisdiction":"Munson Township","parcel_id":"21-001800","owner_name":"TVK BASSWOOD LLC","property_address":" BASSWOOD RD","property_city":"CHARDON","property_zip":"44024"}},{"type":"Feature","geometry":{"type":"Polygon","coordinates":[[[-81.24017999265,41.555820298673],[-81.2402522271891,41.5557783153629],[-81.2411339106319,41.5567939013832],[-81.2403789947519,41.5572297951079],[-81.2401923039489,41.5573375908894],[-81.2392146221146,41.5563813712517],[-81.2394782094953,41.5562281770087],[-81.2397382760472,41.5560770267952],[-81.2399141231489,41.5559748240665],[-81.24017999265,41.555820298673]]]},"properties":{"source_county":"Geauga","jurisdiction":"Munson Township","parcel_id":"21-001900","owner_name":"HARRIS MARY L TOD","property_address":"11180 WILSON MILLS RD","property_city":"CHARDON","property_zip":"44024"}},{"type":"Feature","geometry":{"type":"Polygon","coordinates":[[[-81.2367072976948,41.553841881733],[-81.2371334420244,41.5533272337619],[-81.237234378299,41.5533610150805],[-81.237393913172,41.5534200959555],[-81.2375494909597,41.5534848581968],[-81.2377007533483,41.5535551526543],[-81.2378473519591,41.5536308174364],[-81.2372222680754,41.5542547313838],[-81.2370940024812,41.55417467866],[-81.2369623926387,41.5540977497988],[-81.2368275733356,41.5540240235801],[-81.2366896826449,41.553953575504],[-81.2366363259596,41.5539275928758],[-81.2366942210211,41.5538576745802],[-81.2367072976948,41.553841881733]]]},"properties":{"source_county":"Geauga","jurisdiction":"Munson Township","parcel_id":"21-001980","owner_name":"SOUCEK JOSEPH J & MARY M","property_address":"11612 ORIOLE PL","property_city":"CHARDON","property_zip":"44024"}},{"type":"Feature","geometry":{"type":"Polygon","coordinates":[[[-81.2502425534314,41.5599233515548],[-81.2485672844173,41.5595133116557],[-81.2473224536048,41.5595274620885],[-81.2466063059251,41.5595355974908],[-81.2466064591227,41.559527654116],[-81.2466218239121,41.5587335844634],[-81.2484383812332,41.558708462358],[-81.2492787643858,41.558706237585],[-81.2500663933169,41.5595011876134],[-81.2502983247195,41.5597352703731],[-81.2502746005968,41.5597537937029],[-81.2502550032598,41.5597748642668],[-81.2502400101905,41.5597979686925],[-81.2502299866918,41.5598225440531],[-81.2502251769869,41.5598479915827],[-81.2502256982679,41.5598736912648],[-81.2502315378403,41.5598990169385],[-81.2502425534314,41.5599233515548]]]},"properties":{"source_county":"Geauga","jurisdiction":"Munson Township","parcel_id":"21-002070","owner_name":"YANDALA DOUGLAS B","property_address":"11455 FOWLERS MILL RD","property_city":"CHARDON","property_zip":"44024"}},{"type":"Feature","geometry":{"type":"Polygon","coordinates":[[[-81.2265661357698,41.5637267817031],[-81.2270326010428,41.5634566411084],[-81.2285180596478,41.5650468340494],[-81.2277984076295,41.5650543853202],[-81.2265661357698,41.5637267817031]]]},"properties":{"source_county":"Geauga","jurisdiction":"Munson Township","parcel_id":"21-002090","owner_name":"WINGREN ANTON ERIK & SUZANNE MARIE TRUSTEES","property_address":"11520 WILSON MILLS RD","property_city":"CHARDON","property_zip":"44024"}},{"type":"Feature","geometry":{"type":"Polygon","coordinates":[[[-81.2344106661095,41.5530026935074],[-81.2344402439741,41.5526873422323],[-81.2347901147402,41.5527058579709],[-81.2347537718134,41.5530933705363],[-81.2345913720245,41.5530158032691],[-81.2344106661095,41.5530026935074]]]},"properties":{"source_county":"Geauga","jurisdiction":"Munson Township","parcel_id":"21-002350","owner_name":"ENGDAHL JONATHAN R & JANICE E TRUSTEES","property_address":"11296 BROOKSIDE RD","property_city":"CHARDON","property_zip":"44024"}},{"type":"Feature","geometry":{"type":"Polygon","coordinates":[[[-81.2296035933029,41.5527344925344],[-81.2298756134199,41.5524762171594],[-81.2299645076369,41.5525622540199],[-81.2299822382552,41.5525794151106],[-81.2299822818154,41.5525794561094],[-81.2300534032685,41.5526482917234],[-81.2299779227333,41.5527207627401],[-81.2299778787482,41.5527208054826],[-81.2297832521981,41.5529076730465],[-81.2296035933029,41.5527344925344]]]},"properties":{"source_county":"Geauga","jurisdiction":"Munson Township","parcel_id":"21-002900","owner_name":"DI MEOLO GREGORY L & KAREN M","property_address":" OVERLOOK RD","property_city":"CHARDON","property_zip":"44024"}},{"type":"Feature","geometry":{"type":"Polygon","coordinates":[[[-81.2238784593388,41.5669671015819],[-81.229397225683,41.5669270362195],[-81.2293854214786,41.567247473736],[-81.2293793575744,41.567412074751],[-81.2288310583364,41.5674169357137],[-81.2277955681896,41.5674261091093],[-81.2269914137598,41.5674332260267],[-81.2261872591379,41.567440338276],[-81.2253831043588,41.5674474440565],[-81.2245789493879,41.567454545169],[-81.2237913909127,41.567461493533],[-81.2238784593388,41.5669671015819]]]},"properties":{"source_county":"Geauga","jurisdiction":"Munson Township","parcel_id":"21-003400","owner_name":"DAYOK EDWARD A & VELOTTA ANGELINA","property_address":"11654 WILSON MILLS RD","property_city":"CHARDON","property_zip":"44024"}},{"type":"Feature","geometry":{"type":"Polygon","coordinates":[[[-81.2240763011028,41.5664714836722],[-81.2294154355741,41.5664327100834],[-81.2294136675674,41.5664807040254],[-81.229397225683,41.5669270362195],[-81.2238784593388,41.5669671015819],[-81.2239349223999,41.5666464859991],[-81.223965599464,41.5664722852559],[-81.2240763011028,41.5664714836722]]]},"properties":{"source_county":"Geauga","jurisdiction":"Munson Township","parcel_id":"21-003500","owner_name":"PETSCHE JOSEPH J & BETH A","property_address":" WILSON MILLS RD","property_city":"CHARDON","property_zip":"44024"}},{"type":"Feature","geometry":{"type":"Polygon","coordinates":[[[-81.2262891185397,41.5551784628325],[-81.2265838516375,41.5549041255246],[-81.2266285437714,41.5549422188813],[-81.2266755559084,41.5549787026517],[-81.2265035933368,41.5551389587613],[-81.2263735625775,41.5552601374854],[-81.2262891185397,41.5551784628325]]]},"properties":{"source_county":"Geauga","jurisdiction":"Munson Township","parcel_id":"21-005300","owner_name":"LESTOCK WILLIAM E &TARA V","property_address":" ROCKSIDE RD","property_city":"CHARDON","property_zip":"44024"}},{"type":"Feature","geometry":{"type":"Polygon","coordinates":[[[-81.2259940510775,41.5554542077019],[-81.2262891185397,41.5551784628325],[-81.2263735625775,41.5552601374854],[-81.2263303051828,41.5553004490616],[-81.2260780903179,41.5555354909079],[-81.2259940510775,41.5554542077019]]]},"properties":{"source_county":"Geauga","jurisdiction":"Munson Township","parcel_id":"21-005310","owner_name":"LESTOCK WILLIAM E &TARA V","property_address":" FOREST RD","property_city":"CHARDON","property_zip":"44024"}},{"type":"Feature","geometry":{"type":"Polygon","coordinates":[[[-81.2267262723093,41.5558666055142],[-81.2267948734415,41.5555669933254],[-81.2268674631434,41.5556086402808],[-81.2270694924653,41.5556039378786],[-81.2270902452293,41.5556707559562],[-81.2271154663928,41.5557367010197],[-81.2271450915328,41.5558016045891],[-81.2271790449741,41.5558653008446],[-81.2271230873067,41.5558736288335],[-81.2270666064341,41.5558796425448],[-81.2270097718709,41.5558833239298],[-81.226952754193,41.5558846619396],[-81.2268957245263,41.5558836525585],[-81.2268388540325,41.5558802988159],[-81.2267823133956,41.5558746107774],[-81.2267262723093,41.5558666055142]]]},"properties":{"source_county":"Geauga","jurisdiction":"Munson Township","parcel_id":"21-005320","owner_name":"LESTOCK WILLIAM E &TARA V","property_address":" PARKSIDE RD","property_city":"CHARDON","property_zip":"44024"}},{"type":"Feature","geometry":{"type":"Polygon","coordinates":[[[-81.2263596897704,41.5557474807702],[-81.2265625894476,41.5554337209851],[-81.2267948734415,41.5555669933254],[-81.2267262723093,41.5558666055142],[-81.226677471962,41.5558576564944],[-81.2266293029771,41.5558469501157],[-81.2265818774522,41.5558345112936],[-81.2265353057547,41.5558203689756],[-81.2264896962645,41.5558045560733],[-81.2264451551222,41.555787109386],[-81.2264017859821,41.5557680695153],[-81.2263596897704,41.5557474807702]]]},"properties":{"source_county":"Geauga","jurisdiction":"Munson Township","parcel_id":"21-005330","owner_name":"LESTOCK WILLIAM E &TARA V","property_address":" PARKSIDE RD","property_city":"CHARDON","property_zip":"44024"}},{"type":"Feature","geometry":{"type":"Polygon","coordinates":[[[-81.2260780903179,41.5555354909079],[-81.2263303051828,41.5553004490616],[-81.2265625894476,41.5554337209851],[-81.2263596897704,41.5557474807702],[-81.2262975923832,41.5557128655963],[-81.2262390860983,41.5556748844849],[-81.2261844935517,41.5556337468889],[-81.226134115795,41.5555896796682],[-81.2260780903179,41.5555354909079]]]},"properties":{"source_county":"Geauga","jurisdiction":"Munson Township","parcel_id":"21-005340","owner_name":"LESTOCK WILLIAM E &TARA V","property_address":" FOREST RD","property_city":"CHARDON","property_zip":"44024"}},{"type":"Feature","geometry":{"type":"Polygon","coordinates":[[[-81.2263735625775,41.5552601374854],[-81.2265035933368,41.5551389587613],[-81.2269188002715,41.5553771817418],[-81.2270387442038,41.5554053082194],[-81.2270411237194,41.5554553574252],[-81.227047054535,41.5555052400048],[-81.227056519767,41.5555548138868],[-81.2270694924653,41.5556039378786],[-81.2268674631434,41.5556086402808],[-81.2267948734415,41.5555669933254],[-81.2265625894476,41.5554337209851],[-81.2263303051828,41.5553004490616],[-81.2263735625775,41.5552601374854]]]},"properties":{"source_county":"Geauga","jurisdiction":"Munson Township","parcel_id":"21-005350","owner_name":"LESTOCK WILLIAM E &TARA V","property_address":"11520 PARKSIDE RD","property_city":"CHARDON","property_zip":"44024"}},{"type":"Feature","geometry":{"type":"Polygon","coordinates":[[[-81.2265035933368,41.5551389587613],[-81.2266755559084,41.5549787026517],[-81.2267606051361,41.5550395521121],[-81.2268510162639,41.5550958712893],[-81.2269032684987,41.5551257707402],[-81.2269569834051,41.5551541701783],[-81.2270120847049,41.555181029274],[-81.2270684941507,41.5552063098849],[-81.2270552983166,41.5552554887931],[-81.2270459224876,41.5553051598468],[-81.2270403982461,41.5553551557769],[-81.2270387442038,41.5554053082194],[-81.2269188002715,41.5553771817418],[-81.2265035933368,41.5551389587613]]]},"properties":{"source_county":"Geauga","jurisdiction":"Munson Township","parcel_id":"21-005360","owner_name":"LESTOCK WILLIAM E &TARA V","property_address":" PARKSIDE RD","property_city":"CHARDON","property_zip":"44024"}},{"type":"Feature","geometry":{"type":"Polygon","coordinates":[[[-81.2414230681639,41.5593029077001],[-81.2414514945231,41.5588991175676],[-81.2428733858074,41.5589209697497],[-81.2428951560976,41.5589229521414],[-81.2429159653584,41.5589281497303],[-81.2429349807349,41.558936354492],[-81.2429514411684,41.5589472380449],[-81.2429646878566,41.5589603647931],[-81.242974190621,41.5589752093607],[-81.2429795691264,41.5589911776183],[-81.242980608104,41.5590076304622],[-81.2430902585368,41.5590093154827],[-81.2430703494467,41.5592922234096],[-81.2430679329733,41.5593265590936],[-81.2414230681639,41.5593029077001]]]},"properties":{"source_county":"Geauga","jurisdiction":"Munson Township","parcel_id":"21-005585","owner_name":"DASCO ALEXANDER JOSEPH","property_address":"11110 WEXFORD DR","property_city":"CHARDON","property_zip":"44024"}},{"type":"Feature","geometry":{"type":"Polygon","coordinates":[[[-81.238152364564,41.5604809076119],[-81.2381813262371,41.5600698210398],[-81.2397725584578,41.5601070449538],[-81.239743606737,41.5605181328179],[-81.238152364564,41.5604809076119]]]},"properties":{"source_county":"Geauga","jurisdiction":"Munson Township","parcel_id":"21-005590","owner_name":"ONDERDONK JULIE J & SCHIEMANN PAUL G","property_address":"11525 UPPER CHELSEA DR","property_city":"CHARDON","property_zip":"44024"}},{"type":"Feature","geometry":{"type":"Polygon","coordinates":[[[-81.2302854262768,41.5574912207129],[-81.2305449336104,41.5574769498757],[-81.2305463848354,41.557494302946],[-81.2305505184336,41.5575697789056],[-81.2305490187301,41.5576453102972],[-81.2305402355885,41.5578335011584],[-81.2297968064871,41.5578139224554],[-81.2297967477718,41.5578139209125],[-81.229806369813,41.5576195501676],[-81.2298063717623,41.5576195114677],[-81.2298114327856,41.5575172842599],[-81.2302854262768,41.5574912207129]]]},"properties":{"source_county":"Geauga","jurisdiction":"Munson Township","parcel_id":"21-005710","owner_name":"BARNES DIANNE MARIE TOD","property_address":"11535 ORCHARD RD","property_city":"CHARDON","property_zip":"44024"}},{"type":"Feature","geometry":{"type":"Polygon","coordinates":[[[-81.2287331787699,41.5516062225506],[-81.2288779209304,41.5514570050258],[-81.229236138457,41.5516951328702],[-81.2291506742298,41.5517794940912],[-81.2290591379858,41.5518698491114],[-81.2287331787699,41.5516062225506]]]},"properties":{"source_county":"Geauga","jurisdiction":"Munson Township","parcel_id":"21-005850","owner_name":"BOHM STEPHEN","property_address":"11460 LAKEVIEW RD","property_city":"CHARDON","property_zip":"44024"}},{"type":"Feature","geometry":{"type":"Polygon","coordinates":[[[-81.2285881949847,41.5517556875867],[-81.2287331787699,41.5516062225506],[-81.2290591379858,41.5518698491114],[-81.2288849683839,41.552041769423],[-81.2285881949847,41.5517556875867]]]},"properties":{"source_county":"Geauga","jurisdiction":"Munson Township","parcel_id":"21-005860","owner_name":"BOHM STEPHEN","property_address":" LAKEVIEW RD","property_city":"CHARDON","property_zip":"44024"}},{"type":"Feature","geometry":{"type":"Polygon","coordinates":[[[-81.2415499199341,41.5574964645539],[-81.2415502424456,41.5574964014131],[-81.2415502376562,41.5574964634952],[-81.2415214907564,41.5579048329507],[-81.2414926498003,41.5583145223509],[-81.2403364985747,41.5582142400508],[-81.2408020235721,41.5576432647841],[-81.2415499199341,41.5574964645539]]]},"properties":{"source_county":"Geauga","jurisdiction":"Munson Township","parcel_id":"21-006700","owner_name":"PHAN JAMES R TOD & VIRETTA JANE TOD","property_address":"11584 LOWER CHELSEA DR","property_city":"CHARDON","property_zip":"44024"}},{"type":"Feature","geometry":{"type":"Polygon","coordinates":[[[-81.2253762537811,41.5549905201937],[-81.2254518695584,41.5549297969786],[-81.2257419370046,41.5552103577324],[-81.2259100132442,41.5553729244461],[-81.2259940510775,41.5554542077019],[-81.2259212878137,41.5555179837241],[-81.2253762537811,41.5549905201937]]]},"properties":{"source_county":"Geauga","jurisdiction":"Munson Township","parcel_id":"21-007600","owner_name":"BAYER DANIEL J TOD & MICHELE A TOD","property_address":" FOREST RD","property_city":"CHARDON","property_zip":"44024"}},{"type":"Feature","geometry":{"type":"Polygon","coordinates":[[[-81.2406564044035,41.5575008943874],[-81.2403789947519,41.5572297951079],[-81.2411339106319,41.5567939013832],[-81.2412480244936,41.5567280105156],[-81.2412961102286,41.5567961704994],[-81.2417940218185,41.5575019475203],[-81.2415502424456,41.5574964014131],[-81.2415499199341,41.5574964645539],[-81.2408020235721,41.5576432647841],[-81.2406564044035,41.5575008943874]]]},"properties":{"source_county":"Geauga","jurisdiction":"Munson Township","parcel_id":"21-007900","owner_name":"PHAN JAMES R TOD & VIRETTA JANE TOD AKA JANE TOD","property_address":"11595 LOWER CHELSEA DR","property_city":"CHARDON","property_zip":"44024"}},{"type":"Feature","geometry":{"type":"Polygon","coordinates":[[[-81.2321582134624,41.5604820133092],[-81.2324325832269,41.5603225888586],[-81.2327513846222,41.5601373435212],[-81.2328183850231,41.5602025554181],[-81.2328608453639,41.5602394824387],[-81.2329084591909,41.5602726749347],[-81.2329606479235,41.5603017295619],[-81.2330167773861,41.5603262932574],[-81.2330761655137,41.5603460675306],[-81.2331380906411,41.56036081209],[-81.2332018002723,41.5603703477639],[-81.2332665202253,41.5603745586773],[-81.2346921457677,41.5604080408304],[-81.235172320782,41.5601296904208],[-81.2356524904994,41.5598513388878],[-81.2361326561361,41.5595729853439],[-81.2361824119126,41.5596213466652],[-81.236147439946,41.5604437599618],[-81.2376251132818,41.5604784272503],[-81.2376972585793,41.5587431550572],[-81.2382994335793,41.5583933169473],[-81.2382678131682,41.5588421766199],[-81.2382392485274,41.5592476459089],[-81.238210287564,41.5596587335054],[-81.2381813262371,41.5600698210398],[-81.238152364564,41.5604809076119],[-81.23812340251,41.5608919950221],[-81.2380944400926,41.5613030823703],[-81.2366783935819,41.5612699373544],[-81.2367182189477,41.5606246731074],[-81.2321582134624,41.5604820133092]]]},"properties":{"source_county":"Geauga","jurisdiction":"Munson Township","parcel_id":"21-009100","owner_name":"KRAMER TONY A & CATHERINE","property_address":"11360 WILSON MILLS RD","property_city":"CHARDON","property_zip":"44024"}},{"type":"Feature","geometry":{"type":"Polygon","coordinates":[[[-81.2279518715256,41.5567284847746],[-81.2280980156775,41.5567274816193],[-81.2281040588678,41.5572244053533],[-81.2279579151228,41.5572255156915],[-81.2279518715256,41.5567284847746]]]},"properties":{"source_county":"Geauga","jurisdiction":"Munson Township","parcel_id":"21-013400","owner_name":"GERIN AMY C","property_address":" PARKWAY RD","property_city":"CHARDON","property_zip":"44024"}},{"type":"Feature","geometry":{"type":"Polygon","coordinates":[[[-81.2334958207521,41.5543187120298],[-81.2337078629688,41.553835973792],[-81.2341999779564,41.5539757434827],[-81.2347050575246,41.5541181953464],[-81.2342480048922,41.5544677990404],[-81.234184524621,41.5544386879422],[-81.2341186737139,41.5544127175],[-81.2340507271803,41.5543899961716],[-81.233980968781,41.5543706188461],[-81.2339096898422,41.5543546664471],[-81.2338371880397,41.5543422055949],[-81.2337637661555,41.5543332883286],[-81.2336897308139,41.5543279518883],[-81.2334958207521,41.5543187120298]]]},"properties":{"source_county":"Geauga","jurisdiction":"Munson Township","parcel_id":"21-014170","owner_name":"WELLS URSULA T & ROBERT JAMES","property_address":"11652 BASSWOOD RD","property_city":"CHARDON","property_zip":"44024"}},{"type":"Feature","geometry":{"type":"Polygon","coordinates":[[[-81.2304085641418,41.5529922363862],[-81.2306507700526,41.5527538493116],[-81.230826287686,41.5530147604376],[-81.2305676530613,41.5531698822722],[-81.2304085641418,41.5529922363862]]]},"properties":{"source_county":"Geauga","jurisdiction":"Munson Township","parcel_id":"21-014400","owner_name":"KELLER SHARON TOD","property_address":"11703 BASSWOOD RD","property_city":"CHARDON","property_zip":"44024"}},{"type":"Feature","geometry":{"type":"Polygon","coordinates":[[[-81.2414630782954,41.5587345729356],[-81.2414919823809,41.5583239882894],[-81.2431368238336,41.5583476387275],[-81.2431281638431,41.558470685387],[-81.2431078149596,41.5587598479208],[-81.2429981469643,41.5587581627222],[-81.2414630782954,41.5587345729356]]]},"properties":{"source_county":"Geauga","jurisdiction":"Munson Township","parcel_id":"21-014420","owner_name":"ROSBORIL JOSEPH A TOD & YVONNE F TOD","property_address":"11501 AUBURN RD","property_city":"CHARDON","property_zip":"44024"}},{"type":"Feature","geometry":{"type":"Polygon","coordinates":[[[-81.2354892539094,41.5542767253869],[-81.2355687348976,41.5541671976965],[-81.2361128814587,41.5545358613259],[-81.2361660294383,41.5545718689107],[-81.2350425865611,41.5552272645484],[-81.2346961482635,41.5548922519051],[-81.2346963373977,41.5548921423051],[-81.2350853565021,41.5546658846229],[-81.2351361420001,41.5546345724546],[-81.2351847347904,41.554601355005],[-81.2352310083336,41.5545663187771],[-81.2352748421303,41.5545295550105],[-81.2353161220354,41.554491159443],[-81.2353547405549,41.554451232062],[-81.2353905971259,41.5544098768435],[-81.2354235983788,41.5543672014819],[-81.2354892539094,41.5542767253869]]]},"properties":{"source_county":"Geauga","jurisdiction":"Munson Township","parcel_id":"21-014650","owner_name":"HUTTER MATTHEW O","property_address":"11624 BASSWOOD RD","property_city":"CHARDON","property_zip":"44024"}},{"type":"Feature","geometry":{"type":"Polygon","coordinates":[[[-81.2421670924502,41.5558446530012],[-81.2422520154501,41.5557228133879],[-81.2433197558085,41.5557480592493],[-81.2433037616551,41.5559753558529],[-81.2432811845368,41.556296196338],[-81.2418761296412,41.5562620933601],[-81.2421670924502,41.5558446530012]]]},"properties":{"source_county":"Geauga","jurisdiction":"Munson Township","parcel_id":"21-015400","owner_name":"GILLES DAVID R & JENNIFER L","property_address":"11583 AUBURN RD","property_city":"CHARDON","property_zip":"44024"}},{"type":"Feature","geometry":{"type":"Polygon","coordinates":[[[-81.2280205093354,41.5543698384024],[-81.228298027635,41.5540835017966],[-81.2283875943694,41.5541698389469],[-81.2284793621326,41.5542548619905],[-81.2281998302944,41.5545432769102],[-81.2280205093354,41.5543698384024]]]},"properties":{"source_county":"Geauga","jurisdiction":"Munson Township","parcel_id":"21-015640","owner_name":"PRICE STEVEN MICHAEL & TERESA JENNENE","property_address":" CHESTNUTDALE RD","property_city":"CHARDON","property_zip":"44024"}},{"type":"Feature","geometry":{"type":"Polygon","coordinates":[[[-81.2276618702484,41.5540229614272],[-81.2279387310074,41.5537371551361],[-81.2281183788551,41.55391032816],[-81.2278411893084,41.5541964005083],[-81.2276618702484,41.5540229614272]]]},"properties":{"source_county":"Geauga","jurisdiction":"Munson Township","parcel_id":"21-015650","owner_name":"PRICE STEVEN MICHAEL & TERESA JENNENE","property_address":"11675 CHESTNUTDALE RD","property_city":"CHARDON","property_zip":"44024"}},{"type":"Feature","geometry":{"type":"Polygon","coordinates":[[[-81.2278411893084,41.5541964005083],[-81.2281183788551,41.55391032816],[-81.228298027635,41.5540835017966],[-81.2280205093354,41.5543698384024],[-81.2278411893084,41.5541964005083]]]},"properties":{"source_county":"Geauga","jurisdiction":"Munson Township","parcel_id":"21-015660","owner_name":"PRICE STEVEN MICHAEL & TERESA JENNENE","property_address":" CHESTNUTDALE RD","property_city":"CHARDON","property_zip":"44024"}},{"type":"Feature","geometry":{"type":"Polygon","coordinates":[[[-81.2373542437158,41.5574625721733],[-81.2374798468818,41.5573895771581],[-81.2376091712357,41.5575159500979],[-81.2384299394975,41.5583179680799],[-81.2382994335793,41.5583933169473],[-81.2376972585793,41.5587431550572],[-81.2367450982189,41.5578165763318],[-81.2368585829156,41.5577506252557],[-81.2372594306993,41.5575176723524],[-81.2373542437158,41.5574625721733]]]},"properties":{"source_county":"Geauga","jurisdiction":"Munson Township","parcel_id":"21-015700","owner_name":"MAZZOLA DANIEL J & LISA A","property_address":"11244 WILSON MILLS RD","property_city":"CHARDON","property_zip":"44024"}},{"type":"Feature","geometry":{"type":"Polygon","coordinates":[[[-81.2253831043588,41.5674474440565],[-81.2261872591379,41.567440338276],[-81.2261580761955,41.5681778527533],[-81.2261548481357,41.5682594216485],[-81.2261438882402,41.5682595013316],[-81.2253507350602,41.5682652229591],[-81.2253539623796,41.5681836819825],[-81.2253831043588,41.5674474440565]]]},"properties":{"source_county":"Geauga","jurisdiction":"Munson Township","parcel_id":"21-016250","owner_name":"BAUER LAURA","property_address":"11551 WINCHESTER DR","property_city":"CHARDON","property_zip":"44024"}},{"type":"Feature","geometry":{"type":"Polygon","coordinates":[[[-81.2404850813446,41.5556438073948],[-81.2409131983664,41.555397000087],[-81.2417515322416,41.5563090014115],[-81.2411216979039,41.5565461173878],[-81.2404850813446,41.5556438073948]]]},"properties":{"source_county":"Geauga","jurisdiction":"Munson Township","parcel_id":"21-016300","owner_name":"ANSPACH DEBORAH L & TINGE SCOTT","property_address":"11148 WILSON MILLS RD","property_city":"CHARDON","property_zip":"44024"}},{"type":"Feature","geometry":{"type":"Polygon","coordinates":[[[-81.241836704947,41.5502427312799],[-81.2434314317985,41.5502272442103],[-81.2434320139624,41.5505686844153],[-81.2434321526559,41.550649886132],[-81.2418365942156,41.5506653814179],[-81.241836704947,41.5502427312799]]]},"properties":{"source_county":"Geauga","jurisdiction":"Munson Township","parcel_id":"21-016400","owner_name":"BILOOCHENKO DENYS & KANTIMIROVA ALEKSANDRA","property_address":"11775 AUBURN RD","property_city":"CHARDON","property_zip":"44024"}},{"type":"Feature","geometry":{"type":"Polygon","coordinates":[[[-81.2305839917099,41.558070971429],[-81.2306025546666,41.5576732751283],[-81.2317215215646,41.5577030937236],[-81.2317246124523,41.5577107627698],[-81.2318837180289,41.5581055011134],[-81.2305839917099,41.558070971429]]]},"properties":{"source_county":"Geauga","jurisdiction":"Munson Township","parcel_id":"21-016500","owner_name":"MCARTHUR JUSTIN","property_address":"11526 ORCHARD RD","property_city":"CHARDON","property_zip":"44024"}},{"type":"Feature","geometry":{"type":"Polygon","coordinates":[[[-81.241836351158,41.551510682188],[-81.2434335944331,41.5514951680025],[-81.2434336097094,41.551504558513],[-81.2434337474118,41.5515852496147],[-81.2434342957302,41.551906831626],[-81.2418362186875,41.551922354902],[-81.241836351158,41.551510682188]]]},"properties":{"source_county":"Geauga","jurisdiction":"Munson Township","parcel_id":"21-031630","owner_name":"TERRANOVA VINCENT M","property_address":"11733 AUBURN RD","property_city":"CHARDON","property_zip":"44024"}},{"type":"Feature","geometry":{"type":"Polygon","coordinates":[[[-81.2290772841174,41.5529195327089],[-81.2293568736369,41.552630613799],[-81.229536530414,41.5528037937852],[-81.2292569421288,41.5530927140252],[-81.2290772841174,41.5529195327089]]]},"properties":{"source_county":"Geauga","jurisdiction":"Munson Township","parcel_id":"21-032950","owner_name":"BLUEMMEL LAWRENCE & KRISTEN","property_address":" OVERLOOK RD","property_city":"CHARDON","property_zip":"44024"}},{"type":"Feature","geometry":{"type":"Polygon","coordinates":[[[-81.2288976270384,41.5527463520054],[-81.2291772166286,41.5524574326115],[-81.2293568736369,41.552630613799],[-81.2290772841174,41.5529195327089],[-81.2288976270384,41.5527463520054]]]},"properties":{"source_county":"Geauga","jurisdiction":"Munson Township","parcel_id":"21-032960","owner_name":"BLUEMMEL LAWRENCE & KRISTEN","property_address":"11711 OVERLOOK RD","property_city":"CHARDON","property_zip":"44024"}},{"type":"Feature","geometry":{"type":"Polygon","coordinates":[[[-81.2307221732619,41.5599660561574],[-81.231126178912,41.5597303753057],[-81.2319990732426,41.5605744823393],[-81.2315944605964,41.560809581439],[-81.2307221732619,41.5599660561574]]]},"properties":{"source_county":"Geauga","jurisdiction":"Munson Township","parcel_id":"21-033000","owner_name":"BOND THOMAS J & DIANE K CO TRUSTEES","property_address":"11391 WILSON MILLS RD","property_city":"CHARDON","property_zip":"44024"}},{"type":"Feature","geometry":{"type":"Polygon","coordinates":[[[-81.2242289806055,41.5659170218255],[-81.2294360328567,41.5658735890242],[-81.2294154355741,41.5664327100834],[-81.2240763011028,41.5664714836722],[-81.2242289806055,41.5659170218255]]]},"properties":{"source_county":"Geauga","jurisdiction":"Munson Township","parcel_id":"21-033700","owner_name":"PETSCHE JOSEPH J & BETH A","property_address":"11626 WILSON MILLS RD","property_city":"CHARDON","property_zip":"44024"}},{"type":"Feature","geometry":{"type":"Polygon","coordinates":[[[-81.2462590252573,41.5514850432559],[-81.2462590828033,41.5514850429768],[-81.2462559513391,41.5516001227786],[-81.2462426639459,41.5520885137873],[-81.2462292088976,41.5525830235579],[-81.2456263025248,41.5525871926545],[-81.2456561865368,41.5514892122301],[-81.2462590252573,41.5514850432559]]]},"properties":{"source_county":"Geauga","jurisdiction":"Munson Township","parcel_id":"21-033850","owner_name":"MEDVED MILAN & SANJA","property_address":"11016 WOOD HOLLOW DR","property_city":"CHARDON","property_zip":"44024"}},{"type":"Feature","geometry":{"type":"Polygon","coordinates":[[[-81.2275590586211,41.5615609897901],[-81.2281071318183,41.5615566119459],[-81.2281173018224,41.5623910532008],[-81.2275692239122,41.5623956229216],[-81.2275590586211,41.5615609897901]]]},"properties":{"source_county":"Geauga","jurisdiction":"Munson Township","parcel_id":"21-034200","owner_name":"FOX GARRET E PURKAPILE","property_address":"11495 WOODIEBROOK RD","property_city":"CHARDON","property_zip":"44024"}},{"type":"Feature","geometry":{"type":"Polygon","coordinates":[[[-81.2462892776567,41.5508697838818],[-81.2477506113638,41.5508596620911],[-81.2477314533304,41.5512188484629],[-81.2477281816567,41.5512369233532],[-81.2477204202187,41.5512542077196],[-81.2477084489154,41.5512700782324],[-81.2476926994678,41.5512839625497],[-81.24767373985,41.5512953599578],[-81.2476522538065,41.551303859429],[-81.2476290161938,41.5513091544444],[-81.2476048650367,41.5513110540482],[-81.2462652379782,41.5513203309323],[-81.2462858199189,41.5509345802477],[-81.2462892776567,41.5508697838818]]]},"properties":{"source_county":"Geauga","jurisdiction":"Munson Township","parcel_id":"21-034260","owner_name":"BERACZ KARL G & RENEE E","property_address":"10989 WOOD HOLLOW DR","property_city":"CHARDON","property_zip":"44024"}},{"type":"Feature","geometry":{"type":"Polygon","coordinates":[[[-81.2242289806055,41.5659170218255],[-81.2244374871224,41.5655044926143],[-81.226166861236,41.5654900422698],[-81.2261684965327,41.5655970125321],[-81.2294472192866,41.5655698901429],[-81.2294398429334,41.5657701453495],[-81.2294360328567,41.5658735890242],[-81.2242289806055,41.5659170218255]]]},"properties":{"source_county":"Geauga","jurisdiction":"Munson Township","parcel_id":"21-034500","owner_name":"PATETE MARIO ANTHONY","property_address":"11612 WILSON MILLS RD","property_city":"CHARDON","property_zip":"44024"}},{"type":"Feature","geometry":{"type":"Polygon","coordinates":[[[-81.2463061306704,41.5505488310882],[-81.2463064028158,41.5505488295246],[-81.2462892776567,41.5508697838818],[-81.2462858199189,41.5509345802477],[-81.2462855261815,41.5509345824786],[-81.2434326720791,41.5509542874107],[-81.2434321526559,41.550649886132],[-81.2434320139624,41.5505686844153],[-81.2463061306704,41.5505488310882]]]},"properties":{"source_county":"Geauga","jurisdiction":"Munson Township","parcel_id":"21-034600","owner_name":"MCLEAN MILES W & TINA M","property_address":"11760 AUBURN RD","property_city":"CHARDON","property_zip":"44024"}},{"type":"Feature","geometry":{"type":"Polygon","coordinates":[[[-81.2384726298939,41.5556584804784],[-81.238732309328,41.5555069563798],[-81.2394782094953,41.5562281770087],[-81.2392146221146,41.5563813712517],[-81.239131444166,41.5564297132235],[-81.2383860633479,41.5557089922124],[-81.2384726298939,41.5556584804784]]]},"properties":{"source_county":"Geauga","jurisdiction":"Munson Township","parcel_id":"21-034700","owner_name":"NAAMANI PAIGE D & MUHIEDDINE","property_address":"11191 WILSON MILLS RD","property_city":"CHARDON","property_zip":"44024"}},{"type":"Feature","geometry":{"type":"Polygon","coordinates":[[[-81.2398015098153,41.5596959570275],[-81.2398304621466,41.5592848618497],[-81.2414217180163,41.5593220726321],[-81.2413944109659,41.5597099577543],[-81.2413927769919,41.5597331610121],[-81.2398015098153,41.5596959570275]]]},"properties":{"source_county":"Geauga","jurisdiction":"Munson Township","parcel_id":"21-035130","owner_name":"KILMER JOYCE H TOD","property_address":"11544 UPPER CHELSEA DR","property_city":"CHARDON","property_zip":"44024"}},{"type":"Feature","geometry":{"type":"Polygon","coordinates":[[[-81.2327517946767,41.5530658624128],[-81.233265253821,41.5528859189706],[-81.2332897787106,41.5529265275973],[-81.2333170585261,41.5529661322922],[-81.2333470206932,41.5530046276857],[-81.233379585501,41.5530419113591],[-81.2334146663136,41.5530778841173],[-81.2334521698007,41.5531124502531],[-81.233491996186,41.5531455178014],[-81.2335340395123,41.5531769987839],[-81.2331068889583,41.553562612665],[-81.2330056690272,41.5534728661228],[-81.2328285436518,41.5533158174311],[-81.232651842227,41.5531591440837],[-81.2327517946767,41.5530658624128]]]},"properties":{"source_county":"Geauga","jurisdiction":"Munson Township","parcel_id":"21-035500","owner_name":"ALBERTSON HARRY J & JANET L","property_address":"11701 SYCAMORE RD","property_city":"CHARDON","property_zip":"44024"}},{"type":"Feature","geometry":{"type":"Polygon","coordinates":[[[-81.2324329380778,41.5537923241821],[-81.2330056690272,41.5534728661228],[-81.2331068889583,41.553562612665],[-81.2331548801811,41.5536051642169],[-81.2331827964503,41.5536299145493],[-81.2325964694039,41.5539574834837],[-81.2324329380778,41.5537923241821]]]},"properties":{"source_county":"Geauga","jurisdiction":"Munson Township","parcel_id":"21-035600","owner_name":"KISS KURT C & LAURIE L","property_address":" BASSWOOD RD","property_city":"CHARDON","property_zip":"44024"}},{"type":"Feature","geometry":{"type":"Polygon","coordinates":[[[-81.2322672289144,41.5536284258573],[-81.2328285436518,41.5533158174311],[-81.2330056690272,41.5534728661228],[-81.2324329380778,41.5537923241821],[-81.23231696265,41.5536751930914],[-81.2322672289144,41.5536284258573]]]},"properties":{"source_county":"Geauga","jurisdiction":"Munson Township","parcel_id":"21-035700","owner_name":"GRAZIANO MICHELLE","property_address":" BASSWOOD RD","property_city":"CHARDON","property_zip":"44024"}},{"type":"Feature","geometry":{"type":"Polygon","coordinates":[[[-81.232080668688,41.5534975971507],[-81.232428843026,41.5530768762197],[-81.232651842227,41.5531591440837],[-81.2328285436518,41.5533158174311],[-81.2322672289144,41.5536284258573],[-81.2322242925092,41.5535928472292],[-81.2321787921421,41.5535591145038],[-81.2321308682349,41.5535273317829],[-81.232080668688,41.5534975971507]]]},"properties":{"source_county":"Geauga","jurisdiction":"Munson Township","parcel_id":"21-035800","owner_name":"GRAZIANO MICHELLE","property_address":"11682 BASSWOOD RD","property_city":"CHARDON","property_zip":"44024"}},{"type":"Feature","geometry":{"type":"Polygon","coordinates":[[[-81.2338165894739,41.5549287726754],[-81.2342524592799,41.5545199375738],[-81.2343158627357,41.5545565225834],[-81.2343755471656,41.5545964819212],[-81.2344311949983,41.5546396029744],[-81.2344825101384,41.5546856563075],[-81.234520544426,41.5547224364232],[-81.2337596689579,41.5551631474644],[-81.2338165894739,41.5549287726754]]]},"properties":{"source_county":"Geauga","jurisdiction":"Munson Township","parcel_id":"21-035900","owner_name":"DURST MACKENZIE & ROBERTA","property_address":" BASSWOOD RD","property_city":"CHARDON","property_zip":"44024"}},{"type":"Feature","geometry":{"type":"Polygon","coordinates":[[[-81.2337596689579,41.5551631474644],[-81.234520544426,41.5547224364232],[-81.2345206279942,41.5547225165776],[-81.2346961482635,41.5548922519051],[-81.2350425865611,41.5552272645484],[-81.2337226542544,41.5559975014014],[-81.2334640547398,41.5557284326498],[-81.2333303534935,41.5555893173854],[-81.233309887448,41.5555680225469],[-81.2333405736351,41.5555403997036],[-81.2337596689579,41.5551631474644]]]},"properties":{"source_county":"Geauga","jurisdiction":"Munson Township","parcel_id":"21-036000","owner_name":"DURST MACKENZIE & ROBERTA","property_address":"11627 BASSWOOD RD","property_city":"CHARDON","property_zip":"44024"}},{"type":"Feature","geometry":{"type":"Polygon","coordinates":[[[-81.2337226542544,41.5559975014014],[-81.2350425865611,41.5552272645484],[-81.2352443042245,41.555422328038],[-81.2339151685816,41.5561978076193],[-81.2337226542544,41.5559975014014]]]},"properties":{"source_county":"Geauga","jurisdiction":"Munson Township","parcel_id":"21-036100","owner_name":"DURST MACKENZIE & ROBERTA","property_address":" BASSWOOD RD","property_city":"CHARDON","property_zip":"44024"}},{"type":"Feature","geometry":{"type":"Polygon","coordinates":[[[-81.2295504177473,41.5538866162373],[-81.2298134228906,41.553604483744],[-81.2299477999696,41.5536964022273],[-81.2299478307305,41.5536964232752],[-81.230030828832,41.5537531969895],[-81.2299432058589,41.5538463608914],[-81.2299431752318,41.5538463947751],[-81.2297658329599,41.5540349506814],[-81.229656458596,41.5539621491459],[-81.2295504177473,41.5538866162373]]]},"properties":{"source_county":"Geauga","jurisdiction":"Munson Township","parcel_id":"21-036550","owner_name":"SYLAK ROBERT S","property_address":"11658 MAPLEWOOD RD","property_city":"CHARDON","property_zip":"44024"}},{"type":"Feature","geometry":{"type":"Polygon","coordinates":[[[-81.2299432058589,41.5538463608914],[-81.230030828832,41.5537531969895],[-81.2302338720443,41.5538937851503],[-81.2299940800909,41.5541720302167],[-81.2299342150509,41.5541378859463],[-81.2299341877807,41.5541378703396],[-81.2298745257106,41.5541025972364],[-81.2297658329599,41.5540349506814],[-81.2299431752318,41.5538463947751],[-81.2299432058589,41.5538463608914]]]},"properties":{"source_county":"Geauga","jurisdiction":"Munson Township","parcel_id":"21-036551","owner_name":"SYLAK ROBERT S","property_address":" MAPLEWOOD RD","property_city":"CHARDON","property_zip":"44024"}},{"type":"Feature","geometry":{"type":"Polygon","coordinates":[[[-81.2269914137598,41.5674332260267],[-81.2277955681896,41.5674261091093],[-81.2277663003177,41.568166212677],[-81.2277630738416,41.5682478032244],[-81.2269589610513,41.5682536156705],[-81.2269621886693,41.5681720179431],[-81.2269914137598,41.5674332260267]]]},"properties":{"source_county":"Geauga","jurisdiction":"Munson Township","parcel_id":"21-036800","owner_name":"FLECKENSTEIN PATRICE A TRUSTEE TOD","property_address":"11511 WINCHESTER DR","property_city":"CHARDON","property_zip":"44024"}},{"type":"Feature","geometry":{"type":"Polygon","coordinates":[[[-81.2485430658901,41.5514692167744],[-81.249182610449,41.5514647772357],[-81.2491541195429,41.5525136132748],[-81.2485147659468,41.5525106581797],[-81.2485430658901,41.5514692167744]]]},"properties":{"source_county":"Geauga","jurisdiction":"Munson Township","parcel_id":"21-036960","owner_name":"BROWN JOAN N","property_address":"10940 WOOD HOLLOW DR","property_city":"CHARDON","property_zip":"44024"}},{"type":"Feature","geometry":{"type":"Polygon","coordinates":[[[-81.2279745517286,41.5564905453282],[-81.2282834317037,41.5561017592178],[-81.2293215957473,41.5561165144802],[-81.2294546269935,41.5567118245773],[-81.2293549516092,41.5567241299663],[-81.2292541916761,41.5567294946912],[-81.2291532019898,41.5567278732404],[-81.2290528392954,41.5567192793695],[-81.2289061779613,41.5567015279768],[-81.2287045520849,41.5566771241514],[-81.2286085369539,41.5566664248715],[-81.2285133848777,41.5566520180467],[-81.2284193494389,41.5566339420715],[-81.2283266812438,41.5566122451189],[-81.2282356272542,41.5565869850118],[-81.2281464301292,41.5565582290689],[-81.2280593275785,41.5565260539253],[-81.2279745517286,41.5564905453282]]]},"properties":{"source_county":"Geauga","jurisdiction":"Munson Township","parcel_id":"21-037020","owner_name":"RICHMOND DAVID & ANGELIQUE","property_address":"11469 PARKSIDE RD","property_city":"CHARDON","property_zip":"44024"}},{"type":"Feature","geometry":{"type":"Polygon","coordinates":[[[-81.2374798468818,41.5573895771581],[-81.2379136214683,41.5571374843915],[-81.2382971024143,41.5575125579182],[-81.2388881184388,41.5580906068608],[-81.2386463994534,41.5582301679616],[-81.2384538726606,41.5583413266488],[-81.2384299394975,41.5583179680799],[-81.2376091712357,41.5575159500979],[-81.2374798468818,41.5573895771581]]]},"properties":{"source_county":"Geauga","jurisdiction":"Munson Township","parcel_id":"21-037100","owner_name":"NERO GINO & KERRY C","property_address":"11236 WILSON MILLS RD","property_city":"CHARDON","property_zip":"44024"}},{"type":"Feature","geometry":{"type":"Polygon","coordinates":[[[-81.23466877751,41.5575304018227],[-81.2350268219282,41.5573215059775],[-81.235206138943,41.5574949025487],[-81.2352399537132,41.5575276003989],[-81.2359916288747,41.5582544449585],[-81.2356788525334,41.5584362068676],[-81.2355581462628,41.5585063518951],[-81.2345939866431,41.5575740368561],[-81.23466877751,41.5575304018227]]]},"properties":{"source_county":"Geauga","jurisdiction":"Munson Township","parcel_id":"21-037300","owner_name":"KLOSKI JOHN J TOD & CHRISTINE M TOD","property_address":"11281 WILSON MILLS RD","property_city":"CHARDON","property_zip":"44024"}},{"type":"Feature","geometry":{"type":"Polygon","coordinates":[[[-81.2417940218185,41.5575019475203],[-81.2412961102286,41.5567961704994],[-81.2432426124986,41.5568443396188],[-81.2432286452195,41.557042823428],[-81.2431940957557,41.5575337919694],[-81.2431069839373,41.5575318107159],[-81.2417940218185,41.5575019475203]]]},"properties":{"source_county":"Geauga","jurisdiction":"Munson Township","parcel_id":"21-037310","owner_name":"BRYAN GRETCHEN A","property_address":"11547 AUBURN RD","property_city":"CHARDON","property_zip":"44024"}},{"type":"Feature","geometry":{"type":"Polygon","coordinates":[[[-81.2380398164483,41.5559110261122],[-81.2383860633479,41.5557089922124],[-81.239131444166,41.5564297132235],[-81.2387846778844,41.5566312493029],[-81.2380398164483,41.5559110261122]]]},"properties":{"source_county":"Geauga","jurisdiction":"Munson Township","parcel_id":"21-037970","owner_name":"OURS ROBERT A & ADAMS TAYLOR A","property_address":"11193 WILSON MILLS RD","property_city":"CHARDON","property_zip":"44024"}},{"type":"Feature","geometry":{"type":"Polygon","coordinates":[[[-81.2293215957473,41.5561165144802],[-81.2291757271726,41.5554637426063],[-81.2292638143162,41.5554696893489],[-81.2293522530019,41.5554702822374],[-81.2294404674224,41.5554655174117],[-81.2295278832305,41.5554554258947],[-81.229613931279,41.5554400733902],[-81.2296980513272,41.5554195598553],[-81.2297796956886,41.5553940188494],[-81.2298583327968,41.5553636166645],[-81.2298602853205,41.5553627708489],[-81.2298969295685,41.5553463567959],[-81.2299647629338,41.5553119846902],[-81.2300289518975,41.5552738677018],[-81.2301126287139,41.5552149533887],[-81.230189605828,41.5551510928321],[-81.2307868669199,41.5554062221125],[-81.2302009772032,41.5556902368502],[-81.2298815519988,41.5558450785929],[-81.2293215957473,41.5561165144802]]]},"properties":{"source_county":"Geauga","jurisdiction":"Munson Township","parcel_id":"21-038370","owner_name":"FEDORKO LAWRENCE M & PARADA CARMEN PATRICIA MARLEN LEON CO TRUSTEES","property_address":"11605 EDGEWOOD RD","property_city":"CHARDON","property_zip":"44024"}},{"type":"Feature","geometry":{"type":"Polygon","coordinates":[[[-81.232949238872,41.5552826064034],[-81.2333405736351,41.5555403997036],[-81.233309887448,41.5555680225469],[-81.2333303534935,41.5555893173854],[-81.2334640547398,41.5557284326498],[-81.2328100451535,41.5559577588252],[-81.2327917672067,41.5559306309679],[-81.2326803378932,41.5557652429997],[-81.2327065083164,41.5557506993286],[-81.2325496367374,41.5555590142445],[-81.2326089999236,41.5555331796483],[-81.2326660950402,41.5555046060251],[-81.2327206983982,41.5554734053232],[-81.2327725960718,41.555439699783],[-81.2328215847367,41.5554036214586],[-81.2328674724668,41.5553653117],[-81.2329100794859,41.5553249205995],[-81.232949238872,41.5552826064034]]]},"properties":{"source_county":"Geauga","jurisdiction":"Munson Township","parcel_id":"21-039000","owner_name":"ARMBRUSTER JAMES K & MC DIVITT DEBORA M","property_address":"11364 PARKSIDE RD","property_city":"CHARDON","property_zip":"44024"}},{"type":"Feature","geometry":{"type":"Polygon","coordinates":[[[-81.2331390907819,41.5548103438828],[-81.233139162342,41.5548101150377],[-81.2337596689579,41.5551631474644],[-81.2333405736351,41.5555403997036],[-81.232949238872,41.5552826064034],[-81.232982952424,41.5552409871797],[-81.2330133281736,41.55519794239],[-81.2330402596717,41.5551536228904],[-81.2330636525406,41.555108184004],[-81.2330834248046,41.5550617849767],[-81.2330995071777,41.5550145884188],[-81.2331118433053,41.5549667597355],[-81.2331203899627,41.5549184665468],[-81.2331259991562,41.5548640401212],[-81.2331390907819,41.5548103438828]]]},"properties":{"source_county":"Geauga","jurisdiction":"Munson Township","parcel_id":"21-039010","owner_name":"POWELL STEVEN M TOD & NORA C TOD","property_address":"11352 PARKSIDE RD","property_city":"CHARDON","property_zip":"44024"}},{"type":"Feature","geometry":{"type":"Polygon","coordinates":[[[-81.2325496367374,41.5555590142445],[-81.2327065083164,41.5557506993286],[-81.2326803378932,41.5557652429997],[-81.2327917672067,41.5559306309679],[-81.2328100451535,41.5559577588252],[-81.2321922048727,41.5561662840917],[-81.2321614123357,41.5561155553136],[-81.2321077420094,41.5560183614102],[-81.2320603648363,41.555919339043],[-81.2320193907056,41.5558187179503],[-81.2319849146501,41.5557167315786],[-81.232058379207,41.5557034993477],[-81.232131193107,41.5556883735437],[-81.232203269869,41.5556713721317],[-81.2322745238879,41.5556525153043],[-81.2323448705358,41.5556318254578],[-81.2324142262626,41.5556093271656],[-81.2324825086958,41.5555850471487],[-81.2325496367374,41.5555590142445]]]},"properties":{"source_county":"Geauga","jurisdiction":"Munson Township","parcel_id":"21-039100","owner_name":"KILFOYLE CHARLES E & HEATHER","property_address":"11370 PARKSIDE RD","property_city":"CHARDON","property_zip":"44024"}},{"type":"Feature","geometry":{"type":"Polygon","coordinates":[[[-81.2292569421288,41.5530927140252],[-81.229536530414,41.5528037937852],[-81.2299626564304,41.5532145514619],[-81.2299626929219,41.55321458608],[-81.2299856794823,41.5532367438756],[-81.229961205766,41.5532627877125],[-81.2299611678257,41.5532628278197],[-81.2297195339023,41.5535199581209],[-81.2296256451387,41.5534354333199],[-81.2294365999089,41.5532658941403],[-81.2292569421288,41.5530927140252]]]},"properties":{"source_county":"Geauga","jurisdiction":"Munson Township","parcel_id":"21-040300","owner_name":"SCHMIDT DENNIS J J & ANNE E","property_address":"11695 OVERLOOK RD","property_city":"CHARDON","property_zip":"44024"}},{"type":"Feature","geometry":{"type":"Polygon","coordinates":[[[-81.2299779227333,41.5527207627401],[-81.2300534032685,41.5526482917234],[-81.2302289033442,41.5528190577467],[-81.2299669389471,41.5530768883191],[-81.2299668998083,41.5530769284133],[-81.2299629120606,41.5530808523707],[-81.2297832521981,41.5529076730465],[-81.2299778787482,41.5527208054826],[-81.2299779227333,41.5527207627401]]]},"properties":{"source_county":"Geauga","jurisdiction":"Munson Township","parcel_id":"21-040400","owner_name":"DI MEOLO GREGORY L & KAREN M","property_address":" OVERLOOK RD","property_city":"CHARDON","property_zip":"44024"}},{"type":"Feature","geometry":{"type":"Polygon","coordinates":[[[-81.230492242206,41.5600397592184],[-81.2305302245931,41.5592229194928],[-81.2319327372472,41.559259853529],[-81.2315590393813,41.5594778593049],[-81.231126178912,41.5597303753057],[-81.2307221732619,41.5599660561574],[-81.2304916287851,41.5601005447839],[-81.230492242206,41.5600397592184]]]},"properties":{"source_county":"Geauga","jurisdiction":"Munson Township","parcel_id":"21-040900","owner_name":"HALL JOTHAM & PRABUCKI THERESA","property_address":"11470 ORCHARD RD","property_city":"CHARDON","property_zip":"44024"}},{"type":"Feature","geometry":{"type":"Polygon","coordinates":[[[-81.2360114981176,41.5700278818784],[-81.2364042267103,41.5624568184237],[-81.2369231249189,41.5624640381233],[-81.2368806337323,41.5632833316486],[-81.2367833278654,41.5651594828323],[-81.2365310197778,41.5700242297375],[-81.2360114981176,41.5700278818784]]]},"properties":{"source_county":"Geauga","jurisdiction":"Munson Township","parcel_id":"21-042300","owner_name":"CARSON BRUCE E TOD & MARY K TOD","property_address":"11275 THWING RD","property_city":"CHARDON","property_zip":"44024"}},{"type":"Feature","geometry":{"type":"Polygon","coordinates":[[[-81.2479899284587,41.5504858578893],[-81.2480331424166,41.5496755415135],[-81.2500637258592,41.5502629649561],[-81.2499116440753,41.5504726559855],[-81.2479899284587,41.5504858578893]]]},"properties":{"source_county":"Geauga","jurisdiction":"Munson Township","parcel_id":"21-042370","owner_name":"COGAN EDWARD J & JUDITH E TRUSTEES","property_address":"11780 SUN RIDGE CIR","property_city":"CHARDON","property_zip":"44024"}},{"type":"Feature","geometry":{"type":"Polygon","coordinates":[[[-81.2366115246673,41.5567444046615],[-81.2372607516084,41.5563655989969],[-81.2380044456716,41.5570847005184],[-81.2379136214683,41.5571374843915],[-81.2374798468818,41.5573895771581],[-81.2373542437158,41.5574625721733],[-81.2366115246673,41.5567444046615]]]},"properties":{"source_county":"Geauga","jurisdiction":"Munson Township","parcel_id":"21-042400","owner_name":"BOND DUSTIN & KATHERINE","property_address":"11231 WILSON MILLS RD","property_city":"CHARDON","property_zip":"44024"}},{"type":"Feature","geometry":{"type":"Polygon","coordinates":[[[-81.23812340251,41.5608919950221],[-81.238152364564,41.5604809076119],[-81.239743606737,41.5605181328179],[-81.2397146546527,41.5609292206201],[-81.23812340251,41.5608919950221]]]},"properties":{"source_county":"Geauga","jurisdiction":"Munson Township","parcel_id":"21-043150","owner_name":"MASKOL MARK D & JENNIFER","property_address":"11491 UPPER CHELSEA DR","property_city":"CHARDON","property_zip":"44024"}},{"type":"Feature","geometry":{"type":"Polygon","coordinates":[[[-81.225924717528,41.5624093180788],[-81.2259129644706,41.5614423360891],[-81.2264629132408,41.5615697359306],[-81.2264730690613,41.5624047546158],[-81.225924717528,41.5624093180788]]]},"properties":{"source_county":"Geauga","jurisdiction":"Munson Township","parcel_id":"21-043300","owner_name":"BURLISON RANDY J & CHRISTINE L","property_address":"11539 WOODIEBROOK RD","property_city":"CHARDON","property_zip":"44024"}},{"type":"Feature","geometry":{"type":"Polygon","coordinates":[[[-81.2253753650826,41.562331551204],[-81.2253630178572,41.5613149327375],[-81.2259129644706,41.5614423360891],[-81.225924717528,41.5624093180788],[-81.2253752518769,41.5624138892354],[-81.2253753650826,41.562331551204]]]},"properties":{"source_county":"Geauga","jurisdiction":"Munson Township","parcel_id":"21-043400","owner_name":"BURLISON RANDY J & CHRISTINE L","property_address":" WOODIEBROOK RD","property_city":"CHARDON","property_zip":"44024"}},{"type":"Feature","geometry":{"type":"Polygon","coordinates":[[[-81.2304357849447,41.5522997625263],[-81.2307673285487,41.5519420711606],[-81.2309333297189,41.5521058309156],[-81.2305873687376,41.5524874470346],[-81.2305133420231,41.5523928003148],[-81.2304357849447,41.5522997625263]]]},"properties":{"source_county":"Geauga","jurisdiction":"Munson Township","parcel_id":"21-044440","owner_name":"DAVIDSON BRIAN E & SZHUHAY SAMANTHA","property_address":"11718 BASSWOOD RD","property_city":"CHARDON","property_zip":"44024"}},{"type":"Feature","geometry":{"type":"Polygon","coordinates":[[[-81.2305873687376,41.5524874470346],[-81.2309333297189,41.5521058309156],[-81.2309909354639,41.5522141454033],[-81.2306578050108,41.5525836282192],[-81.2305873687376,41.5524874470346]]]},"properties":{"source_county":"Geauga","jurisdiction":"Munson Township","parcel_id":"21-044450","owner_name":"DAVIDSON BRIAN E & SZHUHAY SAMANTHA","property_address":" BASSWOOD RD","property_city":"CHARDON","property_zip":"44024"}},{"type":"Feature","geometry":{"type":"Polygon","coordinates":[[[-81.2396857022051,41.5613403083601],[-81.2397146546527,41.5609292206201],[-81.2413059529376,41.5609664257929],[-81.2412770104601,41.5613775139247],[-81.2396857022051,41.5613403083601]]]},"properties":{"source_county":"Geauga","jurisdiction":"Munson Township","parcel_id":"21-045550","owner_name":"DAVIS SANDRA TOD","property_address":"11474 UPPER CHELSEA DR","property_city":"CHARDON","property_zip":"44024"}},{"type":"Feature","geometry":{"type":"Polygon","coordinates":[[[-81.229244279543,41.5523881315606],[-81.2295153041048,41.5521292670856],[-81.2296961249328,41.5523031376749],[-81.22942393534,41.5525613126349],[-81.229244279543,41.5523881315606]]]},"properties":{"source_county":"Geauga","jurisdiction":"Munson Township","parcel_id":"21-045900","owner_name":"HANSEN LANCE E JR TOD","property_address":" OVERLOOK RD","property_city":"CHARDON","property_zip":"44024"}},{"type":"Feature","geometry":{"type":"Polygon","coordinates":[[[-81.22942393534,41.5525613126349],[-81.2296961249328,41.5523031376749],[-81.2298756134199,41.5524762171594],[-81.2296035933029,41.5527344925344],[-81.22942393534,41.5525613126349]]]},"properties":{"source_county":"Geauga","jurisdiction":"Munson Township","parcel_id":"21-046000","owner_name":"HANSEN LANCE E JR TOD","property_address":"11710 OVERLOOK RD","property_city":"CHARDON","property_zip":"44024"}},{"type":"Feature","geometry":{"type":"Polygon","coordinates":[[[-81.2308697411542,41.5528952976486],[-81.2311705295292,41.5525518308873],[-81.2312383008094,41.552679259471],[-81.2312992966305,41.5527939449036],[-81.2310555130314,41.5530814038328],[-81.2310030881043,41.5530384021765],[-81.2309545156554,41.5529929193766],[-81.2309100032634,41.5529451498156],[-81.2308697411542,41.5528952976486]]]},"properties":{"source_county":"Geauga","jurisdiction":"Munson Township","parcel_id":"21-046400","owner_name":"FRANCIS JOAN TOD","property_address":" BASSWOOD RD","property_city":"CHARDON","property_zip":"44024"}},{"type":"Feature","geometry":{"type":"Polygon","coordinates":[[[-81.2319327372472,41.559259853529],[-81.2319918965134,41.5592253416699],[-81.2328660886958,41.5600706928255],[-81.2327513846222,41.5601373435212],[-81.2324325832269,41.5603225888586],[-81.2315590393813,41.5594778593049],[-81.2319327372472,41.559259853529]]]},"properties":{"source_county":"Geauga","jurisdiction":"Munson Township","parcel_id":"21-046800","owner_name":"CONLEY CAROLE A TRUSTEE","property_address":"11369 WILSON MILLS RD","property_city":"CHARDON","property_zip":"44024"}},{"type":"Feature","geometry":{"type":"Polygon","coordinates":[[[-81.2382392485274,41.5592476459089],[-81.2382678131682,41.5588421766199],[-81.2399194157694,41.5588721935859],[-81.2398861103829,41.5589738612537],[-81.2398601363686,41.5590767276393],[-81.2398415690135,41.5591804947169],[-81.2398304621466,41.5592848618497],[-81.2382392485274,41.5592476459089]]]},"properties":{"source_county":"Geauga","jurisdiction":"Munson Township","parcel_id":"21-046850","owner_name":"BALUCH JOHN P & HANNON KAREN","property_address":"11555 UPPER CHELSEA DR","property_city":"CHARDON","property_zip":"44024"}},{"type":"Feature","geometry":{"type":"Polygon","coordinates":[[[-81.2413162159258,41.555164660175],[-81.2414638084916,41.5550795724376],[-81.2421670924502,41.5558446530012],[-81.2418761296412,41.5562620933601],[-81.2417515322416,41.5563090014115],[-81.2409131983664,41.555397000087],[-81.2413162159258,41.555164660175]]]},"properties":{"source_county":"Geauga","jurisdiction":"Munson Township","parcel_id":"21-047900","owner_name":"GONZALES ABRAN M III & KATHRYN M","property_address":"11134 WILSON MILLS RD","property_city":"CHARDON","property_zip":"44024"}},{"type":"Feature","geometry":{"type":"Polygon","coordinates":[[[-81.229157330962,41.5535544808334],[-81.2294365999089,41.5532658941403],[-81.2296256451387,41.5534354333199],[-81.2293488151379,41.553727704954],[-81.2292510808389,41.5536423354345],[-81.229157330962,41.5535544808334]]]},"properties":{"source_county":"Geauga","jurisdiction":"Munson Township","parcel_id":"21-048030","owner_name":"CROMPTON STEPHEN E & ELAIN I","property_address":"11676 MAPLEWOOD RD","property_city":"CHARDON","property_zip":"44024"}},{"type":"Feature","geometry":{"type":"Polygon","coordinates":[[[-81.2289776719301,41.5533813002892],[-81.2292569421288,41.5530927140252],[-81.2294365999089,41.5532658941403],[-81.229157330962,41.5535544808334],[-81.2289776719301,41.5533813002892]]]},"properties":{"source_county":"Geauga","jurisdiction":"Munson Township","parcel_id":"21-048040","owner_name":"CROMPTON STEPHEN E & ELAIN I","property_address":" MAPLEWOOD RD","property_city":"CHARDON","property_zip":"44024"}},{"type":"Feature","geometry":{"type":"Polygon","coordinates":[[[-81.2293488151379,41.553727704954],[-81.2296256451387,41.5534354333199],[-81.2297195339023,41.5535199581209],[-81.2298134228906,41.553604483744],[-81.2295504177473,41.5538866162373],[-81.2294478307574,41.5538084387807],[-81.2293488151379,41.553727704954]]]},"properties":{"source_county":"Geauga","jurisdiction":"Munson Township","parcel_id":"21-048050","owner_name":"CROMPTON STEPHEN E & ELAIN I","property_address":" MAPLEWOOD RD","property_city":"CHARDON","property_zip":"44024"}},{"type":"Feature","geometry":{"type":"Polygon","coordinates":[[[-81.2493889483258,41.5555579647583],[-81.2514329952686,41.5561027111382],[-81.2514414472438,41.5566953862086],[-81.2514422173228,41.5567493933154],[-81.2514238403877,41.5567495621933],[-81.2501675505208,41.556761142988],[-81.2492345014478,41.5557675139597],[-81.2492668104429,41.555748281478],[-81.2492960300831,41.5557264380826],[-81.2493217885397,41.5557022617395],[-81.2493437580299,41.5556760601027],[-81.2493616589878,41.5556481665981],[-81.2493752636225,41.555618936181],[-81.2493843988159,41.555588740819],[-81.2493889483258,41.5555579647583]]]},"properties":{"source_county":"Geauga","jurisdiction":"Munson Township","parcel_id":"21-048470","owner_name":"CIOLEK DANIEL & ISABEL","property_address":"11580 FOREST VIEW DR","property_city":"CHARDON","property_zip":"44024"}},{"type":"Feature","geometry":{"type":"Polygon","coordinates":[[[-81.2479035212447,41.5514736527903],[-81.2485430658901,41.5514692167744],[-81.2485147659468,41.5525106581797],[-81.2483284400994,41.5525097967302],[-81.2478754124084,41.5525076995639],[-81.2479035212447,41.5514736527903]]]},"properties":{"source_county":"Geauga","jurisdiction":"Munson Township","parcel_id":"21-048750","owner_name":"PADEREWSKI RUTH A TOD","property_address":"10960 WOOD HOLLOW DR","property_city":"CHARDON","property_zip":"44024"}},{"type":"Feature","geometry":{"type":"Polygon","coordinates":[[[-81.2360717931321,41.5569898390038],[-81.2365667113588,41.556701073366],[-81.2366115246673,41.5567444046615],[-81.2373542437158,41.5574625721733],[-81.2372594306993,41.5575176723524],[-81.2368585829156,41.5577506252557],[-81.2366209157855,41.5575208153802],[-81.2360717931321,41.5569898390038]]]},"properties":{"source_county":"Geauga","jurisdiction":"Munson Township","parcel_id":"21-049100","owner_name":"BOCCHIERI DAVE TOD & CYNTHIA A TOD","property_address":"11245 WILSON MILLS RD","property_city":"CHARDON","property_zip":"44024"}},{"type":"Feature","geometry":{"type":"Polygon","coordinates":[[[-81.2366579132792,41.5549051235515],[-81.2372707933187,41.5542864099376],[-81.2373940831419,41.5543705665867],[-81.2375137287383,41.5544576405795],[-81.2376296078098,41.5545475429221],[-81.2377416019063,41.5546401817294],[-81.23780105658,41.5546918725755],[-81.2378876152219,41.5547705243426],[-81.2378022338975,41.5548221525371],[-81.2377897646997,41.5548427669334],[-81.2377803838545,41.5548642850013],[-81.2374175832191,41.5556225221302],[-81.2372102645053,41.5554220616613],[-81.2368964807841,41.5551186535187],[-81.2367171668419,41.5549452675405],[-81.2366579132792,41.5549051235515]]]},"properties":{"source_county":"Geauga","jurisdiction":"Munson Township","parcel_id":"21-049680","owner_name":"WARD EDWARD W TOD","property_address":"11603 ORIOLE PL","property_city":"CHARDON","property_zip":"44024"}},{"type":"Feature","geometry":{"type":"Polygon","coordinates":[[[-81.238119276951,41.5547193343439],[-81.2389496370073,41.5545376085488],[-81.2391631730849,41.5547602324627],[-81.2391039622155,41.5551413813728],[-81.2383184450414,41.5549319486617],[-81.2380450983392,41.5549174803627],[-81.2379978354376,41.5548733764561],[-81.2378876152219,41.5547705243426],[-81.238119276951,41.5547193343439]]]},"properties":{"source_county":"Geauga","jurisdiction":"Munson Township","parcel_id":"21-050600","owner_name":"SULLIVAN MELISSA M & COOPER CLAYTON S","property_address":"11580 ORIOLE PL","property_city":"CHARDON","property_zip":"44024"}},{"type":"Feature","geometry":{"type":"Polygon","coordinates":[[[-81.2328575995847,41.5587203005838],[-81.2332904467226,41.5584677771458],[-81.2341665874611,41.5593149967193],[-81.233791725334,41.5595328258125],[-81.2337330919942,41.5595668976692],[-81.2328575995847,41.5587203005838]]]},"properties":{"source_county":"Geauga","jurisdiction":"Munson Township","parcel_id":"21-050630","owner_name":"DEIMLING GARY T & LAURA M","property_address":"11329 WILSON MILLS RD","property_city":"CHARDON","property_zip":"44024"}},{"type":"Feature","geometry":{"type":"Polygon","coordinates":[[[-81.2434350143196,41.5523279685703],[-81.2450286129949,41.5523274859494],[-81.2450287565244,41.5525913229139],[-81.2450288376132,41.5527391495947],[-81.2434357156518,41.5527396311831],[-81.243435035049,41.5523404496299],[-81.2434350143196,41.5523279685703]]]},"properties":{"source_county":"Geauga","jurisdiction":"Munson Township","parcel_id":"21-051400","owner_name":"DEWEESE STANLEY F TOD & KAREN J TOD","property_address":"11698 AUBURN RD","property_city":"CHARDON","property_zip":"44024"}},{"type":"Feature","geometry":{"type":"Polygon","coordinates":[[[-81.2272115038792,41.5537708291514],[-81.2273032361578,41.5536760833186],[-81.2274825533189,41.553849522973],[-81.2272074685841,41.5541335673847],[-81.2270281890278,41.553960163754],[-81.2272115038792,41.5537708291514]]]},"properties":{"source_county":"Geauga","jurisdiction":"Munson Township","parcel_id":"21-051570","owner_name":"RICHARDSON SANDRA M TOD","property_address":"11668 EDGEWOOD RD","property_city":"CHARDON","property_zip":"44024"}},{"type":"Feature","geometry":{"type":"Polygon","coordinates":[[[-81.2272074685841,41.5541335673847],[-81.2274825533189,41.553849522973],[-81.2276618702484,41.5540229614272],[-81.2273867490895,41.5543069707288],[-81.2272074685841,41.5541335673847]]]},"properties":{"source_county":"Geauga","jurisdiction":"Munson Township","parcel_id":"21-051580","owner_name":"RICHARDSON SANDRA M TOD","property_address":" EDGEWOOD RD","property_city":"CHARDON","property_zip":"44024"}},{"type":"Feature","geometry":{"type":"Polygon","coordinates":[[[-81.2273867490895,41.5543069707288],[-81.2276618702484,41.5540229614272],[-81.2278411893084,41.5541964005083],[-81.2275660305438,41.5544803737864],[-81.2273867490895,41.5543069707288]]]},"properties":{"source_county":"Geauga","jurisdiction":"Munson Township","parcel_id":"21-051590","owner_name":"RICHARDSON SANDRA M TOD","property_address":"11660 EDGEWOOD RD","property_city":"CHARDON","property_zip":"44024"}},{"type":"Feature","geometry":{"type":"Polygon","coordinates":[[[-81.241836215236,41.5519333327812],[-81.2434343141371,41.5519178088384],[-81.2434350143196,41.5523279685703],[-81.243435035049,41.5523404496299],[-81.2418360756819,41.5523559850784],[-81.241836215236,41.5519333327812]]]},"properties":{"source_county":"Geauga","jurisdiction":"Munson Township","parcel_id":"21-051900","owner_name":"FATICA RENOVATIONS LLC","property_address":"11723 AUBURN RD","property_city":"CHARDON","property_zip":"44024"}},{"type":"Feature","geometry":{"type":"Polygon","coordinates":[[[-81.2418362186875,41.551922354902],[-81.2434342957302,41.551906831626],[-81.243434311815,41.5519163049895],[-81.2434343141371,41.5519178088384],[-81.241836215236,41.5519333327812],[-81.2418362186875,41.551922354902]]]},"properties":{"source_county":"Geauga","jurisdiction":"Munson Township","parcel_id":"21-051910","owner_name":"FATICA RENOVATIONS LLC","property_address":" AUBURN RD","property_city":"CHARDON","property_zip":"44024"}},{"type":"Feature","geometry":{"type":"Polygon","coordinates":[[[-81.2399141231489,41.5559748240665],[-81.2391631730849,41.5547602324627],[-81.24017999265,41.555820298673],[-81.2399141231489,41.5559748240665]]]},"properties":{"source_county":"Geauga","jurisdiction":"Munson Township","parcel_id":"21-052090","owner_name":"ROSS DONALD J & KRISTEN","property_address":" WILSON MILLS RD","property_city":"CHARDON","property_zip":"44024"}},{"type":"Feature","geometry":{"type":"Polygon","coordinates":[[[-81.235849317801,41.5537805410413],[-81.2359534323638,41.553637065238],[-81.2360015011218,41.5536567465924],[-81.2363226813325,41.5537882553192],[-81.2364811269607,41.5538558622537],[-81.2366363259596,41.5539275928758],[-81.2366896826449,41.553953575504],[-81.2366239878754,41.5540198960954],[-81.2361128814587,41.5545358613259],[-81.2355687348976,41.5541671976965],[-81.235849317801,41.5537805410413]]]},"properties":{"source_county":"Geauga","jurisdiction":"Munson Township","parcel_id":"21-052120","owner_name":"HAMPER WILLIAM J III & RINA M TRUSTEES","property_address":"11276 SPRINGWAY RD","property_city":"CHARDON","property_zip":"44024"}},{"type":"Feature","geometry":{"type":"Polygon","coordinates":[[[-81.2373622263692,41.565155730403],[-81.2396463835865,41.5651408972242],[-81.2394562075765,41.5688104446122],[-81.2389074755136,41.5688136610512],[-81.2388455953481,41.570007930548],[-81.2371099782819,41.570020157282],[-81.2373622263692,41.565155730403]]]},"properties":{"source_county":"Geauga","jurisdiction":"Munson Township","parcel_id":"21-052200","owner_name":"LLGC LLC","property_address":"11237 THWING RD","property_city":"CHARDON","property_zip":"44024"}},{"type":"Feature","geometry":{"type":"Polygon","coordinates":[[[-81.2261117424492,41.5690718670289],[-81.2264642403916,41.5690699386714],[-81.2264237162762,41.5700948595599],[-81.225790370499,41.5700992680479],[-81.2258309421008,41.5690734022788],[-81.2261117424492,41.5690718670289]]]},"properties":{"source_county":"Geauga","jurisdiction":"Munson Township","parcel_id":"21-052300","owner_name":"HURLEY TIMOTHY J TOD","property_address":"11543 THWING RD","property_city":"CHARDON","property_zip":"44024"}},{"type":"Feature","geometry":{"type":"Polygon","coordinates":[[[-81.2341665874611,41.5593149967193],[-81.234271461147,41.5592540555588],[-81.235172320782,41.5601296904208],[-81.2346921457677,41.5604080408304],[-81.233791725334,41.5595328258125],[-81.2341665874611,41.5593149967193]]]},"properties":{"source_county":"Geauga","jurisdiction":"Munson Township","parcel_id":"21-052400","owner_name":"BROCK ROY & CAROL","property_address":"11334 WILSON MILLS RD","property_city":"CHARDON","property_zip":"44024"}},{"type":"Feature","geometry":{"type":"Polygon","coordinates":[[[-81.2261018845895,41.5639956363174],[-81.2265661357698,41.5637267817031],[-81.2277984076295,41.5650543853202],[-81.2270922591261,41.5650617902015],[-81.2260973844225,41.563998242499],[-81.2261018845895,41.5639956363174]]]},"properties":{"source_county":"Geauga","jurisdiction":"Munson Township","parcel_id":"21-052500","owner_name":"MILLER RUSSELL C","property_address":"11534 WILSON MILLS RD","property_city":"CHARDON","property_zip":"44024"}},{"type":"Feature","geometry":{"type":"Polygon","coordinates":[[[-81.2355581462628,41.5585063518951],[-81.2356788525334,41.5584362068676],[-81.2366307560795,41.5593614352808],[-81.2361824119126,41.5596213466652],[-81.2361326561361,41.5595729853439],[-81.2352309181091,41.5586965099038],[-81.2355581462628,41.5585063518951]]]},"properties":{"source_county":"Geauga","jurisdiction":"Munson Township","parcel_id":"21-052980","owner_name":"DOZANTI DAVID W & ANITA L","property_address":"11296 WILSON MILLS RD","property_city":"CHARDON","property_zip":"44024"}},{"type":"Feature","geometry":{"type":"Polygon","coordinates":[[[-81.2463371815742,41.5499719798901],[-81.2477984952484,41.5499618574937],[-81.2477745528709,41.5504107598208],[-81.2463132303788,41.5504208819273],[-81.2463311608671,41.5500848304429],[-81.2463371815742,41.5499719798901]]]},"properties":{"source_county":"Geauga","jurisdiction":"Munson Township","parcel_id":"21-053010","owner_name":"MIHEVIC REBECCA L","property_address":"11785 SUN RIDGE CIR","property_city":"CHARDON","property_zip":"44024"}},{"type":"Feature","geometry":{"type":"Polygon","coordinates":[[[-81.2305606479125,41.5572639244192],[-81.2315097784522,41.5571777559539],[-81.231549925241,41.5572773605131],[-81.2316425826718,41.5575072448761],[-81.2317215215646,41.5577030937236],[-81.2306025546666,41.5576732751283],[-81.230603481606,41.5576467864393],[-81.2306038597824,41.5575505327325],[-81.2305968270597,41.5574544236599],[-81.2305824070062,41.5573587808625],[-81.2305606479125,41.5572639244192]]]},"properties":{"source_county":"Geauga","jurisdiction":"Munson Township","parcel_id":"21-053020","owner_name":"DEDONNO RUSSELL J TRUSTEE","property_address":"11542 ORCHARD RD","property_city":"CHARDON","property_zip":"44024"}},{"type":"Feature","geometry":{"type":"Polygon","coordinates":[[[-81.2305302245931,41.5592229194928],[-81.2305481471871,41.5588389362552],[-81.2321969381214,41.5588825775767],[-81.2322697588801,41.5590632407483],[-81.2319918965134,41.5592253416699],[-81.2319327372472,41.559259853529],[-81.2305302245931,41.5592229194928]]]},"properties":{"source_county":"Geauga","jurisdiction":"Munson Township","parcel_id":"21-053120","owner_name":"METZ MICHAEL A & MARA METZ","property_address":"11486 ORCHARD RD","property_city":"CHARDON","property_zip":"44024"}},{"type":"Feature","geometry":{"type":"Polygon","coordinates":[[[-81.2301744142149,41.5564054717164],[-81.2303573706003,41.556246881171],[-81.2307299652073,41.5565719342995],[-81.2305485428395,41.5566951671886],[-81.2301744142149,41.5564054717164]]]},"properties":{"source_county":"Geauga","jurisdiction":"Munson Township","parcel_id":"21-053400","owner_name":"KOVALICK JOSEPH M TOD","property_address":"11430 PARKSIDE RD","property_city":"CHARDON","property_zip":"44024"}},{"type":"Feature","geometry":{"type":"Polygon","coordinates":[[[-81.230086187257,41.5564818159545],[-81.2301744142149,41.5564054717164],[-81.2305485428395,41.5566951671886],[-81.2303671197717,41.5568184006896],[-81.2303139597831,41.5567781682836],[-81.2302559054698,41.5567419529856],[-81.2301934926017,41.5567100890136],[-81.2301272971699,41.5566828704285],[-81.230111964657,41.5566743715747],[-81.2300978941548,41.5566647193352],[-81.2300852387467,41.5566540187243],[-81.2300741361197,41.5566423861621],[-81.2300647070671,41.5566299482082],[-81.2300570541737,41.5566168401845],[-81.2300512606999,41.5566032047031],[-81.2300473896761,41.5565891901145],[-81.2300454832169,41.5565749488938],[-81.2300455620627,41.5565606359816],[-81.2300476253543,41.5565464070985],[-81.2300516506425,41.5565324170508],[-81.230057594132,41.556518818046],[-81.2300653911583,41.5565057580375],[-81.2300749568911,41.556493379114],[-81.230086187257,41.5564818159545]]]},"properties":{"source_county":"Geauga","jurisdiction":"Munson Township","parcel_id":"21-053500","owner_name":"KOVALICK JOSEPH M TOD","property_address":" PARKSIDE RD","property_city":"CHARDON","property_zip":"44024"}},{"type":"Feature","geometry":{"type":"Polygon","coordinates":[[[-81.2305485428395,41.5566951671886],[-81.2307299652073,41.5565719342995],[-81.2309378620101,41.5567533033819],[-81.2303664016503,41.5568824188471],[-81.2303290995905,41.5568482433165],[-81.2303264693719,41.5568460119456],[-81.2303266491396,41.5568458914444],[-81.2303671197717,41.5568184006896],[-81.2305485428395,41.5566951671886]]]},"properties":{"source_county":"Geauga","jurisdiction":"Munson Township","parcel_id":"21-053600","owner_name":"KOVALICK JOSEPH M TOD","property_address":" ORCHARD RD","property_city":"CHARDON","property_zip":"44024"}},{"type":"Feature","geometry":{"type":"Polygon","coordinates":[[[-81.2250289889927,41.5567484966624],[-81.2257597101017,41.5567435001415],[-81.2257657562009,41.5572421360608],[-81.2249982094831,41.5572479457567],[-81.2250289889927,41.5567484966624]]]},"properties":{"source_county":"Geauga","jurisdiction":"Munson Township","parcel_id":"21-053700","owner_name":"KEARNS CHERYL ANNE","property_address":"11560 PARKWAY RD","property_city":"CHARDON","property_zip":"44024"}},{"type":"Feature","geometry":{"type":"Polygon","coordinates":[[[-81.2269212896742,41.5690674364341],[-81.2270975386329,41.5690664707103],[-81.2270570605593,41.5700904584083],[-81.2264237162762,41.5700948595599],[-81.2264642403916,41.5690699386714],[-81.2269212896742,41.5690674364341]]]},"properties":{"source_county":"Geauga","jurisdiction":"Munson Township","parcel_id":"21-053800","owner_name":"DYRCZ FRANK A JR TRUSTEE","property_address":"11525 THWING RD","property_city":"CHARDON","property_zip":"44024"}},{"type":"Feature","geometry":{"type":"Polygon","coordinates":[[[-81.2290591379858,41.5518698491114],[-81.2291506742298,41.5517794940912],[-81.2293333794212,41.5519547546664],[-81.2290646234798,41.5522149510858],[-81.2288849683839,41.552041769423],[-81.2290591379858,41.5518698491114]]]},"properties":{"source_county":"Geauga","jurisdiction":"Munson Township","parcel_id":"21-054300","owner_name":"LOVE RACHEL K","property_address":" OVERLOOK RD","property_city":"CHARDON","property_zip":"44024"}},{"type":"Feature","geometry":{"type":"Polygon","coordinates":[[[-81.2290646234798,41.5522149510858],[-81.2293333794212,41.5519547546664],[-81.2295153041048,41.5521292670856],[-81.229244279543,41.5523881315606],[-81.2290646234798,41.5522149510858]]]},"properties":{"source_county":"Geauga","jurisdiction":"Munson Township","parcel_id":"21-054400","owner_name":"LOVE RACHEL K","property_address":"11724 OVERLOOK RD","property_city":"CHARDON","property_zip":"44024"}},{"type":"Feature","geometry":{"type":"Polygon","coordinates":[[[-81.2290872929826,41.5512411566938],[-81.2292493739407,41.5510740609722],[-81.2296832442972,41.5513109732082],[-81.2295084485381,41.5514916061977],[-81.2294064444862,41.551425931607],[-81.2293022033744,41.551362270069],[-81.2291957955901,41.5513006645665],[-81.2290872929826,41.5512411566938]]]},"properties":{"source_county":"Geauga","jurisdiction":"Munson Township","parcel_id":"21-055000","owner_name":"VLACK CAROL MARIE","property_address":" BASSWOOD RD","property_city":"CHARDON","property_zip":"44024"}},{"type":"Feature","geometry":{"type":"Polygon","coordinates":[[[-81.2292493739407,41.5510740609722],[-81.2294107115816,41.5509077304149],[-81.229843205765,41.5511456661819],[-81.2296832442972,41.5513109732082],[-81.2292493739407,41.5510740609722]]]},"properties":{"source_county":"Geauga","jurisdiction":"Munson Township","parcel_id":"21-055100","owner_name":"VLACK CAROL MARIE","property_address":"11446 LAKEVIEW RD","property_city":"CHARDON","property_zip":"44024"}},{"type":"Feature","geometry":{"type":"Polygon","coordinates":[[[-81.2348249179272,41.5536664747391],[-81.2351431359201,41.5534836433369],[-81.2348645047096,41.5537031699209],[-81.2348249179272,41.5536664747391]]]},"properties":{"source_county":"Geauga","jurisdiction":"Munson Township","parcel_id":"21-056000","owner_name":"EVANS CHRISTOPHER & BREANNE M","property_address":" SYCAMORE RD","property_city":"CHARDON","property_zip":"44024"}},{"type":"Feature","geometry":{"type":"Polygon","coordinates":[[[-81.2346087662562,41.5535195636289],[-81.2349524142074,41.5531882473716],[-81.2350805788274,41.5532494618558],[-81.2353373079004,41.5533720811459],[-81.2351431359201,41.5534836433369],[-81.2348249179272,41.5536664747391],[-81.2347756503396,41.5536259514473],[-81.2347230591529,41.5535878578954],[-81.234667356301,41.5535523475903],[-81.2346087662562,41.5535195636289]]]},"properties":{"source_county":"Geauga","jurisdiction":"Munson Township","parcel_id":"21-056100","owner_name":"EVANS CHRISTOPHER & BREANNE M","property_address":"11678 SYCAMORE RD","property_city":"CHARDON","property_zip":"44024"}},{"type":"Feature","geometry":{"type":"Polygon","coordinates":[[[-81.2343508875107,41.5534160332761],[-81.2345523890842,41.5530806822133],[-81.2349524142074,41.5531882473716],[-81.2346087662562,41.5535195636289],[-81.2345645220171,41.5534975305088],[-81.2345189721924,41.553477053466],[-81.2344722137027,41.553458176071],[-81.2344243460404,41.5534409384906],[-81.2343508875107,41.5534160332761]]]},"properties":{"source_county":"Geauga","jurisdiction":"Munson Township","parcel_id":"21-056200","owner_name":"EVANS CHRISTOPHER & BREANNE M","property_address":" SYCAMORE RD","property_city":"CHARDON","property_zip":"44024"}},{"type":"Feature","geometry":{"type":"Polygon","coordinates":[[[-81.2340178797038,41.5533031302306],[-81.2342075610633,41.5529879569933],[-81.2345523890842,41.5530806822133],[-81.2343508875107,41.5534160332761],[-81.2340178797038,41.5533031302306]]]},"properties":{"source_county":"Geauga","jurisdiction":"Munson Township","parcel_id":"21-056300","owner_name":"EVANS CHRISTOPHER & BREANNE M","property_address":" SYCAMORE RD","property_city":"CHARDON","property_zip":"44024"}},{"type":"Feature","geometry":{"type":"Polygon","coordinates":[[[-81.2430902585368,41.5590093154827],[-81.2430992847613,41.5588810607667],[-81.2459213933117,41.5589517158035],[-81.245900758561,41.5593630865681],[-81.2430703494467,41.5592922234096],[-81.2430902585368,41.5590093154827]]]},"properties":{"source_county":"Geauga","jurisdiction":"Munson Township","parcel_id":"21-057500","owner_name":"FATICA ANTHONY J TOD & ANNA R TOD","property_address":"11478 AUBURN RD","property_city":"CHARDON","property_zip":"44024"}},{"type":"Feature","geometry":{"type":"Polygon","coordinates":[[[-81.2431078149596,41.5587598479208],[-81.2431281638431,41.558470685387],[-81.2459420386665,41.5585401532931],[-81.2459213933117,41.5589517158035],[-81.2430992847613,41.5588810607667],[-81.2431078149596,41.5587598479208]]]},"properties":{"source_county":"Geauga","jurisdiction":"Munson Township","parcel_id":"21-057600","owner_name":"FATICA ANTHONY J TOD & ANNA R TOD","property_address":" AUBURN RD","property_city":"CHARDON","property_zip":"44024"}},{"type":"Feature","geometry":{"type":"Polygon","coordinates":[[[-81.2347050575246,41.5541181953464],[-81.234934921122,41.5539337378971],[-81.2349871096179,41.5539871807648],[-81.2350427182516,41.5540386406535],[-81.2351016137066,41.5540879941857],[-81.235163654785,41.5541351230337],[-81.2352233955753,41.5541771200449],[-81.2352856290372,41.5542170224477],[-81.2353502251354,41.5542547468642],[-81.235417048897,41.5542902144674],[-81.2353755015156,41.5543474673617],[-81.235343928792,41.5543883507925],[-81.2353096006053,41.5544279613844],[-81.2352726076777,41.5544661944493],[-81.2352330477747,41.5545029489398],[-81.2351910254466,41.5545381277159],[-81.2351466517523,41.554571637802],[-81.2351000439656,41.5546033906327],[-81.2350513252658,41.5546333022867],[-81.234705839883,41.5548345161126],[-81.234525791243,41.5546604027632],[-81.2344645269994,41.5546059504066],[-81.2343974979279,41.554555475045],[-81.2343251599006,41.5545093199574],[-81.2342480048922,41.5544677990404],[-81.2347050575246,41.5541181953464]]]},"properties":{"source_county":"Geauga","jurisdiction":"Munson Township","parcel_id":"21-058000","owner_name":"GIPSON JANICE A TRUSTEE","property_address":"11295 SPRINGWAY RD","property_city":"CHARDON","property_zip":"44024"}},{"type":"Feature","geometry":{"type":"Polygon","coordinates":[[[-81.232217661702,41.557514030876],[-81.232899821329,41.5572418365211],[-81.2330076684338,41.5573843557084],[-81.2331205062233,41.5575246781312],[-81.2331599261044,41.5575726164706],[-81.2318993031563,41.5581441656162],[-81.2318837180289,41.5581055011134],[-81.2317246124523,41.5577107627698],[-81.232217661702,41.557514030876]]]},"properties":{"source_county":"Geauga","jurisdiction":"Munson Township","parcel_id":"21-058200","owner_name":"ANSELMO RITAMARIE F TRUSTEE","property_address":"11541 WILBERT RD","property_city":"CHARDON","property_zip":"44024"}},{"type":"Feature","geometry":{"type":"Polygon","coordinates":[[[-81.2359916288747,41.5582544449585],[-81.2361371622502,41.5581698709984],[-81.2370790966714,41.5591015230437],[-81.2366307560795,41.5593614352808],[-81.2356788525334,41.5584362068676],[-81.2359916288747,41.5582544449585]]]},"properties":{"source_county":"Geauga","jurisdiction":"Munson Township","parcel_id":"21-058300","owner_name":"FERRIS LINDA R & MITCHELL W & AARON S","property_address":"11284 WILSON MILLS RD","property_city":"CHARDON","property_zip":"44024"}},{"type":"Feature","geometry":{"type":"Polygon","coordinates":[[[-81.2324967311044,41.5526438428347],[-81.2327517946767,41.5530658624128],[-81.232651842227,41.5531591440837],[-81.232428843026,41.5530768762197],[-81.2321140214372,41.5529607326185],[-81.2321628713315,41.5528860189545],[-81.2321910563293,41.5528469127405],[-81.232223688653,41.5528098091152],[-81.2322605179576,41.5527749927179],[-81.2323012617023,41.5527427306411],[-81.2323456073183,41.5527132703814],[-81.2323932146066,41.5526868379414],[-81.2324437183479,41.5526636360955],[-81.2324967311044,41.5526438428347]]]},"properties":{"source_county":"Geauga","jurisdiction":"Munson Township","parcel_id":"21-059500","owner_name":"GREENHOFF DAVID & CRAIG & MARK AKA BRANDT MARK","property_address":" BROOKSIDE RD","property_city":"CHARDON","property_zip":"44024"}},{"type":"Feature","geometry":{"type":"Polygon","coordinates":[[[-81.2270938193508,41.5554186720695],[-81.2270935443652,41.5553991382246],[-81.2281538488977,41.5556348435965],[-81.2282834317037,41.5561017592178],[-81.2279745517286,41.5564905453282],[-81.2279151588217,41.5564627676836],[-81.2278572373704,41.5564332890798],[-81.2278008736712,41.5564021534375],[-81.2277461516997,41.5563694071466],[-81.2276872165218,41.5563311813329],[-81.22763050497,41.5562911027133],[-81.2275761201989,41.5562492441909],[-81.2275241611299,41.5562056819065],[-81.2274747222716,41.5561604950996],[-81.2274278935475,41.5561137659648],[-81.2273837601332,41.5560655795019],[-81.2273424023005,41.5560160233613],[-81.2273038952724,41.5559651876846],[-81.2272683090856,41.555913164941],[-81.2272357084634,41.5558600497583],[-81.227206152698,41.5558059387514],[-81.2271796955427,41.5557509303463],[-81.2271563851143,41.5556951246011],[-81.2271362638052,41.5556386230239],[-81.2271193682068,41.5555815283883],[-81.2271091084796,41.5555412040651],[-81.2271014197556,41.5555005581962],[-81.2270963195149,41.5554596832135],[-81.2270938193508,41.5554186720695]]]},"properties":{"source_county":"Geauga","jurisdiction":"Munson Township","parcel_id":"21-059530","owner_name":"WISE DAVID JAMES & DEBORAH A","property_address":"11511 PARKSIDE RD","property_city":"CHARDON","property_zip":"44024"}},{"type":"Feature","geometry":{"type":"Polygon","coordinates":[[[-81.2298815519988,41.5558450785929],[-81.2302009772032,41.5556902368502],[-81.2305640384669,41.5560409503823],[-81.230503261016,41.5560782404778],[-81.2304449224251,41.5561176670812],[-81.2303891556831,41.5561591403187],[-81.2303360879167,41.5562025656507],[-81.2300428119944,41.556456491488],[-81.2299980786526,41.5564917526832],[-81.2299506479998,41.5565249656062],[-81.2299006859793,41.5565560140539],[-81.2298483673918,41.5565847893958],[-81.2297938752838,41.5566111909545],[-81.2297374003071,41.5566351263574],[-81.2296791400516,41.5566565118607],[-81.2296192983542,41.5566752726415],[-81.2295379165416,41.5566959730608],[-81.2294546269935,41.5567118245773],[-81.2293215957473,41.5561165144802],[-81.2298815519988,41.5558450785929]]]},"properties":{"source_county":"Geauga","jurisdiction":"Munson Township","parcel_id":"21-059550","owner_name":"MULFORD KARL J & YOUNG PATRICIA M","property_address":"11445 PARKSIDE RD","property_city":"CHARDON","property_zip":"44024"}},{"type":"Feature","geometry":{"type":"Polygon","coordinates":[[[-81.2467363820214,41.5540832566059],[-81.2470629464128,41.5540847714142],[-81.2470845277096,41.5552461265485],[-81.2470922537602,41.5556619606467],[-81.2461054715434,41.5556570762669],[-81.246221318897,41.5540808661419],[-81.2467363820214,41.5540832566059]]]},"properties":{"source_county":"Geauga","jurisdiction":"Munson Township","parcel_id":"21-062600","owner_name":"THUR MARK D & SUSAN M","property_address":"11002 WILSON MILLS RD","property_city":"CHARDON","property_zip":"44024"}},{"type":"Feature","geometry":{"type":"Polygon","coordinates":[[[-81.2452376359247,41.5559850220662],[-81.2452705159026,41.5555026354018],[-81.2452968072231,41.5551169182216],[-81.245367644119,41.5540776071076],[-81.2456090177047,41.5540784791102],[-81.246188456397,41.5540807138612],[-81.246221318897,41.5540808661419],[-81.2461054715434,41.5556570762669],[-81.2470922537602,41.5556619606467],[-81.2470998245014,41.5560693725151],[-81.2471080868543,41.5565139649776],[-81.2460352160037,41.5565085977618],[-81.2452022325532,41.5565044231056],[-81.2452376359247,41.5559850220662]]]},"properties":{"source_county":"Geauga","jurisdiction":"Munson Township","parcel_id":"21-062700","owner_name":"WARD TIMOTHY P & DENISE M","property_address":"11020 WILSON MILLS RD","property_city":"CHARDON","property_zip":"44024"}},{"type":"Feature","geometry":{"type":"Polygon","coordinates":[[[-81.2296859834982,41.5549157675027],[-81.2298617264999,41.5547403324623],[-81.2299149729901,41.5547613859057],[-81.2303528731542,41.5549345211129],[-81.2302660020976,41.5550193533269],[-81.2301747286768,41.5551015362033],[-81.230039975299,41.5550560713894],[-81.2299073945572,41.5550071352846],[-81.2297957865994,41.5549626851994],[-81.2296859834982,41.5549157675027]]]},"properties":{"source_county":"Geauga","jurisdiction":"Munson Township","parcel_id":"21-062800","owner_name":"SEILER JEFFREY S & BRENDA L","property_address":"11600 EDGEWOOD RD","property_city":"CHARDON","property_zip":"44024"}},{"type":"Feature","geometry":{"type":"Polygon","coordinates":[[[-81.2299173448179,41.5546848103875],[-81.2299495976652,41.5546526139383],[-81.2304352053589,41.5548471720949],[-81.2303994810369,41.5548859772628],[-81.2303528731542,41.5549345211129],[-81.2299149729901,41.5547613859057],[-81.2298617264999,41.5547403324623],[-81.2299173228072,41.5546848326591],[-81.2299173448179,41.5546848103875]]]},"properties":{"source_county":"Geauga","jurisdiction":"Munson Township","parcel_id":"21-062900","owner_name":"SEILER JEFFREY S & BRENDA L","property_address":" EDGEWOOD RD","property_city":"CHARDON","property_zip":"44024"}},{"type":"Feature","geometry":{"type":"Polygon","coordinates":[[[-81.2295152060777,41.5548362410794],[-81.2297886099832,41.5545631454788],[-81.2299188541837,41.5546355284265],[-81.2299495976652,41.5546526139383],[-81.2299173448179,41.5546848103875],[-81.2299173228072,41.5546848326591],[-81.2298617264999,41.5547403324623],[-81.2296859834982,41.5549157675027],[-81.2296211873066,41.5548865605717],[-81.2295152060777,41.5548362410794]]]},"properties":{"source_county":"Geauga","jurisdiction":"Munson Township","parcel_id":"21-063000","owner_name":"SEILER JEFFREY S & BRENDA L","property_address":" CHESTNUTDALE RD","property_city":"CHARDON","property_zip":"44024"}},{"type":"Feature","geometry":{"type":"Polygon","coordinates":[[[-81.2418354826715,41.5537969883769],[-81.2434367267872,41.5533326950863],[-81.2434371200073,41.5535629319497],[-81.2434377650328,41.5539415331],[-81.2432203331355,41.5540668919789],[-81.2421491712516,41.5546844507007],[-81.2416430742065,41.553852776877],[-81.2418354826715,41.5537969883769]]]},"properties":{"source_county":"Geauga","jurisdiction":"Munson Township","parcel_id":"21-063100","owner_name":"PESKAR DAVID V & WENDY A TRUSTEES","property_address":"11095 WILSON MILLS RD","property_city":"CHARDON","property_zip":"44024"}},{"type":"Feature","geometry":{"type":"Polygon","coordinates":[[[-81.2297565603072,41.5586257101844],[-81.2297766003793,41.558220919894],[-81.2305212885508,41.5582394255441],[-81.2305023412607,41.5586453507736],[-81.2297565603072,41.5586257101844]]]},"properties":{"source_county":"Geauga","jurisdiction":"Munson Township","parcel_id":"21-063200","owner_name":"KIMBALL MARK O TOD & BETH DAWN TOD","property_address":"11505 ORCHARD RD","property_city":"CHARDON","property_zip":"44024"}},{"type":"Feature","geometry":{"type":"Polygon","coordinates":[[[-81.229776395479,41.5582220270603],[-81.2297766003793,41.558220919894],[-81.2297565603072,41.5586257101844],[-81.2297560977705,41.5586256979201],[-81.2297019232811,41.55862427047],[-81.229776395479,41.5582220270603]]]},"properties":{"source_county":"Geauga","jurisdiction":"Munson Township","parcel_id":"21-063300","owner_name":"KIMBALL MARK O TOD & BETH DAWN TOD","property_address":" ORCHARD RD","property_city":"CHARDON","property_zip":"44024"}},{"type":"Feature","geometry":{"type":"Polygon","coordinates":[[[-81.2342575597944,41.5565540542548],[-81.2356029181976,41.5557691086005],[-81.2356701909794,41.5558341598394],[-81.2359391221186,41.5560942131533],[-81.2345785559179,41.5568880342507],[-81.2342575597944,41.5565540542548]]]},"properties":{"source_county":"Geauga","jurisdiction":"Munson Township","parcel_id":"21-064300","owner_name":"GARLAK PATRICIA A TOD","property_address":"11597 BASSWOOD RD","property_city":"CHARDON","property_zip":"44024"}},{"type":"Feature","geometry":{"type":"Polygon","coordinates":[[[-81.2421670924502,41.5558446530012],[-81.2414638084916,41.5550795724376],[-81.2420433908395,41.5547454341076],[-81.2427501903859,41.5555143313463],[-81.2433351859755,41.5555287835115],[-81.2433197558085,41.5557480592493],[-81.2422520154501,41.5557228133879],[-81.2421670924502,41.5558446530012]]]},"properties":{"source_county":"Geauga","jurisdiction":"Munson Township","parcel_id":"21-064900","owner_name":"ARCHANGEL ANNA & VICTOR","property_address":" AUBURN RD","property_city":"CHARDON","property_zip":"44024"}},{"type":"Feature","geometry":{"type":"Polygon","coordinates":[[[-81.2432203331355,41.5540668919789],[-81.2434379806936,41.5540679078757],[-81.2433826481049,41.5548542809546],[-81.2433377059358,41.5554929756976],[-81.2433351859755,41.5555287835115],[-81.2427501903859,41.5555143313463],[-81.2420433908395,41.5547454341076],[-81.242144356233,41.5546872260812],[-81.2421491712516,41.5546844507007],[-81.2432203331355,41.5540668919789]]]},"properties":{"source_county":"Geauga","jurisdiction":"Munson Township","parcel_id":"21-065000","owner_name":"ARCHANGEL ANNA & VICTOR","property_address":"11625 AUBURN RD","property_city":"CHARDON","property_zip":"44024"}},{"type":"Feature","geometry":{"type":"Polygon","coordinates":[[[-81.2286826707737,41.5567299218596],[-81.2286886349273,41.5572199657754],[-81.2283963463082,41.5572221859257],[-81.2283903039329,41.5567254765574],[-81.2285365465732,41.5567255016773],[-81.2286826707737,41.5567299218596]]]},"properties":{"source_county":"Geauga","jurisdiction":"Munson Township","parcel_id":"21-065170","owner_name":"FLITER JOSEPH P & BROWN FILTER KELLI M","property_address":" PARKSIDE RD","property_city":"CHARDON","property_zip":"44024"}},{"type":"Feature","geometry":{"type":"Polygon","coordinates":[[[-81.2321004639662,41.5586432347663],[-81.2334447056232,41.5578917244041],[-81.2335712420193,41.5580218094285],[-81.2336662131193,41.5581153196052],[-81.2337521471225,41.5581984177962],[-81.2332904467226,41.5584677771458],[-81.2328575995847,41.5587203005838],[-81.2324247503256,41.5589728215003],[-81.2322697588801,41.5590632407483],[-81.2321969381214,41.5588825775767],[-81.2321004639662,41.5586432347663]]]},"properties":{"source_county":"Geauga","jurisdiction":"Munson Township","parcel_id":"21-069100","owner_name":"FARIZEL DIANNE C","property_address":"11517 WILBERT RD","property_city":"CHARDON","property_zip":"44024"}},{"type":"Feature","geometry":{"type":"Polygon","coordinates":[[[-81.2272211519675,41.5567334942042],[-81.2279518715256,41.5567284847746],[-81.2279579151228,41.5572255156915],[-81.2272271952121,41.5572310601086],[-81.2272211519675,41.5567334942042]]]},"properties":{"source_county":"Geauga","jurisdiction":"Munson Township","parcel_id":"21-069120","owner_name":"GERIN AMY C","property_address":"11496 PARKWAY RD","property_city":"CHARDON","property_zip":"44024"}},{"type":"Feature","geometry":{"type":"Polygon","coordinates":[[[-81.2414217180163,41.5593220726321],[-81.2414230681639,41.5593029077001],[-81.2430679329733,41.5593265590936],[-81.2430414962481,41.5597022117424],[-81.2430392860033,41.5597336086504],[-81.2413944109659,41.5597099577543],[-81.2414217180163,41.5593220726321]]]},"properties":{"source_county":"Geauga","jurisdiction":"Munson Township","parcel_id":"21-069800","owner_name":"FIMIANI COLLEEN","property_address":"11463 AUBURN RD","property_city":"CHARDON","property_zip":"44024"}},{"type":"Feature","geometry":{"type":"Polygon","coordinates":[[[-81.2316319419488,41.5533960654379],[-81.2316948723635,41.5534024455779],[-81.2317563475269,41.5534143979173],[-81.2318265787435,41.5534344884806],[-81.231894417574,41.5534587786401],[-81.2319488193184,41.5534812557576],[-81.2319953672841,41.5535029830035],[-81.2320404084617,41.5535264338584],[-81.2320838298398,41.5535515494832],[-81.2321255224703,41.5535782668618],[-81.2321653817427,41.5536065189594],[-81.2322033076459,41.5536362348899],[-81.2322392050193,41.5536673400947],[-81.2322729837916,41.5536997565293],[-81.232360176079,41.5537878170075],[-81.2316529342105,41.5543352052542],[-81.2310616435307,41.5537547437131],[-81.2310692637664,41.5537169585745],[-81.2310816337641,41.5536798891422],[-81.231098641362,41.5536438715101],[-81.2311201323515,41.5536092322357],[-81.2311459118761,41.5535762853785],[-81.2311757461978,41.5535453296534],[-81.2312093648165,41.5535166457222],[-81.2312464629231,41.5534904936489],[-81.2312894060569,41.5534657553872],[-81.231327679314,41.5534476819445],[-81.2313678524466,41.5534321077702],[-81.2314096369005,41.5534191447294],[-81.231452732548,41.5534088859323],[-81.2314968298444,41.553401405065],[-81.2315416120504,41.5533967558607],[-81.2315867575077,41.5533949717133],[-81.2316319419488,41.5533960654379]]]},"properties":{"source_county":"Geauga","jurisdiction":"Munson Township","parcel_id":"21-070315","owner_name":"KENNEDY JACQUELINE & TAMMIE","property_address":"11679 BASSWOOD RD","property_city":"CHARDON","property_zip":"44024"}},{"type":"Feature","geometry":{"type":"Polygon","coordinates":[[[-81.2256320104444,41.5557715255805],[-81.2259212878137,41.5555179837241],[-81.2260483626876,41.5556409602554],[-81.2261077429998,41.5556926552679],[-81.2261723695615,41.5557406690427],[-81.2262418392425,41.5557847020695],[-81.2263157186987,41.5558244796692],[-81.2260520606115,41.556178027074],[-81.2260897588052,41.556214509125],[-81.2259445760935,41.5562991510298],[-81.2256320104444,41.5557715255805]]]},"properties":{"source_county":"Geauga","jurisdiction":"Munson Township","parcel_id":"21-070430","owner_name":"SZABO ARLENE","property_address":" FOREST RD","property_city":"CHARDON","property_zip":"44024"}},{"type":"Feature","geometry":{"type":"Polygon","coordinates":[[[-81.2251711003603,41.5559163070636],[-81.2255520954491,41.55569418737],[-81.2256320104444,41.5557715255805],[-81.2259445760935,41.5562991510298],[-81.2257087625133,41.5564366305454],[-81.2252281156369,41.5559714832635],[-81.2251711003603,41.5559163070636]]]},"properties":{"source_county":"Geauga","jurisdiction":"Munson Township","parcel_id":"21-070445","owner_name":"LEMIEUX KATHRYN M","property_address":" PARKWAY RD","property_city":"CHARDON","property_zip":"44024"}},{"type":"Feature","geometry":{"type":"Polygon","coordinates":[[[-81.2389074755136,41.5688136610512],[-81.2394562075765,41.5688104446122],[-81.2394277501637,41.569359514058],[-81.239394371615,41.5700040592182],[-81.2388455953481,41.570007930548],[-81.2389074755136,41.5688136610512]]]},"properties":{"source_county":"Geauga","jurisdiction":"Munson Township","parcel_id":"21-070900","owner_name":"LLGC LLC","property_address":"11215 THWING RD","property_city":"CHARDON","property_zip":"44024"}},{"type":"Feature","geometry":{"type":"Polygon","coordinates":[[[-81.2348923465676,41.5571914692953],[-81.2362529152853,41.5563976436986],[-81.2362977434652,41.5564409905942],[-81.2365667113588,41.556701073366],[-81.2360717931321,41.5569898390038],[-81.2356389664988,41.5572423720304],[-81.235206138943,41.5574949025487],[-81.2350268219282,41.5573215059775],[-81.2348923465676,41.5571914692953]]]},"properties":{"source_county":"Geauga","jurisdiction":"Munson Township","parcel_id":"21-071400","owner_name":"RZEPKA LORRAINE G TRUSTEE","property_address":"11571 BASSWOOD RD","property_city":"CHARDON","property_zip":"44024"}},{"type":"Feature","geometry":{"type":"Polygon","coordinates":[[[-81.243434311815,41.5519163049895],[-81.2450283871809,41.5519158222365],[-81.2450286129949,41.5523274859494],[-81.2434350143196,41.5523279685703],[-81.2434343141371,41.5519178088384],[-81.243434311815,41.5519163049895]]]},"properties":{"source_county":"Geauga","jurisdiction":"Munson Township","parcel_id":"21-072560","owner_name":"GREENAWALT CHRISTOPHER J & THERESA L","property_address":"11710 AUBURN RD","property_city":"CHARDON","property_zip":"44024"}},{"type":"Feature","geometry":{"type":"Polygon","coordinates":[[[-81.2307868669199,41.5554062221125],[-81.2314091288072,41.5551045694809],[-81.2316909915921,41.5557538218305],[-81.2314417514166,41.5557818813417],[-81.231329627092,41.5557945039944],[-81.231258633055,41.5558036825945],[-81.2311882442091,41.5558151944498],[-81.2311185963993,41.5558290173434],[-81.2310498240407,41.5558451245983],[-81.2309820598588,41.5558634851286],[-81.2309154346342,41.5558840635],[-81.2308500769495,41.5559068199978],[-81.2307861129413,41.5559317107036],[-81.230776024813,41.5559357850175],[-81.2307210363824,41.5559597462447],[-81.2306673226191,41.5559852867355],[-81.2306149638729,41.5560123682848],[-81.2305640384669,41.5560409503823],[-81.2302009772032,41.5556902368502],[-81.2307868669199,41.5554062221125]]]},"properties":{"source_county":"Geauga","jurisdiction":"Munson Township","parcel_id":"21-072600","owner_name":"ULRICH CHRISTOPHER R & DAWN M","property_address":"11405 PARKSIDE RD","property_city":"CHARDON","property_zip":"44024"}},{"type":"Feature","geometry":{"type":"Polygon","coordinates":[[[-81.2281854867208,41.5538410696398],[-81.22845812331,41.5535593446224],[-81.2286377814393,41.553732526861],[-81.2283651449194,41.5540142513841],[-81.2281854867208,41.5538410696398]]]},"properties":{"source_county":"Geauga","jurisdiction":"Munson Township","parcel_id":"21-073000","owner_name":"GROSSMAN ARTHUR D & DONNA L TRUSTEES","property_address":" CHESTNUTDALE RD","property_city":"CHARDON","property_zip":"44024"}},{"type":"Feature","geometry":{"type":"Polygon","coordinates":[[[-81.2283651449194,41.5540142513841],[-81.2286377814393,41.553732526861],[-81.2287297606944,41.5538213845457],[-81.2288217401815,41.5539102430553],[-81.2285505433655,41.5541904304067],[-81.2284591155053,41.5541048348221],[-81.2283651449194,41.5540142513841]]]},"properties":{"source_county":"Geauga","jurisdiction":"Munson Township","parcel_id":"21-073100","owner_name":"GROSSMAN ARTHUR D & DONNA L TRUSTEES","property_address":"11664 CHESTNUTDALE RD","property_city":"CHARDON","property_zip":"44024"}},{"type":"Feature","geometry":{"type":"Polygon","coordinates":[[[-81.2285505433655,41.5541904304067],[-81.2288217401815,41.5539102430553],[-81.228918277298,41.553992269803],[-81.2286457920102,41.5542736832437],[-81.2285505433655,41.5541904304067]]]},"properties":{"source_county":"Geauga","jurisdiction":"Munson Township","parcel_id":"21-073200","owner_name":"GROSSMAN ARTHUR D & DONNA L TRUSTEES","property_address":" CHESTNUTDALE RD","property_city":"CHARDON","property_zip":"44024"}},{"type":"Feature","geometry":{"type":"Polygon","coordinates":[[[-81.2319439586664,41.5557652162083],[-81.2319850674589,41.5558772640434],[-81.232033869554,41.5559875566355],[-81.2320902332179,41.5560957961796],[-81.232154006297,41.5562016904125],[-81.231750338678,41.556282714221],[-81.2314657357502,41.5558208088053],[-81.231705303614,41.5557952273921],[-81.2319439586664,41.5557652162083]]]},"properties":{"source_county":"Geauga","jurisdiction":"Munson Township","parcel_id":"21-073400","owner_name":"MC CLELLAN JOHN PATRICK AKA JOHN P","property_address":"11599 WILBERT RD","property_city":"CHARDON","property_zip":"44024"}},{"type":"Feature","geometry":{"type":"Polygon","coordinates":[[[-81.2429208887445,41.5614159250734],[-81.2429527074364,41.5609638198179],[-81.2458141422798,41.5610896916196],[-81.2457893725714,41.5615834428941],[-81.2429179877048,41.5614571343339],[-81.2429208887445,41.5614159250734]]]},"properties":{"source_county":"Geauga","jurisdiction":"Munson Township","parcel_id":"21-073700","owner_name":"BALAZS PAUL A JR & JULIE","property_address":"11416 AUBURN RD","property_city":"CHARDON","property_zip":"44024"}},{"type":"Feature","geometry":{"type":"Polygon","coordinates":[[[-81.2429819921594,41.5605477093949],[-81.2429835680353,41.5605253186411],[-81.2458361598978,41.560650800831],[-81.2458141422798,41.5610896916196],[-81.2429527074364,41.5609638198179],[-81.2429533453027,41.5609547596824],[-81.2429819921594,41.5605477093949]]]},"properties":{"source_county":"Geauga","jurisdiction":"Munson Township","parcel_id":"21-073800","owner_name":"JAHNKE GREGORY D & ANDREA K","property_address":"11428 AUBURN RD","property_city":"CHARDON","property_zip":"44024"}},{"type":"Feature","geometry":{"type":"Polygon","coordinates":[[[-81.2430392860033,41.5597336086504],[-81.2430414962481,41.5597022117424],[-81.2458801808075,41.5597732827522],[-81.2458581772036,41.560211910876],[-81.2430144282383,41.5600868164933],[-81.2430392860033,41.5597336086504]]]},"properties":{"source_county":"Geauga","jurisdiction":"Munson Township","parcel_id":"21-073900","owner_name":"SHIELDS STEVEN & ERICA","property_address":"11450 AUBURN RD","property_city":"CHARDON","property_zip":"44024"}},{"type":"Feature","geometry":{"type":"Polygon","coordinates":[[[-81.2430106398587,41.5601406590596],[-81.2430144282383,41.5600868164933],[-81.2458581772036,41.560211910876],[-81.2458361598978,41.560650800831],[-81.2429835680353,41.5605253186411],[-81.2430106398587,41.5601406590596]]]},"properties":{"source_county":"Geauga","jurisdiction":"Munson Township","parcel_id":"21-074000","owner_name":"BOYLE ERIN L","property_address":"11440 AUBURN RD","property_city":"CHARDON","property_zip":"44024"}},{"type":"Feature","geometry":{"type":"Polygon","coordinates":[[[-81.2428890236085,41.5618686781087],[-81.2429179877048,41.5614571343339],[-81.2457893725714,41.5615834428941],[-81.2457348237027,41.5626707599144],[-81.2444528360163,41.5626152104611],[-81.2444917751124,41.5620617661577],[-81.2433916273662,41.5619908742583],[-81.2433853479689,41.5618895956856],[-81.2428890236085,41.5618686781087]]]},"properties":{"source_county":"Geauga","jurisdiction":"Munson Township","parcel_id":"21-074100","owner_name":"BCM REAL ESTATE VENTURES LLC","property_address":"11394 AUBURN RD","property_city":"CHARDON","property_zip":"44024"}},{"type":"Feature","geometry":{"type":"Polygon","coordinates":[[[-81.2286377814393,41.553732526861],[-81.2289106089155,41.553450601177],[-81.2290026942179,41.553539367064],[-81.2287297606944,41.5538213845457],[-81.2286377814393,41.553732526861]]]},"properties":{"source_county":"Geauga","jurisdiction":"Munson Township","parcel_id":"21-074200","owner_name":"THOMAS A HALL EXCAVATING & CONTRACTING INC","property_address":" MAPLEWOOD RD","property_city":"CHARDON","property_zip":"44024"}},{"type":"Feature","geometry":{"type":"Polygon","coordinates":[[[-81.22845812331,41.5535593446224],[-81.2287309508382,41.553277419345],[-81.2289106089155,41.553450601177],[-81.2286377814393,41.553732526861],[-81.22845812331,41.5535593446224]]]},"properties":{"source_county":"Geauga","jurisdiction":"Munson Township","parcel_id":"21-074300","owner_name":"THOMAS A HALL EXCAVATING & CONTRACTING INC","property_address":" MAPLEWOOD RD","property_city":"CHARDON","property_zip":"44024"}},{"type":"Feature","geometry":{"type":"Polygon","coordinates":[[[-81.2282784661132,41.5533861629966],[-81.2285512936933,41.5531042381254],[-81.2287309508382,41.553277419345],[-81.22845812331,41.5535593446224],[-81.2282784661132,41.5533861629966]]]},"properties":{"source_county":"Geauga","jurisdiction":"Munson Township","parcel_id":"21-074400","owner_name":"THOMAS A HALL EXCAVATING & CONTRACTING INC","property_address":"11693 MAPLEWOOD RD","property_city":"CHARDON","property_zip":"44024"}},{"type":"Feature","geometry":{"type":"Polygon","coordinates":[[[-81.234161150453,41.5578265643262],[-81.2345939866431,41.5575740368561],[-81.2355581462628,41.5585063518951],[-81.2352309181091,41.5586965099038],[-81.2351246602995,41.5587582580931],[-81.234161150453,41.5578265643262]]]},"properties":{"source_county":"Geauga","jurisdiction":"Munson Township","parcel_id":"21-074600","owner_name":"MAY CHRISTOPHER V & MICHELE A","property_address":"11293 WILSON MILLS RD","property_city":"CHARDON","property_zip":"44024"}},{"type":"Feature","geometry":{"type":"Polygon","coordinates":[[[-81.2279615021847,41.5524017459217],[-81.2281489520247,41.5522085064545],[-81.228446265687,41.552495110371],[-81.2282590477331,41.5526885734611],[-81.2279615021847,41.5524017459217]]]},"properties":{"source_county":"Geauga","jurisdiction":"Munson Township","parcel_id":"21-074700","owner_name":"PAINTER RITA T TOD","property_address":"11718 MAPLEWOOD RD","property_city":"CHARDON","property_zip":"44024"}},{"type":"Feature","geometry":{"type":"Polygon","coordinates":[[[-81.2337330919942,41.5595668976692],[-81.233791725334,41.5595328258125],[-81.2346921457677,41.5604080408304],[-81.2332665202253,41.5603745586773],[-81.2332018002723,41.5603703477639],[-81.2331380906411,41.56036081209],[-81.2330761655137,41.5603460675306],[-81.2330167773861,41.5603262932574],[-81.2329606479235,41.5603017295619],[-81.2329084591909,41.5602726749347],[-81.2328608453639,41.5602394824387],[-81.2328183850231,41.5602025554181],[-81.2327513846222,41.5601373435212],[-81.2328660886958,41.5600706928255],[-81.2332995920119,41.5598187960668],[-81.2337330919942,41.5595668976692]]]},"properties":{"source_county":"Geauga","jurisdiction":"Munson Township","parcel_id":"21-075100","owner_name":"MILLER DAVID P & MARIE E","property_address":"11342 WILSON MILLS RD","property_city":"CHARDON","property_zip":"44024"}},{"type":"Feature","geometry":{"type":"Polygon","coordinates":[[[-81.245028154749,41.5514935532894],[-81.2456561865368,41.5514892122301],[-81.2456263025248,41.5525871926545],[-81.2450287565244,41.5525913229139],[-81.2450286129949,41.5523274859494],[-81.2450283871809,41.5519158222365],[-81.245028154749,41.5514935532894]]]},"properties":{"source_county":"Geauga","jurisdiction":"Munson Township","parcel_id":"21-075180","owner_name":"SESTAK STEPHEN & LAUREN E","property_address":"11030 WOOD HOLLOW DR","property_city":"CHARDON","property_zip":"44024"}},{"type":"Feature","geometry":{"type":"Polygon","coordinates":[[[-81.2296832442972,41.5513109732082],[-81.229843205765,41.5511456661819],[-81.2300233866963,41.5512447918131],[-81.2300234436312,41.5512448230527],[-81.2300232775127,41.5512483214615],[-81.2300201070546,41.5513150909369],[-81.230021200771,41.5513156864223],[-81.2300212577235,41.5513157167617],[-81.2300581771484,41.5513358198623],[-81.2300194211976,41.5513752662473],[-81.2300193624996,41.5513753259384],[-81.2297429871824,41.5516566211238],[-81.2296274249373,41.5515727444985],[-81.2295084485381,41.5514916061977],[-81.2296832442972,41.5513109732082]]]},"properties":{"source_county":"Geauga","jurisdiction":"Munson Township","parcel_id":"21-075350","owner_name":"NOVAK DAVID & JOANNE COOPER","property_address":"11752 BASSWOOD RD","property_city":"CHARDON","property_zip":"44024"}},{"type":"Feature","geometry":{"type":"Polygon","coordinates":[[[-81.2317900667031,41.5549199002818],[-81.2320970494808,41.5547710804436],[-81.2325496367374,41.5555590142445],[-81.2324654421126,41.5555913193097],[-81.2323794713111,41.5556208674609],[-81.2322918842439,41.5556476037358],[-81.2322028438294,41.5556714784026],[-81.2321125156896,41.5556924470522],[-81.2320210678424,41.555710470681],[-81.231928670389,41.5557255157633],[-81.2318354951973,41.5557375543137],[-81.2316909915921,41.5557538218305],[-81.2314091288072,41.5551045694809],[-81.2317900667031,41.5549199002818]]]},"properties":{"source_county":"Geauga","jurisdiction":"Munson Township","parcel_id":"21-076700","owner_name":"HITCHCOCK WILLIARD CHARLES & WANG XIAOXIAO","property_address":"11375 PARKSIDE RD","property_city":"CHARDON","property_zip":"44024"}},{"type":"Feature","geometry":{"type":"Polygon","coordinates":[[[-81.2296438959337,41.5608265100153],[-81.2296477117917,41.5608243032334],[-81.2303649783168,41.5615239518601],[-81.2300628053646,41.5616995202891],[-81.2298585607508,41.561818189096],[-81.2296060515949,41.5615718812763],[-81.2296036852451,41.5615695744384],[-81.2291404221719,41.5611176831772],[-81.2296437504328,41.5608265939702],[-81.2296438959337,41.5608265100153]]]},"properties":{"source_county":"Geauga","jurisdiction":"Munson Township","parcel_id":"21-076900","owner_name":"VOJACK CORY & BRITTANY","property_address":"11433 WILSON MILLS RD","property_city":"CHARDON","property_zip":"44024"}},{"type":"Feature","geometry":{"type":"Polygon","coordinates":[[[-81.2319660316085,41.5530936961785],[-81.2316260928256,41.5521389576118],[-81.2321365495355,41.552163364482],[-81.2327526491951,41.5525180612346],[-81.2328266556295,41.5525606672855],[-81.2327721383171,41.552559063312],[-81.2327176136395,41.5525605191815],[-81.232663385528,41.5525650267787],[-81.2326097562615,41.5525725609773],[-81.2325570247804,41.5525830797801],[-81.2325054850215,41.5525965245531],[-81.2324554242791,41.5526128203523],[-81.2324071216034,41.5526318763414],[-81.232360846246,41.5526535862982],[-81.2323168561579,41.5526778292064],[-81.2322753965527,41.5527044699305],[-81.2322366985392,41.5527333599687],[-81.2322009778333,41.552764338281],[-81.2321684335554,41.5527972321863],[-81.2321392471207,41.5528318583257],[-81.2321135812276,41.5528680236836],[-81.2319660316085,41.5530936961785]]]},"properties":{"source_county":"Geauga","jurisdiction":"Munson Township","parcel_id":"21-077600","owner_name":"HARWOOD JAMES W & SUZANN TRUSTEES","property_address":"11379 BROOKSIDE RD","property_city":"CHARDON","property_zip":"44024"}},{"type":"Feature","geometry":{"type":"Polygon","coordinates":[[[-81.2268286410639,41.5562918817763],[-81.2268631342934,41.5559646042711],[-81.226910673647,41.5559665266449],[-81.2269582781769,41.5559669703666],[-81.2269241880961,41.5562904306165],[-81.2269010161641,41.5562994597317],[-81.2268286410639,41.5562918817763]]]},"properties":{"source_county":"Geauga","jurisdiction":"Munson Township","parcel_id":"21-077720","owner_name":"SZABO ARLENE M","property_address":" FOREST RD","property_city":"CHARDON","property_zip":"44024"}},{"type":"Feature","geometry":{"type":"Polygon","coordinates":[[[-81.2264305813613,41.5562501995467],[-81.2265775172907,41.5559207903167],[-81.2266473871314,41.555936834851],[-81.2267184715123,41.5559495171348],[-81.2267904839683,41.5559587860592],[-81.2268631342934,41.5559646042711],[-81.2268286410639,41.5562918817763],[-81.2266290314952,41.5562709795446],[-81.2264305813613,41.5562501995467]]]},"properties":{"source_county":"Geauga","jurisdiction":"Munson Township","parcel_id":"21-077730","owner_name":"SZABO ARLENE M","property_address":"11599 FOREST RD","property_city":"CHARDON","property_zip":"44024"}},{"type":"Feature","geometry":{"type":"Polygon","coordinates":[[[-81.2260520606115,41.556178027074],[-81.2263157186987,41.5558244796692],[-81.2263779801222,41.5558531956131],[-81.2264425418604,41.5558788862924],[-81.2265091437215,41.5559014481697],[-81.2265775172907,41.5559207903167],[-81.2264305813613,41.5562501995467],[-81.2263363490021,41.5562403319973],[-81.2260897588052,41.556214509125],[-81.2260520606115,41.556178027074]]]},"properties":{"source_county":"Geauga","jurisdiction":"Munson Township","parcel_id":"21-077740","owner_name":"SZABO ARLENE M","property_address":" FOREST RD","property_city":"CHARDON","property_zip":"44024"}},{"type":"Feature","geometry":{"type":"Polygon","coordinates":[[[-81.2259445760935,41.5562991510298],[-81.2260897588052,41.556214509125],[-81.2260491192533,41.5566591848872],[-81.2259395106487,41.5566599344299],[-81.2257087625133,41.5564366305454],[-81.2259445760935,41.5562991510298]]]},"properties":{"source_county":"Geauga","jurisdiction":"Munson Township","parcel_id":"21-077750","owner_name":"SZABO ARLENE M","property_address":" PARKWAY RD","property_city":"CHARDON","property_zip":"44024"}},{"type":"Feature","geometry":{"type":"Polygon","coordinates":[[[-81.2260491192533,41.5566591848872],[-81.2260897588052,41.556214509125],[-81.2263363490021,41.5562403319973],[-81.2263414072841,41.5566571840825],[-81.2260491192533,41.5566591848872]]]},"properties":{"source_county":"Geauga","jurisdiction":"Munson Township","parcel_id":"21-077760","owner_name":"SZABO ARLENE M","property_address":" PARKWAY RD","property_city":"CHARDON","property_zip":"44024"}},{"type":"Feature","geometry":{"type":"Polygon","coordinates":[[[-81.2263414072841,41.5566571840825],[-81.2263363490021,41.5562403319973],[-81.2264305813613,41.5562501995467],[-81.2266290314952,41.5562709795446],[-81.2266336952971,41.5566551825422],[-81.2263414072841,41.5566571840825]]]},"properties":{"source_county":"Geauga","jurisdiction":"Munson Township","parcel_id":"21-077770","owner_name":"SZABO ARLENE M","property_address":" PARKWAY RD","property_city":"CHARDON","property_zip":"44024"}},{"type":"Feature","geometry":{"type":"Polygon","coordinates":[[[-81.2266336952971,41.5566551825422],[-81.2266290314952,41.5562709795446],[-81.2268286410639,41.5562918817763],[-81.2269010161641,41.5562994597317],[-81.2269217739942,41.5563065103903],[-81.2269259832748,41.5566531811663],[-81.2266336952971,41.5566551825422]]]},"properties":{"source_county":"Geauga","jurisdiction":"Munson Township","parcel_id":"21-077780","owner_name":"SZABO ARLENE M","property_address":" PARKWAY RD","property_city":"CHARDON","property_zip":"44024"}},{"type":"Feature","geometry":{"type":"Polygon","coordinates":[[[-81.2303649783168,41.5615239518601],[-81.2308534921795,41.5612401128403],[-81.2319001756578,41.562392809903],[-81.2319002202677,41.5623928590168],[-81.2310482385049,41.562379914228],[-81.2307127789982,41.5623748159129],[-81.2300628053646,41.5616995202891],[-81.2303649783168,41.5615239518601]]]},"properties":{"source_county":"Geauga","jurisdiction":"Munson Township","parcel_id":"21-078700","owner_name":"HEIDEN LARRY & LARRY M","property_address":" WILSON MILLS RD","property_city":"CHARDON","property_zip":"44024"}},{"type":"Feature","geometry":{"type":"Polygon","coordinates":[[[-81.2298585607508,41.561818189096],[-81.2300628053646,41.5616995202891],[-81.2307127789982,41.5623748159129],[-81.230333360422,41.5623690477588],[-81.2295655314677,41.5623573715279],[-81.2295794176852,41.5619803738401],[-81.2295834157059,41.5619780510889],[-81.2296851499405,41.5619189437002],[-81.2298585607508,41.561818189096]]]},"properties":{"source_county":"Geauga","jurisdiction":"Munson Township","parcel_id":"21-078800","owner_name":"HEIDEN LARRY & LARRY M","property_address":"11422 WILSON MILLS RD","property_city":"CHARDON","property_zip":"44024"}},{"type":"Feature","geometry":{"type":"Polygon","coordinates":[[[-81.2450295715326,41.5540763836641],[-81.245367644119,41.5540776071076],[-81.2452968072231,41.5551169182216],[-81.2444492191734,41.5551126863959],[-81.244468014565,41.5548636766228],[-81.244527576429,41.5540745663824],[-81.2450295715326,41.5540763836641]]]},"properties":{"source_county":"Geauga","jurisdiction":"Munson Township","parcel_id":"21-078900","owner_name":"BENSON GLEN C & CHRISTINA L","property_address":"11044 WILSON MILLS RD","property_city":"CHARDON","property_zip":"44024"}},{"type":"Feature","geometry":{"type":"Polygon","coordinates":[[[-81.2397146546527,41.5609292206201],[-81.239743606737,41.5605181328179],[-81.2413348950518,41.560555337599],[-81.2413084432407,41.560931044583],[-81.2413059529376,41.5609664257929],[-81.2397146546527,41.5609292206201]]]},"properties":{"source_county":"Geauga","jurisdiction":"Munson Township","parcel_id":"21-079400","owner_name":"HENDERSON PATRICIA S & PATRICIA","property_address":"11490 UPPER CHELSEA DR","property_city":"CHARDON","property_zip":"44024"}},{"type":"Feature","geometry":{"type":"Polygon","coordinates":[[[-81.2312992966305,41.5527939449036],[-81.2312383008094,41.552679259471],[-81.2317563475269,41.5534143979173],[-81.2317179196067,41.5534062410798],[-81.2314732426148,41.5533328971019],[-81.2314113242634,41.5533136520694],[-81.2313508330635,41.5532919969995],[-81.2312919351281,41.5532679913589],[-81.2312347921946,41.5532417010693],[-81.2311795611805,41.5532131983261],[-81.2311263937523,41.5531825614002],[-81.2310754359091,41.5531498744232],[-81.2310268275818,41.5531152271559],[-81.2310555130314,41.5530814038328],[-81.2312992966305,41.5527939449036]]]},"properties":{"source_county":"Geauga","jurisdiction":"Munson Township","parcel_id":"21-079413","owner_name":"FRANCIS JOAN TOD","property_address":" BASSWOOD RD","property_city":"CHARDON","property_zip":"44024"}},{"type":"Feature","geometry":{"type":"Polygon","coordinates":[[[-81.2336873584063,41.5538301508745],[-81.2339738006527,41.5533785162103],[-81.2343792550143,41.5535159813031],[-81.2344487871778,41.5535419409232],[-81.2345155507679,41.5535717204115],[-81.234579174538,41.5536051541772],[-81.2346393046989,41.5536420563098],[-81.2346956068863,41.553682221612],[-81.23474776802,41.5537254267412],[-81.2347954980445,41.5537714314513],[-81.2348385315426,41.5538199799279],[-81.2348848153931,41.553877772503],[-81.234934921122,41.5539337378971],[-81.2347050575246,41.5541181953464],[-81.2341999779564,41.5539757434827],[-81.2337078629688,41.553835973792],[-81.2336873584063,41.5538301508745]]]},"properties":{"source_county":"Geauga","jurisdiction":"Munson Township","parcel_id":"21-080200","owner_name":"SWEET JOSEPH C & MARY E","property_address":"11677 SYCAMORE RD","property_city":"CHARDON","property_zip":"44024"}},{"type":"Feature","geometry":{"type":"Polygon","coordinates":[[[-81.2413927769919,41.5597331610121],[-81.2413944109659,41.5597099577543],[-81.2430392860033,41.5597336086504],[-81.2430144282383,41.5600868164933],[-81.2430106398587,41.5601406590596],[-81.2413657546104,41.5601170077608],[-81.2413927769919,41.5597331610121]]]},"properties":{"source_county":"Geauga","jurisdiction":"Munson Township","parcel_id":"21-081200","owner_name":"STUPI ADAM C & JULIE C","property_address":"11451 AUBURN RD","property_city":"CHARDON","property_zip":"44024"}},{"type":"Feature","geometry":{"type":"Polygon","coordinates":[[[-81.2336662131193,41.5581153196052],[-81.234161150453,41.5578265643262],[-81.2351246602995,41.5587582580931],[-81.2347511916609,41.558975284185],[-81.2346289798915,41.5590463015369],[-81.2337521471225,41.5581984177962],[-81.2336662131193,41.5581153196052]]]},"properties":{"source_county":"Geauga","jurisdiction":"Munson Township","parcel_id":"21-082680","owner_name":"WAGGONER DAVID A & CONSTANCE O","property_address":"11303 WILSON MILLS RD","property_city":"CHARDON","property_zip":"44024"}},{"type":"Feature","geometry":{"type":"Polygon","coordinates":[[[-81.2399317728047,41.5588395380838],[-81.2399505271577,41.5587936697523],[-81.2414572858258,41.5588168447962],[-81.2414514945231,41.5588991175676],[-81.2414230681639,41.5593029077001],[-81.2414217180163,41.5593220726321],[-81.2398304621466,41.5592848618497],[-81.2398427968681,41.5591720576655],[-81.2398638459701,41.5590599832965],[-81.2398935381404,41.558949018202],[-81.2399317728047,41.5588395380838]]]},"properties":{"source_county":"Geauga","jurisdiction":"Munson Township","parcel_id":"21-083450","owner_name":"HUNLEY CONCETTA","property_address":"11554 UPPER CHELSEA DR","property_city":"CHARDON","property_zip":"44024"}},{"type":"Feature","geometry":{"type":"Polygon","coordinates":[[[-81.2299940800909,41.5541720302167],[-81.2302338720443,41.5538937851503],[-81.2304866607784,41.5540609168836],[-81.2304641312915,41.5540922877944],[-81.2304432934362,41.5541213016941],[-81.2302958446394,41.5543266075867],[-81.2302187920195,41.5542897652907],[-81.2301427912529,41.5542517102502],[-81.2300678761633,41.5542124594025],[-81.2299940800909,41.5541720302167]]]},"properties":{"source_county":"Geauga","jurisdiction":"Munson Township","parcel_id":"21-086100","owner_name":"BRENICK JAMES L","property_address":" MAPLEWOOD RD","property_city":"CHARDON","property_zip":"44024"}},{"type":"Feature","geometry":{"type":"Polygon","coordinates":[[[-81.2302958446394,41.5543266075867],[-81.2304432934362,41.5541213016941],[-81.2308296915144,41.5542731065794],[-81.2308009167942,41.554329431587],[-81.2307704029927,41.5543852377785],[-81.2307381666683,41.5544404948627],[-81.2307042253145,41.554495172846],[-81.2305999012242,41.5544561440678],[-81.2304970135591,41.554415020148],[-81.2303956368768,41.5543718308883],[-81.2302958446394,41.5543266075867]]]},"properties":{"source_county":"Geauga","jurisdiction":"Munson Township","parcel_id":"21-086200","owner_name":"BRENICK JAMES L","property_address":"11646 MAPLEWOOD RD","property_city":"CHARDON","property_zip":"44024"}},{"type":"Feature","geometry":{"type":"Polygon","coordinates":[[[-81.2304432934362,41.5541213016941],[-81.2304641312915,41.5540922877944],[-81.2308893015665,41.5541414890688],[-81.2308606726729,41.5542075983722],[-81.2308296915144,41.5542731065794],[-81.2304432934362,41.5541213016941]]]},"properties":{"source_county":"Geauga","jurisdiction":"Munson Township","parcel_id":"21-086300","owner_name":"BRENICK JAMES L","property_address":" EDGEWOOD RD","property_city":"CHARDON","property_zip":"44024"}},{"type":"Feature","geometry":{"type":"Polygon","coordinates":[[[-81.2319990732426,41.5605744823393],[-81.2321582134624,41.5604820133092],[-81.2367182189477,41.5606246731074],[-81.2366783935819,41.5612699373544],[-81.2380944400926,41.5613030823703],[-81.2396857022051,41.5613403083601],[-81.2412770104601,41.5613775139247],[-81.2429208887445,41.5614159250734],[-81.2429179877048,41.5614571343339],[-81.2428890236085,41.5618686781087],[-81.2428606858673,41.5622713065482],[-81.2428577926635,41.562312415927],[-81.2428413978423,41.5625453654603],[-81.2411375608924,41.5625262304351],[-81.2397826663036,41.5625109949328],[-81.2369503903762,41.5624644859913],[-81.2369231249189,41.5624640381233],[-81.2364042267103,41.5624568184237],[-81.2358305158044,41.5624488330675],[-81.2352568062372,41.56244084489],[-81.2346830955938,41.5624328547652],[-81.2331869810237,41.5624120033062],[-81.2328671482858,41.5624075427574],[-81.2320045260375,41.5623944438468],[-81.2319002202677,41.5623928590168],[-81.2319001756578,41.562392809903],[-81.2308534921795,41.5612401128403],[-81.2310424496674,41.5611303224809],[-81.2315944605964,41.560809581439],[-81.2319990732426,41.5605744823393]]]},"properties":{"source_county":"Geauga","jurisdiction":"Munson Township","parcel_id":"21-086900","owner_name":"JANU ANDREW J IV TOD","property_address":"11394 WILSON MILLS RD","property_city":"CHARDON","property_zip":"44024"}},{"type":"Feature","geometry":{"type":"Polygon","coordinates":[[[-81.2348645047096,41.5537031699209],[-81.2351431359201,41.5534836433369],[-81.2354960155848,41.5536320039897],[-81.2351443098367,41.5540005639936],[-81.2350888835946,41.5539508756569],[-81.2350367439525,41.5538992190977],[-81.2349880145869,41.5538457168541],[-81.2349428110833,41.5537904958423],[-81.2349054295338,41.5537459364967],[-81.2348645047096,41.5537031699209]]]},"properties":{"source_county":"Geauga","jurisdiction":"Munson Township","parcel_id":"21-087200","owner_name":"PECK STEVEN G TOD & PAULA M TOD","property_address":" SYCAMORE RD","property_city":"CHARDON","property_zip":"44024"}},{"type":"Feature","geometry":{"type":"Polygon","coordinates":[[[-81.2351443098367,41.5540005639936],[-81.2354960155848,41.5536320039897],[-81.2358014945648,41.553760434564],[-81.235469775244,41.5542175561021],[-81.2353818888144,41.554169059444],[-81.2352981404485,41.5541165936776],[-81.2352188473479,41.5540603575263],[-81.2351443098367,41.5540005639936]]]},"properties":{"source_county":"Geauga","jurisdiction":"Munson Township","parcel_id":"21-087300","owner_name":"PECK STEVEN G TOD & PAULA M TOD","property_address":"11275 SPRINGWAY RD","property_city":"CHARDON","property_zip":"44024"}},{"type":"Feature","geometry":{"type":"Polygon","coordinates":[[[-81.2354960155848,41.5536320039897],[-81.2357404534069,41.5533565692001],[-81.2360187136717,41.5534610945711],[-81.2358014945648,41.553760434564],[-81.2354960155848,41.5536320039897]]]},"properties":{"source_county":"Geauga","jurisdiction":"Munson Township","parcel_id":"21-087400","owner_name":"PECK STEVEN G TOD & PAULA M TOD","property_address":" SPRINGWAY RD","property_city":"CHARDON","property_zip":"44024"}},{"type":"Feature","geometry":{"type":"Polygon","coordinates":[[[-81.2306578050108,41.5525836282192],[-81.2309909354639,41.5522141454033],[-81.2310485413993,41.5523224598587],[-81.230724732407,41.5526812442036],[-81.2306578050108,41.5525836282192]]]},"properties":{"source_county":"Geauga","jurisdiction":"Munson Township","parcel_id":"21-088300","owner_name":"LEE MELISSA J","property_address":" BASSWOOD RD","property_city":"CHARDON","property_zip":"44024"}},{"type":"Feature","geometry":{"type":"Polygon","coordinates":[[[-81.230724732407,41.5526812442036],[-81.2310485413993,41.5523224598587],[-81.2311705295292,41.5525518308873],[-81.2308697411542,41.5528952976486],[-81.2308500470316,41.5528679045226],[-81.230724732407,41.5526812442036]]]},"properties":{"source_county":"Geauga","jurisdiction":"Munson Township","parcel_id":"21-088310","owner_name":"LEE MELISSA J","property_address":"11708 BASSWOOD RD","property_city":"CHARDON","property_zip":"44024"}},{"type":"Feature","geometry":{"type":"Polygon","coordinates":[[[-81.2382994335793,41.5583933169473],[-81.2384299394975,41.5583179680799],[-81.2384538726606,41.5583413266488],[-81.2386463994534,41.5582301679616],[-81.2400935024078,41.5585279246935],[-81.2400418777197,41.5586115695595],[-81.2399955877471,41.558696957792],[-81.2399547364994,41.5587838975698],[-81.2399194157694,41.5588721935859],[-81.2382678131682,41.5588421766199],[-81.2382994335793,41.5583933169473]]]},"properties":{"source_county":"Geauga","jurisdiction":"Munson Township","parcel_id":"21-089765","owner_name":"ADAMS ASHLEY M & ZACHARIAH S","property_address":"11565 UPPER CHELSEA DR","property_city":"CHARDON","property_zip":"44024"}},{"type":"Feature","geometry":{"type":"Polygon","coordinates":[[[-81.2316529342105,41.5543352052542],[-81.232360176079,41.5537878170075],[-81.2329096371937,41.5543427464332],[-81.232960882486,41.5543996466034],[-81.2330056898921,41.5544595343001],[-81.2320970494808,41.5547710804436],[-81.2316529342105,41.5543352052542]]]},"properties":{"source_county":"Geauga","jurisdiction":"Munson Township","parcel_id":"21-089800","owner_name":"WEAVER ERIC D & RACHEL M","property_address":"11669 BASSWOOD RD","property_city":"CHARDON","property_zip":"44024"}},{"type":"Feature","geometry":{"type":"Polygon","coordinates":[[[-81.2380944400926,41.5613030823703],[-81.23812340251,41.5608919950221],[-81.2397146546527,41.5609292206201],[-81.2396857022051,41.5613403083601],[-81.2380944400926,41.5613030823703]]]},"properties":{"source_county":"Geauga","jurisdiction":"Munson Township","parcel_id":"21-090100","owner_name":"KRAMER TONY A & CATHERINE M","property_address":"11475 UPPER CHELSEA DR","property_city":"CHARDON","property_zip":"44024"}},{"type":"Feature","geometry":{"type":"Polygon","coordinates":[[[-81.2377416019063,41.5546401817294],[-81.2385026749122,41.5540864450104],[-81.2385949657482,41.5541715535665],[-81.238682717731,41.5542593291941],[-81.2389496370073,41.5545376085488],[-81.238119276951,41.5547193343439],[-81.2378876152219,41.5547705243426],[-81.23780105658,41.5546918725755],[-81.2377416019063,41.5546401817294]]]},"properties":{"source_county":"Geauga","jurisdiction":"Munson Township","parcel_id":"21-090180","owner_name":"SCHREFFLER JERRY","property_address":"11592 ORIOLE PL","property_city":"CHARDON","property_zip":"44024"}},{"type":"Feature","geometry":{"type":"Polygon","coordinates":[[[-81.2305660695535,41.5584549538673],[-81.2305839917099,41.558070971429],[-81.2318837180289,41.5581055011134],[-81.2318993031563,41.5581441656162],[-81.2320403271376,41.5584940399253],[-81.2305660695535,41.5584549538673]]]},"properties":{"source_county":"Geauga","jurisdiction":"Munson Township","parcel_id":"21-092210","owner_name":"PITTIS MARY A & TODD ALAN","property_address":"11512 ORCHARD RD","property_city":"CHARDON","property_zip":"44024"}},{"type":"Feature","geometry":{"type":"Polygon","coordinates":[[[-81.2418364774903,41.5510880314335],[-81.2434328735399,41.5510725270959],[-81.2434333218871,41.5513355742032],[-81.2434333289878,41.5513398912456],[-81.2434335944331,41.5514951680025],[-81.241836351158,41.551510682188],[-81.2418364069778,41.5513223967702],[-81.2418364774903,41.5510880314335]]]},"properties":{"source_county":"Geauga","jurisdiction":"Munson Township","parcel_id":"21-092600","owner_name":"MISICH KATELYN M","property_address":"11743 AUBURN RD","property_city":"CHARDON","property_zip":"44024"}},{"type":"Feature","geometry":{"type":"Polygon","coordinates":[[[-81.2263442868981,41.5567395001539],[-81.2264904310817,41.5567384999222],[-81.2264964751777,41.5572365999273],[-81.2263503313782,41.5572377082421],[-81.2263442868981,41.5567395001539]]]},"properties":{"source_county":"Geauga","jurisdiction":"Munson Township","parcel_id":"21-095140","owner_name":"SISTEK CHARLES R & JUDITH A","property_address":" PARKWAY RD","property_city":"CHARDON","property_zip":"44024"}},{"type":"Feature","geometry":{"type":"Polygon","coordinates":[[[-81.2260519985,41.5567415009657],[-81.2263442868981,41.5567395001539],[-81.2263503313782,41.5572377082421],[-81.22605815171,41.5572399219024],[-81.2260519985,41.5567415009657]]]},"properties":{"source_county":"Geauga","jurisdiction":"Munson Township","parcel_id":"21-095150","owner_name":"SISTEK CHARLES R & JUDITH A","property_address":"11536 PARKWAY RD","property_city":"CHARDON","property_zip":"44024"}},{"type":"Feature","geometry":{"type":"Polygon","coordinates":[[[-81.2257597101017,41.5567435001415],[-81.2260519985,41.5567415009657],[-81.22605815171,41.5572399219024],[-81.2257657562009,41.5572421360608],[-81.2257597101017,41.5567435001415]]]},"properties":{"source_county":"Geauga","jurisdiction":"Munson Township","parcel_id":"21-095160","owner_name":"SISTEK CHARLES R & JUDITH A","property_address":" PARKWAY RD","property_city":"CHARDON","property_zip":"44024"}},{"type":"Feature","geometry":{"type":"Polygon","coordinates":[[[-81.2339365681426,41.5562200733486],[-81.2352667176309,41.5554440021397],[-81.235356418497,41.5555307431389],[-81.2356029181976,41.5557691086005],[-81.2342575597944,41.5565540542548],[-81.2341506021773,41.5564427686468],[-81.2339365681426,41.5562200733486]]]},"properties":{"source_county":"Geauga","jurisdiction":"Munson Township","parcel_id":"21-095200","owner_name":"FLUHR SUSAN E & WILLIAM J","property_address":"11611 BASSWOOD RD","property_city":"CHARDON","property_zip":"44024"}},{"type":"Feature","geometry":{"type":"Polygon","coordinates":[[[-81.2413638356041,41.5601442493301],[-81.2413657546104,41.5601170077608],[-81.2430106398587,41.5601406590596],[-81.2429835680353,41.5605253186411],[-81.2429819921594,41.5605477093949],[-81.2413370967001,41.5605240576935],[-81.2413638356041,41.5601442493301]]]},"properties":{"source_county":"Geauga","jurisdiction":"Munson Township","parcel_id":"21-096100","owner_name":"EMERSON DANIEL D","property_address":"11437 AUBURN RD","property_city":"CHARDON","property_zip":"44024"}},{"type":"Feature","geometry":{"type":"Polygon","coordinates":[[[-81.2305481471871,41.5588389362552],[-81.2305660695535,41.5584549538673],[-81.2320403271376,41.5584940399253],[-81.2321004639662,41.5586432347663],[-81.2321969381214,41.5588825775767],[-81.2305481471871,41.5588389362552]]]},"properties":{"source_county":"Geauga","jurisdiction":"Munson Township","parcel_id":"21-096700","owner_name":"KRAFT CORA W TOD","property_address":"11500 ORCHARD RD","property_city":"CHARDON","property_zip":"44024"}},{"type":"Feature","geometry":{"type":"Polygon","coordinates":[[[-81.2485491695669,41.5567760415565],[-81.2499104110477,41.5567635119752],[-81.2500678786554,41.5575244345016],[-81.250021053377,41.5575331884173],[-81.2499769982652,41.5575479757054],[-81.2499370793011,41.5575683378689],[-81.2499025342234,41.5575936435552],[-81.2498744341502,41.557623108131],[-81.2498536503683,41.5576558180107],[-81.2498408273168,41.5576907589824],[-81.2498363626043,41.5577268476548],[-81.2484947073651,41.557726020005],[-81.2485491695669,41.5567760415565]]]},"properties":{"source_county":"Geauga","jurisdiction":"Munson Township","parcel_id":"21-097070","owner_name":"JUDD STEPHANIE & KEPPLER MARTIN","property_address":"10931 NOLLWOOD DR","property_city":"CHARDON","property_zip":"44024"}},{"type":"Feature","geometry":{"type":"Polygon","coordinates":[[[-81.239743606737,41.5605181328179],[-81.2397725584578,41.5601070449538],[-81.2413638356041,41.5601442493301],[-81.2413370967001,41.5605240576935],[-81.2413348950518,41.560555337599],[-81.239743606737,41.5605181328179]]]},"properties":{"source_county":"Geauga","jurisdiction":"Munson Township","parcel_id":"21-097075","owner_name":"DANNELS ROBERT H","property_address":"11524 UPPER CHELSEA DR","property_city":"CHARDON","property_zip":"44024"}},{"type":"Feature","geometry":{"type":"Polygon","coordinates":[[[-81.2417515322416,41.5563090014115],[-81.2418761296412,41.5562620933601],[-81.2432811845368,41.556296196338],[-81.2432672158264,41.5564947044822],[-81.2432426124986,41.5568443396188],[-81.2412961102286,41.5567961704994],[-81.2412480244936,41.5567280105156],[-81.2411216979039,41.5565461173878],[-81.2417515322416,41.5563090014115]]]},"properties":{"source_county":"Geauga","jurisdiction":"Munson Township","parcel_id":"21-097200","owner_name":"SOMICH TISHA","property_address":"11565 AUBURN RD","property_city":"CHARDON","property_zip":"44024"}},{"type":"Feature","geometry":{"type":"Polygon","coordinates":[[[-81.2261684965327,41.5655970125321],[-81.226166861236,41.5654900422698],[-81.2244374871224,41.5655044926143],[-81.2247509623141,41.565086310818],[-81.2262185197616,41.5650709463746],[-81.2270922591261,41.5650617902015],[-81.2277984076295,41.5650543853202],[-81.2285180596478,41.5650468340494],[-81.2288155384613,41.5650437119113],[-81.2294668540245,41.5650368726498],[-81.2294472192866,41.5655698901429],[-81.2261684965327,41.5655970125321]]]},"properties":{"source_county":"Geauga","jurisdiction":"Munson Township","parcel_id":"21-097500","owner_name":"FALVEY JANINE M TOD & GREER GRAHAM C TOD","property_address":"11600 WILSON MILLS RD","property_city":"CHARDON","property_zip":"44024"}},{"type":"Feature","geometry":{"type":"Polygon","coordinates":[[[-81.2497097486863,41.5540970135391],[-81.2502739649684,41.5540996159669],[-81.2502644796362,41.5552608173839],[-81.2497002533364,41.5552582158113],[-81.2497097486863,41.5540970135391]]]},"properties":{"source_county":"Geauga","jurisdiction":"Munson Township","parcel_id":"21-098400","owner_name":"PRICE JOHN & LAURIE","property_address":" WILSON MILLS RD","property_city":"CHARDON","property_zip":"44024"}},{"type":"Feature","geometry":{"type":"Polygon","coordinates":[[[-81.2493816126656,41.5540954991525],[-81.2497097486863,41.5540970135391],[-81.2497002533364,41.5552582158113],[-81.2491360270813,41.5552556114969],[-81.2491439599552,41.5542865023442],[-81.24914619775,41.5542704500966],[-81.2491525615686,41.5542550341994],[-81.2491628068614,41.5542408470499],[-81.2491765399232,41.5542284338273],[-81.249193233023,41.5542182715427],[-81.2492122446831,41.5542107507087],[-81.2492328443302,41.5542061603329],[-81.249254240369,41.5542046768125],[-81.2492552139775,41.5540949155526],[-81.2493816126656,41.5540954991525]]]},"properties":{"source_county":"Geauga","jurisdiction":"Munson Township","parcel_id":"21-098500","owner_name":"PRICE JOHN & LAURIE","property_address":"11620 FOREST VIEW DR","property_city":"CHARDON","property_zip":"44024"}},{"type":"Feature","geometry":{"type":"Polygon","coordinates":[[[-81.2356389664988,41.5572423720304],[-81.2360717931321,41.5569898390038],[-81.2366209157855,41.5575208153802],[-81.2368585829156,41.5577506252557],[-81.2367450982189,41.5578165763318],[-81.2364251069541,41.5580025363702],[-81.2359304329959,41.5575242094728],[-81.2356389664988,41.5572423720304]]]},"properties":{"source_county":"Geauga","jurisdiction":"Munson Township","parcel_id":"21-099600","owner_name":"POKORNY MICHELE A","property_address":"11259 WILSON MILLS RD","property_city":"CHARDON","property_zip":"44024"}},{"type":"Feature","geometry":{"type":"Polygon","coordinates":[[[-81.235206138943,41.5574949025487],[-81.2356389664988,41.5572423720304],[-81.2359304329959,41.5575242094728],[-81.2364251069541,41.5580025363702],[-81.2361371622502,41.5581698709984],[-81.2359916288747,41.5582544449585],[-81.2352399537132,41.5575276003989],[-81.235206138943,41.5574949025487]]]},"properties":{"source_county":"Geauga","jurisdiction":"Munson Township","parcel_id":"21-099700","owner_name":"STEPHENS JOHN R & JAMIE S","property_address":"11269 WILSON MILLS RD","property_city":"CHARDON","property_zip":"44024"}},{"type":"Feature","geometry":{"type":"Polygon","coordinates":[[[-81.2366239878754,41.5540198960954],[-81.2366896826449,41.553953575504],[-81.2368275733356,41.5540240235801],[-81.2369623926387,41.5540977497988],[-81.2370940024812,41.55417467866],[-81.2372222680754,41.5542547313838],[-81.2372707933187,41.5542864099376],[-81.2366579132792,41.5549051235515],[-81.2365518328926,41.5548332534501],[-81.2361660294383,41.5545718689107],[-81.2361128814587,41.5545358613259],[-81.2366239878754,41.5540198960954]]]},"properties":{"source_county":"Geauga","jurisdiction":"Munson Township","parcel_id":"21-099800","owner_name":"CHOKSHI MICHAEL V & DEBORAH L","property_address":"11611 ORIOLE PL","property_city":"CHARDON","property_zip":"44024"}},{"type":"Feature","geometry":{"type":"Polygon","coordinates":[[[-81.247284413162,41.5540857979029],[-81.2476840422433,41.5540876499623],[-81.2476745108333,41.5552488601747],[-81.2470845277096,41.5552461265485],[-81.2470629464128,41.5540847714142],[-81.247284413162,41.5540857979029]]]},"properties":{"source_county":"Geauga","jurisdiction":"Munson Township","parcel_id":"21-099830","owner_name":"ROBICHAUD CHRISTOPHER J","property_address":"10980 WILSON MILLS RD","property_city":"CHARDON","property_zip":"44024"}},{"type":"Feature","geometry":{"type":"Polygon","coordinates":[[[-81.2394562075765,41.5688104446122],[-81.2396463835865,41.5651408972242],[-81.2397826663036,41.5625109949328],[-81.2411375608924,41.5625262304351],[-81.2411086226577,41.5629372562475],[-81.2409892666375,41.5645812361029],[-81.2411349918151,41.5645870087088],[-81.241102168621,41.5650391030984],[-81.2412223932522,41.5650438652194],[-81.2411865862852,41.5655370597829],[-81.241076933318,41.5655326932017],[-81.2410441092493,41.5659847874355],[-81.2408979035047,41.565978965417],[-81.240838220819,41.5668009549969],[-81.2418401168782,41.5668406374543],[-81.2425371184203,41.5668683113135],[-81.2425111584709,41.5672371118253],[-81.24250914561,41.5672656958606],[-81.2408085980534,41.5671981817877],[-81.2407217520261,41.5684314368178],[-81.2424223313921,41.568498958437],[-81.2424022894048,41.5687836775822],[-81.2424016234164,41.5687931327032],[-81.2394562075765,41.5688104446122]]]},"properties":{"source_county":"Geauga","jurisdiction":"Munson Township","parcel_id":"21-100200","owner_name":"LLGC LLC","property_address":" AUBURN RD","property_city":"CHARDON","property_zip":"44024"}},{"type":"Feature","geometry":{"type":"Polygon","coordinates":[[[-81.2424223313921,41.568498958437],[-81.2424532827049,41.568059288748],[-81.2431689803159,41.5680877005159],[-81.2441538516915,41.5681267903961],[-81.2444836020639,41.5634403855676],[-81.2456349449311,41.5658192677175],[-81.2456427279922,41.5658353480764],[-81.2460440519287,41.5666645130969],[-81.2479973415905,41.566645852612],[-81.247992599969,41.5655480934344],[-81.2473531091615,41.5655492299714],[-81.2460581071527,41.564581222618],[-81.2460525294484,41.5627973584874],[-81.2473314585531,41.5627950962272],[-81.2481600988217,41.5634134830086],[-81.2484616038684,41.5634168978938],[-81.2485279277104,41.5634629064363],[-81.2485009752524,41.5661673645495],[-81.2502871161203,41.5661374288388],[-81.2504495707068,41.5663024526734],[-81.2519594782456,41.566326433761],[-81.2514807155284,41.5679891812169],[-81.2514471874477,41.5686642483471],[-81.2466041281765,41.5686886069709],[-81.2466047869021,41.5687627044246],[-81.2455437186899,41.5687680141635],[-81.2424022894048,41.5687836775822],[-81.2424223313921,41.568498958437]]]},"properties":{"source_county":"Geauga","jurisdiction":"Munson Township","parcel_id":"21-100300","owner_name":"LLGC LLC","property_address":" AUBURN RD","property_city":"CHARDON","property_zip":"44024"}},{"type":"Feature","geometry":{"type":"Polygon","coordinates":[[[-81.2456349449311,41.5658192677175],[-81.2444836020639,41.5634403855676],[-81.2436954103075,41.56340910156],[-81.2436989363154,41.5633406016211],[-81.2445475183916,41.5633742819181],[-81.2453374996474,41.5650065443124],[-81.2456678903301,41.5647833137818],[-81.2456735376056,41.5647794972776],[-81.2459667519906,41.564581383281],[-81.2459607478145,41.5626602996845],[-81.2473310267402,41.5626578758702],[-81.2473314585531,41.5627950962272],[-81.2460525294484,41.5627973584874],[-81.2460581071527,41.564581222618],[-81.2473531091615,41.5655492299714],[-81.247992599969,41.5655480934344],[-81.2479973415905,41.566645852612],[-81.2460440519287,41.5666645130969],[-81.2456427279922,41.5658353480764],[-81.2456349449311,41.5658192677175]]]},"properties":{"source_county":"Geauga","jurisdiction":"Munson Township","parcel_id":"21-100400","owner_name":"LLGC LLC","property_address":" AUBURN RD","property_city":"CHARDON","property_zip":"44024"}},{"type":"Feature","geometry":{"type":"Polygon","coordinates":[[[-81.2466041281765,41.5686886069709],[-81.2514471874477,41.5686642483471],[-81.2503163522925,41.5690018706595],[-81.2470315611333,41.5694850995414],[-81.2455236632986,41.5694926524893],[-81.2423512654619,41.5695084792269],[-81.2424016234164,41.5687931327032],[-81.2424022894048,41.5687836775822],[-81.2455437186899,41.5687680141635],[-81.2466047869021,41.5687627044246],[-81.2466041281765,41.5686886069709]]]},"properties":{"source_county":"Geauga","jurisdiction":"Munson Township","parcel_id":"21-100500","owner_name":"LLGC LLC","property_address":" AUBURN RD","property_city":"CHARDON","property_zip":"44024"}},{"type":"Feature","geometry":{"type":"Polygon","coordinates":[[[-81.24250914561,41.5672656958606],[-81.2425111584709,41.5672371118253],[-81.2432410079486,41.5672660853238],[-81.2434551012309,41.5642240344207],[-81.2436471954385,41.5640942488554],[-81.2436954103075,41.56340910156],[-81.2444836020639,41.5634403855676],[-81.2441538516915,41.5681267903961],[-81.2431689803159,41.5680877005159],[-81.2436864866225,41.567695999405],[-81.2432371505569,41.5673208878488],[-81.2425073002973,41.5672919233295],[-81.24250914561,41.5672656958606]]]},"properties":{"source_county":"Geauga","jurisdiction":"Munson Township","parcel_id":"21-100600","owner_name":"LLGC LLC","property_address":" AUBURN RD","property_city":"CHARDON","property_zip":"44024"}},{"type":"Feature","geometry":{"type":"Polygon","coordinates":[[[-81.240838220819,41.5668009549969],[-81.2408979035047,41.565978965417],[-81.2410441092493,41.5659847874355],[-81.241076933318,41.5655326932017],[-81.2411865862852,41.5655370597829],[-81.2412223932522,41.5650438652194],[-81.241102168621,41.5650391030984],[-81.2411349918151,41.5645870087088],[-81.2409892666375,41.5645812361029],[-81.2411086226577,41.5629372562475],[-81.2413640556332,41.5629473714917],[-81.2412483078192,41.5645914761952],[-81.2416329115104,41.5664202995941],[-81.241321674355,41.5664079053269],[-81.2418401168782,41.5668406374543],[-81.240838220819,41.5668009549969]]]},"properties":{"source_county":"Geauga","jurisdiction":"Munson Township","parcel_id":"21-100800","owner_name":"LLGC LLC","property_address":" AUBURN RD","property_city":"CHARDON","property_zip":"44024"}},{"type":"Feature","geometry":{"type":"Polygon","coordinates":[[[-81.2418358519394,41.5529433078058],[-81.2434360367384,41.5529277557551],[-81.243436418174,41.5531512946546],[-81.2434367267872,41.5533326950863],[-81.2418354826715,41.5537969883769],[-81.2418358519394,41.5529433078058]]]},"properties":{"source_county":"Geauga","jurisdiction":"Munson Township","parcel_id":"21-101800","owner_name":"SKEDEL MATT & JESSICA","property_address":"11681 AUBURN RD","property_city":"CHARDON","property_zip":"44024"}},{"type":"Feature","geometry":{"type":"Polygon","coordinates":[[[-81.2261548481357,41.5682594216485],[-81.2269534817214,41.5682536546564],[-81.2269502523647,41.5683352793771],[-81.2269212896742,41.5690674364341],[-81.2264642403916,41.5690699386714],[-81.2261117424492,41.5690718670289],[-81.2261406595985,41.5683410990338],[-81.2261438882402,41.5682595013316],[-81.2261548481357,41.5682594216485]]]},"properties":{"source_county":"Geauga","jurisdiction":"Munson Township","parcel_id":"21-102550","owner_name":"BERGSTROM THOMAS J & LISA A","property_address":"11528 WINCHESTER DR","property_city":"CHARDON","property_zip":"44024"}},{"type":"Feature","geometry":{"type":"Polygon","coordinates":[[[-81.2332904467226,41.5584677771458],[-81.2337521471225,41.5581984177962],[-81.2346289798915,41.5590463015369],[-81.234271461147,41.5592540555588],[-81.2341665874611,41.5593149967193],[-81.2332904467226,41.5584677771458]]]},"properties":{"source_county":"Geauga","jurisdiction":"Munson Township","parcel_id":"21-102600","owner_name":"BORSI CHRISTOPHER J TOD & LOURDES R TOD","property_address":"11319 WILSON MILLS RD","property_city":"CHARDON","property_zip":"44024"}},{"type":"Feature","geometry":{"type":"Polygon","coordinates":[[[-81.2372222680754,41.5542547313838],[-81.2378473519591,41.5536308174364],[-81.2379370209015,41.5536810841789],[-81.2380246291959,41.553733361061],[-81.2381100970055,41.5537876004461],[-81.2381933464435,41.553843752909],[-81.2382743016438,41.5539017672815],[-81.2383528888308,41.5539615906982],[-81.2384290363856,41.5540231686454],[-81.2385026749122,41.5540864450104],[-81.2377416019063,41.5546401817294],[-81.2376296078098,41.5545475429221],[-81.2375137287383,41.5544576405795],[-81.2373940831419,41.5543705665867],[-81.2372707933187,41.5542864099376],[-81.2372222680754,41.5542547313838]]]},"properties":{"source_county":"Geauga","jurisdiction":"Munson Township","parcel_id":"21-102900","owner_name":"FISHER JAMES & BURGESS FISHER PATRICIA","property_address":"11602 ORIOLE PL","property_city":"CHARDON","property_zip":"44024"}},{"type":"Feature","geometry":{"type":"Polygon","coordinates":[[[-81.2261872591379,41.567440338276],[-81.2269914137598,41.5674332260267],[-81.2269621886693,41.5681720179431],[-81.2269589610513,41.5682536156705],[-81.2269534817214,41.5682536546564],[-81.2261548481357,41.5682594216485],[-81.2261580761955,41.5681778527533],[-81.2261872591379,41.567440338276]]]},"properties":{"source_county":"Geauga","jurisdiction":"Munson Township","parcel_id":"21-103200","owner_name":"BOSLER ALYSSA & CALEB C","property_address":"11529 WINCHESTER DR","property_city":"CHARDON","property_zip":"44024"}},{"type":"Feature","geometry":{"type":"Polygon","coordinates":[[[-81.2299833662304,41.5525442973344],[-81.230274977738,41.552266621663],[-81.2303647415366,41.5523690865677],[-81.2304500574415,41.5524736737626],[-81.2305308365883,41.5525802743368],[-81.2306069948356,41.552688777282],[-81.2306507700526,41.5527538493116],[-81.2304085641418,41.5529922363862],[-81.2302289033442,41.5528190577467],[-81.2300534032685,41.5526482917234],[-81.2299822818154,41.5525794561094],[-81.2299822382552,41.5525794151106],[-81.2299645076369,41.5525622540199],[-81.2299833198309,41.5525443409511],[-81.2299833662304,41.5525442973344]]]},"properties":{"source_county":"Geauga","jurisdiction":"Munson Township","parcel_id":"21-103600","owner_name":"ARC RESOURCES LLC","property_address":"11717 BASSWOOD RD","property_city":"CHARDON","property_zip":"44024"}},{"type":"Feature","geometry":{"type":"Polygon","coordinates":[[[-81.2482956237203,41.5552517355149],[-81.2489167534591,41.5552546068129],[-81.2489165212894,41.5552807608878],[-81.2488865880691,41.5552887681454],[-81.2488576940055,41.5552986982501],[-81.2488300575404,41.5553104761292],[-81.248803887609,41.5553240127409],[-81.2487793820593,41.5553392057473],[-81.2487567261569,41.5553559402875],[-81.2487360911845,41.5553740898466],[-81.2487176331463,41.555393517212],[-81.2487014915894,41.5554140755104],[-81.2486877885482,41.5554356093186],[-81.2486766276218,41.5554579558379],[-81.2486680931913,41.5554809461257],[-81.2486622497808,41.5555044063719],[-81.2486591415704,41.5555281592134],[-81.2486587920616,41.5555520250748],[-81.2486612038998,41.5555758235261],[-81.2470998245014,41.5560693725151],[-81.2470922537602,41.5556619606467],[-81.2470845277096,41.5552461265485],[-81.2476745108333,41.5552488601747],[-81.2482956237203,41.5552517355149]]]},"properties":{"source_county":"Geauga","jurisdiction":"Munson Township","parcel_id":"21-103700","owner_name":"SCHULTZ JOSEPH A & SANDY E","property_address":"11597 FOREST VIEW DR","property_city":"CHARDON","property_zip":"44024"}},{"type":"Feature","geometry":{"type":"Polygon","coordinates":[[[-81.2393229525134,41.5578395442623],[-81.2394660646082,41.557756913764],[-81.2403364985747,41.5582142400508],[-81.240208022293,41.5583718171645],[-81.2401483806109,41.5584488852031],[-81.2400935024078,41.5585279246935],[-81.2386463994534,41.5582301679616],[-81.2388881184388,41.5580906068608],[-81.2393229525134,41.5578395442623]]]},"properties":{"source_county":"Geauga","jurisdiction":"Munson Township","parcel_id":"21-104500","owner_name":"BRUGH GABRIEL A","property_address":"11575 LOWER CHELSEA DR","property_city":"CHARDON","property_zip":"44024"}},{"type":"Feature","geometry":{"type":"Polygon","coordinates":[[[-81.2391039622155,41.5551413813728],[-81.2391631730849,41.5547602324627],[-81.2399141231489,41.5559748240665],[-81.2397382760472,41.5560770267952],[-81.2394782094953,41.5562281770087],[-81.238732309328,41.5555069563798],[-81.2389919875434,41.5553554325932],[-81.2390785580013,41.5553049177528],[-81.2391039622155,41.5551413813728]]]},"properties":{"source_county":"Geauga","jurisdiction":"Munson Township","parcel_id":"21-105650","owner_name":"ROSS DONALD J & KRISTEN","property_address":"11187 WILSON MILLS RD","property_city":"CHARDON","property_zip":"44024"}},{"type":"Feature","geometry":{"type":"Polygon","coordinates":[[[-81.2304916287851,41.5601005447839],[-81.2307221732619,41.5599660561574],[-81.2315944605964,41.560809581439],[-81.2310424496674,41.5611303224809],[-81.2309139353474,41.5610060457144],[-81.2308345961328,41.5609237476958],[-81.2307628087048,41.56083762706],[-81.2306988983407,41.5607480740661],[-81.2306431546189,41.5606554945251],[-81.2305958301071,41.5605603079612],[-81.2305571392185,41.5604629457107],[-81.2305272572407,41.5603638489669],[-81.2305063195419,41.560263466781],[-81.2304956736001,41.5601821736745],[-81.2304916287851,41.5601005447839]]]},"properties":{"source_county":"Geauga","jurisdiction":"Munson Township","parcel_id":"21-105750","owner_name":"MALKO DIANE LEE","property_address":"11420 ORCHARD RD","property_city":"CHARDON","property_zip":"44024"}},{"type":"Feature","geometry":{"type":"Polygon","coordinates":[[[-81.2251416162592,41.5560220535087],[-81.2252281156369,41.5559714832635],[-81.2257087625133,41.5564366305454],[-81.2259395106487,41.5566599344299],[-81.2252262194781,41.5566648127759],[-81.225130890387,41.5560283238442],[-81.2251416162592,41.5560220535087]]]},"properties":{"source_county":"Geauga","jurisdiction":"Munson Township","parcel_id":"21-105800","owner_name":"LEMIEUX KATHRYN M","property_address":"11575 PARKWAY RD","property_city":"CHARDON","property_zip":"44024"}},{"type":"Feature","geometry":{"type":"Polygon","coordinates":[[[-81.238210287564,41.5596587335054],[-81.2382392485274,41.5592476459089],[-81.2398304621466,41.5592848618497],[-81.2398015098153,41.5596959570275],[-81.238210287564,41.5596587335054]]]},"properties":{"source_county":"Geauga","jurisdiction":"Munson Township","parcel_id":"21-106550","owner_name":"WEAVER PAUL H & MARSHA K","property_address":"11545 UPPER CHELSEA DR","property_city":"CHARDON","property_zip":"44024"}},{"type":"Feature","geometry":{"type":"Polygon","coordinates":[[[-81.2434357156518,41.5527396311831],[-81.2450288376132,41.5527391495947],[-81.2450290634328,41.5531508131984],[-81.243436418174,41.5531512946546],[-81.2434360367384,41.5529277557551],[-81.2434357559701,41.5527630903639],[-81.2434357156518,41.5527396311831]]]},"properties":{"source_county":"Geauga","jurisdiction":"Munson Township","parcel_id":"21-107200","owner_name":"MARKS DENNIS J & CHERYL L","property_address":"11686 AUBURN RD","property_city":"CHARDON","property_zip":"44024"}},{"type":"Feature","geometry":{"type":"Polygon","coordinates":[[[-81.2479899284587,41.5504858578893],[-81.2499116440753,41.5504726559855],[-81.2496119183255,41.5508859159578],[-81.2479679899799,41.5508972069121],[-81.2479899284587,41.5504858578893]]]},"properties":{"source_county":"Geauga","jurisdiction":"Munson Township","parcel_id":"21-107400","owner_name":"DESSOFFY GEORGE J & ROBIN L","property_address":"11764 SUN RIDGE CIR","property_city":"CHARDON","property_zip":"44024"}},{"type":"Feature","geometry":{"type":"Polygon","coordinates":[[[-81.2275660305438,41.5544803737864],[-81.2278411893084,41.5541964005083],[-81.2280205093354,41.5543698384024],[-81.2277453129474,41.5546537765574],[-81.2275660305438,41.5544803737864]]]},"properties":{"source_county":"Geauga","jurisdiction":"Munson Township","parcel_id":"21-107860","owner_name":"LANESE MICHAEL P TOD","property_address":"11648 EDGEWOOD RD","property_city":"CHARDON","property_zip":"44024"}},{"type":"Feature","geometry":{"type":"Polygon","coordinates":[[[-81.2277453129474,41.5546537765574],[-81.2280205093354,41.5543698384024],[-81.2281998302944,41.5545432769102],[-81.2279279272131,41.5548238161697],[-81.2278344725714,41.5547400976031],[-81.2277453129474,41.5546537765574]]]},"properties":{"source_county":"Geauga","jurisdiction":"Munson Township","parcel_id":"21-107870","owner_name":"LANESE MICHAEL P TOD","property_address":"11642 EDGEWOOD RD","property_city":"CHARDON","property_zip":"44024"}},{"type":"Feature","geometry":{"type":"Polygon","coordinates":[[[-81.2279279272131,41.5548238161697],[-81.2281998302944,41.5545432769102],[-81.2284154951867,41.5547001352531],[-81.2281318426617,41.5549809821274],[-81.2280788811613,41.5549431668534],[-81.2280272192154,41.5549043505375],[-81.2279768903469,41.5548645583688],[-81.2279279272131,41.5548238161697]]]},"properties":{"source_county":"Geauga","jurisdiction":"Munson Township","parcel_id":"21-107880","owner_name":"LANESE MICHAEL P TOD","property_address":"11632 EDGEWOOD RD","property_city":"CHARDON","property_zip":"44024"}},{"type":"Feature","geometry":{"type":"Polygon","coordinates":[[[-81.2281318426617,41.5549809821274],[-81.2284154951867,41.5547001352531],[-81.2286320720149,41.5548587951467],[-81.2283706169268,41.5551299685108],[-81.2283089315485,41.5550945563823],[-81.2282485447168,41.5550579032255],[-81.2281895006698,41.5550200358932],[-81.2281318426617,41.5549809821274]]]},"properties":{"source_county":"Geauga","jurisdiction":"Munson Township","parcel_id":"21-107890","owner_name":"LANESE MICHAEL P TOD","property_address":" EDGEWOOD RD","property_city":"CHARDON","property_zip":"44024"}},{"type":"Feature","geometry":{"type":"Polygon","coordinates":[[[-81.236168919439,41.5530559253244],[-81.23624421921,41.5530768107151],[-81.2369583083799,41.5532748730324],[-81.2370737502591,41.5533085142362],[-81.2371334420244,41.5533272337619],[-81.2367072976948,41.553841881733],[-81.2366942210211,41.5538576745802],[-81.2366363259596,41.5539275928758],[-81.2364811269607,41.5538558622537],[-81.2363226813325,41.5537882553192],[-81.2360015011218,41.5536567465924],[-81.2359534323638,41.553637065238],[-81.2361754151967,41.5533311590879],[-81.2361959243845,41.5532986009143],[-81.2362105805689,41.5532643055877],[-81.2362191313044,41.5532288638499],[-81.2362214293134,41.5531928861889],[-81.2362174350228,41.5531569923231],[-81.2362072172449,41.5531218005264],[-81.2361909519908,41.5530879169788],[-81.236168919439,41.5530559253244]]]},"properties":{"source_county":"Geauga","jurisdiction":"Munson Township","parcel_id":"21-108900","owner_name":"LEO RONALD A & DEBORAH L","property_address":"11624 ORIOLE PL","property_city":"CHARDON","property_zip":"44024"}},{"type":"Feature","geometry":{"type":"Polygon","coordinates":[[[-81.2350805788274,41.5532494618558],[-81.2356184566583,41.5527732116732],[-81.2356573790225,41.5527904189845],[-81.2356942838637,41.552809974382],[-81.2358512537963,41.5529006543079],[-81.2353373079004,41.5533720811459],[-81.2350805788274,41.5532494618558]]]},"properties":{"source_county":"Geauga","jurisdiction":"Munson Township","parcel_id":"21-109300","owner_name":"LANESE JOY A TOD","property_address":" BROOKSIDE RD","property_city":"CHARDON","property_zip":"44024"}},{"type":"Feature","geometry":{"type":"Polygon","coordinates":[[[-81.2353373079004,41.5533720811459],[-81.2358512537963,41.5529006543079],[-81.2360454834192,41.553012854451],[-81.2357404534069,41.5533565692001],[-81.2354960155848,41.5536320039897],[-81.2351431359201,41.5534836433369],[-81.2353373079004,41.5533720811459]]]},"properties":{"source_county":"Geauga","jurisdiction":"Munson Township","parcel_id":"21-109400","owner_name":"LANESE JOY A TOD","property_address":"11270 BROOKSIDE RD","property_city":"CHARDON","property_zip":"44024"}},{"type":"Feature","geometry":{"type":"Polygon","coordinates":[[[-81.2357404534069,41.5533565692001],[-81.2360454834192,41.553012854451],[-81.2360665936282,41.5530262156248],[-81.2360860409045,41.5530409321676],[-81.2361036715873,41.5530568877988],[-81.2361193463691,41.5530739564476],[-81.2361329413962,41.5530920032485],[-81.2361443492478,41.5531108856072],[-81.2361534797843,41.5531304543272],[-81.2361602608599,41.5531505547887],[-81.2361646388925,41.5531710281704],[-81.2361665792873,41.5531917127042],[-81.2361660667102,41.5532124449533],[-81.2361631052089,41.5532330611039],[-81.2361577181812,41.5532533982594],[-81.23614994819,41.5532732957274],[-81.2361398566273,41.5532925962895],[-81.2361275232286,41.5533111474437],[-81.2360187136717,41.5534610945711],[-81.2357404534069,41.5533565692001]]]},"properties":{"source_county":"Geauga","jurisdiction":"Munson Township","parcel_id":"21-109500","owner_name":"LANESE JOY A TOD","property_address":" SPRINGWAY RD","property_city":"CHARDON","property_zip":"44024"}},{"type":"Feature","geometry":{"type":"Polygon","coordinates":[[[-81.2334800753894,41.5575289161546],[-81.2345785559179,41.5568880342507],[-81.2346906233234,41.5569964043924],[-81.2337719977715,41.5575323568092],[-81.2333432498672,41.5577824945198],[-81.2332919825404,41.5577254968047],[-81.233241492534,41.5576681086273],[-81.2334800753894,41.5575289161546]]]},"properties":{"source_county":"Geauga","jurisdiction":"Munson Township","parcel_id":"21-109600","owner_name":"JUSTICE ROBERT H & JO ANN TRUSTEES","property_address":" WILBERT RD","property_city":"CHARDON","property_zip":"44024"}},{"type":"Feature","geometry":{"type":"Polygon","coordinates":[[[-81.2328643973698,41.5571932321055],[-81.2341506021773,41.5564427686468],[-81.2342575597944,41.5565540542548],[-81.2345785559179,41.5568880342507],[-81.2334800753894,41.5575289161546],[-81.233241492534,41.5576681086273],[-81.2331599261044,41.5575726164706],[-81.2331205062233,41.5575246781312],[-81.2330076684338,41.5573843557084],[-81.232899821329,41.5572418365211],[-81.2328643973698,41.5571932321055]]]},"properties":{"source_county":"Geauga","jurisdiction":"Munson Township","parcel_id":"21-109700","owner_name":"JUSTICE ROBERT H & JO ANN TRUSTEES","property_address":"11542 WILBERT RD","property_city":"CHARDON","property_zip":"44024"}},{"type":"Feature","geometry":{"type":"Polygon","coordinates":[[[-81.232531299169,41.5566926805992],[-81.2337226542544,41.5559975014014],[-81.2339151685816,41.5561978076193],[-81.2339365681426,41.5562200733486],[-81.2341506021773,41.5564427686468],[-81.2328643973698,41.5571932321055],[-81.2327909764296,41.557089351315],[-81.2326652056279,41.5569004724002],[-81.232531299169,41.5566926805992]]]},"properties":{"source_county":"Geauga","jurisdiction":"Munson Township","parcel_id":"21-109800","owner_name":"HARPER HEIDI TRUSTEE","property_address":"11560 WILBERT RD","property_city":"CHARDON","property_zip":"44024"}},{"type":"Feature","geometry":{"type":"Polygon","coordinates":[[[-81.2328100451535,41.5559577588252],[-81.2334640547398,41.5557284326498],[-81.2337226542544,41.5559975014014],[-81.232531299169,41.5566926805992],[-81.2324367697366,41.5565459919827],[-81.2322079207715,41.5561908680876],[-81.2321922048727,41.5561662840917],[-81.2328100451535,41.5559577588252]]]},"properties":{"source_county":"Geauga","jurisdiction":"Munson Township","parcel_id":"21-109900","owner_name":"LYNCH DENNIS J & RUTH ANN TRUSTEES","property_address":"11578 WILBERT RD","property_city":"CHARDON","property_zip":"44024"}},{"type":"Feature","geometry":{"type":"Polygon","coordinates":[[[-81.2483553865013,41.5567778238891],[-81.2488863413992,41.5557973726829],[-81.2489296213828,41.5558082846032],[-81.2489743749336,41.5558150580878],[-81.2490199036061,41.5558175874265],[-81.2490654968572,41.5558158331452],[-81.2491104431361,41.5558098226219],[-81.2491540409893,41.5557996496599],[-81.249195610008,41.5557854730234],[-81.2492345014478,41.5557675139597],[-81.2501675505208,41.556761142988],[-81.2499104110477,41.5567635119752],[-81.2485491695669,41.5567760415565],[-81.2483553865013,41.5567778238891]]]},"properties":{"source_county":"Geauga","jurisdiction":"Munson Township","parcel_id":"21-110200","owner_name":"STENZEL CHRISTINE TRUSTEE","property_address":"11575 FOREST VIEW DR","property_city":"CHARDON","property_zip":"44024"}},{"type":"Feature","geometry":{"type":"Polygon","coordinates":[[[-81.2470998245014,41.5560693725151],[-81.2486612038998,41.5555758235261],[-81.2486701952224,41.5556117084302],[-81.248685448066,41.5556463794118],[-81.2487066925322,41.5556792229472],[-81.2487335526959,41.5557096578501],[-81.2487655532565,41.5557371455552],[-81.248802127949,41.5557611996495],[-81.2488426295637,41.5557813944792],[-81.2488863413992,41.5557973726829],[-81.2483553865013,41.5567778238891],[-81.2471132026276,41.5567892418609],[-81.2471080868543,41.5565139649776],[-81.2470998245014,41.5560693725151]]]},"properties":{"source_county":"Geauga","jurisdiction":"Munson Township","parcel_id":"21-110300","owner_name":"LAWRENCE WARD A & JOAN R","property_address":"11581 FOREST VIEW DR","property_city":"CHARDON","property_zip":"44024"}},{"type":"Feature","geometry":{"type":"Polygon","coordinates":[[[-81.2270326010428,41.5634566411084],[-81.2274886072151,41.5631925533114],[-81.2288312136386,41.5646180977129],[-81.2288155384613,41.5650437119113],[-81.2285180596478,41.5650468340494],[-81.2270326010428,41.5634566411084]]]},"properties":{"source_county":"Geauga","jurisdiction":"Munson Township","parcel_id":"21-111500","owner_name":"O DONNELL BARRY & NANCY R","property_address":"11510 WILSON MILLS RD","property_city":"CHARDON","property_zip":"44024"}},{"type":"Feature","geometry":{"type":"Polygon","coordinates":[[[-81.2351246602995,41.5587582580931],[-81.2352309181091,41.5586965099038],[-81.2361326561361,41.5595729853439],[-81.2356524904994,41.5598513388878],[-81.2347511916609,41.558975284185],[-81.2351246602995,41.5587582580931]]]},"properties":{"source_county":"Geauga","jurisdiction":"Munson Township","parcel_id":"21-111840","owner_name":"APTHORP SCOTT A","property_address":"11310 WILSON MILLS RD","property_city":"CHARDON","property_zip":"44024"}},{"type":"Feature","geometry":{"type":"Polygon","coordinates":[[[-81.2265642479054,41.5547533693588],[-81.2268413851154,41.5544670085897],[-81.2270102893396,41.5546303770569],[-81.226921648445,41.5547219678937],[-81.2267395420225,41.5549101347227],[-81.2266846140327,41.5548656446822],[-81.2266324427528,41.5548193203645],[-81.2265642479054,41.5547533693588]]]},"properties":{"source_county":"Geauga","jurisdiction":"Munson Township","parcel_id":"21-112000","owner_name":"MALONE DENNIS M TOD & MICHELLE G TOD","property_address":"11534 PARKSIDE RD","property_city":"CHARDON","property_zip":"44024"}},{"type":"Feature","geometry":{"type":"Polygon","coordinates":[[[-81.2267395420225,41.5549101347227],[-81.226921648445,41.5547219678937],[-81.2272192106915,41.5549368592699],[-81.2271836809091,41.5549816401947],[-81.2271518087559,41.5550279481763],[-81.2271237101157,41.5550756148546],[-81.2270994871541,41.5551244669297],[-81.2270506015635,41.5551016205027],[-81.2270027299346,41.555077593178],[-81.2269559228073,41.5550524103226],[-81.2269102295975,41.5550260985236],[-81.2268656985448,41.5549986855599],[-81.2268223766617,41.5549702003729],[-81.2267803096841,41.554940673036],[-81.2267395420225,41.5549101347227]]]},"properties":{"source_county":"Geauga","jurisdiction":"Munson Township","parcel_id":"21-112100","owner_name":"MALONE DENNIS M TOD & MICHELLE G TOD","property_address":" PARKSIDE RD","property_city":"CHARDON","property_zip":"44024"}},{"type":"Feature","geometry":{"type":"Polygon","coordinates":[[[-81.2270102893396,41.5546303770569],[-81.2271042578482,41.5545332804047],[-81.2273914540166,41.5547772751606],[-81.227351398459,41.5548092557114],[-81.2273154034804,41.5548393773045],[-81.2272813247905,41.5548707313338],[-81.2272492370838,41.5549032490792],[-81.2272192106915,41.5549368592699],[-81.226921648445,41.5547219678937],[-81.2270102893396,41.5546303770569]]]},"properties":{"source_county":"Geauga","jurisdiction":"Munson Township","parcel_id":"21-112200","owner_name":"MALONE DENNIS M TOD & MICHELLE G TOD","property_address":" PARKSIDE RD","property_city":"CHARDON","property_zip":"44024"}},{"type":"Feature","geometry":{"type":"Polygon","coordinates":[[[-81.2271042578482,41.5545332804047],[-81.2272868650184,41.5543445917035],[-81.2275792216433,41.5546273620599],[-81.2273914540166,41.5547772751606],[-81.2271042578482,41.5545332804047]]]},"properties":{"source_county":"Geauga","jurisdiction":"Munson Township","parcel_id":"21-112300","owner_name":"MALONE DENNIS M TOD & MICHELLE G TOD","property_address":" PARKSIDE RD","property_city":"CHARDON","property_zip":"44024"}},{"type":"Feature","geometry":{"type":"Polygon","coordinates":[[[-81.2268413851154,41.5544670085897],[-81.2271179608238,41.5541812245239],[-81.2272868650184,41.5543445917035],[-81.2271042578482,41.5545332804047],[-81.2270102893396,41.5546303770569],[-81.2268413851154,41.5544670085897]]]},"properties":{"source_county":"Geauga","jurisdiction":"Munson Township","parcel_id":"21-112400","owner_name":"MALONE DENNIS M TOD & MICHELLE G TOD","property_address":" EDGEWOOD RD","property_city":"CHARDON","property_zip":"44024"}},{"type":"Feature","geometry":{"type":"Polygon","coordinates":[[[-81.2428606858673,41.5622713065482],[-81.2428890236085,41.5618686781087],[-81.2433853479689,41.5618895956856],[-81.2433916273662,41.5619908742583],[-81.2444917751124,41.5620617661577],[-81.2444528360163,41.5626152104611],[-81.2438573659195,41.5625894033117],[-81.2438737338992,41.5623567901702],[-81.2438766264674,41.5623156807667],[-81.2428606858673,41.5622713065482]]]},"properties":{"source_county":"Geauga","jurisdiction":"Munson Township","parcel_id":"21-113400","owner_name":"REED LUCAS","property_address":"11372 AUBURN RD","property_city":"CHARDON","property_zip":"44024"}},{"type":"Feature","geometry":{"type":"Polygon","coordinates":[[[-81.2309909354639,41.5522141454033],[-81.2309333297189,41.5521058309156],[-81.2316260928256,41.5521389576118],[-81.2319660316085,41.5530936961785],[-81.2317563475269,41.5534143979173],[-81.2312383008094,41.552679259471],[-81.2311705295292,41.5525518308873],[-81.2310485413993,41.5523224598587],[-81.2309909354639,41.5522141454033]]]},"properties":{"source_county":"Geauga","jurisdiction":"Munson Township","parcel_id":"21-114150","owner_name":"FRANCIS JOAN TOD","property_address":"11389 BROOKSIDE RD","property_city":"CHARDON","property_zip":"44024"}},{"type":"Feature","geometry":{"type":"Polygon","coordinates":[[[-81.2261081775844,41.5543122428213],[-81.2262931635698,41.5541215565323],[-81.2265809316938,41.5543998955312],[-81.226396172848,41.5545908026725],[-81.2261081775844,41.5543122428213]]]},"properties":{"source_county":"Geauga","jurisdiction":"Munson Township","parcel_id":"21-114700","owner_name":"FOSTER ARON T & RYAN A","property_address":"11532 LAKEVIEW RD","property_city":"CHARDON","property_zip":"44024"}},{"type":"Feature","geometry":{"type":"Polygon","coordinates":[[[-81.2262931635698,41.5541215565323],[-81.2263856561498,41.5540262137231],[-81.2266733101049,41.5543044422895],[-81.2265809316938,41.5543998955312],[-81.2262931635698,41.5541215565323]]]},"properties":{"source_county":"Geauga","jurisdiction":"Munson Township","parcel_id":"21-114710","owner_name":"FOSTER ARON T & RYAN A","property_address":" LAKEVIEW RD","property_city":"CHARDON","property_zip":"44024"}},{"type":"Feature","geometry":{"type":"Polygon","coordinates":[[[-81.2265809316938,41.5543998955312],[-81.2266733101049,41.5543044422895],[-81.2268413851154,41.5544670085897],[-81.2265642479054,41.5547533693588],[-81.226396172848,41.5545908026725],[-81.2265809316938,41.5543998955312]]]},"properties":{"source_county":"Geauga","jurisdiction":"Munson Township","parcel_id":"21-114720","owner_name":"FOSTER ARON T & RYAN A","property_address":" LAKEVIEW RD","property_city":"CHARDON","property_zip":"44024"}},{"type":"Feature","geometry":{"type":"Polygon","coordinates":[[[-81.229626870075,41.5590296573582],[-81.2297019232811,41.55862427047],[-81.2297560977705,41.5586256979201],[-81.2297565603072,41.5586257101844],[-81.2297364263579,41.5590324228475],[-81.2297352352306,41.5590323927068],[-81.229626870075,41.5590296573582]]]},"properties":{"source_county":"Geauga","jurisdiction":"Munson Township","parcel_id":"21-115000","owner_name":"SUSZYNSKI KATHLEEN C","property_address":" ORCHARD RD","property_city":"CHARDON","property_zip":"44024"}},{"type":"Feature","geometry":{"type":"Polygon","coordinates":[[[-81.2297364263579,41.5590324228475],[-81.2297565603072,41.5586257101844],[-81.2305023412607,41.5586453507736],[-81.2304833937532,41.5590512750464],[-81.2297364263579,41.5590324228475]]]},"properties":{"source_county":"Geauga","jurisdiction":"Munson Township","parcel_id":"21-115100","owner_name":"SUSZYNSKI KATHLEEN C","property_address":"11493 ORCHARD RD","property_city":"CHARDON","property_zip":"44024"}},{"type":"Feature","geometry":{"type":"Polygon","coordinates":[[[-81.2284154951867,41.5547001352531],[-81.2286887482924,41.554429583532],[-81.2287920053721,41.5545072628132],[-81.2288986107947,41.5545823468235],[-81.2286320720149,41.5548587951467],[-81.2284154951867,41.5547001352531]]]},"properties":{"source_county":"Geauga","jurisdiction":"Munson Township","parcel_id":"21-115600","owner_name":"ADAMS ELISA M TOD","property_address":"11651 CHESTNUTDALE RD","property_city":"CHARDON","property_zip":"44024"}},{"type":"Feature","geometry":{"type":"Polygon","coordinates":[[[-81.2281998302944,41.5545432769102],[-81.2284793621326,41.5542548619905],[-81.22858200489,41.5543436090828],[-81.2286887482924,41.554429583532],[-81.2284154951867,41.5547001352531],[-81.2281998302944,41.5545432769102]]]},"properties":{"source_county":"Geauga","jurisdiction":"Munson Township","parcel_id":"21-115700","owner_name":"ADAMS ELISA M TOD","property_address":" CHESTNUTDALE RD","property_city":"CHARDON","property_zip":"44024"}},{"type":"Feature","geometry":{"type":"Polygon","coordinates":[[[-81.2434371200073,41.5535629319497],[-81.2450292942191,41.5535703525091],[-81.2450295715326,41.5540763836641],[-81.244527576429,41.5540745663824],[-81.2439761242191,41.5540725675843],[-81.2434379806936,41.5540679078757],[-81.2434377650328,41.5539415331],[-81.2434371200073,41.5535629319497]]]},"properties":{"source_county":"Geauga","jurisdiction":"Munson Township","parcel_id":"21-116260","owner_name":"HEIM SAMANTHA K","property_address":"11656 AUBURN RD","property_city":"CHARDON","property_zip":"44024"}},{"type":"Feature","geometry":{"type":"Polygon","coordinates":[[[-81.2482854817667,41.5540904339331],[-81.2483051441386,41.5540905243522],[-81.2482956237203,41.5552517355149],[-81.2476745108333,41.5552488601747],[-81.2476840422433,41.5540876499623],[-81.2478324431466,41.5540883366003],[-81.2482854817667,41.5540904339331]]]},"properties":{"source_county":"Geauga","jurisdiction":"Munson Township","parcel_id":"21-116430","owner_name":"MOORE JANET R","property_address":"10960 WILSON MILLS RD","property_city":"CHARDON","property_zip":"44024"}},{"type":"Feature","geometry":{"type":"Polygon","coordinates":[[[-81.2287179721252,41.552573170127],[-81.2289975605526,41.5522842520368],[-81.2291772166286,41.5524574326115],[-81.2288976270384,41.5527463520054],[-81.2287179721252,41.552573170127]]]},"properties":{"source_county":"Geauga","jurisdiction":"Munson Township","parcel_id":"21-116600","owner_name":"MALONE COREY & JENNIFER","property_address":"11725 OVERLOOK RD","property_city":"CHARDON","property_zip":"44024"}},{"type":"Feature","geometry":{"type":"Polygon","coordinates":[[[-81.2286331607701,41.552301981129],[-81.2288179054439,41.5521110702742],[-81.2289975605526,41.5522842520368],[-81.2287179721252,41.552573170127],[-81.2285383169458,41.5523999888481],[-81.2286331607701,41.552301981129]]]},"properties":{"source_county":"Geauga","jurisdiction":"Munson Township","parcel_id":"21-116700","owner_name":"MALONE COREY & JENNIFER","property_address":" OVERLOOK RD","property_city":"CHARDON","property_zip":"44024"}},{"type":"Feature","geometry":{"type":"Polygon","coordinates":[[[-81.2324247503256,41.5589728215003],[-81.2328575995847,41.5587203005838],[-81.2337330919942,41.5595668976692],[-81.2332995920119,41.5598187960668],[-81.2324247503256,41.5589728215003]]]},"properties":{"source_county":"Geauga","jurisdiction":"Munson Township","parcel_id":"21-116800","owner_name":"MORGAN ELIZABETH A TOD","property_address":"11341 WILSON MILLS RD","property_city":"CHARDON","property_zip":"44024"}},{"type":"Feature","geometry":{"type":"Polygon","coordinates":[[[-81.2283706169268,41.5551299685108],[-81.2286320720149,41.5548587951467],[-81.22885440283,41.5550216688949],[-81.2286610555145,41.5552724395423],[-81.2285863263762,41.5552393140993],[-81.2285129656773,41.5552045056159],[-81.2284410405787,41.5551680459599],[-81.2283706169268,41.5551299685108]]]},"properties":{"source_county":"Geauga","jurisdiction":"Munson Township","parcel_id":"21-117320","owner_name":"HANSON CASE","property_address":"11618 EDGEWOOD RD","property_city":"CHARDON","property_zip":"44024"}},{"type":"Feature","geometry":{"type":"Polygon","coordinates":[[[-81.2286610555145,41.5552724395423],[-81.22885440283,41.5550216688949],[-81.2291866592684,41.5551290629359],[-81.2290140318189,41.555395498119],[-81.2289573471961,41.5553808990752],[-81.2289016061978,41.5553643767606],[-81.2288469244145,41.555345965438],[-81.2287934152397,41.5553257032871],[-81.2287267713584,41.5552997219769],[-81.2286610555145,41.5552724395423]]]},"properties":{"source_county":"Geauga","jurisdiction":"Munson Township","parcel_id":"21-117321","owner_name":"HANSON CASE","property_address":" EDGEWOOD RD","property_city":"CHARDON","property_zip":"44024"}},{"type":"Feature","geometry":{"type":"Polygon","coordinates":[[[-81.2286320720149,41.5548587951467],[-81.2288986107947,41.5545823468235],[-81.2290084482909,41.5546547550183],[-81.2291214002614,41.554724407465],[-81.22885440283,41.5550216688949],[-81.2286320720149,41.5548587951467]]]},"properties":{"source_county":"Geauga","jurisdiction":"Munson Township","parcel_id":"21-117322","owner_name":"HANSON CASE","property_address":" CHESTNUTDALE RD","property_city":"CHARDON","property_zip":"44024"}},{"type":"Feature","geometry":{"type":"Polygon","coordinates":[[[-81.2485506139811,41.5611862542439],[-81.2485672844173,41.5595133116557],[-81.2502425534314,41.5599233515548],[-81.2502573170518,41.5599447041629],[-81.2502760659356,41.5599642129044],[-81.2502983997928,41.5599814612631],[-81.2503238417925,41.5599960809821],[-81.2503518487427,41.5600077599263],[-81.2503818226883,41.5600162487471],[-81.2504131236774,41.5600213662056],[-81.2504450834244,41.5600230030425],[-81.2497399192238,41.5611868683103],[-81.2485506139811,41.5611862542439]]]},"properties":{"source_county":"Geauga","jurisdiction":"Munson Township","parcel_id":"21-117460","owner_name":"KEPPLER MARTIN M & LESLIE D","property_address":"11453 FOWLERS MILL RD","property_city":"CHARDON","property_zip":"44024"}},{"type":"Feature","geometry":{"type":"Polygon","coordinates":[[[-81.2384379082705,41.5568327843205],[-81.238781161859,41.5566332921475],[-81.2396732055332,41.5575057612457],[-81.2397577820562,41.557588480002],[-81.2394660646082,41.557756913764],[-81.2393229525134,41.5578395442623],[-81.2389851546174,41.5575091611769],[-81.2383473939322,41.5568853890965],[-81.2384379082705,41.5568327843205]]]},"properties":{"source_county":"Geauga","jurisdiction":"Munson Township","parcel_id":"21-118600","owner_name":"GIARRANO ROSS M","property_address":"11216 WILSON MILLS RD","property_city":"CHARDON","property_zip":"44024"}},{"type":"Feature","geometry":{"type":"Polygon","coordinates":[[[-81.239131444166,41.5564297132235],[-81.2392146221146,41.5563813712517],[-81.2401923039489,41.5573375908894],[-81.2399030146524,41.5575046239046],[-81.2397577820562,41.557588480002],[-81.2396732055332,41.5575057612457],[-81.238781161859,41.5566332921475],[-81.2387846778844,41.5566312493029],[-81.239131444166,41.5564297132235]]]},"properties":{"source_county":"Geauga","jurisdiction":"Munson Township","parcel_id":"21-118700","owner_name":"HOARE MATTHEW S","property_address":"11200 WILSON MILLS RD","property_city":"CHARDON","property_zip":"44024"}},{"type":"Feature","geometry":{"type":"Polygon","coordinates":[[[-81.2318321640625,41.5533918213471],[-81.2321140214372,41.5529607326185],[-81.232428843026,41.5530768762197],[-81.232080668688,41.5534975971507],[-81.2320219512528,41.5534668454046],[-81.2319608021956,41.5534388953055],[-81.2318974581052,41.5534138549926],[-81.2318321640625,41.5533918213471]]]},"properties":{"source_county":"Geauga","jurisdiction":"Munson Township","parcel_id":"21-118720","owner_name":"LANDIES DONALD S TRUSTEE","property_address":"11686 BASSWOOD RD","property_city":"CHARDON","property_zip":"44024"}},{"type":"Feature","geometry":{"type":"Polygon","coordinates":[[[-81.2263856561498,41.5540262137231],[-81.2266625732308,41.5537407604241],[-81.2271179608238,41.5541812245239],[-81.2268413851154,41.5544670085897],[-81.2266733101049,41.5543044422895],[-81.2263856561498,41.5540262137231]]]},"properties":{"source_county":"Geauga","jurisdiction":"Munson Township","parcel_id":"21-119300","owner_name":"BURWELL DONALD W & MICHELLE A","property_address":"11524 LAKEVIEW RD","property_city":"CHARDON","property_zip":"44024"}},{"type":"Feature","geometry":{"type":"Polygon","coordinates":[[[-81.2300151926212,41.551876847245],[-81.2303523268743,41.5515326697705],[-81.2304353263183,41.5516145499862],[-81.2301145793142,41.5519664593953],[-81.2300653337292,41.5519213723222],[-81.2300151926212,41.551876847245]]]},"properties":{"source_county":"Geauga","jurisdiction":"Munson Township","parcel_id":"21-119500","owner_name":"NEFF THOMAS R TOD & KATHLEEN D TOD","property_address":" BASSWOOD RD","property_city":"CHARDON","property_zip":"44024"}},{"type":"Feature","geometry":{"type":"Polygon","coordinates":[[[-81.2301145793142,41.5519664593953],[-81.2304353263183,41.5516145499862],[-81.2306013270273,41.5517783102462],[-81.2302810631811,41.5521299129067],[-81.2301992628656,41.5520473575816],[-81.2301145793142,41.5519664593953]]]},"properties":{"source_county":"Geauga","jurisdiction":"Munson Township","parcel_id":"21-119510","owner_name":"NEFF THOMAS R TOD & KATHLEEN D TOD","property_address":"11734 BASSWOOD RD","property_city":"CHARDON","property_zip":"44024"}},{"type":"Feature","geometry":{"type":"Polygon","coordinates":[[[-81.2302810631811,41.5521299129067],[-81.2306013270273,41.5517783102462],[-81.2307673285487,41.5519420711606],[-81.2304357849447,41.5522997625263],[-81.2303599218012,41.5522140678417],[-81.2302810631811,41.5521299129067]]]},"properties":{"source_county":"Geauga","jurisdiction":"Munson Township","parcel_id":"21-119520","owner_name":"NEFF THOMAS R TOD & KATHLEEN D TOD","property_address":" BASSWOOD RD","property_city":"CHARDON","property_zip":"44024"}},{"type":"Feature","geometry":{"type":"Polygon","coordinates":[[[-81.2296962772603,41.5598433927653],[-81.2297163718641,41.5594374983284],[-81.2304644472096,41.5594571992758],[-81.2304454992325,41.5598631234355],[-81.2296962772603,41.5598433927653]]]},"properties":{"source_county":"Geauga","jurisdiction":"Munson Township","parcel_id":"21-120550","owner_name":"NIEBES CURTIS R","property_address":"11465 ORCHARD RD","property_city":"CHARDON","property_zip":"44024"}},{"type":"Feature","geometry":{"type":"Polygon","coordinates":[[[-81.2295867255586,41.5598405066377],[-81.2296068208228,41.5594346131197],[-81.2297149590649,41.55943746126],[-81.2297163718641,41.5594374983284],[-81.2296962772603,41.5598433927653],[-81.2296940160588,41.5598433329074],[-81.2296938902339,41.5598433297298],[-81.2295867255586,41.5598405066377]]]},"properties":{"source_county":"Geauga","jurisdiction":"Munson Township","parcel_id":"21-120560","owner_name":"NIEBES CURTIS R","property_address":" ORCHARD RD","property_city":"CHARDON","property_zip":"44024"}},{"type":"Feature","geometry":{"type":"Polygon","coordinates":[[[-81.2328182967783,41.5526014927275],[-81.2331782920004,41.552620549774],[-81.2331894335561,41.5526886297229],[-81.2332077251744,41.5527558318965],[-81.2332330517322,41.5528217332612],[-81.233265253821,41.5528859189706],[-81.2327517946767,41.5530658624128],[-81.2324967311044,41.5526438428347],[-81.2325348935481,41.5526321600862],[-81.23257393286,41.5526222460332],[-81.2326137039192,41.552614137529],[-81.2326540588848,41.5526078647155],[-81.2326948477455,41.5526034509104],[-81.2327359188771,41.5526009125212],[-81.2327771196064,41.5526002589837],[-81.2328182967783,41.5526014927275]]]},"properties":{"source_county":"Geauga","jurisdiction":"Munson Township","parcel_id":"21-120700","owner_name":"HENRY LUCINDA D NKA DWYER LUCINDA & ARMSTRONG LONSON EARL","property_address":"11358 BROOKSIDE RD","property_city":"CHARDON","property_zip":"44024"}},{"type":"Feature","geometry":{"type":"Polygon","coordinates":[[[-81.2463309150904,41.5500848322913],[-81.2463311608671,41.5500848304429],[-81.2463132303788,41.5504208819273],[-81.2463064028158,41.5505488295246],[-81.2463061306704,41.5505488310882],[-81.2434320139624,41.5505686844153],[-81.2434314317985,41.5502272442103],[-81.2434312234878,41.5501048621471],[-81.2463309150904,41.5500848322913]]]},"properties":{"source_county":"Geauga","jurisdiction":"Munson Township","parcel_id":"21-120800","owner_name":"KASARJIAN AARON JAMES & VICTORIA JOYCE","property_address":"11780 AUBURN RD","property_city":"CHARDON","property_zip":"44024"}},{"type":"Feature","geometry":{"type":"Polygon","coordinates":[[[-81.2462855261815,41.5509345824786],[-81.2462858199189,41.5509345802477],[-81.2462652379782,41.5513203309323],[-81.2462649202688,41.5513203329042],[-81.2437184885912,41.5513379246864],[-81.2434333289878,41.5513398912456],[-81.2434333218871,41.5513355742032],[-81.2434328735399,41.5510725270959],[-81.2434326720791,41.5509542874107],[-81.2462855261815,41.5509345824786]]]},"properties":{"source_county":"Geauga","jurisdiction":"Munson Township","parcel_id":"21-120900","owner_name":"MARTIN CARRIE E","property_address":"11750 AUBURN RD","property_city":"CHARDON","property_zip":"44024"}},{"type":"Feature","geometry":{"type":"Polygon","coordinates":[[[-81.2254826834859,41.5643542172495],[-81.2260973844225,41.563998242499],[-81.2270922591261,41.5650617902015],[-81.2262185197616,41.5650709463746],[-81.2255582724464,41.5644278435925],[-81.2254826834859,41.5643542172495]]]},"properties":{"source_county":"Geauga","jurisdiction":"Munson Township","parcel_id":"21-121100","owner_name":"NOLAN CAROLE J TOD","property_address":"11546 WILSON MILLS RD","property_city":"CHARDON","property_zip":"44024"}},{"type":"Feature","geometry":{"type":"Polygon","coordinates":[[[-81.2288835729973,41.5623846607767],[-81.2289003292525,41.5623749252836],[-81.2288978845512,41.5624611728978],[-81.2288551699809,41.563967921186],[-81.2288527093499,41.5640227963429],[-81.227853481535,41.5629812400541],[-81.2288835729973,41.5623846607767]]]},"properties":{"source_county":"Geauga","jurisdiction":"Munson Township","parcel_id":"21-121200","owner_name":"WILSON HELEN M TOD","property_address":"11486 WILSON MILLS RD","property_city":"CHARDON","property_zip":"44024"}},{"type":"Feature","geometry":{"type":"Polygon","coordinates":[[[-81.2380899946923,41.5551205306919],[-81.2380450983392,41.5549174803627],[-81.2383184450414,41.5549319486617],[-81.2391039622155,41.5551413813728],[-81.2390785580013,41.5553049177528],[-81.2389919875434,41.5553554325932],[-81.238732309328,41.5555069563798],[-81.2384726298939,41.5556584804784],[-81.2380899946923,41.5551205306919]]]},"properties":{"source_county":"Geauga","jurisdiction":"Munson Township","parcel_id":"21-123950","owner_name":"EASTLAKE MICHAEL L & BRENDA L CO TRUSTEES","property_address":"11583 ORIOLE PL","property_city":"CHARDON","property_zip":"44024"}},{"type":"Feature","geometry":{"type":"Polygon","coordinates":[[[-81.2308086534884,41.5559692789846],[-81.2308878686143,41.5560534996455],[-81.2309644038538,41.5561391070087],[-81.2310382161907,41.5562260529712],[-81.2311092641387,41.5563142886772],[-81.2309278334522,41.5564375301672],[-81.2305667447394,41.556091963241],[-81.2306243408725,41.5560581905857],[-81.2306839423241,41.5560264416739],[-81.2307454231632,41.5559967835859],[-81.2308086534884,41.5559692789846]]]},"properties":{"source_county":"Geauga","jurisdiction":"Munson Township","parcel_id":"21-124400","owner_name":"ROMANOFF JOHN K & DIANA L","property_address":" PARKSIDE RD","property_city":"CHARDON","property_zip":"44024"}},{"type":"Feature","geometry":{"type":"Polygon","coordinates":[[[-81.2305667447394,41.556091963241],[-81.2309278334522,41.5564375301672],[-81.2307299652073,41.5565719342995],[-81.2303573706003,41.556246881171],[-81.2304061265619,41.556205498094],[-81.2304573462255,41.5561658295884],[-81.2305109228392,41.5561279583281],[-81.2305667447394,41.556091963241]]]},"properties":{"source_county":"Geauga","jurisdiction":"Munson Township","parcel_id":"21-124500","owner_name":"ROMANOFF JOHN K & DIANA L","property_address":"11420 PARKSIDE RD","property_city":"CHARDON","property_zip":"44024"}},{"type":"Feature","geometry":{"type":"Polygon","coordinates":[[[-81.2309278334522,41.5564375301672],[-81.2311092641387,41.5563142886772],[-81.2311940353099,41.5563943730157],[-81.231305245303,41.5566702956156],[-81.2309378620101,41.5567533033819],[-81.2307299652073,41.5565719342995],[-81.2309278334522,41.5564375301672]]]},"properties":{"source_county":"Geauga","jurisdiction":"Munson Township","parcel_id":"21-124600","owner_name":"ROMANOFF JOHN K & DIANA L","property_address":" PARKSIDE RD","property_city":"CHARDON","property_zip":"44024"}},{"type":"Feature","geometry":{"type":"Polygon","coordinates":[[[-81.2304866607784,41.5540609168836],[-81.2305907425249,41.5539159947134],[-81.2309318822856,41.5540296709565],[-81.2309114277678,41.5540857596016],[-81.2308893015665,41.5541414890688],[-81.2304641312915,41.5540922877944],[-81.2304866607784,41.5540609168836]]]},"properties":{"source_county":"Geauga","jurisdiction":"Munson Township","parcel_id":"21-124700","owner_name":"PITCHLER FRANK W JR & KELLY A","property_address":" EDGEWOOD RD","property_city":"CHARDON","property_zip":"44024"}},{"type":"Feature","geometry":{"type":"Polygon","coordinates":[[[-81.2305907425249,41.5539159947134],[-81.2307426285233,41.5537045082276],[-81.2308069950559,41.5537220521193],[-81.2308723503969,41.5537373953378],[-81.2309385612718,41.5537505065946],[-81.2310054926615,41.5537613591531],[-81.2309906414946,41.5538289623625],[-81.2309734143981,41.5538962467612],[-81.2309538234255,41.5539631652426],[-81.2309318822856,41.5540296709565],[-81.2305907425249,41.5539159947134]]]},"properties":{"source_county":"Geauga","jurisdiction":"Munson Township","parcel_id":"21-124800","owner_name":"PITCHLER FRANK W JR & KELLY A","property_address":"11570 EDGEWOOD RD","property_city":"CHARDON","property_zip":"44024"}},{"type":"Feature","geometry":{"type":"Polygon","coordinates":[[[-81.2302338720443,41.5538937851503],[-81.2304820504448,41.5536058050918],[-81.2305447429607,41.5536339918379],[-81.2306091705089,41.5536598771056],[-81.2306751834653,41.5536834007793],[-81.2307426285233,41.5537045082276],[-81.2305907425249,41.5539159947134],[-81.2304866607784,41.5540609168836],[-81.2302338720443,41.5538937851503]]]},"properties":{"source_county":"Geauga","jurisdiction":"Munson Township","parcel_id":"21-124900","owner_name":"PITCHLER FRANK W JR & KELLY A","property_address":" OVERLOOK RD","property_city":"CHARDON","property_zip":"44024"}},{"type":"Feature","geometry":{"type":"Polygon","coordinates":[[[-81.2249996958709,41.5552668213126],[-81.2250643962492,41.5552222090005],[-81.2253463800636,41.555495104287],[-81.2252170000743,41.5555855288709],[-81.2249342627563,41.5553108258121],[-81.2249996958709,41.5552668213126]]]},"properties":{"source_county":"Geauga","jurisdiction":"Munson Township","parcel_id":"21-125800","owner_name":"PARKER CHRISTOPHER H & JUDITH L","property_address":" LAKEVIEW RD","property_city":"CHARDON","property_zip":"44024"}},{"type":"Feature","geometry":{"type":"Polygon","coordinates":[[[-81.2252170000743,41.5555855288709],[-81.2253463800636,41.555495104287],[-81.2255520954491,41.55569418737],[-81.2251711003603,41.5559163070636],[-81.2249918819459,41.5557428650345],[-81.2252170000743,41.5555855288709]]]},"properties":{"source_county":"Geauga","jurisdiction":"Munson Township","parcel_id":"21-126000","owner_name":"PARKER CHRISTOPHER H & JUDITH L","property_address":" LAKEVIEW RD","property_city":"CHARDON","property_zip":"44024"}},{"type":"Feature","geometry":{"type":"Polygon","coordinates":[[[-81.2286457920102,41.5542736832437],[-81.228918277298,41.553992269803],[-81.2290148158374,41.5540742973818],[-81.2287447258979,41.5543544738748],[-81.2286457920102,41.5542736832437]]]},"properties":{"source_county":"Geauga","jurisdiction":"Munson Township","parcel_id":"21-126310","owner_name":"MORTON LAILEY A","property_address":" CHESTNUTDALE RD","property_city":"CHARDON","property_zip":"44024"}},{"type":"Feature","geometry":{"type":"Polygon","coordinates":[[[-81.2287447258979,41.5543544738748],[-81.2290148158374,41.5540742973818],[-81.2292098102208,41.5542412737637],[-81.2289531997438,41.5545083033614],[-81.2288472342752,41.5544327103131],[-81.2287447258979,41.5543544738748]]]},"properties":{"source_county":"Geauga","jurisdiction":"Munson Township","parcel_id":"21-126320","owner_name":"MORTON LAILEY A","property_address":"11650 CHESTNUTDALE RD","property_city":"CHARDON","property_zip":"44024"}},{"type":"Feature","geometry":{"type":"Polygon","coordinates":[[[-81.2289531997438,41.5545083033614],[-81.2292098102208,41.5542412737637],[-81.2293303991042,41.5543083396456],[-81.2290625021437,41.5545811667027],[-81.2289531997438,41.5545083033614]]]},"properties":{"source_county":"Geauga","jurisdiction":"Munson Township","parcel_id":"21-126330","owner_name":"MORTON LAILEY A","property_address":" CHESTNUTDALE RD","property_city":"CHARDON","property_zip":"44024"}},{"type":"Feature","geometry":{"type":"Polygon","coordinates":[[[-81.228446265687,41.552495110371],[-81.2285383169458,41.5523999888481],[-81.2287179721252,41.552573170127],[-81.2284387017671,41.5528617551429],[-81.2282590477331,41.5526885734611],[-81.228446265687,41.552495110371]]]},"properties":{"source_county":"Geauga","jurisdiction":"Munson Township","parcel_id":"21-127600","owner_name":"COMEAU WILLIAM TOD","property_address":" MAPLEWOOD RD","property_city":"CHARDON","property_zip":"44024"}},{"type":"Feature","geometry":{"type":"Polygon","coordinates":[[[-81.2284387017671,41.5528617551429],[-81.2287179721252,41.552573170127],[-81.2288976270384,41.5527463520054],[-81.2286183579319,41.5530349374505],[-81.2284387017671,41.5528617551429]]]},"properties":{"source_county":"Geauga","jurisdiction":"Munson Township","parcel_id":"21-127700","owner_name":"COMEAU WILLIAM TOD","property_address":"11700 MAPLEWOOD RD","property_city":"CHARDON","property_zip":"44024"}},{"type":"Feature","geometry":{"type":"Polygon","coordinates":[[[-81.2473553403984,41.5514774520321],[-81.2479035212447,41.5514736527903],[-81.2478754124084,41.5525076995639],[-81.2478697385704,41.552716424744],[-81.2473217188622,41.5527138862086],[-81.2473385931491,41.5520933587524],[-81.2473553403984,41.5514774520321]]]},"properties":{"source_county":"Geauga","jurisdiction":"Munson Township","parcel_id":"21-128150","owner_name":"EGGLESTON ADAM D","property_address":"10970 WOOD HOLLOW DR","property_city":"CHARDON","property_zip":"44024"}},{"type":"Feature","geometry":{"type":"Polygon","coordinates":[[[-81.2267297542876,41.5536715080317],[-81.226913252773,41.5534823505918],[-81.2272115038792,41.5537708291514],[-81.2270281890278,41.553960163754],[-81.2267297542876,41.5536715080317]]]},"properties":{"source_county":"Geauga","jurisdiction":"Munson Township","parcel_id":"21-128200","owner_name":"HUNZIKER KYLE J","property_address":" LAKEVIEW RD","property_city":"CHARDON","property_zip":"44024"}},{"type":"Feature","geometry":{"type":"Polygon","coordinates":[[[-81.226913252773,41.5534823505918],[-81.2270982414029,41.5532916558455],[-81.2273967799712,41.5535794653299],[-81.2273032361578,41.5536760833186],[-81.2272115038792,41.5537708291514],[-81.226913252773,41.5534823505918]]]},"properties":{"source_county":"Geauga","jurisdiction":"Munson Township","parcel_id":"21-128300","owner_name":"HUNZIKER KYLE J","property_address":"11510 LAKEVIEW RD","property_city":"CHARDON","property_zip":"44024"}},{"type":"Feature","geometry":{"type":"Polygon","coordinates":[[[-81.2270982414029,41.5532916558455],[-81.2272810710692,41.5531031847735],[-81.2275794381964,41.5533908064248],[-81.2273967799712,41.5535794653299],[-81.2270982414029,41.5532916558455]]]},"properties":{"source_county":"Geauga","jurisdiction":"Munson Township","parcel_id":"21-128400","owner_name":"HUNZIKER KYLE J","property_address":" LAKEVIEW RD","property_city":"CHARDON","property_zip":"44024"}},{"type":"Feature","geometry":{"type":"Polygon","coordinates":[[[-81.2479679899799,41.5508972069121],[-81.2496119183255,41.5508859159578],[-81.2495899860692,41.5512974029681],[-81.2480803708597,41.5513077540707],[-81.2480546294973,41.551305969509],[-81.2480298919616,41.5513003323173],[-81.2480071692633,41.5512910728849],[-81.2479873900666,41.5512785696401],[-81.2479713627349,41.5512633335839],[-81.2479597422938,41.5512459874055],[-81.2479530036604,41.5512272400332],[-81.2479514222341,41.5512078576607],[-81.2479679899799,41.5508972069121]]]},"properties":{"source_county":"Geauga","jurisdiction":"Munson Township","parcel_id":"21-128591","owner_name":"PERME MICHAEL J & WATERWASH KAITLYN M","property_address":"10977 WOOD HOLLOW DR","property_city":"CHARDON","property_zip":"44024"}},{"type":"Feature","geometry":{"type":"Polygon","coordinates":[[[-81.2377939958967,41.5549998896846],[-81.2379978354376,41.5548733764561],[-81.2380450983392,41.5549174803627],[-81.2380899946923,41.5551205306919],[-81.2384726298939,41.5556584804784],[-81.2383860633479,41.5557089922124],[-81.2380398164483,41.5559110261122],[-81.2378378430472,41.5560288762397],[-81.237748182858,41.5559421844825],[-81.2377939958967,41.5549998896846]]]},"properties":{"source_county":"Geauga","jurisdiction":"Munson Township","parcel_id":"21-128600","owner_name":"GERMOVSEK ERIC D","property_address":"11587 ORIOLE PL","property_city":"CHARDON","property_zip":"44024"}},{"type":"Feature","geometry":{"type":"Polygon","coordinates":[[[-81.2378022338975,41.5548221525371],[-81.2378876152219,41.5547705243426],[-81.2379978354376,41.5548733764561],[-81.2377939958967,41.5549998896846],[-81.237748182858,41.5559421844825],[-81.2375240523317,41.5557254689393],[-81.2374175832191,41.5556225221302],[-81.2377803838545,41.5548642850013],[-81.2377897646997,41.5548427669334],[-81.2378022338975,41.5548221525371]]]},"properties":{"source_county":"Geauga","jurisdiction":"Munson Township","parcel_id":"21-128610","owner_name":"CORBUS LAWRENCE & DEBORAH","property_address":" ORIOLE PL","property_city":"CHARDON","property_zip":"44024"}},{"type":"Feature","geometry":{"type":"Polygon","coordinates":[[[-81.231549925241,41.5572773605131],[-81.2326652056279,41.5569004724002],[-81.2327909764296,41.557089351315],[-81.2328643973698,41.5571932321055],[-81.232899821329,41.5572418365211],[-81.232217661702,41.557514030876],[-81.2317246124523,41.5577107627698],[-81.2317215215646,41.5577030937236],[-81.2316425826718,41.5575072448761],[-81.231549925241,41.5572773605131]]]},"properties":{"source_county":"Geauga","jurisdiction":"Munson Township","parcel_id":"21-129190","owner_name":"WEBB RICK A & KATHLEEN O CO TRUSTEES","property_address":"11551 WILBERT RD","property_city":"CHARDON","property_zip":"44024"}},{"type":"Feature","geometry":{"type":"Polygon","coordinates":[[[-81.2296477117917,41.5608243032334],[-81.2306457839746,41.5606602610021],[-81.2307011841423,41.5607515419147],[-81.2307645349455,41.5608398572755],[-81.2308355565784,41.5609248169723],[-81.2309139353474,41.5610060457144],[-81.2310424496674,41.5611303224809],[-81.2308534921795,41.5612401128403],[-81.2303649783168,41.5615239518601],[-81.2296477117917,41.5608243032334]]]},"properties":{"source_county":"Geauga","jurisdiction":"Munson Township","parcel_id":"21-130100","owner_name":"MEZERKOR DENNIS J","property_address":"11427 WILSON MILLS RD","property_city":"CHARDON","property_zip":"44024"}},{"type":"Feature","geometry":{"type":"Polygon","coordinates":[[[-81.2310616435307,41.5537547437131],[-81.2316529342105,41.5543352052542],[-81.2320970494808,41.5547710804436],[-81.2317900667031,41.5549199002818],[-81.230729810145,41.5545498271109],[-81.2307844659312,41.5544634340488],[-81.2308350294102,41.5543756461952],[-81.2308814376276,41.5542865728799],[-81.2309236328042,41.5541963250333],[-81.2309615624087,41.554105015048],[-81.2309951792225,41.5540127566389],[-81.2310244413985,41.5539196647015],[-81.2310493125135,41.553825855169],[-81.2310616435307,41.5537547437131]]]},"properties":{"source_county":"Geauga","jurisdiction":"Munson Township","parcel_id":"21-130700","owner_name":"BUDZIAK RYAN T & ANN E R","property_address":"11579 EDGEWOOD RD","property_city":"CHARDON","property_zip":"44024"}},{"type":"Feature","geometry":{"type":"Polygon","coordinates":[[[-81.2281538488977,41.5556348435965],[-81.2284917113631,41.5552432298408],[-81.2286223049673,41.5553032066726],[-81.2287568995254,41.5553579662047],[-81.2288062214946,41.5553770956582],[-81.2288566045388,41.5553945955571],[-81.22890795329,41.5554104327762],[-81.2289601705515,41.5554245773376],[-81.2290131574827,41.5554370024672],[-81.2290668137857,41.5554476846456],[-81.2291210378957,41.5554566036529],[-81.2291757271726,41.5554637426063],[-81.2293215957473,41.5561165144802],[-81.2282834317037,41.5561017592178],[-81.2281538488977,41.5556348435965]]]},"properties":{"source_county":"Geauga","jurisdiction":"Munson Township","parcel_id":"21-131700","owner_name":"GORMAN WILLIAM & DORITA CO TRUSTEES","property_address":"11621 EDGEWOOD RD","property_city":"CHARDON","property_zip":"44024"}},{"type":"Feature","geometry":{"type":"Polygon","coordinates":[[[-81.2331068889583,41.553562612665],[-81.2335340395123,41.5531769987839],[-81.233588663075,41.5532134424182],[-81.2331548801811,41.5536051642169],[-81.2331068889583,41.553562612665]]]},"properties":{"source_county":"Geauga","jurisdiction":"Munson Township","parcel_id":"21-131800","owner_name":"WILLIAMS JAMES D & CHERYL","property_address":" SYCAMORE RD","property_city":"CHARDON","property_zip":"44024"}},{"type":"Feature","geometry":{"type":"Polygon","coordinates":[[[-81.2331548801811,41.5536051642169],[-81.233588663075,41.5532134424182],[-81.2336425730051,41.5532451802085],[-81.2336989010119,41.5532744527381],[-81.2337574475732,41.5533011563176],[-81.2338180053071,41.5533251963575],[-81.2335164857409,41.5537816189004],[-81.2334002915621,41.553748617004],[-81.2332772634758,41.5537136737026],[-81.2331827964503,41.5536299145493],[-81.2331548801811,41.5536051642169]]]},"properties":{"source_county":"Geauga","jurisdiction":"Munson Township","parcel_id":"21-132000","owner_name":"WILLIAMS JAMES D & CHERYL","property_address":"11689 SYCAMORE RD","property_city":"CHARDON","property_zip":"44024"}},{"type":"Feature","geometry":{"type":"Polygon","coordinates":[[[-81.2335164857409,41.5537816189004],[-81.2338180053071,41.5533251963575],[-81.2338517699691,41.5533371431498],[-81.2339738006527,41.5533785162103],[-81.2336873584063,41.5538301508745],[-81.2335164857409,41.5537816189004]]]},"properties":{"source_county":"Geauga","jurisdiction":"Munson Township","parcel_id":"21-132100","owner_name":"WILLIAMS JAMES D & CHERYL","property_address":" SYCAMORE RD","property_city":"CHARDON","property_zip":"44024"}},{"type":"Feature","geometry":{"type":"Polygon","coordinates":[[[-81.2288727127234,41.5613531762324],[-81.2290186303971,41.5612687891057],[-81.2295886103017,41.5618247747704],[-81.2295917850115,41.5618278720801],[-81.2296851499405,41.5619189437002],[-81.2295834157059,41.5619780510889],[-81.2295794176852,41.5619803738401],[-81.2289003292525,41.5623749252836],[-81.2288835729973,41.5623846607767],[-81.2285267365139,41.5615532588504],[-81.2288727127234,41.5613531762324]]]},"properties":{"source_county":"Geauga","jurisdiction":"Munson Township","parcel_id":"21-132200","owner_name":"SAITO MOTOO & JENNIFER M","property_address":"11471 WILSON MILLS RD","property_city":"CHARDON","property_zip":"44024"}},{"type":"Feature","geometry":{"type":"Polygon","coordinates":[[[-81.240208022293,41.5583718171645],[-81.2403364985747,41.5582142400508],[-81.2414926498003,41.5583145223509],[-81.2414919823809,41.5583239882894],[-81.2414630782954,41.5587345729356],[-81.2414572858258,41.5588168447962],[-81.2399505271577,41.5587936697523],[-81.2400021824915,41.5586840553518],[-81.2400624654372,41.5585769550409],[-81.2401311605411,41.558472751527],[-81.240208022293,41.5583718171645]]]},"properties":{"source_county":"Geauga","jurisdiction":"Munson Township","parcel_id":"21-133110","owner_name":"RACE SCOTT C TRUSTEE","property_address":"11574 LOWER CHELSEA DR","property_city":"CHARDON","property_zip":"44024"}},{"type":"Feature","geometry":{"type":"Polygon","coordinates":[[[-81.231329627092,41.5557945039944],[-81.2314417514166,41.5557818813417],[-81.2314657357502,41.5558208088053],[-81.231750338678,41.556282714221],[-81.2311940353099,41.5563943730157],[-81.2311092641387,41.5563142886772],[-81.2310382161907,41.5562260529712],[-81.2309644038538,41.5561391070087],[-81.2308878686143,41.5560534996455],[-81.2308086534884,41.5559692789846],[-81.230776024813,41.5559357850175],[-81.2307861129413,41.5559317107036],[-81.2308500769495,41.5559068199978],[-81.2309154346342,41.5558840635],[-81.2309820598588,41.5558634851286],[-81.2310498240407,41.5558451245983],[-81.2311185963993,41.5558290173434],[-81.2311882442091,41.5558151944498],[-81.231258633055,41.5558036825945],[-81.231329627092,41.5557945039944]]]},"properties":{"source_county":"Geauga","jurisdiction":"Munson Township","parcel_id":"21-133900","owner_name":"SOUKUP STEPHEN V","property_address":"11400 PARKSIDE RD","property_city":"CHARDON","property_zip":"44024"}},{"type":"Feature","geometry":{"type":"Polygon","coordinates":[[[-81.2273482190266,41.5530339640783],[-81.2275308527523,41.5528456930766],[-81.2278289279848,41.5531330317587],[-81.2276465190577,41.5533215208932],[-81.2273482190266,41.5530339640783]]]},"properties":{"source_county":"Geauga","jurisdiction":"Munson Township","parcel_id":"21-134312","owner_name":"HANTAK ROBERT J & CYNTHIA A","property_address":"11690 CHESTNUTDALE RD","property_city":"CHARDON","property_zip":"44024"}},{"type":"Feature","geometry":{"type":"Polygon","coordinates":[[[-81.2275308527523,41.5528456930766],[-81.2276211912149,41.5527525652054],[-81.2279191557851,41.5530397979946],[-81.2278289279848,41.5531330317587],[-81.2275308527523,41.5528456930766]]]},"properties":{"source_county":"Geauga","jurisdiction":"Munson Township","parcel_id":"21-134313","owner_name":"HANTAK ROBERT J & CYNTHIA A","property_address":" LAKEVIEW RD","property_city":"CHARDON","property_zip":"44024"}},{"type":"Feature","geometry":{"type":"Polygon","coordinates":[[[-81.2278289279848,41.5531330317587],[-81.2279191557851,41.5530397979946],[-81.2280988098837,41.5532129801827],[-81.2278261731907,41.5534947043877],[-81.2276465190577,41.5533215208932],[-81.2278289279848,41.5531330317587]]]},"properties":{"source_county":"Geauga","jurisdiction":"Munson Township","parcel_id":"21-134314","owner_name":"HANTAK ROBERT J & CYNTHIA A","property_address":" CHESTNUTDALE RD","property_city":"CHARDON","property_zip":"44024"}},{"type":"Feature","geometry":{"type":"Polygon","coordinates":[[[-81.2328797493888,41.5676638302459],[-81.2331513643147,41.5676617401744],[-81.2330296720337,41.5700487989678],[-81.2324881229974,41.5700525903443],[-81.2326076223797,41.5676659230983],[-81.2328797493888,41.5676638302459]]]},"properties":{"source_county":"Geauga","jurisdiction":"Munson Township","parcel_id":"21-134750","owner_name":"REEVES KEVIN & MELISSA","property_address":"11363 THWING RD","property_city":"CHARDON","property_zip":"44024"}},{"type":"Feature","geometry":{"type":"Polygon","coordinates":[[[-81.2378378430472,41.5560288762397],[-81.2380398164483,41.5559110261122],[-81.2387846778844,41.5566312493029],[-81.238781161859,41.5566332921475],[-81.2384379082705,41.5568327843205],[-81.2376935662142,41.5561130589531],[-81.2378378430472,41.5560288762397]]]},"properties":{"source_county":"Geauga","jurisdiction":"Munson Township","parcel_id":"21-135300","owner_name":"GRIFFIN GERALD W & BETSY A","property_address":"11217 WILSON MILLS RD","property_city":"CHARDON","property_zip":"44024"}},{"type":"Feature","geometry":{"type":"Polygon","coordinates":[[[-81.2372607516084,41.5563655989969],[-81.2376935662142,41.5561130589531],[-81.2384379082705,41.5568327843205],[-81.2383473939322,41.5568853890965],[-81.2380044456716,41.5570847005184],[-81.2372607516084,41.5563655989969]]]},"properties":{"source_county":"Geauga","jurisdiction":"Munson Township","parcel_id":"21-135400","owner_name":"KAPEL JONATHAN R AKA JONATHAN & MOLLY","property_address":"11223 WILSON MILLS RD","property_city":"CHARDON","property_zip":"44024"}},{"type":"Feature","geometry":{"type":"Polygon","coordinates":[[[-81.2318993031563,41.5581441656162],[-81.2331599261044,41.5575726164706],[-81.233241492534,41.5576681086273],[-81.2332919825404,41.5577254968047],[-81.2333432498672,41.5577824945198],[-81.2333936185924,41.5578372978113],[-81.2334447056232,41.5578917244041],[-81.2321004639662,41.5586432347663],[-81.2320403271376,41.5584940399253],[-81.2318993031563,41.5581441656162]]]},"properties":{"source_county":"Geauga","jurisdiction":"Munson Township","parcel_id":"21-136100","owner_name":"CAD GUY T & SUZANNE K","property_address":"11527 WILBERT RD","property_city":"CHARDON","property_zip":"44024"}},{"type":"Feature","geometry":{"type":"Polygon","coordinates":[[[-81.2484947073651,41.557726020005],[-81.2498363626043,41.5577268476548],[-81.2498401035346,41.5577609914901],[-81.2498513325027,41.5577941963241],[-81.2498697384426,41.5578255422805],[-81.2498948114619,41.557854160978],[-81.2499258569666,41.5578792595882],[-81.2499620149033,41.5579001427992],[-81.2500022835845,41.5579162320788],[-81.2500455474394,41.5579270817016],[-81.2497931153564,41.5587048729883],[-81.2492787643858,41.558706237585],[-81.2484383812332,41.558708462358],[-81.2484947073651,41.557726020005]]]},"properties":{"source_county":"Geauga","jurisdiction":"Munson Township","parcel_id":"21-136250","owner_name":"RESNIS SILVIJA A TOD","property_address":"10930 NOLLWOOD DR","property_city":"CHARDON","property_zip":"44024"}},{"type":"Feature","geometry":{"type":"Polygon","coordinates":[[[-81.2346289798915,41.5590463015369],[-81.2347511916609,41.558975284185],[-81.2356524904994,41.5598513388878],[-81.235172320782,41.5601296904208],[-81.234271461147,41.5592540555588],[-81.2346289798915,41.5590463015369]]]},"properties":{"source_county":"Geauga","jurisdiction":"Munson Township","parcel_id":"21-136300","owner_name":"ROSS DONALD J","property_address":"11326 WILSON MILLS RD","property_city":"CHARDON","property_zip":"44024"}},{"type":"Feature","geometry":{"type":"Polygon","coordinates":[[[-81.2430679329733,41.5593265590936],[-81.2430703494467,41.5592922234096],[-81.245900758561,41.5593630865681],[-81.2458916966253,41.5595437099753],[-81.2458801808075,41.5597732827522],[-81.2430414962481,41.5597022117424],[-81.2430679329733,41.5593265590936]]]},"properties":{"source_county":"Geauga","jurisdiction":"Munson Township","parcel_id":"21-137100","owner_name":"CRICK MICHAEL L & ELAINE","property_address":"11464 AUBURN RD","property_city":"CHARDON","property_zip":"44024"}},{"type":"Feature","geometry":{"type":"Polygon","coordinates":[[[-81.231126178912,41.5597303753057],[-81.2315590393813,41.5594778593049],[-81.2324325832269,41.5603225888586],[-81.2321582134624,41.5604820133092],[-81.2319990732426,41.5605744823393],[-81.231126178912,41.5597303753057]]]},"properties":{"source_county":"Geauga","jurisdiction":"Munson Township","parcel_id":"21-138200","owner_name":"ROESSLER DOUGLAS C & LISA A","property_address":"11379 WILSON MILLS RD","property_city":"CHARDON","property_zip":"44024"}},{"type":"Feature","geometry":{"type":"Polygon","coordinates":[[[-81.2273913145156,41.5548374636078],[-81.2276511232833,41.5546300311876],[-81.2277668535888,41.5547405520511],[-81.2278851803115,41.554849510776],[-81.2279921718229,41.5549362201926],[-81.2281052299962,41.555018471808],[-81.2282240261458,41.5550960264823],[-81.2283482148997,41.555168658731],[-81.2284423198395,41.5552186222925],[-81.2284917113631,41.5552432298408],[-81.2281538488977,41.5556348435965],[-81.2270935443652,41.5553991382246],[-81.2270949177383,41.5553604656837],[-81.2270987071364,41.5553218842394],[-81.2271049041953,41.5552834790057],[-81.2271134952398,41.5552453347076],[-81.2271244613132,41.5552075354945],[-81.2271377782194,41.5551701647541],[-81.2271534165763,41.555133304929],[-81.2271713418809,41.5550970373344],[-81.227191514585,41.5550614419788],[-81.2272138901829,41.5550265973878],[-81.2272384193093,41.5549925804304],[-81.2272650478483,41.5549594661498],[-81.2272937170531,41.5549273275978],[-81.227324363675,41.5548962356734],[-81.2273569201036,41.5548662589668],[-81.2273913145156,41.5548374636078]]]},"properties":{"source_county":"Geauga","jurisdiction":"Munson Township","parcel_id":"21-138230","owner_name":"ROETTGER CHRISTOPHER T","property_address":"11629 EDGEWOOD RD","property_city":"CHARDON","property_zip":"44024"}},{"type":"Feature","geometry":{"type":"Polygon","coordinates":[[[-81.2491541195429,41.5525136132748],[-81.2494245433569,41.5525148615338],[-81.2494095579253,41.5530666135513],[-81.2493816126656,41.5540954991525],[-81.2492552139775,41.5540949155526],[-81.2488173916431,41.5540928932371],[-81.2483051441386,41.5540905243522],[-81.2482854817667,41.5540904339331],[-81.2483284400994,41.5525097967302],[-81.2485147659468,41.5525106581797],[-81.2491541195429,41.5525136132748]]]},"properties":{"source_county":"Geauga","jurisdiction":"Munson Township","parcel_id":"21-138400","owner_name":"FERGUSON JOHN J TOD","property_address":"10935 WILSON MILLS RD","property_city":"CHARDON","property_zip":"44024"}},{"type":"Feature","geometry":{"type":"Polygon","coordinates":[[[-81.2478754124084,41.5525076995639],[-81.2483284400994,41.5525097967302],[-81.2482854817667,41.5540904339331],[-81.2478324431466,41.5540883366003],[-81.2478697385704,41.552716424744],[-81.2478754124084,41.5525076995639]]]},"properties":{"source_county":"Geauga","jurisdiction":"Munson Township","parcel_id":"21-138500","owner_name":"FERGUSON JOHN J TOD","property_address":" WILSON MILLS RD","property_city":"CHARDON","property_zip":"44024"}},{"type":"Feature","geometry":{"type":"Polygon","coordinates":[[[-81.2332890580729,41.5526264121289],[-81.2337113447727,41.5526487648896],[-81.2336830966679,41.5529499045139],[-81.2335375633947,41.5530607635842],[-81.233487661436,41.5530138887536],[-81.2334426914743,41.5529642776084],[-81.233402918305,41.552912222285],[-81.2333685761201,41.5528580293116],[-81.2333398671298,41.5528020178033],[-81.2333169603719,41.5527445175828],[-81.2332999907166,41.5526858672381],[-81.2332890580729,41.5526264121289]]]},"properties":{"source_county":"Geauga","jurisdiction":"Munson Township","parcel_id":"21-138900","owner_name":"JENKINS H LAILEY","property_address":"11706 SYCAMORE RD","property_city":"CHARDON","property_zip":"44024"}},{"type":"Feature","geometry":{"type":"Polygon","coordinates":[[[-81.2336830966679,41.5529499045139],[-81.2337113447727,41.5526487648896],[-81.2340757942661,41.552668054133],[-81.2340468818414,41.5529762995872],[-81.2336830966679,41.5529499045139]]]},"properties":{"source_county":"Geauga","jurisdiction":"Munson Township","parcel_id":"21-139000","owner_name":"JENKINS H LAILEY","property_address":" BROOKSIDE RD","property_city":"CHARDON","property_zip":"44024"}},{"type":"Feature","geometry":{"type":"Polygon","coordinates":[[[-81.2335375633947,41.5530607635842],[-81.2336830966679,41.5529499045139],[-81.2340468818414,41.5529762995872],[-81.2342075610633,41.5529879569933],[-81.2340178797038,41.5533031302306],[-81.2338968614764,41.5532621005378],[-81.2338460424922,41.5532436088115],[-81.2337966327673,41.553223074887],[-81.2337487776116,41.5532005591534],[-81.2337026177627,41.5531761278281],[-81.2336582889718,41.553149852762],[-81.2336159216048,41.5531218112285],[-81.2335756402585,41.5530920856957],[-81.2335375633947,41.5530607635842]]]},"properties":{"source_county":"Geauga","jurisdiction":"Munson Township","parcel_id":"21-139100","owner_name":"JENKINS H LAILEY","property_address":" SYCAMORE RD","property_city":"CHARDON","property_zip":"44024"}},{"type":"Feature","geometry":{"type":"Polygon","coordinates":[[[-81.2337719977715,41.5575323568092],[-81.2346906233234,41.5569964043924],[-81.2348923465676,41.5571914692953],[-81.2350268219282,41.5573215059775],[-81.23466877751,41.5575304018227],[-81.2345939866431,41.5575740368561],[-81.234161150453,41.5578265643262],[-81.2336662131193,41.5581153196052],[-81.2335712420193,41.5580218094285],[-81.2334447056232,41.5578917244041],[-81.2333936185924,41.5578372978113],[-81.2333432498672,41.5577824945198],[-81.2337719977715,41.5575323568092]]]},"properties":{"source_county":"Geauga","jurisdiction":"Munson Township","parcel_id":"21-139300","owner_name":"MC LAUGHLIN ANDREW N & ELGHANAYAN DIANA R","property_address":"11524 WILBERT RD","property_city":"CHARDON","property_zip":"44024"}},{"type":"Feature","geometry":{"type":"Polygon","coordinates":[[[-81.2462590828033,41.5514850429768],[-81.2473553403984,41.5514774520321],[-81.2473385931491,41.5520933587524],[-81.2467905775812,41.5520909374632],[-81.2462429084455,41.5520885164277],[-81.2462426639459,41.5520885137873],[-81.2462559513391,41.5516001227786],[-81.2462590828033,41.5514850429768]]]},"properties":{"source_county":"Geauga","jurisdiction":"Munson Township","parcel_id":"21-140450","owner_name":"SABALAUSKY ALBERTA J TRUSTEE","property_address":"10990 WOOD HOLLOW DR","property_city":"CHARDON","property_zip":"44024"}},{"type":"Feature","geometry":{"type":"Polygon","coordinates":[[[-81.2253780607294,41.5645386243106],[-81.2255582724464,41.5644278435925],[-81.2262185197616,41.5650709463746],[-81.2247509623141,41.565086310818],[-81.2253780607294,41.5645386243106]]]},"properties":{"source_county":"Geauga","jurisdiction":"Munson Township","parcel_id":"21-141200","owner_name":"SAWCZAK STEFAN J & HAZEL B","property_address":"11564 WILSON MILLS RD","property_city":"CHARDON","property_zip":"44024"}},{"type":"Feature","geometry":{"type":"Polygon","coordinates":[[[-81.2431368238336,41.5583476387275],[-81.2431614779483,41.5579972902312],[-81.2459655163932,41.5580721227051],[-81.2459420386665,41.5585401532931],[-81.2431281638431,41.558470685387],[-81.2431368238336,41.5583476387275]]]},"properties":{"source_county":"Geauga","jurisdiction":"Munson Township","parcel_id":"21-141400","owner_name":"MILLER CAROLYN J & SANKOVICH JOHN H JR & STEVEN L & GREGORY E","property_address":"11510 AUBURN RD","property_city":"CHARDON","property_zip":"44024"}},{"type":"Feature","geometry":{"type":"Polygon","coordinates":[[[-81.2269589610513,41.5682536156705],[-81.2277630738416,41.5682478032244],[-81.2277598520813,41.568329274056],[-81.2277525555588,41.5685137803257],[-81.2277308367896,41.569063000196],[-81.2270975386329,41.5690664707103],[-81.2269212896742,41.5690674364341],[-81.2269502523647,41.5683352793771],[-81.2269534817214,41.5682536546564],[-81.2269589610513,41.5682536156705]]]},"properties":{"source_county":"Geauga","jurisdiction":"Munson Township","parcel_id":"21-141700","owner_name":"SANTORO GERALD C","property_address":"11510 WINCHESTER DR","property_city":"CHARDON","property_zip":"44024"}},{"type":"Feature","geometry":{"type":"Polygon","coordinates":[[[-81.2281489520247,41.5522085064545],[-81.2283360766316,41.5520155990072],[-81.2286331607701,41.552301981129],[-81.2285383169458,41.5523999888481],[-81.228446265687,41.552495110371],[-81.2281489520247,41.5522085064545]]]},"properties":{"source_county":"Geauga","jurisdiction":"Munson Township","parcel_id":"21-142250","owner_name":"GABANIC JULIANNE TOD","property_address":"11478 LAKEVIEW RD","property_city":"CHARDON","property_zip":"44024"}},{"type":"Feature","geometry":{"type":"Polygon","coordinates":[[[-81.2301425716569,41.5532540322944],[-81.2304085641418,41.5529922363862],[-81.2305676530613,41.5531698822722],[-81.2303425133044,41.5534225854631],[-81.2302987465957,41.5533911896857],[-81.230256818021,41.553358409],[-81.2302168051726,41.5533243040715],[-81.230178782097,41.5532889380163],[-81.2301425716569,41.5532540322944]]]},"properties":{"source_county":"Geauga","jurisdiction":"Munson Township","parcel_id":"21-142400","owner_name":"MAYO DEBRA F TOD","property_address":" OVERLOOK RD","property_city":"CHARDON","property_zip":"44024"}},{"type":"Feature","geometry":{"type":"Polygon","coordinates":[[[-81.2309378620101,41.5567533033819],[-81.231305245303,41.5566702956156],[-81.2313752391599,41.5568439570194],[-81.2315097784522,41.5571777559539],[-81.2305606445609,41.5572639117757],[-81.2305377408837,41.5571880288922],[-81.2305010304565,41.5570924323782],[-81.2304561718565,41.5569988176586],[-81.2304373118334,41.5569682312648],[-81.2304160093849,41.5569385633609],[-81.2303923434317,41.5569099238554],[-81.2303664016503,41.5568824188471],[-81.2309378620101,41.5567533033819]]]},"properties":{"source_county":"Geauga","jurisdiction":"Munson Township","parcel_id":"21-142600","owner_name":"ROETHEL HENRY F & BROZ GRETCHEN A","property_address":"11558 ORCHARD RD","property_city":"CHARDON","property_zip":"44024"}},{"type":"Feature","geometry":{"type":"Polygon","coordinates":[[[-81.2418359205451,41.5527786371492],[-81.2434357559701,41.5527630903639],[-81.2434360367384,41.5529277557551],[-81.2418358519394,41.5529433078058],[-81.2418359205451,41.5527786371492]]]},"properties":{"source_county":"Geauga","jurisdiction":"Munson Township","parcel_id":"21-142700","owner_name":"TERRANOVA JACK R","property_address":" AUBURN RD","property_city":"CHARDON","property_zip":"44024"}},{"type":"Feature","geometry":{"type":"Polygon","coordinates":[[[-81.2418360756819,41.5523559850784],[-81.243435035049,41.5523404496299],[-81.2434357156518,41.5527396311831],[-81.2434357559701,41.5527630903639],[-81.2418359205451,41.5527786371492],[-81.2418360756819,41.5523559850784]]]},"properties":{"source_county":"Geauga","jurisdiction":"Munson Township","parcel_id":"21-142800","owner_name":"TERRANOVA JACK R","property_address":"11703 AUBURN RD","property_city":"CHARDON","property_zip":"44024"}},{"type":"Feature","geometry":{"type":"Polygon","coordinates":[[[-81.2381813262371,41.5600698210398],[-81.238210287564,41.5596587335054],[-81.2398015098153,41.5596959570275],[-81.2397725584578,41.5601070449538],[-81.2381813262371,41.5600698210398]]]},"properties":{"source_county":"Geauga","jurisdiction":"Munson Township","parcel_id":"21-142900","owner_name":"CURTIS MICHAEL THOMAS","property_address":"11535 UPPER CHELSEA DR","property_city":"CHARDON","property_zip":"44024"}},{"type":"Feature","geometry":{"type":"Polygon","coordinates":[[[-81.2287980150641,41.55320811857],[-81.2290772841174,41.5529195327089],[-81.2292569421288,41.5530927140252],[-81.2289776719301,41.5533813002892],[-81.2287980150641,41.55320811857]]]},"properties":{"source_county":"Geauga","jurisdiction":"Munson Township","parcel_id":"21-143030","owner_name":"CICCHELLA DANIEL W & DANIEL WILLIAM","property_address":"11688 MAPLEWOOD RD","property_city":"CHARDON","property_zip":"44024"}},{"type":"Feature","geometry":{"type":"Polygon","coordinates":[[[-81.2286183579319,41.5530349374505],[-81.2288976270384,41.5527463520054],[-81.2290772841174,41.5529195327089],[-81.2287980150641,41.55320811857],[-81.2286183579319,41.5530349374505]]]},"properties":{"source_county":"Geauga","jurisdiction":"Munson Township","parcel_id":"21-143040","owner_name":"CICCHELLA DANIEL W & DANIEL WILLIAM","property_address":" MAPLEWOOD RD","property_city":"CHARDON","property_zip":"44024"}},{"type":"Feature","geometry":{"type":"Polygon","coordinates":[[[-81.2325349039782,41.5676664828562],[-81.2326076223797,41.5676659230983],[-81.2324881229974,41.5700525903443],[-81.2324173673394,41.5700530850329],[-81.2324947827915,41.5684806860057],[-81.2325082969687,41.5682064325598],[-81.2325349039782,41.5676664828562]]]},"properties":{"source_county":"Geauga","jurisdiction":"Munson Township","parcel_id":"21-144300","owner_name":"REEVES KEVIN & MELISSA","property_address":" THWING RD","property_city":"CHARDON","property_zip":"44024"}},{"type":"Feature","geometry":{"type":"Polygon","coordinates":[[[-81.2338039000074,41.5544071672564],[-81.2338588127552,41.554408035797],[-81.2339134650376,41.5544121414456],[-81.2339675191705,41.5544194588344],[-81.2340206411657,41.5544299427509],[-81.234072502794,41.5544435284174],[-81.2341227836132,41.5544601318911],[-81.2341711729478,41.5544796505827],[-81.2342173718087,41.5545019638903],[-81.2342524592799,41.5545199375738],[-81.2338165894739,41.5549287726754],[-81.2337596689579,41.5551631474644],[-81.233139162342,41.5548101150377],[-81.2331607729738,41.5547552981748],[-81.2331901790277,41.5547025677353],[-81.2332270328363,41.5546525471179],[-81.2332708986847,41.5546058276836],[-81.2333212579627,41.5545629617643],[-81.2333775152964,41.5545244561334],[-81.2334390055865,41.5544907660151],[-81.2335050018723,41.5544622897023],[-81.2335668742746,41.5544417615961],[-81.2336244042743,41.5544273377424],[-81.2336833827198,41.5544167155904],[-81.233743365267,41.5544099751677],[-81.2338039000074,41.5544071672564]]]},"properties":{"source_county":"Geauga","jurisdiction":"Munson Township","parcel_id":"21-144500","owner_name":"PREINESBERGER HELGA R","property_address":"11340 PARKSIDE RD","property_city":"CHARDON","property_zip":"44024"}},{"type":"Feature","geometry":{"type":"Polygon","coordinates":[[[-81.2298278208243,41.5572111488904],[-81.2304580701529,41.5571269615643],[-81.2304875677497,41.5572067292555],[-81.230508248959,41.5572739569332],[-81.2305242579274,41.557341900108],[-81.2305369040972,41.5574092256143],[-81.2305449336104,41.5574769498757],[-81.2302854262768,41.5574912207129],[-81.2298114327856,41.5575172842599],[-81.2298127827278,41.5574900185714],[-81.2298129995436,41.5574856382405],[-81.2298265791781,41.5572113145053],[-81.2298278208243,41.5572111488904]]]},"properties":{"source_county":"Geauga","jurisdiction":"Munson Township","parcel_id":"21-144680","owner_name":"FIGLER CHARLES G TOD","property_address":"11557 ORCHARD RD","property_city":"CHARDON","property_zip":"44024"}},{"type":"Feature","geometry":{"type":"Polygon","coordinates":[[[-81.2436899167366,41.5515027912045],[-81.245028154749,41.5514935532894],[-81.2450283871809,41.5519158222365],[-81.243434311815,41.5519163049895],[-81.2434342957302,41.551906831626],[-81.2434337474118,41.5515852496147],[-81.2434336097094,41.551504558513],[-81.2436899167366,41.5515027912045]]]},"properties":{"source_county":"Geauga","jurisdiction":"Munson Township","parcel_id":"21-144820","owner_name":"CLIFTON WILLIAM R & MARY L","property_address":"11722 AUBURN RD","property_city":"CHARDON","property_zip":"44024"}},{"type":"Feature","geometry":{"type":"Polygon","coordinates":[[[-81.230030828832,41.5537531969895],[-81.2302783494149,41.5534900205866],[-81.2303267907568,41.5535213616717],[-81.2303769479755,41.5535511409371],[-81.2304287318945,41.5535793054358],[-81.2304820504448,41.5536058050918],[-81.2302338720443,41.5538937851503],[-81.230030828832,41.5537531969895]]]},"properties":{"source_county":"Geauga","jurisdiction":"Munson Township","parcel_id":"21-146620","owner_name":"HARRISON DENNIS","property_address":" OVERLOOK RD","property_city":"CHARDON","property_zip":"44024"}},{"type":"Feature","geometry":{"type":"Polygon","coordinates":[[[-81.2299553632917,41.5534522203414],[-81.2300755100049,41.553323333858],[-81.2301221436293,41.5533677152334],[-81.2301715724643,41.5534103555895],[-81.2302236814816,41.5534511556914],[-81.2302783494149,41.5534900205866],[-81.230030828832,41.5537531969895],[-81.2299478307305,41.5536964232752],[-81.2299477999696,41.5536964022273],[-81.2298134228906,41.553604483744],[-81.2299553265846,41.5534522586611],[-81.2299553632917,41.5534522203414]]]},"properties":{"source_county":"Geauga","jurisdiction":"Munson Township","parcel_id":"21-146640","owner_name":"HARRISON DENNIS","property_address":"11683 OVERLOOK RD","property_city":"CHARDON","property_zip":"44024"}},{"type":"Feature","geometry":{"type":"Polygon","coordinates":[[[-81.229961205766,41.5532627877125],[-81.2299856794823,41.5532367438756],[-81.2300755100049,41.553323333858],[-81.2299553632917,41.5534522203414],[-81.2299553265846,41.5534522586611],[-81.2298134228906,41.553604483744],[-81.2297195339023,41.5535199581209],[-81.2299611678257,41.5532628278197],[-81.229961205766,41.5532627877125]]]},"properties":{"source_county":"Geauga","jurisdiction":"Munson Township","parcel_id":"21-146650","owner_name":"HARRISON DENNIS","property_address":" OVERLOOK RD","property_city":"CHARDON","property_zip":"44024"}},{"type":"Feature","geometry":{"type":"Polygon","coordinates":[[[-81.2306954513328,41.5546004023525],[-81.230729810145,41.5545498271109],[-81.2317900667031,41.5549199002818],[-81.2314091288072,41.5551045694809],[-81.2307868669199,41.5554062221125],[-81.230189605828,41.5551510928321],[-81.2302624033513,41.5550875447929],[-81.2303325913145,41.5550223614139],[-81.2304001046494,41.5549556031308],[-81.2304648807686,41.5548873318393],[-81.2305268596228,41.5548176108376],[-81.2305859837572,41.554746504768],[-81.2306421983637,41.5546740795567],[-81.2306954513328,41.5546004023525]]]},"properties":{"source_county":"Geauga","jurisdiction":"Munson Township","parcel_id":"21-147150","owner_name":"BOURELL JENNIFER L","property_address":"11595 EDGEWOOD RD","property_city":"CHARDON","property_zip":"44024"}},{"type":"Feature","geometry":{"type":"Polygon","coordinates":[[[-81.235356418497,41.5555307431389],[-81.2365518328926,41.5548332534501],[-81.2366579132792,41.5549051235515],[-81.2367171668419,41.5549452675405],[-81.2368964807841,41.5551186535187],[-81.2356701909794,41.5558341598394],[-81.2356029181976,41.5557691086005],[-81.235356418497,41.5555307431389]]]},"properties":{"source_county":"Geauga","jurisdiction":"Munson Township","parcel_id":"21-147300","owner_name":"SHERANKO MARY ANN","property_address":"11602 BASSWOOD RD","property_city":"CHARDON","property_zip":"44024"}},{"type":"Feature","geometry":{"type":"Polygon","coordinates":[[[-81.2253507350602,41.5682652229591],[-81.2261438882402,41.5682595013316],[-81.2261406595985,41.5683410990338],[-81.2261117424492,41.5690718670289],[-81.2258309421008,41.5690734022788],[-81.2253021951147,41.5690762919807],[-81.2253310654897,41.5683469130335],[-81.2253342946321,41.5682653414626],[-81.2253507350602,41.5682652229591]]]},"properties":{"source_county":"Geauga","jurisdiction":"Munson Township","parcel_id":"21-147400","owner_name":"SIMONSON ANDREW J & ANNA P TRUSTEES","property_address":"11550 WINCHESTER DR","property_city":"CHARDON","property_zip":"44024"}},{"type":"Feature","geometry":{"type":"Polygon","coordinates":[[[-81.2362977434652,41.5564409905942],[-81.2375240523317,41.5557254689393],[-81.237748182858,41.5559421844825],[-81.2378378430472,41.5560288762397],[-81.2376935662142,41.5561130589531],[-81.2372607516084,41.5563655989969],[-81.2366115246673,41.5567444046615],[-81.2365667113588,41.556701073366],[-81.2362977434652,41.5564409905942]]]},"properties":{"source_county":"Geauga","jurisdiction":"Munson Township","parcel_id":"21-147850","owner_name":"MORR RANDALL S & RUTH A","property_address":"11570 BASSWOOD RD","property_city":"CHARDON","property_zip":"44024"}},{"type":"Feature","geometry":{"type":"Polygon","coordinates":[[[-81.233005692237,41.5544595370272],[-81.2330388783159,41.5545131820061],[-81.2330668950402,41.5545684657604],[-81.2330896001742,41.5546251076506],[-81.2331068784446,41.5546828201419],[-81.2331186421259,41.5547413102643],[-81.2331248314863,41.5548002810992],[-81.2331254150912,41.554859433287],[-81.2331203899627,41.5549184665468],[-81.2331118433053,41.5549667597355],[-81.2330995071777,41.5550145884188],[-81.2330834248046,41.5550617849767],[-81.2330636525406,41.555108184004],[-81.2330402596717,41.5551536228904],[-81.2330133281736,41.55519794239],[-81.232982952424,41.5552409871797],[-81.232949238872,41.5552826064034],[-81.2329100794859,41.5553249205995],[-81.2328674724668,41.5553653117],[-81.2328215847367,41.5554036214586],[-81.2327725960718,41.555439699783],[-81.2327206983982,41.5554734053232],[-81.2326660950402,41.5555046060251],[-81.2326089999236,41.5555331796483],[-81.2325496367374,41.5555590142445],[-81.2320970494808,41.5547710804436],[-81.233005692237,41.5544595370272]]]},"properties":{"source_county":"Geauga","jurisdiction":"Munson Township","parcel_id":"21-148100","owner_name":"PETRUS DEBRA L","property_address":"11359 PARKSIDE RD","property_city":"CHARDON","property_zip":"44024"}},{"type":"Feature","geometry":{"type":"Polygon","coordinates":[[[-81.2281071318183,41.5615566119459],[-81.2285267365139,41.5615532588504],[-81.2288835729973,41.5623846607767],[-81.2281173018224,41.5623910532008],[-81.2281071318183,41.5615566119459]]]},"properties":{"source_county":"Geauga","jurisdiction":"Munson Township","parcel_id":"21-148300","owner_name":"HANISH RICHARD R & LAURA K TRUSTEES","property_address":"11475 WOODIEBROOK RD","property_city":"CHARDON","property_zip":"44024"}},{"type":"Feature","geometry":{"type":"Polygon","coordinates":[[[-81.2414926498003,41.5583145223509],[-81.2415214907564,41.5579048329507],[-81.2431654681855,41.5579405997545],[-81.2431614779483,41.5579972902312],[-81.2431368238336,41.5583476387275],[-81.2414919823809,41.5583239882894],[-81.2414926498003,41.5583145223509]]]},"properties":{"source_county":"Geauga","jurisdiction":"Munson Township","parcel_id":"21-149000","owner_name":"SITTNICK W JAYSON & SANDRA L","property_address":"11509 AUBURN RD","property_city":"CHARDON","property_zip":"44024"}},{"type":"Feature","geometry":{"type":"Polygon","coordinates":[[[-81.2276211912149,41.5527525652054],[-81.2277115294031,41.5526594381616],[-81.2280093821473,41.5529465632442],[-81.2279191557851,41.5530397979946],[-81.2276211912149,41.5527525652054]]]},"properties":{"source_county":"Geauga","jurisdiction":"Munson Township","parcel_id":"21-150310","owner_name":"SMITH RONALD E & KATHLEEN A","property_address":" LAKEVIEW RD","property_city":"CHARDON","property_zip":"44024"}},{"type":"Feature","geometry":{"type":"Polygon","coordinates":[[[-81.2277115294031,41.5526594381616],[-81.2278943555407,41.5524709660854],[-81.2281919834689,41.5527578739363],[-81.2280093821473,41.5529465632442],[-81.2277115294031,41.5526594381616]]]},"properties":{"source_county":"Geauga","jurisdiction":"Munson Township","parcel_id":"21-150320","owner_name":"SMITH RONALD E & KATHLEEN A","property_address":" LAKEVIEW RD","property_city":"CHARDON","property_zip":"44024"}},{"type":"Feature","geometry":{"type":"Polygon","coordinates":[[[-81.2280988098837,41.5532129801827],[-81.2283716387142,41.5529310557311],[-81.2285512936933,41.5531042381254],[-81.2282784661132,41.5533861629966],[-81.2280988098837,41.5532129801827]]]},"properties":{"source_county":"Geauga","jurisdiction":"Munson Township","parcel_id":"21-150330","owner_name":"SMITH RONALD E & KATHLEEN A","property_address":" MAPLEWOOD RD","property_city":"CHARDON","property_zip":"44024"}},{"type":"Feature","geometry":{"type":"Polygon","coordinates":[[[-81.2280093821473,41.5529465632442],[-81.2281919834689,41.5527578739363],[-81.2283716387142,41.5529310557311],[-81.2280988098837,41.5532129801827],[-81.2279191557851,41.5530397979946],[-81.2280093821473,41.5529465632442]]]},"properties":{"source_county":"Geauga","jurisdiction":"Munson Township","parcel_id":"21-150340","owner_name":"SMITH RONALD E & KATHLEEN A","property_address":"11701 MAPLEWOOD RD","property_city":"CHARDON","property_zip":"44024"}},{"type":"Feature","geometry":{"type":"Polygon","coordinates":[[[-81.2501090949281,41.5516761263588],[-81.2494610094882,41.5525150301118],[-81.2494245433569,41.5525148615338],[-81.2491541195429,41.5525136132748],[-81.249182610449,41.5514647772357],[-81.2495810013963,41.5514620098836],[-81.2496201295235,41.5514626640573],[-81.2496591251169,41.5514651681627],[-81.249697833333,41.5514695122566],[-81.2497361004692,41.5514756790894],[-81.2497737745746,41.5514836441738],[-81.2498107060524,41.5514933758821],[-81.2498467482549,41.5515048355717],[-81.2498817580651,41.5515179777383],[-81.2499155964653,41.551532750197],[-81.2499481290888,41.5515490942892],[-81.2499792267539,41.5515669451155],[-81.2500087659762,41.5515862317936],[-81.2500366294597,41.5516068777399],[-81.2500627065617,41.5516288009727],[-81.2500868937329,41.5516519144388],[-81.2501090949281,41.5516761263588]]]},"properties":{"source_county":"Geauga","jurisdiction":"Munson Township","parcel_id":"21-150390","owner_name":"SMITH JACOB A","property_address":"10920 WOOD HOLLOW DR","property_city":"CHARDON","property_zip":"44024"}},{"type":"Feature","geometry":{"type":"Polygon","coordinates":[[[-81.2342882960215,41.5700399791627],[-81.2346830955938,41.5624328547652],[-81.2352568062372,41.56244084489],[-81.2348626975786,41.5700359501844],[-81.2342882960215,41.5700399791627]]]},"properties":{"source_county":"Geauga","jurisdiction":"Munson Township","parcel_id":"21-150500","owner_name":"STERK AUDREY L TRUSTEE","property_address":"11333 THWING RD","property_city":"CHARDON","property_zip":"44024"}},{"type":"Feature","geometry":{"type":"Polygon","coordinates":[[[-81.2356701909794,41.5558341598394],[-81.2368964807841,41.5551186535187],[-81.2372102645053,41.5554220616613],[-81.2359839651697,41.5561375756491],[-81.2359391221186,41.5560942131533],[-81.2356701909794,41.5558341598394]]]},"properties":{"source_county":"Geauga","jurisdiction":"Munson Township","parcel_id":"21-150600","owner_name":"KPM HOLDINGS LLC","property_address":"11592 BASSWOOD RD","property_city":"CHARDON","property_zip":"44024"}},{"type":"Feature","geometry":{"type":"Polygon","coordinates":[[[-81.2359839651697,41.5561375756491],[-81.2372102645053,41.5554220616613],[-81.2374175832191,41.5556225221302],[-81.2375240523317,41.5557254689393],[-81.2362977434652,41.5564409905942],[-81.2362529152853,41.5563976436986],[-81.2359839651697,41.5561375756491]]]},"properties":{"source_county":"Geauga","jurisdiction":"Munson Township","parcel_id":"21-150700","owner_name":"PENNY VINCENT & MARCELLA M","property_address":"11580 BASSWOOD RD","property_city":"CHARDON","property_zip":"44024"}},{"type":"Feature","geometry":{"type":"Polygon","coordinates":[[[-81.2296176992069,41.5592148830322],[-81.229626870075,41.5590296573582],[-81.2297352352306,41.5590323927068],[-81.2297364263579,41.5590324228475],[-81.2297163718641,41.5594374983284],[-81.2297149590649,41.55943746126],[-81.2296068208228,41.5594346131197],[-81.2296176992069,41.5592148830322]]]},"properties":{"source_county":"Geauga","jurisdiction":"Munson Township","parcel_id":"21-150900","owner_name":"ENGLEBROOK 11481 ORCHARD LLC","property_address":" ORCHARD RD","property_city":"CHARDON","property_zip":"44024"}},{"type":"Feature","geometry":{"type":"Polygon","coordinates":[[[-81.2297163718641,41.5594374983284],[-81.2297364263579,41.5590324228475],[-81.2304833937532,41.5590512750464],[-81.2304644472096,41.5594571992758],[-81.2297163718641,41.5594374983284]]]},"properties":{"source_county":"Geauga","jurisdiction":"Munson Township","parcel_id":"21-151000","owner_name":"ENGLEBROOK 11481 ORCHARD LLC","property_address":"11481 ORCHARD RD","property_city":"CHARDON","property_zip":"44024"}},{"type":"Feature","geometry":{"type":"Polygon","coordinates":[[[-81.2304519374127,41.5602685993174],[-81.2305063195419,41.560263466781],[-81.2305275807661,41.5603651157158],[-81.230558013162,41.5604654404945],[-81.2305974753474,41.5605639748921],[-81.2306457839746,41.5606602610021],[-81.2296477117917,41.5608243032334],[-81.2296715800619,41.5603422460036],[-81.2304519374127,41.5602685993174]]]},"properties":{"source_county":"Geauga","jurisdiction":"Munson Township","parcel_id":"21-151400","owner_name":"ELLIOTT CHRISTOPHER M & MELANIE J TRUSTEES","property_address":"11435 ORCHARD RD","property_city":"CHARDON","property_zip":"44024"}},{"type":"Feature","geometry":{"type":"Polygon","coordinates":[[[-81.2433377059358,41.5554929756976],[-81.2433826481049,41.5548542809546],[-81.244468014565,41.5548636766228],[-81.2444492191734,41.5551126863959],[-81.2452968072231,41.5551169182216],[-81.2452705159026,41.5555026354018],[-81.2433377059358,41.5554929756976]]]},"properties":{"source_county":"Geauga","jurisdiction":"Munson Township","parcel_id":"21-152100","owner_name":"WILLIAMS NICOLE TOD","property_address":"11620 AUBURN RD","property_city":"CHARDON","property_zip":"44024"}},{"type":"Feature","geometry":{"type":"Polygon","coordinates":[[[-81.2433377059358,41.5554929756976],[-81.2452705159026,41.5555026354018],[-81.2452376359247,41.5559850220662],[-81.2433037616551,41.5559753558529],[-81.2433197558085,41.5557480592493],[-81.2433351859755,41.5555287835115],[-81.2433377059358,41.5554929756976]]]},"properties":{"source_county":"Geauga","jurisdiction":"Munson Township","parcel_id":"21-152200","owner_name":"TRIMBOLI MICHAEL R","property_address":"11590 AUBURN RD","property_city":"CHARDON","property_zip":"44024"}},{"type":"Feature","geometry":{"type":"Polygon","coordinates":[[[-81.2433037616551,41.5559753558529],[-81.2452376359247,41.5559850220662],[-81.2452022325532,41.5565044231056],[-81.2432672158264,41.5564947044822],[-81.2432811845368,41.556296196338],[-81.2433037616551,41.5559753558529]]]},"properties":{"source_county":"Geauga","jurisdiction":"Munson Township","parcel_id":"21-152400","owner_name":"TRIMBOLI MICHAEL R","property_address":" AUBURN RD","property_city":"CHARDON","property_zip":"44024"}},{"type":"Feature","geometry":{"type":"Polygon","coordinates":[[[-81.2428413978423,41.5625453654603],[-81.2428577926635,41.562312415927],[-81.2438737338992,41.5623567901702],[-81.2438573659195,41.5625894033117],[-81.2428413978423,41.5625453654603]]]},"properties":{"source_county":"Geauga","jurisdiction":"Munson Township","parcel_id":"21-152800","owner_name":"SALEY RONALD E","property_address":"11362 AUBURN RD","property_city":"CHARDON","property_zip":"44024"}},{"type":"Feature","geometry":{"type":"Polygon","coordinates":[[[-81.2322697588801,41.5590632407483],[-81.2324247503256,41.5589728215003],[-81.2332995920119,41.5598187960668],[-81.2328660886958,41.5600706928255],[-81.2319918965134,41.5592253416699],[-81.2322697588801,41.5590632407483]]]},"properties":{"source_county":"Geauga","jurisdiction":"Munson Township","parcel_id":"21-153400","owner_name":"STANOS PHILIP C & GWENNE S","property_address":"11357 WILSON MILLS RD","property_city":"CHARDON","property_zip":"44024"}},{"type":"Feature","geometry":{"type":"Polygon","coordinates":[[[-81.2456263025248,41.5525871926545],[-81.2462292088976,41.5525830235579],[-81.2462240884193,41.5527712054434],[-81.2462190711518,41.5529556216717],[-81.2462190052319,41.5529556209598],[-81.2456182930124,41.5529528304262],[-81.2456090177047,41.5540784791102],[-81.245367644119,41.5540776071076],[-81.2450295715326,41.5540763836641],[-81.2450292942191,41.5535703525091],[-81.2450290634328,41.5531508131984],[-81.2450288376132,41.5527391495947],[-81.2450287565244,41.5525913229139],[-81.2456263025248,41.5525871926545]]]},"properties":{"source_county":"Geauga","jurisdiction":"Munson Township","parcel_id":"21-153450","owner_name":"JOHNSON DONNA B","property_address":"11031 WILSON MILLS RD","property_city":"CHARDON","property_zip":"44024"}},{"type":"Feature","geometry":{"type":"Polygon","coordinates":[[[-81.2290140318189,41.555395498119],[-81.2291866592684,41.5551290629359],[-81.2295359354969,41.5552091951844],[-81.2295197761937,41.555414668762],[-81.2294567097547,41.5554225321779],[-81.2293931197489,41.5554274737669],[-81.2293292458714,41.5554294749024],[-81.2292653288871,41.5554285280412],[-81.2292016097234,41.5554246367526],[-81.2291383285622,41.5554178157042],[-81.2290757239339,41.5554080906072],[-81.2290140318189,41.555395498119]]]},"properties":{"source_county":"Geauga","jurisdiction":"Munson Township","parcel_id":"21-154700","owner_name":"FRETZ GEORGE C TOD & MARGOT W TOD","property_address":" EDGEWOOD RD","property_city":"CHARDON","property_zip":"44024"}},{"type":"Feature","geometry":{"type":"Polygon","coordinates":[[[-81.2295359354969,41.5552091951844],[-81.2296965886971,41.5550154043849],[-81.229818361063,41.5550652454071],[-81.2299045852568,41.5550982345856],[-81.2300005077683,41.5551331118993],[-81.2300975816704,41.5551661430361],[-81.2300519471491,41.5552021790539],[-81.230003423518,41.5552360185457],[-81.229952197803,41.5552675310799],[-81.2298984674463,41.5552965951938],[-81.229854955565,41.555317407574],[-81.2298101235993,41.5553365741284],[-81.229764081793,41.555354047725],[-81.2297169433655,41.5553697853951],[-81.229668824233,41.5553837484384],[-81.2296198427234,41.5553959025189],[-81.2295701192858,41.5554062177488],[-81.2295197761937,41.555414668762],[-81.2295359354969,41.5552091951844]]]},"properties":{"source_county":"Geauga","jurisdiction":"Munson Township","parcel_id":"21-154800","owner_name":"FRETZ GEORGE C TOD & MARGOT W TOD","property_address":" EDGEWOOD RD","property_city":"CHARDON","property_zip":"44024"}},{"type":"Feature","geometry":{"type":"Polygon","coordinates":[[[-81.2291866592684,41.5551290629359],[-81.2293862864429,41.5548706672306],[-81.2294623585053,41.5549086425863],[-81.229539454733,41.5549454341979],[-81.2296175424842,41.5549810264875],[-81.2296965886971,41.5550154043849],[-81.2295359354969,41.5552091951844],[-81.2291866592684,41.5551290629359]]]},"properties":{"source_county":"Geauga","jurisdiction":"Munson Township","parcel_id":"21-154900","owner_name":"FRETZ GEORGE C TOD & MARGOT W TOD","property_address":"11639 CHESTNUTDALE RD","property_city":"CHARDON","property_zip":"44024"}},{"type":"Feature","geometry":{"type":"Polygon","coordinates":[[[-81.22885440283,41.5550216688949],[-81.2291214002614,41.554724407465],[-81.2292520400061,41.5547993800044],[-81.2293862864429,41.5548706672306],[-81.2291866592684,41.5551290629359],[-81.22885440283,41.5550216688949]]]},"properties":{"source_county":"Geauga","jurisdiction":"Munson Township","parcel_id":"21-155000","owner_name":"FRETZ GEORGE C TOD & MARGOT W TOD","property_address":" CHESTNUTDALE RD","property_city":"CHARDON","property_zip":"44024"}},{"type":"Feature","geometry":{"type":"Polygon","coordinates":[[[-81.2502644796362,41.5552608173839],[-81.2514210640729,41.5552661428459],[-81.2514234573919,41.5554339895095],[-81.2514329952686,41.5561027111382],[-81.2493889483258,41.5555579647583],[-81.2493893407876,41.5555354279913],[-81.2493872704526,41.5555129430092],[-81.249382751281,41.555490661402],[-81.2493758137429,41.5554687333885],[-81.2493665046123,41.5554473068036],[-81.2493548866519,41.5554265261013],[-81.24934103819,41.5554065313812],[-81.2493250525922,41.5553874574437],[-81.2493070376318,41.5553694328816],[-81.2492871147638,41.5553525792126],[-81.2492654183052,41.5553370100606],[-81.24924209453,41.5553228303895],[-81.2492173006828,41.5553101357955],[-81.2491912039191,41.5552990118626],[-81.2491639801777,41.5552895335859],[-81.2491358129951,41.5552817648656],[-81.2491360270813,41.5552556114969],[-81.2497002533364,41.5552582158113],[-81.2502644796362,41.5552608173839]]]},"properties":{"source_county":"Geauga","jurisdiction":"Munson Township","parcel_id":"21-155120","owner_name":"RITACCO NICHOLAS E & JOCELYN","property_address":"11596 FOREST VIEW DR","property_city":"CHARDON","property_zip":"44024"}},{"type":"Feature","geometry":{"type":"Polygon","coordinates":[[[-81.2415502376562,41.5574964634952],[-81.2415502424456,41.5574964014131],[-81.2417940218185,41.5575019475203],[-81.2431069839373,41.5575318107159],[-81.2431940957557,41.5575337919694],[-81.2431654681855,41.5579405997545],[-81.2415214907564,41.5579048329507],[-81.2415502376562,41.5574964634952]]]},"properties":{"source_county":"Geauga","jurisdiction":"Munson Township","parcel_id":"21-156300","owner_name":"CHEUNG JONMICHAEL T & JESSICA","property_address":"11523 AUBURN RD","property_city":"CHARDON","property_zip":"44024"}},{"type":"Feature","geometry":{"type":"Polygon","coordinates":[[[-81.2328476670997,41.5541583494631],[-81.2332772634758,41.5537136737026],[-81.2334002915621,41.553748617004],[-81.2331715852119,41.5542822381072],[-81.2330854821174,41.554259405001],[-81.2330023732926,41.5542309933205],[-81.2329228978859,41.5541972215669],[-81.2328476670997,41.5541583494631]]]},"properties":{"source_county":"Geauga","jurisdiction":"Munson Township","parcel_id":"21-156500","owner_name":"KISS KURT C & LAURIE L","property_address":" BASSWOOD RD","property_city":"CHARDON","property_zip":"44024"}},{"type":"Feature","geometry":{"type":"Polygon","coordinates":[[[-81.2325964694039,41.5539574834837],[-81.2331827964503,41.5536299145493],[-81.2332772634758,41.5537136737026],[-81.2328476670997,41.5541583494631],[-81.2327902039471,41.5541233049547],[-81.2327362002407,41.5540852827092],[-81.232685928848,41.5540444748477],[-81.232639643776,41.5540010875668],[-81.2325964694039,41.5539574834837]]]},"properties":{"source_county":"Geauga","jurisdiction":"Munson Township","parcel_id":"21-156510","owner_name":"KISS KURT C & LAURIE L","property_address":" BASSWOOD RD","property_city":"CHARDON","property_zip":"44024"}},{"type":"Feature","geometry":{"type":"Polygon","coordinates":[[[-81.2299253134638,41.5544264745367],[-81.2300487704454,41.5543030461919],[-81.2301950607376,41.5543762292079],[-81.2303450936154,41.5544450045219],[-81.2304986338375,41.5545092642941],[-81.2306554406613,41.5545689077646],[-81.2306045694335,41.5546403015538],[-81.2305508739375,41.5547105186987],[-81.2304944023549,41.5547794961809],[-81.2304352053589,41.5548471720949],[-81.2299495976652,41.5546526139383],[-81.2299188541837,41.5546355284265],[-81.2297886099832,41.5545631454788],[-81.2299252890037,41.5544264994829],[-81.2299253134638,41.5544264745367]]]},"properties":{"source_county":"Geauga","jurisdiction":"Munson Township","parcel_id":"21-156650","owner_name":"OGLE ELIZABETH A TOD","property_address":"11645 MAPLEWOOD RD","property_city":"CHARDON","property_zip":"44024"}},{"type":"Feature","geometry":{"type":"Polygon","coordinates":[[[-81.2397725584578,41.5601070449538],[-81.2398015098153,41.5596959570275],[-81.2413927769919,41.5597331610121],[-81.2413657546104,41.5601170077608],[-81.2413638356041,41.5601442493301],[-81.2397725584578,41.5601070449538]]]},"properties":{"source_county":"Geauga","jurisdiction":"Munson Township","parcel_id":"21-158400","owner_name":"TANTANELLA SAMUEL R TOD & ANGELA M TOD","property_address":"11534 UPPER CHELSEA DR","property_city":"CHARDON","property_zip":"44024"}},{"type":"Feature","geometry":{"type":"Polygon","coordinates":[[[-81.2253762537811,41.5549905201937],[-81.2259212878137,41.5555179837241],[-81.2256320104444,41.5557715255805],[-81.2255520954491,41.55569418737],[-81.2253463800636,41.555495104287],[-81.2250643962492,41.5552222090005],[-81.2252227191243,41.5551081826854],[-81.2253762537811,41.5549905201937]]]},"properties":{"source_county":"Geauga","jurisdiction":"Munson Township","parcel_id":"21-158800","owner_name":"BAYER DANIEL J TOD & MICHELE A TOD","property_address":" LAKEVIEW RD","property_city":"CHARDON","property_zip":"44024"}},{"type":"Feature","geometry":{"type":"Polygon","coordinates":[[[-81.2262046747124,41.555096788116],[-81.2264971650543,41.5548226839563],[-81.226547167873,41.5548710487056],[-81.2265838516375,41.5549041255246],[-81.2262891185397,41.5551784628325],[-81.2262046747124,41.555096788116]]]},"properties":{"source_county":"Geauga","jurisdiction":"Munson Township","parcel_id":"21-158900","owner_name":"BAYER DANIEL J TOD & MICHELE A TOD","property_address":" ROCKSIDE RD","property_city":"CHARDON","property_zip":"44024"}},{"type":"Feature","geometry":{"type":"Polygon","coordinates":[[[-81.2261346514876,41.5548423332928],[-81.2263290899855,41.5546601171765],[-81.2264971650543,41.5548226839563],[-81.2262046747124,41.555096788116],[-81.2260365984501,41.5549342218143],[-81.2261346514876,41.5548423332928]]]},"properties":{"source_county":"Geauga","jurisdiction":"Munson Township","parcel_id":"21-159000","owner_name":"BAYER DANIEL J TOD & MICHELE A TOD","property_address":" ROCKSIDE RD","property_city":"CHARDON","property_zip":"44024"}},{"type":"Feature","geometry":{"type":"Polygon","coordinates":[[[-81.2259100132442,41.5553729244461],[-81.2262046747124,41.555096788116],[-81.2262891185397,41.5551784628325],[-81.2259940510775,41.5554542077019],[-81.2259100132442,41.5553729244461]]]},"properties":{"source_county":"Geauga","jurisdiction":"Munson Township","parcel_id":"21-159100","owner_name":"BAYER DANIEL J TOD & MICHELE A TOD","property_address":" FOREST RD","property_city":"CHARDON","property_zip":"44024"}},{"type":"Feature","geometry":{"type":"Polygon","coordinates":[[[-81.2259382178777,41.5550264173299],[-81.2260365984501,41.5549342218143],[-81.2262046747124,41.555096788116],[-81.2259100132442,41.5553729244461],[-81.2257419370046,41.5552103577324],[-81.2259382178777,41.5550264173299]]]},"properties":{"source_county":"Geauga","jurisdiction":"Munson Township","parcel_id":"21-159200","owner_name":"BAYER DANIEL J TOD & MICHELE A TOD","property_address":" FOREST RD","property_city":"CHARDON","property_zip":"44024"}},{"type":"Feature","geometry":{"type":"Polygon","coordinates":[[[-81.2255346211368,41.5548610989182],[-81.2256572626775,41.5547546702589],[-81.2259382178777,41.5550264173299],[-81.2257419370046,41.5552103577324],[-81.2254518695584,41.5549297969786],[-81.2255346211368,41.5548610989182]]]},"properties":{"source_county":"Geauga","jurisdiction":"Munson Township","parcel_id":"21-159300","owner_name":"BAYER DANIEL J TOD & MICHELE A TOD","property_address":" LAKEVIEW RD","property_city":"CHARDON","property_zip":"44024"}},{"type":"Feature","geometry":{"type":"Polygon","coordinates":[[[-81.2257359141322,41.5546833066113],[-81.2258541563568,41.5545710311719],[-81.2261346514876,41.5548423332928],[-81.2260365984501,41.5549342218143],[-81.2259382178777,41.5550264173299],[-81.2256572626775,41.5547546702589],[-81.2257359141322,41.5546833066113]]]},"properties":{"source_county":"Geauga","jurisdiction":"Munson Township","parcel_id":"21-159400","owner_name":"BAYER DANIEL J TOD & MICHELE A TOD","property_address":"11635 ROCKSIDE RD","property_city":"CHARDON","property_zip":"44024"}},{"type":"Feature","geometry":{"type":"Polygon","coordinates":[[[-81.2259094627536,41.5545163062943],[-81.2260410123261,41.5543814779182],[-81.2263290899855,41.5546601171765],[-81.2261346514876,41.5548423332928],[-81.2258541563568,41.5545710311719],[-81.2259094627536,41.5545163062943]]]},"properties":{"source_county":"Geauga","jurisdiction":"Munson Township","parcel_id":"21-159500","owner_name":"BAYER DANIEL J TOD & MICHELE A TOD","property_address":" ROCKSIDE RD","property_city":"CHARDON","property_zip":"44024"}},{"type":"Feature","geometry":{"type":"Polygon","coordinates":[[[-81.2350425865611,41.5552272645484],[-81.2361660294383,41.5545718689107],[-81.2365518328926,41.5548332534501],[-81.235356418497,41.5555307431389],[-81.2352667176309,41.5554440021397],[-81.2352443042245,41.555422328038],[-81.2350425865611,41.5552272645484]]]},"properties":{"source_county":"Geauga","jurisdiction":"Munson Township","parcel_id":"21-159620","owner_name":"MEAD CAROL J TOD","property_address":"11612 BASSWOOD RD","property_city":"CHARDON","property_zip":"44024"}},{"type":"Feature","geometry":{"type":"Polygon","coordinates":[[[-81.243436418174,41.5531512946546],[-81.2450290634328,41.5531508131984],[-81.2450292942191,41.5535703525091],[-81.2434371200073,41.5535629319497],[-81.2434367267872,41.5533326950863],[-81.243436418174,41.5531512946546]]]},"properties":{"source_county":"Geauga","jurisdiction":"Munson Township","parcel_id":"21-160900","owner_name":"RUNDT PAUL & KAREN","property_address":"11674 AUBURN RD","property_city":"CHARDON","property_zip":"44024"}},{"type":"Feature","geometry":{"type":"Polygon","coordinates":[[[-81.2330296720337,41.5700487989678],[-81.2331513643147,41.5676617401744],[-81.2328797493888,41.5676638302459],[-81.2326076223797,41.5676659230983],[-81.2326350234149,41.5671187807317],[-81.2326709308675,41.5663900346031],[-81.2327068387199,41.5656612883032],[-81.2327427445747,41.5649325418059],[-81.2327862682033,41.5640491702567],[-81.2328242508651,41.5632782435983],[-81.232855614948,41.5626416456134],[-81.2328671482858,41.5624075427574],[-81.2331869810237,41.5624120033062],[-81.2346830955938,41.5624328547652],[-81.2342882960215,41.5700399791627],[-81.2330296720337,41.5700487989678]]]},"properties":{"source_county":"Geauga","jurisdiction":"Munson Township","parcel_id":"21-161100","owner_name":"MC CASLIN EDWARD R & RUTHANNE","property_address":"11345 THWING RD","property_city":"CHARDON","property_zip":"44024"}},{"type":"Feature","geometry":{"type":"Polygon","coordinates":[[[-81.2431940957557,41.5575337919694],[-81.2432286452195,41.557042823428],[-81.2459850405133,41.5571167232484],[-81.2471198530314,41.5571471292355],[-81.2471132026276,41.5567892418609],[-81.2483553865013,41.5567778238891],[-81.2485491695669,41.5567760415565],[-81.2484947073651,41.557726020005],[-81.2484383812332,41.558708462358],[-81.2466218239121,41.5587335844634],[-81.2466064591227,41.559527654116],[-81.2466063059251,41.5595355974908],[-81.2458919040802,41.5595437077135],[-81.2458917757715,41.5595437090291],[-81.2458916966253,41.5595437099753],[-81.245900758561,41.5593630865681],[-81.2459213933117,41.5589517158035],[-81.2459420386665,41.5585401532931],[-81.2459655163932,41.5580721227051],[-81.2431614779483,41.5579972902312],[-81.2431654681855,41.5579405997545],[-81.2431940957557,41.5575337919694]]]},"properties":{"source_county":"Geauga","jurisdiction":"Munson Township","parcel_id":"21-161400","owner_name":"CLERE TRAVIS J & KATHRYN S","property_address":"11540 AUBURN RD","property_city":"CHARDON","property_zip":"44024"}},{"type":"Feature","geometry":{"type":"Polygon","coordinates":[[[-81.2271254239128,41.5615644512341],[-81.2275590586211,41.5615609897901],[-81.2275692239122,41.5623956229216],[-81.2270211471244,41.5624001900687],[-81.2270109865669,41.5615653641604],[-81.2271254239128,41.5615644512341]]]},"properties":{"source_county":"Geauga","jurisdiction":"Munson Township","parcel_id":"21-162000","owner_name":"POWELL BRANDON J & GRAHAM DANIELLE A","property_address":" WOODIEBROOK RD","property_city":"CHARDON","property_zip":"44024"}},{"type":"Feature","geometry":{"type":"Polygon","coordinates":[[[-81.2266427552039,41.5615683017456],[-81.2270109865669,41.5615653641604],[-81.2270211471244,41.5624001900687],[-81.2264730690613,41.5624047546158],[-81.2264629132408,41.5615697359306],[-81.2266427552039,41.5615683017456]]]},"properties":{"source_county":"Geauga","jurisdiction":"Munson Township","parcel_id":"21-162100","owner_name":"POWELL BRANDON J & GRAHAM DANIELLE A","property_address":"11509 WOODIEBROOK RD","property_city":"CHARDON","property_zip":"44024"}},{"type":"Feature","geometry":{"type":"Polygon","coordinates":[[[-81.2269288636231,41.5567354972233],[-81.2272211519675,41.5567334942042],[-81.2272271952121,41.5572310601086],[-81.2269349076926,41.5572332765932],[-81.2269288636231,41.5567354972233]]]},"properties":{"source_county":"Geauga","jurisdiction":"Munson Township","parcel_id":"21-162220","owner_name":"MC BRATNEY JOHN S & CLINE ELIZABETH J TRUSTEES","property_address":"11516 PARKWAY RD","property_city":"CHARDON","property_zip":"44024"}},{"type":"Feature","geometry":{"type":"Polygon","coordinates":[[[-81.2266365752608,41.5567374995066],[-81.2269288636231,41.5567354972233],[-81.2269349076926,41.5572332765932],[-81.2266426201533,41.557235492342],[-81.2266365752608,41.5567374995066]]]},"properties":{"source_county":"Geauga","jurisdiction":"Munson Township","parcel_id":"21-162230","owner_name":"MC BRATNEY JOHN S & CLINE ELIZABETH J TRUSTEES","property_address":" PARKWAY RD","property_city":"CHARDON","property_zip":"44024"}},{"type":"Feature","geometry":{"type":"Polygon","coordinates":[[[-81.2264904310817,41.5567384999222],[-81.2266365752608,41.5567374995066],[-81.2266426201533,41.557235492342],[-81.2264964751777,41.5572365999273],[-81.2264904310817,41.5567384999222]]]},"properties":{"source_county":"Geauga","jurisdiction":"Munson Township","parcel_id":"21-162240","owner_name":"MC BRATNEY JOHN S & CLINE ELIZABETH J TRUSTEES","property_address":" PARKWAY RD","property_city":"CHARDON","property_zip":"44024"}},{"type":"Feature","geometry":{"type":"Polygon","coordinates":[[[-81.2483051441386,41.5540905243522],[-81.2488173916431,41.5540928932371],[-81.2488164186543,41.5542026464035],[-81.2488377958049,41.5542043283289],[-81.2488583249507,41.554209111613],[-81.2488772166431,41.5542168123144],[-81.2488937444006,41.5542271343025],[-81.2489072726466,41.5542396806448],[-81.2489172811495,41.5542539688708],[-81.2489233850293,41.5542694495257],[-81.2489253495576,41.554285527299],[-81.2489167534591,41.5552546068129],[-81.2482956237203,41.5552517355149],[-81.2483051441386,41.5540905243522]]]},"properties":{"source_county":"Geauga","jurisdiction":"Munson Township","parcel_id":"21-162280","owner_name":"RYKS DAVID D & VANESSA L","property_address":"11623 FOREST VIEW DR","property_city":"CHARDON","property_zip":"44024"}},{"type":"Feature","geometry":{"type":"Polygon","coordinates":[[[-81.2253021951147,41.5690762919807],[-81.2258309421008,41.5690734022788],[-81.225790370499,41.5700992680479],[-81.2251570246365,41.570103673082],[-81.2251976437431,41.5690768624327],[-81.2253021951147,41.5690762919807]]]},"properties":{"source_county":"Geauga","jurisdiction":"Munson Township","parcel_id":"21-162600","owner_name":"COHEN TIMOTHY B & CARR TARA J","property_address":"11569 THWING RD","property_city":"CHARDON","property_zip":"44024"}},{"type":"Feature","geometry":{"type":"Polygon","coordinates":[[[-81.2290625021437,41.5545811667027],[-81.2293303991042,41.5543083396456],[-81.2294509882345,41.5543754054007],[-81.229175015833,41.5546512186238],[-81.2290625021437,41.5545811667027]]]},"properties":{"source_county":"Geauga","jurisdiction":"Munson Township","parcel_id":"21-162640","owner_name":"SPISAK LEAH M","property_address":" CHESTNUTDALE RD","property_city":"CHARDON","property_zip":"44024"}},{"type":"Feature","geometry":{"type":"Polygon","coordinates":[[[-81.229175015833,41.5546512186238],[-81.2294509882345,41.5543754054007],[-81.2297004966147,41.5545141751639],[-81.2294241802489,41.5547903787145],[-81.2292979365308,41.5547224771129],[-81.229175015833,41.5546512186238]]]},"properties":{"source_county":"Geauga","jurisdiction":"Munson Township","parcel_id":"21-162650","owner_name":"SPISAK LEAH M","property_address":"11638 CHESTNUTDALE RD","property_city":"CHARDON","property_zip":"44024"}},{"type":"Feature","geometry":{"type":"Polygon","coordinates":[[[-81.2294241802489,41.5547903787145],[-81.2297004966147,41.5545141751639],[-81.2297886099832,41.5545631454788],[-81.2295152060777,41.5548362410794],[-81.2294241802489,41.5547903787145]]]},"properties":{"source_county":"Geauga","jurisdiction":"Munson Township","parcel_id":"21-162660","owner_name":"SPISAK LEAH M","property_address":" CHESTNUTDALE RD","property_city":"CHARDON","property_zip":"44024"}},{"type":"Feature","geometry":{"type":"Polygon","coordinates":[[[-81.2294509882345,41.5543754054007],[-81.2294597683677,41.5543666298128],[-81.2297092755345,41.5545053995444],[-81.2297004966147,41.5545141751639],[-81.2294509882345,41.5543754054007]]]},"properties":{"source_county":"Geauga","jurisdiction":"Munson Township","parcel_id":"21-162670","owner_name":"SPISAK LEAH M","property_address":" CHESTNUTDALE RD","property_city":"CHARDON","property_zip":"44024"}},{"type":"Feature","geometry":{"type":"Polygon","coordinates":[[[-81.2300194211976,41.5513752662473],[-81.2300581771484,41.5513358198623],[-81.2302693264567,41.5514507885799],[-81.2302801811194,41.5514614971227],[-81.2303523268743,41.5515326697705],[-81.2300151926212,41.551876847245],[-81.2300042394922,41.5518675063548],[-81.2300041887761,41.5518674634768],[-81.2298762648166,41.5517601709882],[-81.2297429871824,41.5516566211238],[-81.2300193624996,41.5513753259384],[-81.2300194211976,41.5513752662473]]]},"properties":{"source_county":"Geauga","jurisdiction":"Munson Township","parcel_id":"21-163100","owner_name":"COLMAN LINDA & JOHN","property_address":"11746 BASSWOOD RD","property_city":"CHARDON","property_zip":"44024"}},{"type":"Feature","geometry":{"type":"Polygon","coordinates":[[[-81.2401923039489,41.5573375908894],[-81.2403789947519,41.5572297951079],[-81.2406564044035,41.5575008943874],[-81.2408020235721,41.5576432647841],[-81.2403364985747,41.5582142400508],[-81.2394660646082,41.557756913764],[-81.2397577820562,41.557588480002],[-81.2399030146524,41.5575046239046],[-81.2401923039489,41.5573375908894]]]},"properties":{"source_county":"Geauga","jurisdiction":"Munson Township","parcel_id":"21-163410","owner_name":"DOERING BRANDON J","property_address":"11585 LOWER CHELSEA DR","property_city":"CHARDON","property_zip":"44024"}},{"type":"Feature","geometry":{"type":"Polygon","coordinates":[[[-81.2299887795607,41.5523687681039],[-81.2301909506213,41.5521768093608],[-81.230274977738,41.552266621663],[-81.2299833662304,41.5525442973344],[-81.2299833198309,41.5525443409511],[-81.2299645076369,41.5525622540199],[-81.2298756134199,41.5524762171594],[-81.229988731928,41.552368813508],[-81.2299887795607,41.5523687681039]]]},"properties":{"source_county":"Geauga","jurisdiction":"Munson Township","parcel_id":"21-165800","owner_name":"WORTHINGTON WHITE DAVID P & SANIEH A","property_address":" BASSWOOD RD","property_city":"CHARDON","property_zip":"44024"}},{"type":"Feature","geometry":{"type":"Polygon","coordinates":[[[-81.2299996835078,41.5520152025792],[-81.2300127177186,41.552002839985],[-81.2301035062248,41.552088858031],[-81.2301909506213,41.5521768093608],[-81.2299887795607,41.5523687681039],[-81.229988731928,41.552368813508],[-81.2298756134199,41.5524762171594],[-81.2296961249328,41.5523031376749],[-81.2299996322098,41.5520152515453],[-81.2299996835078,41.5520152025792]]]},"properties":{"source_county":"Geauga","jurisdiction":"Munson Township","parcel_id":"21-165900","owner_name":"WORTHINGTON WHITE DAVID P & SANIEH A","property_address":"11731 BASSWOOD RD","property_city":"CHARDON","property_zip":"44024"}},{"type":"Feature","geometry":{"type":"Polygon","coordinates":[[[-81.2295153041048,41.5521292670856],[-81.2298214135124,41.5518368884949],[-81.2299123522614,41.5519133539978],[-81.2300003578928,41.5519917322437],[-81.2300004061944,41.5519917759958],[-81.2300127177186,41.552002839985],[-81.2299996835078,41.5520152025792],[-81.2299996322098,41.5520152515453],[-81.2296961249328,41.5523031376749],[-81.2295153041048,41.5521292670856]]]},"properties":{"source_county":"Geauga","jurisdiction":"Munson Township","parcel_id":"21-166000","owner_name":"WORTHINGTON WHITE DAVID P & SANIEH A","property_address":" BASSWOOD RD","property_city":"CHARDON","property_zip":"44024"}},{"type":"Feature","geometry":{"type":"Polygon","coordinates":[[[-81.2274825533189,41.553849522973],[-81.227759084127,41.5535639809243],[-81.2279387310074,41.5537371551361],[-81.2276618702484,41.5540229614272],[-81.2274825533189,41.553849522973]]]},"properties":{"source_county":"Geauga","jurisdiction":"Munson Township","parcel_id":"21-167000","owner_name":"NEW BRADLEY C & ASHLEY","property_address":"11681 CHESTNUTDALE RD","property_city":"CHARDON","property_zip":"44024"}},{"type":"Feature","geometry":{"type":"Polygon","coordinates":[[[-81.2273967799712,41.5535794653299],[-81.2275794381964,41.5533908064248],[-81.227759084127,41.5535639809243],[-81.2274825533189,41.553849522973],[-81.2273032361578,41.5536760833186],[-81.2273967799712,41.5535794653299]]]},"properties":{"source_county":"Geauga","jurisdiction":"Munson Township","parcel_id":"21-167100","owner_name":"NEW BRADLEY C & ASHLEY","property_address":" CHESTNUTDALE RD","property_city":"CHARDON","property_zip":"44024"}},{"type":"Feature","geometry":{"type":"Polygon","coordinates":[[[-81.2500489169875,41.5530695637185],[-81.2503976053534,41.5530711714195],[-81.2503920578399,41.5541001603886],[-81.2502739649684,41.5540996159669],[-81.2497097486863,41.5540970135391],[-81.2493816126656,41.5540954991525],[-81.2494095579253,41.5530666135513],[-81.2500489169875,41.5530695637185]]]},"properties":{"source_county":"Geauga","jurisdiction":"Munson Township","parcel_id":"21-167930","owner_name":"LESLIE ERIC S & MELISSA D","property_address":"10909 WILSON MILLS RD","property_city":"CHARDON","property_zip":"44024"}},{"type":"Feature","geometry":{"type":"Polygon","coordinates":[[[-81.2278261731907,41.5534947043877],[-81.2280988098837,41.5532129801827],[-81.2282784661132,41.5533861629966],[-81.2280058294896,41.5536678867074],[-81.2278261731907,41.5534947043877]]]},"properties":{"source_county":"Geauga","jurisdiction":"Munson Township","parcel_id":"21-168700","owner_name":"BEAN ADAM C & LUFF NICHOLE M","property_address":" CHESTNUTDALE RD","property_city":"CHARDON","property_zip":"44024"}},{"type":"Feature","geometry":{"type":"Polygon","coordinates":[[[-81.2280058294896,41.5536678867074],[-81.2282784661132,41.5533861629966],[-81.22845812331,41.5535593446224],[-81.2281854867208,41.5538410696398],[-81.2280058294896,41.5536678867074]]]},"properties":{"source_county":"Geauga","jurisdiction":"Munson Township","parcel_id":"21-168800","owner_name":"BEAN ADAM C & LUFF NICHOLE M","property_address":"11684 CHESTNUTDALE RD","property_city":"CHARDON","property_zip":"44024"}},{"type":"Feature","geometry":{"type":"Polygon","coordinates":[[[-81.2364251069541,41.5580025363702],[-81.2367450982189,41.5578165763318],[-81.2376972585793,41.5587431550572],[-81.2370790966714,41.5591015230437],[-81.2361371622502,41.5581698709984],[-81.2364251069541,41.5580025363702]]]},"properties":{"source_county":"Geauga","jurisdiction":"Munson Township","parcel_id":"21-169100","owner_name":"OH JAMES & CHERYL","property_address":"11274 WILSON MILLS RD","property_city":"CHARDON","property_zip":"44024"}},{"type":"Feature","geometry":{"type":"Polygon","coordinates":[[[-81.2370790966714,41.5591015230437],[-81.2376972585793,41.5587431550572],[-81.2376251132818,41.5604784272503],[-81.236147439946,41.5604437599618],[-81.2361824119126,41.5596213466652],[-81.2366307560795,41.5593614352808],[-81.2370790966714,41.5591015230437]]]},"properties":{"source_county":"Geauga","jurisdiction":"Munson Township","parcel_id":"21-169200","owner_name":"OH JAMES & CHERYL","property_address":" WILSON MILLS RD","property_city":"CHARDON","property_zip":"44024"}},{"type":"Feature","geometry":{"type":"Polygon","coordinates":[[[-81.2280980156775,41.5567274816193],[-81.2283903039329,41.5567254765574],[-81.2283963463082,41.5572221859257],[-81.2281040588678,41.5572244053533],[-81.2280980156775,41.5567274816193]]]},"properties":{"source_county":"Geauga","jurisdiction":"Munson Township","parcel_id":"21-169400","owner_name":"GERIN AMY C","property_address":" PARKWAY RD","property_city":"CHARDON","property_zip":"44024"}},{"type":"Feature","geometry":{"type":"Polygon","coordinates":[[[-81.2283360766316,41.5520155990072],[-81.2285210508461,41.5518249090407],[-81.2288179054439,41.5521110702742],[-81.2286331607701,41.552301981129],[-81.2283360766316,41.5520155990072]]]},"properties":{"source_county":"Geauga","jurisdiction":"Munson Township","parcel_id":"21-169600","owner_name":"HECKLER JERRY T TOD AKA GERALD T TOD","property_address":"11741 OVERLOOK RD","property_city":"CHARDON","property_zip":"44024"}},{"type":"Feature","geometry":{"type":"Polygon","coordinates":[[[-81.2274886072151,41.5631925533114],[-81.227853481535,41.5629812400541],[-81.2288527093499,41.5640227963429],[-81.2288312136386,41.5646180977129],[-81.2274886072151,41.5631925533114]]]},"properties":{"source_county":"Geauga","jurisdiction":"Munson Township","parcel_id":"21-169650","owner_name":"IVANS DANIEL R","property_address":"11498 WILSON MILLS RD","property_city":"CHARDON","property_zip":"44024"}},{"type":"Feature","geometry":{"type":"Polygon","coordinates":[[[-81.2270975386329,41.5690664707103],[-81.2277308367896,41.569063000196],[-81.2276904059211,41.5700860556166],[-81.2270570605593,41.5700904584083],[-81.2270975386329,41.5690664707103]]]},"properties":{"source_county":"Geauga","jurisdiction":"Munson Township","parcel_id":"21-169800","owner_name":"CRESHO GEORGE DANIEL & COLLEEN M","property_address":"11501 THWING RD","property_city":"CHARDON","property_zip":"44024"}},{"type":"Feature","geometry":{"type":"Polygon","coordinates":[[[-81.2298549220868,41.5567085690802],[-81.2298265791781,41.5572113145053],[-81.229826274642,41.5572113156762],[-81.2298240695635,41.5572113338762],[-81.2295472295642,41.5572134395703],[-81.2295414392364,41.556738085627],[-81.2295761690915,41.5567302360346],[-81.2296443433677,41.5567166291215],[-81.2297140342936,41.5567084328013],[-81.22978448293,41.5567057363326],[-81.2298549220868,41.5567085690802]]]},"properties":{"source_county":"Geauga","jurisdiction":"Munson Township","parcel_id":"21-169910","owner_name":"RUDAR KAREN E TRUSTEE","property_address":"11448 PARKSIDE RD","property_city":"CHARDON","property_zip":"44024"}},{"type":"Feature","geometry":{"type":"Polygon","coordinates":[[[-81.2295414392364,41.556738085627],[-81.2295472295642,41.5572134395703],[-81.2292622492152,41.5572156058937],[-81.2292568304591,41.5567706440513],[-81.2293288627494,41.5567675517623],[-81.2294004955383,41.5567610754277],[-81.2294714473127,41.556751240499],[-81.2295414392364,41.556738085627]]]},"properties":{"source_county":"Geauga","jurisdiction":"Munson Township","parcel_id":"21-169911","owner_name":"RUDAR KAREN E TRUSTEE","property_address":" PARKSIDE RD","property_city":"CHARDON","property_zip":"44024"}},{"type":"Feature","geometry":{"type":"Polygon","coordinates":[[[-81.2297943859903,41.5578616491511],[-81.2297967477718,41.5578139209125],[-81.2297968064871,41.5578139224554],[-81.2305402355885,41.5578335011584],[-81.2305212885508,41.5582394255441],[-81.2297766003793,41.558220919894],[-81.2297907182486,41.5579357340563],[-81.2297943859903,41.5578616491511]]]},"properties":{"source_county":"Geauga","jurisdiction":"Munson Township","parcel_id":"21-170000","owner_name":"GUSTWILLER JOSEPH A & ALYSSA S","property_address":"11521 ORCHARD RD","property_city":"CHARDON","property_zip":"44024"}},{"type":"Feature","geometry":{"type":"Polygon","coordinates":[[[-81.2413348950518,41.560555337599],[-81.2413370967001,41.5605240576935],[-81.2429819921594,41.5605477093949],[-81.2429533453027,41.5609547596824],[-81.2413084432407,41.560931044583],[-81.2413348950518,41.560555337599]]]},"properties":{"source_county":"Geauga","jurisdiction":"Munson Township","parcel_id":"21-170100","owner_name":"EMERSON DANIEL","property_address":" AUBURN RD","property_city":"CHARDON","property_zip":"44024"}},{"type":"Feature","geometry":{"type":"Polygon","coordinates":[[[-81.2413059529376,41.5609664257929],[-81.2413084432407,41.560931044583],[-81.2429533453027,41.5609547596824],[-81.2429527074364,41.5609638198179],[-81.2429208887445,41.5614159250734],[-81.2412770104601,41.5613775139247],[-81.2413059529376,41.5609664257929]]]},"properties":{"source_county":"Geauga","jurisdiction":"Munson Township","parcel_id":"21-170200","owner_name":"EMERSON DANIEL D","property_address":"11403 AUBURN RD","property_city":"CHARDON","property_zip":"44024"}},{"type":"Feature","geometry":{"type":"Polygon","coordinates":[[[-81.2272258393799,41.5559415742446],[-81.2272682738079,41.556002378412],[-81.2273147458664,41.5560614937005],[-81.2273651367497,41.5561187689686],[-81.2274193176318,41.5561740577786],[-81.2274871255877,41.556236817446],[-81.2275597518685,41.5562964581548],[-81.2276369427261,41.5563527715166],[-81.2277184284614,41.5564055607687],[-81.2277386193746,41.5564201913871],[-81.2277555898223,41.5564369716067],[-81.2277689395892,41.5564555057008],[-81.2277783538454,41.556475356581],[-81.2277836105714,41.5564960561051],[-81.2277845857939,41.5565171161165],[-81.2277812565101,41.5565380399569],[-81.2277737012306,41.5565583341791],[-81.227762098128,41.5565775201834],[-81.2277467208357,41.5565951455051],[-81.2277279319947,41.5566107944848],[-81.2277061747019,41.5566240980711],[-81.2276819620606,41.5566347425238],[-81.2276558650796,41.5566424768135],[-81.2276284992071,41.5566471185414],[-81.2276005098163,41.5566485582409],[-81.2269259832748,41.5566531811663],[-81.2269217739942,41.5563065103903],[-81.2269010161641,41.5562994597317],[-81.2269241880961,41.5562904306165],[-81.2269582781769,41.5559669703666],[-81.2270257981085,41.5559650612145],[-81.2270930525313,41.5559601792281],[-81.227159809649,41.5559523412334],[-81.2272258393799,41.5559415742446]]]},"properties":{"source_county":"Geauga","jurisdiction":"Munson Township","parcel_id":"21-170600","owner_name":"DUDINSKY CADEN M","property_address":"11491 PARKWAY RD","property_city":"CHARDON","property_zip":"44024"}},{"type":"Feature","geometry":{"type":"Polygon","coordinates":[[[-81.2354370978835,41.5700319174519],[-81.2358305158044,41.5624488330675],[-81.2364042267103,41.5624568184237],[-81.2360114981176,41.5700278818784],[-81.2354370978835,41.5700319174519]]]},"properties":{"source_county":"Geauga","jurisdiction":"Munson Township","parcel_id":"21-170900","owner_name":"LLGC LLC","property_address":"11299 THWING RD","property_city":"CHARDON","property_zip":"44024"}},{"type":"Feature","geometry":{"type":"Polygon","coordinates":[[[-81.2348626975786,41.5700359501844],[-81.2352568062372,41.56244084489],[-81.2358305158044,41.5624488330675],[-81.2354370978835,41.5700319174519],[-81.2348626975786,41.5700359501844]]]},"properties":{"source_county":"Geauga","jurisdiction":"Munson Township","parcel_id":"21-171000","owner_name":"LLGC LLC","property_address":"11303 THWING RD","property_city":"CHARDON","property_zip":"44024"}},{"type":"Feature","geometry":{"type":"Polygon","coordinates":[[[-81.2367833278654,41.5651594828323],[-81.2373622263692,41.565155730403],[-81.2371099782819,41.570020157282],[-81.2365310197778,41.5700242297375],[-81.2367833278654,41.5651594828323]]]},"properties":{"source_county":"Geauga","jurisdiction":"Munson Township","parcel_id":"21-171100","owner_name":"WHITRIGHT CURT E TOD & JANET C TOD","property_address":"11257 THWING RD","property_city":"CHARDON","property_zip":"44024"}},{"type":"Feature","geometry":{"type":"Polygon","coordinates":[[[-81.2345785559179,41.5568880342507],[-81.2359391221186,41.5560942131533],[-81.2359839651697,41.5561375756491],[-81.2362529152853,41.5563976436986],[-81.2348923465676,41.5571914692953],[-81.2346906233234,41.5569964043924],[-81.2345785559179,41.5568880342507]]]},"properties":{"source_county":"Geauga","jurisdiction":"Munson Township","parcel_id":"21-172000","owner_name":"SKUFCA THOMAS R TOD & SHERYL H TOD","property_address":"11583 BASSWOOD RD","property_city":"CHARDON","property_zip":"44024"}},{"type":"Feature","geometry":{"type":"Polygon","coordinates":[[[-81.2467905775812,41.5520909374632],[-81.2473385931491,41.5520933587524],[-81.2473217188622,41.5527138862086],[-81.247284413162,41.5540857979029],[-81.2470629464128,41.5540847714142],[-81.2467363820214,41.5540832566059],[-81.2467905775812,41.5520909374632]]]},"properties":{"source_county":"Geauga","jurisdiction":"Munson Township","parcel_id":"21-172010","owner_name":"WILSON SUSAN COX TOD","property_address":" WILSON MILLS RD","property_city":"CHARDON","property_zip":"44024"}},{"type":"Feature","geometry":{"type":"Polygon","coordinates":[[[-81.2462190052319,41.5529556209598],[-81.2462190711518,41.5529556216717],[-81.2462146300872,41.553118824906],[-81.246188456397,41.5540807138612],[-81.2456090177047,41.5540784791102],[-81.2456182930124,41.5529528304262],[-81.2462190052319,41.5529556209598]]]},"properties":{"source_county":"Geauga","jurisdiction":"Munson Township","parcel_id":"21-172050","owner_name":"WILSON SUSAN COX TOD","property_address":" WILSON MILLS RD","property_city":"CHARDON","property_zip":"44024"}},{"type":"Feature","geometry":{"type":"Polygon","coordinates":[[[-81.2462429084455,41.5520885164277],[-81.2467905775812,41.5520909374632],[-81.2467363820214,41.5540832566059],[-81.246221318897,41.5540808661419],[-81.246188456397,41.5540807138612],[-81.2462146300872,41.553118824906],[-81.2462190711518,41.5529556216717],[-81.2462240884193,41.5527712054434],[-81.2462292088976,41.5525830235579],[-81.2462426639459,41.5520885137873],[-81.2462429084455,41.5520885164277]]]},"properties":{"source_county":"Geauga","jurisdiction":"Munson Township","parcel_id":"21-172060","owner_name":"WILSON SUSAN COX TOD","property_address":"11005 WILSON MILLS RD","property_city":"CHARDON","property_zip":"44024"}},{"type":"Feature","geometry":{"type":"Polygon","coordinates":[[[-81.2473217188622,41.5527138862086],[-81.2478697385704,41.552716424744],[-81.2478324431466,41.5540883366003],[-81.2476840422433,41.5540876499623],[-81.247284413162,41.5540857979029],[-81.2473217188622,41.5527138862086]]]},"properties":{"source_county":"Geauga","jurisdiction":"Munson Township","parcel_id":"21-172070","owner_name":"WILSON SUSAN COX TOD","property_address":" WILSON MILLS RD","property_city":"CHARDON","property_zip":"44024"}},{"type":"Feature","geometry":{"type":"Polygon","coordinates":[[[-81.2296715800619,41.5603422460036],[-81.2296962772603,41.5598433927653],[-81.2304454992325,41.5598631234355],[-81.2304379046622,41.5600258378049],[-81.2304366548673,41.5600866365477],[-81.2304385798413,41.560147425344],[-81.2304436766329,41.5602081107091],[-81.2304519374127,41.5602685993174],[-81.2296715800619,41.5603422460036]]]},"properties":{"source_county":"Geauga","jurisdiction":"Munson Township","parcel_id":"21-172500","owner_name":"ST JOHN KIMBERLY A & LA SPINA ANTHONY G","property_address":"11451 ORCHARD RD","property_city":"CHARDON","property_zip":"44024"}},{"type":"Feature","geometry":{"type":"Polygon","coordinates":[[[-81.229577068926,41.5600355594304],[-81.2295867255586,41.5598405066377],[-81.2296938902339,41.5598433297298],[-81.2296940160588,41.5598433329074],[-81.2296962772603,41.5598433927653],[-81.2296715800619,41.5603422460036],[-81.2296684847558,41.5603425381174],[-81.229668369456,41.5603425485623],[-81.2295613705761,41.5603526466419],[-81.229577068926,41.5600355594304]]]},"properties":{"source_county":"Geauga","jurisdiction":"Munson Township","parcel_id":"21-172600","owner_name":"ST JOHN KIMBERLY A & LA SPINA ANTHONY G","property_address":" ORCHARD RD","property_city":"CHARDON","property_zip":"44024"}},{"type":"Feature","geometry":{"type":"Polygon","coordinates":[[[-81.2289772688298,41.557217772418],[-81.228971595078,41.556751699269],[-81.2290764792012,41.5567634840534],[-81.2291664675571,41.5567697253758],[-81.2292568304591,41.5567706440513],[-81.2292622492152,41.5572156058937],[-81.2289772688298,41.557217772418]]]},"properties":{"source_county":"Geauga","jurisdiction":"Munson Township","parcel_id":"21-173300","owner_name":"FLITER JOSEPH P & BROWN FILTER KELLI M","property_address":" PARKSIDE RD","property_city":"CHARDON","property_zip":"44024"}},{"type":"Feature","geometry":{"type":"Polygon","coordinates":[[[-81.2286886349273,41.5572199657754],[-81.2286826707737,41.5567299218596],[-81.2288274209921,41.5567386542569],[-81.228971595078,41.556751699269],[-81.2289772688298,41.557217772418],[-81.2287962663757,41.5572191478563],[-81.2286886349273,41.5572199657754]]]},"properties":{"source_county":"Geauga","jurisdiction":"Munson Township","parcel_id":"21-173400","owner_name":"FLITER JOSEPH P & BROWN FILTER KELLI M","property_address":"11464 PARKSIDE RD","property_city":"CHARDON","property_zip":"44024"}},{"type":"Feature","geometry":{"type":"Polygon","coordinates":[[[-81.2331715852119,41.5542822381072],[-81.2334002915621,41.553748617004],[-81.2335164857409,41.5537816189004],[-81.2336873584063,41.5538301508745],[-81.2337078629688,41.553835973792],[-81.2334958207521,41.5543187120298],[-81.2334054651369,41.5543144071088],[-81.2333461713881,41.554310150303],[-81.2332872987132,41.5543033536665],[-81.233229039771,41.554294039441],[-81.2331715852119,41.5542822381072]]]},"properties":{"source_county":"Geauga","jurisdiction":"Munson Township","parcel_id":"21-173910","owner_name":"KRIVOBORODOV KONSTANTIN AKA KONSTANTIN A & GLINSKI CANDACE AKA CANDACE A","property_address":"11662 BASSWOOD RD","property_city":"CHARDON","property_zip":"44024"}},{"type":"Feature","geometry":{"type":"Polygon","coordinates":[[[-81.229929674309,41.5542850887589],[-81.2299595439178,41.5542552309326],[-81.2300487704454,41.5543030461919],[-81.2299253134638,41.5544264745367],[-81.2299252890037,41.5544264994829],[-81.2297886099832,41.5545631454788],[-81.2297004966147,41.5545141751639],[-81.2297092755345,41.5545053995444],[-81.229929647417,41.5542851154796],[-81.229929674309,41.5542850887589]]]},"properties":{"source_county":"Geauga","jurisdiction":"Munson Township","parcel_id":"21-174000","owner_name":"MULHALL ANGELA & DAVID","property_address":" MAPLEWOOD RD","property_city":"CHARDON","property_zip":"44024"}},{"type":"Feature","geometry":{"type":"Polygon","coordinates":[[[-81.2294597683677,41.5543666298128],[-81.2297155963134,41.5541109475894],[-81.2298219438402,41.5541764336066],[-81.2299310742941,41.5542392833054],[-81.2299595439178,41.5542552309326],[-81.229929674309,41.5542850887589],[-81.229929647417,41.5542851154796],[-81.2297092755345,41.5545053995444],[-81.2294597683677,41.5543666298128]]]},"properties":{"source_county":"Geauga","jurisdiction":"Munson Township","parcel_id":"21-174100","owner_name":"MULHALL ANGELA & DAVID","property_address":"11657 MAPLEWOOD RD","property_city":"CHARDON","property_zip":"44024"}},{"type":"Feature","geometry":{"type":"Polygon","coordinates":[[[-81.2292098102208,41.5542412737637],[-81.2294856729211,41.5539542075591],[-81.2295988095362,41.5540340881001],[-81.2297155963134,41.5541109475894],[-81.2294597683677,41.5543666298128],[-81.2294509882345,41.5543754054007],[-81.2293303991042,41.5543083396456],[-81.2292098102208,41.5542412737637]]]},"properties":{"source_county":"Geauga","jurisdiction":"Munson Township","parcel_id":"21-174200","owner_name":"MULHALL ANGELA & DAVID","property_address":" MAPLEWOOD RD","property_city":"CHARDON","property_zip":"44024"}},{"type":"Feature","geometry":{"type":"Polygon","coordinates":[[[-81.2418365942156,41.5506653814179],[-81.2434321526559,41.550649886132],[-81.2434326720791,41.5509542874107],[-81.2434328735399,41.5510725270959],[-81.2418364774903,41.5510880314335],[-81.2418365942156,41.5506653814179]]]},"properties":{"source_county":"Geauga","jurisdiction":"Munson Township","parcel_id":"21-174500","owner_name":"RAMIREZ MICHAEL & CUNNINGHAM KRISTA L","property_address":"11761 AUBURN RD","property_city":"CHARDON","property_zip":"44024"}},{"type":"Feature","geometry":{"type":"Polygon","coordinates":[[[-81.2439761242191,41.5540725675843],[-81.244527576429,41.5540745663824],[-81.244468014565,41.5548636766228],[-81.2433826481049,41.5548542809546],[-81.2434379806936,41.5540679078757],[-81.2439761242191,41.5540725675843]]]},"properties":{"source_county":"Geauga","jurisdiction":"Munson Township","parcel_id":"21-174700","owner_name":"HERNANDEZ HECTOR & LUJAN FLOR","property_address":"11066 WILSON MILLS RD","property_city":"CHARDON","property_zip":"44024"}},{"type":"Feature","geometry":{"type":"Polygon","coordinates":[[[-81.2380044456716,41.5570847005184],[-81.2383473939322,41.5568853890965],[-81.2389851546174,41.5575091611769],[-81.2393229525134,41.5578395442623],[-81.2388881184388,41.5580906068608],[-81.2382971024143,41.5575125579182],[-81.2379136214683,41.5571374843915],[-81.2380044456716,41.5570847005184]]]},"properties":{"source_county":"Geauga","jurisdiction":"Munson Township","parcel_id":"21-174900","owner_name":"TRUELSCH ADAM H & RACHEL E","property_address":"11222 WILSON MILLS RD","property_city":"CHARDON","property_zip":"44024"}},{"type":"Feature","geometry":{"type":"Polygon","coordinates":[[[-81.2290148158374,41.5540742973818],[-81.2292830940592,41.5537959950722],[-81.2293826493753,41.5538763541027],[-81.2294856729211,41.5539542075591],[-81.2292098102208,41.5542412737637],[-81.2290148158374,41.5540742973818]]]},"properties":{"source_county":"Geauga","jurisdiction":"Munson Township","parcel_id":"21-175700","owner_name":"ZIERNICKI KENNETH V TOD & ISOBEL AKA ISABELLA TOD","property_address":"11677 MAPLEWOOD RD","property_city":"CHARDON","property_zip":"44024"}},{"type":"Feature","geometry":{"type":"Polygon","coordinates":[[[-81.2288217401815,41.5539102430553],[-81.229094813731,41.5536281125357],[-81.229187114553,41.5537132176924],[-81.2292830940592,41.5537959950722],[-81.2290148158374,41.5540742973818],[-81.228918277298,41.553992269803],[-81.2288217401815,41.5539102430553]]]},"properties":{"source_county":"Geauga","jurisdiction":"Munson Township","parcel_id":"21-175800","owner_name":"ZIERNICKI KENNETH V TOD & ISOBEL AKA ISABELLA TOD","property_address":" MAPLEWOOD RD","property_city":"CHARDON","property_zip":"44024"}},{"type":"Feature","geometry":{"type":"Polygon","coordinates":[[[-81.2287297606944,41.5538213845457],[-81.2290026942179,41.553539367064],[-81.229094813731,41.5536281125357],[-81.2288217401815,41.5539102430553],[-81.2287297606944,41.5538213845457]]]},"properties":{"source_county":"Geauga","jurisdiction":"Munson Township","parcel_id":"21-175900","owner_name":"ZIERNICKI KENNETH V TOD & ISOBEL AKA ISABELLA TOD","property_address":" MAPLEWOOD RD","property_city":"CHARDON","property_zip":"44024"}},{"type":"Feature","geometry":{"type":"Polygon","coordinates":[[[-81.2304040981301,41.563498524045],[-81.232855614948,41.5626416456134],[-81.2328242508651,41.5632782435983],[-81.2309622530297,41.5638393634419],[-81.2308979415473,41.563783681322],[-81.2308284699317,41.5637316130911],[-81.2307541972169,41.5636834278328],[-81.230675507246,41.5636393745632],[-81.2304040981301,41.563498524045]]]},"properties":{"source_county":"Geauga","jurisdiction":"Munson Township","parcel_id":"21-176112","owner_name":"TOTH MICHAEL W & BETH A","property_address":"11445 WOODIEBROOK RD","property_city":"CHARDON","property_zip":"44024"}},{"type":"Feature","geometry":{"type":"Polygon","coordinates":[[[-81.2309622530297,41.5638393634419],[-81.2328242508651,41.5632782435983],[-81.2327862682033,41.5640491702567],[-81.231531319788,41.5642646475816],[-81.2312518268115,41.5643424465066],[-81.2312360880565,41.5642741218535],[-81.2312142368362,41.5642067522986],[-81.2311863730935,41.5641406459182],[-81.2311526242647,41.5640761050111],[-81.231113144697,41.5640134247163],[-81.2310681149422,41.5639528916641],[-81.2310177409307,41.5638947826645],[-81.2309622530297,41.5638393634419]]]},"properties":{"source_county":"Geauga","jurisdiction":"Munson Township","parcel_id":"21-176113","owner_name":"PRUNTY JEREMY J & LEESA M","property_address":"11435 WOODIEBROOK RD","property_city":"CHARDON","property_zip":"44024"}},{"type":"Feature","geometry":{"type":"Polygon","coordinates":[[[-81.231531319788,41.5642646475816],[-81.2327862682033,41.5640491702567],[-81.2327427445747,41.5649325418059],[-81.231245535324,41.5648909229093],[-81.231263772186,41.564520971587],[-81.2312646800077,41.5644762359735],[-81.2312629887457,41.5644315131981],[-81.231258701625,41.5643868883937],[-81.2312518268115,41.5643424465066],[-81.231531319788,41.5642646475816]]]},"properties":{"source_county":"Geauga","jurisdiction":"Munson Township","parcel_id":"21-176114","owner_name":"PROBST JONATHAN H TOD & MARILYN TOD","property_address":"11425 WOODIEBROOK RD","property_city":"CHARDON","property_zip":"44024"}},{"type":"Feature","geometry":{"type":"Polygon","coordinates":[[[-81.2312096128344,41.5656196689536],[-81.231245535324,41.5648909229093],[-81.2327427445747,41.5649325418059],[-81.2327068387199,41.5656612883032],[-81.2312096128344,41.5656196689536]]]},"properties":{"source_county":"Geauga","jurisdiction":"Munson Township","parcel_id":"21-176115","owner_name":"ZNIDARSIC MARKO A & DEBORAH A","property_address":"11415 WOODIEBROOK RD","property_city":"CHARDON","property_zip":"44024"}},{"type":"Feature","geometry":{"type":"Polygon","coordinates":[[[-81.2311736895454,41.5663484148134],[-81.2312096128344,41.5656196689536],[-81.2327068387199,41.5656612883032],[-81.2326709308675,41.5663900346031],[-81.2311736895454,41.5663484148134]]]},"properties":{"source_county":"Geauga","jurisdiction":"Munson Township","parcel_id":"21-176116","owner_name":"KOSTELAC JOSEPH M & NYCOLE R","property_address":"11405 WOODIEBROOK RD","property_city":"CHARDON","property_zip":"44024"}},{"type":"Feature","geometry":{"type":"Polygon","coordinates":[[[-81.2311377642582,41.5670771604757],[-81.2311736895454,41.5663484148134],[-81.2326709308675,41.5663900346031],[-81.2326350234149,41.5671187807317],[-81.2311377642582,41.5670771604757]]]},"properties":{"source_county":"Geauga","jurisdiction":"Munson Township","parcel_id":"21-176117","owner_name":"REEL DANIEL & NICOLE","property_address":"11399 WOODIEBROOK RD","property_city":"CHARDON","property_zip":"44024"}},{"type":"Feature","geometry":{"type":"Polygon","coordinates":[[[-81.2311301947921,41.567230702375],[-81.2311377642582,41.5670771604757],[-81.2326350234149,41.5671187807317],[-81.2326076223797,41.5676659230983],[-81.2325349039782,41.5676664828562],[-81.2325082969687,41.5682064325598],[-81.231100252403,41.5675143791286],[-81.2311212585887,41.5674869501417],[-81.2311379211177,41.5674578876177],[-81.231150018495,41.5674275778947],[-81.2311573899125,41.5673964238899],[-81.2311599373866,41.5673648397434],[-81.2311576270596,41.5673332453126],[-81.2311504896506,41.5673020605908],[-81.2311386200457,41.5672717001248],[-81.2311318055867,41.5672515028157],[-81.2311301947921,41.567230702375]]]},"properties":{"source_county":"Geauga","jurisdiction":"Munson Township","parcel_id":"21-176118","owner_name":"ZULLO SHEILA S & CLAUDIO","property_address":"11389 WOODIEBROOK RD","property_city":"CHARDON","property_zip":"44024"}},{"type":"Feature","geometry":{"type":"Polygon","coordinates":[[[-81.2307388454569,41.5684929627063],[-81.2307809832684,41.5676383184252],[-81.2308279002834,41.567637358029],[-81.2308742664252,41.567631889545],[-81.2309193168523,41.5676220031798],[-81.2309623084276,41.5676078620155],[-81.2310025319774,41.5675896993204],[-81.2310393239898,41.5675678147002],[-81.2310720775604,41.5675425691558],[-81.231100252403,41.5675143791286],[-81.2325082969687,41.5682064325598],[-81.2324947827915,41.5684806860057],[-81.23176393222,41.568485798743],[-81.2310330815345,41.568490906881],[-81.2307388454569,41.5684929627063]]]},"properties":{"source_county":"Geauga","jurisdiction":"Munson Township","parcel_id":"21-176119","owner_name":"MAYSUN INVESTMENTS LLC","property_address":"11379 WOODIEBROOK RD","property_city":"CHARDON","property_zip":"44024"}},{"type":"Feature","geometry":{"type":"Polygon","coordinates":[[[-81.229360001876,41.5681476296469],[-81.2304994163794,41.5675259507537],[-81.2305255703722,41.5675498789108],[-81.2305551463323,41.5675714427598],[-81.2305877679306,41.5675903679166],[-81.2306230200832,41.5676064135726],[-81.2306604542337,41.5676193755581],[-81.2306995940601,41.5676290889413],[-81.2307399415361,41.567635430126],[-81.2307809832684,41.5676383184252],[-81.2307388454569,41.5684929627063],[-81.2303022307176,41.5684960113198],[-81.2293468339359,41.5685026759759],[-81.229346578499,41.5685026776833],[-81.2292477202639,41.5685033671945],[-81.2287909569334,41.5685065507388],[-81.2287927763805,41.5684571067052],[-81.2293572036055,41.5681491559766],[-81.229360001876,41.5681476296469]]]},"properties":{"source_county":"Geauga","jurisdiction":"Munson Township","parcel_id":"21-176120","owner_name":"FABE GUY C & DONNA MARIE","property_address":"11380 WOODIEBROOK RD","property_city":"CHARDON","property_zip":"44024"}},{"type":"Feature","geometry":{"type":"Polygon","coordinates":[[[-81.2293793575744,41.567412074751],[-81.2293854214786,41.567247473736],[-81.2304511642674,41.567270084595],[-81.2304384414328,41.5673023102635],[-81.2304310595919,41.5673354622693],[-81.2304291294808,41.5673690433298],[-81.2304326800599,41.5674025497256],[-81.2304416580784,41.5674354788571],[-81.2304559288728,41.5674673367823],[-81.2304752783863,41.5674976456272],[-81.2304994163794,41.5675259507537],[-81.229360001876,41.5681476296469],[-81.2293572036055,41.5681491559766],[-81.2287927763805,41.5684571067052],[-81.2288310583364,41.5674169357137],[-81.2293793575744,41.567412074751]]]},"properties":{"source_county":"Geauga","jurisdiction":"Munson Township","parcel_id":"21-176121","owner_name":"O REILLY JILLIAN & PETROSEWITZ KIMBERLY TRUSTEES","property_address":"11390 WOODIEBROOK RD","property_city":"CHARDON","property_zip":"44024"}},{"type":"Feature","geometry":{"type":"Polygon","coordinates":[[[-81.229397225683,41.5669270362195],[-81.2294136675674,41.5664807040254],[-81.2309456595216,41.5665233115846],[-81.2309229398514,41.5669841443074],[-81.2309193733854,41.5670045108146],[-81.2309108169649,41.5670240217461],[-81.2308975701949,41.5670419939119],[-81.230880096918,41.567057798003],[-81.230859008972,41.5670708806263],[-81.2308350447668,41.5670807836831],[-81.2308090434283,41.5670871604094],[-81.2307819154151,41.5670897875188],[-81.2307280712043,41.5670941975811],[-81.2306756863867,41.5671045361721],[-81.230625911757,41.5671205761727],[-81.230579840771,41.5671419652147],[-81.2305384855252,41.5671682334212],[-81.2305027545234,41.5671988037287],[-81.2304734327183,41.5672330045635],[-81.2304511642674,41.567270084595],[-81.2293854214786,41.567247473736],[-81.229397225683,41.5669270362195]]]},"properties":{"source_county":"Geauga","jurisdiction":"Munson Township","parcel_id":"21-176122","owner_name":"BUCCI FRANK J JR & SUSAN M","property_address":"11400 WOODIEBROOK RD","property_city":"CHARDON","property_zip":"44024"}},{"type":"Feature","geometry":{"type":"Polygon","coordinates":[[[-81.2294360328567,41.5658735890242],[-81.2294398429334,41.5657701453495],[-81.2309806767192,41.5658129997647],[-81.2309456595216,41.5665233115846],[-81.2294136675674,41.5664807040254],[-81.2294154355741,41.5664327100834],[-81.2294360328567,41.5658735890242]]]},"properties":{"source_county":"Geauga","jurisdiction":"Munson Township","parcel_id":"21-176123","owner_name":"DAVIS DANIEL J TOD & MICHELLE TOD","property_address":"11410 WOODIEBROOK RD","property_city":"CHARDON","property_zip":"44024"}},{"type":"Feature","geometry":{"type":"Polygon","coordinates":[[[-81.2294472192866,41.5655698901429],[-81.2294668540245,41.5650368726498],[-81.2310168129503,41.5650799806113],[-81.2309806767192,41.5658129997647],[-81.2294398429334,41.5657701453495],[-81.2294472192866,41.5655698901429]]]},"properties":{"source_county":"Geauga","jurisdiction":"Munson Township","parcel_id":"21-176124","owner_name":"O BRIEN THOMAS A & ERIN","property_address":"11420 WOODIEBROOK RD","property_city":"CHARDON","property_zip":"44024"}},{"type":"Feature","geometry":{"type":"Polygon","coordinates":[[[-81.2310168129503,41.5650799806113],[-81.2294668540245,41.5650368726498],[-81.2288155384613,41.5650437119113],[-81.2288312136386,41.5646180977129],[-81.2294835901346,41.5645824317711],[-81.2310453034916,41.5644970373856],[-81.2310168129503,41.5650799806113]]]},"properties":{"source_county":"Geauga","jurisdiction":"Munson Township","parcel_id":"21-176125","owner_name":"POKORNY TIMOTHY A & CYNTHIA E","property_address":"11430 WOODIEBROOK RD","property_city":"CHARDON","property_zip":"44024"}},{"type":"Feature","geometry":{"type":"Polygon","coordinates":[[[-81.2299216789698,41.5638464888241],[-81.2305508700509,41.5637748444603],[-81.2306075057449,41.5638062047357],[-81.2306614721703,41.5638401163067],[-81.2307125658819,41.5638764513345],[-81.2307605942631,41.563915072844],[-81.2308053762518,41.5639558352407],[-81.2308467430233,41.563998584859],[-81.2308845386265,41.5640431605414],[-81.230918620572,41.5640893942463],[-81.2309488603694,41.5641371116815],[-81.2309751440116,41.5641861329609],[-81.230997372405,41.5642362732826],[-81.2310154617427,41.564287343626],[-81.2310293438211,41.5643391514637],[-81.2310389662967,41.5643915014878],[-81.2310442928838,41.5644441963461],[-81.2310453034916,41.5644970373856],[-81.2294835901346,41.5645824317711],[-81.2288312136386,41.5646180977129],[-81.2288527093499,41.5640227963429],[-81.2295069435888,41.5639482899387],[-81.2298390193544,41.5639104705124],[-81.2299216789698,41.5638464888241]]]},"properties":{"source_county":"Geauga","jurisdiction":"Munson Township","parcel_id":"21-176126","owner_name":"CUVALO STIPE & LIDIJA","property_address":"11440 WOODIEBROOK RD","property_city":"CHARDON","property_zip":"44024"}},{"type":"Feature","geometry":{"type":"Polygon","coordinates":[[[-81.2288551699809,41.563967921186],[-81.2288978845512,41.5624611728978],[-81.2295387721158,41.5630840236008],[-81.2298040629788,41.5633418435177],[-81.2298563702854,41.5633887785816],[-81.2299133255519,41.563432555758],[-81.2299745919087,41.5634729161143],[-81.2300398069851,41.5635096209271],[-81.2305508700509,41.5637748444603],[-81.2299216789698,41.5638464888241],[-81.2295089623343,41.5638934819772],[-81.2288551699809,41.563967921186]]]},"properties":{"source_county":"Geauga","jurisdiction":"Munson Township","parcel_id":"21-176127","owner_name":"O REILLY JILLIAN","property_address":"11460 WOODIEBROOK RD","property_city":"CHARDON","property_zip":"44024"}},{"type":"Feature","geometry":{"type":"Polygon","coordinates":[[[-81.2460352160037,41.5565085977618],[-81.2471080868543,41.5565139649776],[-81.2471132026276,41.5567892418609],[-81.2471198530314,41.5571471292355],[-81.2459850405133,41.5571167232484],[-81.2432286452195,41.557042823428],[-81.2432426124986,41.5568443396188],[-81.2432672158264,41.5564947044822],[-81.2452022325532,41.5565044231056],[-81.2460352160037,41.5565085977618]]]},"properties":{"source_county":"Geauga","jurisdiction":"Munson Township","parcel_id":"21-176352","owner_name":"CUKELJ RICHARD & CHRISTINA","property_address":"11560 AUBURN RD","property_city":"CHARDON","property_zip":"44024"}},{"type":"Feature","geometry":{"type":"Polygon","coordinates":[[[-81.2339151685816,41.5561978076193],[-81.2352443042245,41.555422328038],[-81.2352667176309,41.5554440021397],[-81.2339365681426,41.5562200733486],[-81.2339151685816,41.5561978076193]]]},"properties":{"source_county":"Geauga","jurisdiction":"Munson Township","parcel_id":"21-176481","owner_name":"FLUHR SUSAN E & WILLIAM J","property_address":" BASSWOOD RD","property_city":"CHARDON","property_zip":"44024"}},{"type":"Feature","geometry":{"type":"Polygon","coordinates":[[[-81.2340468818414,41.5529762995872],[-81.2340757942661,41.552668054133],[-81.2344402439741,41.5526873422323],[-81.2344106661095,41.5530026935074],[-81.2342075610633,41.5529879569933],[-81.2340468818414,41.5529762995872]]]},"properties":{"source_county":"Geauga","jurisdiction":"Munson Township","parcel_id":"21-176483","owner_name":"ENGDAHL JONATHAN R & JANICE E TRUSTEES","property_address":" BROOKSIDE RD","property_city":"CHARDON","property_zip":"44024"}},{"type":"Feature","geometry":{"type":"Polygon","coordinates":[[[-81.2349140920778,41.5531699441775],[-81.2351732515755,41.5527222884333],[-81.235380428309,41.552724913647],[-81.2354422945418,41.5527292790323],[-81.2355031052509,41.5527388770383],[-81.2355620786717,41.5527535842759],[-81.2356184566583,41.5527732116732],[-81.2350805788274,41.5532494618558],[-81.2349524142074,41.5531882473716],[-81.2349140920778,41.5531699441775]]]},"properties":{"source_county":"Geauga","jurisdiction":"Munson Township","parcel_id":"21-176484","owner_name":"ENGDAHL JONATHAN R & JANICE E TRUSTEES","property_address":" BROOKSIDE RD","property_city":"CHARDON","property_zip":"44024"}},{"type":"Feature","geometry":{"type":"Polygon","coordinates":[[[-81.2347537718134,41.5530933705363],[-81.2347901147402,41.5527058579709],[-81.2349815484663,41.5527158452778],[-81.2351732515755,41.5527222884333],[-81.2349140920778,41.5531699441775],[-81.2347537718134,41.5530933705363]]]},"properties":{"source_county":"Geauga","jurisdiction":"Munson Township","parcel_id":"21-176485","owner_name":"ENGDAHL JONATHAN R & JANICE E TRUSTEES","property_address":" BROOKSIDE RD","property_city":"CHARDON","property_zip":"44024"}},{"type":"Feature","geometry":{"type":"Polygon","coordinates":[[[-81.2345523890842,41.5530806822133],[-81.2342075610633,41.5529879569933],[-81.2344106661095,41.5530026935074],[-81.2345913720245,41.5530158032691],[-81.2347537718134,41.5530933705363],[-81.2349140920778,41.5531699441775],[-81.2349524142074,41.5531882473716],[-81.2345523890842,41.5530806822133]]]},"properties":{"source_county":"Geauga","jurisdiction":"Munson Township","parcel_id":"21-176486","owner_name":"ENGDAHL JONATHAN R & JANICE E TRUSTEES","property_address":" BROOKSIDE RD","property_city":"CHARDON","property_zip":"44024"}},{"type":"Feature","geometry":{"type":"Polygon","coordinates":[[[-81.2293468339359,41.5685026759759],[-81.2303022307176,41.5684960113198],[-81.2302247638779,41.5700684052889],[-81.230205691902,41.5700685380358],[-81.2300196876002,41.5700698358576],[-81.2295798267098,41.5700729031],[-81.2291899285576,41.570075620349],[-81.2292477202639,41.5685033671945],[-81.229346578499,41.5685026776833],[-81.2293468339359,41.5685026759759]]]},"properties":{"source_county":"Geauga","jurisdiction":"Munson Township","parcel_id":"21-176546","owner_name":"MCCASKEY JAMES J TOD & RONDA L TOD","property_address":"11443 THWING RD","property_city":"CHARDON","property_zip":"44024"}},{"type":"Feature","geometry":{"type":"Polygon","coordinates":[[[-81.23176393222,41.568485798743],[-81.2324947827915,41.5684806860057],[-81.2324173673394,41.5700530850329],[-81.2316864992332,41.57005819638],[-81.23176393222,41.568485798743]]]},"properties":{"source_county":"Geauga","jurisdiction":"Munson Township","parcel_id":"21-176547","owner_name":"JERNEJCIC JOEL C & MCCAFFREY CAROL A","property_address":"11385 THWING RD","property_city":"CHARDON","property_zip":"44024"}},{"type":"Feature","geometry":{"type":"Polygon","coordinates":[[[-81.2277955681896,41.5674261091093],[-81.2288310583364,41.5674169357137],[-81.2287927763805,41.5684571067052],[-81.2287909569334,41.5685065507388],[-81.2285034231037,41.5685086247432],[-81.2277525555588,41.5685137803257],[-81.2277598520813,41.568329274056],[-81.2277630738416,41.5682478032244],[-81.2277663003177,41.568166212677],[-81.2277955681896,41.5674261091093]]]},"properties":{"source_county":"Geauga","jurisdiction":"Munson Township","parcel_id":"21-176549","owner_name":"PETERSEN LORRETTA","property_address":"11490 WINCHESTER DR","property_city":"CHARDON","property_zip":"44024"}},{"type":"Feature","geometry":{"type":"Polygon","coordinates":[[[-81.2287909569334,41.5685065507388],[-81.2292477202639,41.5685033671945],[-81.2291899285576,41.570075620349],[-81.2284393020295,41.570080846237],[-81.2285034231037,41.5685086247432],[-81.2287909569334,41.5685065507388]]]},"properties":{"source_county":"Geauga","jurisdiction":"Munson Township","parcel_id":"21-176551","owner_name":"WALTON MARK H L TRUSTEE","property_address":"11477 THWING RD","property_city":"CHARDON","property_zip":"44024"}},{"type":"Feature","geometry":{"type":"Polygon","coordinates":[[[-81.2310330815345,41.568490906881],[-81.23176393222,41.568485798743],[-81.2316864992332,41.57005819638],[-81.2309556310131,41.5700633031276],[-81.2310330815345,41.568490906881]]]},"properties":{"source_county":"Geauga","jurisdiction":"Munson Township","parcel_id":"21-176552","owner_name":"CHRISTANI JOHN B & VALERIE J","property_address":"11405 THWING RD","property_city":"CHARDON","property_zip":"44024"}},{"type":"Feature","geometry":{"type":"Polygon","coordinates":[[[-81.2307388454569,41.5684929627063],[-81.2310330815345,41.568490906881],[-81.2309556310131,41.5700633031276],[-81.2302247638779,41.5700684052889],[-81.2303022307176,41.5684960113198],[-81.2307388454569,41.5684929627063]]]},"properties":{"source_county":"Geauga","jurisdiction":"Munson Township","parcel_id":"21-176555","owner_name":"FERRIS TIMOTHY PAUL TOD & PAMELA FILBY TOD","property_address":"11419 THWING RD","property_city":"CHARDON","property_zip":"44024"}},{"type":"Feature","geometry":{"type":"Polygon","coordinates":[[[-81.2303425133044,41.5534225854631],[-81.2305676530613,41.5531698822722],[-81.2307543908479,41.5533783992911],[-81.2305770626369,41.5535529304732],[-81.2305151219603,41.553523822582],[-81.2304552768956,41.5534923381267],[-81.230397688891,41.5534585620465],[-81.2303425133044,41.5534225854631]]]},"properties":{"source_county":"Geauga","jurisdiction":"Munson Township","parcel_id":"21-176556","owner_name":"MAYO DEBRA F TOD","property_address":"11678 OVERLOOK RD","property_city":"CHARDON","property_zip":"44024"}},{"type":"Feature","geometry":{"type":"Polygon","coordinates":[[[-81.2307543908479,41.5533783992911],[-81.2309573029416,41.5532737908584],[-81.230973447274,41.5533234289359],[-81.2309870433865,41.5533734958945],[-81.2309980712364,41.5534239179503],[-81.2310065145661,41.5534746207958],[-81.2310123609264,41.5535255297096],[-81.2310156016955,41.5535765696665],[-81.2310162320913,41.5536276654481],[-81.2310142511786,41.5536787417532],[-81.2309568715321,41.5536691233949],[-81.2309000770877,41.5536577123531],[-81.2308439670634,41.5536445285624],[-81.2307886394812,41.5536295950545],[-81.2307341909958,41.5536129379176],[-81.2306807167264,41.5535945862513],[-81.2306283100896,41.5535745721152],[-81.2305770626369,41.5535529304732],[-81.2307543908479,41.5533783992911]]]},"properties":{"source_county":"Geauga","jurisdiction":"Munson Township","parcel_id":"21-176557","owner_name":"MAYO DEBRA F TOD","property_address":" OVERLOOK RD","property_city":"CHARDON","property_zip":"44024"}},{"type":"Feature","geometry":{"type":"Polygon","coordinates":[[[-81.2305676530613,41.5531698822722],[-81.230826287686,41.5530147604376],[-81.230865743918,41.553077504367],[-81.2309007933491,41.5531417076633],[-81.2309313407036,41.5532071958251],[-81.2309573029416,41.5532737908584],[-81.2307543908479,41.5533783992911],[-81.2305676530613,41.5531698822722]]]},"properties":{"source_county":"Geauga","jurisdiction":"Munson Township","parcel_id":"21-176558","owner_name":"MAYO DEBRA F TOD","property_address":" BASSWOOD RD","property_city":"CHARDON","property_zip":"44024"}},{"type":"Feature","geometry":{"type":"Polygon","coordinates":[[[-81.2413464863937,41.5539050763904],[-81.2418358519394,41.5529433078058],[-81.2418354826715,41.5537969883769],[-81.2416430742065,41.553852776877],[-81.2413464863937,41.5539050763904]]]},"properties":{"source_county":"Geauga","jurisdiction":"Munson Township","parcel_id":"21-176559","owner_name":"SKEDEL MATT & JESSICA","property_address":" AUBURN RD","property_city":"CHARDON","property_zip":"44024"}},{"type":"Feature","geometry":{"type":"Polygon","coordinates":[[[-81.2277525555588,41.5685137803257],[-81.2285034231037,41.5685086247432],[-81.2284393020295,41.570080846237],[-81.2276904059211,41.5700860556166],[-81.2277308367896,41.569063000196],[-81.2277525555588,41.5685137803257]]]},"properties":{"source_county":"Geauga","jurisdiction":"Munson Township","parcel_id":"21-176591","owner_name":"SAN FILIPPO CHARLES P & ROBIN M","property_address":"11489 THWING RD","property_city":"CHARDON","property_zip":"44024"}},{"type":"Feature","geometry":{"type":"Polygon","coordinates":[[[-81.2298265791781,41.5572113145053],[-81.2298549220868,41.5567085690802],[-81.2298991576261,41.5567132085759],[-81.2299428886823,41.5567200322391],[-81.22998592432,41.5567290102767],[-81.2300280766398,41.5567401034897],[-81.2300691615989,41.5567532634435],[-81.230108999814,41.55676843268],[-81.2301474173454,41.5567855449683],[-81.2301842464557,41.5568045255938],[-81.2302193263422,41.5568252916843],[-81.2302525038395,41.5568477525719],[-81.2302836340876,41.5568718101893],[-81.2303125811647,41.5568973594969],[-81.2303392186806,41.5569242889425],[-81.2303634303288,41.5569524809477],[-81.2303851103938,41.5569818124212],[-81.2304041642131,41.5570121552969],[-81.2304329814329,41.5570690645804],[-81.2304580701529,41.5571269615643],[-81.2298278208243,41.5572111488904],[-81.2298265791781,41.5572113145053]]]},"properties":{"source_county":"Geauga","jurisdiction":"Munson Township","parcel_id":"21-176603","owner_name":"FIGLER CHARLES G TOD","property_address":" ORCHARD RD","property_city":"CHARDON","property_zip":"44024"}},{"type":"Feature","geometry":{"type":"Polygon","coordinates":[[[-81.2295651234589,41.5623684548257],[-81.2295655314677,41.5623573715279],[-81.230333360422,41.5623690477588],[-81.2307127789982,41.5623748159129],[-81.2310482385049,41.562379914228],[-81.2319002202677,41.5623928590168],[-81.2320045260375,41.5623944438468],[-81.2298659061178,41.5631328863614],[-81.2295483152291,41.562824879927],[-81.2290825370458,41.5623731520979],[-81.2295651234589,41.5623684548257]]]},"properties":{"source_county":"Geauga","jurisdiction":"Munson Township","parcel_id":"21-176610","owner_name":"DIFRANCO DOMINIC J & JO ELLEN","property_address":"11465 WOODIEBROOK RD","property_city":"CHARDON","property_zip":"44024"}},{"type":"Feature","geometry":{"type":"Polygon","coordinates":[[[-81.2298659061178,41.5631328863614],[-81.2320045260375,41.5623944438468],[-81.2328671482858,41.5624075427574],[-81.232855614948,41.5626416456134],[-81.2304040981301,41.563498524045],[-81.2301644447325,41.5633741515668],[-81.2301127224383,41.5633450408692],[-81.23006413183,41.5633130309791],[-81.2300189602984,41.5632783112231],[-81.2299774750106,41.5632410869557],[-81.2298659061178,41.5631328863614]]]},"properties":{"source_county":"Geauga","jurisdiction":"Munson Township","parcel_id":"21-176611","owner_name":"PETERS PHILIP D JR & CATHERINE A","property_address":"11455 WOODIEBROOK RD","property_city":"CHARDON","property_zip":"44024"}},{"type":"Feature","geometry":{"type":"Polygon","coordinates":[[[-81.2254021102773,41.5605039552094],[-81.2253971049478,41.5604696878144],[-81.226401708293,41.5604864016562],[-81.2265524737936,41.5611630974099],[-81.2266427552039,41.5615683017456],[-81.2264629132408,41.5615697359306],[-81.2259129644706,41.5614423360891],[-81.2253630178572,41.5613149327375],[-81.225325414539,41.5613062209918],[-81.2253652675422,41.561111832416],[-81.2253998156709,41.5609168719945],[-81.2254111908163,41.560813818338],[-81.2254153692858,41.5607104587693],[-81.22541233966,41.5606070766018],[-81.2254021102773,41.5605039552094]]]},"properties":{"source_county":"Geauga","jurisdiction":"Munson Township","parcel_id":"21-176652","owner_name":"JMKDNK","property_address":"11430 LINDEN WAY","property_city":"CHARDON","property_zip":"44024"}},{"type":"Feature","geometry":{"type":"Polygon","coordinates":[[[-81.2259950674793,41.5594545341711],[-81.2260804617207,41.5594583383165],[-81.2261656386833,41.5594642864194],[-81.2262505029815,41.5594723718187],[-81.2263349595795,41.5594825854601],[-81.226401708293,41.5604864016562],[-81.2253971049478,41.5604696878144],[-81.2253850697054,41.5604031383396],[-81.2253700290193,41.5603369346606],[-81.2253520002888,41.5602711533229],[-81.2253310043679,41.5602058703831],[-81.2251384086665,41.5596487005861],[-81.2251339995953,41.5596279195441],[-81.225134950832,41.5596068884246],[-81.2251412274173,41.5595863800354],[-81.2251525987079,41.559567147975],[-81.2251686468517,41.5595498989418],[-81.2251887821434,41.5595352667655],[-81.2252122646934,41.559523789117],[-81.2252382316159,41.5595158877514],[-81.2252838861239,41.5595069022797],[-81.2253713305863,41.5594921856702],[-81.2254594080729,41.5594797802004],[-81.2255480103446,41.5594697011157],[-81.2256370285172,41.5594619608022],[-81.2257263531959,41.5594565687722],[-81.2258158746091,41.5594535316519],[-81.2259054827435,41.5594528531736],[-81.2259950674793,41.5594545341711]]]},"properties":{"source_county":"Geauga","jurisdiction":"Munson Township","parcel_id":"21-176653","owner_name":"MEZZOPERA CATHI A TRUSTEE","property_address":"11550 GATE POST LN","property_city":"CHARDON","property_zip":"44024"}},{"type":"Feature","geometry":{"type":"Polygon","coordinates":[[[-81.226401708293,41.5604864016562],[-81.2263349595795,41.5594825854601],[-81.2264201315192,41.5594951108105],[-81.2265046882832,41.5595098005808],[-81.2265885324039,41.5595266378384],[-81.2266715672348,41.5595456031753],[-81.2267536970623,41.5595666747303],[-81.2268348272153,41.5595898282144],[-81.2269148641752,41.559615036939],[-81.2269937156828,41.5596422718461],[-81.2270712908452,41.5596715015422],[-81.2271475002405,41.5597026923346],[-81.2272222560206,41.5597358082696],[-81.2272954720126,41.5597708111747],[-81.227367063818,41.5598076607021],[-81.2274369489104,41.5598463143752],[-81.2275050467299,41.559886727638],[-81.2275712787768,41.5599288539058],[-81.2265524737936,41.5611630974099],[-81.226401708293,41.5604864016562]]]},"properties":{"source_county":"Geauga","jurisdiction":"Munson Township","parcel_id":"21-176654","owner_name":"MCNAUGHTON DEBBIE L","property_address":"11520 GATE POST LN","property_city":"CHARDON","property_zip":"44024"}},{"type":"Feature","geometry":{"type":"Polygon","coordinates":[[[-81.2265524737936,41.5611630974099],[-81.2275712787768,41.5599288539058],[-81.2276414549504,41.5599768062213],[-81.2277092137572,41.5600266813788],[-81.2277744618604,41.5600784106798],[-81.2278371093804,41.5601319228718],[-81.2278970700194,41.5601871442464],[-81.2279542611796,41.5602439987407],[-81.2280086040777,41.560302408042],[-81.2280600238526,41.560362291696],[-81.2280885246949,41.5603976763116],[-81.2271254239128,41.5615644512341],[-81.2270109865669,41.5615653641604],[-81.2266427552039,41.5615683017456],[-81.2265524737936,41.5611630974099]]]},"properties":{"source_county":"Geauga","jurisdiction":"Munson Township","parcel_id":"21-176655","owner_name":"HOFFMANN KRAIG B & EMILY A","property_address":"11500 GATE POST LN","property_city":"CHARDON","property_zip":"44024"}},{"type":"Feature","geometry":{"type":"Polygon","coordinates":[[[-81.2271254239128,41.5615644512341],[-81.2280885246949,41.5603976763116],[-81.2281165637341,41.5604270940577],[-81.2281510274067,41.5604523700832],[-81.2281908509716,41.5604727234909],[-81.2282348040912,41.5604875254659],[-81.2282815288428,41.5604963187036],[-81.2283295816726,41.5604988315381],[-81.2283774779944,41.5604949863357],[-81.228423738058,41.5604849018935],[-81.2288727127234,41.5613531762324],[-81.2285267365139,41.5615532588504],[-81.2281071318183,41.5615566119459],[-81.2275590586211,41.5615609897901],[-81.2271254239128,41.5615644512341]]]},"properties":{"source_county":"Geauga","jurisdiction":"Munson Township","parcel_id":"21-176656","owner_name":"SIELOFF RONALD F TOD & GLORIA M TOD","property_address":"11490 GATE POST LN","property_city":"CHARDON","property_zip":"44024"}},{"type":"Feature","geometry":{"type":"Polygon","coordinates":[[[-81.2295886103017,41.5618247747704],[-81.2290186303971,41.5612687891057],[-81.2288727127234,41.5613531762324],[-81.228423738058,41.5604849018935],[-81.2284686717871,41.5604680882629],[-81.2285087680807,41.560445400477],[-81.2285426814532,41.5604175998584],[-81.2285692739001,41.5603856192974],[-81.2285876530856,41.5603505319471],[-81.2285972022843,41.5603135152113],[-81.2285976010756,41.5602758112352],[-81.2285888360931,41.560238685223],[-81.229577068926,41.5600355594304],[-81.2295613705761,41.5603526466419],[-81.2295430724156,41.5607222320202],[-81.2296440264329,41.5608207086677],[-81.2296477117917,41.5608243032334],[-81.2296438959337,41.5608265100153],[-81.2296437504328,41.5608265939702],[-81.2291404221719,41.5611176831772],[-81.2296036852451,41.5615695744384],[-81.2296060515949,41.5615718812763],[-81.2298585607508,41.561818189096],[-81.2296851499405,41.5619189437002],[-81.2295917850115,41.5618278720801],[-81.2295886103017,41.5618247747704]]]},"properties":{"source_county":"Geauga","jurisdiction":"Munson Township","parcel_id":"21-176657","owner_name":"SANDERS STEVEN J TRUSTEE","property_address":"11460 GATE POST LN","property_city":"CHARDON","property_zip":"44024"}},{"type":"Feature","geometry":{"type":"Polygon","coordinates":[[[-81.2282213455149,41.5601023475621],[-81.2282004186113,41.5601073991237],[-81.2281787197386,41.5601100364092],[-81.2281567396779,41.5601101997691],[-81.2281349755701,41.5601078855085],[-81.2281139196718,41.5601031459709],[-81.228094048221,41.5600960883543],[-81.2280758106661,41.5600868722865],[-81.2280596194995,41.5600757062146],[-81.2279883868334,41.5600116716226],[-81.2279564032005,41.559984319941],[-81.2291787580713,41.5590699871691],[-81.2296176992069,41.5592148830322],[-81.2296068208228,41.5594346131197],[-81.2295867255586,41.5598405066377],[-81.229577068926,41.5600355594304],[-81.2285888360931,41.560238685223],[-81.2285797365446,41.5602180630817],[-81.2285677937358,41.5601982761739],[-81.2285531407167,41.5601795449335],[-81.2285359407296,41.5601620780335],[-81.2285163853906,41.5601460700616],[-81.2284946925549,41.5601316993522],[-81.2284711038894,41.5601191260001],[-81.228445882181,41.5601084900769],[-81.2284193084088,41.5600999100702],[-81.2283916786137,41.5600934815642],[-81.2283633006012,41.5600892761746],[-81.2283344905114,41.5600873407507],[-81.2283055692982,41.560087696854],[-81.2282768591532,41.5600903405171],[-81.2282486799168,41.5600952422889],[-81.2282213455149,41.5601023475621]]]},"properties":{"source_county":"Geauga","jurisdiction":"Munson Township","parcel_id":"21-176658","owner_name":"KAHL SHAWN K TRUSTEE & DUFFY KAHL SUSAN T TRUSTEE","property_address":"11487 GATE POST LN","property_city":"CHARDON","property_zip":"44024"}},{"type":"Feature","geometry":{"type":"Polygon","coordinates":[[[-81.227976772385,41.558757694631],[-81.2280482882666,41.5586968050956],[-81.2291787580713,41.5590699871691],[-81.2279564032005,41.559984319941],[-81.2278948947503,41.5599343575677],[-81.2278312689501,41.5598859141198],[-81.2277655922573,41.5598390401929],[-81.2276979332705,41.5597937847434],[-81.2276283626584,41.5597501950373],[-81.2275569530856,41.5597083166006],[-81.2274837791373,41.5596681931721],[-81.2274089172407,41.5596298666574],[-81.2273899119952,41.5596167752545],[-81.2273742659412,41.5596013788165],[-81.2273624661609,41.5595841566572],[-81.2273548799957,41.5595656449277],[-81.2273517436101,41.5595464199245],[-81.2273531546403,41.5595270801491],[-81.2273590691549,41.5595082276753],[-81.2273693030234,41.5594904494062],[-81.2276008934776,41.5591693366779],[-81.2276839663957,41.5590610203895],[-81.227774472525,41.5589561179718],[-81.2278721637796,41.5588549169318],[-81.227976772385,41.558757694631]]]},"properties":{"source_county":"Geauga","jurisdiction":"Munson Township","parcel_id":"21-176659","owner_name":"HUGHES LAWRENCE MICHAEL & KELLY JEAN TRUSTEES","property_address":"11490 BOXWOOD CIR","property_city":"CHARDON","property_zip":"44024"}},{"type":"Feature","geometry":{"type":"Polygon","coordinates":[[[-81.2281765538214,41.5586620985672],[-81.2282091565231,41.5586640517147],[-81.2282418368258,41.5586630735594],[-81.2282741292258,41.5586591780341],[-81.2283055737449,41.5586524206274],[-81.2283357224828,41.5586428975929],[-81.2283641459969,41.558630744578],[-81.2283904394194,41.5586161346921],[-81.2284142282248,41.5585992760405],[-81.2284351735643,41.5585804087598],[-81.2284529770925,41.5585598015978],[-81.2284673852173,41.558537748085],[-81.2284781927116,41.5585145623537],[-81.2284852456364,41.5584905746631],[-81.2284884435337,41.5584661266954],[-81.2284877408567,41.5584415666884],[-81.2284831476188,41.5584172444756],[-81.2297943859903,41.5578616491511],[-81.2297907182486,41.5579357340563],[-81.2297766003793,41.558220919894],[-81.229776395479,41.5582220270603],[-81.2297019232811,41.55862427047],[-81.229626870075,41.5590296573582],[-81.2296176992069,41.5592148830322],[-81.2291787580713,41.5590699871691],[-81.2280482882666,41.5586968050956],[-81.2280751201261,41.5586794935079],[-81.2281067032333,41.5586675304843],[-81.2281411877297,41.5586616167121],[-81.2281765538214,41.5586620985672]]]},"properties":{"source_county":"Geauga","jurisdiction":"Munson Township","parcel_id":"21-176660","owner_name":"CARRICK WILLIAM J & VIRGINIA TRUSTEES","property_address":"11500 BOXWOOD CIR","property_city":"CHARDON","property_zip":"44024"}},{"type":"Feature","geometry":{"type":"Polygon","coordinates":[[[-81.229826274642,41.5572113156762],[-81.2298265791781,41.5572113145053],[-81.2298129995436,41.5574856382405],[-81.2298127827278,41.5574900185714],[-81.2298114327856,41.5575172842599],[-81.2298063717623,41.5576195114677],[-81.229806369813,41.5576195501676],[-81.2297967477718,41.5578139209125],[-81.2297943859903,41.5578616491511],[-81.2284831476188,41.5584172444756],[-81.2284719718739,41.5583875639053],[-81.22845501666,41.5583594709453],[-81.2284326627311,41.5583335964521],[-81.2284054120734,41.5583105214638],[-81.2283738766322,41.558290764152],[-81.2283387645696,41.5582747681864],[-81.2283008643626,41.5582628927714],[-81.2282610270969,41.5582554045807],[-81.2287953358378,41.5572209503623],[-81.2287962663757,41.5572191478563],[-81.2289772688298,41.557217772418],[-81.2292622492152,41.5572156058937],[-81.2295472295642,41.5572134395703],[-81.2298240695635,41.5572113338762],[-81.229826274642,41.5572113156762]]]},"properties":{"source_county":"Geauga","jurisdiction":"Munson Township","parcel_id":"21-176661","owner_name":"DOUGLAS EDWARD J & COLLEEN M","property_address":"11510 BOXWOOD CIR","property_city":"CHARDON","property_zip":"44024"}},{"type":"Feature","geometry":{"type":"Polygon","coordinates":[[[-81.2279797088411,41.5583522489091],[-81.2260279338993,41.557789599632],[-81.2260577900737,41.5572464960456],[-81.22605815171,41.5572399219024],[-81.2263503313782,41.5572377082421],[-81.2264964751777,41.5572365999273],[-81.2266426201533,41.557235492342],[-81.2269349076926,41.5572332765932],[-81.2272271952121,41.5572310601086],[-81.2279579151228,41.5572255156915],[-81.2281040588678,41.5572244053533],[-81.2283963463082,41.5572221859257],[-81.2286886349273,41.5572199657754],[-81.2287962663757,41.5572191478563],[-81.2287953358378,41.5572209503623],[-81.2282610270969,41.5582554045807],[-81.2282201473082,41.5582524717876],[-81.2281791430435,41.5582541602812],[-81.2281389351088,41.5582604321442],[-81.2281004264278,41.5582711465333],[-81.2280644817663,41.5582860628424],[-81.2280319083127,41.5583048461053],[-81.2280034375525,41.5583270745177],[-81.2279797088411,41.5583522489091]]]},"properties":{"source_county":"Geauga","jurisdiction":"Munson Township","parcel_id":"21-176662","owner_name":"WILCOX AMANDA H & JUSTIN C","property_address":"11511 BOXWOOD CIR","property_city":"CHARDON","property_zip":"44024"}},{"type":"Feature","geometry":{"type":"Polygon","coordinates":[[[-81.2259455045483,41.5592890261836],[-81.2260279338993,41.557789599632],[-81.2279797088411,41.5583522489091],[-81.2279596740767,41.5583827479265],[-81.2279465989833,41.5584153085006],[-81.2279408405205,41.5584490417297],[-81.2279425559056,41.5584830266973],[-81.2279429396565,41.5585068141061],[-81.2279364917581,41.5585301050686],[-81.2279235150037,41.5585518058169],[-81.2279046187897,41.5585708972601],[-81.2278332492093,41.5586305439271],[-81.2277644096485,41.5586918452548],[-81.227698168074,41.5587547407257],[-81.2276345898881,41.558819168248],[-81.2275737378646,41.5588850642176],[-81.2275156720861,41.5589523635804],[-81.2274604498855,41.5590209998965],[-81.2274081257888,41.559090905406],[-81.2271765346495,41.5594120186583],[-81.2271614995437,41.5594289141076],[-81.227142575755,41.5594434385267],[-81.2271204117859,41.5594550941743],[-81.2270957671787,41.5594634816192],[-81.2270694864865,41.5594683134297],[-81.2270424703308,41.5594694240228],[-81.2270156445375,41.5594667753391],[-81.2269899284085,41.5594604581473],[-81.2268652922252,41.559422563986],[-81.2267383601141,41.5593892455065],[-81.2266094296406,41.5593605808162],[-81.2264788030536,41.5593366371126],[-81.2263467865767,41.5593174705261],[-81.2262136896913,41.5593031259881],[-81.2260798244105,41.5592936371258],[-81.2259455045483,41.5592890261836]]]},"properties":{"source_county":"Geauga","jurisdiction":"Munson Township","parcel_id":"21-176663","owner_name":"BUZOGANY THOMAS G & JONI A","property_address":"11499 BOXWOOD CIR","property_city":"CHARDON","property_zip":"44024"}},{"type":"Feature","geometry":{"type":"Polygon","coordinates":[[[-81.225043050853,41.5593837557142],[-81.2248346478045,41.5572578892481],[-81.2248337945291,41.557249189204],[-81.2249982094831,41.5572479457567],[-81.2257657562009,41.5572421360608],[-81.22605815171,41.5572399219024],[-81.2260577900737,41.5572464960456],[-81.2260279338993,41.557789599632],[-81.2259455045483,41.5592890261836],[-81.2258559409371,41.559288667443],[-81.2257664085037,41.5592904782085],[-81.2256770003754,41.5592944565966],[-81.2255878095498,41.5593005984693],[-81.2254989287987,41.559308897438],[-81.2254104505714,41.5593193448705],[-81.2253224668989,41.5593319298999],[-81.2252350692976,41.5593466394359],[-81.225043050853,41.5593837557142]]]},"properties":{"source_county":"Geauga","jurisdiction":"Munson Township","parcel_id":"21-176664","owner_name":"YOUNG KATHLEEN A & WILLIAM JR","property_address":"11555 GATE POST LN","property_city":"CHARDON","property_zip":"44024"}},{"type":"Feature","geometry":{"type":"Polygon","coordinates":[[[-81.2252810859303,41.5615326199232],[-81.225325414539,41.5613062209918],[-81.2253630178572,41.5613149327375],[-81.2253753650826,41.562331551204],[-81.2253468208716,41.56232967897],[-81.2253193114453,41.562323660313],[-81.2252938939682,41.562313726525],[-81.2252715452115,41.5623002593531],[-81.2252531240169,41.5622837763294],[-81.2252393382914,41.5622649108818],[-81.225230717804,41.5622443879923],[-81.2252275938267,41.5622229963364],[-81.2252263798461,41.5621406644386],[-81.2252281196739,41.5619881653194],[-81.2252378293585,41.5618358350551],[-81.2252554938741,41.5616839085097],[-81.2252810859303,41.5615326199232]]]},"properties":{"source_county":"Geauga","jurisdiction":"Munson Township","parcel_id":"21-176665","owner_name":"BURLINGTON GROUP INC","property_address":" GATE POST LN","property_city":"CHARDON","property_zip":"44024"}},{"type":"Feature","geometry":{"type":"Polygon","coordinates":[[[-81.2368806337323,41.5632833316486],[-81.2369231249189,41.5624640381233],[-81.2369503903762,41.5624644859913],[-81.2397826663036,41.5625109949328],[-81.2396463835865,41.5651408972242],[-81.2373622263692,41.565155730403],[-81.2367833278654,41.5651594828323],[-81.2368806337323,41.5632833316486]]]},"properties":{"source_county":"Geauga","jurisdiction":"Munson Township","parcel_id":"21-176684","owner_name":"LLGC LLC","property_address":" AUBURN RD","property_city":"CHARDON","property_zip":"44024"}},{"type":"Feature","geometry":{"type":"Polygon","coordinates":[[[-81.2289003292525,41.5623749252836],[-81.2295794176852,41.5619803738401],[-81.2295655314677,41.5623573715279],[-81.2295651234589,41.5623684548257],[-81.2290825370458,41.5623731520979],[-81.2289003292525,41.5623749252836]]]},"properties":{"source_county":"Geauga","jurisdiction":"Munson Township","parcel_id":"21-176687","owner_name":"HEIDEN LARRY & LARRY M","property_address":" WILSON MILLS RD","property_city":"CHARDON","property_zip":"44024"}},{"type":"Feature","geometry":{"type":"Polygon","coordinates":[[[-81.2418368204535,41.5498200820368],[-81.2434307109332,41.5498046031314],[-81.2434312234878,41.5501048621471],[-81.2434314317985,41.5502272442103],[-81.241836704947,41.5502427312799],[-81.2418368204535,41.5498200820368]]]},"properties":{"source_county":"Geauga","jurisdiction":"Munson Township","parcel_id":"21-176729","owner_name":"BILOOCHENKO DENYS & KANTIMIROVA ALEKSANDRA","property_address":" AUBURN RD","property_city":"CHARDON","property_zip":"44024"}},{"type":"Feature","geometry":{"type":"Polygon","coordinates":[[[-81.2428577926635,41.562312415927],[-81.2428606858673,41.5622713065482],[-81.2438766264674,41.5623156807667],[-81.2438737338992,41.5623567901702],[-81.2428577926635,41.562312415927]]]},"properties":{"source_county":"Geauga","jurisdiction":"Munson Township","parcel_id":"21-176743","owner_name":"SALEY RONALD E","property_address":" AUBURN RD","property_city":"CHARDON","property_zip":"44024"}},{"type":"Feature","geometry":{"type":"Polygon","coordinates":[[[-81.2473224536048,41.5595274620885],[-81.2485672844173,41.5595133116557],[-81.2485506139811,41.5611862542439],[-81.2485279277104,41.5634629064363],[-81.2484616038684,41.5634168978938],[-81.2481600988217,41.5634134830086],[-81.2473314585531,41.5627950962272],[-81.2473310267402,41.5626578758702],[-81.2473224536048,41.5595274620885]]]},"properties":{"source_county":"Geauga","jurisdiction":"Munson Township","parcel_id":"21-176759","owner_name":"LLGC LLC","property_address":" AUBURN RD","property_city":"CHARDON","property_zip":"44024"}},{"type":"Feature","geometry":{"type":"Polygon","coordinates":[[[-81.2295089623343,41.5638934819772],[-81.2299216789698,41.5638464888241],[-81.2298390193544,41.5639104705124],[-81.2295069435888,41.5639482899387],[-81.2288527093499,41.5640227963429],[-81.2288551699809,41.563967921186],[-81.2295089623343,41.5638934819772]]]},"properties":{"source_county":"Geauga","jurisdiction":"Munson Township","parcel_id":"21-176828","owner_name":"O REILLY JILLIAN","property_address":" WOODIEBROOK RD","property_city":"CHARDON","property_zip":"44024"}},{"type":"Feature","geometry":{"type":"Polygon","coordinates":[[[-81.2296684847558,41.5603425381174],[-81.2296715800619,41.5603422460036],[-81.2296477117917,41.5608243032334],[-81.2296440264329,41.5608207086677],[-81.2295430724156,41.5607222320202],[-81.2295613705761,41.5603526466419],[-81.229668369456,41.5603425485623],[-81.2296684847558,41.5603425381174]]]},"properties":{"source_county":"Geauga","jurisdiction":"Munson Township","parcel_id":"21-176961","owner_name":"ELLIOTT CHRISTOPHER M & MELANIE J TRUSTEES","property_address":" ORCHARD RD","property_city":"CHARDON","property_zip":"44024"}},{"type":"Feature","geometry":{"type":"Polygon","coordinates":[[[-81.2299669389471,41.5530768883191],[-81.2302289033442,41.5528190577467],[-81.2304085641418,41.5529922363862],[-81.2301425716569,41.5532540322944],[-81.2299667049168,41.5530845075484],[-81.2299666672442,41.553084472017],[-81.2299629120606,41.5530808523707],[-81.2299668998083,41.5530769284133],[-81.2299669389471,41.5530768883191]]]},"properties":{"source_county":"Geauga","jurisdiction":"Munson Township","parcel_id":"21-177244","owner_name":"DI MEOLO GREGORY L & KAREN M","property_address":"11692 OVERLOOK RD","property_city":"CHARDON","property_zip":"44024"}},{"type":"Feature","geometry":{"type":"Polygon","coordinates":[[[-81.2281173018224,41.5623910532008],[-81.2288835729973,41.5623846607767],[-81.227853481535,41.5629812400541],[-81.2274886072151,41.5631925533114],[-81.2270326010428,41.5634566411084],[-81.2265661357698,41.5637267817031],[-81.2261018845895,41.5639956363174],[-81.2253892472696,41.5632957441867],[-81.2253765584733,41.5624962158355],[-81.2253752518769,41.5624138892354],[-81.225924717528,41.5624093180788],[-81.2264730690613,41.5624047546158],[-81.2270211471244,41.5624001900687],[-81.2275692239122,41.5623956229216],[-81.2281173018224,41.5623910532008]]]},"properties":{"source_county":"Geauga","jurisdiction":"Munson Township","parcel_id":"21-702900","owner_name":"ST LUKES PROTESTANT EPISCOPAL CHURCH OF","property_address":"11519 WILSON MILLS RD","property_city":"CHARDON","property_zip":"44024"}},{"type":"Feature","geometry":{"type":"Polygon","coordinates":[[[-81.235369710581,41.552642352148],[-81.2352452162831,41.5526409986829],[-81.2352360055405,41.5526408983412],[-81.2350929658411,41.5526377269517],[-81.2349500825246,41.5526317867463],[-81.2347978171664,41.5526237285763],[-81.2328260016643,41.552519363461],[-81.2327526491951,41.5525180612346],[-81.2321365495355,41.552163364482],[-81.2316260928256,41.5521389576118],[-81.2309333297189,41.5521058309156],[-81.2307673285487,41.5519420711606],[-81.2306013270273,41.5517783102462],[-81.2304353263183,41.5516145499862],[-81.2303523268743,41.5515326697705],[-81.2302801811194,41.5514614971227],[-81.2302693264567,41.5514507885799],[-81.2300581771484,41.5513358198623],[-81.2300212577235,41.5513157167617],[-81.230021200771,41.5513156864223],[-81.2300201070546,41.5513150909369],[-81.2300232775127,41.5512483214615],[-81.2300234436312,41.5512448230527],[-81.2300233866963,41.5512447918131],[-81.229843205765,41.5511456661819],[-81.2294107115816,41.5509077304149],[-81.2298044010179,41.5505018545947],[-81.2300506889941,41.5502479392458],[-81.2300518241084,41.5502467693119],[-81.2301531200418,41.5501423356462],[-81.230789161133,41.5509914768487],[-81.231559283006,41.5512370661853],[-81.2323334388197,41.5514839352608],[-81.232396309792,41.5515039841907],[-81.2357775222954,41.5520009267312],[-81.2368695453055,41.5521614000867],[-81.2373815547988,41.5515952530703],[-81.2374953700152,41.5516545862426],[-81.2376076440588,41.5517155539062],[-81.2377183353357,41.5517781334768],[-81.2378274028376,41.5518423017729],[-81.2379348061577,41.5519080350245],[-81.2380405055052,41.5519753088815],[-81.23814446172,41.5520440984235],[-81.2382466362877,41.5521143781682],[-81.2383469913531,41.5521861220812],[-81.238445489735,41.5522593035859],[-81.2385420949393,41.5523338955729],[-81.2386367711732,41.5524098704102],[-81.2387294833578,41.5524871999534],[-81.2388201971416,41.5525658555563],[-81.2389088789128,41.5526458080813],[-81.2389954958123,41.5527270279102],[-81.2404595675977,41.5541515499066],[-81.241275603905,41.5549455064166],[-81.2412908056824,41.5549637478832],[-81.2413009775099,41.554983866557],[-81.24130572847,41.5550050892586],[-81.2413048759734,41.5550266003788],[-81.2412984527769,41.5550475732236],[-81.2412867057256,41.5550672017849],[-81.2412700862668,41.5550847317157],[-81.2412492331011,41.5550994893213],[-81.2413162159258,41.555164660175],[-81.2409131983664,41.555397000087],[-81.2404850813446,41.5556438073948],[-81.2402522271891,41.5557783153629],[-81.24017999265,41.555820298673],[-81.2391631730849,41.5547602324627],[-81.2389496370073,41.5545376085488],[-81.238682717731,41.5542593291941],[-81.2385949657482,41.5541715535665],[-81.2385026749122,41.5540864450104],[-81.2384290363856,41.5540231686454],[-81.2383528888308,41.5539615906982],[-81.2382743016438,41.5539017672815],[-81.2381933464434,41.553843752909],[-81.2381100970055,41.5537876004461],[-81.2380246291959,41.553733361061],[-81.2379370209015,41.5536810841789],[-81.2378473519591,41.5536308174364],[-81.2377007533483,41.5535551526543],[-81.2375494909597,41.5534848581968],[-81.237393913172,41.5534200959555],[-81.237234378299,41.5533610150805],[-81.2371334420244,41.5533272337619],[-81.2370737502591,41.5533085142362],[-81.2369583083799,41.5532748730324],[-81.23624421921,41.5530768107151],[-81.236219713835,41.553039579889],[-81.2361889143519,41.5530050875542],[-81.2361523537895,41.5529739306389],[-81.2361106648757,41.5529466483476],[-81.235761101628,41.5527447101953],[-81.2357180825948,41.5527218595452],[-81.2356727665761,41.5527016689188],[-81.2356254444044,41.552684267896],[-81.2355764197862,41.5526697681536],[-81.2355260073536,41.5526582627483],[-81.2354745306449,41.5526498255196],[-81.2354223200281,41.5526445106162],[-81.235369710581,41.552642352148]]]},"properties":{"source_county":"Geauga","jurisdiction":"Munson Township","parcel_id":"21-703244","owner_name":"GEAUGA COUNTY PARK DISTRICT","property_address":" WILSON MILLS RD","property_city":"CHARDON","property_zip":"44024"}},{"type":"Feature","geometry":{"type":"Polygon","coordinates":[[[-81.2402522271891,41.5557783153629],[-81.2404850813446,41.5556438073948],[-81.2411216979039,41.5565461173878],[-81.2412480244936,41.5567280105156],[-81.2411339106319,41.5567939013832],[-81.2402522271891,41.5557783153629]]]},"properties":{"source_county":"Geauga","jurisdiction":"Munson Township","parcel_id":"21-703245","owner_name":"GEAUGA COUNTY PARK DISTRICT","property_address":" WILSON MILLS RD","property_city":"CHARDON","property_zip":"44024"}},{"type":"Feature","geometry":{"type":"MultiPolygon","coordinates":[[[[-81.2310527212379,41.5532240423087],[-81.2310334807568,41.5531768730082],[-81.2310792230428,41.5532067427911],[-81.2311267249401,41.553235020465],[-81.2311758883249,41.5532616476161],[-81.2312266116409,41.5532865692399],[-81.2312787901091,41.5533097338551],[-81.231332315944,41.5533310936098],[-81.2313870785768,41.5533506043803],[-81.2314429648832,41.5533682258626],[-81.2313960164475,41.5533790657082],[-81.2313504356697,41.553392810051],[-81.231306540383,41.5534093630524],[-81.2312646366683,41.553428609289],[-81.2312250167201,41.553450414558],[-81.2311879568091,41.5534746268117],[-81.2311537153558,41.5535010772191],[-81.2311225311286,41.5535295813419],[-81.2311137644751,41.5534522034465],[-81.2310991728847,41.5533753232303],[-81.2310788032988,41.5532991879107],[-81.2310527212379,41.5532240423087]]],[[[-81.2329536150813,41.5543181809456],[-81.2329318665841,41.5542962164705],[-81.2329864690174,41.5543167823255],[-81.233042447213,41.5543351430942],[-81.2330996434775,41.5543512470532],[-81.2331578966858,41.5543650488366],[-81.2332170427352,41.5543765095637],[-81.2332769150071,41.5543855969488],[-81.2333373448373,41.5543922853921],[-81.2333981619903,41.5543965560518],[-81.2335462272646,41.5544036120684],[-81.2334857277411,41.5544234991501],[-81.2334277954167,41.5544473118304],[-81.2333728806486,41.5544748649941],[-81.2333214103378,41.5545059444484],[-81.2332737846102,41.5545403085869],[-81.2332303737064,41.5545776902688],[-81.2331915151035,41.5546177988945],[-81.2331575108911,41.5546603226654],[-81.2331431978941,41.5546143363809],[-81.233125563075,41.5545690058168],[-81.2331046590679,41.5545244662519],[-81.2330805482626,41.5544808506043],[-81.2330533026182,41.5544382890345],[-81.2330230034488,41.5543969085572],[-81.2329897411805,41.5543568326621],[-81.2329536150813,41.5543181809456]]],[[[-81.2299369656559,41.5565869759941],[-81.2299418406264,41.5566122283662],[-81.2299505833155,41.5566368853516],[-81.2299075293797,41.5566307903545],[-81.2298640900792,41.5566265074074],[-81.2299369656559,41.5565869759941]]],[[[-81.227894067606,41.5565015293361],[-81.2279255192408,41.5565163682909],[-81.2280106478371,41.5565536258017],[-81.2280983392677,41.5565873636456],[-81.2281883358472,41.5566174826812],[-81.228280373115,41.5566438944008],[-81.227831917415,41.5566469715694],[-81.2278602087579,41.5566143270691],[-81.2278803747593,41.5565784411072],[-81.2278917807046,41.5565404432002],[-81.227894067606,41.5565015293361]]]]},"properties":{"source_county":"Geauga","jurisdiction":"Munson Township","parcel_id":"21-703252","owner_name":"MUNSON TOWNSHIP BOARD OF TRUSTEES","property_address":" BASSWOOD RD","property_city":"CHARDON","property_zip":"44024"}},{"type":"Feature","geometry":{"type":"Polygon","coordinates":[[[-81.2321540062987,41.5562016904153],[-81.2322079207732,41.5561908680904],[-81.2324367697383,41.5565459919855],[-81.2313752391617,41.5568439570223],[-81.2313052453047,41.5566702956184],[-81.2311940353116,41.5563943730186],[-81.2317503386798,41.5562827142238],[-81.2321540062987,41.5562016904153]]]},"properties":{"source_county":"Geauga","jurisdiction":"Munson Township","parcel_id":"21-000600","owner_name":"ADAMS PATRICIA ANN TRUSTEE","property_address":" WILBERT RD","property_city":"CHARDON","property_zip":"44024"}},{"type":"Feature","geometry":{"type":"Polygon","coordinates":[[[-81.2313752391617,41.5568439570223],[-81.2324367697383,41.5565459919855],[-81.2325312991707,41.5566926806021],[-81.2326652056295,41.556900472403],[-81.2315499252427,41.5572773605159],[-81.2315097784538,41.5571777559567],[-81.2313752391617,41.5568439570223]]]},"properties":{"source_county":"Geauga","jurisdiction":"Munson Township","parcel_id":"21-000700","owner_name":"ADAMS PATRICIA ANN TRUSTEE","property_address":"11565 WILBERT RD","property_city":"CHARDON","property_zip":"44024"}},{"type":"Feature","geometry":{"type":"Polygon","coordinates":[[[-81.2463132303805,41.5504208819301],[-81.2477745528726,41.5504107598236],[-81.2477506113655,41.5508596620939],[-81.2462892776584,41.5508697838846],[-81.2463064028175,41.5505488295275],[-81.2463132303805,41.5504208819301]]]},"properties":{"source_county":"Geauga","jurisdiction":"Munson Township","parcel_id":"21-000750","owner_name":"MANSFIELD WILLIAM & ANTOINETTE","property_address":"11775 SUN RIDGE CIR","property_city":"CHARDON","property_zip":"44024"}},{"type":"Feature","geometry":{"type":"Polygon","coordinates":[[[-81.2407217520278,41.5684314368206],[-81.2408085980551,41.5671981817905],[-81.2425091456117,41.5672656958635],[-81.242507300299,41.5672919233324],[-81.2424532827065,41.5680592887508],[-81.2424223313938,41.5684989584399],[-81.2407217520278,41.5684314368206]]]},"properties":{"source_county":"Geauga","jurisdiction":"Munson Township","parcel_id":"21-000800","owner_name":"ALEXANDER PATRICK R","property_address":"11189 AUBURN RD","property_city":"CHARDON","property_zip":"44024"}},{"type":"Feature","geometry":{"type":"Polygon","coordinates":[[[-81.2410758984676,41.5699921827159],[-81.2410691737505,41.5693498760495],[-81.2394277501654,41.5693595140608],[-81.2394562075781,41.568810444615],[-81.2424016234181,41.568793132706],[-81.2423512654636,41.5695084792297],[-81.2423174127138,41.5699833984018],[-81.2410758984676,41.5699921827159]]]},"properties":{"source_county":"Geauga","jurisdiction":"Munson Township","parcel_id":"21-000900","owner_name":"LLGC LLC","property_address":"11125 THWING RD","property_city":"CHARDON","property_zip":"44024"}},{"type":"Feature","geometry":{"type":"Polygon","coordinates":[[[-81.2445475183934,41.5633742819209],[-81.2436989363171,41.5633406016239],[-81.2436954103092,41.5634091015629],[-81.2427831544593,41.5633728859477],[-81.242841397844,41.5625453654632],[-81.2438573659212,41.5625894033146],[-81.244452836018,41.5626152104639],[-81.2457348237044,41.5626707599172],[-81.2457893725731,41.5615834428969],[-81.2458141422814,41.5610896916224],[-81.2458361598995,41.5606508008338],[-81.2458581772052,41.5602119108788],[-81.2458801808091,41.5597732827551],[-81.245891696627,41.5595437099781],[-81.2458917757732,41.5595437090319],[-81.245891904082,41.5595437077164],[-81.2466063059268,41.5595355974936],[-81.2473224536064,41.5595274620914],[-81.2473310267418,41.562657875873],[-81.2459607478161,41.5626602996873],[-81.2459667519922,41.5645813832838],[-81.2456735376073,41.5647794972804],[-81.2456678903317,41.5647833137846],[-81.245337499649,41.5650065443153],[-81.2445475183934,41.5633742819209]]]},"properties":{"source_county":"Geauga","jurisdiction":"Munson Township","parcel_id":"21-001100","owner_name":"LLGC LLC","property_address":"11356 AUBURN RD","property_city":"CHARDON","property_zip":"44024"}},{"type":"Feature","geometry":{"type":"Polygon","coordinates":[[[-81.242537118422,41.5668683113163],[-81.2427831544593,41.5633728859477],[-81.2436954103092,41.5634091015629],[-81.2436471954401,41.5640942488583],[-81.2434551012325,41.5642240344235],[-81.2432410079503,41.5672660853267],[-81.2425111584726,41.5672371118282],[-81.242537118422,41.5668683113163]]]},"properties":{"source_county":"Geauga","jurisdiction":"Munson Township","parcel_id":"21-001200","owner_name":"LLGC LLC","property_address":" AUBURN RD","property_city":"CHARDON","property_zip":"44024"}},{"type":"Feature","geometry":{"type":"Polygon","coordinates":[[[-81.2424532827065,41.5680592887508],[-81.242507300299,41.5672919233324],[-81.2432371505585,41.5673208878516],[-81.2436864866242,41.5676959994078],[-81.2431689803176,41.5680877005188],[-81.2424532827065,41.5680592887508]]]},"properties":{"source_county":"Geauga","jurisdiction":"Munson Township","parcel_id":"21-001300","owner_name":"LLGC LLC","property_address":" AUBURN RD","property_city":"CHARDON","property_zip":"44024"}},{"type":"Feature","geometry":{"type":"Polygon","coordinates":[[[-81.2418401168799,41.5668406374571],[-81.2413216743567,41.5664079053297],[-81.2416329115121,41.566420299597],[-81.241248307821,41.564591476198],[-81.2413640556348,41.5629473714945],[-81.2411086226595,41.5629372562503],[-81.2411375608941,41.5625262304379],[-81.242841397844,41.5625453654632],[-81.2427831544593,41.5633728859477],[-81.242537118422,41.5668683113163],[-81.2418401168799,41.5668406374571]]]},"properties":{"source_county":"Geauga","jurisdiction":"Munson Township","parcel_id":"21-001400","owner_name":"LLGC LLC","property_address":" AUBURN RD","property_city":"CHARDON","property_zip":"44024"}},{"type":"Feature","geometry":{"type":"Polygon","coordinates":[[[-81.2394277501654,41.5693595140608],[-81.2410691737505,41.5693498760495],[-81.2410758984676,41.5699921827159],[-81.2393943716167,41.5700040592211],[-81.2394277501654,41.5693595140608]]]},"properties":{"source_county":"Geauga","jurisdiction":"Munson Township","parcel_id":"21-001500","owner_name":"LLGC LLC","property_address":" THWING RD","property_city":"CHARDON","property_zip":"44024"}},{"type":"Feature","geometry":{"type":"Polygon","coordinates":[[[-81.2292361384587,41.551695132873],[-81.2294021849208,41.5515312284924],[-81.2295113557334,41.5516042004443],[-81.2296176757983,41.5516795102107],[-81.2293333794229,41.5519547546693],[-81.2291506742315,41.551779494094],[-81.2292361384587,41.551695132873]]]},"properties":{"source_county":"Geauga","jurisdiction":"Munson Township","parcel_id":"21-001600","owner_name":"TVK BASSWOOD LLC","property_address":"11753 BASSWOOD RD","property_city":"CHARDON","property_zip":"44024"}},{"type":"Feature","geometry":{"type":"Polygon","coordinates":[[[-81.2288779209321,41.5514570050286],[-81.2290227480756,41.5513076982041],[-81.2291523577924,41.5513791764274],[-81.2292788793172,41.5514537116037],[-81.2294021849208,41.5515312284924],[-81.2292361384587,41.551695132873],[-81.2288779209321,41.5514570050286]]]},"properties":{"source_county":"Geauga","jurisdiction":"Munson Township","parcel_id":"21-001700","owner_name":"TVK BASSWOOD LLC","property_address":" LAKEVIEW RD","property_city":"CHARDON","property_zip":"44024"}},{"type":"Feature","geometry":{"type":"Polygon","coordinates":[[[-81.2293333794229,41.5519547546693],[-81.2296176757983,41.5516795102107],[-81.2297210581068,41.5517570937448],[-81.229821413514,41.5518368884978],[-81.2295153041065,41.5521292670884],[-81.2293333794229,41.5519547546693]]]},"properties":{"source_county":"Geauga","jurisdiction":"Munson Township","parcel_id":"21-001800","owner_name":"TVK BASSWOOD LLC","property_address":" BASSWOOD RD","property_city":"CHARDON","property_zip":"44024"}},{"type":"Feature","geometry":{"type":"Polygon","coordinates":[[[-81.2401799926517,41.5558202986758],[-81.2402522271908,41.5557783153657],[-81.2411339106335,41.556793901386],[-81.2403789947536,41.5572297951107],[-81.2401923039506,41.5573375908923],[-81.2392146221163,41.5563813712545],[-81.239478209497,41.5562281770115],[-81.2397382760488,41.556077026798],[-81.2399141231506,41.5559748240693],[-81.2401799926517,41.5558202986758]]]},"properties":{"source_county":"Geauga","jurisdiction":"Munson Township","parcel_id":"21-001900","owner_name":"HARRIS MARY L TOD","property_address":"11180 WILSON MILLS RD","property_city":"CHARDON","property_zip":"44024"}},{"type":"Feature","geometry":{"type":"Polygon","coordinates":[[[-81.2367072976965,41.5538418817358],[-81.237133442026,41.5533272337647],[-81.2372343783007,41.5533610150833],[-81.2373939131737,41.5534200959583],[-81.2375494909614,41.5534848581996],[-81.23770075335,41.5535551526571],[-81.2378473519608,41.5536308174392],[-81.237222268077,41.5542547313867],[-81.2370504975314,41.5541486846563],[-81.2368728612547,41.5540482384112],[-81.2366896826465,41.5539535755068],[-81.2366363259612,41.5539275928786],[-81.2366942210227,41.553857674583],[-81.2367072976965,41.5538418817358]]]},"properties":{"source_county":"Geauga","jurisdiction":"Munson Township","parcel_id":"21-001980","owner_name":"SOUCEK JOSEPH J & MARY M","property_address":"11612 ORIOLE PL","property_city":"CHARDON","property_zip":"44024"}},{"type":"Feature","geometry":{"type":"Polygon","coordinates":[[[-81.250242553433,41.5599233515577],[-81.248567284419,41.5595133116585],[-81.2473224536064,41.5595274620914],[-81.2466063059268,41.5595355974936],[-81.2466064591243,41.5595276541188],[-81.2466218239138,41.5587335844663],[-81.2484383812348,41.5587084623608],[-81.2492787643875,41.5587062375879],[-81.2500663933186,41.5595011876162],[-81.2502983247212,41.5597352703759],[-81.2502746005985,41.5597537937058],[-81.2502550032615,41.5597748642697],[-81.2502400101921,41.5597979686953],[-81.2502299866935,41.5598225440559],[-81.2502251769885,41.5598479915855],[-81.2502256982695,41.5598736912676],[-81.2502315378419,41.5598990169414],[-81.250242553433,41.5599233515577]]]},"properties":{"source_county":"Geauga","jurisdiction":"Munson Township","parcel_id":"21-002070","owner_name":"YANDALA DOUGLAS B","property_address":"11455 FOWLERS MILL RD","property_city":"CHARDON","property_zip":"44024"}},{"type":"Feature","geometry":{"type":"Polygon","coordinates":[[[-81.2265661357714,41.563726781706],[-81.2270326010445,41.5634566411113],[-81.2285180596495,41.5650468340522],[-81.2277984076312,41.5650543853229],[-81.2265661357714,41.563726781706]]]},"properties":{"source_county":"Geauga","jurisdiction":"Munson Township","parcel_id":"21-002090","owner_name":"WINGREN ANTON ERIK & SUZANNE MARIE TRUSTEES","property_address":"11520 WILSON MILLS RD","property_city":"CHARDON","property_zip":"44024"}},{"type":"Feature","geometry":{"type":"Polygon","coordinates":[[[-81.2344106661111,41.5530026935102],[-81.2344402439757,41.5526873422352],[-81.2347901147419,41.5527058579737],[-81.2347537718152,41.5530933705391],[-81.2345913720262,41.5530158032719],[-81.2344106661111,41.5530026935102]]]},"properties":{"source_county":"Geauga","jurisdiction":"Munson Township","parcel_id":"21-002350","owner_name":"ENGDAHL JONATHAN R & JANICE E TRUSTEES","property_address":"11296 BROOKSIDE RD","property_city":"CHARDON","property_zip":"44024"}},{"type":"Feature","geometry":{"type":"Polygon","coordinates":[[[-81.2296035933045,41.5527344925372],[-81.2298756134216,41.5524762171622],[-81.2299645076386,41.5525622540227],[-81.2299822382568,41.5525794151134],[-81.2299822818171,41.5525794561122],[-81.2300534032701,41.5526482917263],[-81.2299779227349,41.5527207627429],[-81.2299778787498,41.5527208054855],[-81.2297832521998,41.5529076730494],[-81.2296035933045,41.5527344925372]]]},"properties":{"source_county":"Geauga","jurisdiction":"Munson Township","parcel_id":"21-002900","owner_name":"DI MEOLO GREGORY L & KAREN M","property_address":" OVERLOOK RD","property_city":"CHARDON","property_zip":"44024"}},{"type":"Feature","geometry":{"type":"Polygon","coordinates":[[[-81.2238784593405,41.5669671015847],[-81.2293972256847,41.5669270362224],[-81.2293854214803,41.5672474737388],[-81.229379357576,41.5674120747538],[-81.2288310583381,41.5674169357165],[-81.2277955681913,41.5674261091121],[-81.2269914137615,41.5674332260295],[-81.2261872591396,41.5674403382788],[-81.2253831043605,41.5674474440593],[-81.2245789493896,41.5674545451718],[-81.2237913909144,41.5674614935358],[-81.2238784593405,41.5669671015847]]]},"properties":{"source_county":"Geauga","jurisdiction":"Munson Township","parcel_id":"21-003400","owner_name":"DAYOK EDWARD A & VELOTTA ANGELINA","property_address":"11654 WILSON MILLS RD","property_city":"CHARDON","property_zip":"44024"}},{"type":"Feature","geometry":{"type":"Polygon","coordinates":[[[-81.2240763011045,41.5664714836751],[-81.2294154355757,41.5664327100862],[-81.2294136675691,41.5664807040282],[-81.2293972256847,41.5669270362224],[-81.2238784593405,41.5669671015847],[-81.2239349224016,41.5666464860019],[-81.2239655994657,41.5664722852587],[-81.2240763011045,41.5664714836751]]]},"properties":{"source_county":"Geauga","jurisdiction":"Munson Township","parcel_id":"21-003500","owner_name":"PETSCHE JOSEPH J & BETH A","property_address":" WILSON MILLS RD","property_city":"CHARDON","property_zip":"44024"}},{"type":"Feature","geometry":{"type":"Polygon","coordinates":[[[-81.2262891185414,41.5551784628353],[-81.2265838516392,41.5549041255274],[-81.2266285437731,41.5549422188842],[-81.2266755559101,41.5549787026545],[-81.2265035933385,41.5551389587641],[-81.2263735625792,41.5552601374882],[-81.2262891185414,41.5551784628353]]]},"properties":{"source_county":"Geauga","jurisdiction":"Munson Township","parcel_id":"21-005300","owner_name":"LESTOCK WILLIAM E &TARA V","property_address":" ROCKSIDE RD","property_city":"CHARDON","property_zip":"44024"}},{"type":"Feature","geometry":{"type":"Polygon","coordinates":[[[-81.2259940510791,41.5554542077047],[-81.2262891185414,41.5551784628353],[-81.2263735625792,41.5552601374882],[-81.2263303051844,41.5553004490644],[-81.2260780903196,41.5555354909108],[-81.2259940510791,41.5554542077047]]]},"properties":{"source_county":"Geauga","jurisdiction":"Munson Township","parcel_id":"21-005310","owner_name":"LESTOCK WILLIAM E &TARA V","property_address":" FOREST RD","property_city":"CHARDON","property_zip":"44024"}},{"type":"Feature","geometry":{"type":"Polygon","coordinates":[[[-81.226726272311,41.555866605517],[-81.2267948734431,41.5555669933282],[-81.2268674631451,41.5556086402837],[-81.227069492467,41.5556039378815],[-81.2270981587445,41.5556928430185],[-81.2271347315988,41.5557800960856],[-81.2271790449757,41.5558653008474],[-81.2270892507498,41.5558775160878],[-81.2269983775147,41.5558837792345],[-81.226907123201,41.5558840421849],[-81.226816188666,41.5558783029193],[-81.226726272311,41.555866605517]]]},"properties":{"source_county":"Geauga","jurisdiction":"Munson Township","parcel_id":"21-005320","owner_name":"LESTOCK WILLIAM E &TARA V","property_address":" PARKSIDE RD","property_city":"CHARDON","property_zip":"44024"}},{"type":"Feature","geometry":{"type":"Polygon","coordinates":[[[-81.2263596897721,41.5557474807731],[-81.2265625894493,41.555433720988],[-81.2267948734431,41.5555669933282],[-81.226726272311,41.555866605517],[-81.226648487599,41.5558514420495],[-81.2265724913098,41.555831818116],[-81.2264987360585,41.5558078505922],[-81.226427661112,41.5557796822232],[-81.2263596897721,41.5557474807731]]]},"properties":{"source_county":"Geauga","jurisdiction":"Munson Township","parcel_id":"21-005330","owner_name":"LESTOCK WILLIAM E &TARA V","property_address":" PARKSIDE RD","property_city":"CHARDON","property_zip":"44024"}},{"type":"Feature","geometry":{"type":"Polygon","coordinates":[[[-81.2260780903196,41.5555354909108],[-81.2263303051844,41.5553004490644],[-81.2265625894493,41.555433720988],[-81.2263596897721,41.5557474807731],[-81.2262975923849,41.5557128655992],[-81.2262390860999,41.5556748844877],[-81.2261844935534,41.5556337468918],[-81.2261341157967,41.555589679671],[-81.2260780903196,41.5555354909108]]]},"properties":{"source_county":"Geauga","jurisdiction":"Munson Township","parcel_id":"21-005340","owner_name":"LESTOCK WILLIAM E &TARA V","property_address":" FOREST RD","property_city":"CHARDON","property_zip":"44024"}},{"type":"Feature","geometry":{"type":"Polygon","coordinates":[[[-81.2263735625792,41.5552601374882],[-81.2265035933385,41.5551389587641],[-81.2269188002732,41.5553771817446],[-81.2270387442055,41.5554053082223],[-81.2270427066967,41.5554720104982],[-81.2270529734356,41.5555383323001],[-81.227069492467,41.5556039378815],[-81.2268674631451,41.5556086402837],[-81.2267948734431,41.5555669933282],[-81.2265625894493,41.555433720988],[-81.2263303051844,41.5553004490644],[-81.2263735625792,41.5552601374882]]]},"properties":{"source_county":"Geauga","jurisdiction":"Munson Township","parcel_id":"21-005350","owner_name":"LESTOCK WILLIAM E &TARA V","property_address":"11520 PARKSIDE RD","property_city":"CHARDON","property_zip":"44024"}},{"type":"Feature","geometry":{"type":"Polygon","coordinates":[[[-81.2265035933385,41.5551389587641],[-81.2266755559101,41.5549787026545],[-81.2267606051378,41.5550395521149],[-81.2268510162656,41.5550958712921],[-81.2269210146751,41.5551354059265],[-81.2269935683536,41.5551722497942],[-81.2270684941523,41.5552063098878],[-81.2270517467714,41.5552719993624],[-81.2270418102908,41.5553384647488],[-81.2270387442055,41.5554053082223],[-81.2269188002732,41.5553771817446],[-81.2265035933385,41.5551389587641]]]},"properties":{"source_county":"Geauga","jurisdiction":"Munson Township","parcel_id":"21-005360","owner_name":"LESTOCK WILLIAM E &TARA V","property_address":" PARKSIDE RD","property_city":"CHARDON","property_zip":"44024"}},{"type":"Feature","geometry":{"type":"Polygon","coordinates":[[[-81.2414230681655,41.5593029077029],[-81.2414514945248,41.5588991175704],[-81.2428733858091,41.5589209697525],[-81.242890851377,41.5589222940225],[-81.2429078115423,41.5589256953787],[-81.2429238313481,41.5589310865904],[-81.2429384999536,41.5589383293959],[-81.2429514411701,41.5589472380477],[-81.2429623231089,41.5589575840761],[-81.2429708666927,41.5589691021487],[-81.242976852813,41.558981496875],[-81.2429801279491,41.5589944503817],[-81.2429806081057,41.559007630465],[-81.2430902585384,41.5590093154855],[-81.2430703494483,41.5592922234124],[-81.243067932975,41.5593265590965],[-81.2414230681655,41.5593029077029]]]},"properties":{"source_county":"Geauga","jurisdiction":"Munson Township","parcel_id":"21-005585","owner_name":"DASCO ALEXANDER JOSEPH","property_address":"11110 WEXFORD DR","property_city":"CHARDON","property_zip":"44024"}},{"type":"Feature","geometry":{"type":"Polygon","coordinates":[[[-81.2381523645656,41.5604809076147],[-81.2381813262387,41.5600698210427],[-81.2397725584595,41.5601070449565],[-81.2397436067386,41.5605181328208],[-81.2381523645656,41.5604809076147]]]},"properties":{"source_county":"Geauga","jurisdiction":"Munson Township","parcel_id":"21-005590","owner_name":"ONDERDONK JULIE J & SCHIEMANN PAUL G","property_address":"11525 UPPER CHELSEA DR","property_city":"CHARDON","property_zip":"44024"}},{"type":"Feature","geometry":{"type":"Polygon","coordinates":[[[-81.2302854262785,41.5574912207157],[-81.2305449336121,41.5574769498786],[-81.2305463848371,41.5574943029489],[-81.2305505184353,41.5575697789085],[-81.2305490187318,41.5576453103],[-81.2305402355902,41.5578335011612],[-81.2297968064888,41.5578139224582],[-81.2297967477735,41.5578139209153],[-81.2298063698147,41.5576195501705],[-81.229806371764,41.5576195114705],[-81.2298114327873,41.5575172842627],[-81.2302854262785,41.5574912207157]]]},"properties":{"source_county":"Geauga","jurisdiction":"Munson Township","parcel_id":"21-005710","owner_name":"BARNES DIANNE MARIE TOD","property_address":"11535 ORCHARD RD","property_city":"CHARDON","property_zip":"44024"}},{"type":"Feature","geometry":{"type":"Polygon","coordinates":[[[-81.2287331787716,41.5516062225535],[-81.2288779209321,41.5514570050286],[-81.2292361384587,41.551695132873],[-81.2291506742315,41.551779494094],[-81.2290591379875,41.5518698491143],[-81.2287331787716,41.5516062225535]]]},"properties":{"source_county":"Geauga","jurisdiction":"Munson Township","parcel_id":"21-005850","owner_name":"BOHM STEPHEN","property_address":"11460 LAKEVIEW RD","property_city":"CHARDON","property_zip":"44024"}},{"type":"Feature","geometry":{"type":"Polygon","coordinates":[[[-81.2285881949863,41.5517556875896],[-81.2287331787716,41.5516062225535],[-81.2290591379875,41.5518698491143],[-81.2288849683855,41.5520417694258],[-81.2285881949863,41.5517556875896]]]},"properties":{"source_county":"Geauga","jurisdiction":"Munson Township","parcel_id":"21-005860","owner_name":"BOHM STEPHEN","property_address":" LAKEVIEW RD","property_city":"CHARDON","property_zip":"44024"}},{"type":"Feature","geometry":{"type":"Polygon","coordinates":[[[-81.2415499199357,41.5574964645567],[-81.2415502424472,41.557496401416],[-81.2415502376579,41.557496463498],[-81.2415214907581,41.5579048329535],[-81.2414926498019,41.5583145223538],[-81.2403364985764,41.5582142400536],[-81.2408020235738,41.5576432647869],[-81.2415499199357,41.5574964645567]]]},"properties":{"source_county":"Geauga","jurisdiction":"Munson Township","parcel_id":"21-006700","owner_name":"PHAN JAMES R TOD & VIRETTA JANE TOD","property_address":"11584 LOWER CHELSEA DR","property_city":"CHARDON","property_zip":"44024"}},{"type":"Feature","geometry":{"type":"Polygon","coordinates":[[[-81.2253762537827,41.5549905201965],[-81.2254518695601,41.5549297969815],[-81.2257419370063,41.5552103577352],[-81.2259100132458,41.5553729244489],[-81.2259940510791,41.5554542077047],[-81.2259212878154,41.5555179837269],[-81.2253762537827,41.5549905201965]]]},"properties":{"source_county":"Geauga","jurisdiction":"Munson Township","parcel_id":"21-007600","owner_name":"BAYER DANIEL J TOD & MICHELE A TOD","property_address":" FOREST RD","property_city":"CHARDON","property_zip":"44024"}},{"type":"Feature","geometry":{"type":"Polygon","coordinates":[[[-81.2406564044051,41.5575008943902],[-81.2403789947536,41.5572297951107],[-81.2411339106335,41.556793901386],[-81.2412480244954,41.5567280105184],[-81.2412961102303,41.5567961705023],[-81.2417940218201,41.5575019475232],[-81.2415502424472,41.557496401416],[-81.2415499199357,41.5574964645567],[-81.2408020235738,41.5576432647869],[-81.2406564044051,41.5575008943902]]]},"properties":{"source_county":"Geauga","jurisdiction":"Munson Township","parcel_id":"21-007900","owner_name":"PHAN JAMES R TOD & VIRETTA JANE TOD AKA JANE TOD","property_address":"11595 LOWER CHELSEA DR","property_city":"CHARDON","property_zip":"44024"}},{"type":"Feature","geometry":{"type":"Polygon","coordinates":[[[-81.2321582134641,41.560482013312],[-81.2324325832285,41.5603225888614],[-81.2327513846239,41.5601373435241],[-81.2328183850247,41.560202555421],[-81.2328673446687,41.5602444627939],[-81.2329229301871,41.5602814149128],[-81.232984259634,41.5603128254712],[-81.2330503599221,41.5603381960882],[-81.233120182263,41.5603571242157],[-81.2331926188079,41.5603693095267],[-81.233266520227,41.5603745586801],[-81.2346921457694,41.5604080408332],[-81.2351723207837,41.5601296904236],[-81.2356524905011,41.5598513388906],[-81.2361326561378,41.5595729853467],[-81.2361824119143,41.559621346668],[-81.2361474399477,41.5604437599646],[-81.2376251132835,41.5604784272531],[-81.2376972585809,41.55874315506],[-81.2382994335809,41.5583933169501],[-81.2382678131698,41.5588421766228],[-81.2382392485291,41.5592476459117],[-81.2382102875656,41.5596587335081],[-81.2381813262387,41.5600698210427],[-81.2381523645656,41.5604809076147],[-81.2381234025118,41.560891995025],[-81.2380944400943,41.5613030823732],[-81.2366783935835,41.5612699373572],[-81.2367182189494,41.5606246731103],[-81.2321582134641,41.560482013312]]]},"properties":{"source_county":"Geauga","jurisdiction":"Munson Township","parcel_id":"21-009100","owner_name":"KRAMER TONY A & CATHERINE","property_address":"11360 WILSON MILLS RD","property_city":"CHARDON","property_zip":"44024"}},{"type":"Feature","geometry":{"type":"Polygon","coordinates":[[[-81.2279518715273,41.5567284847774],[-81.2280980156792,41.5567274816221],[-81.2281040588695,41.5572244053561],[-81.2279579151245,41.5572255156943],[-81.2279518715273,41.5567284847774]]]},"properties":{"source_county":"Geauga","jurisdiction":"Munson Township","parcel_id":"21-013400","owner_name":"GERIN AMY C","property_address":" PARKWAY RD","property_city":"CHARDON","property_zip":"44024"}},{"type":"Feature","geometry":{"type":"Polygon","coordinates":[[[-81.2334958207537,41.5543187120326],[-81.2337078629705,41.5538359737949],[-81.2341999779581,41.5539757434855],[-81.2347050575262,41.5541181953492],[-81.2342480048939,41.5544677990432],[-81.2341628243365,41.5544296765388],[-81.234073591525,41.5543972027968],[-81.2339809687826,41.5543706188489],[-81.2338856435909,41.5543501220107],[-81.2337883234875,41.5543358644165],[-81.2336897308155,41.5543279518911],[-81.2334958207537,41.5543187120326]]]},"properties":{"source_county":"Geauga","jurisdiction":"Munson Township","parcel_id":"21-014170","owner_name":"WELLS URSULA T & ROBERT JAMES","property_address":"11652 BASSWOOD RD","property_city":"CHARDON","property_zip":"44024"}},{"type":"Feature","geometry":{"type":"Polygon","coordinates":[[[-81.2304085641434,41.552992236389],[-81.2306507700543,41.5527538493144],[-81.2308262876877,41.5530147604404],[-81.2305676530629,41.553169882275],[-81.2304085641434,41.552992236389]]]},"properties":{"source_county":"Geauga","jurisdiction":"Munson Township","parcel_id":"21-014400","owner_name":"KELLER SHARON TOD","property_address":"11703 BASSWOOD RD","property_city":"CHARDON","property_zip":"44024"}},{"type":"Feature","geometry":{"type":"Polygon","coordinates":[[[-81.2414630782971,41.5587345729383],[-81.2414919823825,41.5583239882923],[-81.2431368238352,41.5583476387303],[-81.2431281638448,41.5584706853899],[-81.2431078149613,41.5587598479236],[-81.2429981469659,41.5587581627251],[-81.2414630782971,41.5587345729383]]]},"properties":{"source_county":"Geauga","jurisdiction":"Munson Township","parcel_id":"21-014420","owner_name":"ROSBORIL JOSEPH A TOD & YVONNE F TOD","property_address":"11501 AUBURN RD","property_city":"CHARDON","property_zip":"44024"}},{"type":"Feature","geometry":{"type":"Polygon","coordinates":[[[-81.2354892539111,41.5542767253897],[-81.2355687348993,41.5541671976993],[-81.2361128814604,41.5545358613287],[-81.23616602944,41.5545718689136],[-81.2350425865628,41.5552272645512],[-81.2346961482651,41.5548922519079],[-81.2346963373994,41.5548921423079],[-81.2350853565038,41.5546658846257],[-81.2351655690313,41.5546148651938],[-81.2352399740204,41.5545591012294],[-81.2353080756252,41.5544989643631],[-81.2353694200113,41.5544348553674],[-81.2354235983805,41.5543672014847],[-81.2354892539111,41.5542767253897]]]},"properties":{"source_county":"Geauga","jurisdiction":"Munson Township","parcel_id":"21-014650","owner_name":"HUTTER MATTHEW O","property_address":"11624 BASSWOOD RD","property_city":"CHARDON","property_zip":"44024"}},{"type":"Feature","geometry":{"type":"Polygon","coordinates":[[[-81.2421670924518,41.555844653004],[-81.2422520154519,41.5557228133908],[-81.2433197558102,41.5557480592522],[-81.2433037616567,41.5559753558557],[-81.2432811845384,41.5562961963408],[-81.2418761296428,41.5562620933629],[-81.2421670924518,41.555844653004]]]},"properties":{"source_county":"Geauga","jurisdiction":"Munson Township","parcel_id":"21-015400","owner_name":"GILLES DAVID R & JENNIFER L","property_address":"11583 AUBURN RD","property_city":"CHARDON","property_zip":"44024"}},{"type":"Feature","geometry":{"type":"Polygon","coordinates":[[[-81.2280205093371,41.5543698384053],[-81.2282980276366,41.5540835017994],[-81.2283875943711,41.5541698389497],[-81.2284793621343,41.5542548619933],[-81.2281998302961,41.554543276913],[-81.2280205093371,41.5543698384053]]]},"properties":{"source_county":"Geauga","jurisdiction":"Munson Township","parcel_id":"21-015640","owner_name":"PRICE STEVEN MICHAEL & TERESA JENNENE","property_address":" CHESTNUTDALE RD","property_city":"CHARDON","property_zip":"44024"}},{"type":"Feature","geometry":{"type":"Polygon","coordinates":[[[-81.2276618702501,41.55402296143],[-81.2279387310091,41.553737155139],[-81.2281183788567,41.5539103281629],[-81.2278411893101,41.5541964005112],[-81.2276618702501,41.55402296143]]]},"properties":{"source_county":"Geauga","jurisdiction":"Munson Township","parcel_id":"21-015650","owner_name":"PRICE STEVEN MICHAEL & TERESA JENNENE","property_address":"11675 CHESTNUTDALE RD","property_city":"CHARDON","property_zip":"44024"}},{"type":"Feature","geometry":{"type":"Polygon","coordinates":[[[-81.2278411893101,41.5541964005112],[-81.2281183788567,41.5539103281629],[-81.2282980276366,41.5540835017994],[-81.2280205093371,41.5543698384053],[-81.2278411893101,41.5541964005112]]]},"properties":{"source_county":"Geauga","jurisdiction":"Munson Township","parcel_id":"21-015660","owner_name":"PRICE STEVEN MICHAEL & TERESA JENNENE","property_address":" CHESTNUTDALE RD","property_city":"CHARDON","property_zip":"44024"}},{"type":"Feature","geometry":{"type":"Polygon","coordinates":[[[-81.2373542437175,41.5574625721761],[-81.2374798468835,41.5573895771609],[-81.2376091712374,41.5575159501007],[-81.2384299394991,41.5583179680827],[-81.2382994335809,41.5583933169501],[-81.2376972585809,41.55874315506],[-81.2367450982206,41.5578165763347],[-81.2368585829173,41.5577506252585],[-81.2372594307009,41.5575176723552],[-81.2373542437175,41.5574625721761]]]},"properties":{"source_county":"Geauga","jurisdiction":"Munson Township","parcel_id":"21-015700","owner_name":"MAZZOLA DANIEL J & LISA A","property_address":"11244 WILSON MILLS RD","property_city":"CHARDON","property_zip":"44024"}},{"type":"Feature","geometry":{"type":"Polygon","coordinates":[[[-81.2253831043605,41.5674474440593],[-81.2261872591396,41.5674403382788],[-81.2261580761971,41.5681778527561],[-81.2261548481374,41.5682594216513],[-81.2261438882419,41.5682595013344],[-81.2253507350619,41.5682652229619],[-81.2253539623813,41.5681836819853],[-81.2253831043605,41.5674474440593]]]},"properties":{"source_county":"Geauga","jurisdiction":"Munson Township","parcel_id":"21-016250","owner_name":"BAUER LAURA","property_address":"11551 WINCHESTER DR","property_city":"CHARDON","property_zip":"44024"}},{"type":"Feature","geometry":{"type":"Polygon","coordinates":[[[-81.2404850813463,41.5556438073976],[-81.2409131983681,41.5553970000899],[-81.2417515322433,41.5563090014143],[-81.2411216979056,41.5565461173907],[-81.2404850813463,41.5556438073976]]]},"properties":{"source_county":"Geauga","jurisdiction":"Munson Township","parcel_id":"21-016300","owner_name":"ANSPACH DEBORAH L & TINGE SCOTT","property_address":"11148 WILSON MILLS RD","property_city":"CHARDON","property_zip":"44024"}},{"type":"Feature","geometry":{"type":"Polygon","coordinates":[[[-81.2418367049487,41.5502427312827],[-81.2434314318002,41.5502272442131],[-81.2434320139641,41.5505686844181],[-81.2434321526576,41.5506498861348],[-81.2418365942173,41.5506653814207],[-81.2418367049487,41.5502427312827]]]},"properties":{"source_county":"Geauga","jurisdiction":"Munson Township","parcel_id":"21-016400","owner_name":"BILOOCHENKO DENYS & KANTIMIROVA ALEKSANDRA","property_address":"11775 AUBURN RD","property_city":"CHARDON","property_zip":"44024"}},{"type":"Feature","geometry":{"type":"Polygon","coordinates":[[[-81.2305839917116,41.5580709714318],[-81.2306025546683,41.5576732751311],[-81.2317215215662,41.5577030937264],[-81.2317246124539,41.5577107627726],[-81.2318837180306,41.5581055011162],[-81.2305839917116,41.5580709714318]]]},"properties":{"source_county":"Geauga","jurisdiction":"Munson Township","parcel_id":"21-016500","owner_name":"MCARTHUR JUSTIN","property_address":"11526 ORCHARD RD","property_city":"CHARDON","property_zip":"44024"}},{"type":"Feature","geometry":{"type":"Polygon","coordinates":[[[-81.2418363511597,41.5515106821909],[-81.2434335944348,41.5514951680053],[-81.2434336097111,41.5515045585159],[-81.2434337474135,41.5515852496176],[-81.2434342957318,41.5519068316288],[-81.2418362186891,41.5519223549048],[-81.2418363511597,41.5515106821909]]]},"properties":{"source_county":"Geauga","jurisdiction":"Munson Township","parcel_id":"21-031630","owner_name":"TERRANOVA VINCENT M","property_address":"11733 AUBURN RD","property_city":"CHARDON","property_zip":"44024"}},{"type":"Feature","geometry":{"type":"Polygon","coordinates":[[[-81.2290772841191,41.5529195327117],[-81.2293568736386,41.5526306138018],[-81.2295365304156,41.5528037937881],[-81.2292569421304,41.553092714028],[-81.2290772841191,41.5529195327117]]]},"properties":{"source_county":"Geauga","jurisdiction":"Munson Township","parcel_id":"21-032950","owner_name":"BLUEMMEL LAWRENCE & KRISTEN","property_address":" OVERLOOK RD","property_city":"CHARDON","property_zip":"44024"}},{"type":"Feature","geometry":{"type":"Polygon","coordinates":[[[-81.22889762704,41.5527463520082],[-81.2291772166302,41.5524574326144],[-81.2293568736386,41.5526306138018],[-81.2290772841191,41.5529195327117],[-81.22889762704,41.5527463520082]]]},"properties":{"source_county":"Geauga","jurisdiction":"Munson Township","parcel_id":"21-032960","owner_name":"BLUEMMEL LAWRENCE & KRISTEN","property_address":"11711 OVERLOOK RD","property_city":"CHARDON","property_zip":"44024"}},{"type":"Feature","geometry":{"type":"Polygon","coordinates":[[[-81.2307221732636,41.5599660561602],[-81.2311261789137,41.5597303753085],[-81.2319990732444,41.5605744823421],[-81.231594460598,41.5608095814419],[-81.2307221732636,41.5599660561602]]]},"properties":{"source_county":"Geauga","jurisdiction":"Munson Township","parcel_id":"21-033000","owner_name":"BOND THOMAS J & DIANE K CO TRUSTEES","property_address":"11391 WILSON MILLS RD","property_city":"CHARDON","property_zip":"44024"}},{"type":"Feature","geometry":{"type":"Polygon","coordinates":[[[-81.2242289806073,41.5659170218283],[-81.2294360328584,41.565873589027],[-81.2294154355757,41.5664327100862],[-81.2240763011045,41.5664714836751],[-81.2242289806073,41.5659170218283]]]},"properties":{"source_county":"Geauga","jurisdiction":"Munson Township","parcel_id":"21-033700","owner_name":"PETSCHE JOSEPH J & BETH A","property_address":"11626 WILSON MILLS RD","property_city":"CHARDON","property_zip":"44024"}},{"type":"Feature","geometry":{"type":"Polygon","coordinates":[[[-81.246259025259,41.5514850432587],[-81.246259082805,41.5514850429797],[-81.2462559513408,41.5516001227815],[-81.2462426639476,41.5520885137901],[-81.2462292088992,41.5525830235607],[-81.2456263025265,41.5525871926574],[-81.2456561865385,41.5514892122329],[-81.246259025259,41.5514850432587]]]},"properties":{"source_county":"Geauga","jurisdiction":"Munson Township","parcel_id":"21-033850","owner_name":"MEDVED MILAN & SANJA","property_address":"11016 WOOD HOLLOW DR","property_city":"CHARDON","property_zip":"44024"}},{"type":"Feature","geometry":{"type":"Polygon","coordinates":[[[-81.2275590586228,41.561560989793],[-81.22810713182,41.5615566119487],[-81.2281173018241,41.5623910532037],[-81.2275692239139,41.5623956229245],[-81.2275590586228,41.561560989793]]]},"properties":{"source_county":"Geauga","jurisdiction":"Munson Township","parcel_id":"21-034200","owner_name":"FOX GARRET E PURKAPILE","property_address":"11495 WOODIEBROOK RD","property_city":"CHARDON","property_zip":"44024"}},{"type":"Feature","geometry":{"type":"Polygon","coordinates":[[[-81.2462892776584,41.5508697838846],[-81.2477506113655,41.5508596620939],[-81.2477314533322,41.5512188484658],[-81.2477287704768,41.5512349423127],[-81.2477225211189,41.5512504676371],[-81.2477128834403,41.5512649817741],[-81.2477001322326,41.5512780708904],[-81.2476846310624,41.5512893617832],[-81.2476668219051,41.5512985325211],[-81.2476472125432,41.5513053216235],[-81.2476263620881,41.5513095355164],[-81.2476048650384,41.551311054051],[-81.2462652379798,41.5513203309351],[-81.2462858199206,41.5509345802505],[-81.2462892776584,41.5508697838846]]]},"properties":{"source_county":"Geauga","jurisdiction":"Munson Township","parcel_id":"21-034260","owner_name":"BERACZ KARL G & RENEE E","property_address":"10989 WOOD HOLLOW DR","property_city":"CHARDON","property_zip":"44024"}},{"type":"Feature","geometry":{"type":"Polygon","coordinates":[[[-81.2242289806073,41.5659170218283],[-81.224437487124,41.5655044926171],[-81.2261668612377,41.5654900422726],[-81.2261684965344,41.565597012535],[-81.2294472192883,41.5655698901457],[-81.2294398429351,41.5657701453524],[-81.2294360328584,41.565873589027],[-81.2242289806073,41.5659170218283]]]},"properties":{"source_county":"Geauga","jurisdiction":"Munson Township","parcel_id":"21-034500","owner_name":"PATETE MARIO ANTHONY","property_address":"11612 WILSON MILLS RD","property_city":"CHARDON","property_zip":"44024"}},{"type":"Feature","geometry":{"type":"Polygon","coordinates":[[[-81.246306130672,41.550548831091],[-81.2463064028175,41.5505488295275],[-81.2462892776584,41.5508697838846],[-81.2462858199206,41.5509345802505],[-81.2462855261832,41.5509345824814],[-81.2434326720809,41.5509542874136],[-81.2434321526576,41.5506498861348],[-81.2434320139641,41.5505686844181],[-81.246306130672,41.550548831091]]]},"properties":{"source_county":"Geauga","jurisdiction":"Munson Township","parcel_id":"21-034600","owner_name":"MCLEAN MILES W & TINA M","property_address":"11760 AUBURN RD","property_city":"CHARDON","property_zip":"44024"}},{"type":"Feature","geometry":{"type":"Polygon","coordinates":[[[-81.2384726298955,41.5556584804812],[-81.2387323093296,41.5555069563826],[-81.239478209497,41.5562281770115],[-81.2392146221163,41.5563813712545],[-81.2391314441677,41.5564297132263],[-81.2383860633497,41.5557089922153],[-81.2384726298955,41.5556584804812]]]},"properties":{"source_county":"Geauga","jurisdiction":"Munson Township","parcel_id":"21-034700","owner_name":"NAAMANI PAIGE D & MUHIEDDINE","property_address":"11191 WILSON MILLS RD","property_city":"CHARDON","property_zip":"44024"}},{"type":"Feature","geometry":{"type":"Polygon","coordinates":[[[-81.239801509817,41.5596959570303],[-81.2398304621483,41.5592848618525],[-81.241421718018,41.559322072635],[-81.2413944109675,41.5597099577572],[-81.2413927769935,41.559733161015],[-81.239801509817,41.5596959570303]]]},"properties":{"source_county":"Geauga","jurisdiction":"Munson Township","parcel_id":"21-035130","owner_name":"KILMER JOYCE H TOD","property_address":"11544 UPPER CHELSEA DR","property_city":"CHARDON","property_zip":"44024"}},{"type":"Feature","geometry":{"type":"Polygon","coordinates":[[[-81.2327517946784,41.5530658624157],[-81.2332652538227,41.5528859189734],[-81.2333058204932,41.5529504176957],[-81.2333533281193,41.5530121845832],[-81.2334074532578,41.553070799088],[-81.2334678274069,41.5531258621244],[-81.233534039514,41.5531769987867],[-81.23310688896,41.5535626126678],[-81.2330056690289,41.5534728661256],[-81.2328285436535,41.553315817434],[-81.2326518422286,41.5531591440865],[-81.2327517946784,41.5530658624157]]]},"properties":{"source_county":"Geauga","jurisdiction":"Munson Township","parcel_id":"21-035500","owner_name":"ALBERTSON HARRY J & JANET L","property_address":"11701 SYCAMORE RD","property_city":"CHARDON","property_zip":"44024"}},{"type":"Feature","geometry":{"type":"Polygon","coordinates":[[[-81.2324329380794,41.5537923241849],[-81.2330056690289,41.5534728661256],[-81.23310688896,41.5535626126678],[-81.2331548801828,41.5536051642198],[-81.233182796452,41.5536299145521],[-81.2325964694056,41.5539574834865],[-81.2324329380794,41.5537923241849]]]},"properties":{"source_county":"Geauga","jurisdiction":"Munson Township","parcel_id":"21-035600","owner_name":"KISS KURT C & LAURIE L","property_address":" BASSWOOD RD","property_city":"CHARDON","property_zip":"44024"}},{"type":"Feature","geometry":{"type":"Polygon","coordinates":[[[-81.232267228916,41.5536284258601],[-81.2328285436535,41.553315817434],[-81.2330056690289,41.5534728661256],[-81.2324329380794,41.5537923241849],[-81.2323169626516,41.5536751930943],[-81.232267228916,41.5536284258601]]]},"properties":{"source_county":"Geauga","jurisdiction":"Munson Township","parcel_id":"21-035700","owner_name":"GRAZIANO MICHELLE","property_address":" BASSWOOD RD","property_city":"CHARDON","property_zip":"44024"}},{"type":"Feature","geometry":{"type":"Polygon","coordinates":[[[-81.2320806686896,41.5534975971535],[-81.2324288430277,41.5530768762226],[-81.2326518422286,41.5531591440865],[-81.2328285436535,41.553315817434],[-81.232267228916,41.5536284258601],[-81.2322094038308,41.5535813926288],[-81.2321471031739,41.5535377031771],[-81.2320806686896,41.5534975971535]]]},"properties":{"source_county":"Geauga","jurisdiction":"Munson Township","parcel_id":"21-035800","owner_name":"GRAZIANO MICHELLE","property_address":"11682 BASSWOOD RD","property_city":"CHARDON","property_zip":"44024"}},{"type":"Feature","geometry":{"type":"Polygon","coordinates":[[[-81.2338165894756,41.5549287726782],[-81.2342524592816,41.5545199375766],[-81.2343158627374,41.5545565225862],[-81.2343755471673,41.554596481924],[-81.234431195,41.5546396029773],[-81.2344825101401,41.5546856563104],[-81.2345205444278,41.5547224364261],[-81.2337596689596,41.5551631474672],[-81.2338165894756,41.5549287726782]]]},"properties":{"source_county":"Geauga","jurisdiction":"Munson Township","parcel_id":"21-035900","owner_name":"DURST MACKENZIE & ROBERTA","property_address":" BASSWOOD RD","property_city":"CHARDON","property_zip":"44024"}},{"type":"Feature","geometry":{"type":"Polygon","coordinates":[[[-81.2337596689596,41.5551631474672],[-81.2345205444278,41.5547224364261],[-81.2345206279959,41.5547225165804],[-81.2346961482651,41.5548922519079],[-81.2350425865628,41.5552272645512],[-81.2337226542561,41.5559975014043],[-81.2334640547414,41.5557284326526],[-81.2333303534952,41.5555893173882],[-81.2333098874497,41.5555680225498],[-81.2333405736368,41.5555403997064],[-81.2337596689596,41.5551631474672]]]},"properties":{"source_county":"Geauga","jurisdiction":"Munson Township","parcel_id":"21-036000","owner_name":"DURST MACKENZIE & ROBERTA","property_address":"11627 BASSWOOD RD","property_city":"CHARDON","property_zip":"44024"}},{"type":"Feature","geometry":{"type":"Polygon","coordinates":[[[-81.2337226542561,41.5559975014043],[-81.2350425865628,41.5552272645512],[-81.2352443042261,41.5554223280409],[-81.2339151685833,41.5561978076221],[-81.2337226542561,41.5559975014043]]]},"properties":{"source_county":"Geauga","jurisdiction":"Munson Township","parcel_id":"21-036100","owner_name":"DURST MACKENZIE & ROBERTA","property_address":" BASSWOOD RD","property_city":"CHARDON","property_zip":"44024"}},{"type":"Feature","geometry":{"type":"Polygon","coordinates":[[[-81.229550417749,41.5538866162402],[-81.2298134228923,41.5536044837468],[-81.2299477999712,41.5536964022302],[-81.2299478307322,41.553696423278],[-81.2300308288337,41.5537531969924],[-81.2299432058606,41.5538463608942],[-81.2299431752334,41.553846394778],[-81.2297658329616,41.5540349506842],[-81.2296564585977,41.5539621491487],[-81.229550417749,41.5538866162402]]]},"properties":{"source_county":"Geauga","jurisdiction":"Munson Township","parcel_id":"21-036550","owner_name":"SYLAK ROBERT S","property_address":"11658 MAPLEWOOD RD","property_city":"CHARDON","property_zip":"44024"}},{"type":"Feature","geometry":{"type":"Polygon","coordinates":[[[-81.2299432058606,41.5538463608942],[-81.2300308288337,41.5537531969924],[-81.2302338720459,41.5538937851531],[-81.2299940800926,41.5541720302196],[-81.2299342150526,41.5541378859491],[-81.2299341877824,41.5541378703424],[-81.2298745257123,41.5541025972392],[-81.2297658329616,41.5540349506842],[-81.2299431752334,41.553846394778],[-81.2299432058606,41.5538463608942]]]},"properties":{"source_county":"Geauga","jurisdiction":"Munson Township","parcel_id":"21-036551","owner_name":"SYLAK ROBERT S","property_address":" MAPLEWOOD RD","property_city":"CHARDON","property_zip":"44024"}},{"type":"Feature","geometry":{"type":"Polygon","coordinates":[[[-81.2269914137615,41.5674332260295],[-81.2277955681913,41.5674261091121],[-81.2277663003193,41.5681662126798],[-81.2277630738433,41.5682478032272],[-81.2269589610529,41.5682536156733],[-81.2269621886709,41.568172017946],[-81.2269914137615,41.5674332260295]]]},"properties":{"source_county":"Geauga","jurisdiction":"Munson Township","parcel_id":"21-036800","owner_name":"FLECKENSTEIN PATRICE A TRUSTEE TOD","property_address":"11511 WINCHESTER DR","property_city":"CHARDON","property_zip":"44024"}},{"type":"Feature","geometry":{"type":"Polygon","coordinates":[[[-81.2494610094898,41.5525150301146],[-81.2501090949298,41.5516761263616],[-81.2501136655896,41.551682647784],[-81.2501166638506,41.551689665233],[-81.2501179991209,41.5516969666785],[-81.2501176310551,41.5517043315094],[-81.2501155707737,41.5517115371993],[-81.2501118805269,41.5517183660304],[-81.2500946215258,41.5517499369794],[-81.2500845445631,41.5517832162162],[-81.2500819266995,41.5518172887818],[-81.2500868399206,41.5518512179051],[-81.2500991491565,41.5518840707567],[-81.2501185159939,41.5519149440967],[-81.2501444079793,41.5519429891075],[-81.2501761132571,41.5519674347316],[-81.2502127601405,41.5519876088703],[-81.2502533410774,41.5520029568631],[-81.2500489169891,41.5530695637213],[-81.249409557927,41.5530666135541],[-81.2494245433586,41.5525148615366],[-81.2494610094898,41.5525150301146]]]},"properties":{"source_county":"Geauga","jurisdiction":"Munson Township","parcel_id":"21-036830","owner_name":"DEROV BRIAN & CAROL B","property_address":"10906 WOOD HOLLOW DR","property_city":"CHARDON","property_zip":"44024"}},{"type":"Feature","geometry":{"type":"Polygon","coordinates":[[[-81.2485430658919,41.5514692167773],[-81.2491826104507,41.5514647772385],[-81.2491541195446,41.5525136132776],[-81.2485147659485,41.5525106581825],[-81.2485430658919,41.5514692167773]]]},"properties":{"source_county":"Geauga","jurisdiction":"Munson Township","parcel_id":"21-036960","owner_name":"BROWN JOAN N","property_address":"10940 WOOD HOLLOW DR","property_city":"CHARDON","property_zip":"44024"}},{"type":"Feature","geometry":{"type":"Polygon","coordinates":[[[-81.2279745517303,41.556490545331],[-81.2282834317054,41.5561017592206],[-81.229321595749,41.556116514483],[-81.2294546269952,41.5567118245801],[-81.2293549516109,41.5567241299692],[-81.2292541916778,41.556729494694],[-81.2291532019915,41.5567278732433],[-81.2290528392971,41.5567192793724],[-81.2289061779629,41.5567015279796],[-81.2287045520866,41.5566771241542],[-81.2285767111254,41.5566620328553],[-81.2284505549779,41.556640372309],[-81.2283266812455,41.5566122451217],[-81.2282056767158,41.5565777845319],[-81.2280881145827,41.5565371537792],[-81.2279745517303,41.556490545331]]]},"properties":{"source_county":"Geauga","jurisdiction":"Munson Township","parcel_id":"21-037020","owner_name":"RICHMOND DAVID & ANGELIQUE","property_address":"11469 PARKSIDE RD","property_city":"CHARDON","property_zip":"44024"}},{"type":"Feature","geometry":{"type":"Polygon","coordinates":[[[-81.2374798468835,41.5573895771609],[-81.23791362147,41.5571374843943],[-81.238297102416,41.557512557921],[-81.2388881184405,41.5580906068637],[-81.2386463994551,41.5582301679644],[-81.2384538726622,41.5583413266516],[-81.2384299394991,41.5583179680827],[-81.2376091712374,41.5575159501007],[-81.2374798468835,41.5573895771609]]]},"properties":{"source_county":"Geauga","jurisdiction":"Munson Township","parcel_id":"21-037100","owner_name":"NERO GINO & KERRY C","property_address":"11236 WILSON MILLS RD","property_city":"CHARDON","property_zip":"44024"}},{"type":"Feature","geometry":{"type":"Polygon","coordinates":[[[-81.2346687775116,41.5575304018256],[-81.2350268219299,41.5573215059803],[-81.2352061389447,41.5574949025515],[-81.2352399537149,41.5575276004017],[-81.2359916288763,41.5582544449614],[-81.2356788525351,41.5584362068705],[-81.2355581462644,41.5585063518979],[-81.2345939866448,41.557574036859],[-81.2346687775116,41.5575304018256]]]},"properties":{"source_county":"Geauga","jurisdiction":"Munson Township","parcel_id":"21-037300","owner_name":"KLOSKI JOHN J TOD & CHRISTINE M TOD","property_address":"11281 WILSON MILLS RD","property_city":"CHARDON","property_zip":"44024"}},{"type":"Feature","geometry":{"type":"Polygon","coordinates":[[[-81.2417940218201,41.5575019475232],[-81.2412961102303,41.5567961705023],[-81.2432426125003,41.5568443396217],[-81.2432286452212,41.5570428234308],[-81.2431940957574,41.5575337919722],[-81.243106983939,41.5575318107188],[-81.2417940218201,41.5575019475232]]]},"properties":{"source_county":"Geauga","jurisdiction":"Munson Township","parcel_id":"21-037310","owner_name":"BRYAN GRETCHEN A","property_address":"11547 AUBURN RD","property_city":"CHARDON","property_zip":"44024"}},{"type":"Feature","geometry":{"type":"Polygon","coordinates":[[[-81.2380398164499,41.555911026115],[-81.2383860633497,41.5557089922153],[-81.2391314441677,41.5564297132263],[-81.2387846778861,41.5566312493058],[-81.2380398164499,41.555911026115]]]},"properties":{"source_county":"Geauga","jurisdiction":"Munson Township","parcel_id":"21-037970","owner_name":"OURS ROBERT A & ADAMS TAYLOR A","property_address":"11193 WILSON MILLS RD","property_city":"CHARDON","property_zip":"44024"}},{"type":"Feature","geometry":{"type":"Polygon","coordinates":[[[-81.229321595749,41.556116514483],[-81.2291757271744,41.5554637426091],[-81.2292764403154,41.5554701023051],[-81.2293775051847,41.5554694668632],[-81.2294780624782,41.5554618416862],[-81.2295772572075,41.5554472916072],[-81.2296742459712,41.5554259403379],[-81.2297682041258,41.5553979694173],[-81.2298583327985,41.5553636166673],[-81.2298602853222,41.5553627708517],[-81.2298969295702,41.5553463567987],[-81.2299647629355,41.555311984693],[-81.2300289518992,41.5552738677047],[-81.2301126287157,41.5552149533916],[-81.2301896058297,41.5551510928349],[-81.2307868669216,41.5554062221154],[-81.2302009772048,41.5556902368531],[-81.2298815520005,41.5558450785957],[-81.229321595749,41.556116514483]]]},"properties":{"source_county":"Geauga","jurisdiction":"Munson Township","parcel_id":"21-038370","owner_name":"FEDORKO LAWRENCE M & PARADA CARMEN PATRICIA MARLEN LEON CO TRUSTEES","property_address":"11605 EDGEWOOD RD","property_city":"CHARDON","property_zip":"44024"}},{"type":"Feature","geometry":{"type":"Polygon","coordinates":[[[-81.2329492388737,41.5552826064063],[-81.2333405736368,41.5555403997064],[-81.2333098874497,41.5555680225498],[-81.2333303534952,41.5555893173882],[-81.2334640547414,41.5557284326526],[-81.2328100451552,41.555957758828],[-81.2327917672084,41.5559306309707],[-81.232680337895,41.5557652430025],[-81.232706508318,41.5557506993315],[-81.2325496367391,41.5555590142473],[-81.2326282948763,41.5555239541348],[-81.2327027875582,41.5554840901186],[-81.2327725960734,41.5554396997858],[-81.2328372343315,41.5553910922414],[-81.2328962522471,41.5553386059555],[-81.2329492388737,41.5552826064063]]]},"properties":{"source_county":"Geauga","jurisdiction":"Munson Township","parcel_id":"21-039000","owner_name":"ARMBRUSTER JAMES K & MC DIVITT DEBORA M","property_address":"11364 PARKSIDE RD","property_city":"CHARDON","property_zip":"44024"}},{"type":"Feature","geometry":{"type":"Polygon","coordinates":[[[-81.2331390907836,41.5548103438856],[-81.2331391623437,41.5548101150405],[-81.2337596689596,41.5551631474672],[-81.2333405736368,41.5555403997064],[-81.2329492388737,41.5552826064063],[-81.2329934540438,41.5552267899636],[-81.2330316712799,41.5551685281924],[-81.2330636525423,41.5551081840069],[-81.2330891986363,41.5550461332919],[-81.2331081504541,41.5549827625612],[-81.2331203899643,41.5549184665497],[-81.2331259991579,41.554864040124],[-81.2331390907836,41.5548103438856]]]},"properties":{"source_county":"Geauga","jurisdiction":"Munson Township","parcel_id":"21-039010","owner_name":"POWELL STEVEN M TOD & NORA C TOD","property_address":"11352 PARKSIDE RD","property_city":"CHARDON","property_zip":"44024"}},{"type":"Feature","geometry":{"type":"Polygon","coordinates":[[[-81.2325496367391,41.5555590142473],[-81.232706508318,41.5557506993315],[-81.232680337895,41.5557652430025],[-81.2327917672084,41.5559306309707],[-81.2328100451552,41.555957758828],[-81.2321922048744,41.5561662840945],[-81.2321614123374,41.5561155553165],[-81.2321077420111,41.556018361413],[-81.232060364838,41.5559193390458],[-81.2320193907073,41.5558187179532],[-81.2319849146517,41.5557167315815],[-81.2321021511808,41.5556946499972],[-81.2322175892167,41.5556677485172],[-81.2323308778243,41.5556361089231],[-81.2324416726039,41.5555998274007],[-81.2325496367391,41.5555590142473]]]},"properties":{"source_county":"Geauga","jurisdiction":"Munson Township","parcel_id":"21-039100","owner_name":"KILFOYLE CHARLES E & HEATHER","property_address":"11370 PARKSIDE RD","property_city":"CHARDON","property_zip":"44024"}},{"type":"Feature","geometry":{"type":"Polygon","coordinates":[[[-81.2292569421304,41.553092714028],[-81.2295365304156,41.5528037937881],[-81.229962656432,41.5532145514647],[-81.2299626929236,41.5532145860828],[-81.229985679484,41.5532367438784],[-81.2299612057677,41.5532627877153],[-81.2299611678273,41.5532628278225],[-81.2297195339039,41.5535199581237],[-81.2296256451404,41.5534354333227],[-81.2294365999106,41.5532658941431],[-81.2292569421304,41.553092714028]]]},"properties":{"source_county":"Geauga","jurisdiction":"Munson Township","parcel_id":"21-040300","owner_name":"SCHMIDT DENNIS J J & ANNE E","property_address":"11695 OVERLOOK RD","property_city":"CHARDON","property_zip":"44024"}},{"type":"Feature","geometry":{"type":"Polygon","coordinates":[[[-81.2299779227349,41.5527207627429],[-81.2300534032701,41.5526482917263],[-81.2302289033459,41.5528190577495],[-81.2299669389488,41.553076888322],[-81.22996689981,41.5530769284162],[-81.2299629120623,41.5530808523736],[-81.2297832521998,41.5529076730494],[-81.2299778787498,41.5527208054855],[-81.2299779227349,41.5527207627429]]]},"properties":{"source_county":"Geauga","jurisdiction":"Munson Township","parcel_id":"21-040400","owner_name":"DI MEOLO GREGORY L & KAREN M","property_address":" OVERLOOK RD","property_city":"CHARDON","property_zip":"44024"}},{"type":"Feature","geometry":{"type":"Polygon","coordinates":[[[-81.2304922422077,41.5600397592212],[-81.2305302245948,41.5592229194956],[-81.2319327372489,41.5592598535319],[-81.2315590393829,41.5594778593077],[-81.2311261789137,41.5597303753085],[-81.2307221732636,41.5599660561602],[-81.2304916287867,41.5601005447867],[-81.2304922422077,41.5600397592212]]]},"properties":{"source_county":"Geauga","jurisdiction":"Munson Township","parcel_id":"21-040900","owner_name":"HALL JOTHAM & PRABUCKI THERESA","property_address":"11470 ORCHARD RD","property_city":"CHARDON","property_zip":"44024"}},{"type":"Feature","geometry":{"type":"Polygon","coordinates":[[[-81.2360114981193,41.5700278818812],[-81.2364042267119,41.5624568184265],[-81.2369231249206,41.5624640381262],[-81.2368806337339,41.5632833316514],[-81.2367833278671,41.5651594828351],[-81.2365310197795,41.5700242297404],[-81.2360114981193,41.5700278818812]]]},"properties":{"source_county":"Geauga","jurisdiction":"Munson Township","parcel_id":"21-042300","owner_name":"CARSON BRUCE E TOD & MARY K TOD","property_address":"11275 THWING RD","property_city":"CHARDON","property_zip":"44024"}},{"type":"Feature","geometry":{"type":"Polygon","coordinates":[[[-81.2479899284603,41.5504858578922],[-81.2480331424183,41.5496755415163],[-81.2500637258608,41.5502629649589],[-81.2499116440769,41.5504726559883],[-81.2479899284603,41.5504858578922]]]},"properties":{"source_county":"Geauga","jurisdiction":"Munson Township","parcel_id":"21-042370","owner_name":"COGAN EDWARD J & JUDITH E TRUSTEES","property_address":"11780 SUN RIDGE CIR","property_city":"CHARDON","property_zip":"44024"}},{"type":"Feature","geometry":{"type":"Polygon","coordinates":[[[-81.236611524669,41.5567444046643],[-81.2372607516101,41.5563655989998],[-81.2380044456733,41.5570847005213],[-81.23791362147,41.5571374843943],[-81.2374798468835,41.5573895771609],[-81.2373542437175,41.5574625721761],[-81.236611524669,41.5567444046643]]]},"properties":{"source_county":"Geauga","jurisdiction":"Munson Township","parcel_id":"21-042400","owner_name":"BOND DUSTIN & KATHERINE","property_address":"11231 WILSON MILLS RD","property_city":"CHARDON","property_zip":"44024"}},{"type":"Feature","geometry":{"type":"Polygon","coordinates":[[[-81.2381234025118,41.560891995025],[-81.2381523645656,41.5604809076147],[-81.2397436067386,41.5605181328208],[-81.2397146546543,41.5609292206229],[-81.2381234025118,41.560891995025]]]},"properties":{"source_county":"Geauga","jurisdiction":"Munson Township","parcel_id":"21-043150","owner_name":"MASKOL MARK D & JENNIFER","property_address":"11491 UPPER CHELSEA DR","property_city":"CHARDON","property_zip":"44024"}},{"type":"Feature","geometry":{"type":"Polygon","coordinates":[[[-81.2259247175297,41.5624093180816],[-81.2259129644723,41.5614423360919],[-81.2264629132425,41.5615697359334],[-81.226473069063,41.5624047546187],[-81.2259247175297,41.5624093180816]]]},"properties":{"source_county":"Geauga","jurisdiction":"Munson Township","parcel_id":"21-043300","owner_name":"BURLISON RANDY J & CHRISTINE L","property_address":"11539 WOODIEBROOK RD","property_city":"CHARDON","property_zip":"44024"}},{"type":"Feature","geometry":{"type":"Polygon","coordinates":[[[-81.2253753650843,41.5623315512068],[-81.2253630178589,41.5613149327403],[-81.2259129644723,41.5614423360919],[-81.2259247175297,41.5624093180816],[-81.2253752518786,41.5624138892382],[-81.2253753650843,41.5623315512068]]]},"properties":{"source_county":"Geauga","jurisdiction":"Munson Township","parcel_id":"21-043400","owner_name":"BURLISON RANDY J & CHRISTINE L","property_address":" WOODIEBROOK RD","property_city":"CHARDON","property_zip":"44024"}},{"type":"Feature","geometry":{"type":"Polygon","coordinates":[[[-81.2304357849463,41.5522997625291],[-81.2307673285504,41.5519420711634],[-81.2309333297205,41.5521058309184],[-81.2305873687393,41.5524874470374],[-81.2305133420248,41.5523928003176],[-81.2304357849463,41.5522997625291]]]},"properties":{"source_county":"Geauga","jurisdiction":"Munson Township","parcel_id":"21-044440","owner_name":"DAVIDSON BRIAN E & SZHUHAY SAMANTHA","property_address":"11718 BASSWOOD RD","property_city":"CHARDON","property_zip":"44024"}},{"type":"Feature","geometry":{"type":"Polygon","coordinates":[[[-81.2305873687393,41.5524874470374],[-81.2309333297205,41.5521058309184],[-81.2309909354655,41.5522141454061],[-81.2306578050126,41.5525836282221],[-81.2305873687393,41.5524874470374]]]},"properties":{"source_county":"Geauga","jurisdiction":"Munson Township","parcel_id":"21-044450","owner_name":"DAVIDSON BRIAN E & SZHUHAY SAMANTHA","property_address":" BASSWOOD RD","property_city":"CHARDON","property_zip":"44024"}},{"type":"Feature","geometry":{"type":"Polygon","coordinates":[[[-81.2396857022068,41.5613403083629],[-81.2397146546543,41.5609292206229],[-81.2413059529392,41.5609664257958],[-81.2412770104617,41.5613775139275],[-81.2396857022068,41.5613403083629]]]},"properties":{"source_county":"Geauga","jurisdiction":"Munson Township","parcel_id":"21-045550","owner_name":"DAVIS SANDRA TOD","property_address":"11474 UPPER CHELSEA DR","property_city":"CHARDON","property_zip":"44024"}},{"type":"Feature","geometry":{"type":"Polygon","coordinates":[[[-81.2292442795447,41.5523881315634],[-81.2295153041065,41.5521292670884],[-81.2296961249345,41.5523031376777],[-81.2294239353417,41.5525613126377],[-81.2292442795447,41.5523881315634]]]},"properties":{"source_county":"Geauga","jurisdiction":"Munson Township","parcel_id":"21-045900","owner_name":"HANSEN LANCE E JR TOD","property_address":" OVERLOOK RD","property_city":"CHARDON","property_zip":"44024"}},{"type":"Feature","geometry":{"type":"Polygon","coordinates":[[[-81.2294239353417,41.5525613126377],[-81.2296961249345,41.5523031376777],[-81.2298756134216,41.5524762171622],[-81.2296035933045,41.5527344925372],[-81.2294239353417,41.5525613126377]]]},"properties":{"source_county":"Geauga","jurisdiction":"Munson Township","parcel_id":"21-046000","owner_name":"HANSEN LANCE E JR TOD","property_address":"11710 OVERLOOK RD","property_city":"CHARDON","property_zip":"44024"}},{"type":"Feature","geometry":{"type":"Polygon","coordinates":[[[-81.2308697411559,41.5528952976515],[-81.2311705295309,41.5525518308901],[-81.2312383008111,41.5526792594738],[-81.2312992966321,41.5527939449064],[-81.2310555130331,41.5530814038356],[-81.2309864586381,41.5530235075399],[-81.230924377503,41.5529613146794],[-81.2308697411559,41.5528952976515]]]},"properties":{"source_county":"Geauga","jurisdiction":"Munson Township","parcel_id":"21-046400","owner_name":"FRANCIS JOAN TOD","property_address":" BASSWOOD RD","property_city":"CHARDON","property_zip":"44024"}},{"type":"Feature","geometry":{"type":"Polygon","coordinates":[[[-81.2319327372489,41.5592598535319],[-81.231991896515,41.5592253416728],[-81.2328660886975,41.5600706928284],[-81.2327513846239,41.5601373435241],[-81.2324325832285,41.5603225888614],[-81.2315590393829,41.5594778593077],[-81.2319327372489,41.5592598535319]]]},"properties":{"source_county":"Geauga","jurisdiction":"Munson Township","parcel_id":"21-046800","owner_name":"CONLEY CAROLE A TRUSTEE","property_address":"11369 WILSON MILLS RD","property_city":"CHARDON","property_zip":"44024"}},{"type":"Feature","geometry":{"type":"Polygon","coordinates":[[[-81.2382392485291,41.5592476459117],[-81.2382678131698,41.5588421766228],[-81.2399194157711,41.5588721935887],[-81.2398861103846,41.5589738612565],[-81.2398601363703,41.5590767276422],[-81.2398415690152,41.5591804947197],[-81.2398304621483,41.5592848618525],[-81.2382392485291,41.5592476459117]]]},"properties":{"source_county":"Geauga","jurisdiction":"Munson Township","parcel_id":"21-046850","owner_name":"BALUCH JOHN P & HANNON KAREN","property_address":"11555 UPPER CHELSEA DR","property_city":"CHARDON","property_zip":"44024"}},{"type":"Feature","geometry":{"type":"Polygon","coordinates":[[[-81.2413162159275,41.5551646601778],[-81.2414638084933,41.5550795724405],[-81.2421670924518,41.555844653004],[-81.2418761296428,41.5562620933629],[-81.2417515322433,41.5563090014143],[-81.2409131983681,41.5553970000899],[-81.2413162159275,41.5551646601778]]]},"properties":{"source_county":"Geauga","jurisdiction":"Munson Township","parcel_id":"21-047900","owner_name":"GONZALES ABRAN M III & KATHRYN M","property_address":"11134 WILSON MILLS RD","property_city":"CHARDON","property_zip":"44024"}},{"type":"Feature","geometry":{"type":"Polygon","coordinates":[[[-81.2291573309637,41.5535544808362],[-81.2294365999106,41.5532658941431],[-81.2296256451404,41.5534354333227],[-81.2293488151395,41.5537277049569],[-81.2292510808406,41.5536423354373],[-81.2291573309637,41.5535544808362]]]},"properties":{"source_county":"Geauga","jurisdiction":"Munson Township","parcel_id":"21-048030","owner_name":"CROMPTON STEPHEN E & ELAIN I","property_address":"11676 MAPLEWOOD RD","property_city":"CHARDON","property_zip":"44024"}},{"type":"Feature","geometry":{"type":"Polygon","coordinates":[[[-81.2289776719318,41.553381300292],[-81.2292569421304,41.553092714028],[-81.2294365999106,41.5532658941431],[-81.2291573309637,41.5535544808362],[-81.2289776719318,41.553381300292]]]},"properties":{"source_county":"Geauga","jurisdiction":"Munson Township","parcel_id":"21-048040","owner_name":"CROMPTON STEPHEN E & ELAIN I","property_address":" MAPLEWOOD RD","property_city":"CHARDON","property_zip":"44024"}},{"type":"Feature","geometry":{"type":"Polygon","coordinates":[[[-81.2293488151395,41.5537277049569],[-81.2296256451404,41.5534354333227],[-81.2297195339039,41.5535199581237],[-81.2298134228923,41.5536044837468],[-81.229550417749,41.5538866162402],[-81.229447830759,41.5538084387835],[-81.2293488151395,41.5537277049569]]]},"properties":{"source_county":"Geauga","jurisdiction":"Munson Township","parcel_id":"21-048050","owner_name":"CROMPTON STEPHEN E & ELAIN I","property_address":" MAPLEWOOD RD","property_city":"CHARDON","property_zip":"44024"}},{"type":"Feature","geometry":{"type":"Polygon","coordinates":[[[-81.2479035212463,41.5514736527931],[-81.2485430658919,41.5514692167773],[-81.2485147659485,41.5525106581825],[-81.2483284401011,41.552509796733],[-81.2478754124101,41.5525076995667],[-81.2479035212463,41.5514736527931]]]},"properties":{"source_county":"Geauga","jurisdiction":"Munson Township","parcel_id":"21-048750","owner_name":"PADEREWSKI RUTH A TOD","property_address":"10960 WOOD HOLLOW DR","property_city":"CHARDON","property_zip":"44024"}},{"type":"Feature","geometry":{"type":"Polygon","coordinates":[[[-81.2360717931337,41.5569898390067],[-81.2365667113605,41.5567010733689],[-81.236611524669,41.5567444046643],[-81.2373542437175,41.5574625721761],[-81.2372594307009,41.5575176723552],[-81.2368585829173,41.5577506252585],[-81.2366209157872,41.557520815383],[-81.2360717931337,41.5569898390067]]]},"properties":{"source_county":"Geauga","jurisdiction":"Munson Township","parcel_id":"21-049100","owner_name":"BOCCHIERI DAVE TOD & CYNTHIA A TOD","property_address":"11245 WILSON MILLS RD","property_city":"CHARDON","property_zip":"44024"}},{"type":"Feature","geometry":{"type":"Polygon","coordinates":[[[-81.2366579132808,41.5549051235543],[-81.2372707933204,41.5542864099404],[-81.2374343760403,41.5543992714387],[-81.2375914073493,41.5545172668298],[-81.2377416019079,41.5546401817323],[-81.2378010565817,41.5546918725784],[-81.2378876152236,41.5547705243455],[-81.2378022338992,41.55482215254],[-81.2377897647014,41.5548427669362],[-81.2377803838563,41.5548642850041],[-81.2374175832208,41.555622522133],[-81.237210264507,41.5554220616642],[-81.2368964807858,41.5551186535215],[-81.2367171668436,41.5549452675433],[-81.2366579132808,41.5549051235543]]]},"properties":{"source_county":"Geauga","jurisdiction":"Munson Township","parcel_id":"21-049680","owner_name":"WARD EDWARD W TOD","property_address":"11603 ORIOLE PL","property_city":"CHARDON","property_zip":"44024"}},{"type":"Feature","geometry":{"type":"Polygon","coordinates":[[[-81.2381192769527,41.5547193343467],[-81.238949637009,41.5545376085517],[-81.2391631730866,41.5547602324655],[-81.2391039622171,41.5551413813756],[-81.2383184450431,41.5549319486645],[-81.238045098341,41.5549174803655],[-81.2379978354393,41.5548733764589],[-81.2378876152236,41.5547705243455],[-81.2381192769527,41.5547193343467]]]},"properties":{"source_county":"Geauga","jurisdiction":"Munson Township","parcel_id":"21-050600","owner_name":"SULLIVAN MELISSA M & COOPER CLAYTON S","property_address":"11580 ORIOLE PL","property_city":"CHARDON","property_zip":"44024"}},{"type":"Feature","geometry":{"type":"Polygon","coordinates":[[[-81.2328575995864,41.5587203005866],[-81.2332904467243,41.5584677771486],[-81.2341665874628,41.5593149967221],[-81.2337917253356,41.5595328258154],[-81.2337330919958,41.559566897672],[-81.2328575995864,41.5587203005866]]]},"properties":{"source_county":"Geauga","jurisdiction":"Munson Township","parcel_id":"21-050630","owner_name":"DEIMLING GARY T & LAURA M","property_address":"11329 WILSON MILLS RD","property_city":"CHARDON","property_zip":"44024"}},{"type":"Feature","geometry":{"type":"Polygon","coordinates":[[[-81.2434350143213,41.5523279685731],[-81.2450286129965,41.5523274859523],[-81.2450287565261,41.5525913229167],[-81.2450288376148,41.5527391495975],[-81.2434357156534,41.5527396311859],[-81.2434350350506,41.5523404496327],[-81.2434350143213,41.5523279685731]]]},"properties":{"source_county":"Geauga","jurisdiction":"Munson Township","parcel_id":"21-051400","owner_name":"DEWEESE STANLEY F TOD & KAREN J TOD","property_address":"11698 AUBURN RD","property_city":"CHARDON","property_zip":"44024"}},{"type":"Feature","geometry":{"type":"Polygon","coordinates":[[[-81.2272115038809,41.5537708291543],[-81.2273032361595,41.5536760833214],[-81.2274825533206,41.5538495229758],[-81.2272074685858,41.5541335673875],[-81.2270281890295,41.5539601637568],[-81.2272115038809,41.5537708291543]]]},"properties":{"source_county":"Geauga","jurisdiction":"Munson Township","parcel_id":"21-051570","owner_name":"RICHARDSON SANDRA M TOD","property_address":"11668 EDGEWOOD RD","property_city":"CHARDON","property_zip":"44024"}},{"type":"Feature","geometry":{"type":"Polygon","coordinates":[[[-81.2272074685858,41.5541335673875],[-81.2274825533206,41.5538495229758],[-81.2276618702501,41.55402296143],[-81.2273867490911,41.5543069707316],[-81.2272074685858,41.5541335673875]]]},"properties":{"source_county":"Geauga","jurisdiction":"Munson Township","parcel_id":"21-051580","owner_name":"RICHARDSON SANDRA M TOD","property_address":" EDGEWOOD RD","property_city":"CHARDON","property_zip":"44024"}},{"type":"Feature","geometry":{"type":"Polygon","coordinates":[[[-81.2273867490911,41.5543069707316],[-81.2276618702501,41.55402296143],[-81.2278411893101,41.5541964005112],[-81.2275660305455,41.5544803737892],[-81.2273867490911,41.5543069707316]]]},"properties":{"source_county":"Geauga","jurisdiction":"Munson Township","parcel_id":"21-051590","owner_name":"RICHARDSON SANDRA M TOD","property_address":"11660 EDGEWOOD RD","property_city":"CHARDON","property_zip":"44024"}},{"type":"Feature","geometry":{"type":"Polygon","coordinates":[[[-81.2418362152376,41.551933332784],[-81.2434343141388,41.5519178088413],[-81.2434350143213,41.5523279685731],[-81.2434350350506,41.5523404496327],[-81.2418360756836,41.5523559850812],[-81.2418362152376,41.551933332784]]]},"properties":{"source_county":"Geauga","jurisdiction":"Munson Township","parcel_id":"21-051900","owner_name":"FATICA RENOVATIONS LLC","property_address":"11723 AUBURN RD","property_city":"CHARDON","property_zip":"44024"}},{"type":"Feature","geometry":{"type":"Polygon","coordinates":[[[-81.2418362186891,41.5519223549048],[-81.2434342957318,41.5519068316288],[-81.2434343118167,41.5519163049923],[-81.2434343141388,41.5519178088413],[-81.2418362152376,41.551933332784],[-81.2418362186891,41.5519223549048]]]},"properties":{"source_county":"Geauga","jurisdiction":"Munson Township","parcel_id":"21-051910","owner_name":"FATICA RENOVATIONS LLC","property_address":" AUBURN RD","property_city":"CHARDON","property_zip":"44024"}},{"type":"Feature","geometry":{"type":"Polygon","coordinates":[[[-81.2399141231506,41.5559748240693],[-81.2391631730866,41.5547602324655],[-81.2401799926517,41.5558202986758],[-81.2399141231506,41.5559748240693]]]},"properties":{"source_county":"Geauga","jurisdiction":"Munson Township","parcel_id":"21-052090","owner_name":"ROSS DONALD J & KRISTEN","property_address":" WILSON MILLS RD","property_city":"CHARDON","property_zip":"44024"}},{"type":"Feature","geometry":{"type":"Polygon","coordinates":[[[-81.2358493178027,41.5537805410441],[-81.2359534323654,41.5536370652408],[-81.2360015011234,41.5536567465952],[-81.2363226813342,41.5537882553221],[-81.2364811269623,41.5538558622565],[-81.2366363259612,41.5539275928786],[-81.2366896826465,41.5539535755068],[-81.2366239878771,41.5540198960982],[-81.2361128814604,41.5545358613287],[-81.2355687348993,41.5541671976993],[-81.2358493178027,41.5537805410441]]]},"properties":{"source_county":"Geauga","jurisdiction":"Munson Township","parcel_id":"21-052120","owner_name":"HAMPER WILLIAM J III & RINA M TRUSTEES","property_address":"11276 SPRINGWAY RD","property_city":"CHARDON","property_zip":"44024"}},{"type":"Feature","geometry":{"type":"Polygon","coordinates":[[[-81.2373622263709,41.5651557304058],[-81.2396463835882,41.565140897227],[-81.2394562075781,41.568810444615],[-81.2389074755153,41.568813661054],[-81.2388455953498,41.5700079305508],[-81.2371099782836,41.5700201572848],[-81.2373622263709,41.5651557304058]]]},"properties":{"source_county":"Geauga","jurisdiction":"Munson Township","parcel_id":"21-052200","owner_name":"LLGC LLC","property_address":"11237 THWING RD","property_city":"CHARDON","property_zip":"44024"}},{"type":"Feature","geometry":{"type":"Polygon","coordinates":[[[-81.2261117424508,41.5690718670318],[-81.2264642403933,41.5690699386742],[-81.2264237162779,41.5700948595627],[-81.2257903705006,41.5700992680508],[-81.2258309421025,41.5690734022816],[-81.2261117424508,41.5690718670318]]]},"properties":{"source_county":"Geauga","jurisdiction":"Munson Township","parcel_id":"21-052300","owner_name":"HURLEY TIMOTHY J TOD","property_address":"11543 THWING RD","property_city":"CHARDON","property_zip":"44024"}},{"type":"Feature","geometry":{"type":"Polygon","coordinates":[[[-81.2341665874628,41.5593149967221],[-81.2342714611487,41.5592540555616],[-81.2351723207837,41.5601296904236],[-81.2346921457694,41.5604080408332],[-81.2337917253356,41.5595328258154],[-81.2341665874628,41.5593149967221]]]},"properties":{"source_county":"Geauga","jurisdiction":"Munson Township","parcel_id":"21-052400","owner_name":"BROCK ROY & CAROL","property_address":"11334 WILSON MILLS RD","property_city":"CHARDON","property_zip":"44024"}},{"type":"Feature","geometry":{"type":"Polygon","coordinates":[[[-81.2261018845912,41.5639956363202],[-81.2265661357714,41.563726781706],[-81.2277984076312,41.5650543853229],[-81.2270922591277,41.5650617902044],[-81.2260973844241,41.5639982425018],[-81.2261018845912,41.5639956363202]]]},"properties":{"source_county":"Geauga","jurisdiction":"Munson Township","parcel_id":"21-052500","owner_name":"MILLER RUSSELL C","property_address":"11534 WILSON MILLS RD","property_city":"CHARDON","property_zip":"44024"}},{"type":"Feature","geometry":{"type":"Polygon","coordinates":[[[-81.2355581462644,41.5585063518979],[-81.2356788525351,41.5584362068705],[-81.2366307560812,41.5593614352836],[-81.2361824119143,41.559621346668],[-81.2361326561378,41.5595729853467],[-81.2352309181108,41.5586965099066],[-81.2355581462644,41.5585063518979]]]},"properties":{"source_county":"Geauga","jurisdiction":"Munson Township","parcel_id":"21-052980","owner_name":"DOZANTI DAVID W & ANITA L","property_address":"11296 WILSON MILLS RD","property_city":"CHARDON","property_zip":"44024"}},{"type":"Feature","geometry":{"type":"Polygon","coordinates":[[[-81.2463371815759,41.549971979893],[-81.2477984952501,41.5499618574965],[-81.2477745528726,41.5504107598236],[-81.2463132303805,41.5504208819301],[-81.2463311608688,41.5500848304458],[-81.2463371815759,41.549971979893]]]},"properties":{"source_county":"Geauga","jurisdiction":"Munson Township","parcel_id":"21-053010","owner_name":"MIHEVIC REBECCA L","property_address":"11785 SUN RIDGE CIR","property_city":"CHARDON","property_zip":"44024"}},{"type":"Feature","geometry":{"type":"Polygon","coordinates":[[[-81.2305606479142,41.5572639244221],[-81.2315097784538,41.5571777559567],[-81.2315499252427,41.5572773605159],[-81.2316425826734,41.557507244879],[-81.2317215215662,41.5577030937264],[-81.2306025546683,41.5576732751311],[-81.2306034816077,41.5576467864421],[-81.2306038597841,41.5575505327353],[-81.2305968270614,41.5574544236628],[-81.2305824070079,41.5573587808653],[-81.2305606479142,41.5572639244221]]]},"properties":{"source_county":"Geauga","jurisdiction":"Munson Township","parcel_id":"21-053020","owner_name":"DEDONNO RUSSELL J TRUSTEE","property_address":"11542 ORCHARD RD","property_city":"CHARDON","property_zip":"44024"}},{"type":"Feature","geometry":{"type":"Polygon","coordinates":[[[-81.2305302245948,41.5592229194956],[-81.2305481471888,41.558838936258],[-81.2321969381231,41.5588825775795],[-81.2322697588817,41.5590632407511],[-81.231991896515,41.5592253416728],[-81.2319327372489,41.5592598535319],[-81.2305302245948,41.5592229194956]]]},"properties":{"source_county":"Geauga","jurisdiction":"Munson Township","parcel_id":"21-053120","owner_name":"METZ MICHAEL A & MARA METZ","property_address":"11486 ORCHARD RD","property_city":"CHARDON","property_zip":"44024"}},{"type":"Feature","geometry":{"type":"Polygon","coordinates":[[[-81.2301744142166,41.5564054717193],[-81.230357370602,41.5562468811738],[-81.2307299652089,41.5565719343024],[-81.2305485428412,41.5566951671914],[-81.2301744142166,41.5564054717193]]]},"properties":{"source_county":"Geauga","jurisdiction":"Munson Township","parcel_id":"21-053400","owner_name":"KOVALICK JOSEPH M TOD","property_address":"11430 PARKSIDE RD","property_city":"CHARDON","property_zip":"44024"}},{"type":"Feature","geometry":{"type":"Polygon","coordinates":[[[-81.2300861872587,41.5564818159574],[-81.2301744142166,41.5564054717193],[-81.2305485428412,41.5566951671914],[-81.2303671197734,41.5568184006925],[-81.2303139597848,41.5567781682864],[-81.2302559054715,41.5567419529884],[-81.2301934926034,41.5567100890165],[-81.2301272971716,41.5566828704314],[-81.2301033607911,41.5566687121876],[-81.2300828898829,41.5566517628585],[-81.2300664537975,41.5566324938523],[-81.2300545096642,41.5566114410935],[-81.2300473896778,41.5565891901173],[-81.2300452918596,41.5565663597839],[-81.2300482745503,41.5565435850663],[-81.2300562547881,41.5565214993902],[-81.2300690106167,41.5565007170165],[-81.2300861872587,41.5564818159574]]]},"properties":{"source_county":"Geauga","jurisdiction":"Munson Township","parcel_id":"21-053500","owner_name":"KOVALICK JOSEPH M TOD","property_address":" PARKSIDE RD","property_city":"CHARDON","property_zip":"44024"}},{"type":"Feature","geometry":{"type":"Polygon","coordinates":[[[-81.2305485428412,41.5566951671914],[-81.2307299652089,41.5565719343024],[-81.2309378620118,41.5567533033848],[-81.2303664016519,41.5568824188499],[-81.2303290995922,41.5568482433193],[-81.2303264693735,41.5568460119485],[-81.2303266491412,41.5568458914472],[-81.2303671197734,41.5568184006925],[-81.2305485428412,41.5566951671914]]]},"properties":{"source_county":"Geauga","jurisdiction":"Munson Township","parcel_id":"21-053600","owner_name":"KOVALICK JOSEPH M TOD","property_address":" ORCHARD RD","property_city":"CHARDON","property_zip":"44024"}},{"type":"Feature","geometry":{"type":"Polygon","coordinates":[[[-81.2250289889943,41.5567484966652],[-81.2257597101033,41.5567435001443],[-81.2257657562025,41.5572421360636],[-81.2249982094848,41.5572479457596],[-81.2250289889943,41.5567484966652]]]},"properties":{"source_county":"Geauga","jurisdiction":"Munson Township","parcel_id":"21-053700","owner_name":"KEARNS CHERYL ANNE","property_address":"11560 PARKWAY RD","property_city":"CHARDON","property_zip":"44024"}},{"type":"Feature","geometry":{"type":"Polygon","coordinates":[[[-81.2269212896758,41.5690674364369],[-81.2270975386346,41.5690664707131],[-81.2270570605609,41.5700904584112],[-81.2264237162779,41.5700948595627],[-81.2264642403933,41.5690699386742],[-81.2269212896758,41.5690674364369]]]},"properties":{"source_county":"Geauga","jurisdiction":"Munson Township","parcel_id":"21-053800","owner_name":"DYRCZ FRANK A JR TRUSTEE","property_address":"11525 THWING RD","property_city":"CHARDON","property_zip":"44024"}},{"type":"Feature","geometry":{"type":"Polygon","coordinates":[[[-81.2290591379875,41.5518698491143],[-81.2291506742315,41.551779494094],[-81.2293333794229,41.5519547546693],[-81.2290646234814,41.5522149510886],[-81.2288849683855,41.5520417694258],[-81.2290591379875,41.5518698491143]]]},"properties":{"source_county":"Geauga","jurisdiction":"Munson Township","parcel_id":"21-054300","owner_name":"LOVE RACHEL K","property_address":" OVERLOOK RD","property_city":"CHARDON","property_zip":"44024"}},{"type":"Feature","geometry":{"type":"Polygon","coordinates":[[[-81.2290646234814,41.5522149510886],[-81.2293333794229,41.5519547546693],[-81.2295153041065,41.5521292670884],[-81.2292442795447,41.5523881315634],[-81.2290646234814,41.5522149510886]]]},"properties":{"source_county":"Geauga","jurisdiction":"Munson Township","parcel_id":"21-054400","owner_name":"LOVE RACHEL K","property_address":"11724 OVERLOOK RD","property_city":"CHARDON","property_zip":"44024"}},{"type":"Feature","geometry":{"type":"Polygon","coordinates":[[[-81.2290872929843,41.5512411566967],[-81.2292493739424,41.551074060975],[-81.2296832442988,41.551310973211],[-81.2295084485398,41.5514916062006],[-81.2293719425675,41.5514044852738],[-81.229231501189,41.551320968692],[-81.2290872929843,41.5512411566967]]]},"properties":{"source_county":"Geauga","jurisdiction":"Munson Township","parcel_id":"21-055000","owner_name":"VLACK CAROL MARIE","property_address":" BASSWOOD RD","property_city":"CHARDON","property_zip":"44024"}},{"type":"Feature","geometry":{"type":"Polygon","coordinates":[[[-81.2292493739424,41.551074060975],[-81.2294107115833,41.5509077304177],[-81.2298432057666,41.5511456661847],[-81.2296832442988,41.551310973211],[-81.2292493739424,41.551074060975]]]},"properties":{"source_county":"Geauga","jurisdiction":"Munson Township","parcel_id":"21-055100","owner_name":"VLACK CAROL MARIE","property_address":"11446 LAKEVIEW RD","property_city":"CHARDON","property_zip":"44024"}},{"type":"Feature","geometry":{"type":"Polygon","coordinates":[[[-81.2348249179288,41.5536664747419],[-81.2351431359217,41.5534836433398],[-81.2348645047113,41.5537031699237],[-81.2348249179288,41.5536664747419]]]},"properties":{"source_county":"Geauga","jurisdiction":"Munson Township","parcel_id":"21-056000","owner_name":"EVANS CHRISTOPHER & BREANNE M","property_address":" SYCAMORE RD","property_city":"CHARDON","property_zip":"44024"}},{"type":"Feature","geometry":{"type":"Polygon","coordinates":[[[-81.2346087662578,41.5535195636317],[-81.2349524142091,41.5531882473744],[-81.2350805788291,41.5532494618586],[-81.235337307902,41.5533720811488],[-81.2351431359217,41.5534836433398],[-81.2348249179288,41.5536664747419],[-81.2347584790362,41.5536129758403],[-81.2346862560525,41.5535638882802],[-81.2346087662578,41.5535195636317]]]},"properties":{"source_county":"Geauga","jurisdiction":"Munson Township","parcel_id":"21-056100","owner_name":"EVANS CHRISTOPHER & BREANNE M","property_address":"11678 SYCAMORE RD","property_city":"CHARDON","property_zip":"44024"}},{"type":"Feature","geometry":{"type":"Polygon","coordinates":[[[-81.2343508875124,41.5534160332789],[-81.2345523890858,41.5530806822161],[-81.2349524142091,41.5531882473744],[-81.2346087662578,41.5535195636317],[-81.2345494790779,41.5534905297125],[-81.2344879280728,41.5534642882498],[-81.2344243460421,41.5534409384934],[-81.2343508875124,41.5534160332789]]]},"properties":{"source_county":"Geauga","jurisdiction":"Munson Township","parcel_id":"21-056200","owner_name":"EVANS CHRISTOPHER & BREANNE M","property_address":" SYCAMORE RD","property_city":"CHARDON","property_zip":"44024"}},{"type":"Feature","geometry":{"type":"Polygon","coordinates":[[[-81.2340178797055,41.5533031302334],[-81.234207561065,41.5529879569962],[-81.2345523890858,41.5530806822161],[-81.2343508875124,41.5534160332789],[-81.2340178797055,41.5533031302334]]]},"properties":{"source_county":"Geauga","jurisdiction":"Munson Township","parcel_id":"21-056300","owner_name":"EVANS CHRISTOPHER & BREANNE M","property_address":" SYCAMORE RD","property_city":"CHARDON","property_zip":"44024"}},{"type":"Feature","geometry":{"type":"Polygon","coordinates":[[[-81.2430902585384,41.5590093154855],[-81.243099284763,41.5588810607695],[-81.2459213933134,41.5589517158063],[-81.2459007585626,41.5593630865709],[-81.2430703494483,41.5592922234124],[-81.2430902585384,41.5590093154855]]]},"properties":{"source_county":"Geauga","jurisdiction":"Munson Township","parcel_id":"21-057500","owner_name":"FATICA ANTHONY J TOD & ANNA R TOD","property_address":"11478 AUBURN RD","property_city":"CHARDON","property_zip":"44024"}},{"type":"Feature","geometry":{"type":"Polygon","coordinates":[[[-81.2431078149613,41.5587598479236],[-81.2431281638448,41.5584706853899],[-81.2459420386682,41.5585401532959],[-81.2459213933134,41.5589517158063],[-81.243099284763,41.5588810607695],[-81.2431078149613,41.5587598479236]]]},"properties":{"source_county":"Geauga","jurisdiction":"Munson Township","parcel_id":"21-057600","owner_name":"FATICA ANTHONY J TOD & ANNA R TOD","property_address":" AUBURN RD","property_city":"CHARDON","property_zip":"44024"}},{"type":"Feature","geometry":{"type":"Polygon","coordinates":[[[-81.2347050575262,41.5541181953492],[-81.2349349211237,41.5539337378999],[-81.2350052722333,41.5540045605883],[-81.2350816252449,41.554071784462],[-81.2351636547866,41.5541351230366],[-81.2352438694176,41.5541906577921],[-81.2353284388223,41.5542424190213],[-81.2354170488986,41.5542902144702],[-81.2353755015173,41.5543474673646],[-81.2353236568914,41.5544122766698],[-81.2352648978073,41.5544736668027],[-81.2351996216685,41.5545312225455],[-81.2351282699612,41.5545845546138],[-81.2350513252675,41.5546333022895],[-81.2347058398847,41.5548345161154],[-81.2345257912446,41.554660402766],[-81.2344645270011,41.5546059504095],[-81.2343974979296,41.5545554750479],[-81.2343251599023,41.5545093199603],[-81.2342480048939,41.5544677990432],[-81.2347050575262,41.5541181953492]]]},"properties":{"source_county":"Geauga","jurisdiction":"Munson Township","parcel_id":"21-058000","owner_name":"GIPSON JANICE A TRUSTEE","property_address":"11295 SPRINGWAY RD","property_city":"CHARDON","property_zip":"44024"}},{"type":"Feature","geometry":{"type":"Polygon","coordinates":[[[-81.2322176617036,41.5575140308789],[-81.2328998213306,41.5572418365239],[-81.2330076684355,41.5573843557112],[-81.2331205062249,41.557524678134],[-81.233159926106,41.5575726164734],[-81.231899303158,41.558144165619],[-81.2318837180306,41.5581055011162],[-81.2317246124539,41.5577107627726],[-81.2322176617036,41.5575140308789]]]},"properties":{"source_county":"Geauga","jurisdiction":"Munson Township","parcel_id":"21-058200","owner_name":"ANSELMO RITAMARIE F TRUSTEE","property_address":"11541 WILBERT RD","property_city":"CHARDON","property_zip":"44024"}},{"type":"Feature","geometry":{"type":"Polygon","coordinates":[[[-81.2359916288763,41.5582544449614],[-81.2361371622518,41.5581698710013],[-81.237079096673,41.5591015230466],[-81.2366307560812,41.5593614352836],[-81.2356788525351,41.5584362068705],[-81.2359916288763,41.5582544449614]]]},"properties":{"source_county":"Geauga","jurisdiction":"Munson Township","parcel_id":"21-058300","owner_name":"FERRIS LINDA R & MITCHELL W & AARON S","property_address":"11284 WILSON MILLS RD","property_city":"CHARDON","property_zip":"44024"}},{"type":"Feature","geometry":{"type":"Polygon","coordinates":[[[-81.2324967311061,41.5526438428375],[-81.2327517946784,41.5530658624157],[-81.2326518422286,41.5531591440865],[-81.2324288430277,41.5530768762226],[-81.2321140214389,41.5529607326213],[-81.2321628713331,41.5528860189574],[-81.2322014513029,41.5528343079645],[-81.2322477919943,41.5527863271787],[-81.232301261704,41.5527427306439],[-81.2323611315548,41.5527041126392],[-81.2324265854317,41.5526709995792],[-81.2324967311061,41.5526438428375]]]},"properties":{"source_county":"Geauga","jurisdiction":"Munson Township","parcel_id":"21-059500","owner_name":"GREENHOFF DAVID & CRAIG & MARK AKA BRANDT MARK","property_address":" BROOKSIDE RD","property_city":"CHARDON","property_zip":"44024"}},{"type":"Feature","geometry":{"type":"Polygon","coordinates":[[[-81.2270938193525,41.5554186720723],[-81.2270935443669,41.5553991382275],[-81.2281538488994,41.5556348435993],[-81.2282834317054,41.5561017592206],[-81.2279745517303,41.556490545331],[-81.22789568387,41.5564531283633],[-81.2278194832563,41.5564127132897],[-81.2277461517015,41.5563694071495],[-81.2276529160626,41.5563073519089],[-81.2275655312417,41.5562406655459],[-81.2274844040444,41.5561696585217],[-81.2274099121396,41.5560946614111],[-81.2273424023022,41.5560160233641],[-81.2272821887983,41.5559341104795],[-81.2272295519229,41.555849304101],[-81.2271847366952,41.5557619990413],[-81.2271479517182,41.5556726017439],[-81.2271193682085,41.5555815283911],[-81.2271062589223,41.5555276866207],[-81.2270977311504,41.5554733279382],[-81.2270938193525,41.5554186720723]]]},"properties":{"source_county":"Geauga","jurisdiction":"Munson Township","parcel_id":"21-059530","owner_name":"WISE DAVID JAMES & DEBORAH A","property_address":"11511 PARKSIDE RD","property_city":"CHARDON","property_zip":"44024"}},{"type":"Feature","geometry":{"type":"Polygon","coordinates":[[[-81.2298815520005,41.5558450785957],[-81.2302009772048,41.5556902368531],[-81.2305640384685,41.5560409503851],[-81.2304835371515,41.5560911496319],[-81.2304074508666,41.5561450942474],[-81.2303360879184,41.5562025656535],[-81.230042811996,41.5564564914909],[-81.2299825601319,41.556503057136],[-81.2299176106364,41.5565459119371],[-81.2298483673935,41.5565847893986],[-81.2297752609907,41.5566194477582],[-81.229698746041,41.5566496714898],[-81.2296192983559,41.5566752726444],[-81.2295379165433,41.5566959730637],[-81.2294546269952,41.5567118245801],[-81.229321595749,41.556116514483],[-81.2298815520005,41.5558450785957]]]},"properties":{"source_county":"Geauga","jurisdiction":"Munson Township","parcel_id":"21-059550","owner_name":"MULFORD KARL J & YOUNG PATRICIA M","property_address":"11445 PARKSIDE RD","property_city":"CHARDON","property_zip":"44024"}},{"type":"Feature","geometry":{"type":"Polygon","coordinates":[[[-81.2467363820231,41.5540832566088],[-81.2470629464144,41.554084771417],[-81.2470845277112,41.5552461265513],[-81.2470922537618,41.5556619606495],[-81.2461054715451,41.5556570762697],[-81.2462213188986,41.5540808661447],[-81.2467363820231,41.5540832566088]]]},"properties":{"source_county":"Geauga","jurisdiction":"Munson Township","parcel_id":"21-062600","owner_name":"THUR MARK D & SUSAN M","property_address":"11002 WILSON MILLS RD","property_city":"CHARDON","property_zip":"44024"}},{"type":"Feature","geometry":{"type":"Polygon","coordinates":[[[-81.2452376359263,41.555985022069],[-81.2452705159043,41.5555026354047],[-81.2452968072248,41.5551169182244],[-81.2453676441207,41.5540776071104],[-81.2456090177064,41.554078479113],[-81.2461884563986,41.554080713864],[-81.2462213188986,41.5540808661447],[-81.2461054715451,41.5556570762697],[-81.2470922537618,41.5556619606495],[-81.2470998245031,41.556069372518],[-81.247108086856,41.5565139649804],[-81.2460352160054,41.5565085977646],[-81.2452022325549,41.5565044231084],[-81.2452376359263,41.555985022069]]]},"properties":{"source_county":"Geauga","jurisdiction":"Munson Township","parcel_id":"21-062700","owner_name":"WARD TIMOTHY P & DENISE M","property_address":"11020 WILSON MILLS RD","property_city":"CHARDON","property_zip":"44024"}},{"type":"Feature","geometry":{"type":"Polygon","coordinates":[[[-81.2296859834999,41.5549157675055],[-81.2298617265016,41.5547403324651],[-81.2299149729918,41.5547613859085],[-81.2303528731559,41.5549345211157],[-81.2302660020992,41.5550193533297],[-81.2301747286784,41.5551015362061],[-81.2300399753006,41.5550560713922],[-81.2299073945588,41.5550071352875],[-81.229795786601,41.5549626852022],[-81.2296859834999,41.5549157675055]]]},"properties":{"source_county":"Geauga","jurisdiction":"Munson Township","parcel_id":"21-062800","owner_name":"SEILER JEFFREY S & BRENDA L","property_address":"11600 EDGEWOOD RD","property_city":"CHARDON","property_zip":"44024"}},{"type":"Feature","geometry":{"type":"Polygon","coordinates":[[[-81.2299173448196,41.5546848103903],[-81.2299495976669,41.5546526139411],[-81.2304352053606,41.5548471720978],[-81.2303994810385,41.5548859772657],[-81.2303528731559,41.5549345211157],[-81.2299149729918,41.5547613859085],[-81.2298617265016,41.5547403324651],[-81.2299173228089,41.5546848326619],[-81.2299173448196,41.5546848103903]]]},"properties":{"source_county":"Geauga","jurisdiction":"Munson Township","parcel_id":"21-062900","owner_name":"SEILER JEFFREY S & BRENDA L","property_address":" EDGEWOOD RD","property_city":"CHARDON","property_zip":"44024"}},{"type":"Feature","geometry":{"type":"Polygon","coordinates":[[[-81.2295152060794,41.5548362410822],[-81.2297886099849,41.5545631454817],[-81.2299188541853,41.5546355284293],[-81.2299495976669,41.5546526139411],[-81.2299173448196,41.5546848103903],[-81.2299173228089,41.5546848326619],[-81.2298617265016,41.5547403324651],[-81.2296859834999,41.5549157675055],[-81.2296211873082,41.5548865605745],[-81.2295152060794,41.5548362410822]]]},"properties":{"source_county":"Geauga","jurisdiction":"Munson Township","parcel_id":"21-063000","owner_name":"SEILER JEFFREY S & BRENDA L","property_address":" CHESTNUTDALE RD","property_city":"CHARDON","property_zip":"44024"}},{"type":"Feature","geometry":{"type":"Polygon","coordinates":[[[-81.2418354826732,41.5537969883797],[-81.2434367267889,41.5533326950892],[-81.243437120009,41.5535629319525],[-81.2434377650344,41.5539415331029],[-81.2432203331371,41.5540668919817],[-81.2421491712533,41.5546844507036],[-81.2416430742081,41.5538527768799],[-81.2418354826732,41.5537969883797]]]},"properties":{"source_county":"Geauga","jurisdiction":"Munson Township","parcel_id":"21-063100","owner_name":"PESKAR DAVID V & WENDY A TRUSTEES","property_address":"11095 WILSON MILLS RD","property_city":"CHARDON","property_zip":"44024"}},{"type":"Feature","geometry":{"type":"Polygon","coordinates":[[[-81.2297565603089,41.5586257101872],[-81.2297766003809,41.5582209198968],[-81.2305212885524,41.5582394255469],[-81.2305023412623,41.5586453507764],[-81.2297565603089,41.5586257101872]]]},"properties":{"source_county":"Geauga","jurisdiction":"Munson Township","parcel_id":"21-063200","owner_name":"KIMBALL MARK O TOD & BETH DAWN TOD","property_address":"11505 ORCHARD RD","property_city":"CHARDON","property_zip":"44024"}},{"type":"Feature","geometry":{"type":"Polygon","coordinates":[[[-81.2297763954807,41.5582220270632],[-81.2297766003809,41.5582209198968],[-81.2297565603089,41.5586257101872],[-81.2297560977722,41.558625697923],[-81.2297019232828,41.5586242704729],[-81.2297763954807,41.5582220270632]]]},"properties":{"source_county":"Geauga","jurisdiction":"Munson Township","parcel_id":"21-063300","owner_name":"KIMBALL MARK O TOD & BETH DAWN TOD","property_address":" ORCHARD RD","property_city":"CHARDON","property_zip":"44024"}},{"type":"Feature","geometry":{"type":"Polygon","coordinates":[[[-81.2342575597961,41.5565540542577],[-81.2356029181993,41.5557691086033],[-81.2356701909811,41.5558341598422],[-81.2359391221203,41.5560942131561],[-81.2345785559195,41.5568880342535],[-81.2342575597961,41.5565540542577]]]},"properties":{"source_county":"Geauga","jurisdiction":"Munson Township","parcel_id":"21-064300","owner_name":"GARLAK PATRICIA A TOD","property_address":"11597 BASSWOOD RD","property_city":"CHARDON","property_zip":"44024"}},{"type":"Feature","geometry":{"type":"Polygon","coordinates":[[[-81.2421670924518,41.555844653004],[-81.2414638084933,41.5550795724405],[-81.2420433908412,41.5547454341105],[-81.2427501903876,41.5555143313492],[-81.2433351859772,41.5555287835144],[-81.2433197558102,41.5557480592522],[-81.2422520154519,41.5557228133908],[-81.2421670924518,41.555844653004]]]},"properties":{"source_county":"Geauga","jurisdiction":"Munson Township","parcel_id":"21-064900","owner_name":"ARCHANGEL ANNA & VICTOR","property_address":" AUBURN RD","property_city":"CHARDON","property_zip":"44024"}},{"type":"Feature","geometry":{"type":"Polygon","coordinates":[[[-81.2432203331371,41.5540668919817],[-81.2434379806952,41.5540679078786],[-81.2433826481066,41.5548542809575],[-81.2433377059375,41.5554929757004],[-81.2433351859772,41.5555287835144],[-81.2427501903876,41.5555143313492],[-81.2420433908412,41.5547454341105],[-81.2421443562346,41.554687226084],[-81.2421491712533,41.5546844507036],[-81.2432203331371,41.5540668919817]]]},"properties":{"source_county":"Geauga","jurisdiction":"Munson Township","parcel_id":"21-065000","owner_name":"ARCHANGEL ANNA & VICTOR","property_address":"11625 AUBURN RD","property_city":"CHARDON","property_zip":"44024"}},{"type":"Feature","geometry":{"type":"Polygon","coordinates":[[[-81.2286826707753,41.5567299218624],[-81.228688634929,41.5572199657783],[-81.2283963463098,41.5572221859285],[-81.2283903039346,41.5567254765602],[-81.2285365465748,41.5567255016801],[-81.2286826707753,41.5567299218624]]]},"properties":{"source_county":"Geauga","jurisdiction":"Munson Township","parcel_id":"21-065170","owner_name":"FLITER JOSEPH P & BROWN FILTER KELLI M","property_address":" PARKSIDE RD","property_city":"CHARDON","property_zip":"44024"}},{"type":"Feature","geometry":{"type":"Polygon","coordinates":[[[-81.2321004639679,41.5586432347691],[-81.2334447056249,41.5578917244069],[-81.233571242021,41.5580218094313],[-81.2336662131209,41.558115319608],[-81.2337521471242,41.558198417799],[-81.2332904467243,41.5584677771486],[-81.2328575995864,41.5587203005866],[-81.2324247503273,41.5589728215031],[-81.2322697588817,41.5590632407511],[-81.2321969381231,41.5588825775795],[-81.2321004639679,41.5586432347691]]]},"properties":{"source_county":"Geauga","jurisdiction":"Munson Township","parcel_id":"21-069100","owner_name":"FARIZEL DIANNE C","property_address":"11517 WILBERT RD","property_city":"CHARDON","property_zip":"44024"}},{"type":"Feature","geometry":{"type":"Polygon","coordinates":[[[-81.2272211519691,41.5567334942069],[-81.2279518715273,41.5567284847774],[-81.2279579151245,41.5572255156943],[-81.2272271952137,41.5572310601115],[-81.2272211519691,41.5567334942069]]]},"properties":{"source_county":"Geauga","jurisdiction":"Munson Township","parcel_id":"21-069120","owner_name":"GERIN AMY C","property_address":"11496 PARKWAY RD","property_city":"CHARDON","property_zip":"44024"}},{"type":"Feature","geometry":{"type":"Polygon","coordinates":[[[-81.241421718018,41.559322072635],[-81.2414230681655,41.5593029077029],[-81.243067932975,41.5593265590965],[-81.2430414962497,41.5597022117453],[-81.243039286005,41.5597336086532],[-81.2413944109675,41.5597099577572],[-81.241421718018,41.559322072635]]]},"properties":{"source_county":"Geauga","jurisdiction":"Munson Township","parcel_id":"21-069800","owner_name":"FIMIANI COLLEEN","property_address":"11463 AUBURN RD","property_city":"CHARDON","property_zip":"44024"}},{"type":"Feature","geometry":{"type":"Polygon","coordinates":[[[-81.2316319419505,41.5533960654407],[-81.2316948723652,41.5534024455808],[-81.2317563475286,41.5534143979201],[-81.2318265787451,41.5534344884834],[-81.2318944175757,41.553458778643],[-81.23194881932,41.5534812557605],[-81.2320225801277,41.5535168503567],[-81.232092310079,41.5535567669097],[-81.2321575614274,41.5536007491136],[-81.232217915181,41.5536485145563],[-81.2322729837933,41.5536997565322],[-81.2323601760806,41.5537878170103],[-81.2316529342122,41.554335205257],[-81.2310616435324,41.553754743716],[-81.2310728640102,41.5537045058166],[-81.2310924655431,41.5536557401366],[-81.2311201323532,41.5536092322385],[-81.2311554187425,41.5535657313129],[-81.2311977562729,41.55352593811],[-81.2312464629247,41.5534904936517],[-81.2312894060586,41.55346575539],[-81.2313408732509,41.5534422069576],[-81.2313955480268,41.5534231694784],[-81.2314527325498,41.5534088859351],[-81.2315116969522,41.5533995386334],[-81.2315716886507,41.5533952468762],[-81.2316319419505,41.5533960654407]]]},"properties":{"source_county":"Geauga","jurisdiction":"Munson Township","parcel_id":"21-070315","owner_name":"KENNEDY JACQUELINE & TAMMIE","property_address":"11679 BASSWOOD RD","property_city":"CHARDON","property_zip":"44024"}},{"type":"Feature","geometry":{"type":"Polygon","coordinates":[[[-81.225632010446,41.5557715255833],[-81.2259212878154,41.5555179837269],[-81.2260483626893,41.5556409602582],[-81.2261077430014,41.5556926552707],[-81.2261723695631,41.5557406690455],[-81.2262418392442,41.5557847020723],[-81.2263157187004,41.555824479672],[-81.2260520606132,41.5561780270769],[-81.2260897588069,41.5562145091278],[-81.2259445760952,41.5562991510326],[-81.225632010446,41.5557715255833]]]},"properties":{"source_county":"Geauga","jurisdiction":"Munson Township","parcel_id":"21-070430","owner_name":"SZABO ARLENE","property_address":" FOREST RD","property_city":"CHARDON","property_zip":"44024"}},{"type":"Feature","geometry":{"type":"Polygon","coordinates":[[[-81.2251711003619,41.5559163070664],[-81.2255520954508,41.5556941873728],[-81.225632010446,41.5557715255833],[-81.2259445760952,41.5562991510326],[-81.225708762515,41.5564366305483],[-81.2252281156386,41.5559714832663],[-81.2251711003619,41.5559163070664]]]},"properties":{"source_county":"Geauga","jurisdiction":"Munson Township","parcel_id":"21-070445","owner_name":"LEMIEUX KATHRYN M","property_address":" PARKWAY RD","property_city":"CHARDON","property_zip":"44024"}},{"type":"Feature","geometry":{"type":"Polygon","coordinates":[[[-81.2389074755153,41.568813661054],[-81.2394562075781,41.568810444615],[-81.2394277501654,41.5693595140608],[-81.2393943716167,41.5700040592211],[-81.2388455953498,41.5700079305508],[-81.2389074755153,41.568813661054]]]},"properties":{"source_county":"Geauga","jurisdiction":"Munson Township","parcel_id":"21-070900","owner_name":"LLGC LLC","property_address":"11215 THWING RD","property_city":"CHARDON","property_zip":"44024"}},{"type":"Feature","geometry":{"type":"Polygon","coordinates":[[[-81.2348923465693,41.5571914692981],[-81.2362529152869,41.5563976437014],[-81.2362977434669,41.556440990597],[-81.2365667113605,41.5567010733689],[-81.2360717931337,41.5569898390067],[-81.2356389665004,41.5572423720332],[-81.2352061389447,41.5574949025515],[-81.2350268219299,41.5573215059803],[-81.2348923465693,41.5571914692981]]]},"properties":{"source_county":"Geauga","jurisdiction":"Munson Township","parcel_id":"21-071400","owner_name":"RZEPKA LORRAINE G TRUSTEE","property_address":"11571 BASSWOOD RD","property_city":"CHARDON","property_zip":"44024"}},{"type":"Feature","geometry":{"type":"Polygon","coordinates":[[[-81.2434343118167,41.5519163049923],[-81.2450283871826,41.5519158222394],[-81.2450286129965,41.5523274859523],[-81.2434350143213,41.5523279685731],[-81.2434343141388,41.5519178088413],[-81.2434343118167,41.5519163049923]]]},"properties":{"source_county":"Geauga","jurisdiction":"Munson Township","parcel_id":"21-072560","owner_name":"GREENAWALT CHRISTOPHER J & THERESA L","property_address":"11710 AUBURN RD","property_city":"CHARDON","property_zip":"44024"}},{"type":"Feature","geometry":{"type":"Polygon","coordinates":[[[-81.2307868669216,41.5554062221154],[-81.2314091288089,41.5551045694837],[-81.2316909915938,41.5557538218334],[-81.2314417514183,41.5557818813445],[-81.2313296270937,41.5557945039972],[-81.2312163184029,41.5558103110414],[-81.23110476762,41.5558320569799],[-81.2309955257352,41.5558596344021],[-81.2308891323361,41.5558929070929],[-81.2307861129429,41.5559317107065],[-81.2307760248146,41.5559357850204],[-81.2307029861583,41.5559680861094],[-81.2306322613547,41.5560031723297],[-81.2305640384685,41.5560409503851],[-81.2302009772048,41.5556902368531],[-81.2307868669216,41.5554062221154]]]},"properties":{"source_county":"Geauga","jurisdiction":"Munson Township","parcel_id":"21-072600","owner_name":"ULRICH CHRISTOPHER R & DAWN M","property_address":"11405 PARKSIDE RD","property_city":"CHARDON","property_zip":"44024"}},{"type":"Feature","geometry":{"type":"Polygon","coordinates":[[[-81.2281854867225,41.5538410696426],[-81.2284581233117,41.5535593446253],[-81.228637781441,41.5537325268638],[-81.2283651449211,41.5540142513869],[-81.2281854867225,41.5538410696426]]]},"properties":{"source_county":"Geauga","jurisdiction":"Munson Township","parcel_id":"21-073000","owner_name":"GROSSMAN ARTHUR D & DONNA L TRUSTEES","property_address":" CHESTNUTDALE RD","property_city":"CHARDON","property_zip":"44024"}},{"type":"Feature","geometry":{"type":"Polygon","coordinates":[[[-81.2283651449211,41.5540142513869],[-81.228637781441,41.5537325268638],[-81.228729760696,41.5538213845486],[-81.2288217401832,41.5539102430582],[-81.2285505433671,41.5541904304096],[-81.2284591155069,41.5541048348249],[-81.2283651449211,41.5540142513869]]]},"properties":{"source_county":"Geauga","jurisdiction":"Munson Township","parcel_id":"21-073100","owner_name":"GROSSMAN ARTHUR D & DONNA L TRUSTEES","property_address":"11664 CHESTNUTDALE RD","property_city":"CHARDON","property_zip":"44024"}},{"type":"Feature","geometry":{"type":"Polygon","coordinates":[[[-81.2285505433671,41.5541904304096],[-81.2288217401832,41.5539102430582],[-81.2289182772997,41.5539922698058],[-81.2286457920119,41.5542736832465],[-81.2285505433671,41.5541904304096]]]},"properties":{"source_county":"Geauga","jurisdiction":"Munson Township","parcel_id":"21-073200","owner_name":"GROSSMAN ARTHUR D & DONNA L TRUSTEES","property_address":" CHESTNUTDALE RD","property_city":"CHARDON","property_zip":"44024"}},{"type":"Feature","geometry":{"type":"Polygon","coordinates":[[[-81.2319439586681,41.5557652162111],[-81.2319850674606,41.5558772640462],[-81.2320338695557,41.5559875566384],[-81.2320902332196,41.5560957961824],[-81.2321540062987,41.5562016904153],[-81.2317503386798,41.5562827142238],[-81.2314657357519,41.5558208088082],[-81.2317053036156,41.555795227395],[-81.2319439586681,41.5557652162111]]]},"properties":{"source_county":"Geauga","jurisdiction":"Munson Township","parcel_id":"21-073400","owner_name":"MC CLELLAN JOHN PATRICK AKA JOHN P","property_address":"11599 WILBERT RD","property_city":"CHARDON","property_zip":"44024"}},{"type":"Feature","geometry":{"type":"Polygon","coordinates":[[[-81.2429208887462,41.5614159250762],[-81.242952707438,41.5609638198208],[-81.2458141422814,41.5610896916224],[-81.2457893725731,41.5615834428969],[-81.2429179877064,41.5614571343367],[-81.2429208887462,41.5614159250762]]]},"properties":{"source_county":"Geauga","jurisdiction":"Munson Township","parcel_id":"21-073700","owner_name":"BALAZS PAUL A JR & JULIE","property_address":"11416 AUBURN RD","property_city":"CHARDON","property_zip":"44024"}},{"type":"Feature","geometry":{"type":"Polygon","coordinates":[[[-81.242981992161,41.5605477093978],[-81.2429835680369,41.5605253186439],[-81.2458361598995,41.5606508008338],[-81.2458141422814,41.5610896916224],[-81.242952707438,41.5609638198208],[-81.2429533453044,41.5609547596853],[-81.242981992161,41.5605477093978]]]},"properties":{"source_county":"Geauga","jurisdiction":"Munson Township","parcel_id":"21-073800","owner_name":"JAHNKE GREGORY D & ANDREA K","property_address":"11428 AUBURN RD","property_city":"CHARDON","property_zip":"44024"}},{"type":"Feature","geometry":{"type":"Polygon","coordinates":[[[-81.243039286005,41.5597336086532],[-81.2430414962497,41.5597022117453],[-81.2458801808091,41.5597732827551],[-81.2458581772052,41.5602119108788],[-81.2430144282399,41.5600868164961],[-81.243039286005,41.5597336086532]]]},"properties":{"source_county":"Geauga","jurisdiction":"Munson Township","parcel_id":"21-073900","owner_name":"SHIELDS STEVEN & ERICA","property_address":"11450 AUBURN RD","property_city":"CHARDON","property_zip":"44024"}},{"type":"Feature","geometry":{"type":"Polygon","coordinates":[[[-81.2430106398604,41.5601406590624],[-81.2430144282399,41.5600868164961],[-81.2458581772052,41.5602119108788],[-81.2458361598995,41.5606508008338],[-81.2429835680369,41.5605253186439],[-81.2430106398604,41.5601406590624]]]},"properties":{"source_county":"Geauga","jurisdiction":"Munson Township","parcel_id":"21-074000","owner_name":"BOYLE ERIN L","property_address":"11440 AUBURN RD","property_city":"CHARDON","property_zip":"44024"}},{"type":"Feature","geometry":{"type":"Polygon","coordinates":[[[-81.2428890236102,41.5618686781116],[-81.2429179877064,41.5614571343367],[-81.2457893725731,41.5615834428969],[-81.2457348237044,41.5626707599172],[-81.244452836018,41.5626152104639],[-81.2444917751141,41.5620617661606],[-81.2433916273678,41.5619908742611],[-81.2433853479705,41.5618895956884],[-81.2428890236102,41.5618686781116]]]},"properties":{"source_county":"Geauga","jurisdiction":"Munson Township","parcel_id":"21-074100","owner_name":"BCM REAL ESTATE VENTURES LLC","property_address":"11394 AUBURN RD","property_city":"CHARDON","property_zip":"44024"}},{"type":"Feature","geometry":{"type":"Polygon","coordinates":[[[-81.228637781441,41.5537325268638],[-81.2289106089172,41.5534506011798],[-81.2290026942196,41.5535393670668],[-81.228729760696,41.5538213845486],[-81.228637781441,41.5537325268638]]]},"properties":{"source_county":"Geauga","jurisdiction":"Munson Township","parcel_id":"21-074200","owner_name":"THOMAS A HALL EXCAVATING & CONTRACTING INC","property_address":" MAPLEWOOD RD","property_city":"CHARDON","property_zip":"44024"}},{"type":"Feature","geometry":{"type":"Polygon","coordinates":[[[-81.2284581233117,41.5535593446253],[-81.2287309508399,41.5532774193478],[-81.2289106089172,41.5534506011798],[-81.228637781441,41.5537325268638],[-81.2284581233117,41.5535593446253]]]},"properties":{"source_county":"Geauga","jurisdiction":"Munson Township","parcel_id":"21-074300","owner_name":"THOMAS A HALL EXCAVATING & CONTRACTING INC","property_address":" MAPLEWOOD RD","property_city":"CHARDON","property_zip":"44024"}},{"type":"Feature","geometry":{"type":"Polygon","coordinates":[[[-81.2282784661149,41.5533861629994],[-81.228551293695,41.5531042381283],[-81.2287309508399,41.5532774193478],[-81.2284581233117,41.5535593446253],[-81.2282784661149,41.5533861629994]]]},"properties":{"source_county":"Geauga","jurisdiction":"Munson Township","parcel_id":"21-074400","owner_name":"THOMAS A HALL EXCAVATING & CONTRACTING INC","property_address":"11693 MAPLEWOOD RD","property_city":"CHARDON","property_zip":"44024"}},{"type":"Feature","geometry":{"type":"Polygon","coordinates":[[[-81.2341611504547,41.557826564329],[-81.2345939866448,41.557574036859],[-81.2355581462644,41.5585063518979],[-81.2352309181108,41.5586965099066],[-81.2351246603013,41.5587582580959],[-81.2341611504547,41.557826564329]]]},"properties":{"source_county":"Geauga","jurisdiction":"Munson Township","parcel_id":"21-074600","owner_name":"MAY CHRISTOPHER V & MICHELE A","property_address":"11293 WILSON MILLS RD","property_city":"CHARDON","property_zip":"44024"}},{"type":"Feature","geometry":{"type":"Polygon","coordinates":[[[-81.2279615021863,41.5524017459245],[-81.2281489520263,41.5522085064573],[-81.2284462656886,41.5524951103738],[-81.2282590477348,41.552688573464],[-81.2279615021863,41.5524017459245]]]},"properties":{"source_county":"Geauga","jurisdiction":"Munson Township","parcel_id":"21-074700","owner_name":"PAINTER RITA T TOD","property_address":"11718 MAPLEWOOD RD","property_city":"CHARDON","property_zip":"44024"}},{"type":"Feature","geometry":{"type":"Polygon","coordinates":[[[-81.2337330919958,41.559566897672],[-81.2337917253356,41.5595328258154],[-81.2346921457694,41.5604080408332],[-81.233266520227,41.5603745586801],[-81.2331926188079,41.5603693095267],[-81.233120182263,41.5603571242157],[-81.2330503599221,41.5603381960882],[-81.232984259634,41.5603128254712],[-81.2329229301871,41.5602814149128],[-81.2328673446687,41.5602444627939],[-81.2328183850247,41.560202555421],[-81.2327513846239,41.5601373435241],[-81.2328660886975,41.5600706928284],[-81.2332995920136,41.5598187960696],[-81.2337330919958,41.559566897672]]]},"properties":{"source_county":"Geauga","jurisdiction":"Munson Township","parcel_id":"21-075100","owner_name":"MILLER DAVID P & MARIE E","property_address":"11342 WILSON MILLS RD","property_city":"CHARDON","property_zip":"44024"}},{"type":"Feature","geometry":{"type":"Polygon","coordinates":[[[-81.2450281547507,41.5514935532923],[-81.2456561865385,41.5514892122329],[-81.2456263025265,41.5525871926574],[-81.2450287565261,41.5525913229167],[-81.2450286129965,41.5523274859523],[-81.2450283871826,41.5519158222394],[-81.2450281547507,41.5514935532923]]]},"properties":{"source_county":"Geauga","jurisdiction":"Munson Township","parcel_id":"21-075180","owner_name":"SESTAK STEPHEN & LAUREN E","property_address":"11030 WOOD HOLLOW DR","property_city":"CHARDON","property_zip":"44024"}},{"type":"Feature","geometry":{"type":"Polygon","coordinates":[[[-81.2296832442988,41.551310973211],[-81.2298432057666,41.5511456661847],[-81.2300233866979,41.5512447918159],[-81.2300234436329,41.5512448230556],[-81.2300232775143,41.5512483214643],[-81.2300201070563,41.5513150909397],[-81.2300212007727,41.5513156864252],[-81.2300212577252,41.5513157167645],[-81.2300581771501,41.5513358198652],[-81.2300194211992,41.5513752662502],[-81.2300193625013,41.5513753259413],[-81.229742987184,41.5516566211266],[-81.229627424939,41.5515727445013],[-81.2295084485398,41.5514916062006],[-81.2296832442988,41.551310973211]]]},"properties":{"source_county":"Geauga","jurisdiction":"Munson Township","parcel_id":"21-075350","owner_name":"NOVAK DAVID & JOANNE COOPER","property_address":"11752 BASSWOOD RD","property_city":"CHARDON","property_zip":"44024"}},{"type":"Feature","geometry":{"type":"Polygon","coordinates":[[[-81.2317900667047,41.5549199002846],[-81.2320970494825,41.5547710804464],[-81.2325496367391,41.5555590142473],[-81.2324369747017,41.5556014778408],[-81.2323212495216,41.5556390072562],[-81.2322028438311,41.5556714784054],[-81.2320821491272,41.5556987839248],[-81.2319595644774,41.5557208335304],[-81.231835495199,41.5557375543166],[-81.2316909915938,41.5557538218334],[-81.2314091288089,41.5551045694837],[-81.2317900667047,41.5549199002846]]]},"properties":{"source_county":"Geauga","jurisdiction":"Munson Township","parcel_id":"21-076700","owner_name":"HITCHCOCK WILLIARD CHARLES & WANG XIAOXIAO","property_address":"11375 PARKSIDE RD","property_city":"CHARDON","property_zip":"44024"}},{"type":"Feature","geometry":{"type":"Polygon","coordinates":[[[-81.2296438959354,41.5608265100181],[-81.2296477117934,41.5608243032362],[-81.2303649783185,41.5615239518629],[-81.2300628053663,41.5616995202919],[-81.2298585607525,41.5618181890988],[-81.2296060515966,41.5615718812791],[-81.2296036852468,41.5615695744413],[-81.2291404221736,41.5611176831801],[-81.2296437504345,41.5608265939731],[-81.2296438959354,41.5608265100181]]]},"properties":{"source_county":"Geauga","jurisdiction":"Munson Township","parcel_id":"21-076900","owner_name":"VOJACK CORY & BRITTANY","property_address":"11433 WILSON MILLS RD","property_city":"CHARDON","property_zip":"44024"}},{"type":"Feature","geometry":{"type":"Polygon","coordinates":[[[-81.2319660316101,41.5530936961813],[-81.2316260928272,41.5521389576146],[-81.2321365495372,41.5521633644848],[-81.2327526491968,41.5525180612374],[-81.2328266556312,41.5525606672883],[-81.2327473370013,41.5525593458461],[-81.2326682951356,41.5525644914347],[-81.2325904617199,41.5525760434019],[-81.2325147541965,41.5525938655817],[-81.232442064951,41.5526177478994],[-81.2323732507946,41.552647408848],[-81.2323091228645,41.5526824988052],[-81.2322504370637,41.5527226041553],[-81.2321978851507,41.5527672521637],[-81.232152086586,41.5528159165491],[-81.2321135812293,41.5528680236864],[-81.2319660316101,41.5530936961813]]]},"properties":{"source_county":"Geauga","jurisdiction":"Munson Township","parcel_id":"21-077600","owner_name":"HARWOOD JAMES W & SUZANN TRUSTEES","property_address":"11379 BROOKSIDE RD","property_city":"CHARDON","property_zip":"44024"}},{"type":"Feature","geometry":{"type":"Polygon","coordinates":[[[-81.2268286410656,41.5562918817791],[-81.2268631342951,41.5559646042739],[-81.2269582781786,41.5559669703694],[-81.2269241880978,41.5562904306193],[-81.2269010161657,41.5562994597345],[-81.2268286410656,41.5562918817791]]]},"properties":{"source_county":"Geauga","jurisdiction":"Munson Township","parcel_id":"21-077720","owner_name":"SZABO ARLENE M","property_address":" FOREST RD","property_city":"CHARDON","property_zip":"44024"}},{"type":"Feature","geometry":{"type":"Polygon","coordinates":[[[-81.226430581363,41.5562501995495],[-81.2265775172923,41.5559207903195],[-81.2266709610345,41.5559414386701],[-81.2267663945483,41.5559560782734],[-81.2268631342951,41.5559646042739],[-81.2268286410656,41.5562918817791],[-81.2266290314969,41.5562709795474],[-81.226430581363,41.5562501995495]]]},"properties":{"source_county":"Geauga","jurisdiction":"Munson Township","parcel_id":"21-077730","owner_name":"SZABO ARLENE M","property_address":"11599 FOREST RD","property_city":"CHARDON","property_zip":"44024"}},{"type":"Feature","geometry":{"type":"Polygon","coordinates":[[[-81.2260520606132,41.5561780270769],[-81.2263157187004,41.555824479672],[-81.2263992577809,41.5558621006843],[-81.2264867328338,41.555894281068],[-81.2265775172923,41.5559207903195],[-81.226430581363,41.5562501995495],[-81.2263363490038,41.5562403320002],[-81.2260897588069,41.5562145091278],[-81.2260520606132,41.5561780270769]]]},"properties":{"source_county":"Geauga","jurisdiction":"Munson Township","parcel_id":"21-077740","owner_name":"SZABO ARLENE M","property_address":" FOREST RD","property_city":"CHARDON","property_zip":"44024"}},{"type":"Feature","geometry":{"type":"Polygon","coordinates":[[[-81.2259445760952,41.5562991510326],[-81.2260897588069,41.5562145091278],[-81.2260491192549,41.55665918489],[-81.2259395106504,41.5566599344328],[-81.225708762515,41.5564366305483],[-81.2259445760952,41.5562991510326]]]},"properties":{"source_county":"Geauga","jurisdiction":"Munson Township","parcel_id":"21-077750","owner_name":"SZABO ARLENE M","property_address":" PARKWAY RD","property_city":"CHARDON","property_zip":"44024"}},{"type":"Feature","geometry":{"type":"Polygon","coordinates":[[[-81.2260491192549,41.55665918489],[-81.2260897588069,41.5562145091278],[-81.2263363490038,41.5562403320002],[-81.2263414072858,41.5566571840854],[-81.2260491192549,41.55665918489]]]},"properties":{"source_county":"Geauga","jurisdiction":"Munson Township","parcel_id":"21-077760","owner_name":"SZABO ARLENE M","property_address":" PARKWAY RD","property_city":"CHARDON","property_zip":"44024"}},{"type":"Feature","geometry":{"type":"Polygon","coordinates":[[[-81.2263414072858,41.5566571840854],[-81.2263363490038,41.5562403320002],[-81.226430581363,41.5562501995495],[-81.2266290314969,41.5562709795474],[-81.2266336952988,41.556655182545],[-81.2263414072858,41.5566571840854]]]},"properties":{"source_county":"Geauga","jurisdiction":"Munson Township","parcel_id":"21-077770","owner_name":"SZABO ARLENE M","property_address":" PARKWAY RD","property_city":"CHARDON","property_zip":"44024"}},{"type":"Feature","geometry":{"type":"Polygon","coordinates":[[[-81.2266336952988,41.556655182545],[-81.2266290314969,41.5562709795474],[-81.2268286410656,41.5562918817791],[-81.2269010161657,41.5562994597345],[-81.2269217739958,41.5563065103931],[-81.2269259832764,41.5566531811691],[-81.2266336952988,41.556655182545]]]},"properties":{"source_county":"Geauga","jurisdiction":"Munson Township","parcel_id":"21-077780","owner_name":"SZABO ARLENE M","property_address":" PARKWAY RD","property_city":"CHARDON","property_zip":"44024"}},{"type":"Feature","geometry":{"type":"Polygon","coordinates":[[[-81.2303649783185,41.5615239518629],[-81.2308534921812,41.5612401128431],[-81.2319001756595,41.5623928099059],[-81.2319002202693,41.5623928590196],[-81.2310482385066,41.5623799142308],[-81.2307127789999,41.5623748159157],[-81.2300628053663,41.5616995202919],[-81.2303649783185,41.5615239518629]]]},"properties":{"source_county":"Geauga","jurisdiction":"Munson Township","parcel_id":"21-078700","owner_name":"HEIDEN LARRY & LARRY M","property_address":" WILSON MILLS RD","property_city":"CHARDON","property_zip":"44024"}},{"type":"Feature","geometry":{"type":"Polygon","coordinates":[[[-81.2298585607525,41.5618181890988],[-81.2300628053663,41.5616995202919],[-81.2307127789999,41.5623748159157],[-81.2303333604237,41.5623690477616],[-81.2295655314693,41.5623573715307],[-81.2295794176869,41.5619803738429],[-81.2295834157076,41.5619780510917],[-81.2296851499422,41.561918943703],[-81.2298585607525,41.5618181890988]]]},"properties":{"source_county":"Geauga","jurisdiction":"Munson Township","parcel_id":"21-078800","owner_name":"HEIDEN LARRY & LARRY M","property_address":"11422 WILSON MILLS RD","property_city":"CHARDON","property_zip":"44024"}},{"type":"Feature","geometry":{"type":"Polygon","coordinates":[[[-81.2450295715343,41.5540763836669],[-81.2453676441207,41.5540776071104],[-81.2452968072248,41.5551169182244],[-81.2444492191751,41.5551126863987],[-81.2444680145666,41.5548636766256],[-81.2445275764306,41.5540745663853],[-81.2450295715343,41.5540763836669]]]},"properties":{"source_county":"Geauga","jurisdiction":"Munson Township","parcel_id":"21-078900","owner_name":"BENSON GLEN C & CHRISTINA L","property_address":"11044 WILSON MILLS RD","property_city":"CHARDON","property_zip":"44024"}},{"type":"Feature","geometry":{"type":"Polygon","coordinates":[[[-81.2397146546543,41.5609292206229],[-81.2397436067386,41.5605181328208],[-81.2413348950535,41.5605553376018],[-81.2413084432424,41.5609310445858],[-81.2413059529392,41.5609664257958],[-81.2397146546543,41.5609292206229]]]},"properties":{"source_county":"Geauga","jurisdiction":"Munson Township","parcel_id":"21-079400","owner_name":"HENDERSON PATRICIA S & PATRICIA","property_address":"11490 UPPER CHELSEA DR","property_city":"CHARDON","property_zip":"44024"}},{"type":"Feature","geometry":{"type":"Polygon","coordinates":[[[-81.2312992966321,41.5527939449064],[-81.2312383008111,41.5526792594738],[-81.2317563475286,41.5534143979201],[-81.2317179196083,41.5534062410827],[-81.2314732426165,41.5533328971047],[-81.2313748475625,41.5533009445754],[-81.2312803610494,41.5532629138546],[-81.2311904470724,41.5532190722026],[-81.2311057374903,41.5531697277153],[-81.2310268275835,41.5531152271587],[-81.2310555130331,41.5530814038356],[-81.2312992966321,41.5527939449064]]]},"properties":{"source_county":"Geauga","jurisdiction":"Munson Township","parcel_id":"21-079413","owner_name":"FRANCIS JOAN TOD","property_address":" BASSWOOD RD","property_city":"CHARDON","property_zip":"44024"}},{"type":"Feature","geometry":{"type":"Polygon","coordinates":[[[-81.233687358408,41.5538301508774],[-81.2339738006543,41.5533785162132],[-81.234379255016,41.5535159813059],[-81.234458503175,41.5535459649054],[-81.2345340651957,41.5535809077911],[-81.2346053923602,41.553620556217],[-81.2346719667002,41.5536646222657],[-81.2347333047584,41.5537127859399],[-81.2347889610995,41.5537646974853],[-81.2348385315443,41.5538199799307],[-81.2348848153948,41.5538777725059],[-81.2349349211237,41.5539337378999],[-81.2347050575262,41.5541181953492],[-81.2341999779581,41.5539757434855],[-81.2337078629705,41.5538359737949],[-81.233687358408,41.5538301508774]]]},"properties":{"source_county":"Geauga","jurisdiction":"Munson Township","parcel_id":"21-080200","owner_name":"SWEET JOSEPH C & MARY E","property_address":"11677 SYCAMORE RD","property_city":"CHARDON","property_zip":"44024"}},{"type":"Feature","geometry":{"type":"Polygon","coordinates":[[[-81.2413927769935,41.559733161015],[-81.2413944109675,41.5597099577572],[-81.243039286005,41.5597336086532],[-81.2430144282399,41.5600868164961],[-81.2430106398604,41.5601406590624],[-81.241365754612,41.5601170077637],[-81.2413927769935,41.559733161015]]]},"properties":{"source_county":"Geauga","jurisdiction":"Munson Township","parcel_id":"21-081200","owner_name":"STUPI ADAM C & JULIE C","property_address":"11451 AUBURN RD","property_city":"CHARDON","property_zip":"44024"}},{"type":"Feature","geometry":{"type":"Polygon","coordinates":[[[-81.2336662131209,41.558115319608],[-81.2341611504547,41.557826564329],[-81.2351246603013,41.5587582580959],[-81.2347511916626,41.5589752841878],[-81.2346289798931,41.5590463015398],[-81.2337521471242,41.558198417799],[-81.2336662131209,41.558115319608]]]},"properties":{"source_county":"Geauga","jurisdiction":"Munson Township","parcel_id":"21-082680","owner_name":"WAGGONER DAVID A & CONSTANCE O","property_address":"11303 WILSON MILLS RD","property_city":"CHARDON","property_zip":"44024"}},{"type":"Feature","geometry":{"type":"Polygon","coordinates":[[[-81.2399317728063,41.5588395380866],[-81.2399505271594,41.5587936697551],[-81.2414572858275,41.558816844799],[-81.2414514945248,41.5588991175704],[-81.2414230681655,41.5593029077029],[-81.241421718018,41.559322072635],[-81.2398304621483,41.5592848618525],[-81.2398427968698,41.5591720576684],[-81.2398638459718,41.5590599832993],[-81.239893538142,41.5589490182049],[-81.2399317728063,41.5588395380866]]]},"properties":{"source_county":"Geauga","jurisdiction":"Munson Township","parcel_id":"21-083450","owner_name":"HUNLEY CONCETTA","property_address":"11554 UPPER CHELSEA DR","property_city":"CHARDON","property_zip":"44024"}},{"type":"Feature","geometry":{"type":"Polygon","coordinates":[[[-81.2299940800926,41.5541720302196],[-81.2302338720459,41.5538937851531],[-81.23048666078,41.5540609168865],[-81.2304641312931,41.5540922877972],[-81.2304432934379,41.5541213016969],[-81.230295844641,41.5543266075895],[-81.2301427912545,41.554251710253],[-81.2299940800926,41.5541720302196]]]},"properties":{"source_county":"Geauga","jurisdiction":"Munson Township","parcel_id":"21-086100","owner_name":"BRENICK JAMES L","property_address":" MAPLEWOOD RD","property_city":"CHARDON","property_zip":"44024"}},{"type":"Feature","geometry":{"type":"Polygon","coordinates":[[[-81.230295844641,41.5543266075895],[-81.2304432934379,41.5541213016969],[-81.2308296915161,41.5542731065822],[-81.2307704029944,41.5543852377814],[-81.2307042253161,41.5544951728488],[-81.2305654420309,41.5544426674502],[-81.230429256661,41.5543864548918],[-81.230295844641,41.5543266075895]]]},"properties":{"source_county":"Geauga","jurisdiction":"Munson Township","parcel_id":"21-086200","owner_name":"BRENICK JAMES L","property_address":"11646 MAPLEWOOD RD","property_city":"CHARDON","property_zip":"44024"}},{"type":"Feature","geometry":{"type":"Polygon","coordinates":[[[-81.2304432934379,41.5541213016969],[-81.2304641312931,41.5540922877972],[-81.2308893015682,41.5541414890716],[-81.2308606726745,41.554207598375],[-81.2308296915161,41.5542731065822],[-81.2304432934379,41.5541213016969]]]},"properties":{"source_county":"Geauga","jurisdiction":"Munson Township","parcel_id":"21-086300","owner_name":"BRENICK JAMES L","property_address":" EDGEWOOD RD","property_city":"CHARDON","property_zip":"44024"}},{"type":"Feature","geometry":{"type":"Polygon","coordinates":[[[-81.2319990732444,41.5605744823421],[-81.2321582134641,41.560482013312],[-81.2367182189494,41.5606246731103],[-81.2366783935835,41.5612699373572],[-81.2380944400943,41.5613030823732],[-81.2396857022068,41.5613403083629],[-81.2412770104617,41.5613775139275],[-81.2429208887462,41.5614159250762],[-81.2429179877064,41.5614571343367],[-81.2428890236102,41.5618686781116],[-81.2428606858689,41.5622713065511],[-81.2428577926651,41.5623124159298],[-81.242841397844,41.5625453654632],[-81.2411375608941,41.5625262304379],[-81.2397826663053,41.5625109949357],[-81.2369503903779,41.5624644859942],[-81.2369231249206,41.5624640381262],[-81.2364042267119,41.5624568184265],[-81.2358305158061,41.5624488330703],[-81.2352568062389,41.5624408448928],[-81.2346830955955,41.562432854768],[-81.2331869810254,41.5624120033091],[-81.2328671482875,41.5624075427602],[-81.2320045260391,41.5623944438496],[-81.2319002202693,41.5623928590196],[-81.2319001756595,41.5623928099059],[-81.2308534921812,41.5612401128431],[-81.2310424496691,41.5611303224838],[-81.231594460598,41.5608095814419],[-81.2319990732444,41.5605744823421]]]},"properties":{"source_county":"Geauga","jurisdiction":"Munson Township","parcel_id":"21-086900","owner_name":"JANU ANDREW J IV TOD","property_address":"11394 WILSON MILLS RD","property_city":"CHARDON","property_zip":"44024"}},{"type":"Feature","geometry":{"type":"Polygon","coordinates":[[[-81.2348645047113,41.5537031699237],[-81.2351431359217,41.5534836433398],[-81.2354960155865,41.5536320039925],[-81.2351443098384,41.5540005639964],[-81.235071132267,41.5539338695401],[-81.2350038714864,41.5538637482667],[-81.234942811085,41.5537904958451],[-81.2349054295354,41.5537459364995],[-81.2348645047113,41.5537031699237]]]},"properties":{"source_county":"Geauga","jurisdiction":"Munson Township","parcel_id":"21-087200","owner_name":"PECK STEVEN G TOD & PAULA M TOD","property_address":" SYCAMORE RD","property_city":"CHARDON","property_zip":"44024"}},{"type":"Feature","geometry":{"type":"Polygon","coordinates":[[[-81.2351443098384,41.5540005639964],[-81.2354960155865,41.5536320039925],[-81.2358014945665,41.5537604345668],[-81.2354697752456,41.5542175561049],[-81.235381888816,41.5541690594468],[-81.2352981404502,41.5541165936805],[-81.2352188473496,41.5540603575291],[-81.2351443098384,41.5540005639964]]]},"properties":{"source_county":"Geauga","jurisdiction":"Munson Township","parcel_id":"21-087300","owner_name":"PECK STEVEN G TOD & PAULA M TOD","property_address":"11275 SPRINGWAY RD","property_city":"CHARDON","property_zip":"44024"}},{"type":"Feature","geometry":{"type":"Polygon","coordinates":[[[-81.2354960155865,41.5536320039925],[-81.2357404534085,41.5533565692029],[-81.2360187136733,41.5534610945739],[-81.2358014945665,41.5537604345668],[-81.2354960155865,41.5536320039925]]]},"properties":{"source_county":"Geauga","jurisdiction":"Munson Township","parcel_id":"21-087400","owner_name":"PECK STEVEN G TOD & PAULA M TOD","property_address":" SPRINGWAY RD","property_city":"CHARDON","property_zip":"44024"}},{"type":"Feature","geometry":{"type":"Polygon","coordinates":[[[-81.2306578050126,41.5525836282221],[-81.2309909354655,41.5522141454061],[-81.231048541401,41.5523224598615],[-81.2307247324087,41.5526812442064],[-81.2306578050126,41.5525836282221]]]},"properties":{"source_county":"Geauga","jurisdiction":"Munson Township","parcel_id":"21-088300","owner_name":"LEE MELISSA J","property_address":" BASSWOOD RD","property_city":"CHARDON","property_zip":"44024"}},{"type":"Feature","geometry":{"type":"Polygon","coordinates":[[[-81.2307247324087,41.5526812442064],[-81.231048541401,41.5523224598615],[-81.2311705295309,41.5525518308901],[-81.2308697411559,41.5528952976515],[-81.2308500470333,41.5528679045254],[-81.2307247324087,41.5526812442064]]]},"properties":{"source_county":"Geauga","jurisdiction":"Munson Township","parcel_id":"21-088310","owner_name":"LEE MELISSA J","property_address":"11708 BASSWOOD RD","property_city":"CHARDON","property_zip":"44024"}},{"type":"Feature","geometry":{"type":"Polygon","coordinates":[[[-81.2382994335809,41.5583933169501],[-81.2384299394991,41.5583179680827],[-81.2384538726622,41.5583413266516],[-81.2386463994551,41.5582301679644],[-81.2400935024094,41.5585279246964],[-81.2400418777213,41.5586115695623],[-81.2399955877488,41.5586969577948],[-81.2399547365011,41.5587838975727],[-81.2399194157711,41.5588721935887],[-81.2382678131698,41.5588421766228],[-81.2382994335809,41.5583933169501]]]},"properties":{"source_county":"Geauga","jurisdiction":"Munson Township","parcel_id":"21-089765","owner_name":"ADAMS ASHLEY M & ZACHARIAH S","property_address":"11565 UPPER CHELSEA DR","property_city":"CHARDON","property_zip":"44024"}},{"type":"Feature","geometry":{"type":"Polygon","coordinates":[[[-81.2316529342122,41.554335205257],[-81.2323601760806,41.5537878170103],[-81.2329096371954,41.5543427464361],[-81.2329608824877,41.5543996466062],[-81.2330056898938,41.5544595343029],[-81.2320970494825,41.5547710804464],[-81.2316529342122,41.554335205257]]]},"properties":{"source_county":"Geauga","jurisdiction":"Munson Township","parcel_id":"21-089800","owner_name":"WEAVER ERIC D & RACHEL M","property_address":"11669 BASSWOOD RD","property_city":"CHARDON","property_zip":"44024"}},{"type":"Feature","geometry":{"type":"Polygon","coordinates":[[[-81.2380944400943,41.5613030823732],[-81.2381234025118,41.560891995025],[-81.2397146546543,41.5609292206229],[-81.2396857022068,41.5613403083629],[-81.2380944400943,41.5613030823732]]]},"properties":{"source_county":"Geauga","jurisdiction":"Munson Township","parcel_id":"21-090100","owner_name":"KRAMER TONY A & CATHERINE M","property_address":"11475 UPPER CHELSEA DR","property_city":"CHARDON","property_zip":"44024"}},{"type":"Feature","geometry":{"type":"Polygon","coordinates":[[[-81.2377416019079,41.5546401817323],[-81.2385026749138,41.5540864450132],[-81.2385949657499,41.5541715535694],[-81.2386827177327,41.5542593291969],[-81.238949637009,41.5545376085517],[-81.2381192769527,41.5547193343467],[-81.2378876152236,41.5547705243455],[-81.2378010565817,41.5546918725784],[-81.2377416019079,41.5546401817323]]]},"properties":{"source_county":"Geauga","jurisdiction":"Munson Township","parcel_id":"21-090180","owner_name":"SCHREFFLER JERRY","property_address":"11592 ORIOLE PL","property_city":"CHARDON","property_zip":"44024"}},{"type":"Feature","geometry":{"type":"Polygon","coordinates":[[[-81.2305660695552,41.5584549538701],[-81.2305839917116,41.5580709714318],[-81.2318837180306,41.5581055011162],[-81.231899303158,41.558144165619],[-81.2320403271392,41.5584940399281],[-81.2305660695552,41.5584549538701]]]},"properties":{"source_county":"Geauga","jurisdiction":"Munson Township","parcel_id":"21-092210","owner_name":"PITTIS MARY A & TODD ALAN","property_address":"11512 ORCHARD RD","property_city":"CHARDON","property_zip":"44024"}},{"type":"Feature","geometry":{"type":"Polygon","coordinates":[[[-81.241836477492,41.5510880314364],[-81.2434328735415,41.5510725270988],[-81.2434333218887,41.551335574206],[-81.2434333289895,41.5513398912485],[-81.2434335944348,41.5514951680053],[-81.2418363511597,41.5515106821909],[-81.2418364069795,41.5513223967731],[-81.241836477492,41.5510880314364]]]},"properties":{"source_county":"Geauga","jurisdiction":"Munson Township","parcel_id":"21-092600","owner_name":"MISICH KATELYN M","property_address":"11743 AUBURN RD","property_city":"CHARDON","property_zip":"44024"}},{"type":"Feature","geometry":{"type":"Polygon","coordinates":[[[-81.2263442868997,41.5567395001568],[-81.2264904310833,41.5567384999251],[-81.2264964751794,41.5572365999301],[-81.2263503313799,41.5572377082449],[-81.2263442868997,41.5567395001568]]]},"properties":{"source_county":"Geauga","jurisdiction":"Munson Township","parcel_id":"21-095140","owner_name":"SISTEK CHARLES R & JUDITH A","property_address":" PARKWAY RD","property_city":"CHARDON","property_zip":"44024"}},{"type":"Feature","geometry":{"type":"Polygon","coordinates":[[[-81.2260519985017,41.5567415009686],[-81.2263442868997,41.5567395001568],[-81.2263503313799,41.5572377082449],[-81.2260581517117,41.5572399219052],[-81.2260519985017,41.5567415009686]]]},"properties":{"source_county":"Geauga","jurisdiction":"Munson Township","parcel_id":"21-095150","owner_name":"SISTEK CHARLES R & JUDITH A","property_address":"11536 PARKWAY RD","property_city":"CHARDON","property_zip":"44024"}},{"type":"Feature","geometry":{"type":"Polygon","coordinates":[[[-81.2257597101033,41.5567435001443],[-81.2260519985017,41.5567415009686],[-81.2260581517117,41.5572399219052],[-81.2257657562025,41.5572421360636],[-81.2257597101033,41.5567435001443]]]},"properties":{"source_county":"Geauga","jurisdiction":"Munson Township","parcel_id":"21-095160","owner_name":"SISTEK CHARLES R & JUDITH A","property_address":" PARKWAY RD","property_city":"CHARDON","property_zip":"44024"}},{"type":"Feature","geometry":{"type":"Polygon","coordinates":[[[-81.2339365681443,41.5562200733514],[-81.2352667176326,41.5554440021426],[-81.2353564184987,41.5555307431418],[-81.2356029181993,41.5557691086033],[-81.2342575597961,41.5565540542577],[-81.234150602179,41.5564427686496],[-81.2339365681443,41.5562200733514]]]},"properties":{"source_county":"Geauga","jurisdiction":"Munson Township","parcel_id":"21-095200","owner_name":"FLUHR SUSAN E & WILLIAM J","property_address":"11611 BASSWOOD RD","property_city":"CHARDON","property_zip":"44024"}},{"type":"Feature","geometry":{"type":"Polygon","coordinates":[[[-81.2413638356058,41.560144249333],[-81.241365754612,41.5601170077637],[-81.2430106398604,41.5601406590624],[-81.2429835680369,41.5605253186439],[-81.242981992161,41.5605477093978],[-81.2413370967017,41.5605240576963],[-81.2413638356058,41.560144249333]]]},"properties":{"source_county":"Geauga","jurisdiction":"Munson Township","parcel_id":"21-096100","owner_name":"EMERSON DANIEL D","property_address":"11437 AUBURN RD","property_city":"CHARDON","property_zip":"44024"}},{"type":"Feature","geometry":{"type":"Polygon","coordinates":[[[-81.2305481471888,41.558838936258],[-81.2305660695552,41.5584549538701],[-81.2320403271392,41.5584940399281],[-81.2321004639679,41.5586432347691],[-81.2321969381231,41.5588825775795],[-81.2305481471888,41.558838936258]]]},"properties":{"source_county":"Geauga","jurisdiction":"Munson Township","parcel_id":"21-096700","owner_name":"KRAFT CORA W TOD","property_address":"11500 ORCHARD RD","property_city":"CHARDON","property_zip":"44024"}},{"type":"Feature","geometry":{"type":"Polygon","coordinates":[[[-81.2485491695686,41.5567760415594],[-81.2499104110493,41.5567635119781],[-81.250067878657,41.5575244345044],[-81.2500261453623,41.5575319111973],[-81.2499864772172,41.5575441889002],[-81.2499498465689,41.5575609666621],[-81.2499171513113,41.5575818332258],[-81.2498891928761,41.5576062771093],[-81.2498666565881,41.5576336991424],[-81.249850094866,41.5576634271533],[-81.2498399136812,41.5576947324452],[-81.2498363626059,41.5577268476577],[-81.2484947073667,41.5577260200078],[-81.2485491695686,41.5567760415594]]]},"properties":{"source_county":"Geauga","jurisdiction":"Munson Township","parcel_id":"21-097070","owner_name":"JUDD STEPHANIE & KEPPLER MARTIN","property_address":"10931 NOLLWOOD DR","property_city":"CHARDON","property_zip":"44024"}},{"type":"Feature","geometry":{"type":"Polygon","coordinates":[[[-81.2397436067386,41.5605181328208],[-81.2397725584595,41.5601070449565],[-81.2413638356058,41.560144249333],[-81.2413370967017,41.5605240576963],[-81.2413348950535,41.5605553376018],[-81.2397436067386,41.5605181328208]]]},"properties":{"source_county":"Geauga","jurisdiction":"Munson Township","parcel_id":"21-097075","owner_name":"DANNELS ROBERT H","property_address":"11524 UPPER CHELSEA DR","property_city":"CHARDON","property_zip":"44024"}},{"type":"Feature","geometry":{"type":"Polygon","coordinates":[[[-81.2417515322433,41.5563090014143],[-81.2418761296428,41.5562620933629],[-81.2432811845384,41.5562961963408],[-81.2432672158281,41.5564947044851],[-81.2432426125003,41.5568443396217],[-81.2412961102303,41.5567961705023],[-81.2412480244954,41.5567280105184],[-81.2411216979056,41.5565461173907],[-81.2417515322433,41.5563090014143]]]},"properties":{"source_county":"Geauga","jurisdiction":"Munson Township","parcel_id":"21-097200","owner_name":"SOMICH TISHA","property_address":"11565 AUBURN RD","property_city":"CHARDON","property_zip":"44024"}},{"type":"Feature","geometry":{"type":"Polygon","coordinates":[[[-81.2261684965344,41.565597012535],[-81.2261668612377,41.5654900422726],[-81.224437487124,41.5655044926171],[-81.2247509623157,41.5650863108208],[-81.2262185197633,41.5650709463774],[-81.2270922591277,41.5650617902044],[-81.2277984076312,41.5650543853229],[-81.2285180596495,41.5650468340522],[-81.228815538463,41.5650437119142],[-81.2294668540262,41.5650368726526],[-81.2294472192883,41.5655698901457],[-81.2261684965344,41.565597012535]]]},"properties":{"source_county":"Geauga","jurisdiction":"Munson Township","parcel_id":"21-097500","owner_name":"FALVEY JANINE M TOD & GREER GRAHAM C TOD","property_address":"11600 WILSON MILLS RD","property_city":"CHARDON","property_zip":"44024"}},{"type":"Feature","geometry":{"type":"Polygon","coordinates":[[[-81.249709748688,41.554097013542],[-81.25027396497,41.5540996159698],[-81.2502644796378,41.5552608173868],[-81.249700253338,41.5552582158142],[-81.249709748688,41.554097013542]]]},"properties":{"source_county":"Geauga","jurisdiction":"Munson Township","parcel_id":"21-098400","owner_name":"PRICE JOHN & LAURIE","property_address":" WILSON MILLS RD","property_city":"CHARDON","property_zip":"44024"}},{"type":"Feature","geometry":{"type":"Polygon","coordinates":[[[-81.2493816126673,41.5540954991554],[-81.249709748688,41.554097013542],[-81.249700253338,41.5552582158142],[-81.249136027083,41.5552556114998],[-81.2491439599568,41.554286502347],[-81.2491457423883,41.5542722134142],[-81.2491508009237,41.5542583740411],[-81.249158981867,41.5542454047109],[-81.2491700366539,41.5542336994721],[-81.2491836294046,41.5542236139662],[-81.2491993471283,41.5542154546216],[-81.249216712272,41.5542094693443],[-81.2492351972293,41.5542058399852],[-81.2492542403706,41.5542046768153],[-81.2492552139792,41.5540949155554],[-81.2493816126673,41.5540954991554]]]},"properties":{"source_county":"Geauga","jurisdiction":"Munson Township","parcel_id":"21-098500","owner_name":"PRICE JOHN & LAURIE","property_address":"11620 FOREST VIEW DR","property_city":"CHARDON","property_zip":"44024"}},{"type":"Feature","geometry":{"type":"Polygon","coordinates":[[[-81.2356389665004,41.5572423720332],[-81.2360717931337,41.5569898390067],[-81.2366209157872,41.557520815383],[-81.2368585829173,41.5577506252585],[-81.2367450982206,41.5578165763347],[-81.2364251069558,41.558002536373],[-81.2359304329975,41.5575242094756],[-81.2356389665004,41.5572423720332]]]},"properties":{"source_county":"Geauga","jurisdiction":"Munson Township","parcel_id":"21-099600","owner_name":"POKORNY MICHELE A","property_address":"11259 WILSON MILLS RD","property_city":"CHARDON","property_zip":"44024"}},{"type":"Feature","geometry":{"type":"Polygon","coordinates":[[[-81.2352061389447,41.5574949025515],[-81.2356389665004,41.5572423720332],[-81.2359304329975,41.5575242094756],[-81.2364251069558,41.558002536373],[-81.2361371622518,41.5581698710013],[-81.2359916288763,41.5582544449614],[-81.2352399537149,41.5575276004017],[-81.2352061389447,41.5574949025515]]]},"properties":{"source_county":"Geauga","jurisdiction":"Munson Township","parcel_id":"21-099700","owner_name":"STEPHENS JOHN R & JAMIE S","property_address":"11269 WILSON MILLS RD","property_city":"CHARDON","property_zip":"44024"}},{"type":"Feature","geometry":{"type":"Polygon","coordinates":[[[-81.2366239878771,41.5540198960982],[-81.2366896826465,41.5539535755068],[-81.2368728612547,41.5540482384112],[-81.2370504975314,41.5541486846563],[-81.237222268077,41.5542547313867],[-81.2372707933204,41.5542864099404],[-81.2366579132808,41.5549051235543],[-81.2365518328943,41.554833253453],[-81.23616602944,41.5545718689136],[-81.2361128814604,41.5545358613287],[-81.2366239878771,41.5540198960982]]]},"properties":{"source_county":"Geauga","jurisdiction":"Munson Township","parcel_id":"21-099800","owner_name":"CHOKSHI MICHAEL V & DEBORAH L","property_address":"11611 ORIOLE PL","property_city":"CHARDON","property_zip":"44024"}},{"type":"Feature","geometry":{"type":"Polygon","coordinates":[[[-81.2472844131637,41.5540857979057],[-81.2476840422451,41.5540876499651],[-81.2476745108351,41.5552488601776],[-81.2470845277112,41.5552461265513],[-81.2470629464144,41.554084771417],[-81.2472844131637,41.5540857979057]]]},"properties":{"source_county":"Geauga","jurisdiction":"Munson Township","parcel_id":"21-099830","owner_name":"ROBICHAUD CHRISTOPHER J","property_address":"10980 WILSON MILLS RD","property_city":"CHARDON","property_zip":"44024"}},{"type":"Feature","geometry":{"type":"Polygon","coordinates":[[[-81.2394562075781,41.568810444615],[-81.2396463835882,41.565140897227],[-81.2397826663053,41.5625109949357],[-81.2411375608941,41.5625262304379],[-81.2411086226595,41.5629372562503],[-81.2409892666392,41.5645812361057],[-81.2411349918168,41.5645870087116],[-81.2411021686227,41.5650391031013],[-81.2412223932539,41.5650438652222],[-81.2411865862869,41.5655370597857],[-81.2410769333197,41.5655326932045],[-81.241044109251,41.5659847874383],[-81.2408979035063,41.5659789654199],[-81.2408382208206,41.5668009549997],[-81.2418401168799,41.5668406374571],[-81.242537118422,41.5668683113163],[-81.2425111584726,41.5672371118282],[-81.2425091456117,41.5672656958635],[-81.2408085980551,41.5671981817905],[-81.2407217520278,41.5684314368206],[-81.2424223313938,41.5684989584399],[-81.2424022894064,41.5687836775851],[-81.2424016234181,41.568793132706],[-81.2394562075781,41.568810444615]]]},"properties":{"source_county":"Geauga","jurisdiction":"Munson Township","parcel_id":"21-100200","owner_name":"LLGC LLC","property_address":" AUBURN RD","property_city":"CHARDON","property_zip":"44024"}},{"type":"Feature","geometry":{"type":"Polygon","coordinates":[[[-81.2424223313938,41.5684989584399],[-81.2424532827065,41.5680592887508],[-81.2431689803176,41.5680877005188],[-81.2441538516932,41.5681267903989],[-81.2444836020656,41.5634403855704],[-81.2456349449328,41.5658192677204],[-81.2456427279939,41.5658353480792],[-81.2460440519304,41.5666645130998],[-81.2479973415922,41.5666458526148],[-81.2479925999707,41.5655480934372],[-81.2473531091632,41.5655492299742],[-81.2460581071544,41.5645812226208],[-81.2460525294501,41.5627973584903],[-81.2473314585548,41.56279509623],[-81.2481600988234,41.5634134830114],[-81.2484616038701,41.5634168978966],[-81.248527927712,41.5634629064391],[-81.2485009752541,41.5661673645523],[-81.250287116122,41.5661374288416],[-81.2504495707085,41.5663024526762],[-81.2519594782472,41.5663264337638],[-81.2514807155301,41.5679891812197],[-81.2514471874494,41.56866424835],[-81.2466041281782,41.5686886069737],[-81.2466047869037,41.5687627044274],[-81.2455437186915,41.5687680141663],[-81.2424022894064,41.5687836775851],[-81.2424223313938,41.5684989584399]]]},"properties":{"source_county":"Geauga","jurisdiction":"Munson Township","parcel_id":"21-100300","owner_name":"LLGC LLC","property_address":" AUBURN RD","property_city":"CHARDON","property_zip":"44024"}},{"type":"Feature","geometry":{"type":"Polygon","coordinates":[[[-81.2456349449328,41.5658192677204],[-81.2444836020656,41.5634403855704],[-81.2436954103092,41.5634091015629],[-81.2436989363171,41.5633406016239],[-81.2445475183934,41.5633742819209],[-81.245337499649,41.5650065443153],[-81.2456678903317,41.5647833137846],[-81.2456735376073,41.5647794972804],[-81.2459667519922,41.5645813832838],[-81.2459607478161,41.5626602996873],[-81.2473310267418,41.562657875873],[-81.2473314585548,41.56279509623],[-81.2460525294501,41.5627973584903],[-81.2460581071544,41.5645812226208],[-81.2473531091632,41.5655492299742],[-81.2479925999707,41.5655480934372],[-81.2479973415922,41.5666458526148],[-81.2460440519304,41.5666645130998],[-81.2456427279939,41.5658353480792],[-81.2456349449328,41.5658192677204]]]},"properties":{"source_county":"Geauga","jurisdiction":"Munson Township","parcel_id":"21-100400","owner_name":"LLGC LLC","property_address":" AUBURN RD","property_city":"CHARDON","property_zip":"44024"}},{"type":"Feature","geometry":{"type":"Polygon","coordinates":[[[-81.2466041281782,41.5686886069737],[-81.2514471874494,41.56866424835],[-81.2503163522941,41.5690018706624],[-81.247031561135,41.5694850995442],[-81.2455236633003,41.5694926524921],[-81.2423512654636,41.5695084792297],[-81.2424016234181,41.568793132706],[-81.2424022894064,41.5687836775851],[-81.2455437186915,41.5687680141663],[-81.2466047869037,41.5687627044274],[-81.2466041281782,41.5686886069737]]]},"properties":{"source_county":"Geauga","jurisdiction":"Munson Township","parcel_id":"21-100500","owner_name":"LLGC LLC","property_address":" AUBURN RD","property_city":"CHARDON","property_zip":"44024"}},{"type":"Feature","geometry":{"type":"Polygon","coordinates":[[[-81.2425091456117,41.5672656958635],[-81.2425111584726,41.5672371118282],[-81.2432410079503,41.5672660853267],[-81.2434551012325,41.5642240344235],[-81.2436471954401,41.5640942488583],[-81.2436954103092,41.5634091015629],[-81.2444836020656,41.5634403855704],[-81.2441538516932,41.5681267903989],[-81.2431689803176,41.5680877005188],[-81.2436864866242,41.5676959994078],[-81.2432371505585,41.5673208878516],[-81.242507300299,41.5672919233324],[-81.2425091456117,41.5672656958635]]]},"properties":{"source_county":"Geauga","jurisdiction":"Munson Township","parcel_id":"21-100600","owner_name":"LLGC LLC","property_address":" AUBURN RD","property_city":"CHARDON","property_zip":"44024"}},{"type":"Feature","geometry":{"type":"Polygon","coordinates":[[[-81.2408382208206,41.5668009549997],[-81.2408979035063,41.5659789654199],[-81.241044109251,41.5659847874383],[-81.2410769333197,41.5655326932045],[-81.2411865862869,41.5655370597857],[-81.2412223932539,41.5650438652222],[-81.2411021686227,41.5650391031013],[-81.2411349918168,41.5645870087116],[-81.2409892666392,41.5645812361057],[-81.2411086226595,41.5629372562503],[-81.2413640556348,41.5629473714945],[-81.241248307821,41.564591476198],[-81.2416329115121,41.566420299597],[-81.2413216743567,41.5664079053297],[-81.2418401168799,41.5668406374571],[-81.2408382208206,41.5668009549997]]]},"properties":{"source_county":"Geauga","jurisdiction":"Munson Township","parcel_id":"21-100800","owner_name":"LLGC LLC","property_address":" AUBURN RD","property_city":"CHARDON","property_zip":"44024"}},{"type":"Feature","geometry":{"type":"Polygon","coordinates":[[[-81.241835851941,41.5529433078086],[-81.2434360367401,41.552927755758],[-81.2434364181757,41.5531512946575],[-81.2434367267889,41.5533326950892],[-81.2418354826732,41.5537969883797],[-81.241835851941,41.5529433078086]]]},"properties":{"source_county":"Geauga","jurisdiction":"Munson Township","parcel_id":"21-101800","owner_name":"SKEDEL MATT & JESSICA","property_address":"11681 AUBURN RD","property_city":"CHARDON","property_zip":"44024"}},{"type":"Feature","geometry":{"type":"Polygon","coordinates":[[[-81.2261548481374,41.5682594216513],[-81.2269534817231,41.5682536546592],[-81.2269502523664,41.5683352793799],[-81.2269212896758,41.5690674364369],[-81.2264642403933,41.5690699386742],[-81.2261117424508,41.5690718670318],[-81.2261406596001,41.5683410990366],[-81.2261438882419,41.5682595013344],[-81.2261548481374,41.5682594216513]]]},"properties":{"source_county":"Geauga","jurisdiction":"Munson Township","parcel_id":"21-102550","owner_name":"BERGSTROM THOMAS J & LISA A","property_address":"11528 WINCHESTER DR","property_city":"CHARDON","property_zip":"44024"}},{"type":"Feature","geometry":{"type":"Polygon","coordinates":[[[-81.2332904467243,41.5584677771486],[-81.2337521471242,41.558198417799],[-81.2346289798931,41.5590463015398],[-81.2342714611487,41.5592540555616],[-81.2341665874628,41.5593149967221],[-81.2332904467243,41.5584677771486]]]},"properties":{"source_county":"Geauga","jurisdiction":"Munson Township","parcel_id":"21-102600","owner_name":"BORSI CHRISTOPHER J TOD & LOURDES R TOD","property_address":"11319 WILSON MILLS RD","property_city":"CHARDON","property_zip":"44024"}},{"type":"Feature","geometry":{"type":"Polygon","coordinates":[[[-81.237222268077,41.5542547313867],[-81.2378473519608,41.5536308174392],[-81.2379898383101,41.5537122121025],[-81.2381269268217,41.5537986795078],[-81.2382582977163,41.5538900179705],[-81.2383836445469,41.5539860144433],[-81.2385026749138,41.5540864450132],[-81.2377416019079,41.5546401817323],[-81.2375914073493,41.5545172668298],[-81.2374343760403,41.5543992714387],[-81.2372707933204,41.5542864099404],[-81.237222268077,41.5542547313867]]]},"properties":{"source_county":"Geauga","jurisdiction":"Munson Township","parcel_id":"21-102900","owner_name":"FISHER JAMES & BURGESS FISHER PATRICIA","property_address":"11602 ORIOLE PL","property_city":"CHARDON","property_zip":"44024"}},{"type":"Feature","geometry":{"type":"Polygon","coordinates":[[[-81.2261872591396,41.5674403382788],[-81.2269914137615,41.5674332260295],[-81.2269621886709,41.568172017946],[-81.2269589610529,41.5682536156733],[-81.2269534817231,41.5682536546592],[-81.2261548481374,41.5682594216513],[-81.2261580761971,41.5681778527561],[-81.2261872591396,41.5674403382788]]]},"properties":{"source_county":"Geauga","jurisdiction":"Munson Township","parcel_id":"21-103200","owner_name":"BOSLER ALYSSA & CALEB C","property_address":"11529 WINCHESTER DR","property_city":"CHARDON","property_zip":"44024"}},{"type":"Feature","geometry":{"type":"Polygon","coordinates":[[[-81.2299833662321,41.5525442973373],[-81.2302749777396,41.5522666216658],[-81.2303936788682,41.5524037184927],[-81.230504419584,41.5525445239166],[-81.2306069948374,41.5526887772848],[-81.2306507700543,41.5527538493144],[-81.2304085641434,41.552992236389],[-81.2302289033459,41.5528190577495],[-81.2300534032701,41.5526482917263],[-81.2299822818171,41.5525794561122],[-81.2299822382568,41.5525794151134],[-81.2299645076386,41.5525622540227],[-81.2299833198326,41.5525443409539],[-81.2299833662321,41.5525442973373]]]},"properties":{"source_county":"Geauga","jurisdiction":"Munson Township","parcel_id":"21-103600","owner_name":"ARC RESOURCES LLC","property_address":"11717 BASSWOOD RD","property_city":"CHARDON","property_zip":"44024"}},{"type":"Feature","geometry":{"type":"Polygon","coordinates":[[[-81.2482956237219,41.5552517355177],[-81.2489167534608,41.5552546068157],[-81.248916521291,41.5552807608906],[-81.2488640137822,41.5552963290127],[-81.2488153246982,41.5553177855968],[-81.2487716158181,41.5553446186653],[-81.2487339300916,41.5553761879508],[-81.2487031667527,41.5554117401738],[-81.2486800598633,41.5554504270157],[-81.2486651607959,41.5554913253608],[-81.2486588250769,41.5555334593225],[-81.2486612039015,41.5555758235289],[-81.2470998245031,41.556069372518],[-81.2470922537618,41.5556619606495],[-81.2470845277112,41.5552461265513],[-81.2476745108351,41.5552488601776],[-81.2482956237219,41.5552517355177]]]},"properties":{"source_county":"Geauga","jurisdiction":"Munson Township","parcel_id":"21-103700","owner_name":"SCHULTZ JOSEPH A & SANDY E","property_address":"11597 FOREST VIEW DR","property_city":"CHARDON","property_zip":"44024"}},{"type":"Feature","geometry":{"type":"Polygon","coordinates":[[[-81.239322952515,41.5578395442651],[-81.2394660646099,41.5577569137668],[-81.2403364985764,41.5582142400536],[-81.2402080222947,41.5583718171673],[-81.2401483806126,41.5584488852059],[-81.2400935024094,41.5585279246964],[-81.2386463994551,41.5582301679644],[-81.2388881184405,41.5580906068637],[-81.239322952515,41.5578395442651]]]},"properties":{"source_county":"Geauga","jurisdiction":"Munson Township","parcel_id":"21-104500","owner_name":"BRUGH GABRIEL A","property_address":"11575 LOWER CHELSEA DR","property_city":"CHARDON","property_zip":"44024"}},{"type":"Feature","geometry":{"type":"Polygon","coordinates":[[[-81.2391039622171,41.5551413813756],[-81.2391631730866,41.5547602324655],[-81.2399141231506,41.5559748240693],[-81.2397382760488,41.556077026798],[-81.239478209497,41.5562281770115],[-81.2387323093296,41.5555069563826],[-81.2389919875451,41.5553554325961],[-81.2390785580029,41.5553049177557],[-81.2391039622171,41.5551413813756]]]},"properties":{"source_county":"Geauga","jurisdiction":"Munson Township","parcel_id":"21-105650","owner_name":"ROSS DONALD J & KRISTEN","property_address":"11187 WILSON MILLS RD","property_city":"CHARDON","property_zip":"44024"}},{"type":"Feature","geometry":{"type":"Polygon","coordinates":[[[-81.2304916287867,41.5601005447867],[-81.2307221732636,41.5599660561602],[-81.231594460598,41.5608095814419],[-81.2310424496691,41.5611303224838],[-81.2309139353491,41.5610060457172],[-81.2308345961345,41.5609237476986],[-81.2307628087065,41.5608376270628],[-81.2306988983424,41.5607480740689],[-81.2306431546205,41.5606554945279],[-81.2305958301088,41.560560307964],[-81.2305571392202,41.5604629457135],[-81.2305272572424,41.5603638489697],[-81.2305063195436,41.5602634667839],[-81.2304956736018,41.5601821736774],[-81.2304916287867,41.5601005447867]]]},"properties":{"source_county":"Geauga","jurisdiction":"Munson Township","parcel_id":"21-105750","owner_name":"MALKO DIANE LEE","property_address":"11420 ORCHARD RD","property_city":"CHARDON","property_zip":"44024"}},{"type":"Feature","geometry":{"type":"Polygon","coordinates":[[[-81.2251416162609,41.5560220535115],[-81.2252281156386,41.5559714832663],[-81.225708762515,41.5564366305483],[-81.2259395106504,41.5566599344328],[-81.2252262194798,41.5566648127787],[-81.2251308903887,41.556028323847],[-81.2251416162609,41.5560220535115]]]},"properties":{"source_county":"Geauga","jurisdiction":"Munson Township","parcel_id":"21-105800","owner_name":"LEMIEUX KATHRYN M","property_address":"11575 PARKWAY RD","property_city":"CHARDON","property_zip":"44024"}},{"type":"Feature","geometry":{"type":"Polygon","coordinates":[[[-81.2382102875656,41.5596587335081],[-81.2382392485291,41.5592476459117],[-81.2398304621483,41.5592848618525],[-81.239801509817,41.5596959570303],[-81.2382102875656,41.5596587335081]]]},"properties":{"source_county":"Geauga","jurisdiction":"Munson Township","parcel_id":"21-106550","owner_name":"WEAVER PAUL H & MARSHA K","property_address":"11545 UPPER CHELSEA DR","property_city":"CHARDON","property_zip":"44024"}},{"type":"Feature","geometry":{"type":"Polygon","coordinates":[[[-81.2434357156534,41.5527396311859],[-81.2450288376148,41.5527391495975],[-81.2450290634345,41.5531508132012],[-81.2434364181757,41.5531512946575],[-81.2434360367401,41.552927755758],[-81.2434357559718,41.5527630903667],[-81.2434357156534,41.5527396311859]]]},"properties":{"source_county":"Geauga","jurisdiction":"Munson Township","parcel_id":"21-107200","owner_name":"MARKS DENNIS J & CHERYL L","property_address":"11686 AUBURN RD","property_city":"CHARDON","property_zip":"44024"}},{"type":"Feature","geometry":{"type":"Polygon","coordinates":[[[-81.2479899284603,41.5504858578922],[-81.2499116440769,41.5504726559883],[-81.2496119183273,41.5508859159606],[-81.2479679899816,41.5508972069149],[-81.2479899284603,41.5504858578922]]]},"properties":{"source_county":"Geauga","jurisdiction":"Munson Township","parcel_id":"21-107400","owner_name":"DESSOFFY GEORGE J & ROBIN L","property_address":"11764 SUN RIDGE CIR","property_city":"CHARDON","property_zip":"44024"}},{"type":"Feature","geometry":{"type":"Polygon","coordinates":[[[-81.2275660305455,41.5544803737892],[-81.2278411893101,41.5541964005112],[-81.2280205093371,41.5543698384053],[-81.227745312949,41.5546537765602],[-81.2275660305455,41.5544803737892]]]},"properties":{"source_county":"Geauga","jurisdiction":"Munson Township","parcel_id":"21-107860","owner_name":"LANESE MICHAEL P TOD","property_address":"11648 EDGEWOOD RD","property_city":"CHARDON","property_zip":"44024"}},{"type":"Feature","geometry":{"type":"Polygon","coordinates":[[[-81.227745312949,41.5546537765602],[-81.2280205093371,41.5543698384053],[-81.2281998302961,41.554543276913],[-81.2279279272147,41.5548238161725],[-81.227834472573,41.554740097606],[-81.227745312949,41.5546537765602]]]},"properties":{"source_county":"Geauga","jurisdiction":"Munson Township","parcel_id":"21-107870","owner_name":"LANESE MICHAEL P TOD","property_address":"11642 EDGEWOOD RD","property_city":"CHARDON","property_zip":"44024"}},{"type":"Feature","geometry":{"type":"Polygon","coordinates":[[[-81.2279279272147,41.5548238161725],[-81.2281998302961,41.554543276913],[-81.2284154951884,41.5547001352559],[-81.2281318426634,41.5549809821303],[-81.2280272192171,41.5549043505403],[-81.2279279272147,41.5548238161725]]]},"properties":{"source_county":"Geauga","jurisdiction":"Munson Township","parcel_id":"21-107880","owner_name":"LANESE MICHAEL P TOD","property_address":"11632 EDGEWOOD RD","property_city":"CHARDON","property_zip":"44024"}},{"type":"Feature","geometry":{"type":"Polygon","coordinates":[[[-81.2281318426634,41.5549809821303],[-81.2284154951884,41.5547001352559],[-81.2286320720166,41.5548587951495],[-81.2283706169285,41.5551299685137],[-81.2282485447185,41.5550579032284],[-81.2281318426634,41.5549809821303]]]},"properties":{"source_county":"Geauga","jurisdiction":"Munson Township","parcel_id":"21-107890","owner_name":"LANESE MICHAEL P TOD","property_address":" EDGEWOOD RD","property_city":"CHARDON","property_zip":"44024"}},{"type":"Feature","geometry":{"type":"Polygon","coordinates":[[[-81.2361689194406,41.5530559253273],[-81.2362442192117,41.5530768107179],[-81.2369583083815,41.5532748730352],[-81.2370737502607,41.5533085142391],[-81.237133442026,41.5533272337647],[-81.2367072976965,41.5538418817358],[-81.2366942210227,41.553857674583],[-81.2366363259612,41.5539275928786],[-81.2364811269623,41.5538558622565],[-81.2363226813342,41.5537882553221],[-81.2360015011234,41.5536567465952],[-81.2359534323654,41.5536370652408],[-81.2361754151984,41.5533311590908],[-81.2361983834778,41.5532937944406],[-81.2362136550835,41.5532542699437],[-81.2362208865982,41.5532134744362],[-81.2362199154131,41.5531723253354],[-81.2362107633837,41.5531317480087],[-81.2361936363369,41.5530926549636],[-81.2361689194406,41.5530559253273]]]},"properties":{"source_county":"Geauga","jurisdiction":"Munson Township","parcel_id":"21-108900","owner_name":"LEO RONALD A & DEBORAH L","property_address":"11624 ORIOLE PL","property_city":"CHARDON","property_zip":"44024"}},{"type":"Feature","geometry":{"type":"Polygon","coordinates":[[[-81.2350805788291,41.5532494618586],[-81.23561845666,41.552773211676],[-81.2356573790242,41.5527904189873],[-81.2356942838654,41.5528099743848],[-81.2358512537979,41.5529006543107],[-81.235337307902,41.5533720811488],[-81.2350805788291,41.5532494618586]]]},"properties":{"source_county":"Geauga","jurisdiction":"Munson Township","parcel_id":"21-109300","owner_name":"LANESE JOY A TOD","property_address":" BROOKSIDE RD","property_city":"CHARDON","property_zip":"44024"}},{"type":"Feature","geometry":{"type":"Polygon","coordinates":[[[-81.235337307902,41.5533720811488],[-81.2358512537979,41.5529006543107],[-81.2360454834208,41.5530128544539],[-81.2357404534085,41.5533565692029],[-81.2354960155865,41.5536320039925],[-81.2351431359217,41.5534836433398],[-81.235337307902,41.5533720811488]]]},"properties":{"source_county":"Geauga","jurisdiction":"Munson Township","parcel_id":"21-109400","owner_name":"LANESE JOY A TOD","property_address":"11270 BROOKSIDE RD","property_city":"CHARDON","property_zip":"44024"}},{"type":"Feature","geometry":{"type":"Polygon","coordinates":[[[-81.2357404534085,41.5533565692029],[-81.2360454834208,41.5530128544539],[-81.2360818710852,41.553037550492],[-81.2361126295682,41.5530662414171],[-81.2361369918489,41.5530982117741],[-81.2361543504037,41.5531326643288],[-81.2361642723561,41.553168739948],[-81.2361665102725,41.5532055390231],[-81.2361610083336,41.5532421439037],[-81.2361479037276,41.55327764178],[-81.2361275232303,41.5533111474466],[-81.2360187136733,41.5534610945739],[-81.2357404534085,41.5533565692029]]]},"properties":{"source_county":"Geauga","jurisdiction":"Munson Township","parcel_id":"21-109500","owner_name":"LANESE JOY A TOD","property_address":" SPRINGWAY RD","property_city":"CHARDON","property_zip":"44024"}},{"type":"Feature","geometry":{"type":"Polygon","coordinates":[[[-81.2334800753911,41.5575289161574],[-81.2345785559195,41.5568880342535],[-81.2346906233251,41.5569964043952],[-81.2337719977731,41.5575323568121],[-81.2333432498689,41.5577824945226],[-81.2332919825421,41.5577254968076],[-81.2332414925357,41.5576681086301],[-81.2334800753911,41.5575289161574]]]},"properties":{"source_county":"Geauga","jurisdiction":"Munson Township","parcel_id":"21-109600","owner_name":"JUSTICE ROBERT H & JO ANN TRUSTEES","property_address":" WILBERT RD","property_city":"CHARDON","property_zip":"44024"}},{"type":"Feature","geometry":{"type":"Polygon","coordinates":[[[-81.2328643973716,41.5571932321083],[-81.234150602179,41.5564427686496],[-81.2342575597961,41.5565540542577],[-81.2345785559195,41.5568880342535],[-81.2334800753911,41.5575289161574],[-81.2332414925357,41.5576681086301],[-81.233159926106,41.5575726164734],[-81.2331205062249,41.557524678134],[-81.2330076684355,41.5573843557112],[-81.2328998213306,41.5572418365239],[-81.2328643973716,41.5571932321083]]]},"properties":{"source_county":"Geauga","jurisdiction":"Munson Township","parcel_id":"21-109700","owner_name":"JUSTICE ROBERT H & JO ANN TRUSTEES","property_address":"11542 WILBERT RD","property_city":"CHARDON","property_zip":"44024"}},{"type":"Feature","geometry":{"type":"Polygon","coordinates":[[[-81.2325312991707,41.5566926806021],[-81.2337226542561,41.5559975014043],[-81.2339151685833,41.5561978076221],[-81.2339365681443,41.5562200733514],[-81.234150602179,41.5564427686496],[-81.2328643973716,41.5571932321083],[-81.2327909764312,41.5570893513178],[-81.2326652056295,41.556900472403],[-81.2325312991707,41.5566926806021]]]},"properties":{"source_county":"Geauga","jurisdiction":"Munson Township","parcel_id":"21-109800","owner_name":"HARPER HEIDI TRUSTEE","property_address":"11560 WILBERT RD","property_city":"CHARDON","property_zip":"44024"}},{"type":"Feature","geometry":{"type":"Polygon","coordinates":[[[-81.2328100451552,41.555957758828],[-81.2334640547414,41.5557284326526],[-81.2337226542561,41.5559975014043],[-81.2325312991707,41.5566926806021],[-81.2324367697383,41.5565459919855],[-81.2322079207732,41.5561908680904],[-81.2321922048744,41.5561662840945],[-81.2328100451552,41.555957758828]]]},"properties":{"source_county":"Geauga","jurisdiction":"Munson Township","parcel_id":"21-109900","owner_name":"LYNCH DENNIS J & RUTH ANN TRUSTEES","property_address":"11578 WILBERT RD","property_city":"CHARDON","property_zip":"44024"}},{"type":"Feature","geometry":{"type":"Polygon","coordinates":[[[-81.248355386503,41.5567778238919],[-81.2488863414009,41.5557973726857],[-81.2489359406216,41.5558095087952],[-81.2489873349745,41.555816216812],[-81.2490394772556,41.5558173600546],[-81.2490913050206,41.5558129152285],[-81.249141762234,41.5558029729008],[-81.2491898207875,41.5557877356548],[-81.2492345014495,41.5557675139625],[-81.2501675505225,41.5567611429909],[-81.2499104110493,41.5567635119781],[-81.2485491695686,41.5567760415594],[-81.248355386503,41.5567778238919]]]},"properties":{"source_county":"Geauga","jurisdiction":"Munson Township","parcel_id":"21-110200","owner_name":"STENZEL CHRISTINE TRUSTEE","property_address":"11575 FOREST VIEW DR","property_city":"CHARDON","property_zip":"44024"}},{"type":"Feature","geometry":{"type":"Polygon","coordinates":[[[-81.2470998245031,41.556069372518],[-81.2486612039015,41.5555758235289],[-81.2486719959563,41.5556167503459],[-81.2486909210277,41.5556559758691],[-81.2487175419196,41.5556925939041],[-81.2487512436431,41.5557257584937],[-81.2487912476229,41.5557547034617],[-81.2488366296837,41.5557787601137],[-81.2488863414009,41.5557973726857],[-81.248355386503,41.5567778238919],[-81.2471132026293,41.5567892418637],[-81.247108086856,41.5565139649804],[-81.2470998245031,41.556069372518]]]},"properties":{"source_county":"Geauga","jurisdiction":"Munson Township","parcel_id":"21-110300","owner_name":"LAWRENCE WARD A & JOAN R","property_address":"11581 FOREST VIEW DR","property_city":"CHARDON","property_zip":"44024"}},{"type":"Feature","geometry":{"type":"Polygon","coordinates":[[[-81.2270326010445,41.5634566411113],[-81.2274886072167,41.5631925533142],[-81.2288312136403,41.5646180977158],[-81.228815538463,41.5650437119142],[-81.2285180596495,41.5650468340522],[-81.2270326010445,41.5634566411113]]]},"properties":{"source_county":"Geauga","jurisdiction":"Munson Township","parcel_id":"21-111500","owner_name":"O DONNELL BARRY & NANCY R","property_address":"11510 WILSON MILLS RD","property_city":"CHARDON","property_zip":"44024"}},{"type":"Feature","geometry":{"type":"Polygon","coordinates":[[[-81.2351246603013,41.5587582580959],[-81.2352309181108,41.5586965099066],[-81.2361326561378,41.5595729853467],[-81.2356524905011,41.5598513388906],[-81.2347511916626,41.5589752841878],[-81.2351246603013,41.5587582580959]]]},"properties":{"source_county":"Geauga","jurisdiction":"Munson Township","parcel_id":"21-111840","owner_name":"APTHORP SCOTT A","property_address":"11310 WILSON MILLS RD","property_city":"CHARDON","property_zip":"44024"}},{"type":"Feature","geometry":{"type":"Polygon","coordinates":[[[-81.2265642479071,41.5547533693617],[-81.2268413851171,41.5544670085925],[-81.2270102893413,41.5546303770597],[-81.2269216484467,41.5547219678965],[-81.2267395420241,41.5549101347256],[-81.2266846140343,41.5548656446851],[-81.2266324427545,41.5548193203673],[-81.2265642479071,41.5547533693617]]]},"properties":{"source_county":"Geauga","jurisdiction":"Munson Township","parcel_id":"21-112000","owner_name":"MALONE DENNIS M TOD & MICHELLE G TOD","property_address":"11534 PARKSIDE RD","property_city":"CHARDON","property_zip":"44024"}},{"type":"Feature","geometry":{"type":"Polygon","coordinates":[[[-81.2267395420241,41.5549101347256],[-81.2269216484467,41.5547219678965],[-81.2272192106931,41.5549368592727],[-81.2271726444559,41.5549969147241],[-81.2271326504584,41.5550595856011],[-81.2270994871558,41.5551244669325],[-81.2270027299362,41.5550775931808],[-81.2269102295991,41.5550260985265],[-81.2268223766634,41.5549702003758],[-81.2267395420241,41.5549101347256]]]},"properties":{"source_county":"Geauga","jurisdiction":"Munson Township","parcel_id":"21-112100","owner_name":"MALONE DENNIS M TOD & MICHELLE G TOD","property_address":" PARKSIDE RD","property_city":"CHARDON","property_zip":"44024"}},{"type":"Feature","geometry":{"type":"Polygon","coordinates":[[[-81.2270102893413,41.5546303770597],[-81.2271042578498,41.5545332804075],[-81.2273914540183,41.5547772751634],[-81.2273513984607,41.5548092557142],[-81.2273038272211,41.5548496950525],[-81.2272597073343,41.5548922848804],[-81.2272192106931,41.5549368592727],[-81.2269216484467,41.5547219678965],[-81.2270102893413,41.5546303770597]]]},"properties":{"source_county":"Geauga","jurisdiction":"Munson Township","parcel_id":"21-112200","owner_name":"MALONE DENNIS M TOD & MICHELLE G TOD","property_address":" PARKSIDE RD","property_city":"CHARDON","property_zip":"44024"}},{"type":"Feature","geometry":{"type":"Polygon","coordinates":[[[-81.2271042578498,41.5545332804075],[-81.22728686502,41.5543445917063],[-81.227579221645,41.5546273620628],[-81.2273914540183,41.5547772751634],[-81.2271042578498,41.5545332804075]]]},"properties":{"source_county":"Geauga","jurisdiction":"Munson Township","parcel_id":"21-112300","owner_name":"MALONE DENNIS M TOD & MICHELLE G TOD","property_address":" PARKSIDE RD","property_city":"CHARDON","property_zip":"44024"}},{"type":"Feature","geometry":{"type":"Polygon","coordinates":[[[-81.2268413851171,41.5544670085925],[-81.2271179608254,41.5541812245267],[-81.22728686502,41.5543445917063],[-81.2271042578498,41.5545332804075],[-81.2270102893413,41.5546303770597],[-81.2268413851171,41.5544670085925]]]},"properties":{"source_county":"Geauga","jurisdiction":"Munson Township","parcel_id":"21-112400","owner_name":"MALONE DENNIS M TOD & MICHELLE G TOD","property_address":" EDGEWOOD RD","property_city":"CHARDON","property_zip":"44024"}},{"type":"Feature","geometry":{"type":"Polygon","coordinates":[[[-81.2428606858689,41.5622713065511],[-81.2428890236102,41.5618686781116],[-81.2433853479705,41.5618895956884],[-81.2433916273678,41.5619908742611],[-81.2444917751141,41.5620617661606],[-81.244452836018,41.5626152104639],[-81.2438573659212,41.5625894033146],[-81.2438737339008,41.562356790173],[-81.243876626469,41.5623156807695],[-81.2428606858689,41.5622713065511]]]},"properties":{"source_county":"Geauga","jurisdiction":"Munson Township","parcel_id":"21-113400","owner_name":"REED LUCAS","property_address":"11372 AUBURN RD","property_city":"CHARDON","property_zip":"44024"}},{"type":"Feature","geometry":{"type":"Polygon","coordinates":[[[-81.2309909354655,41.5522141454061],[-81.2309333297205,41.5521058309184],[-81.2316260928272,41.5521389576146],[-81.2319660316101,41.5530936961813],[-81.2317563475286,41.5534143979201],[-81.2312383008111,41.5526792594738],[-81.2311705295309,41.5525518308901],[-81.231048541401,41.5523224598615],[-81.2309909354655,41.5522141454061]]]},"properties":{"source_county":"Geauga","jurisdiction":"Munson Township","parcel_id":"21-114150","owner_name":"FRANCIS JOAN TOD","property_address":"11389 BROOKSIDE RD","property_city":"CHARDON","property_zip":"44024"}},{"type":"Feature","geometry":{"type":"Polygon","coordinates":[[[-81.2261081775861,41.5543122428242],[-81.2262931635714,41.5541215565352],[-81.2265809316955,41.554399895534],[-81.2263961728497,41.5545908026753],[-81.2261081775861,41.5543122428242]]]},"properties":{"source_county":"Geauga","jurisdiction":"Munson Township","parcel_id":"21-114700","owner_name":"FOSTER ARON T & RYAN A","property_address":"11532 LAKEVIEW RD","property_city":"CHARDON","property_zip":"44024"}},{"type":"Feature","geometry":{"type":"Polygon","coordinates":[[[-81.2262931635714,41.5541215565352],[-81.2263856561515,41.5540262137259],[-81.2266733101066,41.5543044422923],[-81.2265809316955,41.554399895534],[-81.2262931635714,41.5541215565352]]]},"properties":{"source_county":"Geauga","jurisdiction":"Munson Township","parcel_id":"21-114710","owner_name":"FOSTER ARON T & RYAN A","property_address":" LAKEVIEW RD","property_city":"CHARDON","property_zip":"44024"}},{"type":"Feature","geometry":{"type":"Polygon","coordinates":[[[-81.2265809316955,41.554399895534],[-81.2266733101066,41.5543044422923],[-81.2268413851171,41.5544670085925],[-81.2265642479071,41.5547533693617],[-81.2263961728497,41.5545908026753],[-81.2265809316955,41.554399895534]]]},"properties":{"source_county":"Geauga","jurisdiction":"Munson Township","parcel_id":"21-114720","owner_name":"FOSTER ARON T & RYAN A","property_address":" LAKEVIEW RD","property_city":"CHARDON","property_zip":"44024"}},{"type":"Feature","geometry":{"type":"Polygon","coordinates":[[[-81.2296268700767,41.559029657361],[-81.2297019232828,41.5586242704729],[-81.2297560977722,41.558625697923],[-81.2297565603089,41.5586257101872],[-81.2297364263596,41.5590324228503],[-81.2297352352323,41.5590323927097],[-81.2296268700767,41.559029657361]]]},"properties":{"source_county":"Geauga","jurisdiction":"Munson Township","parcel_id":"21-115000","owner_name":"SUSZYNSKI KATHLEEN C","property_address":" ORCHARD RD","property_city":"CHARDON","property_zip":"44024"}},{"type":"Feature","geometry":{"type":"Polygon","coordinates":[[[-81.2297364263596,41.5590324228503],[-81.2297565603089,41.5586257101872],[-81.2305023412623,41.5586453507764],[-81.2304833937549,41.5590512750493],[-81.2297364263596,41.5590324228503]]]},"properties":{"source_county":"Geauga","jurisdiction":"Munson Township","parcel_id":"21-115100","owner_name":"SUSZYNSKI KATHLEEN C","property_address":"11493 ORCHARD RD","property_city":"CHARDON","property_zip":"44024"}},{"type":"Feature","geometry":{"type":"Polygon","coordinates":[[[-81.2284154951884,41.5547001352559],[-81.2286887482941,41.5544295835349],[-81.2287920053737,41.554507262816],[-81.2288986107964,41.5545823468264],[-81.2286320720166,41.5548587951495],[-81.2284154951884,41.5547001352559]]]},"properties":{"source_county":"Geauga","jurisdiction":"Munson Township","parcel_id":"21-115600","owner_name":"ADAMS ELISA M TOD","property_address":"11651 CHESTNUTDALE RD","property_city":"CHARDON","property_zip":"44024"}},{"type":"Feature","geometry":{"type":"Polygon","coordinates":[[[-81.2281998302961,41.554543276913],[-81.2284793621343,41.5542548619933],[-81.2285820048917,41.5543436090856],[-81.2286887482941,41.5544295835349],[-81.2284154951884,41.5547001352559],[-81.2281998302961,41.554543276913]]]},"properties":{"source_county":"Geauga","jurisdiction":"Munson Township","parcel_id":"21-115700","owner_name":"ADAMS ELISA M TOD","property_address":" CHESTNUTDALE RD","property_city":"CHARDON","property_zip":"44024"}},{"type":"Feature","geometry":{"type":"Polygon","coordinates":[[[-81.243437120009,41.5535629319525],[-81.2450292942208,41.5535703525119],[-81.2450295715343,41.5540763836669],[-81.2445275764306,41.5540745663853],[-81.2439761242207,41.5540725675871],[-81.2434379806952,41.5540679078786],[-81.2434377650344,41.5539415331029],[-81.243437120009,41.5535629319525]]]},"properties":{"source_county":"Geauga","jurisdiction":"Munson Township","parcel_id":"21-116260","owner_name":"HEIM SAMANTHA K","property_address":"11656 AUBURN RD","property_city":"CHARDON","property_zip":"44024"}},{"type":"Feature","geometry":{"type":"Polygon","coordinates":[[[-81.2482854817684,41.554090433936],[-81.2483051441402,41.554090524355],[-81.2482956237219,41.5552517355177],[-81.2476745108351,41.5552488601776],[-81.2476840422451,41.5540876499651],[-81.2478324431482,41.5540883366031],[-81.2482854817684,41.554090433936]]]},"properties":{"source_county":"Geauga","jurisdiction":"Munson Township","parcel_id":"21-116430","owner_name":"MOORE JANET R","property_address":"10960 WILSON MILLS RD","property_city":"CHARDON","property_zip":"44024"}},{"type":"Feature","geometry":{"type":"Polygon","coordinates":[[[-81.2287179721269,41.5525731701298],[-81.2289975605543,41.5522842520397],[-81.2291772166302,41.5524574326144],[-81.22889762704,41.5527463520082],[-81.2287179721269,41.5525731701298]]]},"properties":{"source_county":"Geauga","jurisdiction":"Munson Township","parcel_id":"21-116600","owner_name":"MALONE COREY & JENNIFER","property_address":"11725 OVERLOOK RD","property_city":"CHARDON","property_zip":"44024"}},{"type":"Feature","geometry":{"type":"Polygon","coordinates":[[[-81.2286331607718,41.5523019811318],[-81.2288179054456,41.552111070277],[-81.2289975605543,41.5522842520397],[-81.2287179721269,41.5525731701298],[-81.2285383169475,41.5523999888509],[-81.2286331607718,41.5523019811318]]]},"properties":{"source_county":"Geauga","jurisdiction":"Munson Township","parcel_id":"21-116700","owner_name":"MALONE COREY & JENNIFER","property_address":" OVERLOOK RD","property_city":"CHARDON","property_zip":"44024"}},{"type":"Feature","geometry":{"type":"Polygon","coordinates":[[[-81.2324247503273,41.5589728215031],[-81.2328575995864,41.5587203005866],[-81.2337330919958,41.559566897672],[-81.2332995920136,41.5598187960696],[-81.2324247503273,41.5589728215031]]]},"properties":{"source_county":"Geauga","jurisdiction":"Munson Township","parcel_id":"21-116800","owner_name":"MORGAN ELIZABETH A TOD","property_address":"11341 WILSON MILLS RD","property_city":"CHARDON","property_zip":"44024"}},{"type":"Feature","geometry":{"type":"Polygon","coordinates":[[[-81.2283706169285,41.5551299685137],[-81.2286320720166,41.5548587951495],[-81.2288544028316,41.5550216688977],[-81.2286610555161,41.5552724395451],[-81.2285617174198,41.5552278967365],[-81.2284648520097,41.5551803806153],[-81.2283706169285,41.5551299685137]]]},"properties":{"source_county":"Geauga","jurisdiction":"Munson Township","parcel_id":"21-117320","owner_name":"HANSON CASE","property_address":"11618 EDGEWOOD RD","property_city":"CHARDON","property_zip":"44024"}},{"type":"Feature","geometry":{"type":"Polygon","coordinates":[[[-81.2286610555161,41.5552724395451],[-81.2288544028316,41.5550216688977],[-81.22918665927,41.5551290629387],[-81.2290140318205,41.5553954981218],[-81.2289386562671,41.555375603726],[-81.2288650269392,41.5553523101611],[-81.2287934152414,41.55532570329],[-81.2286610555161,41.5552724395451]]]},"properties":{"source_county":"Geauga","jurisdiction":"Munson Township","parcel_id":"21-117321","owner_name":"HANSON CASE","property_address":" EDGEWOOD RD","property_city":"CHARDON","property_zip":"44024"}},{"type":"Feature","geometry":{"type":"Polygon","coordinates":[[[-81.2286320720166,41.5548587951495],[-81.2288986107964,41.5545823468264],[-81.2290084482926,41.5546547550211],[-81.229121400263,41.5547244074678],[-81.2288544028316,41.5550216688977],[-81.2286320720166,41.5548587951495]]]},"properties":{"source_county":"Geauga","jurisdiction":"Munson Township","parcel_id":"21-117322","owner_name":"HANSON CASE","property_address":" CHESTNUTDALE RD","property_city":"CHARDON","property_zip":"44024"}},{"type":"Feature","geometry":{"type":"Polygon","coordinates":[[[-81.2485506139828,41.5611862542468],[-81.248567284419,41.5595133116585],[-81.250242553433,41.5599233515577],[-81.2502597599204,41.5599476142029],[-81.2502821007251,41.5599693887418],[-81.2503089531954,41.5599880683002],[-81.2503395689339,41.5600031322631],[-81.2503730946557,41.5600141607851],[-81.2504085959707,41.5600208464913],[-81.250445083426,41.5600230030454],[-81.2497399192255,41.5611868683131],[-81.2485506139828,41.5611862542468]]]},"properties":{"source_county":"Geauga","jurisdiction":"Munson Township","parcel_id":"21-117460","owner_name":"KEPPLER MARTIN M & LESLIE D","property_address":"11453 FOWLERS MILL RD","property_city":"CHARDON","property_zip":"44024"}},{"type":"Feature","geometry":{"type":"Polygon","coordinates":[[[-81.2384379082722,41.5568327843233],[-81.2387811618607,41.5566332921503],[-81.2396732055349,41.5575057612486],[-81.2397577820579,41.5575884800049],[-81.2394660646099,41.5577569137668],[-81.239322952515,41.5578395442651],[-81.2389851546191,41.5575091611798],[-81.2383473939339,41.5568853890993],[-81.2384379082722,41.5568327843233]]]},"properties":{"source_county":"Geauga","jurisdiction":"Munson Township","parcel_id":"21-118600","owner_name":"GIARRANO ROSS M","property_address":"11216 WILSON MILLS RD","property_city":"CHARDON","property_zip":"44024"}},{"type":"Feature","geometry":{"type":"Polygon","coordinates":[[[-81.2391314441677,41.5564297132263],[-81.2392146221163,41.5563813712545],[-81.2401923039506,41.5573375908923],[-81.239903014654,41.5575046239074],[-81.2397577820579,41.5575884800049],[-81.2396732055349,41.5575057612486],[-81.2387811618607,41.5566332921503],[-81.2387846778861,41.5566312493058],[-81.2391314441677,41.5564297132263]]]},"properties":{"source_county":"Geauga","jurisdiction":"Munson Township","parcel_id":"21-118700","owner_name":"HOARE MATTHEW S","property_address":"11200 WILSON MILLS RD","property_city":"CHARDON","property_zip":"44024"}},{"type":"Feature","geometry":{"type":"Polygon","coordinates":[[[-81.2318321640642,41.5533918213499],[-81.2321140214389,41.5529607326213],[-81.2324288430277,41.5530768762226],[-81.2320806686896,41.5534975971535],[-81.2320018269172,41.5534572118462],[-81.2319188017322,41.5534218722406],[-81.2318321640642,41.5533918213499]]]},"properties":{"source_county":"Geauga","jurisdiction":"Munson Township","parcel_id":"21-118720","owner_name":"LANDIES DONALD S TRUSTEE","property_address":"11686 BASSWOOD RD","property_city":"CHARDON","property_zip":"44024"}},{"type":"Feature","geometry":{"type":"Polygon","coordinates":[[[-81.2263856561515,41.5540262137259],[-81.2266625732325,41.553740760427],[-81.2271179608254,41.5541812245267],[-81.2268413851171,41.5544670085925],[-81.2266733101066,41.5543044422923],[-81.2263856561515,41.5540262137259]]]},"properties":{"source_county":"Geauga","jurisdiction":"Munson Township","parcel_id":"21-119300","owner_name":"BURWELL DONALD W & MICHELLE A","property_address":"11524 LAKEVIEW RD","property_city":"CHARDON","property_zip":"44024"}},{"type":"Feature","geometry":{"type":"Polygon","coordinates":[[[-81.2300151926228,41.5518768472478],[-81.230352326876,41.5515326697734],[-81.23043532632,41.551614549989],[-81.2301145793159,41.5519664593982],[-81.2300653337309,41.551921372325],[-81.2300151926228,41.5518768472478]]]},"properties":{"source_county":"Geauga","jurisdiction":"Munson Township","parcel_id":"21-119500","owner_name":"NEFF THOMAS R TOD & KATHLEEN D TOD","property_address":" BASSWOOD RD","property_city":"CHARDON","property_zip":"44024"}},{"type":"Feature","geometry":{"type":"Polygon","coordinates":[[[-81.2301145793159,41.5519664593982],[-81.23043532632,41.551614549989],[-81.230601327029,41.551778310249],[-81.2302810631828,41.5521299129096],[-81.2301992628672,41.5520473575845],[-81.2301145793159,41.5519664593982]]]},"properties":{"source_county":"Geauga","jurisdiction":"Munson Township","parcel_id":"21-119510","owner_name":"NEFF THOMAS R TOD & KATHLEEN D TOD","property_address":"11734 BASSWOOD RD","property_city":"CHARDON","property_zip":"44024"}},{"type":"Feature","geometry":{"type":"Polygon","coordinates":[[[-81.2302810631828,41.5521299129096],[-81.230601327029,41.551778310249],[-81.2307673285504,41.5519420711634],[-81.2304357849463,41.5522997625291],[-81.2303599218028,41.5522140678446],[-81.2302810631828,41.5521299129096]]]},"properties":{"source_county":"Geauga","jurisdiction":"Munson Township","parcel_id":"21-119520","owner_name":"NEFF THOMAS R TOD & KATHLEEN D TOD","property_address":" BASSWOOD RD","property_city":"CHARDON","property_zip":"44024"}},{"type":"Feature","geometry":{"type":"Polygon","coordinates":[[[-81.229696277262,41.5598433927681],[-81.2297163718658,41.5594374983312],[-81.2304644472113,41.5594571992786],[-81.2304454992342,41.5598631234384],[-81.229696277262,41.5598433927681]]]},"properties":{"source_county":"Geauga","jurisdiction":"Munson Township","parcel_id":"21-120550","owner_name":"NIEBES CURTIS R","property_address":"11465 ORCHARD RD","property_city":"CHARDON","property_zip":"44024"}},{"type":"Feature","geometry":{"type":"Polygon","coordinates":[[[-81.2295867255602,41.5598405066405],[-81.2296068208246,41.5594346131226],[-81.2297149590666,41.5594374612629],[-81.2297163718658,41.5594374983312],[-81.229696277262,41.5598433927681],[-81.2296940160605,41.5598433329102],[-81.2296938902355,41.5598433297326],[-81.2295867255602,41.5598405066405]]]},"properties":{"source_county":"Geauga","jurisdiction":"Munson Township","parcel_id":"21-120560","owner_name":"NIEBES CURTIS R","property_address":" ORCHARD RD","property_city":"CHARDON","property_zip":"44024"}},{"type":"Feature","geometry":{"type":"Polygon","coordinates":[[[-81.2328182967801,41.5526014927303],[-81.2331782920021,41.5526205497768],[-81.2331894335579,41.5526886297258],[-81.2332077251761,41.5527558318993],[-81.2332330517339,41.5528217332641],[-81.2332652538227,41.5528859189734],[-81.2327517946784,41.5530658624157],[-81.2324967311061,41.5526438428375],[-81.2325582211337,41.5526259969062],[-81.2326217329741,41.5526127352688],[-81.2326866625227,41.5526041840659],[-81.2327523921908,41.5526004246336],[-81.2328182967801,41.5526014927303]]]},"properties":{"source_county":"Geauga","jurisdiction":"Munson Township","parcel_id":"21-120700","owner_name":"HENRY LUCINDA D NKA DWYER LUCINDA & ARMSTRONG LONSON EARL","property_address":"11358 BROOKSIDE RD","property_city":"CHARDON","property_zip":"44024"}},{"type":"Feature","geometry":{"type":"Polygon","coordinates":[[[-81.246330915092,41.5500848322941],[-81.2463311608688,41.5500848304458],[-81.2463132303805,41.5504208819301],[-81.2463064028175,41.5505488295275],[-81.246306130672,41.550548831091],[-81.2434320139641,41.5505686844181],[-81.2434314318002,41.5502272442131],[-81.2434312234896,41.55010486215],[-81.246330915092,41.5500848322941]]]},"properties":{"source_county":"Geauga","jurisdiction":"Munson Township","parcel_id":"21-120800","owner_name":"KASARJIAN AARON JAMES & VICTORIA JOYCE","property_address":"11780 AUBURN RD","property_city":"CHARDON","property_zip":"44024"}},{"type":"Feature","geometry":{"type":"Polygon","coordinates":[[[-81.2462855261832,41.5509345824814],[-81.2462858199206,41.5509345802505],[-81.2462652379798,41.5513203309351],[-81.2462649202705,41.551320332907],[-81.2437184885929,41.5513379246892],[-81.2434333289895,41.5513398912485],[-81.2434333218887,41.551335574206],[-81.2434328735415,41.5510725270988],[-81.2434326720809,41.5509542874136],[-81.2462855261832,41.5509345824814]]]},"properties":{"source_county":"Geauga","jurisdiction":"Munson Township","parcel_id":"21-120900","owner_name":"MARTIN CARRIE E","property_address":"11750 AUBURN RD","property_city":"CHARDON","property_zip":"44024"}},{"type":"Feature","geometry":{"type":"Polygon","coordinates":[[[-81.2254826834875,41.5643542172524],[-81.2260973844241,41.5639982425018],[-81.2270922591277,41.5650617902044],[-81.2262185197633,41.5650709463774],[-81.2255582724481,41.5644278435953],[-81.2254826834875,41.5643542172524]]]},"properties":{"source_county":"Geauga","jurisdiction":"Munson Township","parcel_id":"21-121100","owner_name":"NOLAN CAROLE J TOD","property_address":"11546 WILSON MILLS RD","property_city":"CHARDON","property_zip":"44024"}},{"type":"Feature","geometry":{"type":"Polygon","coordinates":[[[-81.2288835729989,41.5623846607795],[-81.2289003292542,41.5623749252864],[-81.2288978845529,41.5624611729006],[-81.2288551699826,41.5639679211888],[-81.2288527093515,41.5640227963457],[-81.2278534815366,41.5629812400569],[-81.2288835729989,41.5623846607795]]]},"properties":{"source_county":"Geauga","jurisdiction":"Munson Township","parcel_id":"21-121200","owner_name":"WILSON HELEN M TOD","property_address":"11486 WILSON MILLS RD","property_city":"CHARDON","property_zip":"44024"}},{"type":"Feature","geometry":{"type":"Polygon","coordinates":[[[-81.2380899946939,41.5551205306947],[-81.238045098341,41.5549174803655],[-81.2383184450431,41.5549319486645],[-81.2391039622171,41.5551413813756],[-81.2390785580029,41.5553049177557],[-81.2389919875451,41.5553554325961],[-81.2387323093296,41.5555069563826],[-81.2384726298955,41.5556584804812],[-81.2380899946939,41.5551205306947]]]},"properties":{"source_county":"Geauga","jurisdiction":"Munson Township","parcel_id":"21-123950","owner_name":"EASTLAKE MICHAEL L & BRENDA L CO TRUSTEES","property_address":"11583 ORIOLE PL","property_city":"CHARDON","property_zip":"44024"}},{"type":"Feature","geometry":{"type":"Polygon","coordinates":[[[-81.2308086534901,41.5559692789874],[-81.2309136802831,41.5560818837177],[-81.2310139172174,41.5561969252538],[-81.2311092641404,41.5563142886801],[-81.2309278334538,41.55643753017],[-81.2305667447411,41.5560919632439],[-81.2306439913457,41.5560473793555],[-81.2307247286709,41.5560064333439],[-81.2308086534901,41.5559692789874]]]},"properties":{"source_county":"Geauga","jurisdiction":"Munson Township","parcel_id":"21-124400","owner_name":"ROMANOFF JOHN K & DIANA L","property_address":" PARKSIDE RD","property_city":"CHARDON","property_zip":"44024"}},{"type":"Feature","geometry":{"type":"Polygon","coordinates":[[[-81.2305667447411,41.5560919632439],[-81.2309278334538,41.55643753017],[-81.2307299652089,41.5565719343024],[-81.230357370602,41.5562468811738],[-81.2304229312083,41.5561920805958],[-81.2304928088806,41.5561403774394],[-81.2305667447411,41.5560919632439]]]},"properties":{"source_county":"Geauga","jurisdiction":"Munson Township","parcel_id":"21-124500","owner_name":"ROMANOFF JOHN K & DIANA L","property_address":"11420 PARKSIDE RD","property_city":"CHARDON","property_zip":"44024"}},{"type":"Feature","geometry":{"type":"Polygon","coordinates":[[[-81.2309278334538,41.55643753017],[-81.2311092641404,41.5563142886801],[-81.2311940353116,41.5563943730186],[-81.2313052453047,41.5566702956184],[-81.2309378620118,41.5567533033848],[-81.2307299652089,41.5565719343024],[-81.2309278334538,41.55643753017]]]},"properties":{"source_county":"Geauga","jurisdiction":"Munson Township","parcel_id":"21-124600","owner_name":"ROMANOFF JOHN K & DIANA L","property_address":" PARKSIDE RD","property_city":"CHARDON","property_zip":"44024"}},{"type":"Feature","geometry":{"type":"Polygon","coordinates":[[[-81.23048666078,41.5540609168865],[-81.2305907425266,41.5539159947162],[-81.2309318822873,41.5540296709593],[-81.2308893015682,41.5541414890716],[-81.2304641312931,41.5540922877972],[-81.23048666078,41.5540609168865]]]},"properties":{"source_county":"Geauga","jurisdiction":"Munson Township","parcel_id":"21-124700","owner_name":"PITCHLER FRANK W JR & KELLY A","property_address":" EDGEWOOD RD","property_city":"CHARDON","property_zip":"44024"}},{"type":"Feature","geometry":{"type":"Polygon","coordinates":[[[-81.2305907425266,41.5539159947162],[-81.230742628525,41.5537045082304],[-81.2308286768462,41.5537274126856],[-81.2309164042241,41.5537463859189],[-81.2310054926631,41.5537613591559],[-81.2309851625618,41.5538514282528],[-81.230960615592,41.5539409026401],[-81.2309318822873,41.5540296709593],[-81.2305907425266,41.5539159947162]]]},"properties":{"source_county":"Geauga","jurisdiction":"Munson Township","parcel_id":"21-124800","owner_name":"PITCHLER FRANK W JR & KELLY A","property_address":"11570 EDGEWOOD RD","property_city":"CHARDON","property_zip":"44024"}},{"type":"Feature","geometry":{"type":"Polygon","coordinates":[[[-81.2302338720459,41.5538937851531],[-81.2304820504464,41.5536058050946],[-81.2305660333396,41.5536428790632],[-81.2306530123832,41.5536758254435],[-81.230742628525,41.5537045082304],[-81.2305907425266,41.5539159947162],[-81.23048666078,41.5540609168865],[-81.2302338720459,41.5538937851531]]]},"properties":{"source_county":"Geauga","jurisdiction":"Munson Township","parcel_id":"21-124900","owner_name":"PITCHLER FRANK W JR & KELLY A","property_address":" OVERLOOK RD","property_city":"CHARDON","property_zip":"44024"}},{"type":"Feature","geometry":{"type":"Polygon","coordinates":[[[-81.2249996958726,41.5552668213154],[-81.2250643962509,41.5552222090033],[-81.2253463800652,41.5554951042899],[-81.225217000076,41.5555855288737],[-81.224934262758,41.555310825815],[-81.2249996958726,41.5552668213154]]]},"properties":{"source_county":"Geauga","jurisdiction":"Munson Township","parcel_id":"21-125800","owner_name":"PARKER CHRISTOPHER H & JUDITH L","property_address":" LAKEVIEW RD","property_city":"CHARDON","property_zip":"44024"}},{"type":"Feature","geometry":{"type":"Polygon","coordinates":[[[-81.225217000076,41.5555855288737],[-81.2253463800652,41.5554951042899],[-81.2255520954508,41.5556941873728],[-81.2251711003619,41.5559163070664],[-81.2249918819476,41.5557428650373],[-81.225217000076,41.5555855288737]]]},"properties":{"source_county":"Geauga","jurisdiction":"Munson Township","parcel_id":"21-126000","owner_name":"PARKER CHRISTOPHER H & JUDITH L","property_address":" LAKEVIEW RD","property_city":"CHARDON","property_zip":"44024"}},{"type":"Feature","geometry":{"type":"Polygon","coordinates":[[[-81.2286457920119,41.5542736832465],[-81.2289182772997,41.5539922698058],[-81.2290148158391,41.5540742973846],[-81.2287447258996,41.5543544738776],[-81.2286457920119,41.5542736832465]]]},"properties":{"source_county":"Geauga","jurisdiction":"Munson Township","parcel_id":"21-126310","owner_name":"MORTON LAILEY A","property_address":" CHESTNUTDALE RD","property_city":"CHARDON","property_zip":"44024"}},{"type":"Feature","geometry":{"type":"Polygon","coordinates":[[[-81.2287447258996,41.5543544738776],[-81.2290148158391,41.5540742973846],[-81.2292098102225,41.5542412737665],[-81.2289531997455,41.5545083033643],[-81.2288472342769,41.5544327103159],[-81.2287447258996,41.5543544738776]]]},"properties":{"source_county":"Geauga","jurisdiction":"Munson Township","parcel_id":"21-126320","owner_name":"MORTON LAILEY A","property_address":"11650 CHESTNUTDALE RD","property_city":"CHARDON","property_zip":"44024"}},{"type":"Feature","geometry":{"type":"Polygon","coordinates":[[[-81.2289531997455,41.5545083033643],[-81.2292098102225,41.5542412737665],[-81.2293303991058,41.5543083396484],[-81.2290625021454,41.5545811667056],[-81.2289531997455,41.5545083033643]]]},"properties":{"source_county":"Geauga","jurisdiction":"Munson Township","parcel_id":"21-126330","owner_name":"MORTON LAILEY A","property_address":" CHESTNUTDALE RD","property_city":"CHARDON","property_zip":"44024"}},{"type":"Feature","geometry":{"type":"Polygon","coordinates":[[[-81.2284462656886,41.5524951103738],[-81.2285383169475,41.5523999888509],[-81.2287179721269,41.5525731701298],[-81.2284387017688,41.5528617551457],[-81.2282590477348,41.552688573464],[-81.2284462656886,41.5524951103738]]]},"properties":{"source_county":"Geauga","jurisdiction":"Munson Township","parcel_id":"21-127600","owner_name":"COMEAU WILLIAM TOD","property_address":" MAPLEWOOD RD","property_city":"CHARDON","property_zip":"44024"}},{"type":"Feature","geometry":{"type":"Polygon","coordinates":[[[-81.2284387017688,41.5528617551457],[-81.2287179721269,41.5525731701298],[-81.22889762704,41.5527463520082],[-81.2286183579336,41.5530349374533],[-81.2284387017688,41.5528617551457]]]},"properties":{"source_county":"Geauga","jurisdiction":"Munson Township","parcel_id":"21-127700","owner_name":"COMEAU WILLIAM TOD","property_address":"11700 MAPLEWOOD RD","property_city":"CHARDON","property_zip":"44024"}},{"type":"Feature","geometry":{"type":"Polygon","coordinates":[[[-81.2473553404,41.551477452035],[-81.2479035212463,41.5514736527931],[-81.2478754124101,41.5525076995667],[-81.2478697385721,41.5527164247468],[-81.2473217188639,41.5527138862114],[-81.2473385931507,41.5520933587552],[-81.2473553404,41.551477452035]]]},"properties":{"source_county":"Geauga","jurisdiction":"Munson Township","parcel_id":"21-128150","owner_name":"EGGLESTON ADAM D","property_address":"10970 WOOD HOLLOW DR","property_city":"CHARDON","property_zip":"44024"}},{"type":"Feature","geometry":{"type":"Polygon","coordinates":[[[-81.2267297542892,41.5536715080345],[-81.2269132527747,41.5534823505947],[-81.2272115038809,41.5537708291543],[-81.2270281890295,41.5539601637568],[-81.2267297542892,41.5536715080345]]]},"properties":{"source_county":"Geauga","jurisdiction":"Munson Township","parcel_id":"21-128200","owner_name":"HUNZIKER KYLE J","property_address":" LAKEVIEW RD","property_city":"CHARDON","property_zip":"44024"}},{"type":"Feature","geometry":{"type":"Polygon","coordinates":[[[-81.2269132527747,41.5534823505947],[-81.2270982414046,41.5532916558484],[-81.2273967799729,41.5535794653327],[-81.2273032361595,41.5536760833214],[-81.2272115038809,41.5537708291543],[-81.2269132527747,41.5534823505947]]]},"properties":{"source_county":"Geauga","jurisdiction":"Munson Township","parcel_id":"21-128300","owner_name":"HUNZIKER KYLE J","property_address":"11510 LAKEVIEW RD","property_city":"CHARDON","property_zip":"44024"}},{"type":"Feature","geometry":{"type":"Polygon","coordinates":[[[-81.2270982414046,41.5532916558484],[-81.2272810710709,41.5531031847763],[-81.227579438198,41.5533908064277],[-81.2273967799729,41.5535794653327],[-81.2270982414046,41.5532916558484]]]},"properties":{"source_county":"Geauga","jurisdiction":"Munson Township","parcel_id":"21-128400","owner_name":"HUNZIKER KYLE J","property_address":" LAKEVIEW RD","property_city":"CHARDON","property_zip":"44024"}},{"type":"Feature","geometry":{"type":"Polygon","coordinates":[[[-81.2479679899816,41.5508972069149],[-81.2496119183273,41.5508859159606],[-81.2495899860709,41.5512974029709],[-81.2480803708614,41.5513077540736],[-81.2480597308095,41.5513066392741],[-81.2480396004014,41.5513030382142],[-81.2480205068263,41.5512970452009],[-81.2480029501197,41.5512888171834],[-81.2479873900682,41.5512785696429],[-81.2479742341681,41.5512665709488],[-81.2479638269534,41.5512531353309],[-81.2479564409732,41.55123861465],[-81.2479522696544,41.5512233891828],[-81.2479514222358,41.5512078576635],[-81.2479679899816,41.5508972069149]]]},"properties":{"source_county":"Geauga","jurisdiction":"Munson Township","parcel_id":"21-128591","owner_name":"PERME MICHAEL J & WATERWASH KAITLYN M","property_address":"10977 WOOD HOLLOW DR","property_city":"CHARDON","property_zip":"44024"}},{"type":"Feature","geometry":{"type":"Polygon","coordinates":[[[-81.2377939958984,41.5549998896874],[-81.2379978354393,41.5548733764589],[-81.238045098341,41.5549174803655],[-81.2380899946939,41.5551205306947],[-81.2384726298955,41.5556584804812],[-81.2383860633497,41.5557089922153],[-81.2380398164499,41.555911026115],[-81.2378378430489,41.5560288762426],[-81.2377481828597,41.5559421844854],[-81.2377939958984,41.5549998896874]]]},"properties":{"source_county":"Geauga","jurisdiction":"Munson Township","parcel_id":"21-128600","owner_name":"GERMOVSEK ERIC D","property_address":"11587 ORIOLE PL","property_city":"CHARDON","property_zip":"44024"}},{"type":"Feature","geometry":{"type":"Polygon","coordinates":[[[-81.2378022338992,41.55482215254],[-81.2378876152236,41.5547705243455],[-81.2379978354393,41.5548733764589],[-81.2377939958984,41.5549998896874],[-81.2377481828597,41.5559421844854],[-81.2375240523333,41.5557254689421],[-81.2374175832208,41.555622522133],[-81.2377803838563,41.5548642850041],[-81.2377897647014,41.5548427669362],[-81.2378022338992,41.55482215254]]]},"properties":{"source_county":"Geauga","jurisdiction":"Munson Township","parcel_id":"21-128610","owner_name":"CORBUS LAWRENCE & DEBORAH","property_address":" ORIOLE PL","property_city":"CHARDON","property_zip":"44024"}},{"type":"Feature","geometry":{"type":"Polygon","coordinates":[[[-81.2315499252427,41.5572773605159],[-81.2326652056295,41.556900472403],[-81.2327909764312,41.5570893513178],[-81.2328643973716,41.5571932321083],[-81.2328998213306,41.5572418365239],[-81.2322176617036,41.5575140308789],[-81.2317246124539,41.5577107627726],[-81.2317215215662,41.5577030937264],[-81.2316425826734,41.557507244879],[-81.2315499252427,41.5572773605159]]]},"properties":{"source_county":"Geauga","jurisdiction":"Munson Township","parcel_id":"21-129190","owner_name":"WEBB RICK A & KATHLEEN O CO TRUSTEES","property_address":"11551 WILBERT RD","property_city":"CHARDON","property_zip":"44024"}},{"type":"Feature","geometry":{"type":"Polygon","coordinates":[[[-81.2296477117934,41.5608243032362],[-81.2306457839763,41.5606602610049],[-81.230701184144,41.5607515419175],[-81.2307645349472,41.5608398572783],[-81.23083555658,41.5609248169751],[-81.2309139353491,41.5610060457172],[-81.2310424496691,41.5611303224838],[-81.2308534921812,41.5612401128431],[-81.2303649783185,41.5615239518629],[-81.2296477117934,41.5608243032362]]]},"properties":{"source_county":"Geauga","jurisdiction":"Munson Township","parcel_id":"21-130100","owner_name":"MEZERKOR DENNIS J","property_address":"11427 WILSON MILLS RD","property_city":"CHARDON","property_zip":"44024"}},{"type":"Feature","geometry":{"type":"Polygon","coordinates":[[[-81.2310616435324,41.553754743716],[-81.2316529342122,41.554335205257],[-81.2320970494825,41.5547710804464],[-81.2317900667047,41.5549199002846],[-81.2307298101466,41.5545498271137],[-81.2308017783412,41.554434321046],[-81.2308664335931,41.5543164000008],[-81.2309236328058,41.5541963250362],[-81.2309732493915,41.5540743619773],[-81.2310151735506,41.5539507808278],[-81.2310493125151,41.5538258551718],[-81.2310616435324,41.553754743716]]]},"properties":{"source_county":"Geauga","jurisdiction":"Munson Township","parcel_id":"21-130700","owner_name":"BUDZIAK RYAN T & ANN E R","property_address":"11579 EDGEWOOD RD","property_city":"CHARDON","property_zip":"44024"}},{"type":"Feature","geometry":{"type":"Polygon","coordinates":[[[-81.2281538488994,41.5556348435993],[-81.2284917113649,41.5552432298437],[-81.228622304969,41.5553032066755],[-81.2287568995271,41.5553579662075],[-81.2288363300544,41.5553877933368],[-81.2289183304035,41.5554133980072],[-81.2290025033194,41.5554346561748],[-81.2290884410204,41.5554514648525],[-81.2291757271744,41.5554637426091],[-81.229321595749,41.556116514483],[-81.2282834317054,41.5561017592206],[-81.2281538488994,41.5556348435993]]]},"properties":{"source_county":"Geauga","jurisdiction":"Munson Township","parcel_id":"21-131700","owner_name":"GORMAN WILLIAM & DORITA CO TRUSTEES","property_address":"11621 EDGEWOOD RD","property_city":"CHARDON","property_zip":"44024"}},{"type":"Feature","geometry":{"type":"Polygon","coordinates":[[[-81.23310688896,41.5535626126678],[-81.233534039514,41.5531769987867],[-81.2335886630767,41.553213442421],[-81.2331548801828,41.5536051642198],[-81.23310688896,41.5535626126678]]]},"properties":{"source_county":"Geauga","jurisdiction":"Munson Township","parcel_id":"21-131800","owner_name":"WILLIAMS JAMES D & CHERYL","property_address":" SYCAMORE RD","property_city":"CHARDON","property_zip":"44024"}},{"type":"Feature","geometry":{"type":"Polygon","coordinates":[[[-81.2331548801828,41.5536051642198],[-81.2335886630767,41.553213442421],[-81.2336610900172,41.5532552169428],[-81.233737698196,41.5532925465961],[-81.2338180053088,41.5533251963603],[-81.2335164857426,41.5537816189033],[-81.2334002915638,41.5537486170069],[-81.2332772634775,41.5537136737054],[-81.233182796452,41.5536299145521],[-81.2331548801828,41.5536051642198]]]},"properties":{"source_county":"Geauga","jurisdiction":"Munson Township","parcel_id":"21-132000","owner_name":"WILLIAMS JAMES D & CHERYL","property_address":"11689 SYCAMORE RD","property_city":"CHARDON","property_zip":"44024"}},{"type":"Feature","geometry":{"type":"Polygon","coordinates":[[[-81.2335164857426,41.5537816189033],[-81.2338180053088,41.5533251963603],[-81.2338517699708,41.5533371431526],[-81.2339738006543,41.5533785162132],[-81.233687358408,41.5538301508774],[-81.2335164857426,41.5537816189033]]]},"properties":{"source_county":"Geauga","jurisdiction":"Munson Township","parcel_id":"21-132100","owner_name":"WILLIAMS JAMES D & CHERYL","property_address":" SYCAMORE RD","property_city":"CHARDON","property_zip":"44024"}},{"type":"Feature","geometry":{"type":"Polygon","coordinates":[[[-81.228872712725,41.5613531762352],[-81.2290186303988,41.5612687891086],[-81.2295886103033,41.5618247747732],[-81.2295917850131,41.5618278720829],[-81.2296851499422,41.561918943703],[-81.2295834157076,41.5619780510917],[-81.2295794176869,41.5619803738429],[-81.2289003292542,41.5623749252864],[-81.2288835729989,41.5623846607795],[-81.2285267365156,41.5615532588532],[-81.228872712725,41.5613531762352]]]},"properties":{"source_county":"Geauga","jurisdiction":"Munson Township","parcel_id":"21-132200","owner_name":"SAITO MOTOO & JENNIFER M","property_address":"11471 WILSON MILLS RD","property_city":"CHARDON","property_zip":"44024"}},{"type":"Feature","geometry":{"type":"Polygon","coordinates":[[[-81.2402080222947,41.5583718171673],[-81.2403364985764,41.5582142400536],[-81.2414926498019,41.5583145223538],[-81.2414919823825,41.5583239882923],[-81.2414630782971,41.5587345729383],[-81.2414572858275,41.558816844799],[-81.2399505271594,41.5587936697551],[-81.2400021824931,41.5586840553546],[-81.240062465439,41.5585769550437],[-81.2401311605428,41.5584727515298],[-81.2402080222947,41.5583718171673]]]},"properties":{"source_county":"Geauga","jurisdiction":"Munson Township","parcel_id":"21-133110","owner_name":"RACE SCOTT C TRUSTEE","property_address":"11574 LOWER CHELSEA DR","property_city":"CHARDON","property_zip":"44024"}},{"type":"Feature","geometry":{"type":"Polygon","coordinates":[[[-81.2313296270937,41.5557945039972],[-81.2314417514183,41.5557818813445],[-81.2314657357519,41.5558208088082],[-81.2317503386798,41.5562827142238],[-81.2311940353116,41.5563943730186],[-81.2311092641404,41.5563142886801],[-81.2310139172174,41.5561969252538],[-81.2309136802831,41.5560818837177],[-81.2308086534901,41.5559692789874],[-81.2307760248146,41.5559357850204],[-81.2307861129429,41.5559317107065],[-81.2308891323361,41.5558929070929],[-81.2309955257352,41.5558596344021],[-81.23110476762,41.5558320569799],[-81.2312163184029,41.5558103110414],[-81.2313296270937,41.5557945039972]]]},"properties":{"source_county":"Geauga","jurisdiction":"Munson Township","parcel_id":"21-133900","owner_name":"SOUKUP STEPHEN V","property_address":"11400 PARKSIDE RD","property_city":"CHARDON","property_zip":"44024"}},{"type":"Feature","geometry":{"type":"Polygon","coordinates":[[[-81.2273482190283,41.5530339640811],[-81.227530852754,41.5528456930794],[-81.2278289279866,41.5531330317615],[-81.2276465190594,41.553321520896],[-81.2273482190283,41.5530339640811]]]},"properties":{"source_county":"Geauga","jurisdiction":"Munson Township","parcel_id":"21-134312","owner_name":"HANTAK ROBERT J & CYNTHIA A","property_address":"11690 CHESTNUTDALE RD","property_city":"CHARDON","property_zip":"44024"}},{"type":"Feature","geometry":{"type":"Polygon","coordinates":[[[-81.227530852754,41.5528456930794],[-81.2276211912166,41.5527525652083],[-81.2279191557867,41.5530397979974],[-81.2278289279866,41.5531330317615],[-81.227530852754,41.5528456930794]]]},"properties":{"source_county":"Geauga","jurisdiction":"Munson Township","parcel_id":"21-134313","owner_name":"HANTAK ROBERT J & CYNTHIA A","property_address":" LAKEVIEW RD","property_city":"CHARDON","property_zip":"44024"}},{"type":"Feature","geometry":{"type":"Polygon","coordinates":[[[-81.2278289279866,41.5531330317615],[-81.2279191557867,41.5530397979974],[-81.2280988098853,41.5532129801855],[-81.2278261731924,41.5534947043906],[-81.2276465190594,41.553321520896],[-81.2278289279866,41.5531330317615]]]},"properties":{"source_county":"Geauga","jurisdiction":"Munson Township","parcel_id":"21-134314","owner_name":"HANTAK ROBERT J & CYNTHIA A","property_address":" CHESTNUTDALE RD","property_city":"CHARDON","property_zip":"44024"}},{"type":"Feature","geometry":{"type":"Polygon","coordinates":[[[-81.2328797493905,41.5676638302487],[-81.2331513643164,41.5676617401772],[-81.2330296720354,41.5700487989707],[-81.232488122999,41.5700525903471],[-81.2326076223814,41.5676659231012],[-81.2328797493905,41.5676638302487]]]},"properties":{"source_county":"Geauga","jurisdiction":"Munson Township","parcel_id":"21-134750","owner_name":"REEVES KEVIN & MELISSA","property_address":"11363 THWING RD","property_city":"CHARDON","property_zip":"44024"}},{"type":"Feature","geometry":{"type":"Polygon","coordinates":[[[-81.2378378430489,41.5560288762426],[-81.2380398164499,41.555911026115],[-81.2387846778861,41.5566312493058],[-81.2387811618607,41.5566332921503],[-81.2384379082722,41.5568327843233],[-81.2376935662159,41.5561130589559],[-81.2378378430489,41.5560288762426]]]},"properties":{"source_county":"Geauga","jurisdiction":"Munson Township","parcel_id":"21-135300","owner_name":"GRIFFIN GERALD W & BETSY A","property_address":"11217 WILSON MILLS RD","property_city":"CHARDON","property_zip":"44024"}},{"type":"Feature","geometry":{"type":"Polygon","coordinates":[[[-81.2372607516101,41.5563655989998],[-81.2376935662159,41.5561130589559],[-81.2384379082722,41.5568327843233],[-81.2383473939339,41.5568853890993],[-81.2380044456733,41.5570847005213],[-81.2372607516101,41.5563655989998]]]},"properties":{"source_county":"Geauga","jurisdiction":"Munson Township","parcel_id":"21-135400","owner_name":"KAPEL JONATHAN R AKA JONATHAN & MOLLY","property_address":"11223 WILSON MILLS RD","property_city":"CHARDON","property_zip":"44024"}},{"type":"Feature","geometry":{"type":"Polygon","coordinates":[[[-81.231899303158,41.558144165619],[-81.233159926106,41.5575726164734],[-81.2332414925357,41.5576681086301],[-81.2332919825421,41.5577254968076],[-81.2333432498689,41.5577824945226],[-81.2333936185941,41.5578372978141],[-81.2334447056249,41.5578917244069],[-81.2321004639679,41.5586432347691],[-81.2320403271392,41.5584940399281],[-81.231899303158,41.558144165619]]]},"properties":{"source_county":"Geauga","jurisdiction":"Munson Township","parcel_id":"21-136100","owner_name":"CAD GUY T & SUZANNE K","property_address":"11527 WILBERT RD","property_city":"CHARDON","property_zip":"44024"}},{"type":"Feature","geometry":{"type":"Polygon","coordinates":[[[-81.2484947073667,41.5577260200078],[-81.2498363626059,41.5577268476577],[-81.2498401035363,41.5577609914929],[-81.2498513325043,41.5577941963269],[-81.2498697384442,41.5578255422833],[-81.2498948114635,41.5578541609808],[-81.2499258569683,41.557879259591],[-81.2499620149049,41.5579001428021],[-81.2500022835862,41.5579162320817],[-81.250045547441,41.5579270817044],[-81.2497931153581,41.5587048729911],[-81.2492787643875,41.5587062375879],[-81.2484383812348,41.5587084623608],[-81.2484947073667,41.5577260200078]]]},"properties":{"source_county":"Geauga","jurisdiction":"Munson Township","parcel_id":"21-136250","owner_name":"RESNIS SILVIJA A TOD","property_address":"10930 NOLLWOOD DR","property_city":"CHARDON","property_zip":"44024"}},{"type":"Feature","geometry":{"type":"Polygon","coordinates":[[[-81.2346289798931,41.5590463015398],[-81.2347511916626,41.5589752841878],[-81.2356524905011,41.5598513388906],[-81.2351723207837,41.5601296904236],[-81.2342714611487,41.5592540555616],[-81.2346289798931,41.5590463015398]]]},"properties":{"source_county":"Geauga","jurisdiction":"Munson Township","parcel_id":"21-136300","owner_name":"ROSS DONALD J","property_address":"11326 WILSON MILLS RD","property_city":"CHARDON","property_zip":"44024"}},{"type":"Feature","geometry":{"type":"Polygon","coordinates":[[[-81.243067932975,41.5593265590965],[-81.2430703494483,41.5592922234124],[-81.2459007585626,41.5593630865709],[-81.245891696627,41.5595437099781],[-81.2458801808091,41.5597732827551],[-81.2430414962497,41.5597022117453],[-81.243067932975,41.5593265590965]]]},"properties":{"source_county":"Geauga","jurisdiction":"Munson Township","parcel_id":"21-137100","owner_name":"CRICK MICHAEL L & ELAINE","property_address":"11464 AUBURN RD","property_city":"CHARDON","property_zip":"44024"}},{"type":"Feature","geometry":{"type":"Polygon","coordinates":[[[-81.2311261789137,41.5597303753085],[-81.2315590393829,41.5594778593077],[-81.2324325832285,41.5603225888614],[-81.2321582134641,41.560482013312],[-81.2319990732444,41.5605744823421],[-81.2311261789137,41.5597303753085]]]},"properties":{"source_county":"Geauga","jurisdiction":"Munson Township","parcel_id":"21-138200","owner_name":"ROESSLER DOUGLAS C & LISA A","property_address":"11379 WILSON MILLS RD","property_city":"CHARDON","property_zip":"44024"}},{"type":"Feature","geometry":{"type":"Polygon","coordinates":[[[-81.2273913145172,41.5548374636106],[-81.2276511232849,41.5546300311904],[-81.2277668535905,41.5547405520539],[-81.2278851803131,41.5548495107788],[-81.2279921718246,41.5549362201955],[-81.2281052299978,41.5550184718108],[-81.2282240261474,41.5550960264851],[-81.2283482149013,41.5551686587338],[-81.2284423198412,41.5552186222954],[-81.2284917113649,41.5552432298437],[-81.2281538488994,41.5556348435993],[-81.2270935443669,41.5553991382275],[-81.2270976566024,41.5553304456604],[-81.2271093825376,41.5552622501152],[-81.2271286404248,41.5551950268834],[-81.2271552960228,41.5551292444779],[-81.2271891635339,41.5550653613689],[-81.2272300068985,41.555003822788],[-81.2272775414418,41.5549450576254],[-81.2273314358574,41.5548894754412],[-81.2273913145172,41.5548374636106]]]},"properties":{"source_county":"Geauga","jurisdiction":"Munson Township","parcel_id":"21-138230","owner_name":"ROETTGER CHRISTOPHER T","property_address":"11629 EDGEWOOD RD","property_city":"CHARDON","property_zip":"44024"}},{"type":"Feature","geometry":{"type":"Polygon","coordinates":[[[-81.2491541195446,41.5525136132776],[-81.2494245433586,41.5525148615366],[-81.249409557927,41.5530666135541],[-81.2493816126673,41.5540954991554],[-81.2492552139792,41.5540949155554],[-81.2488173916448,41.5540928932399],[-81.2483051441402,41.554090524355],[-81.2482854817684,41.554090433936],[-81.2483284401011,41.552509796733],[-81.2485147659485,41.5525106581825],[-81.2491541195446,41.5525136132776]]]},"properties":{"source_county":"Geauga","jurisdiction":"Munson Township","parcel_id":"21-138400","owner_name":"FERGUSON JOHN J TOD","property_address":"10935 WILSON MILLS RD","property_city":"CHARDON","property_zip":"44024"}},{"type":"Feature","geometry":{"type":"Polygon","coordinates":[[[-81.2478754124101,41.5525076995667],[-81.2483284401011,41.552509796733],[-81.2482854817684,41.554090433936],[-81.2478324431482,41.5540883366031],[-81.2478697385721,41.5527164247468],[-81.2478754124101,41.5525076995667]]]},"properties":{"source_county":"Geauga","jurisdiction":"Munson Township","parcel_id":"21-138500","owner_name":"FERGUSON JOHN J TOD","property_address":" WILSON MILLS RD","property_city":"CHARDON","property_zip":"44024"}},{"type":"Feature","geometry":{"type":"Polygon","coordinates":[[[-81.2332890580746,41.5526264121317],[-81.2337113447743,41.5526487648924],[-81.2336830966695,41.5529499045168],[-81.2335375633964,41.553060763587],[-81.2334809287003,41.5530069623324],[-81.2334307866006,41.5529496409172],[-81.2333875226715,41.5528892401414],[-81.233351469591,41.5528262244839],[-81.2333229045837,41.5527610785309],[-81.2333020472894,41.5526943032487],[-81.2332890580746,41.5526264121317]]]},"properties":{"source_county":"Geauga","jurisdiction":"Munson Township","parcel_id":"21-138900","owner_name":"JENKINS H LAILEY","property_address":"11706 SYCAMORE RD","property_city":"CHARDON","property_zip":"44024"}},{"type":"Feature","geometry":{"type":"Polygon","coordinates":[[[-81.2336830966695,41.5529499045168],[-81.2337113447743,41.5526487648924],[-81.2340757942677,41.5526680541359],[-81.234046881843,41.55297629959],[-81.2336830966695,41.5529499045168]]]},"properties":{"source_county":"Geauga","jurisdiction":"Munson Township","parcel_id":"21-139000","owner_name":"JENKINS H LAILEY","property_address":" BROOKSIDE RD","property_city":"CHARDON","property_zip":"44024"}},{"type":"Feature","geometry":{"type":"Polygon","coordinates":[[[-81.2335375633964,41.553060763587],[-81.2336830966695,41.5529499045168],[-81.234046881843,41.55297629959],[-81.234207561065,41.5529879569962],[-81.2340178797055,41.5533031302334],[-81.233896861478,41.5532621005406],[-81.2338162181501,41.5532315297911],[-81.2337394056005,41.553195823919],[-81.2336670019087,41.5531552516445],[-81.2335995519703,41.5531101183108],[-81.2335375633964,41.553060763587]]]},"properties":{"source_county":"Geauga","jurisdiction":"Munson Township","parcel_id":"21-139100","owner_name":"JENKINS H LAILEY","property_address":" SYCAMORE RD","property_city":"CHARDON","property_zip":"44024"}},{"type":"Feature","geometry":{"type":"Polygon","coordinates":[[[-81.2337719977731,41.5575323568121],[-81.2346906233251,41.5569964043952],[-81.2348923465693,41.5571914692981],[-81.2350268219299,41.5573215059803],[-81.2346687775116,41.5575304018256],[-81.2345939866448,41.557574036859],[-81.2341611504547,41.557826564329],[-81.2336662131209,41.558115319608],[-81.233571242021,41.5580218094313],[-81.2334447056249,41.5578917244069],[-81.2333936185941,41.5578372978141],[-81.2333432498689,41.5577824945226],[-81.2337719977731,41.5575323568121]]]},"properties":{"source_county":"Geauga","jurisdiction":"Munson Township","parcel_id":"21-139300","owner_name":"MC LAUGHLIN ANDREW N & ELGHANAYAN DIANA R","property_address":"11524 WILBERT RD","property_city":"CHARDON","property_zip":"44024"}},{"type":"Feature","geometry":{"type":"Polygon","coordinates":[[[-81.246259082805,41.5514850429797],[-81.2473553404,41.551477452035],[-81.2473385931507,41.5520933587552],[-81.2467905775829,41.552090937466],[-81.2462429084471,41.5520885164306],[-81.2462426639476,41.5520885137901],[-81.2462559513408,41.5516001227815],[-81.246259082805,41.5514850429797]]]},"properties":{"source_county":"Geauga","jurisdiction":"Munson Township","parcel_id":"21-140450","owner_name":"SABALAUSKY ALBERTA J TRUSTEE","property_address":"10990 WOOD HOLLOW DR","property_city":"CHARDON","property_zip":"44024"}},{"type":"Feature","geometry":{"type":"Polygon","coordinates":[[[-81.2253780607311,41.5645386243135],[-81.2255582724481,41.5644278435953],[-81.2262185197633,41.5650709463774],[-81.2247509623157,41.5650863108208],[-81.2253780607311,41.5645386243135]]]},"properties":{"source_county":"Geauga","jurisdiction":"Munson Township","parcel_id":"21-141200","owner_name":"SAWCZAK STEFAN J & HAZEL B","property_address":"11564 WILSON MILLS RD","property_city":"CHARDON","property_zip":"44024"}},{"type":"Feature","geometry":{"type":"Polygon","coordinates":[[[-81.2431368238352,41.5583476387303],[-81.2431614779499,41.5579972902341],[-81.2459655163948,41.5580721227079],[-81.2459420386682,41.5585401532959],[-81.2431281638448,41.5584706853899],[-81.2431368238352,41.5583476387303]]]},"properties":{"source_county":"Geauga","jurisdiction":"Munson Township","parcel_id":"21-141400","owner_name":"MILLER CAROLYN J & SANKOVICH JOHN H JR & STEVEN L & GREGORY E","property_address":"11510 AUBURN RD","property_city":"CHARDON","property_zip":"44024"}},{"type":"Feature","geometry":{"type":"Polygon","coordinates":[[[-81.2269589610529,41.5682536156733],[-81.2277630738433,41.5682478032272],[-81.2277598520829,41.5683292740588],[-81.2277525555604,41.5685137803285],[-81.2277308367913,41.5690630001988],[-81.2270975386346,41.5690664707131],[-81.2269212896758,41.5690674364369],[-81.2269502523664,41.5683352793799],[-81.2269534817231,41.5682536546592],[-81.2269589610529,41.5682536156733]]]},"properties":{"source_county":"Geauga","jurisdiction":"Munson Township","parcel_id":"21-141700","owner_name":"SANTORO GERALD C","property_address":"11510 WINCHESTER DR","property_city":"CHARDON","property_zip":"44024"}},{"type":"Feature","geometry":{"type":"Polygon","coordinates":[[[-81.2281489520263,41.5522085064573],[-81.2283360766333,41.55201559901],[-81.2286331607718,41.5523019811318],[-81.2285383169475,41.5523999888509],[-81.2284462656886,41.5524951103738],[-81.2281489520263,41.5522085064573]]]},"properties":{"source_county":"Geauga","jurisdiction":"Munson Township","parcel_id":"21-142250","owner_name":"GABANIC JULIANNE TOD","property_address":"11478 LAKEVIEW RD","property_city":"CHARDON","property_zip":"44024"}},{"type":"Feature","geometry":{"type":"Polygon","coordinates":[[[-81.2301425716586,41.5532540322972],[-81.2304085641434,41.552992236389],[-81.2305676530629,41.553169882275],[-81.2303425133061,41.5534225854659],[-81.2302845622655,41.5533804137279],[-81.2302299252866,41.553335815675],[-81.2301787820986,41.5532889380191],[-81.2301425716586,41.5532540322972]]]},"properties":{"source_county":"Geauga","jurisdiction":"Munson Township","parcel_id":"21-142400","owner_name":"MAYO DEBRA F TOD","property_address":" OVERLOOK RD","property_city":"CHARDON","property_zip":"44024"}},{"type":"Feature","geometry":{"type":"Polygon","coordinates":[[[-81.2309378620118,41.5567533033848],[-81.2313052453047,41.5566702956184],[-81.2313752391617,41.5568439570223],[-81.2315097784538,41.5571777559567],[-81.2305606445626,41.5572639117785],[-81.2305377408854,41.5571880288951],[-81.2305010304582,41.557092432381],[-81.2304561718581,41.5569988176614],[-81.2304304786857,41.5569582344103],[-81.2304004894606,41.5569193494615],[-81.2303664016519,41.5568824188499],[-81.2309378620118,41.5567533033848]]]},"properties":{"source_county":"Geauga","jurisdiction":"Munson Township","parcel_id":"21-142600","owner_name":"ROETHEL HENRY F & BROZ GRETCHEN A","property_address":"11558 ORCHARD RD","property_city":"CHARDON","property_zip":"44024"}},{"type":"Feature","geometry":{"type":"Polygon","coordinates":[[[-81.2418359205468,41.552778637152],[-81.2434357559718,41.5527630903667],[-81.2434360367401,41.552927755758],[-81.241835851941,41.5529433078086],[-81.2418359205468,41.552778637152]]]},"properties":{"source_county":"Geauga","jurisdiction":"Munson Township","parcel_id":"21-142700","owner_name":"TERRANOVA JACK R","property_address":" AUBURN RD","property_city":"CHARDON","property_zip":"44024"}},{"type":"Feature","geometry":{"type":"Polygon","coordinates":[[[-81.2418360756836,41.5523559850812],[-81.2434350350506,41.5523404496327],[-81.2434357156534,41.5527396311859],[-81.2434357559718,41.5527630903667],[-81.2418359205468,41.552778637152],[-81.2418360756836,41.5523559850812]]]},"properties":{"source_county":"Geauga","jurisdiction":"Munson Township","parcel_id":"21-142800","owner_name":"TERRANOVA JACK R","property_address":"11703 AUBURN RD","property_city":"CHARDON","property_zip":"44024"}},{"type":"Feature","geometry":{"type":"Polygon","coordinates":[[[-81.2381813262387,41.5600698210427],[-81.2382102875656,41.5596587335081],[-81.239801509817,41.5596959570303],[-81.2397725584595,41.5601070449565],[-81.2381813262387,41.5600698210427]]]},"properties":{"source_county":"Geauga","jurisdiction":"Munson Township","parcel_id":"21-142900","owner_name":"CURTIS MICHAEL THOMAS","property_address":"11535 UPPER CHELSEA DR","property_city":"CHARDON","property_zip":"44024"}},{"type":"Feature","geometry":{"type":"Polygon","coordinates":[[[-81.2287980150658,41.5532081185729],[-81.2290772841191,41.5529195327117],[-81.2292569421304,41.553092714028],[-81.2289776719318,41.553381300292],[-81.2287980150658,41.5532081185729]]]},"properties":{"source_county":"Geauga","jurisdiction":"Munson Township","parcel_id":"21-143030","owner_name":"CICCHELLA DANIEL W & DANIEL WILLIAM","property_address":"11688 MAPLEWOOD RD","property_city":"CHARDON","property_zip":"44024"}},{"type":"Feature","geometry":{"type":"Polygon","coordinates":[[[-81.2286183579336,41.5530349374533],[-81.22889762704,41.5527463520082],[-81.2290772841191,41.5529195327117],[-81.2287980150658,41.5532081185729],[-81.2286183579336,41.5530349374533]]]},"properties":{"source_county":"Geauga","jurisdiction":"Munson Township","parcel_id":"21-143040","owner_name":"CICCHELLA DANIEL W & DANIEL WILLIAM","property_address":" MAPLEWOOD RD","property_city":"CHARDON","property_zip":"44024"}},{"type":"Feature","geometry":{"type":"Polygon","coordinates":[[[-81.2325349039799,41.567666482859],[-81.2326076223814,41.5676659231012],[-81.232488122999,41.5700525903471],[-81.232417367341,41.5700530850357],[-81.2324947827931,41.5684806860086],[-81.2325082969704,41.5682064325627],[-81.2325349039799,41.567666482859]]]},"properties":{"source_county":"Geauga","jurisdiction":"Munson Township","parcel_id":"21-144300","owner_name":"REEVES KEVIN & MELISSA","property_address":" THWING RD","property_city":"CHARDON","property_zip":"44024"}},{"type":"Feature","geometry":{"type":"Polygon","coordinates":[[[-81.2338039000091,41.5544071672593],[-81.2338770758539,41.5544090455128],[-81.2339495883042,41.5544166652327],[-81.2340206411674,41.5544299427537],[-81.2340894542759,41.5544487322876],[-81.2341552720534,41.5544728275235],[-81.2342173718104,41.5545019638931],[-81.2342524592816,41.5545199375766],[-81.2338165894756,41.5549287726782],[-81.2337596689596,41.5551631474672],[-81.2331391623437,41.5548101150405],[-81.2331607729755,41.5547552981777],[-81.2331901790294,41.5547025677381],[-81.233227032838,41.5546525471208],[-81.2332708986864,41.5546058276865],[-81.2333212579644,41.5545629617671],[-81.233377515298,41.5545244561363],[-81.2334390055882,41.5544907660179],[-81.2335050018739,41.5544622897052],[-81.2335668742763,41.5544417615989],[-81.2336439245696,41.5544233700685],[-81.2337232872965,41.5544117869332],[-81.2338039000091,41.5544071672593]]]},"properties":{"source_county":"Geauga","jurisdiction":"Munson Township","parcel_id":"21-144500","owner_name":"PREINESBERGER HELGA R","property_address":"11340 PARKSIDE RD","property_city":"CHARDON","property_zip":"44024"}},{"type":"Feature","geometry":{"type":"Polygon","coordinates":[[[-81.2298278208259,41.5572111488932],[-81.2304580701546,41.5571269615671],[-81.2304875677513,41.5572067292584],[-81.2305082489607,41.557273956936],[-81.230524257929,41.5573419001108],[-81.2305369040989,41.5574092256171],[-81.2305449336121,41.5574769498786],[-81.2302854262785,41.5574912207157],[-81.2298114327873,41.5575172842627],[-81.2298127827296,41.5574900185743],[-81.2298129995453,41.5574856382433],[-81.2298265791798,41.5572113145081],[-81.2298278208259,41.5572111488932]]]},"properties":{"source_county":"Geauga","jurisdiction":"Munson Township","parcel_id":"21-144680","owner_name":"FIGLER CHARLES G TOD","property_address":"11557 ORCHARD RD","property_city":"CHARDON","property_zip":"44024"}},{"type":"Feature","geometry":{"type":"Polygon","coordinates":[[[-81.2436899167383,41.5515027912073],[-81.2450281547507,41.5514935532923],[-81.2450283871826,41.5519158222394],[-81.2434343118167,41.5519163049923],[-81.2434342957318,41.5519068316288],[-81.2434337474135,41.5515852496176],[-81.2434336097111,41.5515045585159],[-81.2436899167383,41.5515027912073]]]},"properties":{"source_county":"Geauga","jurisdiction":"Munson Township","parcel_id":"21-144820","owner_name":"CLIFTON WILLIAM R & MARY L","property_address":"11722 AUBURN RD","property_city":"CHARDON","property_zip":"44024"}},{"type":"Feature","geometry":{"type":"Polygon","coordinates":[[[-81.2300308288337,41.5537531969924],[-81.2302783494166,41.5534900205894],[-81.230343323521,41.5535314643045],[-81.2304112954709,41.5535700998421],[-81.2304820504464,41.5536058050946],[-81.2302338720459,41.5538937851531],[-81.2300308288337,41.5537531969924]]]},"properties":{"source_county":"Geauga","jurisdiction":"Munson Township","parcel_id":"21-146620","owner_name":"HARRISON DENNIS","property_address":" OVERLOOK RD","property_city":"CHARDON","property_zip":"44024"}},{"type":"Feature","geometry":{"type":"Polygon","coordinates":[[[-81.2299553632934,41.5534522203442],[-81.2300755100065,41.5533233338609],[-81.2301383148795,41.553382127121],[-81.2302060213731,41.5534377660848],[-81.2302783494166,41.5534900205894],[-81.2300308288337,41.5537531969924],[-81.2299478307322,41.553696423278],[-81.2299477999712,41.5536964022302],[-81.2298134228923,41.5536044837468],[-81.2299553265863,41.5534522586639],[-81.2299553632934,41.5534522203442]]]},"properties":{"source_county":"Geauga","jurisdiction":"Munson Township","parcel_id":"21-146640","owner_name":"HARRISON DENNIS","property_address":"11683 OVERLOOK RD","property_city":"CHARDON","property_zip":"44024"}},{"type":"Feature","geometry":{"type":"Polygon","coordinates":[[[-81.2299612057677,41.5532627877153],[-81.229985679484,41.5532367438784],[-81.2300755100065,41.5533233338609],[-81.2299553632934,41.5534522203442],[-81.2299553265863,41.5534522586639],[-81.2298134228923,41.5536044837468],[-81.2297195339039,41.5535199581237],[-81.2299611678273,41.5532628278225],[-81.2299612057677,41.5532627877153]]]},"properties":{"source_county":"Geauga","jurisdiction":"Munson Township","parcel_id":"21-146650","owner_name":"HARRISON DENNIS","property_address":" OVERLOOK RD","property_city":"CHARDON","property_zip":"44024"}},{"type":"Feature","geometry":{"type":"Polygon","coordinates":[[[-81.2306954513344,41.5546004023553],[-81.2307298101466,41.5545498271137],[-81.2317900667047,41.5549199002846],[-81.2314091288089,41.5551045694837],[-81.2307868669216,41.5554062221154],[-81.2301896058297,41.5551510928349],[-81.2303048334974,41.5550486271745],[-81.2304132808107,41.5549420679103],[-81.2305146904305,41.5548316679336],[-81.2306088217239,41.5547176892497],[-81.2306954513344,41.5546004023553]]]},"properties":{"source_county":"Geauga","jurisdiction":"Munson Township","parcel_id":"21-147150","owner_name":"BOURELL JENNIFER L","property_address":"11595 EDGEWOOD RD","property_city":"CHARDON","property_zip":"44024"}},{"type":"Feature","geometry":{"type":"Polygon","coordinates":[[[-81.2353564184987,41.5555307431418],[-81.2365518328943,41.554833253453],[-81.2366579132808,41.5549051235543],[-81.2367171668436,41.5549452675433],[-81.2368964807858,41.5551186535215],[-81.2356701909811,41.5558341598422],[-81.2356029181993,41.5557691086033],[-81.2353564184987,41.5555307431418]]]},"properties":{"source_county":"Geauga","jurisdiction":"Munson Township","parcel_id":"21-147300","owner_name":"SHERANKO MARY ANN","property_address":"11602 BASSWOOD RD","property_city":"CHARDON","property_zip":"44024"}},{"type":"Feature","geometry":{"type":"Polygon","coordinates":[[[-81.2253507350619,41.5682652229619],[-81.2261438882419,41.5682595013344],[-81.2261406596001,41.5683410990366],[-81.2261117424508,41.5690718670318],[-81.2258309421025,41.5690734022816],[-81.2253021951164,41.5690762919835],[-81.2253310654913,41.5683469130363],[-81.2253342946338,41.5682653414654],[-81.2253507350619,41.5682652229619]]]},"properties":{"source_county":"Geauga","jurisdiction":"Munson Township","parcel_id":"21-147400","owner_name":"SIMONSON ANDREW J & ANNA P TRUSTEES","property_address":"11550 WINCHESTER DR","property_city":"CHARDON","property_zip":"44024"}},{"type":"Feature","geometry":{"type":"Polygon","coordinates":[[[-81.2362977434669,41.556440990597],[-81.2375240523333,41.5557254689421],[-81.2377481828597,41.5559421844854],[-81.2378378430489,41.5560288762426],[-81.2376935662159,41.5561130589559],[-81.2372607516101,41.5563655989998],[-81.236611524669,41.5567444046643],[-81.2365667113605,41.5567010733689],[-81.2362977434669,41.556440990597]]]},"properties":{"source_county":"Geauga","jurisdiction":"Munson Township","parcel_id":"21-147850","owner_name":"MORR RANDALL S & RUTH A","property_address":"11570 BASSWOOD RD","property_city":"CHARDON","property_zip":"44024"}},{"type":"Feature","geometry":{"type":"Polygon","coordinates":[[[-81.2330056922387,41.55445953703],[-81.2330432008031,41.5545209858169],[-81.233073929774,41.5545845230327],[-81.2330976754146,41.554649727459],[-81.2331142802823,41.5547161668233],[-81.233123634273,41.5547834006648],[-81.2331256753517,41.5548509832544],[-81.2331203899643,41.5549184665497],[-81.2331081504541,41.5549827625612],[-81.2330891986363,41.5550461332919],[-81.2330636525423,41.5551081840069],[-81.2330316712799,41.5551685281924],[-81.2329934540438,41.5552267899636],[-81.2329492388737,41.5552826064063],[-81.2328962522471,41.5553386059555],[-81.2328372343315,41.5553910922414],[-81.2327725960734,41.5554396997858],[-81.2327027875582,41.5554840901186],[-81.2326282948763,41.5555239541348],[-81.2325496367391,41.5555590142473],[-81.2320970494825,41.5547710804464],[-81.2330056922387,41.55445953703]]]},"properties":{"source_county":"Geauga","jurisdiction":"Munson Township","parcel_id":"21-148100","owner_name":"PETRUS DEBRA L","property_address":"11359 PARKSIDE RD","property_city":"CHARDON","property_zip":"44024"}},{"type":"Feature","geometry":{"type":"Polygon","coordinates":[[[-81.22810713182,41.5615566119487],[-81.2285267365156,41.5615532588532],[-81.2288835729989,41.5623846607795],[-81.2281173018241,41.5623910532037],[-81.22810713182,41.5615566119487]]]},"properties":{"source_county":"Geauga","jurisdiction":"Munson Township","parcel_id":"21-148300","owner_name":"HANISH RICHARD R & LAURA K TRUSTEES","property_address":"11475 WOODIEBROOK RD","property_city":"CHARDON","property_zip":"44024"}},{"type":"Feature","geometry":{"type":"Polygon","coordinates":[[[-81.2414926498019,41.5583145223538],[-81.2415214907581,41.5579048329535],[-81.2431654681871,41.5579405997573],[-81.2431614779499,41.5579972902341],[-81.2431368238352,41.5583476387303],[-81.2414919823825,41.5583239882923],[-81.2414926498019,41.5583145223538]]]},"properties":{"source_county":"Geauga","jurisdiction":"Munson Township","parcel_id":"21-149000","owner_name":"SITTNICK W JAYSON & SANDRA L","property_address":"11509 AUBURN RD","property_city":"CHARDON","property_zip":"44024"}},{"type":"Feature","geometry":{"type":"Polygon","coordinates":[[[-81.2276211912166,41.5527525652083],[-81.2277115294048,41.5526594381644],[-81.228009382149,41.552946563247],[-81.2279191557867,41.5530397979974],[-81.2276211912166,41.5527525652083]]]},"properties":{"source_county":"Geauga","jurisdiction":"Munson Township","parcel_id":"21-150310","owner_name":"SMITH RONALD E & KATHLEEN A","property_address":" LAKEVIEW RD","property_city":"CHARDON","property_zip":"44024"}},{"type":"Feature","geometry":{"type":"Polygon","coordinates":[[[-81.2277115294048,41.5526594381644],[-81.2278943555424,41.5524709660882],[-81.2281919834706,41.5527578739392],[-81.228009382149,41.552946563247],[-81.2277115294048,41.5526594381644]]]},"properties":{"source_county":"Geauga","jurisdiction":"Munson Township","parcel_id":"21-150320","owner_name":"SMITH RONALD E & KATHLEEN A","property_address":" LAKEVIEW RD","property_city":"CHARDON","property_zip":"44024"}},{"type":"Feature","geometry":{"type":"Polygon","coordinates":[[[-81.2280988098853,41.5532129801855],[-81.2283716387159,41.552931055734],[-81.228551293695,41.5531042381283],[-81.2282784661149,41.5533861629994],[-81.2280988098853,41.5532129801855]]]},"properties":{"source_county":"Geauga","jurisdiction":"Munson Township","parcel_id":"21-150330","owner_name":"SMITH RONALD E & KATHLEEN A","property_address":" MAPLEWOOD RD","property_city":"CHARDON","property_zip":"44024"}},{"type":"Feature","geometry":{"type":"Polygon","coordinates":[[[-81.228009382149,41.552946563247],[-81.2281919834706,41.5527578739392],[-81.2283716387159,41.552931055734],[-81.2280988098853,41.5532129801855],[-81.2279191557867,41.5530397979974],[-81.228009382149,41.552946563247]]]},"properties":{"source_county":"Geauga","jurisdiction":"Munson Township","parcel_id":"21-150340","owner_name":"SMITH RONALD E & KATHLEEN A","property_address":"11701 MAPLEWOOD RD","property_city":"CHARDON","property_zip":"44024"}},{"type":"Feature","geometry":{"type":"Polygon","coordinates":[[[-81.2501090949298,41.5516761263616],[-81.2494610094898,41.5525150301146],[-81.2494245433586,41.5525148615366],[-81.2491541195446,41.5525136132776],[-81.2491826104507,41.5514647772385],[-81.249581001398,41.5514620098864],[-81.2496504788281,41.5514644522216],[-81.2497191570839,41.5514727146494],[-81.2497861748912,41.5514866935532],[-81.2498506917979,41.5515062136274],[-81.2499118987129,41.5515310300763],[-81.2499690280522,41.5515608316833],[-81.2500213633654,41.5515952447137],[-81.2500682483194,41.5516338376016],[-81.2501090949298,41.5516761263616]]]},"properties":{"source_county":"Geauga","jurisdiction":"Munson Township","parcel_id":"21-150390","owner_name":"SMITH JACOB A","property_address":"10920 WOOD HOLLOW DR","property_city":"CHARDON","property_zip":"44024"}},{"type":"Feature","geometry":{"type":"Polygon","coordinates":[[[-81.2342882960233,41.5700399791655],[-81.2346830955955,41.562432854768],[-81.2352568062389,41.5624408448928],[-81.2348626975803,41.5700359501872],[-81.2342882960233,41.5700399791655]]]},"properties":{"source_county":"Geauga","jurisdiction":"Munson Township","parcel_id":"21-150500","owner_name":"STERK AUDREY L TRUSTEE","property_address":"11333 THWING RD","property_city":"CHARDON","property_zip":"44024"}},{"type":"Feature","geometry":{"type":"Polygon","coordinates":[[[-81.2356701909811,41.5558341598422],[-81.2368964807858,41.5551186535215],[-81.237210264507,41.5554220616642],[-81.2359839651714,41.5561375756519],[-81.2359391221203,41.5560942131561],[-81.2356701909811,41.5558341598422]]]},"properties":{"source_county":"Geauga","jurisdiction":"Munson Township","parcel_id":"21-150600","owner_name":"KPM HOLDINGS LLC","property_address":"11592 BASSWOOD RD","property_city":"CHARDON","property_zip":"44024"}},{"type":"Feature","geometry":{"type":"Polygon","coordinates":[[[-81.2359839651714,41.5561375756519],[-81.237210264507,41.5554220616642],[-81.2374175832208,41.555622522133],[-81.2375240523333,41.5557254689421],[-81.2362977434669,41.556440990597],[-81.2362529152869,41.5563976437014],[-81.2359839651714,41.5561375756519]]]},"properties":{"source_county":"Geauga","jurisdiction":"Munson Township","parcel_id":"21-150700","owner_name":"PENNY VINCENT & MARCELLA M","property_address":"11580 BASSWOOD RD","property_city":"CHARDON","property_zip":"44024"}},{"type":"Feature","geometry":{"type":"Polygon","coordinates":[[[-81.2296176992085,41.559214883035],[-81.2296268700767,41.559029657361],[-81.2297352352323,41.5590323927097],[-81.2297364263596,41.5590324228503],[-81.2297163718658,41.5594374983312],[-81.2297149590666,41.5594374612629],[-81.2296068208246,41.5594346131226],[-81.2296176992085,41.559214883035]]]},"properties":{"source_county":"Geauga","jurisdiction":"Munson Township","parcel_id":"21-150900","owner_name":"ENGLEBROOK 11481 ORCHARD LLC","property_address":" ORCHARD RD","property_city":"CHARDON","property_zip":"44024"}},{"type":"Feature","geometry":{"type":"Polygon","coordinates":[[[-81.2297163718658,41.5594374983312],[-81.2297364263596,41.5590324228503],[-81.2304833937549,41.5590512750493],[-81.2304644472113,41.5594571992786],[-81.2297163718658,41.5594374983312]]]},"properties":{"source_county":"Geauga","jurisdiction":"Munson Township","parcel_id":"21-151000","owner_name":"ENGLEBROOK 11481 ORCHARD LLC","property_address":"11481 ORCHARD RD","property_city":"CHARDON","property_zip":"44024"}},{"type":"Feature","geometry":{"type":"Polygon","coordinates":[[[-81.2304519374144,41.5602685993202],[-81.2305063195436,41.5602634667839],[-81.2305275807676,41.5603651157187],[-81.2305580131635,41.5604654404973],[-81.2305974753489,41.560563974895],[-81.2306457839763,41.5606602610049],[-81.2296477117934,41.5608243032362],[-81.2296715800636,41.5603422460064],[-81.2304519374144,41.5602685993202]]]},"properties":{"source_county":"Geauga","jurisdiction":"Munson Township","parcel_id":"21-151400","owner_name":"ELLIOTT CHRISTOPHER M & MELANIE J TRUSTEES","property_address":"11435 ORCHARD RD","property_city":"CHARDON","property_zip":"44024"}},{"type":"Feature","geometry":{"type":"Polygon","coordinates":[[[-81.2433377059375,41.5554929757004],[-81.2433826481066,41.5548542809575],[-81.2444680145666,41.5548636766256],[-81.2444492191751,41.5551126863987],[-81.2452968072248,41.5551169182244],[-81.2452705159043,41.5555026354047],[-81.2433377059375,41.5554929757004]]]},"properties":{"source_county":"Geauga","jurisdiction":"Munson Township","parcel_id":"21-152100","owner_name":"WILLIAMS NICOLE TOD","property_address":"11620 AUBURN RD","property_city":"CHARDON","property_zip":"44024"}},{"type":"Feature","geometry":{"type":"Polygon","coordinates":[[[-81.2433377059375,41.5554929757004],[-81.2452705159043,41.5555026354047],[-81.2452376359263,41.555985022069],[-81.2433037616567,41.5559753558557],[-81.2433197558102,41.5557480592522],[-81.2433351859772,41.5555287835144],[-81.2433377059375,41.5554929757004]]]},"properties":{"source_county":"Geauga","jurisdiction":"Munson Township","parcel_id":"21-152200","owner_name":"TRIMBOLI MICHAEL R","property_address":"11590 AUBURN RD","property_city":"CHARDON","property_zip":"44024"}},{"type":"Feature","geometry":{"type":"Polygon","coordinates":[[[-81.2433037616567,41.5559753558557],[-81.2452376359263,41.555985022069],[-81.2452022325549,41.5565044231084],[-81.2432672158281,41.5564947044851],[-81.2432811845384,41.5562961963408],[-81.2433037616567,41.5559753558557]]]},"properties":{"source_county":"Geauga","jurisdiction":"Munson Township","parcel_id":"21-152400","owner_name":"TRIMBOLI MICHAEL R","property_address":" AUBURN RD","property_city":"CHARDON","property_zip":"44024"}},{"type":"Feature","geometry":{"type":"Polygon","coordinates":[[[-81.242841397844,41.5625453654632],[-81.2428577926651,41.5623124159298],[-81.2438737339008,41.562356790173],[-81.2438573659212,41.5625894033146],[-81.242841397844,41.5625453654632]]]},"properties":{"source_county":"Geauga","jurisdiction":"Munson Township","parcel_id":"21-152800","owner_name":"SALEY RONALD E","property_address":"11362 AUBURN RD","property_city":"CHARDON","property_zip":"44024"}},{"type":"Feature","geometry":{"type":"Polygon","coordinates":[[[-81.2322697588817,41.5590632407511],[-81.2324247503273,41.5589728215031],[-81.2332995920136,41.5598187960696],[-81.2328660886975,41.5600706928284],[-81.231991896515,41.5592253416728],[-81.2322697588817,41.5590632407511]]]},"properties":{"source_county":"Geauga","jurisdiction":"Munson Township","parcel_id":"21-153400","owner_name":"STANOS PHILIP C & GWENNE S","property_address":"11357 WILSON MILLS RD","property_city":"CHARDON","property_zip":"44024"}},{"type":"Feature","geometry":{"type":"Polygon","coordinates":[[[-81.2456263025265,41.5525871926574],[-81.2462292088992,41.5525830235607],[-81.246224088421,41.5527712054462],[-81.2462190711534,41.5529556216746],[-81.2462190052336,41.5529556209627],[-81.245618293014,41.552952830429],[-81.2456090177064,41.554078479113],[-81.2453676441207,41.5540776071104],[-81.2450295715343,41.5540763836669],[-81.2450292942208,41.5535703525119],[-81.2450290634345,41.5531508132012],[-81.2450288376148,41.5527391495975],[-81.2450287565261,41.5525913229167],[-81.2456263025265,41.5525871926574]]]},"properties":{"source_county":"Geauga","jurisdiction":"Munson Township","parcel_id":"21-153450","owner_name":"JOHNSON DONNA B","property_address":"11031 WILSON MILLS RD","property_city":"CHARDON","property_zip":"44024"}},{"type":"Feature","geometry":{"type":"Polygon","coordinates":[[[-81.2290140318205,41.5553954981218],[-81.22918665927,41.5551290629387],[-81.2295359354986,41.5552091951873],[-81.2295197761953,41.5554146687649],[-81.229435559457,41.5554245051718],[-81.2293505538569,41.5554291352713],[-81.2292653288887,41.5554285280441],[-81.2291804555158,41.5554226875583],[-81.2290965023457,41.5554116529422],[-81.2290140318205,41.5553954981218]]]},"properties":{"source_county":"Geauga","jurisdiction":"Munson Township","parcel_id":"21-154700","owner_name":"FRETZ GEORGE C TOD & MARGOT W TOD","property_address":" EDGEWOOD RD","property_city":"CHARDON","property_zip":"44024"}},{"type":"Feature","geometry":{"type":"Polygon","coordinates":[[[-81.2295359354986,41.5552091951873],[-81.2296965886988,41.5550154043878],[-81.2298183610647,41.5550652454099],[-81.2299045852585,41.5550982345885],[-81.2300005077699,41.5551331119021],[-81.230097581672,41.5551661430389],[-81.2300360846058,41.555213709566],[-81.2299695612929,41.555257293143],[-81.2298984674479,41.5552965951966],[-81.2298282078113,41.5553291081171],[-81.2297547381666,41.5553573354365],[-81.2296785208702,41.5553810995144],[-81.2296000355717,41.5554002507983],[-81.2295197761953,41.5554146687649],[-81.2295359354986,41.5552091951873]]]},"properties":{"source_county":"Geauga","jurisdiction":"Munson Township","parcel_id":"21-154800","owner_name":"FRETZ GEORGE C TOD & MARGOT W TOD","property_address":" EDGEWOOD RD","property_city":"CHARDON","property_zip":"44024"}},{"type":"Feature","geometry":{"type":"Polygon","coordinates":[[[-81.22918665927,41.5551290629387],[-81.2293862864446,41.5548706672335],[-81.2295394547346,41.5549454342008],[-81.2296965886988,41.5550154043878],[-81.2295359354986,41.5552091951873],[-81.22918665927,41.5551290629387]]]},"properties":{"source_county":"Geauga","jurisdiction":"Munson Township","parcel_id":"21-154900","owner_name":"FRETZ GEORGE C TOD & MARGOT W TOD","property_address":"11639 CHESTNUTDALE RD","property_city":"CHARDON","property_zip":"44024"}},{"type":"Feature","geometry":{"type":"Polygon","coordinates":[[[-81.2288544028316,41.5550216688977],[-81.229121400263,41.5547244074678],[-81.2292520400078,41.5547993800072],[-81.2293862864446,41.5548706672335],[-81.22918665927,41.5551290629387],[-81.2288544028316,41.5550216688977]]]},"properties":{"source_county":"Geauga","jurisdiction":"Munson Township","parcel_id":"21-155000","owner_name":"FRETZ GEORGE C TOD & MARGOT W TOD","property_address":" CHESTNUTDALE RD","property_city":"CHARDON","property_zip":"44024"}},{"type":"Feature","geometry":{"type":"Polygon","coordinates":[[[-81.2502644796378,41.5552608173868],[-81.2514210640746,41.5552661428487],[-81.2514234573936,41.5554339895124],[-81.2514329952703,41.556102711141],[-81.2493889483275,41.5555579647611],[-81.2493879429075,41.5555179274219],[-81.2493791930381,41.555478425991],[-81.2493628849448,41.5554403011236],[-81.2493393657025,41.5554043641781],[-81.2493091358491,41.5553713799489],[-81.2492728387316,41.5553420503912],[-81.249231246815,41.5553169996821],[-81.249185245242,41.5552967609378],[-81.2491358129968,41.5552817648684],[-81.249136027083,41.5552556114998],[-81.249700253338,41.5552582158142],[-81.2502644796378,41.5552608173868]]]},"properties":{"source_county":"Geauga","jurisdiction":"Munson Township","parcel_id":"21-155120","owner_name":"RITACCO NICHOLAS E & JOCELYN","property_address":"11596 FOREST VIEW DR","property_city":"CHARDON","property_zip":"44024"}},{"type":"Feature","geometry":{"type":"Polygon","coordinates":[[[-81.2415502376579,41.557496463498],[-81.2415502424472,41.557496401416],[-81.2417940218201,41.5575019475232],[-81.243106983939,41.5575318107188],[-81.2431940957574,41.5575337919722],[-81.2431654681871,41.5579405997573],[-81.2415214907581,41.5579048329535],[-81.2415502376579,41.557496463498]]]},"properties":{"source_county":"Geauga","jurisdiction":"Munson Township","parcel_id":"21-156300","owner_name":"CHEUNG JONMICHAEL T & JESSICA","property_address":"11523 AUBURN RD","property_city":"CHARDON","property_zip":"44024"}},{"type":"Feature","geometry":{"type":"Polygon","coordinates":[[[-81.2328476671014,41.554158349466],[-81.2332772634775,41.5537136737054],[-81.2334002915638,41.5537486170069],[-81.2331715852136,41.55428223811],[-81.2330854821191,41.5542594050038],[-81.2330023732943,41.5542309933233],[-81.2329228978876,41.5541972215697],[-81.2328476671014,41.554158349466]]]},"properties":{"source_county":"Geauga","jurisdiction":"Munson Township","parcel_id":"21-156500","owner_name":"KISS KURT C & LAURIE L","property_address":" BASSWOOD RD","property_city":"CHARDON","property_zip":"44024"}},{"type":"Feature","geometry":{"type":"Polygon","coordinates":[[[-81.2325964694056,41.5539574834865],[-81.233182796452,41.5536299145521],[-81.2332772634775,41.5537136737054],[-81.2328476671014,41.554158349466],[-81.2327718044822,41.5541109525485],[-81.2327022551971,41.5540583745342],[-81.2326396437777,41.5540010875696],[-81.2325964694056,41.5539574834865]]]},"properties":{"source_county":"Geauga","jurisdiction":"Munson Township","parcel_id":"21-156510","owner_name":"KISS KURT C & LAURIE L","property_address":" BASSWOOD RD","property_city":"CHARDON","property_zip":"44024"}},{"type":"Feature","geometry":{"type":"Polygon","coordinates":[[[-81.2299253134655,41.5544264745395],[-81.2300487704471,41.5543030461947],[-81.2301950607393,41.5543762292107],[-81.2303450936171,41.5544450045247],[-81.2304986338392,41.5545092642969],[-81.230655440663,41.5545689077675],[-81.2305869824166,41.5546638411441],[-81.2305135315943,41.5547566452748],[-81.2304352053606,41.5548471720978],[-81.2299495976669,41.5546526139411],[-81.2299188541853,41.5546355284293],[-81.2297886099849,41.5545631454817],[-81.2299252890054,41.5544264994858],[-81.2299253134655,41.5544264745395]]]},"properties":{"source_county":"Geauga","jurisdiction":"Munson Township","parcel_id":"21-156650","owner_name":"OGLE ELIZABETH A TOD","property_address":"11645 MAPLEWOOD RD","property_city":"CHARDON","property_zip":"44024"}},{"type":"Feature","geometry":{"type":"Polygon","coordinates":[[[-81.2397725584595,41.5601070449565],[-81.239801509817,41.5596959570303],[-81.2413927769935,41.559733161015],[-81.241365754612,41.5601170077637],[-81.2413638356058,41.560144249333],[-81.2397725584595,41.5601070449565]]]},"properties":{"source_county":"Geauga","jurisdiction":"Munson Township","parcel_id":"21-158400","owner_name":"TANTANELLA SAMUEL R TOD & ANGELA M TOD","property_address":"11534 UPPER CHELSEA DR","property_city":"CHARDON","property_zip":"44024"}},{"type":"Feature","geometry":{"type":"Polygon","coordinates":[[[-81.2253762537827,41.5549905201965],[-81.2259212878154,41.5555179837269],[-81.225632010446,41.5557715255833],[-81.2255520954508,41.5556941873728],[-81.2253463800652,41.5554951042899],[-81.2250643962509,41.5552222090033],[-81.225222719126,41.5551081826882],[-81.2253762537827,41.5549905201965]]]},"properties":{"source_county":"Geauga","jurisdiction":"Munson Township","parcel_id":"21-158800","owner_name":"BAYER DANIEL J TOD & MICHELE A TOD","property_address":" LAKEVIEW RD","property_city":"CHARDON","property_zip":"44024"}},{"type":"Feature","geometry":{"type":"Polygon","coordinates":[[[-81.226204674714,41.5550967881188],[-81.226497165056,41.5548226839591],[-81.2265471678746,41.5548710487084],[-81.2265838516392,41.5549041255274],[-81.2262891185414,41.5551784628353],[-81.226204674714,41.5550967881188]]]},"properties":{"source_county":"Geauga","jurisdiction":"Munson Township","parcel_id":"21-158900","owner_name":"BAYER DANIEL J TOD & MICHELE A TOD","property_address":" ROCKSIDE RD","property_city":"CHARDON","property_zip":"44024"}},{"type":"Feature","geometry":{"type":"Polygon","coordinates":[[[-81.2261346514893,41.5548423332956],[-81.2263290899871,41.5546601171794],[-81.226497165056,41.5548226839591],[-81.226204674714,41.5550967881188],[-81.2260365984517,41.5549342218171],[-81.2261346514893,41.5548423332956]]]},"properties":{"source_county":"Geauga","jurisdiction":"Munson Township","parcel_id":"21-159000","owner_name":"BAYER DANIEL J TOD & MICHELE A TOD","property_address":" ROCKSIDE RD","property_city":"CHARDON","property_zip":"44024"}},{"type":"Feature","geometry":{"type":"Polygon","coordinates":[[[-81.2259100132458,41.5553729244489],[-81.226204674714,41.5550967881188],[-81.2262891185414,41.5551784628353],[-81.2259940510791,41.5554542077047],[-81.2259100132458,41.5553729244489]]]},"properties":{"source_county":"Geauga","jurisdiction":"Munson Township","parcel_id":"21-159100","owner_name":"BAYER DANIEL J TOD & MICHELE A TOD","property_address":" FOREST RD","property_city":"CHARDON","property_zip":"44024"}},{"type":"Feature","geometry":{"type":"Polygon","coordinates":[[[-81.2259382178794,41.5550264173327],[-81.2260365984517,41.5549342218171],[-81.226204674714,41.5550967881188],[-81.2259100132458,41.5553729244489],[-81.2257419370063,41.5552103577352],[-81.2259382178794,41.5550264173327]]]},"properties":{"source_county":"Geauga","jurisdiction":"Munson Township","parcel_id":"21-159200","owner_name":"BAYER DANIEL J TOD & MICHELE A TOD","property_address":" FOREST RD","property_city":"CHARDON","property_zip":"44024"}},{"type":"Feature","geometry":{"type":"Polygon","coordinates":[[[-81.2255346211385,41.5548610989211],[-81.2256572626791,41.5547546702617],[-81.2259382178794,41.5550264173327],[-81.2257419370063,41.5552103577352],[-81.2254518695601,41.5549297969815],[-81.2255346211385,41.5548610989211]]]},"properties":{"source_county":"Geauga","jurisdiction":"Munson Township","parcel_id":"21-159300","owner_name":"BAYER DANIEL J TOD & MICHELE A TOD","property_address":" LAKEVIEW RD","property_city":"CHARDON","property_zip":"44024"}},{"type":"Feature","geometry":{"type":"Polygon","coordinates":[[[-81.2257359141339,41.5546833066141],[-81.2258541563585,41.5545710311748],[-81.2261346514893,41.5548423332956],[-81.2260365984517,41.5549342218171],[-81.2259382178794,41.5550264173327],[-81.2256572626791,41.5547546702617],[-81.2257359141339,41.5546833066141]]]},"properties":{"source_county":"Geauga","jurisdiction":"Munson Township","parcel_id":"21-159400","owner_name":"BAYER DANIEL J TOD & MICHELE A TOD","property_address":"11635 ROCKSIDE RD","property_city":"CHARDON","property_zip":"44024"}},{"type":"Feature","geometry":{"type":"Polygon","coordinates":[[[-81.2259094627553,41.5545163062972],[-81.2260410123278,41.554381477921],[-81.2263290899871,41.5546601171794],[-81.2261346514893,41.5548423332956],[-81.2258541563585,41.5545710311748],[-81.2259094627553,41.5545163062972]]]},"properties":{"source_county":"Geauga","jurisdiction":"Munson Township","parcel_id":"21-159500","owner_name":"BAYER DANIEL J TOD & MICHELE A TOD","property_address":" ROCKSIDE RD","property_city":"CHARDON","property_zip":"44024"}},{"type":"Feature","geometry":{"type":"Polygon","coordinates":[[[-81.2350425865628,41.5552272645512],[-81.23616602944,41.5545718689136],[-81.2365518328943,41.554833253453],[-81.2353564184987,41.5555307431418],[-81.2352667176326,41.5554440021426],[-81.2352443042261,41.5554223280409],[-81.2350425865628,41.5552272645512]]]},"properties":{"source_county":"Geauga","jurisdiction":"Munson Township","parcel_id":"21-159620","owner_name":"MEAD CAROL J TOD","property_address":"11612 BASSWOOD RD","property_city":"CHARDON","property_zip":"44024"}},{"type":"Feature","geometry":{"type":"Polygon","coordinates":[[[-81.2434364181757,41.5531512946575],[-81.2450290634345,41.5531508132012],[-81.2450292942208,41.5535703525119],[-81.243437120009,41.5535629319525],[-81.2434367267889,41.5533326950892],[-81.2434364181757,41.5531512946575]]]},"properties":{"source_county":"Geauga","jurisdiction":"Munson Township","parcel_id":"21-160900","owner_name":"RUNDT PAUL & KAREN","property_address":"11674 AUBURN RD","property_city":"CHARDON","property_zip":"44024"}},{"type":"Feature","geometry":{"type":"Polygon","coordinates":[[[-81.2330296720354,41.5700487989707],[-81.2331513643164,41.5676617401772],[-81.2328797493905,41.5676638302487],[-81.2326076223814,41.5676659231012],[-81.2326350234165,41.5671187807345],[-81.2326709308692,41.566390034606],[-81.2327068387216,41.5656612883061],[-81.2327427445763,41.5649325418087],[-81.2327862682049,41.5640491702596],[-81.2328242508668,41.5632782436011],[-81.2328556149497,41.5626416456162],[-81.2328671482875,41.5624075427602],[-81.2331869810254,41.5624120033091],[-81.2346830955955,41.562432854768],[-81.2342882960233,41.5700399791655],[-81.2330296720354,41.5700487989707]]]},"properties":{"source_county":"Geauga","jurisdiction":"Munson Township","parcel_id":"21-161100","owner_name":"MC CASLIN EDWARD R & RUTHANNE","property_address":"11345 THWING RD","property_city":"CHARDON","property_zip":"44024"}},{"type":"Feature","geometry":{"type":"Polygon","coordinates":[[[-81.2431940957574,41.5575337919722],[-81.2432286452212,41.5570428234308],[-81.2459850405151,41.5571167232512],[-81.2471198530331,41.5571471292383],[-81.2471132026293,41.5567892418637],[-81.248355386503,41.5567778238919],[-81.2485491695686,41.5567760415594],[-81.2484947073667,41.5577260200078],[-81.2484383812348,41.5587084623608],[-81.2466218239138,41.5587335844663],[-81.2466064591243,41.5595276541188],[-81.2466063059268,41.5595355974936],[-81.245891904082,41.5595437077164],[-81.2458917757732,41.5595437090319],[-81.245891696627,41.5595437099781],[-81.2459007585626,41.5593630865709],[-81.2459213933134,41.5589517158063],[-81.2459420386682,41.5585401532959],[-81.2459655163948,41.5580721227079],[-81.2431614779499,41.5579972902341],[-81.2431654681871,41.5579405997573],[-81.2431940957574,41.5575337919722]]]},"properties":{"source_county":"Geauga","jurisdiction":"Munson Township","parcel_id":"21-161400","owner_name":"CLERE TRAVIS J & KATHRYN S","property_address":"11540 AUBURN RD","property_city":"CHARDON","property_zip":"44024"}},{"type":"Feature","geometry":{"type":"Polygon","coordinates":[[[-81.2271254239144,41.561564451237],[-81.2275590586228,41.561560989793],[-81.2275692239139,41.5623956229245],[-81.227021147126,41.5624001900715],[-81.2270109865686,41.5615653641632],[-81.2271254239144,41.561564451237]]]},"properties":{"source_county":"Geauga","jurisdiction":"Munson Township","parcel_id":"21-162000","owner_name":"POWELL BRANDON J & GRAHAM DANIELLE A","property_address":" WOODIEBROOK RD","property_city":"CHARDON","property_zip":"44024"}},{"type":"Feature","geometry":{"type":"Polygon","coordinates":[[[-81.2266427552056,41.5615683017484],[-81.2270109865686,41.5615653641632],[-81.227021147126,41.5624001900715],[-81.226473069063,41.5624047546187],[-81.2264629132425,41.5615697359334],[-81.2266427552056,41.5615683017484]]]},"properties":{"source_county":"Geauga","jurisdiction":"Munson Township","parcel_id":"21-162100","owner_name":"POWELL BRANDON J & GRAHAM DANIELLE A","property_address":"11509 WOODIEBROOK RD","property_city":"CHARDON","property_zip":"44024"}},{"type":"Feature","geometry":{"type":"Polygon","coordinates":[[[-81.2269288636247,41.5567354972261],[-81.2272211519691,41.5567334942069],[-81.2272271952137,41.5572310601115],[-81.2269349076943,41.557233276596],[-81.2269288636247,41.5567354972261]]]},"properties":{"source_county":"Geauga","jurisdiction":"Munson Township","parcel_id":"21-162220","owner_name":"MC BRATNEY JOHN S & CLINE ELIZABETH J TRUSTEES","property_address":"11516 PARKWAY RD","property_city":"CHARDON","property_zip":"44024"}},{"type":"Feature","geometry":{"type":"Polygon","coordinates":[[[-81.2266365752624,41.5567374995095],[-81.2269288636247,41.5567354972261],[-81.2269349076943,41.557233276596],[-81.226642620155,41.5572354923448],[-81.2266365752624,41.5567374995095]]]},"properties":{"source_county":"Geauga","jurisdiction":"Munson Township","parcel_id":"21-162230","owner_name":"MC BRATNEY JOHN S & CLINE ELIZABETH J TRUSTEES","property_address":" PARKWAY RD","property_city":"CHARDON","property_zip":"44024"}},{"type":"Feature","geometry":{"type":"Polygon","coordinates":[[[-81.2264904310833,41.5567384999251],[-81.2266365752624,41.5567374995095],[-81.226642620155,41.5572354923448],[-81.2264964751794,41.5572365999301],[-81.2264904310833,41.5567384999251]]]},"properties":{"source_county":"Geauga","jurisdiction":"Munson Township","parcel_id":"21-162240","owner_name":"MC BRATNEY JOHN S & CLINE ELIZABETH J TRUSTEES","property_address":" PARKWAY RD","property_city":"CHARDON","property_zip":"44024"}},{"type":"Feature","geometry":{"type":"Polygon","coordinates":[[[-81.2483051441402,41.554090524355],[-81.2488173916448,41.5540928932399],[-81.248816418656,41.5542026464063],[-81.2488335621823,41.5542037400213],[-81.2488502666722,41.5542068353015],[-81.2488661205314,41.5542118559798],[-81.2488807331251,41.5542186783482],[-81.2488937444023,41.5542271343053],[-81.2489048337679,41.5542370154987],[-81.2489137279816,41.5542480784578],[-81.2489202078911,41.5542600505942],[-81.2489241138313,41.554272636917],[-81.2489253495593,41.5542855273018],[-81.2489167534608,41.5552546068157],[-81.2482956237219,41.5552517355177],[-81.2483051441402,41.554090524355]]]},"properties":{"source_county":"Geauga","jurisdiction":"Munson Township","parcel_id":"21-162280","owner_name":"RYKS DAVID D & VANESSA L","property_address":"11623 FOREST VIEW DR","property_city":"CHARDON","property_zip":"44024"}},{"type":"Feature","geometry":{"type":"Polygon","coordinates":[[[-81.2253021951164,41.5690762919835],[-81.2258309421025,41.5690734022816],[-81.2257903705006,41.5700992680508],[-81.2251570246382,41.5701036730849],[-81.2251976437447,41.5690768624355],[-81.2253021951164,41.5690762919835]]]},"properties":{"source_county":"Geauga","jurisdiction":"Munson Township","parcel_id":"21-162600","owner_name":"COHEN TIMOTHY B & CARR TARA J","property_address":"11569 THWING RD","property_city":"CHARDON","property_zip":"44024"}},{"type":"Feature","geometry":{"type":"Polygon","coordinates":[[[-81.2290625021454,41.5545811667056],[-81.2293303991058,41.5543083396484],[-81.2294509882362,41.5543754054036],[-81.2291750158347,41.5546512186267],[-81.2290625021454,41.5545811667056]]]},"properties":{"source_county":"Geauga","jurisdiction":"Munson Township","parcel_id":"21-162640","owner_name":"SPISAK LEAH M","property_address":" CHESTNUTDALE RD","property_city":"CHARDON","property_zip":"44024"}},{"type":"Feature","geometry":{"type":"Polygon","coordinates":[[[-81.2291750158347,41.5546512186267],[-81.2294509882362,41.5543754054036],[-81.2297004966164,41.5545141751667],[-81.2294241802506,41.5547903787173],[-81.2292979365324,41.5547224771157],[-81.2291750158347,41.5546512186267]]]},"properties":{"source_county":"Geauga","jurisdiction":"Munson Township","parcel_id":"21-162650","owner_name":"SPISAK LEAH M","property_address":"11638 CHESTNUTDALE RD","property_city":"CHARDON","property_zip":"44024"}},{"type":"Feature","geometry":{"type":"Polygon","coordinates":[[[-81.2294241802506,41.5547903787173],[-81.2297004966164,41.5545141751667],[-81.2297886099849,41.5545631454817],[-81.2295152060794,41.5548362410822],[-81.2294241802506,41.5547903787173]]]},"properties":{"source_county":"Geauga","jurisdiction":"Munson Township","parcel_id":"21-162660","owner_name":"SPISAK LEAH M","property_address":" CHESTNUTDALE RD","property_city":"CHARDON","property_zip":"44024"}},{"type":"Feature","geometry":{"type":"Polygon","coordinates":[[[-81.2294509882362,41.5543754054036],[-81.2294597683694,41.5543666298157],[-81.2297092755362,41.5545053995473],[-81.2297004966164,41.5545141751667],[-81.2294509882362,41.5543754054036]]]},"properties":{"source_county":"Geauga","jurisdiction":"Munson Township","parcel_id":"21-162670","owner_name":"SPISAK LEAH M","property_address":" CHESTNUTDALE RD","property_city":"CHARDON","property_zip":"44024"}},{"type":"Feature","geometry":{"type":"Polygon","coordinates":[[[-81.2300194211992,41.5513752662502],[-81.2300581771501,41.5513358198652],[-81.2302693264584,41.5514507885827],[-81.2302801811211,41.5514614971256],[-81.230352326876,41.5515326697734],[-81.2300151926228,41.5518768472478],[-81.2300042394939,41.5518675063576],[-81.2300041887778,41.5518674634796],[-81.2298762648182,41.5517601709911],[-81.229742987184,41.5516566211266],[-81.2300193625013,41.5513753259413],[-81.2300194211992,41.5513752662502]]]},"properties":{"source_county":"Geauga","jurisdiction":"Munson Township","parcel_id":"21-163100","owner_name":"COLMAN LINDA & JOHN","property_address":"11746 BASSWOOD RD","property_city":"CHARDON","property_zip":"44024"}},{"type":"Feature","geometry":{"type":"Polygon","coordinates":[[[-81.2401923039506,41.5573375908923],[-81.2403789947536,41.5572297951107],[-81.2406564044051,41.5575008943902],[-81.2408020235738,41.5576432647869],[-81.2403364985764,41.5582142400536],[-81.2394660646099,41.5577569137668],[-81.2397577820579,41.5575884800049],[-81.239903014654,41.5575046239074],[-81.2401923039506,41.5573375908923]]]},"properties":{"source_county":"Geauga","jurisdiction":"Munson Township","parcel_id":"21-163410","owner_name":"DOERING BRANDON J","property_address":"11585 LOWER CHELSEA DR","property_city":"CHARDON","property_zip":"44024"}},{"type":"Feature","geometry":{"type":"Polygon","coordinates":[[[-81.2299887795624,41.5523687681067],[-81.230190950623,41.5521768093636],[-81.2302749777396,41.5522666216658],[-81.2299833662321,41.5525442973373],[-81.2299833198326,41.5525443409539],[-81.2299645076386,41.5525622540227],[-81.2298756134216,41.5524762171622],[-81.2299887319296,41.5523688135109],[-81.2299887795624,41.5523687681067]]]},"properties":{"source_county":"Geauga","jurisdiction":"Munson Township","parcel_id":"21-165800","owner_name":"WORTHINGTON WHITE DAVID P & SANIEH A","property_address":" BASSWOOD RD","property_city":"CHARDON","property_zip":"44024"}},{"type":"Feature","geometry":{"type":"Polygon","coordinates":[[[-81.2299996835094,41.552015202582],[-81.2300127177202,41.5520028399878],[-81.2301035062264,41.5520888580338],[-81.230190950623,41.5521768093636],[-81.2299887795624,41.5523687681067],[-81.2299887319296,41.5523688135109],[-81.2298756134216,41.5524762171622],[-81.2296961249345,41.5523031376777],[-81.2299996322115,41.5520152515481],[-81.2299996835094,41.552015202582]]]},"properties":{"source_county":"Geauga","jurisdiction":"Munson Township","parcel_id":"21-165900","owner_name":"WORTHINGTON WHITE DAVID P & SANIEH A","property_address":"11731 BASSWOOD RD","property_city":"CHARDON","property_zip":"44024"}},{"type":"Feature","geometry":{"type":"Polygon","coordinates":[[[-81.2295153041065,41.5521292670884],[-81.229821413514,41.5518368884978],[-81.229912352263,41.5519133540006],[-81.2300003578944,41.5519917322465],[-81.2300004061961,41.5519917759987],[-81.2300127177202,41.5520028399878],[-81.2299996835094,41.552015202582],[-81.2299996322115,41.5520152515481],[-81.2296961249345,41.5523031376777],[-81.2295153041065,41.5521292670884]]]},"properties":{"source_county":"Geauga","jurisdiction":"Munson Township","parcel_id":"21-166000","owner_name":"WORTHINGTON WHITE DAVID P & SANIEH A","property_address":" BASSWOOD RD","property_city":"CHARDON","property_zip":"44024"}},{"type":"Feature","geometry":{"type":"Polygon","coordinates":[[[-81.2274825533206,41.5538495229758],[-81.2277590841287,41.5535639809271],[-81.2279387310091,41.553737155139],[-81.2276618702501,41.55402296143],[-81.2274825533206,41.5538495229758]]]},"properties":{"source_county":"Geauga","jurisdiction":"Munson Township","parcel_id":"21-167000","owner_name":"NEW BRADLEY C & ASHLEY","property_address":"11681 CHESTNUTDALE RD","property_city":"CHARDON","property_zip":"44024"}},{"type":"Feature","geometry":{"type":"Polygon","coordinates":[[[-81.2273967799729,41.5535794653327],[-81.227579438198,41.5533908064277],[-81.2277590841287,41.5535639809271],[-81.2274825533206,41.5538495229758],[-81.2273032361595,41.5536760833214],[-81.2273967799729,41.5535794653327]]]},"properties":{"source_county":"Geauga","jurisdiction":"Munson Township","parcel_id":"21-167100","owner_name":"NEW BRADLEY C & ASHLEY","property_address":" CHESTNUTDALE RD","property_city":"CHARDON","property_zip":"44024"}},{"type":"Feature","geometry":{"type":"Polygon","coordinates":[[[-81.2500489169891,41.5530695637213],[-81.2503976053551,41.5530711714224],[-81.2503920578416,41.5541001603915],[-81.25027396497,41.5540996159698],[-81.249709748688,41.554097013542],[-81.2493816126673,41.5540954991554],[-81.249409557927,41.5530666135541],[-81.2500489169891,41.5530695637213]]]},"properties":{"source_county":"Geauga","jurisdiction":"Munson Township","parcel_id":"21-167930","owner_name":"LESLIE ERIC S & MELISSA D","property_address":"10909 WILSON MILLS RD","property_city":"CHARDON","property_zip":"44024"}},{"type":"Feature","geometry":{"type":"Polygon","coordinates":[[[-81.2278261731924,41.5534947043906],[-81.2280988098853,41.5532129801855],[-81.2282784661149,41.5533861629994],[-81.2280058294913,41.5536678867102],[-81.2278261731924,41.5534947043906]]]},"properties":{"source_county":"Geauga","jurisdiction":"Munson Township","parcel_id":"21-168700","owner_name":"BEAN ADAM C & LUFF NICHOLE M","property_address":" CHESTNUTDALE RD","property_city":"CHARDON","property_zip":"44024"}},{"type":"Feature","geometry":{"type":"Polygon","coordinates":[[[-81.2280058294913,41.5536678867102],[-81.2282784661149,41.5533861629994],[-81.2284581233117,41.5535593446253],[-81.2281854867225,41.5538410696426],[-81.2280058294913,41.5536678867102]]]},"properties":{"source_county":"Geauga","jurisdiction":"Munson Township","parcel_id":"21-168800","owner_name":"BEAN ADAM C & LUFF NICHOLE M","property_address":"11684 CHESTNUTDALE RD","property_city":"CHARDON","property_zip":"44024"}},{"type":"Feature","geometry":{"type":"Polygon","coordinates":[[[-81.2364251069558,41.558002536373],[-81.2367450982206,41.5578165763347],[-81.2376972585809,41.55874315506],[-81.237079096673,41.5591015230466],[-81.2361371622518,41.5581698710013],[-81.2364251069558,41.558002536373]]]},"properties":{"source_county":"Geauga","jurisdiction":"Munson Township","parcel_id":"21-169100","owner_name":"OH JAMES & CHERYL","property_address":"11274 WILSON MILLS RD","property_city":"CHARDON","property_zip":"44024"}},{"type":"Feature","geometry":{"type":"Polygon","coordinates":[[[-81.237079096673,41.5591015230466],[-81.2376972585809,41.55874315506],[-81.2376251132835,41.5604784272531],[-81.2361474399477,41.5604437599646],[-81.2361824119143,41.559621346668],[-81.2366307560812,41.5593614352836],[-81.237079096673,41.5591015230466]]]},"properties":{"source_county":"Geauga","jurisdiction":"Munson Township","parcel_id":"21-169200","owner_name":"OH JAMES & CHERYL","property_address":" WILSON MILLS RD","property_city":"CHARDON","property_zip":"44024"}},{"type":"Feature","geometry":{"type":"Polygon","coordinates":[[[-81.2280980156792,41.5567274816221],[-81.2283903039346,41.5567254765602],[-81.2283963463098,41.5572221859285],[-81.2281040588695,41.5572244053561],[-81.2280980156792,41.5567274816221]]]},"properties":{"source_county":"Geauga","jurisdiction":"Munson Township","parcel_id":"21-169400","owner_name":"GERIN AMY C","property_address":" PARKWAY RD","property_city":"CHARDON","property_zip":"44024"}},{"type":"Feature","geometry":{"type":"Polygon","coordinates":[[[-81.2283360766333,41.55201559901],[-81.2285210508477,41.5518249090435],[-81.2288179054456,41.552111070277],[-81.2286331607718,41.5523019811318],[-81.2283360766333,41.55201559901]]]},"properties":{"source_county":"Geauga","jurisdiction":"Munson Township","parcel_id":"21-169600","owner_name":"HECKLER JERRY T TOD AKA GERALD T TOD","property_address":"11741 OVERLOOK RD","property_city":"CHARDON","property_zip":"44024"}},{"type":"Feature","geometry":{"type":"Polygon","coordinates":[[[-81.2274886072167,41.5631925533142],[-81.2278534815366,41.5629812400569],[-81.2288527093515,41.5640227963457],[-81.2288312136403,41.5646180977158],[-81.2274886072167,41.5631925533142]]]},"properties":{"source_county":"Geauga","jurisdiction":"Munson Township","parcel_id":"21-169650","owner_name":"IVANS DANIEL R","property_address":"11498 WILSON MILLS RD","property_city":"CHARDON","property_zip":"44024"}},{"type":"Feature","geometry":{"type":"Polygon","coordinates":[[[-81.2270975386346,41.5690664707131],[-81.2277308367913,41.5690630001988],[-81.2276904059228,41.5700860556194],[-81.2270570605609,41.5700904584112],[-81.2270975386346,41.5690664707131]]]},"properties":{"source_county":"Geauga","jurisdiction":"Munson Township","parcel_id":"21-169800","owner_name":"CRESHO GEORGE DANIEL & COLLEEN M","property_address":"11501 THWING RD","property_city":"CHARDON","property_zip":"44024"}},{"type":"Feature","geometry":{"type":"Polygon","coordinates":[[[-81.2298549220885,41.556708569083],[-81.2298265791798,41.5572113145081],[-81.2298262746436,41.557211315679],[-81.2298240695652,41.557211333879],[-81.2295472295659,41.5572134395732],[-81.229541439238,41.5567380856299],[-81.2295761690932,41.5567302360375],[-81.2296443433693,41.5567166291243],[-81.2297140342952,41.5567084328041],[-81.2297844829317,41.5567057363355],[-81.2298549220885,41.556708569083]]]},"properties":{"source_county":"Geauga","jurisdiction":"Munson Township","parcel_id":"21-169910","owner_name":"RUDAR KAREN E TRUSTEE","property_address":"11448 PARKSIDE RD","property_city":"CHARDON","property_zip":"44024"}},{"type":"Feature","geometry":{"type":"Polygon","coordinates":[[[-81.229541439238,41.5567380856299],[-81.2295472295659,41.5572134395732],[-81.2292622492168,41.5572156058966],[-81.2292568304608,41.5567706440541],[-81.2293527986812,41.5567657680081],[-81.2294478896704,41.5567548898728],[-81.229541439238,41.5567380856299]]]},"properties":{"source_county":"Geauga","jurisdiction":"Munson Township","parcel_id":"21-169911","owner_name":"RUDAR KAREN E TRUSTEE","property_address":" PARKSIDE RD","property_city":"CHARDON","property_zip":"44024"}},{"type":"Feature","geometry":{"type":"Polygon","coordinates":[[[-81.2297943859919,41.5578616491539],[-81.2297967477735,41.5578139209153],[-81.2297968064888,41.5578139224582],[-81.2305402355902,41.5578335011612],[-81.2305212885524,41.5582394255469],[-81.2297766003809,41.5582209198968],[-81.2297907182502,41.5579357340591],[-81.2297943859919,41.5578616491539]]]},"properties":{"source_county":"Geauga","jurisdiction":"Munson Township","parcel_id":"21-170000","owner_name":"GUSTWILLER JOSEPH A & ALYSSA S","property_address":"11521 ORCHARD RD","property_city":"CHARDON","property_zip":"44024"}},{"type":"Feature","geometry":{"type":"Polygon","coordinates":[[[-81.2413348950535,41.5605553376018],[-81.2413370967017,41.5605240576963],[-81.242981992161,41.5605477093978],[-81.2429533453044,41.5609547596853],[-81.2413084432424,41.5609310445858],[-81.2413348950535,41.5605553376018]]]},"properties":{"source_county":"Geauga","jurisdiction":"Munson Township","parcel_id":"21-170100","owner_name":"EMERSON DANIEL","property_address":" AUBURN RD","property_city":"CHARDON","property_zip":"44024"}},{"type":"Feature","geometry":{"type":"Polygon","coordinates":[[[-81.2413059529392,41.5609664257958],[-81.2413084432424,41.5609310445858],[-81.2429533453044,41.5609547596853],[-81.242952707438,41.5609638198208],[-81.2429208887462,41.5614159250762],[-81.2412770104617,41.5613775139275],[-81.2413059529392,41.5609664257958]]]},"properties":{"source_county":"Geauga","jurisdiction":"Munson Township","parcel_id":"21-170200","owner_name":"EMERSON DANIEL D","property_address":"11403 AUBURN RD","property_city":"CHARDON","property_zip":"44024"}},{"type":"Feature","geometry":{"type":"Polygon","coordinates":[[[-81.2272258393816,41.5559415742474],[-81.2272833215274,41.5560222787206],[-81.2273479121148,41.5560998908024],[-81.2274193176335,41.5561740577815],[-81.2274871255894,41.5562368174489],[-81.2275597518702,41.5562964581576],[-81.2276369427278,41.5563527715194],[-81.2277184284631,41.5564055607715],[-81.2277398557878,41.5564212473206],[-81.227757586766,41.5564393506491],[-81.2277711457639,41.5564593851383],[-81.2277801690594,41.5564808133655],[-81.2277844145989,41.5565030605212],[-81.2277837684913,41.5565255298271],[-81.2277782480637,41.5565476185455],[-81.2277680013963,41.5565687341473],[-81.2277533033515,41.5565883102066],[-81.227734548201,41.5566058215954],[-81.2277122390494,41.5566207985697],[-81.2276869743388,41.5566328393716],[-81.2276594317956,41.5566416210055],[-81.2276303502503,41.5566469079034],[-81.2276005098179,41.5566485582438],[-81.2269259832764,41.5566531811691],[-81.2269217739958,41.5563065103931],[-81.2269010161657,41.5562994597345],[-81.2269241880978,41.5562904306193],[-81.2269582781786,41.5559669703694],[-81.2270482572253,41.555963763583],[-81.2271376267808,41.5559552808877],[-81.2272258393816,41.5559415742474]]]},"properties":{"source_county":"Geauga","jurisdiction":"Munson Township","parcel_id":"21-170600","owner_name":"DUDINSKY CADEN M","property_address":"11491 PARKWAY RD","property_city":"CHARDON","property_zip":"44024"}},{"type":"Feature","geometry":{"type":"Polygon","coordinates":[[[-81.2354370978851,41.5700319174547],[-81.2358305158061,41.5624488330703],[-81.2364042267119,41.5624568184265],[-81.2360114981193,41.5700278818812],[-81.2354370978851,41.5700319174547]]]},"properties":{"source_county":"Geauga","jurisdiction":"Munson Township","parcel_id":"21-170900","owner_name":"LLGC LLC","property_address":"11299 THWING RD","property_city":"CHARDON","property_zip":"44024"}},{"type":"Feature","geometry":{"type":"Polygon","coordinates":[[[-81.2348626975803,41.5700359501872],[-81.2352568062389,41.5624408448928],[-81.2358305158061,41.5624488330703],[-81.2354370978851,41.5700319174547],[-81.2348626975803,41.5700359501872]]]},"properties":{"source_county":"Geauga","jurisdiction":"Munson Township","parcel_id":"21-171000","owner_name":"LLGC LLC","property_address":"11303 THWING RD","property_city":"CHARDON","property_zip":"44024"}},{"type":"Feature","geometry":{"type":"Polygon","coordinates":[[[-81.2367833278671,41.5651594828351],[-81.2373622263709,41.5651557304058],[-81.2371099782836,41.5700201572848],[-81.2365310197795,41.5700242297404],[-81.2367833278671,41.5651594828351]]]},"properties":{"source_county":"Geauga","jurisdiction":"Munson Township","parcel_id":"21-171100","owner_name":"WHITRIGHT CURT E TOD & JANET C TOD","property_address":"11257 THWING RD","property_city":"CHARDON","property_zip":"44024"}},{"type":"Feature","geometry":{"type":"Polygon","coordinates":[[[-81.2345785559195,41.5568880342535],[-81.2359391221203,41.5560942131561],[-81.2359839651714,41.5561375756519],[-81.2362529152869,41.5563976437014],[-81.2348923465693,41.5571914692981],[-81.2346906233251,41.5569964043952],[-81.2345785559195,41.5568880342535]]]},"properties":{"source_county":"Geauga","jurisdiction":"Munson Township","parcel_id":"21-172000","owner_name":"SKUFCA THOMAS R TOD & SHERYL H TOD","property_address":"11583 BASSWOOD RD","property_city":"CHARDON","property_zip":"44024"}},{"type":"Feature","geometry":{"type":"Polygon","coordinates":[[[-81.2467905775829,41.552090937466],[-81.2473385931507,41.5520933587552],[-81.2473217188639,41.5527138862114],[-81.2472844131637,41.5540857979057],[-81.2470629464144,41.554084771417],[-81.2467363820231,41.5540832566088],[-81.2467905775829,41.552090937466]]]},"properties":{"source_county":"Geauga","jurisdiction":"Munson Township","parcel_id":"21-172010","owner_name":"WILSON SUSAN COX TOD","property_address":" WILSON MILLS RD","property_city":"CHARDON","property_zip":"44024"}},{"type":"Feature","geometry":{"type":"Polygon","coordinates":[[[-81.2462190052336,41.5529556209627],[-81.2462190711534,41.5529556216746],[-81.2462146300889,41.5531188249089],[-81.2461884563986,41.554080713864],[-81.2456090177064,41.554078479113],[-81.245618293014,41.552952830429],[-81.2462190052336,41.5529556209627]]]},"properties":{"source_county":"Geauga","jurisdiction":"Munson Township","parcel_id":"21-172050","owner_name":"WILSON SUSAN COX TOD","property_address":" WILSON MILLS RD","property_city":"CHARDON","property_zip":"44024"}},{"type":"Feature","geometry":{"type":"Polygon","coordinates":[[[-81.2462429084471,41.5520885164306],[-81.2467905775829,41.552090937466],[-81.2467363820231,41.5540832566088],[-81.2462213188986,41.5540808661447],[-81.2461884563986,41.554080713864],[-81.2462146300889,41.5531188249089],[-81.2462190711534,41.5529556216746],[-81.246224088421,41.5527712054462],[-81.2462292088992,41.5525830235607],[-81.2462426639476,41.5520885137901],[-81.2462429084471,41.5520885164306]]]},"properties":{"source_county":"Geauga","jurisdiction":"Munson Township","parcel_id":"21-172060","owner_name":"WILSON SUSAN COX TOD","property_address":"11005 WILSON MILLS RD","property_city":"CHARDON","property_zip":"44024"}},{"type":"Feature","geometry":{"type":"Polygon","coordinates":[[[-81.2473217188639,41.5527138862114],[-81.2478697385721,41.5527164247468],[-81.2478324431482,41.5540883366031],[-81.2476840422451,41.5540876499651],[-81.2472844131637,41.5540857979057],[-81.2473217188639,41.5527138862114]]]},"properties":{"source_county":"Geauga","jurisdiction":"Munson Township","parcel_id":"21-172070","owner_name":"WILSON SUSAN COX TOD","property_address":" WILSON MILLS RD","property_city":"CHARDON","property_zip":"44024"}},{"type":"Feature","geometry":{"type":"Polygon","coordinates":[[[-81.2296715800636,41.5603422460064],[-81.229696277262,41.5598433927681],[-81.2304454992342,41.5598631234384],[-81.2304379046639,41.5600258378077],[-81.2304369438201,41.560106905206],[-81.2304416256629,41.560187899515],[-81.2304519374144,41.5602685993202],[-81.2296715800636,41.5603422460064]]]},"properties":{"source_county":"Geauga","jurisdiction":"Munson Township","parcel_id":"21-172500","owner_name":"ST JOHN KIMBERLY A & LA SPINA ANTHONY G","property_address":"11451 ORCHARD RD","property_city":"CHARDON","property_zip":"44024"}},{"type":"Feature","geometry":{"type":"Polygon","coordinates":[[[-81.2295770689277,41.5600355594332],[-81.2295867255602,41.5598405066405],[-81.2296938902355,41.5598433297326],[-81.2296940160605,41.5598433329102],[-81.229696277262,41.5598433927681],[-81.2296715800636,41.5603422460064],[-81.2296684847575,41.5603425381202],[-81.2296683694578,41.5603425485652],[-81.2295613705777,41.5603526466448],[-81.2295770689277,41.5600355594332]]]},"properties":{"source_county":"Geauga","jurisdiction":"Munson Township","parcel_id":"21-172600","owner_name":"ST JOHN KIMBERLY A & LA SPINA ANTHONY G","property_address":" ORCHARD RD","property_city":"CHARDON","property_zip":"44024"}},{"type":"Feature","geometry":{"type":"Polygon","coordinates":[[[-81.2289772688315,41.5572177724208],[-81.2289715950797,41.5567516992718],[-81.2290764792029,41.5567634840562],[-81.2291664675588,41.5567697253786],[-81.2292568304608,41.5567706440541],[-81.2292622492168,41.5572156058966],[-81.2289772688315,41.5572177724208]]]},"properties":{"source_county":"Geauga","jurisdiction":"Munson Township","parcel_id":"21-173300","owner_name":"FLITER JOSEPH P & BROWN FILTER KELLI M","property_address":" PARKSIDE RD","property_city":"CHARDON","property_zip":"44024"}},{"type":"Feature","geometry":{"type":"Polygon","coordinates":[[[-81.228688634929,41.5572199657783],[-81.2286826707753,41.5567299218624],[-81.2288274209938,41.5567386542597],[-81.2289715950797,41.5567516992718],[-81.2289772688315,41.5572177724208],[-81.2287962663774,41.5572191478591],[-81.228688634929,41.5572199657783]]]},"properties":{"source_county":"Geauga","jurisdiction":"Munson Township","parcel_id":"21-173400","owner_name":"FLITER JOSEPH P & BROWN FILTER KELLI M","property_address":"11464 PARKSIDE RD","property_city":"CHARDON","property_zip":"44024"}},{"type":"Feature","geometry":{"type":"Polygon","coordinates":[[[-81.2331715852136,41.55428223811],[-81.2334002915638,41.5537486170069],[-81.2335164857426,41.5537816189033],[-81.233687358408,41.5538301508774],[-81.2337078629705,41.5538359737949],[-81.2334958207537,41.5543187120326],[-81.2334054651385,41.5543144071117],[-81.2333264908304,41.5543081660357],[-81.2332483794108,41.5542974222048],[-81.2331715852136,41.55428223811]]]},"properties":{"source_county":"Geauga","jurisdiction":"Munson Township","parcel_id":"21-173910","owner_name":"KRIVOBORODOV KONSTANTIN AKA KONSTANTIN A & GLINSKI CANDACE AKA CANDACE A","property_address":"11662 BASSWOOD RD","property_city":"CHARDON","property_zip":"44024"}},{"type":"Feature","geometry":{"type":"Polygon","coordinates":[[[-81.2299296743107,41.5542850887618],[-81.2299595439195,41.5542552309354],[-81.2300487704471,41.5543030461947],[-81.2299253134655,41.5544264745395],[-81.2299252890054,41.5544264994858],[-81.2297886099849,41.5545631454817],[-81.2297004966164,41.5545141751667],[-81.2297092755362,41.5545053995473],[-81.2299296474186,41.5542851154824],[-81.2299296743107,41.5542850887618]]]},"properties":{"source_county":"Geauga","jurisdiction":"Munson Township","parcel_id":"21-174000","owner_name":"MULHALL ANGELA & DAVID","property_address":" MAPLEWOOD RD","property_city":"CHARDON","property_zip":"44024"}},{"type":"Feature","geometry":{"type":"Polygon","coordinates":[[[-81.2294597683694,41.5543666298157],[-81.2297155963151,41.5541109475922],[-81.2298219438419,41.5541764336095],[-81.2299310742958,41.5542392833082],[-81.2299595439195,41.5542552309354],[-81.2299296743107,41.5542850887618],[-81.2299296474186,41.5542851154824],[-81.2297092755362,41.5545053995473],[-81.2294597683694,41.5543666298157]]]},"properties":{"source_county":"Geauga","jurisdiction":"Munson Township","parcel_id":"21-174100","owner_name":"MULHALL ANGELA & DAVID","property_address":"11657 MAPLEWOOD RD","property_city":"CHARDON","property_zip":"44024"}},{"type":"Feature","geometry":{"type":"Polygon","coordinates":[[[-81.2292098102225,41.5542412737665],[-81.2294856729227,41.5539542075619],[-81.2295988095378,41.554034088103],[-81.2297155963151,41.5541109475922],[-81.2294597683694,41.5543666298157],[-81.2294509882362,41.5543754054036],[-81.2293303991058,41.5543083396484],[-81.2292098102225,41.5542412737665]]]},"properties":{"source_county":"Geauga","jurisdiction":"Munson Township","parcel_id":"21-174200","owner_name":"MULHALL ANGELA & DAVID","property_address":" MAPLEWOOD RD","property_city":"CHARDON","property_zip":"44024"}},{"type":"Feature","geometry":{"type":"Polygon","coordinates":[[[-81.2418365942173,41.5506653814207],[-81.2434321526576,41.5506498861348],[-81.2434326720809,41.5509542874136],[-81.2434328735415,41.5510725270988],[-81.241836477492,41.5510880314364],[-81.2418365942173,41.5506653814207]]]},"properties":{"source_county":"Geauga","jurisdiction":"Munson Township","parcel_id":"21-174500","owner_name":"RAMIREZ MICHAEL & CUNNINGHAM KRISTA L","property_address":"11761 AUBURN RD","property_city":"CHARDON","property_zip":"44024"}},{"type":"Feature","geometry":{"type":"Polygon","coordinates":[[[-81.2439761242207,41.5540725675871],[-81.2445275764306,41.5540745663853],[-81.2444680145666,41.5548636766256],[-81.2433826481066,41.5548542809575],[-81.2434379806952,41.5540679078786],[-81.2439761242207,41.5540725675871]]]},"properties":{"source_county":"Geauga","jurisdiction":"Munson Township","parcel_id":"21-174700","owner_name":"HERNANDEZ HECTOR & LUJAN FLOR","property_address":"11066 WILSON MILLS RD","property_city":"CHARDON","property_zip":"44024"}},{"type":"Feature","geometry":{"type":"Polygon","coordinates":[[[-81.2380044456733,41.5570847005213],[-81.2383473939339,41.5568853890993],[-81.2389851546191,41.5575091611798],[-81.239322952515,41.5578395442651],[-81.2388881184405,41.5580906068637],[-81.238297102416,41.557512557921],[-81.23791362147,41.5571374843943],[-81.2380044456733,41.5570847005213]]]},"properties":{"source_county":"Geauga","jurisdiction":"Munson Township","parcel_id":"21-174900","owner_name":"TRUELSCH ADAM H & RACHEL E","property_address":"11222 WILSON MILLS RD","property_city":"CHARDON","property_zip":"44024"}},{"type":"Feature","geometry":{"type":"Polygon","coordinates":[[[-81.2290148158391,41.5540742973846],[-81.2292830940609,41.553795995075],[-81.229382649377,41.5538763541055],[-81.2294856729227,41.5539542075619],[-81.2292098102225,41.5542412737665],[-81.2290148158391,41.5540742973846]]]},"properties":{"source_county":"Geauga","jurisdiction":"Munson Township","parcel_id":"21-175700","owner_name":"ZIERNICKI KENNETH V TOD & ISOBEL AKA ISABELLA TOD","property_address":"11677 MAPLEWOOD RD","property_city":"CHARDON","property_zip":"44024"}},{"type":"Feature","geometry":{"type":"Polygon","coordinates":[[[-81.2288217401832,41.5539102430582],[-81.2290948137327,41.5536281125385],[-81.2291871145546,41.5537132176952],[-81.2292830940609,41.553795995075],[-81.2290148158391,41.5540742973846],[-81.2289182772997,41.5539922698058],[-81.2288217401832,41.5539102430582]]]},"properties":{"source_county":"Geauga","jurisdiction":"Munson Township","parcel_id":"21-175800","owner_name":"ZIERNICKI KENNETH V TOD & ISOBEL AKA ISABELLA TOD","property_address":" MAPLEWOOD RD","property_city":"CHARDON","property_zip":"44024"}},{"type":"Feature","geometry":{"type":"Polygon","coordinates":[[[-81.228729760696,41.5538213845486],[-81.2290026942196,41.5535393670668],[-81.2290948137327,41.5536281125385],[-81.2288217401832,41.5539102430582],[-81.228729760696,41.5538213845486]]]},"properties":{"source_county":"Geauga","jurisdiction":"Munson Township","parcel_id":"21-175900","owner_name":"ZIERNICKI KENNETH V TOD & ISOBEL AKA ISABELLA TOD","property_address":" MAPLEWOOD RD","property_city":"CHARDON","property_zip":"44024"}},{"type":"Feature","geometry":{"type":"Polygon","coordinates":[[[-81.2304040981317,41.5634985240478],[-81.2328556149497,41.5626416456162],[-81.2328242508668,41.5632782436011],[-81.2309622530314,41.5638393634447],[-81.230897941549,41.5637836813248],[-81.2308284699333,41.5637316130939],[-81.2307541972185,41.5636834278356],[-81.2306755072477,41.563639374566],[-81.2304040981317,41.5634985240478]]]},"properties":{"source_county":"Geauga","jurisdiction":"Munson Township","parcel_id":"21-176112","owner_name":"TOTH MICHAEL W & BETH A","property_address":"11445 WOODIEBROOK RD","property_city":"CHARDON","property_zip":"44024"}},{"type":"Feature","geometry":{"type":"Polygon","coordinates":[[[-81.2309622530314,41.5638393634447],[-81.2328242508668,41.5632782436011],[-81.2327862682049,41.5640491702596],[-81.2315313197897,41.5642646475844],[-81.2312518268132,41.5643424465095],[-81.2312333386576,41.5642644319194],[-81.231206884229,41.5641877225286],[-81.2311726215434,41.5641127764532],[-81.231130755247,41.5640400412776],[-81.2310815353926,41.5639699513807],[-81.2310252559463,41.5639029253427],[-81.2309622530314,41.5638393634447]]]},"properties":{"source_county":"Geauga","jurisdiction":"Munson Township","parcel_id":"21-176113","owner_name":"PRUNTY JEREMY J & LEESA M","property_address":"11435 WOODIEBROOK RD","property_city":"CHARDON","property_zip":"44024"}},{"type":"Feature","geometry":{"type":"Polygon","coordinates":[[[-81.2315313197897,41.5642646475844],[-81.2327862682049,41.5640491702596],[-81.2327427445763,41.5649325418087],[-81.2312455353257,41.5648909229122],[-81.2312637721877,41.5645209715898],[-81.2312644049849,41.5644613227519],[-81.2312604186931,41.5644017471965],[-81.2312518268132,41.5643424465095],[-81.2315313197897,41.5642646475844]]]},"properties":{"source_county":"Geauga","jurisdiction":"Munson Township","parcel_id":"21-176114","owner_name":"PROBST JONATHAN H TOD & MARILYN TOD","property_address":"11425 WOODIEBROOK RD","property_city":"CHARDON","property_zip":"44024"}},{"type":"Feature","geometry":{"type":"Polygon","coordinates":[[[-81.2312096128361,41.5656196689564],[-81.2312455353257,41.5648909229122],[-81.2327427445763,41.5649325418087],[-81.2327068387216,41.5656612883061],[-81.2312096128361,41.5656196689564]]]},"properties":{"source_county":"Geauga","jurisdiction":"Munson Township","parcel_id":"21-176115","owner_name":"ZNIDARSIC MARKO A & DEBORAH A","property_address":"11415 WOODIEBROOK RD","property_city":"CHARDON","property_zip":"44024"}},{"type":"Feature","geometry":{"type":"Polygon","coordinates":[[[-81.2311736895471,41.5663484148162],[-81.2312096128361,41.5656196689564],[-81.2327068387216,41.5656612883061],[-81.2326709308692,41.566390034606],[-81.2311736895471,41.5663484148162]]]},"properties":{"source_county":"Geauga","jurisdiction":"Munson Township","parcel_id":"21-176116","owner_name":"KOSTELAC JOSEPH M & NYCOLE R","property_address":"11405 WOODIEBROOK RD","property_city":"CHARDON","property_zip":"44024"}},{"type":"Feature","geometry":{"type":"Polygon","coordinates":[[[-81.2311377642599,41.5670771604785],[-81.2311736895471,41.5663484148162],[-81.2326709308692,41.566390034606],[-81.2326350234165,41.5671187807345],[-81.2311377642599,41.5670771604785]]]},"properties":{"source_county":"Geauga","jurisdiction":"Munson Township","parcel_id":"21-176117","owner_name":"REEL DANIEL & NICOLE","property_address":"11399 WOODIEBROOK RD","property_city":"CHARDON","property_zip":"44024"}},{"type":"Feature","geometry":{"type":"Polygon","coordinates":[[[-81.2311301947938,41.5672307023779],[-81.2311377642599,41.5670771604785],[-81.2326350234165,41.5671187807345],[-81.2326076223814,41.5676659231012],[-81.2325349039799,41.567666482859],[-81.2325082969704,41.5682064325627],[-81.2311002524046,41.5675143791314],[-81.231127307553,41.5674774254609],[-81.2311465044787,41.5674377951279],[-81.2311573899142,41.5673964238928],[-81.2311597068464,41.5673542886207],[-81.231153400584,41.5673123842153],[-81.2311386200474,41.5672717001277],[-81.23113350721,41.5672583388969],[-81.2311306837015,41.567244599546],[-81.2311301947938,41.5672307023779]]]},"properties":{"source_county":"Geauga","jurisdiction":"Munson Township","parcel_id":"21-176118","owner_name":"ZULLO SHEILA S & CLAUDIO","property_address":"11389 WOODIEBROOK RD","property_city":"CHARDON","property_zip":"44024"}},{"type":"Feature","geometry":{"type":"Polygon","coordinates":[[[-81.2307388454586,41.5684929627091],[-81.2307809832702,41.567638318428],[-81.2308345757429,41.5676368515223],[-81.2308873052464,41.5676295098918],[-81.2309380361817,41.5676164516481],[-81.2309856759934,41.5675979580175],[-81.2310291986996,41.5675744272841],[-81.2310676669885,41.5675463662121],[-81.2311002524046,41.5675143791314],[-81.2325082969704,41.5682064325627],[-81.2324947827931,41.5684806860086],[-81.2317639322217,41.5684857987459],[-81.2310330815362,41.5684909068838],[-81.2307388454586,41.5684929627091]]]},"properties":{"source_county":"Geauga","jurisdiction":"Munson Township","parcel_id":"21-176119","owner_name":"MAYSUN INVESTMENTS LLC","property_address":"11379 WOODIEBROOK RD","property_city":"CHARDON","property_zip":"44024"}},{"type":"Feature","geometry":{"type":"Polygon","coordinates":[[[-81.2293600018777,41.5681476296497],[-81.230499416381,41.5675259507565],[-81.2305350665406,41.5675573437682],[-81.230576580543,41.567584368313],[-81.2306230200849,41.5676064135754],[-81.2306733355318,41.5676229812826],[-81.2307263896416,41.5676336969665],[-81.2307809832702,41.567638318428],[-81.2307388454586,41.5684929627091],[-81.2303022307193,41.5684960113226],[-81.2293468339376,41.5685026759787],[-81.2293465785007,41.5685026776861],[-81.2292477202655,41.5685033671974],[-81.2287909569351,41.5685065507416],[-81.2287927763822,41.568457106708],[-81.2293572036072,41.5681491559794],[-81.2293600018777,41.5681476296497]]]},"properties":{"source_county":"Geauga","jurisdiction":"Munson Township","parcel_id":"21-176120","owner_name":"FABE GUY C & DONNA MARIE","property_address":"11380 WOODIEBROOK RD","property_city":"CHARDON","property_zip":"44024"}},{"type":"Feature","geometry":{"type":"Polygon","coordinates":[[[-81.229379357576,41.5674120747538],[-81.2293854214803,41.5672474737388],[-81.2304511642691,41.5672700845978],[-81.2304370564255,41.5673070010349],[-81.2304299490266,41.5673450350522],[-81.2304299812791,41.5673834417751],[-81.2304371525639,41.5674214690283],[-81.230451322447,41.5674583720671],[-81.2304722134296,41.5674934281626],[-81.230499416381,41.5675259507565],[-81.2293600018777,41.5681476296497],[-81.2293572036072,41.5681491559794],[-81.2287927763822,41.568457106708],[-81.2288310583381,41.5674169357165],[-81.229379357576,41.5674120747538]]]},"properties":{"source_county":"Geauga","jurisdiction":"Munson Township","parcel_id":"21-176121","owner_name":"O REILLY JILLIAN & PETROSEWITZ KIMBERLY TRUSTEES","property_address":"11390 WOODIEBROOK RD","property_city":"CHARDON","property_zip":"44024"}},{"type":"Feature","geometry":{"type":"Polygon","coordinates":[[[-81.2293972256847,41.5669270362224],[-81.2294136675691,41.5664807040282],[-81.2309456595233,41.5665233115875],[-81.2309229398531,41.5669841443103],[-81.2309200198985,41.5670022772483],[-81.2309131369428,41.5670197955939],[-81.2309024815288,41.5670362143733],[-81.2308883486362,41.5670510790526],[-81.2308711295149,41.5670639781207],[-81.2308513008545,41.5670745544824],[-81.2308294115872,41.5670825153433],[-81.2308060676917,41.567087640316],[-81.2307819154167,41.5670897875216],[-81.2307280712059,41.567094197584],[-81.2306756863883,41.5671045361749],[-81.2306259117586,41.5671205761756],[-81.2305798407726,41.5671419652176],[-81.2305384855269,41.567168233424],[-81.2305027545251,41.5671988037315],[-81.23047343272,41.5672330045663],[-81.2304511642691,41.5672700845978],[-81.2293854214803,41.5672474737388],[-81.2293972256847,41.5669270362224]]]},"properties":{"source_county":"Geauga","jurisdiction":"Munson Township","parcel_id":"21-176122","owner_name":"BUCCI FRANK J JR & SUSAN M","property_address":"11400 WOODIEBROOK RD","property_city":"CHARDON","property_zip":"44024"}},{"type":"Feature","geometry":{"type":"Polygon","coordinates":[[[-81.2294360328584,41.565873589027],[-81.2294398429351,41.5657701453524],[-81.2309806767209,41.5658129997675],[-81.2309456595233,41.5665233115875],[-81.2294136675691,41.5664807040282],[-81.2294154355757,41.5664327100862],[-81.2294360328584,41.565873589027]]]},"properties":{"source_county":"Geauga","jurisdiction":"Munson Township","parcel_id":"21-176123","owner_name":"DAVIS DANIEL J TOD & MICHELLE TOD","property_address":"11410 WOODIEBROOK RD","property_city":"CHARDON","property_zip":"44024"}},{"type":"Feature","geometry":{"type":"Polygon","coordinates":[[[-81.2294472192883,41.5655698901457],[-81.2294668540262,41.5650368726526],[-81.231016812952,41.5650799806142],[-81.2309806767209,41.5658129997675],[-81.2294398429351,41.5657701453524],[-81.2294472192883,41.5655698901457]]]},"properties":{"source_county":"Geauga","jurisdiction":"Munson Township","parcel_id":"21-176124","owner_name":"O BRIEN THOMAS A & ERIN","property_address":"11420 WOODIEBROOK RD","property_city":"CHARDON","property_zip":"44024"}},{"type":"Feature","geometry":{"type":"Polygon","coordinates":[[[-81.231016812952,41.5650799806142],[-81.2294668540262,41.5650368726526],[-81.228815538463,41.5650437119142],[-81.2288312136403,41.5646180977158],[-81.2294835901362,41.5645824317739],[-81.2310453034932,41.5644970373884],[-81.231016812952,41.5650799806142]]]},"properties":{"source_county":"Geauga","jurisdiction":"Munson Township","parcel_id":"21-176125","owner_name":"POKORNY TIMOTHY A & CYNTHIA E","property_address":"11430 WOODIEBROOK RD","property_city":"CHARDON","property_zip":"44024"}},{"type":"Feature","geometry":{"type":"Polygon","coordinates":[[[-81.2299216789715,41.5638464888269],[-81.2305508700525,41.5637748444631],[-81.2306323793117,41.5638213102784],[-81.2307080448537,41.5638730515486],[-81.2307772633888,41.5639296557443],[-81.2308394830243,41.5639906715636],[-81.2308942076654,41.5640556125293],[-81.2309410009704,41.5641239608681],[-81.2309794898307,41.5641951716378],[-81.2310093673456,41.5642686770723],[-81.2310303952708,41.5643438911083],[-81.2310424059179,41.5644202140575],[-81.2310453034932,41.5644970373884],[-81.2294835901362,41.5645824317739],[-81.2288312136403,41.5646180977158],[-81.2288527093515,41.5640227963457],[-81.2295069435905,41.5639482899415],[-81.2298390193561,41.5639104705153],[-81.2299216789715,41.5638464888269]]]},"properties":{"source_county":"Geauga","jurisdiction":"Munson Township","parcel_id":"21-176126","owner_name":"CUVALO STIPE & LIDIJA","property_address":"11440 WOODIEBROOK RD","property_city":"CHARDON","property_zip":"44024"}},{"type":"Feature","geometry":{"type":"Polygon","coordinates":[[[-81.2288551699826,41.5639679211888],[-81.2288978845529,41.5624611729006],[-81.2295387721175,41.5630840236036],[-81.2298040629804,41.5633418435206],[-81.2298563702871,41.5633887785844],[-81.2299133255536,41.5634325557608],[-81.2299745919104,41.5634729161171],[-81.2300398069868,41.5635096209299],[-81.2305508700525,41.5637748444631],[-81.2299216789715,41.5638464888269],[-81.229508962336,41.56389348198],[-81.2288551699826,41.5639679211888]]]},"properties":{"source_county":"Geauga","jurisdiction":"Munson Township","parcel_id":"21-176127","owner_name":"O REILLY JILLIAN","property_address":"11460 WOODIEBROOK RD","property_city":"CHARDON","property_zip":"44024"}},{"type":"Feature","geometry":{"type":"Polygon","coordinates":[[[-81.2460352160054,41.5565085977646],[-81.247108086856,41.5565139649804],[-81.2471132026293,41.5567892418637],[-81.2471198530331,41.5571471292383],[-81.2459850405151,41.5571167232512],[-81.2432286452212,41.5570428234308],[-81.2432426125003,41.5568443396217],[-81.2432672158281,41.5564947044851],[-81.2452022325549,41.5565044231084],[-81.2460352160054,41.5565085977646]]]},"properties":{"source_county":"Geauga","jurisdiction":"Munson Township","parcel_id":"21-176352","owner_name":"CUKELJ RICHARD & CHRISTINA","property_address":"11560 AUBURN RD","property_city":"CHARDON","property_zip":"44024"}},{"type":"Feature","geometry":{"type":"Polygon","coordinates":[[[-81.2339151685833,41.5561978076221],[-81.2352443042261,41.5554223280409],[-81.2352667176326,41.5554440021426],[-81.2339365681443,41.5562200733514],[-81.2339151685833,41.5561978076221]]]},"properties":{"source_county":"Geauga","jurisdiction":"Munson Township","parcel_id":"21-176481","owner_name":"FLUHR SUSAN E & WILLIAM J","property_address":" BASSWOOD RD","property_city":"CHARDON","property_zip":"44024"}},{"type":"Feature","geometry":{"type":"Polygon","coordinates":[[[-81.234046881843,41.55297629959],[-81.2340757942677,41.5526680541359],[-81.2344402439757,41.5526873422352],[-81.2344106661111,41.5530026935102],[-81.234207561065,41.5529879569962],[-81.234046881843,41.55297629959]]]},"properties":{"source_county":"Geauga","jurisdiction":"Munson Township","parcel_id":"21-176483","owner_name":"ENGDAHL JONATHAN R & JANICE E TRUSTEES","property_address":" BROOKSIDE RD","property_city":"CHARDON","property_zip":"44024"}},{"type":"Feature","geometry":{"type":"Polygon","coordinates":[[[-81.2349140920795,41.5531699441803],[-81.2351732515772,41.5527222884361],[-81.2353804283107,41.5527249136499],[-81.2354422945435,41.5527292790352],[-81.2355031052525,41.5527388770412],[-81.2355620786734,41.5527535842788],[-81.23561845666,41.552773211676],[-81.2350805788291,41.5532494618586],[-81.2349524142091,41.5531882473744],[-81.2349140920795,41.5531699441803]]]},"properties":{"source_county":"Geauga","jurisdiction":"Munson Township","parcel_id":"21-176484","owner_name":"ENGDAHL JONATHAN R & JANICE E TRUSTEES","property_address":" BROOKSIDE RD","property_city":"CHARDON","property_zip":"44024"}},{"type":"Feature","geometry":{"type":"Polygon","coordinates":[[[-81.2347537718152,41.5530933705391],[-81.2347901147419,41.5527058579737],[-81.234981548468,41.5527158452807],[-81.2351732515772,41.5527222884361],[-81.2349140920795,41.5531699441803],[-81.2347537718152,41.5530933705391]]]},"properties":{"source_county":"Geauga","jurisdiction":"Munson Township","parcel_id":"21-176485","owner_name":"ENGDAHL JONATHAN R & JANICE E TRUSTEES","property_address":" BROOKSIDE RD","property_city":"CHARDON","property_zip":"44024"}},{"type":"Feature","geometry":{"type":"Polygon","coordinates":[[[-81.2345523890858,41.5530806822161],[-81.234207561065,41.5529879569962],[-81.2344106661111,41.5530026935102],[-81.2345913720262,41.5530158032719],[-81.2347537718152,41.5530933705391],[-81.2349140920795,41.5531699441803],[-81.2349524142091,41.5531882473744],[-81.2345523890858,41.5530806822161]]]},"properties":{"source_county":"Geauga","jurisdiction":"Munson Township","parcel_id":"21-176486","owner_name":"ENGDAHL JONATHAN R & JANICE E TRUSTEES","property_address":" BROOKSIDE RD","property_city":"CHARDON","property_zip":"44024"}},{"type":"Feature","geometry":{"type":"Polygon","coordinates":[[[-81.2293468339376,41.5685026759787],[-81.2303022307193,41.5684960113226],[-81.2302247638795,41.5700684052917],[-81.2302056919036,41.5700685380387],[-81.2300196876019,41.5700698358604],[-81.2295798267115,41.5700729031028],[-81.2291899285593,41.5700756203519],[-81.2292477202655,41.5685033671974],[-81.2293465785007,41.5685026776861],[-81.2293468339376,41.5685026759787]]]},"properties":{"source_county":"Geauga","jurisdiction":"Munson Township","parcel_id":"21-176546","owner_name":"MCCASKEY JAMES J TOD & RONDA L TOD","property_address":"11443 THWING RD","property_city":"CHARDON","property_zip":"44024"}},{"type":"Feature","geometry":{"type":"Polygon","coordinates":[[[-81.2317639322217,41.5684857987459],[-81.2324947827931,41.5684806860086],[-81.232417367341,41.5700530850357],[-81.2316864992349,41.5700581963828],[-81.2317639322217,41.5684857987459]]]},"properties":{"source_county":"Geauga","jurisdiction":"Munson Township","parcel_id":"21-176547","owner_name":"JERNEJCIC JOEL C & MCCAFFREY CAROL A","property_address":"11385 THWING RD","property_city":"CHARDON","property_zip":"44024"}},{"type":"Feature","geometry":{"type":"Polygon","coordinates":[[[-81.2277955681913,41.5674261091121],[-81.2288310583381,41.5674169357165],[-81.2287927763822,41.568457106708],[-81.2287909569351,41.5685065507416],[-81.2285034231053,41.568508624746],[-81.2277525555604,41.5685137803285],[-81.2277598520829,41.5683292740588],[-81.2277630738433,41.5682478032272],[-81.2277663003193,41.5681662126798],[-81.2277955681913,41.5674261091121]]]},"properties":{"source_county":"Geauga","jurisdiction":"Munson Township","parcel_id":"21-176549","owner_name":"PETERSEN LORRETTA","property_address":"11490 WINCHESTER DR","property_city":"CHARDON","property_zip":"44024"}},{"type":"Feature","geometry":{"type":"Polygon","coordinates":[[[-81.2287909569351,41.5685065507416],[-81.2292477202655,41.5685033671974],[-81.2291899285593,41.5700756203519],[-81.2284393020312,41.5700808462398],[-81.2285034231053,41.568508624746],[-81.2287909569351,41.5685065507416]]]},"properties":{"source_county":"Geauga","jurisdiction":"Munson Township","parcel_id":"21-176551","owner_name":"WALTON MARK H L TRUSTEE","property_address":"11477 THWING RD","property_city":"CHARDON","property_zip":"44024"}},{"type":"Feature","geometry":{"type":"Polygon","coordinates":[[[-81.2310330815362,41.5684909068838],[-81.2317639322217,41.5684857987459],[-81.2316864992349,41.5700581963828],[-81.2309556310148,41.5700633031304],[-81.2310330815362,41.5684909068838]]]},"properties":{"source_county":"Geauga","jurisdiction":"Munson Township","parcel_id":"21-176552","owner_name":"CHRISTANI JOHN B & VALERIE J","property_address":"11405 THWING RD","property_city":"CHARDON","property_zip":"44024"}},{"type":"Feature","geometry":{"type":"Polygon","coordinates":[[[-81.2307388454586,41.5684929627091],[-81.2310330815362,41.5684909068838],[-81.2309556310148,41.5700633031304],[-81.2302247638795,41.5700684052917],[-81.2303022307193,41.5684960113226],[-81.2307388454586,41.5684929627091]]]},"properties":{"source_county":"Geauga","jurisdiction":"Munson Township","parcel_id":"21-176555","owner_name":"FERRIS TIMOTHY PAUL TOD & PAMELA FILBY TOD","property_address":"11419 THWING RD","property_city":"CHARDON","property_zip":"44024"}},{"type":"Feature","geometry":{"type":"Polygon","coordinates":[[[-81.2303425133061,41.5534225854659],[-81.2305676530629,41.553169882275],[-81.2307543908496,41.5533783992939],[-81.2305770626386,41.553552930476],[-81.230494932668,41.5535135877643],[-81.2304166243897,41.5534700698675],[-81.2303425133061,41.5534225854659]]]},"properties":{"source_county":"Geauga","jurisdiction":"Munson Township","parcel_id":"21-176556","owner_name":"MAYO DEBRA F TOD","property_address":"11678 OVERLOOK RD","property_city":"CHARDON","property_zip":"44024"}},{"type":"Feature","geometry":{"type":"Polygon","coordinates":[[[-81.2307543908496,41.5533783992939],[-81.2309573029433,41.5532737908612],[-81.2309819120968,41.5533534223575],[-81.230999967119,41.5534340384449],[-81.2310113998827,41.5535153350419],[-81.2310161672389,41.5535970054992],[-81.2310142511803,41.553678741756],[-81.230922718268,41.5536624906887],[-81.2308328358396,41.55364168105],[-81.2307450057777,41.5536164058843],[-81.230659620787,41.5535867782025],[-81.2305770626386,41.553552930476],[-81.2307543908496,41.5533783992939]]]},"properties":{"source_county":"Geauga","jurisdiction":"Munson Township","parcel_id":"21-176557","owner_name":"MAYO DEBRA F TOD","property_address":" OVERLOOK RD","property_city":"CHARDON","property_zip":"44024"}},{"type":"Feature","geometry":{"type":"Polygon","coordinates":[[[-81.2305676530629,41.553169882275],[-81.2308262876877,41.5530147604404],[-81.230877921662,41.5530987518569],[-81.2309216638648,41.5531852345985],[-81.2309573029433,41.5532737908612],[-81.2307543908496,41.5533783992939],[-81.2305676530629,41.553169882275]]]},"properties":{"source_county":"Geauga","jurisdiction":"Munson Township","parcel_id":"21-176558","owner_name":"MAYO DEBRA F TOD","property_address":" BASSWOOD RD","property_city":"CHARDON","property_zip":"44024"}},{"type":"Feature","geometry":{"type":"Polygon","coordinates":[[[-81.2413464863954,41.5539050763932],[-81.241835851941,41.5529433078086],[-81.2418354826732,41.5537969883797],[-81.2416430742081,41.5538527768799],[-81.2413464863954,41.5539050763932]]]},"properties":{"source_county":"Geauga","jurisdiction":"Munson Township","parcel_id":"21-176559","owner_name":"SKEDEL MATT & JESSICA","property_address":" AUBURN RD","property_city":"CHARDON","property_zip":"44024"}},{"type":"Feature","geometry":{"type":"Polygon","coordinates":[[[-81.2277525555604,41.5685137803285],[-81.2285034231053,41.568508624746],[-81.2284393020312,41.5700808462398],[-81.2276904059228,41.5700860556194],[-81.2277308367913,41.5690630001988],[-81.2277525555604,41.5685137803285]]]},"properties":{"source_county":"Geauga","jurisdiction":"Munson Township","parcel_id":"21-176591","owner_name":"SAN FILIPPO CHARLES P & ROBIN M","property_address":"11489 THWING RD","property_city":"CHARDON","property_zip":"44024"}},{"type":"Feature","geometry":{"type":"Polygon","coordinates":[[[-81.2298265791798,41.5572113145081],[-81.2298549220885,41.556708569083],[-81.2299332240887,41.5567183284946],[-81.2300094632089,41.5567349149322],[-81.2300825882417,41.5567580996976],[-81.2301515909145,41.5567875631126],[-81.2302155197918,41.5568228989263],[-81.2302734933928,41.5568636199173],[-81.2303247123459,41.5569091646103],[-81.2303684704103,41.5569589050181],[-81.2304041642148,41.5570121552998],[-81.2304329814345,41.5570690645832],[-81.2304580701546,41.5571269615671],[-81.2298278208259,41.5572111488932],[-81.2298265791798,41.5572113145081]]]},"properties":{"source_county":"Geauga","jurisdiction":"Munson Township","parcel_id":"21-176603","owner_name":"FIGLER CHARLES G TOD","property_address":" ORCHARD RD","property_city":"CHARDON","property_zip":"44024"}},{"type":"Feature","geometry":{"type":"Polygon","coordinates":[[[-81.2295651234605,41.5623684548285],[-81.2295655314693,41.5623573715307],[-81.2303333604237,41.5623690477616],[-81.2307127789999,41.5623748159157],[-81.2310482385066,41.5623799142308],[-81.2319002202693,41.5623928590196],[-81.2320045260391,41.5623944438496],[-81.2298659061194,41.5631328863642],[-81.2295483152308,41.5628248799299],[-81.2290825370475,41.5623731521008],[-81.2295651234605,41.5623684548285]]]},"properties":{"source_county":"Geauga","jurisdiction":"Munson Township","parcel_id":"21-176610","owner_name":"DIFRANCO DOMINIC J & JO ELLEN","property_address":"11465 WOODIEBROOK RD","property_city":"CHARDON","property_zip":"44024"}},{"type":"Feature","geometry":{"type":"Polygon","coordinates":[[[-81.2298659061194,41.5631328863642],[-81.2320045260391,41.5623944438496],[-81.2328671482875,41.5624075427602],[-81.2328556149497,41.5626416456162],[-81.2304040981317,41.5634985240478],[-81.2301644447342,41.5633741515696],[-81.2300961630154,41.5633346840342],[-81.2300336206541,41.5632901732148],[-81.2299774750122,41.5632410869585],[-81.2298659061194,41.5631328863642]]]},"properties":{"source_county":"Geauga","jurisdiction":"Munson Township","parcel_id":"21-176611","owner_name":"PETERS PHILIP D JR & CATHERINE A","property_address":"11455 WOODIEBROOK RD","property_city":"CHARDON","property_zip":"44024"}},{"type":"Feature","geometry":{"type":"Polygon","coordinates":[[[-81.2254021102789,41.5605039552122],[-81.2253971049496,41.5604696878173],[-81.2264017082948,41.560486401659],[-81.2265524737953,41.5611630974127],[-81.2266427552056,41.5615683017484],[-81.2264629132425,41.5615697359334],[-81.2259129644723,41.5614423360919],[-81.2253630178589,41.5613149327403],[-81.2253254145406,41.5613062209946],[-81.2253652675439,41.5611118324188],[-81.2253998156725,41.5609168719973],[-81.225411190818,41.5608138183408],[-81.2254153692875,41.5607104587721],[-81.2254123396617,41.5606070766046],[-81.2254021102789,41.5605039552122]]]},"properties":{"source_county":"Geauga","jurisdiction":"Munson Township","parcel_id":"21-176652","owner_name":"JMKDNK","property_address":"11430 LINDEN WAY","property_city":"CHARDON","property_zip":"44024"}},{"type":"Feature","geometry":{"type":"Polygon","coordinates":[[[-81.2259950674809,41.5594545341739],[-81.2261088829017,41.5594600830824],[-81.2262222554991,41.5594694397208],[-81.2263349595812,41.5594825854629],[-81.2264017082948,41.560486401659],[-81.2253971049496,41.5604696878173],[-81.2253803892953,41.5603810282386],[-81.2253583406558,41.5602930288056],[-81.2253310043695,41.5602058703859],[-81.2251384086682,41.559648700589],[-81.2251342260583,41.5596302550508],[-81.2251342749071,41.5596115439407],[-81.2251385537921,41.559593110864],[-81.2251469383971,41.559575491348],[-81.2251591851255,41.5595591972838],[-81.2251749381767,41.559544702054],[-81.2251937398837,41.5595324267808],[-81.2252150440099,41.5595227280907],[-81.2252382316175,41.5595158877542],[-81.2252838861256,41.5595069022825],[-81.2254241080284,41.5594844640149],[-81.2255657842028,41.5594679656083],[-81.2257084690061,41.5594574589587],[-81.2258517136237,41.5594529771147],[-81.2259950674809,41.5594545341739]]]},"properties":{"source_county":"Geauga","jurisdiction":"Munson Township","parcel_id":"21-176653","owner_name":"MEZZOPERA CATHI A TRUSTEE","property_address":"11550 GATE POST LN","property_city":"CHARDON","property_zip":"44024"}},{"type":"Feature","geometry":{"type":"Polygon","coordinates":[[[-81.2264017082948,41.560486401659],[-81.2263349595812,41.5594825854629],[-81.2264859560597,41.5595063499698],[-81.2266347689295,41.5595369127566],[-81.2267808561662,41.5595741625045],[-81.2269236856709,41.5596179635383],[-81.2270627372074,41.5596681563209],[-81.2271975042966,41.5597245580338],[-81.2273274960612,41.5597869632434],[-81.2274522390132,41.5598551446486],[-81.2275712787785,41.5599288539086],[-81.2265524737953,41.5611630974127],[-81.2264017082948,41.560486401659]]]},"properties":{"source_county":"Geauga","jurisdiction":"Munson Township","parcel_id":"21-176654","owner_name":"MCNAUGHTON DEBBIE L","property_address":"11520 GATE POST LN","property_city":"CHARDON","property_zip":"44024"}},{"type":"Feature","geometry":{"type":"Polygon","coordinates":[[[-81.2265524737953,41.5611630974127],[-81.2275712787785,41.5599288539086],[-81.2276824063699,41.5600065049161],[-81.2277872022266,41.5600889728137],[-81.2278852968627,41.5601759668577],[-81.2279763444132,41.5602671803458],[-81.2280600238543,41.5603622916988],[-81.2280885246966,41.5603976763144],[-81.2271254239144,41.561564451237],[-81.2270109865686,41.5615653641632],[-81.2266427552056,41.5615683017484],[-81.2265524737953,41.5611630974127]]]},"properties":{"source_county":"Geauga","jurisdiction":"Munson Township","parcel_id":"21-176655","owner_name":"HOFFMANN KRAIG B & EMILY A","property_address":"11500 GATE POST LN","property_city":"CHARDON","property_zip":"44024"}},{"type":"Feature","geometry":{"type":"Polygon","coordinates":[[[-81.2271254239144,41.561564451237],[-81.2280885246966,41.5603976763144],[-81.2281131133541,41.5604240143377],[-81.2281428652883,41.5604471533352],[-81.2281770538453,41.5604665281618],[-81.2282148440088,41.5604816656079],[-81.2282553127953,41.5604921959568],[-81.2282974717966,41.5604978620157],[-81.228340291322,41.5604985253966],[-81.2283827255474,41.5604941698973],[-81.2284237380597,41.5604849018964],[-81.228872712725,41.5613531762352],[-81.2285267365156,41.5615532588532],[-81.22810713182,41.5615566119487],[-81.2275590586228,41.561560989793],[-81.2271254239144,41.561564451237]]]},"properties":{"source_county":"Geauga","jurisdiction":"Munson Township","parcel_id":"21-176656","owner_name":"SIELOFF RONALD F TOD & GLORIA M TOD","property_address":"11490 GATE POST LN","property_city":"CHARDON","property_zip":"44024"}},{"type":"Feature","geometry":{"type":"Polygon","coordinates":[[[-81.2295886103033,41.5618247747732],[-81.2290186303988,41.5612687891086],[-81.228872712725,41.5613531762352],[-81.2284237380597,41.5604849018964],[-81.2284638916859,41.5604702586317],[-81.2285003477025,41.5604509137468],[-81.2285321389568,41.5604273804498],[-81.2285584220522,41.5604002830644],[-81.2285784997225,41.5603703404663],[-81.2285918393299,41.560338347012],[-81.2285980869943,41.5603051514646],[-81.2285970769806,41.5602716344762],[-81.2285888360948,41.5602386852258],[-81.2295770689277,41.5600355594332],[-81.2295613705777,41.5603526466448],[-81.2295430724172,41.560722232023],[-81.2296440264345,41.5608207086705],[-81.2296477117934,41.5608243032362],[-81.2296438959354,41.5608265100181],[-81.2296437504345,41.5608265939731],[-81.2291404221736,41.5611176831801],[-81.2296036852468,41.5615695744413],[-81.2296060515966,41.5615718812791],[-81.2298585607525,41.5618181890988],[-81.2296851499422,41.561918943703],[-81.2295917850131,41.5618278720829],[-81.2295886103033,41.5618247747732]]]},"properties":{"source_county":"Geauga","jurisdiction":"Munson Township","parcel_id":"21-176657","owner_name":"SANDERS STEVEN J TRUSTEE","property_address":"11460 GATE POST LN","property_city":"CHARDON","property_zip":"44024"}},{"type":"Feature","geometry":{"type":"Polygon","coordinates":[[[-81.2282213455165,41.5601023475649],[-81.2281973547288,41.5601079256859],[-81.2281724466977,41.5601103367436],[-81.2281473568217,41.5601095095524],[-81.2281228258683,41.560105468535],[-81.2280995781028,41.5600983330004],[-81.2280782999045,41.5600883136221],[-81.2280596195012,41.5600757062175],[-81.227988386835,41.5600116716254],[-81.2279564032022,41.5599843199438],[-81.2291787580729,41.5590699871719],[-81.2296176992085,41.559214883035],[-81.2296068208246,41.5594346131226],[-81.2295867255602,41.5598405066405],[-81.2295770689277,41.5600355594332],[-81.2285888360948,41.5602386852258],[-81.228572904231,41.5602060763665],[-81.2285498987427,41.5601759439653],[-81.2285204747903,41.5601491461339],[-81.2284854703165,41.5601264460209],[-81.2284458821827,41.5601084900797],[-81.2284028377807,41.5600957896585],[-81.2283575629273,41.5600887064389],[-81.228311346956,41.5600874421363],[-81.2282655060009,41.5600920327554],[-81.2282213455165,41.5601023475649]]]},"properties":{"source_county":"Geauga","jurisdiction":"Munson Township","parcel_id":"21-176658","owner_name":"KAHL SHAWN K TRUSTEE & DUFFY KAHL SUSAN T TRUSTEE","property_address":"11487 GATE POST LN","property_city":"CHARDON","property_zip":"44024"}},{"type":"Feature","geometry":{"type":"Polygon","coordinates":[[[-81.2279767723867,41.5587576946338],[-81.2280482882683,41.5586968050984],[-81.2291787580729,41.5590699871719],[-81.2279564032022,41.5599843199438],[-81.2278569691494,41.5599051059565],[-81.2277522168131,41.5598298580904],[-81.2276424262527,41.5597587775112],[-81.2275278909936,41.5596920542428],[-81.2274089172424,41.5596298666602],[-81.2273918677849,41.559618351811],[-81.2273774258193,41.5596049759036],[-81.2273659467774,41.5595900681347],[-81.2273577131695,41.5595739954014],[-81.2273529276313,41.5595571532716],[-81.2273517079376,41.5595399562488],[-81.2273540841036,41.5595228275702],[-81.2273599976465,41.5595061887911],[-81.2273693030252,41.559490449409],[-81.2276008934793,41.5591693366807],[-81.2276839663974,41.5590610203923],[-81.2277744725267,41.5589561179746],[-81.2278721637813,41.5588549169346],[-81.2279767723867,41.5587576946338]]]},"properties":{"source_county":"Geauga","jurisdiction":"Munson Township","parcel_id":"21-176659","owner_name":"HUGHES LAWRENCE MICHAEL & KELLY JEAN TRUSTEES","property_address":"11490 BOXWOOD CIR","property_city":"CHARDON","property_zip":"44024"}},{"type":"Feature","geometry":{"type":"Polygon","coordinates":[[[-81.2281765538231,41.55866209857],[-81.2282240296172,41.558663970619],[-81.2282712217465,41.5586596515646],[-81.2283167098951,41.558649271395],[-81.228359125032,41.5586331425165],[-81.2283971906155,41.5586117503509],[-81.228429761013,41.5585857387253],[-81.2284558559804,41.5585558904954],[-81.2284746901641,41.5585231039837],[-81.2284856967359,41.5584883659427],[-81.2284885444521,41.558452721857],[-81.2284831476204,41.5584172444785],[-81.2297943859919,41.5578616491539],[-81.2297907182502,41.5579357340591],[-81.2297766003809,41.5582209198968],[-81.2297763954807,41.5582220270632],[-81.2297019232828,41.5586242704729],[-81.2296268700767,41.559029657361],[-81.2296176992085,41.559214883035],[-81.2291787580729,41.5590699871719],[-81.2280482882683,41.5586968050984],[-81.2280655639581,41.5586847138793],[-81.2280852065218,41.5586748700252],[-81.228106703235,41.5586675304871],[-81.2281294929756,41.5586628868467],[-81.2281529808704,41.5586610603152],[-81.2281765538231,41.55866209857]]]},"properties":{"source_county":"Geauga","jurisdiction":"Munson Township","parcel_id":"21-176660","owner_name":"CARRICK WILLIAM J & VIRGINIA TRUSTEES","property_address":"11500 BOXWOOD CIR","property_city":"CHARDON","property_zip":"44024"}},{"type":"Feature","geometry":{"type":"Polygon","coordinates":[[[-81.2298262746436,41.557211315679],[-81.2298265791798,41.5572113145081],[-81.2298129995453,41.5574856382433],[-81.2298127827296,41.5574900185743],[-81.2298114327873,41.5575172842627],[-81.229806371764,41.5576195114705],[-81.2298063698147,41.5576195501705],[-81.2297967477735,41.5578139209153],[-81.2297943859919,41.5578616491539],[-81.2284831476204,41.5584172444785],[-81.2284698960386,41.5583834382598],[-81.2284491609471,41.5583518254014],[-81.2284215501741,41.5583233325867],[-81.228387873095,41.5582987950386],[-81.2283491169065,41.5582789320365],[-81.2283064176877,41.5582643258324],[-81.2282610270986,41.5582554045835],[-81.2287953358395,41.5572209503652],[-81.2287962663774,41.5572191478591],[-81.2289772688315,41.5572177724208],[-81.2292622492168,41.5572156058966],[-81.2295472295659,41.5572134395732],[-81.2298240695652,41.557211333879],[-81.2298262746436,41.557211315679]]]},"properties":{"source_county":"Geauga","jurisdiction":"Munson Township","parcel_id":"21-176661","owner_name":"DOUGLAS EDWARD J & COLLEEN M","property_address":"11510 BOXWOOD CIR","property_city":"CHARDON","property_zip":"44024"}},{"type":"Feature","geometry":{"type":"Polygon","coordinates":[[[-81.2279797088428,41.5583522489119],[-81.2260279339009,41.5577895996349],[-81.2260577900753,41.5572464960484],[-81.2260581517117,41.5572399219052],[-81.2263503313799,41.5572377082449],[-81.2264964751794,41.5572365999301],[-81.226642620155,41.5572354923448],[-81.2269349076943,41.557233276596],[-81.2272271952137,41.5572310601115],[-81.2279579151245,41.5572255156943],[-81.2281040588695,41.5572244053561],[-81.2283963463098,41.5572221859285],[-81.228688634929,41.5572199657783],[-81.2287962663774,41.5572191478591],[-81.2287953358395,41.5572209503652],[-81.2282610270986,41.5582554045835],[-81.2282142756362,41.5582524298273],[-81.228167533808,41.5582554888027],[-81.2281221717993,41.5582644918392],[-81.2280795193487,41.5582791750226],[-81.2280408267691,41.5582991079311],[-81.2280072282967,41.5583237062525],[-81.2279797088428,41.5583522489119]]]},"properties":{"source_county":"Geauga","jurisdiction":"Munson Township","parcel_id":"21-176662","owner_name":"WILCOX AMANDA H & JUSTIN C","property_address":"11511 BOXWOOD CIR","property_city":"CHARDON","property_zip":"44024"}},{"type":"Feature","geometry":{"type":"Polygon","coordinates":[[[-81.22594550455,41.5592890261864],[-81.2260279339009,41.5577895996349],[-81.2279797088428,41.5583522489119],[-81.2279596740784,41.5583827479294],[-81.2279465989849,41.5584153085034],[-81.2279408405221,41.5584490417326],[-81.2279425559073,41.5584830267001],[-81.2279434135224,41.5585020605995],[-81.2279398784284,41.5585209193926],[-81.2279320570195,41.5585390354746],[-81.2279201846984,41.5585558635938],[-81.2279046187914,41.5585708972629],[-81.2277916374656,41.5586671300045],[-81.2276852373204,41.5587675056828],[-81.2275856872548,41.558871770653],[-81.2274932388613,41.5589796614409],[-81.2274081257905,41.5590909054088],[-81.2271765346512,41.5594120186611],[-81.227163372794,41.5594271439702],[-81.2271470857968,41.5594404427046],[-81.2271281149255,41.5594515545585],[-81.2271069741618,41.5594601784752],[-81.2270842362776,41.5594660808048],[-81.2270605173167,41.5594691016337],[-81.2270364599037,41.5594691591176],[-81.2270127158331,41.5594662516993],[-81.2269899284101,41.5594604581501],[-81.2268472927499,41.5594175221234],[-81.226701713616,41.5593805775767],[-81.2265536367341,41.5593497376237],[-81.2264035154751,41.5593250966874],[-81.2262518094672,41.559306730211],[-81.2260989831895,41.5592946944274],[-81.22594550455,41.5592890261864]]]},"properties":{"source_county":"Geauga","jurisdiction":"Munson Township","parcel_id":"21-176663","owner_name":"BUZOGANY THOMAS G & JONI A","property_address":"11499 BOXWOOD CIR","property_city":"CHARDON","property_zip":"44024"}},{"type":"Feature","geometry":{"type":"Polygon","coordinates":[[[-81.2250430508548,41.559383755717],[-81.2248346478062,41.5572578892509],[-81.2248337945308,41.5572491892069],[-81.2249982094848,41.5572479457596],[-81.2257657562025,41.5572421360636],[-81.2260581517117,41.5572399219052],[-81.2260577900753,41.5572464960484],[-81.2260279339009,41.5577895996349],[-81.22594550455,41.5592890261864],[-81.2258022117754,41.5592894936344],[-81.2256591418552,41.5592955120673],[-81.2255166757016,41.5593070654615],[-81.2253751926201,41.5593241230568],[-81.2252350692993,41.5593466394387],[-81.2250430508548,41.559383755717]]]},"properties":{"source_county":"Geauga","jurisdiction":"Munson Township","parcel_id":"21-176664","owner_name":"YOUNG KATHLEEN A & WILLIAM JR","property_address":"11555 GATE POST LN","property_city":"CHARDON","property_zip":"44024"}},{"type":"Feature","geometry":{"type":"Polygon","coordinates":[[[-81.2252810859319,41.561532619926],[-81.2253254145406,41.5613062209946],[-81.2253630178589,41.5613149327403],[-81.2253753650843,41.5623315512068],[-81.2253499612234,41.5623300944737],[-81.2253252801047,41.5623253467186],[-81.2253020716463,41.5623174521987],[-81.2252810410199,41.5623066507836],[-81.2252628272247,41.562293270666],[-81.2252479836713,41.562277718391],[-81.2252369613671,41.5622604665026],[-81.2252300952132,41.5622420391856],[-81.2252275938284,41.5622229963392],[-81.2252263798478,41.5621406644414],[-81.2252281196755,41.5619881653222],[-81.2252378293601,41.5618358350579],[-81.2252554938757,41.5616839085125],[-81.2252810859319,41.561532619926]]]},"properties":{"source_county":"Geauga","jurisdiction":"Munson Township","parcel_id":"21-176665","owner_name":"BURLINGTON GROUP INC","property_address":" GATE POST LN","property_city":"CHARDON","property_zip":"44024"}},{"type":"Feature","geometry":{"type":"Polygon","coordinates":[[[-81.2368806337339,41.5632833316514],[-81.2369231249206,41.5624640381262],[-81.2369503903779,41.5624644859942],[-81.2397826663053,41.5625109949357],[-81.2396463835882,41.565140897227],[-81.2373622263709,41.5651557304058],[-81.2367833278671,41.5651594828351],[-81.2368806337339,41.5632833316514]]]},"properties":{"source_county":"Geauga","jurisdiction":"Munson Township","parcel_id":"21-176684","owner_name":"LLGC LLC","property_address":" AUBURN RD","property_city":"CHARDON","property_zip":"44024"}},{"type":"Feature","geometry":{"type":"Polygon","coordinates":[[[-81.2289003292542,41.5623749252864],[-81.2295794176869,41.5619803738429],[-81.2295655314693,41.5623573715307],[-81.2295651234605,41.5623684548285],[-81.2290825370475,41.5623731521008],[-81.2289003292542,41.5623749252864]]]},"properties":{"source_county":"Geauga","jurisdiction":"Munson Township","parcel_id":"21-176687","owner_name":"HEIDEN LARRY & LARRY M","property_address":" WILSON MILLS RD","property_city":"CHARDON","property_zip":"44024"}},{"type":"Feature","geometry":{"type":"Polygon","coordinates":[[[-81.2418368204552,41.5498200820396],[-81.2434307109349,41.5498046031343],[-81.2434312234896,41.55010486215],[-81.2434314318002,41.5502272442131],[-81.2418367049487,41.5502427312827],[-81.2418368204552,41.5498200820396]]]},"properties":{"source_county":"Geauga","jurisdiction":"Munson Township","parcel_id":"21-176729","owner_name":"BILOOCHENKO DENYS & KANTIMIROVA ALEKSANDRA","property_address":" AUBURN RD","property_city":"CHARDON","property_zip":"44024"}},{"type":"Feature","geometry":{"type":"Polygon","coordinates":[[[-81.2428577926651,41.5623124159298],[-81.2428606858689,41.5622713065511],[-81.243876626469,41.5623156807695],[-81.2438737339008,41.562356790173],[-81.2428577926651,41.5623124159298]]]},"properties":{"source_county":"Geauga","jurisdiction":"Munson Township","parcel_id":"21-176743","owner_name":"SALEY RONALD E","property_address":" AUBURN RD","property_city":"CHARDON","property_zip":"44024"}},{"type":"Feature","geometry":{"type":"Polygon","coordinates":[[[-81.2473224536064,41.5595274620914],[-81.248567284419,41.5595133116585],[-81.2485506139828,41.5611862542468],[-81.248527927712,41.5634629064391],[-81.2484616038701,41.5634168978966],[-81.2481600988234,41.5634134830114],[-81.2473314585548,41.56279509623],[-81.2473310267418,41.562657875873],[-81.2473224536064,41.5595274620914]]]},"properties":{"source_county":"Geauga","jurisdiction":"Munson Township","parcel_id":"21-176759","owner_name":"LLGC LLC","property_address":" AUBURN RD","property_city":"CHARDON","property_zip":"44024"}},{"type":"Feature","geometry":{"type":"Polygon","coordinates":[[[-81.229508962336,41.56389348198],[-81.2299216789715,41.5638464888269],[-81.2298390193561,41.5639104705153],[-81.2295069435905,41.5639482899415],[-81.2288527093515,41.5640227963457],[-81.2288551699826,41.5639679211888],[-81.229508962336,41.56389348198]]]},"properties":{"source_county":"Geauga","jurisdiction":"Munson Township","parcel_id":"21-176828","owner_name":"O REILLY JILLIAN","property_address":" WOODIEBROOK RD","property_city":"CHARDON","property_zip":"44024"}},{"type":"Feature","geometry":{"type":"Polygon","coordinates":[[[-81.2296684847575,41.5603425381202],[-81.2296715800636,41.5603422460064],[-81.2296477117934,41.5608243032362],[-81.2296440264345,41.5608207086705],[-81.2295430724172,41.560722232023],[-81.2295613705777,41.5603526466448],[-81.2296683694578,41.5603425485652],[-81.2296684847575,41.5603425381202]]]},"properties":{"source_county":"Geauga","jurisdiction":"Munson Township","parcel_id":"21-176961","owner_name":"ELLIOTT CHRISTOPHER M & MELANIE J TRUSTEES","property_address":" ORCHARD RD","property_city":"CHARDON","property_zip":"44024"}},{"type":"Feature","geometry":{"type":"Polygon","coordinates":[[[-81.2299669389488,41.553076888322],[-81.2302289033459,41.5528190577495],[-81.2304085641434,41.552992236389],[-81.2301425716586,41.5532540322972],[-81.2299667049185,41.5530845075513],[-81.2299666672459,41.5530844720198],[-81.2299629120623,41.5530808523736],[-81.22996689981,41.5530769284162],[-81.2299669389488,41.553076888322]]]},"properties":{"source_county":"Geauga","jurisdiction":"Munson Township","parcel_id":"21-177244","owner_name":"DI MEOLO GREGORY L & KAREN M","property_address":"11692 OVERLOOK RD","property_city":"CHARDON","property_zip":"44024"}},{"type":"Feature","geometry":{"type":"Polygon","coordinates":[[[-81.2281173018241,41.5623910532037],[-81.2288835729989,41.5623846607795],[-81.2278534815366,41.5629812400569],[-81.2274886072167,41.5631925533142],[-81.2270326010445,41.5634566411113],[-81.2265661357714,41.563726781706],[-81.2261018845912,41.5639956363202],[-81.2253892472713,41.5632957441895],[-81.2253765584749,41.5624962158383],[-81.2253752518786,41.5624138892382],[-81.2259247175297,41.5624093180816],[-81.226473069063,41.5624047546187],[-81.227021147126,41.5624001900715],[-81.2275692239139,41.5623956229245],[-81.2281173018241,41.5623910532037]]]},"properties":{"source_county":"Geauga","jurisdiction":"Munson Township","parcel_id":"21-702900","owner_name":"ST LUKES PROTESTANT EPISCOPAL CHURCH OF","property_address":"11519 WILSON MILLS RD","property_city":"CHARDON","property_zip":"44024"}},{"type":"Feature","geometry":{"type":"Polygon","coordinates":[[[-81.2353697105827,41.5526423521508],[-81.2352452162848,41.5526409986857],[-81.2352360055422,41.552640898344],[-81.2350929658428,41.5526377269545],[-81.2349500825262,41.5526317867491],[-81.2347978171681,41.5526237285792],[-81.2328260016659,41.5525193634639],[-81.2327526491968,41.5525180612374],[-81.2321365495372,41.5521633644848],[-81.2316260928272,41.5521389576146],[-81.2309333297205,41.5521058309184],[-81.2307673285504,41.5519420711634],[-81.230601327029,41.551778310249],[-81.23043532632,41.551614549989],[-81.230352326876,41.5515326697734],[-81.2302801811211,41.5514614971256],[-81.2302693264584,41.5514507885827],[-81.2300581771501,41.5513358198652],[-81.2300212577252,41.5513157167645],[-81.2300212007727,41.5513156864252],[-81.2300201070563,41.5513150909397],[-81.2300232775143,41.5512483214643],[-81.2300234436329,41.5512448230556],[-81.2300233866979,41.5512447918159],[-81.2298432057666,41.5511456661847],[-81.2294107115833,41.5509077304177],[-81.2298044010196,41.5505018545975],[-81.2300506889957,41.5502479392486],[-81.2300518241101,41.5502467693148],[-81.2301531200435,41.550142335649],[-81.2307891611347,41.5509914768515],[-81.2315592830078,41.5512370661881],[-81.2323334388213,41.5514839352636],[-81.2323963097937,41.5515039841935],[-81.235777522297,41.5520009267341],[-81.2368695453072,41.5521614000895],[-81.2373815548004,41.5515952530731],[-81.2375828296,41.5517018654342],[-81.2377791314607,41.5518135879022],[-81.2379702305524,41.551930289687],[-81.2381559031321,41.552051834168],[-81.2383359318059,41.5521780790552],[-81.2385101057833,41.5523088765549],[-81.2386782211244,41.5524440735426],[-81.2388400809783,41.5525835117426],[-81.238995495814,41.552727027913],[-81.2404595675994,41.5541515499095],[-81.2412756039067,41.5549455064195],[-81.2412881516917,41.5549599257637],[-81.2412975419346,41.5549756420288],[-81.2413035434049,41.5549922682129],[-81.2413060083183,41.5550093949082],[-81.241304875975,41.5550266003816],[-81.2413001742556,41.5550434609599],[-81.2412920189341,41.5550595614624],[-81.2412806108276,41.5550745054244],[-81.2412662308517,41.5550879248602],[-81.2412492331028,41.5550994893241],[-81.2413162159275,41.5551646601778],[-81.2409131983681,41.5553970000899],[-81.2404850813463,41.5556438073976],[-81.2402522271908,41.5557783153657],[-81.2401799926517,41.5558202986758],[-81.2391631730866,41.5547602324655],[-81.238949637009,41.5545376085517],[-81.2386827177327,41.5542593291969],[-81.2385949657499,41.5541715535694],[-81.2385026749138,41.5540864450132],[-81.2383836445469,41.5539860144433],[-81.2382582977163,41.5538900179705],[-81.2381269268217,41.5537986795078],[-81.2379898383101,41.5537122121025],[-81.2378473519608,41.5536308174392],[-81.23770075335,41.5535551526571],[-81.2375494909614,41.5534848581996],[-81.2373939131737,41.5534200959583],[-81.2372343783007,41.5533610150833],[-81.237133442026,41.5533272337647],[-81.2370737502607,41.5533085142391],[-81.2369583083815,41.5532748730352],[-81.2362442192117,41.5530768107179],[-81.2362197138366,41.5530395798918],[-81.2361889143535,41.5530050875571],[-81.2361523537912,41.5529739306418],[-81.2361106648774,41.5529466483504],[-81.2357611016297,41.5527447101981],[-81.2357032184012,41.5527148270223],[-81.2356414228657,41.5526897510134],[-81.2355764197879,41.5526697681564],[-81.2355089505112,41.55265510635],[-81.2354397845037,41.5526459328076],[-81.2353697105827,41.5526423521508]]]},"properties":{"source_county":"Geauga","jurisdiction":"Munson Township","parcel_id":"21-703244","owner_name":"GEAUGA COUNTY PARK DISTRICT","property_address":" WILSON MILLS RD","property_city":"CHARDON","property_zip":"44024"}},{"type":"Feature","geometry":{"type":"Polygon","coordinates":[[[-81.2402522271908,41.5557783153657],[-81.2404850813463,41.5556438073976],[-81.2411216979056,41.5565461173907],[-81.2412480244954,41.5567280105184],[-81.2411339106335,41.556793901386],[-81.2402522271908,41.5557783153657]]]},"properties":{"source_county":"Geauga","jurisdiction":"Munson Township","parcel_id":"21-703245","owner_name":"GEAUGA COUNTY PARK DISTRICT","property_address":" WILSON MILLS RD","property_city":"CHARDON","property_zip":"44024"}},{"type":"Feature","geometry":{"type":"MultiPolygon","coordinates":[[[[-81.2310527212396,41.5532240423115],[-81.2310334807584,41.553176873011],[-81.2311075192303,41.5532239042649],[-81.2311859115031,41.5532667700847],[-81.2312682431371,41.5533052438456],[-81.2313540788633,41.5533391221425],[-81.2314429648849,41.5533682258654],[-81.2313806549813,41.5533833287586],[-81.2313209657106,41.553403540045],[-81.23126463667,41.5534286092919],[-81.2312123658228,41.5534582258721],[-81.2311648008512,41.5534920228133],[-81.2311225311304,41.5535295813447],[-81.2311137644768,41.5534522034493],[-81.2310991728864,41.5533753232331],[-81.2310788033004,41.5532991879135],[-81.2310527212396,41.5532240423115]]],[[[-81.2329536150829,41.5543181809485],[-81.2329318665858,41.5542962164733],[-81.2330199008556,41.5543280668511],[-81.2331112147766,41.5543541929251],[-81.2332051500649,41.554374406351],[-81.233301029537,41.5543885614091],[-81.2333981619919,41.5543965560546],[-81.2335462272663,41.5544036120713],[-81.2334772837843,41.5544266646149],[-81.2334117784328,41.5544548113192],[-81.2333503761954,41.5544877664522],[-81.2332937004058,41.5545251954686],[-81.2332423264197,41.5545667184057],[-81.233196775774,41.5546119137405],[-81.2331575108928,41.5546603226682],[-81.2331330124748,41.5545870506524],[-81.2331000912862,41.5545156650045],[-81.2330589987656,41.5544467108799],[-81.233010048751,41.5543807148636],[-81.2329536150829,41.5543181809485]]],[[[-81.2299369656575,41.556586975997],[-81.229941840628,41.5566122283691],[-81.2299505833172,41.5566368853544],[-81.2299075293814,41.5566307903574],[-81.2298640900809,41.5566265074102],[-81.2299369656575,41.556586975997]]],[[[-81.2278940676077,41.5565015293389],[-81.2279255192425,41.5565163682937],[-81.2280396061337,41.5565652679382],[-81.2281580970552,41.5566078507805],[-81.2282803731167,41.5566438944036],[-81.2278319174167,41.5566469715723],[-81.2278551755515,41.5566211498536],[-81.2278733300239,41.5565931140648],[-81.2278860147884,41.5565634294967],[-81.2278929740874,41.5565326946846],[-81.2278940676077,41.5565015293389]]]]},"properties":{"source_county":"Geauga","jurisdiction":"Munson Township","parcel_id":"21-703252","owner_name":"MUNSON TOWNSHIP BOARD OF TRUSTEES","property_address":" BASSWOOD RD","property_city":"CHARDON","property_zip":"44024"}}]}